Date,Qobs
2000-01-01,0.4609671336925197
2000-01-02,0.4495145340976745
2000-01-03,0.44665138419896316
2000-01-04,0.4437882343002519
2000-01-05,0.4409250844015406
2000-01-06,0.43806193450282926
2000-01-07,0.435198784604118
2000-01-08,0.43233563470540665
2000-01-09,0.42947248480669536
2000-01-10,0.4266093349079841
2000-01-11,0.4237461850092728
2000-01-12,0.42088303511056147
2000-01-13,0.4180198852118502
2000-01-14,0.41515673531313885
2000-01-15,0.4122935854144275
2000-01-16,0.4094304355157163
2000-01-17,0.40656728561700495
2000-01-18,0.40370413571829367
2000-01-19,0.397977835920871
2000-01-20,0.39225153612344854
2000-01-21,0.38652523632602587
2000-01-22,0.38366208642731453
2000-01-23,0.37793578662989197
2000-01-24,0.37220948683246935
2000-01-25,0.36648318703504673
2000-01-26,0.3607568872376241
2000-01-27,0.3550305874402015
2000-01-28,0.3521674375414902
2000-01-29,0.34644113774406765
2000-01-30,0.34071483794664503
2000-01-31,0.33498853814922236
2000-02-01,0.3321253882505111
2000-02-02,0.32926223835179974
2000-02-03,0.3235359385543771
2000-02-04,0.32067278865566595
2000-02-05,0.3178096387569546
2000-02-06,0.3178096387569546
2000-02-07,0.3149464888582433
2000-02-08,0.312083338959532
2000-02-09,0.30922018906082066
2000-02-10,0.30922018906082066
2000-02-11,0.3063570391621094
2000-02-12,0.30349388926339804
2000-02-13,0.30349388926339804
2000-02-14,0.30063073936468676
2000-02-15,0.2977675894659755
2000-02-16,0.2949044395672642
2000-02-17,0.2949044395672642
2000-02-18,0.29204128966855286
2000-02-19,0.28631498987113024
2000-02-20,0.2834518399724189
2000-02-21,0.27772554017499634
2000-02-22,0.27486239027628506
2000-02-23,0.26913609047886244
2000-02-24,0.2662729405801511
2000-02-25,0.26054664078272854
2000-02-26,0.2576834908840172
2000-02-27,0.2519571910865946
2000-02-28,0.24909404118788334
2000-02-29,0.24623089128917203
2000-03-01,0.24336774139046072
2000-03-02,0.23764144159303813
2000-03-03,0.23477829169432682
2000-03-04,0.2319151417956155
2000-03-05,0.2290519918969042
2000-03-06,0.23477829169432682
2000-03-07,0.2405045914917494
2000-03-08,0.24623089128917203
2000-03-09,0.2519571910865946
2000-03-10,0.2576834908840172
2000-03-11,0.26054664078272854
2000-03-12,0.2662729405801511
2000-03-13,0.2719992403775737
2000-03-14,0.27772554017499634
2000-03-15,0.2834518399724189
2000-03-16,0.2891781397698415
2000-03-17,0.30063073936468676
2000-03-18,0.312083338959532
2000-03-19,0.3235359385543771
2000-03-20,0.33498853814922236
2000-03-21,0.34644113774406765
2000-03-22,0.35789373733891283
2000-03-23,0.37220948683246935
2000-03-24,0.38366208642731453
2000-03-25,0.3951146860221597
2000-03-26,0.40656728561700495
2000-03-27,0.4180198852118502
2000-03-28,0.42947248480669536
2000-03-29,0.43233563470540665
2000-03-30,0.43806193450282926
2000-03-31,0.4409250844015406
2000-04-01,0.4437882343002519
2000-04-02,0.44665138419896316
2000-04-03,0.4523776839963858
2000-04-04,0.4552408338950971
2000-04-05,0.4581039837938084
2000-04-06,0.48673548278092144
2000-04-07,0.4581039837938084
2000-04-08,0.48673548278092144
2000-04-09,0.5153669817680344
2000-04-10,0.48673548278092144
2000-04-11,0.48673548278092144
2000-04-12,0.48673548278092144
2000-04-13,0.6413455773113319
2000-04-14,0.6069877785267961
2000-04-15,0.5726299797422605
2000-04-16,0.6069877785267961
2000-04-17,0.5439984807551475
2000-04-18,0.5153669817680344
2000-04-19,0.5153669817680344
2000-04-20,0.5153669817680344
2000-04-21,0.5726299797422605
2000-04-22,0.5439984807551475
2000-04-23,0.5153669817680344
2000-04-24,0.5153669817680344
2000-04-25,0.5153669817680344
2000-04-26,0.5153669817680344
2000-04-27,0.5153669817680344
2000-04-28,0.5153669817680344
2000-04-29,0.5726299797422605
2000-04-30,0.5726299797422605
2000-05-01,0.5726299797422605
2000-05-02,0.6728402261971561
2000-05-03,0.7701873227533405
2000-05-04,0.870397569208236
2000-05-05,0.9677446657644202
2000-05-06,1.0708180621180272
2000-05-07,1.0192813639412237
2000-05-08,1.4487538487479188
2000-05-09,2.6570031060040886
2000-05-10,3.178096387569546
2000-05-11,4.695565833886535
2000-05-12,3.178096387569546
2000-05-13,2.5310245104607914
2000-05-14,3.034938892633981
2000-05-15,3.3212538825051108
2000-05-16,3.3212538825051108
2000-05-17,3.8938838622473715
2000-05-18,4.695565833886535
2000-05-19,3.6075688723762416
2000-05-20,3.8938838622473715
2000-05-21,4.695565833886535
2000-05-22,4.06567285617005
2000-05-23,3.034938892633981
2000-05-24,2.204625422007703
2000-05-25,2.204625422007703
2000-05-26,2.1044151755528073
2000-05-27,2.0042049290979116
2000-05-28,2.304835668462599
2000-05-29,2.405045914917494
2000-05-30,2.0042049290979116
2000-05-31,1.903994682643016
2000-06-01,1.826689635377811
2000-06-02,1.903994682643016
2000-06-03,1.903994682643016
2000-06-04,1.826689635377811
2000-06-05,1.6720795408474007
2000-06-06,2.1044151755528073
2000-06-07,2.5310245104607914
2000-06-08,2.9204128966855283
2000-06-09,2.6570031060040886
2000-06-10,2.5310245104607914
2000-06-11,2.204625422007703
2000-06-12,2.0042049290979116
2000-06-13,2.304835668462599
2000-06-14,4.06567285617005
2000-06-15,4.380619345028293
2000-06-16,4.208830351105615
2000-06-17,4.06567285617005
2000-06-18,3.464411377440676
2000-06-19,3.750726367311806
2000-06-20,5.95535178931951
2000-06-21,4.523776839963858
2000-06-22,3.750726367311806
2000-06-23,3.178096387569546
2000-06-24,3.3212538825051108
2000-06-25,3.6075688723762416
2000-06-26,4.380619345028293
2000-06-27,4.523776839963858
2000-06-28,5.21093281565457
2000-06-29,4.523776839963858
2000-06-30,3.8938838622473715
2000-07-01,3.464411377440676
2000-07-02,3.3212538825051108
2000-07-03,3.178096387569546
2000-07-04,3.464411377440676
2000-07-05,3.8938838622473715
2000-07-06,4.380619345028293
2000-07-07,4.523776839963858
2000-07-08,4.867354827809215
2000-07-09,4.867354827809215
2000-07-10,5.0391438217318925
2000-07-11,6.127140783242187
2000-07-12,5.95535178931951
2000-07-13,5.754931296409718
2000-07-14,5.5831423024870395
2000-07-15,5.382721809577249
2000-07-16,6.527981769061769
2000-07-17,4.380619345028293
2000-07-18,3.8938838622473715
2000-07-19,3.6075688723762416
2000-07-20,3.178096387569546
2000-07-21,3.464411377440676
2000-07-22,3.464411377440676
2000-07-23,4.06567285617005
2000-07-24,4.06567285617005
2000-07-25,3.464411377440676
2000-07-26,4.06567285617005
2000-07-27,3.8938838622473715
2000-07-28,3.8938838622473715
2000-07-29,4.867354827809215
2000-07-30,5.754931296409718
2000-07-31,5.95535178931951
2000-08-01,4.867354827809215
2000-08-02,4.523776839963858
2000-08-03,5.5831423024870395
2000-08-04,4.06567285617005
2000-08-05,4.06567285617005
2000-08-06,4.380619345028293
2000-08-07,4.695565833886535
2000-08-08,4.867354827809215
2000-08-09,4.380619345028293
2000-08-10,4.523776839963858
2000-08-11,3.8938838622473715
2000-08-12,4.380619345028293
2000-08-13,4.06567285617005
2000-08-14,4.06567285617005
2000-08-15,4.06567285617005
2000-08-16,3.8938838622473715
2000-08-17,3.6075688723762416
2000-08-18,3.178096387569546
2000-08-19,3.034938892633981
2000-08-20,3.178096387569546
2000-08-21,2.9204128966855283
2000-08-22,3.178096387569546
2000-08-23,3.750726367311806
2000-08-24,3.464411377440676
2000-08-25,4.208830351105615
2000-08-26,3.3212538825051108
2000-08-27,3.6075688723762416
2000-08-28,3.8938838622473715
2000-08-29,3.8938838622473715
2000-08-30,3.8938838622473715
2000-08-31,3.8938838622473715
2000-09-01,3.178096387569546
2000-09-02,2.9204128966855283
2000-09-03,2.405045914917494
2000-09-04,2.204625422007703
2000-09-05,2.0042049290979116
2000-09-06,2.6570031060040886
2000-09-07,2.5310245104607914
2000-09-08,2.405045914917494
2000-09-09,2.9204128966855283
2000-09-10,2.304835668462599
2000-09-11,2.304835668462599
2000-09-12,2.204625422007703
2000-09-13,2.204625422007703
2000-09-14,2.204625422007703
2000-09-15,2.204625422007703
2000-09-16,2.204625422007703
2000-09-17,2.204625422007703
2000-09-18,2.204625422007703
2000-09-19,2.204625422007703
2000-09-20,2.304835668462599
2000-09-21,2.304835668462599
2000-09-22,2.1044151755528073
2000-09-23,2.0042049290979116
2000-09-24,2.0042049290979116
2000-09-25,1.903994682643016
2000-09-26,1.903994682643016
2000-09-27,1.826689635377811
2000-09-28,1.826689635377811
2000-09-29,1.6720795408474007
2000-09-30,1.5947744935821955
2000-10-01,1.4487538487479188
2000-10-02,1.3800382511788478
2000-10-03,1.5174694463169904
2000-10-04,1.3113226536097764
2000-10-05,1.4487538487479188
2000-10-06,1.3800382511788478
2000-10-07,1.3113226536097764
2000-10-08,1.2426070560407052
2000-10-09,1.0708180621180272
2000-10-10,1.0192813639412237
2000-10-11,1.0192813639412237
2000-10-12,1.0192813639412237
2000-10-13,1.1223547602948307
2000-10-14,1.1223547602948307
2000-10-15,1.1223547602948307
2000-10-16,1.1738914584716338
2000-10-17,1.1223547602948307
2000-10-18,1.1738914584716338
2000-10-19,1.1738914584716338
2000-10-20,1.1223547602948307
2000-10-21,1.1223547602948307
2000-10-22,1.1223547602948307
2000-10-23,1.0708180621180272
2000-10-24,1.0192813639412237
2000-10-25,1.0192813639412237
2000-10-26,1.0192813639412237
2000-10-27,1.0192813639412237
2000-10-28,1.0708180621180272
2000-10-29,1.0708180621180272
2000-10-30,1.0192813639412237
2000-10-31,1.0192813639412237
2000-11-01,1.0192813639412237
2000-11-02,1.0192813639412237
2000-11-03,1.0192813639412237
2000-11-04,1.0192813639412237
2000-11-05,1.0192813639412237
2000-11-06,1.0192813639412237
2000-11-07,1.0192813639412237
2000-11-08,1.0192813639412237
2000-11-09,1.0192813639412237
2000-11-10,0.9677446657644202
2000-11-11,0.9677446657644202
2000-11-12,0.9677446657644202
2000-11-13,0.9677446657644202
2000-11-14,0.9677446657644202
2000-11-15,0.9677446657644202
2000-11-16,0.9677446657644202
2000-11-17,0.9677446657644202
2000-11-18,0.9677446657644202
2000-11-19,0.9677446657644202
2000-11-20,0.9677446657644202
2000-11-21,0.9677446657644202
2000-11-22,0.9677446657644202
2000-11-23,0.9677446657644202
2000-11-24,0.9677446657644202
2000-11-25,0.9677446657644202
2000-11-26,0.9677446657644202
2000-11-27,0.9677446657644202
2000-11-28,0.9162079675876168
2000-11-29,0.8933027683979263
2000-11-30,0.870397569208236
2000-12-01,0.8474923700185456
2000-12-02,0.824587170828855
2000-12-03,0.804545121537876
2000-12-04,0.7816399223481856
2000-12-05,0.7587347231584952
2000-12-06,0.7358295239688047
2000-12-07,0.7129243247791144
2000-12-08,0.6900191255894239
2000-12-09,0.6814296758932901
2000-12-10,0.6728402261971561
2000-12-11,0.6642507765010222
2000-12-12,0.6556613268048882
2000-12-13,0.6470718771087542
2000-12-14,0.6384824274126205
2000-12-15,0.6298929777164866
2000-12-16,0.624166677919064
2000-12-17,0.61557722822293
2000-12-18,0.6098509284255075
2000-12-19,0.6012614787293735
2000-12-20,0.595535178931951
2000-12-21,0.5869457292358169
2000-12-22,0.5812194294383943
2000-12-23,0.5754931296409718
2000-12-24,0.5669036799448378
2000-12-25,0.5611773801474154
2000-12-26,0.5525879304512813
2000-12-27,0.5468616306538588
2000-12-28,0.5439984807551475
2000-12-29,0.5439984807551475
2000-12-30,0.5411353308564362
2000-12-31,0.5411353308564362
2001-01-01,0.5382721809577249
2001-01-02,0.5354090310590136
2001-01-03,0.5354090310590136
2001-01-04,0.5325458811603022
2001-01-05,0.5268195813628797
2001-01-06,0.5239564314641684
2001-01-07,0.5182301316667457
2001-01-08,0.5153669817680344
2001-01-09,0.5096406819706119
2001-01-10,0.5039143821731892
2001-01-11,0.5010512322744779
2001-01-12,0.49532493247705534
2001-01-13,0.49246178257834405
2001-01-14,0.48673548278092144
2001-01-15,0.4810091829834988
2001-01-16,0.4781460330847875
2001-01-17,0.4724197332873649
2001-01-18,0.4666934334899423
2001-01-19,0.463830283591231
2001-01-20,0.4581039837938084
2001-01-21,0.4552408338950971
2001-01-22,0.4495145340976745
2001-01-23,0.4437882343002519
2001-01-24,0.4409250844015406
2001-01-25,0.435198784604118
2001-01-26,0.43233563470540665
2001-01-27,0.4266093349079841
2001-01-28,0.42088303511056147
2001-01-29,0.4180198852118502
2001-01-30,0.4122935854144275
2001-01-31,0.4094304355157163
2001-02-01,0.40370413571829367
2001-02-02,0.397977835920871
2001-02-03,0.3951146860221597
2001-02-04,0.3893883862247372
2001-02-05,0.38652523632602587
2001-02-06,0.3807989365286032
2001-02-07,0.37793578662989197
2001-02-08,0.37507263673118063
2001-02-09,0.37220948683246935
2001-02-10,0.369346336933758
2001-02-11,0.36648318703504673
2001-02-12,0.3636200371363354
2001-02-13,0.3607568872376241
2001-02-14,0.35789373733891283
2001-02-15,0.3550305874402015
2001-02-16,0.3521674375414902
2001-02-17,0.3493042876427789
2001-02-18,0.3435779878453563
2001-02-19,0.34071483794664503
2001-02-20,0.3378516880479337
2001-02-21,0.33498853814922236
2001-02-22,0.32926223835179974
2001-02-23,0.32639908845308846
2001-02-24,0.3235359385543771
2001-02-25,0.32067278865566595
2001-02-26,0.3149464888582433
2001-02-27,0.312083338959532
2001-02-28,0.30922018906082066
2001-03-01,0.312083338959532
2001-03-02,0.3149464888582433
2001-03-03,0.3178096387569546
2001-03-04,0.3178096387569546
2001-03-05,0.32067278865566595
2001-03-06,0.3235359385543771
2001-03-07,0.32639908845308846
2001-03-08,0.32926223835179974
2001-03-09,0.33498853814922236
2001-03-10,0.3378516880479337
2001-03-11,0.34071483794664503
2001-03-12,0.34644113774406765
2001-03-13,0.3493042876427789
2001-03-14,0.3521674375414902
2001-03-15,0.35789373733891283
2001-03-16,0.3607568872376241
2001-03-17,0.3636200371363354
2001-03-18,0.369346336933758
2001-03-19,0.37220948683246935
2001-03-20,0.37793578662989197
2001-03-21,0.3807989365286032
2001-03-22,0.38366208642731453
2001-03-23,0.3893883862247372
2001-03-24,0.39225153612344854
2001-03-25,0.3951146860221597
2001-03-26,0.4008409858195823
2001-03-27,0.40370413571829367
2001-03-28,0.40656728561700495
2001-03-29,0.4122935854144275
2001-03-30,0.41515673531313885
2001-03-31,0.41515673531313885
2001-04-01,0.4581039837938084
2001-04-02,0.4581039837938084
2001-04-03,0.4581039837938084
2001-04-04,0.41515673531313885
2001-04-05,0.41515673531313885
2001-04-06,0.37220948683246935
2001-04-07,0.41515673531313885
2001-04-08,0.41515673531313885
2001-04-09,0.41515673531313885
2001-04-10,0.41515673531313885
2001-04-11,0.41515673531313885
2001-04-12,0.4581039837938084
2001-04-13,0.4581039837938084
2001-04-14,0.5010512322744779
2001-04-15,0.5926720290332396
2001-04-16,0.5926720290332396
2001-04-17,0.5926720290332396
2001-04-18,0.5926720290332396
2001-04-19,0.6098509284255075
2001-04-20,0.624166677919064
2001-04-21,0.6413455773113319
2001-04-22,0.6585244767035995
2001-04-23,0.6728402261971561
2001-04-24,0.6900191255894239
2001-04-25,0.7043348750829804
2001-04-26,0.7215137744752482
2001-04-27,0.738692673867516
2001-04-28,0.7530084233610725
2001-04-29,0.7701873227533405
2001-04-30,0.8074082714365873
2001-05-01,0.8074082714365873
2001-05-02,0.8532186698159682
2001-05-03,0.8074082714365873
2001-05-04,0.8961659182966377
2001-05-05,0.8532186698159682
2001-05-06,0.8532186698159682
2001-05-07,0.9849235651566881
2001-05-08,1.087996961510295
2001-05-09,1.145259959484521
2001-05-10,1.84673168466879
2001-05-11,1.5231957461144128
2001-05-12,1.6606269412525554
2001-05-13,1.7551108879100286
2001-05-14,1.7551108879100286
2001-05-15,1.84673168466879
2001-05-16,2.032836428085025
2001-05-17,2.3592355165381136
2001-05-18,3.0063073936468676
2001-05-19,3.1494648885824326
2001-05-20,2.4737615124865653
2001-05-21,1.4516169986466305
2001-05-22,1.382901401077559
2001-05-23,1.591911343683484
2001-05-24,1.5231957461144128
2001-05-25,1.5231957461144128
2001-05-26,1.4516169986466305
2001-05-27,1.4516169986466305
2001-05-28,1.941215631326263
2001-05-29,2.032836428085025
2001-05-30,2.705676654282181
2001-05-31,2.4737615124865653
2001-06-01,3.1494648885824326
2001-06-02,3.1494648885824326
2001-06-03,3.464411377440676
2001-06-04,3.7793578662989193
2001-06-05,3.1494648885824326
2001-06-06,2.3592355165381136
2001-06-07,2.032836428085025
2001-06-08,2.705676654282181
2001-06-09,2.2418463706909497
2001-06-10,2.032836428085025
2001-06-11,2.2418463706909497
2001-06-12,2.591150658333729
2001-06-13,3.464411377440676
2001-06-14,5.125038318693231
2001-06-15,3.7793578662989193
2001-06-16,3.636200371363354
2001-06-17,3.1494648885824326
2001-06-18,3.1494648885824326
2001-06-19,3.7793578662989193
2001-06-20,4.437882343002519
2001-06-21,4.437882343002519
2001-06-22,4.437882343002519
2001-06-23,4.437882343002519
2001-06-24,3.464411377440676
2001-06-25,2.705676654282181
2001-06-26,2.8574235989138796
2001-06-27,3.0063073936468676
2001-06-28,2.8574235989138796
2001-06-29,3.7793578662989193
2001-06-30,3.951146860221597
2001-07-01,4.266093349079841
2001-07-02,4.781460330847875
2001-07-03,4.953249324770553
2001-07-04,4.266093349079841
2001-07-05,3.464411377440676
2001-07-06,3.3212538825051108
2001-07-07,3.1494648885824326
2001-07-08,2.8574235989138796
2001-07-09,3.3212538825051108
2001-07-10,3.7793578662989193
2001-07-11,4.266093349079841
2001-07-12,4.266093349079841
2001-07-13,4.0943043551571625
2001-07-14,3.7793578662989193
2001-07-15,3.464411377440676
2001-07-16,3.0063073936468676
2001-07-17,3.3212538825051108
2001-07-18,3.636200371363354
2001-07-19,3.7793578662989193
2001-07-20,4.266093349079841
2001-07-21,5.125038318693231
2001-07-22,4.266093349079841
2001-07-23,4.266093349079841
2001-07-24,5.497247805525701
2001-07-25,4.609671336925198
2001-07-26,4.0943043551571625
2001-07-27,3.7793578662989193
2001-07-28,3.951146860221597
2001-07-29,4.437882343002519
2001-07-30,4.781460330847875
2001-07-31,4.0943043551571625
2001-08-01,3.1494648885824326
2001-08-02,3.1494648885824326
2001-08-03,3.3212538825051108
2001-08-04,3.1494648885824326
2001-08-05,3.464411377440676
2001-08-06,3.951146860221597
2001-08-07,4.266093349079841
2001-08-08,4.266093349079841
2001-08-09,4.266093349079841
2001-08-10,4.437882343002519
2001-08-11,4.437882343002519
2001-08-12,4.953249324770553
2001-08-13,5.2968273126159096
2001-08-14,5.2968273126159096
2001-08-15,5.2968273126159096
2001-08-16,6.2416667791906395
2001-08-17,4.609671336925198
2001-08-18,4.781460330847875
2001-08-19,4.437882343002519
2001-08-20,4.437882343002519
2001-08-21,4.953249324770553
2001-08-22,4.437882343002519
2001-08-23,4.953249324770553
2001-08-24,3.7793578662989193
2001-08-25,3.3212538825051108
2001-08-26,3.636200371363354
2001-08-27,3.0063073936468676
2001-08-28,3.3212538825051108
2001-08-29,3.3212538825051108
2001-08-30,2.8574235989138796
2001-08-31,2.8574235989138796
2001-09-01,2.2418463706909497
2001-09-02,2.1273203747424976
2001-09-03,2.591150658333729
2001-09-04,2.705676654282181
2001-09-05,2.591150658333729
2001-09-06,2.4737615124865653
2001-09-07,2.3592355165381136
2001-09-08,2.2418463706909497
2001-09-09,2.1273203747424976
2001-09-10,2.1273203747424976
2001-09-11,2.1273203747424976
2001-09-12,2.032836428085025
2001-09-13,1.941215631326263
2001-09-14,1.84673168466879
2001-09-15,1.84673168466879
2001-09-16,1.6606269412525554
2001-09-17,1.5231957461144128
2001-09-18,1.314185803508488
2001-09-19,1.2569228055342618
2001-09-20,1.314185803508488
2001-09-21,1.2569228055342618
2001-09-22,1.199659807560036
2001-09-23,1.199659807560036
2001-09-24,1.199659807560036
2001-09-25,1.2569228055342618
2001-09-26,1.2569228055342618
2001-09-27,1.199659807560036
2001-09-28,1.199659807560036
2001-09-29,1.145259959484521
2001-09-30,1.145259959484521
2001-10-01,1.145259959484521
2001-10-02,1.145259959484521
2001-10-03,1.145259959484521
2001-10-04,1.087996961510295
2001-10-05,1.145259959484521
2001-10-06,1.145259959484521
2001-10-07,1.145259959484521
2001-10-08,1.087996961510295
2001-10-09,1.087996961510295
2001-10-10,1.145259959484521
2001-10-11,1.199659807560036
2001-10-12,1.145259959484521
2001-10-13,1.087996961510295
2001-10-14,1.087996961510295
2001-10-15,1.087996961510295
2001-10-16,1.0307339635360688
2001-10-17,0.9849235651566881
2001-10-18,1.0307339635360688
2001-10-19,1.0307339635360688
2001-10-20,1.087996961510295
2001-10-21,1.087996961510295
2001-10-22,1.087996961510295
2001-10-23,1.0307339635360688
2001-10-24,1.0307339635360688
2001-10-25,1.0307339635360688
2001-10-26,1.0307339635360688
2001-10-27,0.9849235651566881
2001-10-28,0.9849235651566881
2001-10-29,0.9849235651566881
2001-10-30,0.9849235651566881
2001-10-31,0.9419763166760184
2001-11-01,0.8961659182966377
2001-11-02,0.8961659182966377
2001-11-03,0.8961659182966377
2001-11-04,0.8961659182966377
2001-11-05,0.8532186698159682
2001-11-06,0.8961659182966377
2001-11-07,0.8532186698159682
2001-11-08,0.8532186698159682
2001-11-09,0.8532186698159682
2001-11-10,0.8532186698159682
2001-11-11,0.8961659182966377
2001-11-12,0.8532186698159682
2001-11-13,0.8074082714365873
2001-11-14,0.8074082714365873
2001-11-15,0.8532186698159682
2001-11-16,0.8074082714365873
2001-11-17,0.8074082714365873
2001-11-18,0.8074082714365873
2001-11-19,0.8074082714365873
2001-11-20,0.7701873227533405
2001-11-21,0.8074082714365873
2001-11-22,0.7701873227533405
2001-11-23,0.7329663740700935
2001-11-24,0.7329663740700935
2001-11-25,0.7701873227533405
2001-11-26,0.7329663740700935
2001-11-27,0.7329663740700935
2001-11-28,0.6957454253868465
2001-11-29,0.6957454253868465
2001-11-30,0.7329663740700935
2001-12-01,0.6957454253868465
2001-12-02,0.6957454253868465
2001-12-03,0.6928822754881353
2001-12-04,0.6900191255894239
2001-12-05,0.6842928257920012
2001-12-06,0.6814296758932901
2001-12-07,0.6814296758932901
2001-12-08,0.6814296758932901
2001-12-09,0.6785665259945787
2001-12-10,0.6785665259945787
2001-12-11,0.6785665259945787
2001-12-12,0.6785665259945787
2001-12-13,0.6757033760958674
2001-12-14,0.6757033760958674
2001-12-15,0.6757033760958674
2001-12-16,0.6728402261971561
2001-12-17,0.6728402261971561
2001-12-18,0.6728402261971561
2001-12-19,0.6699770762984447
2001-12-20,0.6699770762984447
2001-12-21,0.6671139263997335
2001-12-22,0.6671139263997335
2001-12-23,0.6671139263997335
2001-12-24,0.6642507765010222
2001-12-25,0.6642507765010222
2001-12-26,0.6585244767035995
2001-12-27,0.6556613268048882
2001-12-28,0.6499350270074656
2001-12-29,0.6470718771087542
2001-12-30,0.6413455773113319
2001-12-31,0.6384824274126205
2002-01-01,0.6327561276151978
2002-01-02,0.6298929777164866
2002-01-03,0.624166677919064
2002-01-04,0.6213035280203526
2002-01-05,0.61557722822293
2002-01-06,0.6098509284255075
2002-01-07,0.6041246286280848
2002-01-08,0.595535178931951
2002-01-09,0.5898088791345284
2002-01-10,0.5840825793371057
2002-01-11,0.578356279539683
2002-01-12,0.5697668298435492
2002-01-13,0.5640405300461266
2002-01-14,0.558314230248704
2002-01-15,0.5554510803499927
2002-01-16,0.5525879304512813
2002-01-17,0.5497247805525701
2002-01-18,0.5439984807551475
2002-01-19,0.5411353308564362
2002-01-20,0.5382721809577249
2002-01-21,0.5354090310590136
2002-01-22,0.5325458811603022
2002-01-23,0.5296827312615909
2002-01-24,0.5239564314641684
2002-01-25,0.5210932815654571
2002-01-26,0.5182301316667457
2002-01-27,0.5153669817680344
2002-01-28,0.5125038318693232
2002-01-29,0.5096406819706119
2002-01-30,0.5096406819706119
2002-01-31,0.5067775320719006
2002-02-01,0.5039143821731892
2002-02-02,0.5010512322744779
2002-02-03,0.49818808237576667
2002-02-04,0.49532493247705534
2002-02-05,0.49532493247705534
2002-02-06,0.49246178257834405
2002-02-07,0.4895986326796327
2002-02-08,0.48673548278092144
2002-02-09,0.4810091829834988
2002-02-10,0.47528288318607625
2002-02-11,0.46955658338865364
2002-02-12,0.4609671336925197
2002-02-13,0.4552408338950971
2002-02-14,0.4495145340976745
2002-02-15,0.4437882343002519
2002-02-16,0.4409250844015406
2002-02-17,0.435198784604118
2002-02-18,0.43233563470540665
2002-02-19,0.4266093349079841
2002-02-20,0.4237461850092728
2002-02-21,0.4180198852118502
2002-02-22,0.41515673531313885
2002-02-23,0.4094304355157163
2002-02-24,0.40656728561700495
2002-02-25,0.4008409858195823
2002-02-26,0.397977835920871
2002-02-27,0.3951146860221597
2002-02-28,0.3951146860221597
2002-03-01,0.39225153612344854
2002-03-02,0.3893883862247372
2002-03-03,0.38652523632602587
2002-03-04,0.38366208642731453
2002-03-05,0.38366208642731453
2002-03-06,0.3807989365286032
2002-03-07,0.37793578662989197
2002-03-08,0.38366208642731453
2002-03-09,0.3893883862247372
2002-03-10,0.3951146860221597
2002-03-11,0.4008409858195823
2002-03-12,0.40656728561700495
2002-03-13,0.4122935854144275
2002-03-14,0.4180198852118502
2002-03-15,0.4237461850092728
2002-03-16,0.42947248480669536
2002-03-17,0.435198784604118
2002-03-18,0.4409250844015406
2002-03-19,0.4437882343002519
2002-03-20,0.4495145340976745
2002-03-21,0.4552408338950971
2002-03-22,0.4609671336925197
2002-03-23,0.4666934334899423
2002-03-24,0.46955658338865364
2002-03-25,0.47528288318607625
2002-03-26,0.4810091829834988
2002-03-27,0.4810091829834988
2002-03-28,0.6098509284255075
2002-03-29,0.4810091829834988
2002-03-30,0.5096406819706119
2002-03-31,0.6442087272100431
2002-04-01,0.4810091829834988
2002-04-02,0.4810091829834988
2002-04-03,0.4810091829834988
2002-04-04,0.4810091829834988
2002-04-05,0.4495145340976745
2002-04-06,0.5726299797422605
2002-04-07,0.5411353308564362
2002-04-08,0.5726299797422605
2002-04-09,0.6442087272100431
2002-04-10,0.7157874746778257
2002-04-11,0.7530084233610725
2002-04-12,0.7530084233610725
2002-04-13,0.7530084233610725
2002-04-14,0.6098509284255075
2002-04-15,0.6442087272100431
2002-04-16,0.7157874746778257
2002-04-17,0.8303134706262777
2002-04-18,0.7530084233610725
2002-04-19,0.7530084233610725
2002-04-20,0.6814296758932901
2002-04-21,0.7873662221456081
2002-04-22,0.8303134706262777
2002-04-23,0.7873662221456081
2002-04-24,1.0908601114090062
2002-04-25,1.0450497130296255
2002-04-26,0.9133448176889055
2002-04-27,0.870397569208236
2002-04-28,0.9133448176889055
2002-04-29,0.956292066169575
2002-04-30,0.956292066169575
2002-05-01,0.9362500168785959
2002-05-02,0.9162079675876168
2002-05-03,0.8961659182966377
2002-05-04,0.9849235651566881
2002-05-05,0.9419763166760184
2002-05-06,0.9849235651566881
2002-05-07,0.9419763166760184
2002-05-08,1.087996961510295
2002-05-09,1.314185803508488
2002-05-10,1.4516169986466305
2002-05-11,1.5231957461144128
2002-05-12,1.5231957461144128
2002-05-13,1.941215631326263
2002-05-14,3.636200371363354
2002-05-15,2.8574235989138796
2002-05-16,2.032836428085025
2002-05-17,1.941215631326263
2002-05-18,1.7551108879100286
2002-05-19,1.7551108879100286
2002-05-20,1.6606269412525554
2002-05-21,1.6606269412525554
2002-05-22,1.6606269412525554
2002-05-23,2.032836428085025
2002-05-24,2.2418463706909497
2002-05-25,2.591150658333729
2002-05-26,3.464411377440676
2002-05-27,3.464411377440676
2002-05-28,3.3212538825051108
2002-05-29,3.464411377440676
2002-05-30,3.3212538825051108
2002-05-31,3.464411377440676
2002-06-01,4.609671336925198
2002-06-02,5.2968273126159096
2002-06-03,5.497247805525701
2002-06-04,4.953249324770553
2002-06-05,4.953249324770553
2002-06-06,5.2968273126159096
2002-06-07,5.2968273126159096
2002-06-08,4.437882343002519
2002-06-09,4.437882343002519
2002-06-10,4.437882343002519
2002-06-11,3.7793578662989193
2002-06-12,3.951146860221597
2002-06-13,4.781460330847875
2002-06-14,5.497247805525701
2002-06-15,5.86945729235817
2002-06-16,4.437882343002519
2002-06-17,3.7793578662989193
2002-06-18,2.8574235989138796
2002-06-19,2.705676654282181
2002-06-20,2.705676654282181
2002-06-21,3.7793578662989193
2002-06-22,4.0943043551571625
2002-06-23,4.609671336925198
2002-06-24,3.951146860221597
2002-06-25,4.609671336925198
2002-06-26,4.266093349079841
2002-06-27,4.609671336925198
2002-06-28,4.953249324770553
2002-06-29,4.781460330847875
2002-06-30,4.609671336925198
2002-07-01,4.609671336925198
2002-07-02,4.781460330847875
2002-07-03,4.0943043551571625
2002-07-04,4.0943043551571625
2002-07-05,3.3212538825051108
2002-07-06,3.0063073936468676
2002-07-07,2.8574235989138796
2002-07-08,3.0063073936468676
2002-07-09,3.3212538825051108
2002-07-10,3.3212538825051108
2002-07-11,3.3212538825051108
2002-07-12,3.3212538825051108
2002-07-13,3.636200371363354
2002-07-14,3.7793578662989193
2002-07-15,3.7793578662989193
2002-07-16,3.951146860221597
2002-07-17,4.0943043551571625
2002-07-18,4.266093349079841
2002-07-19,4.953249324770553
2002-07-20,4.953249324770553
2002-07-21,4.953249324770553
2002-07-22,4.781460330847875
2002-07-23,3.7793578662989193
2002-07-24,3.951146860221597
2002-07-25,4.781460330847875
2002-07-26,4.953249324770553
2002-07-27,4.953249324770553
2002-07-28,4.437882343002519
2002-07-29,3.951146860221597
2002-07-30,3.7793578662989193
2002-07-31,3.464411377440676
2002-08-01,3.951146860221597
2002-08-02,4.266093349079841
2002-08-03,4.0943043551571625
2002-08-04,4.0943043551571625
2002-08-05,4.437882343002519
2002-08-06,4.609671336925198
2002-08-07,4.781460330847875
2002-08-08,4.953249324770553
2002-08-09,5.86945729235817
2002-08-10,5.125038318693231
2002-08-11,5.125038318693231
2002-08-12,5.2968273126159096
2002-08-13,4.953249324770553
2002-08-14,4.953249324770553
2002-08-15,4.609671336925198
2002-08-16,4.437882343002519
2002-08-17,3.951146860221597
2002-08-18,4.437882343002519
2002-08-19,4.953249324770553
2002-08-20,4.609671336925198
2002-08-21,4.437882343002519
2002-08-22,4.437882343002519
2002-08-23,4.437882343002519
2002-08-24,4.266093349079841
2002-08-25,4.609671336925198
2002-08-26,4.266093349079841
2002-08-27,4.266093349079841
2002-08-28,4.609671336925198
2002-08-29,4.437882343002519
2002-08-30,4.0943043551571625
2002-08-31,4.437882343002519
2002-09-01,3.7793578662989193
2002-09-02,3.0063073936468676
2002-09-03,3.0063073936468676
2002-09-04,2.705676654282181
2002-09-05,2.4737615124865653
2002-09-06,2.3592355165381136
2002-09-07,2.1273203747424976
2002-09-08,2.032836428085025
2002-09-09,2.032836428085025
2002-09-10,2.032836428085025
2002-09-11,1.941215631326263
2002-09-12,1.941215631326263
2002-09-13,1.941215631326263
2002-09-14,1.84673168466879
2002-09-15,1.84673168466879
2002-09-16,1.941215631326263
2002-09-17,1.941215631326263
2002-09-18,1.941215631326263
2002-09-19,1.84673168466879
2002-09-20,1.941215631326263
2002-09-21,1.941215631326263
2002-09-22,1.84673168466879
2002-09-23,1.84673168466879
2002-09-24,1.7551108879100286
2002-09-25,1.7551108879100286
2002-09-26,1.6606269412525554
2002-09-27,1.6606269412525554
2002-09-28,1.591911343683484
2002-09-29,1.5231957461144128
2002-09-30,1.4516169986466305
2002-10-01,1.5231957461144128
2002-10-02,1.382901401077559
2002-10-03,1.199659807560036
2002-10-04,1.199659807560036
2002-10-05,1.145259959484521
2002-10-06,1.145259959484521
2002-10-07,1.145259959484521
2002-10-08,1.199659807560036
2002-10-09,1.199659807560036
2002-10-10,1.199659807560036
2002-10-11,1.145259959484521
2002-10-12,1.087996961510295
2002-10-13,1.087996961510295
2002-10-14,1.087996961510295
2002-10-15,1.087996961510295
2002-10-16,1.087996961510295
2002-10-17,1.0307339635360688
2002-10-18,1.087996961510295
2002-10-19,1.0307339635360688
2002-10-20,1.087996961510295
2002-10-21,0.9419763166760184
2002-10-22,0.9849235651566881
2002-10-23,1.0307339635360688
2002-10-24,0.9419763166760184
2002-10-25,0.9419763166760184
2002-10-26,0.9419763166760184
2002-10-27,0.9419763166760184
2002-10-28,0.9419763166760184
2002-10-29,0.8961659182966377
2002-10-30,0.8961659182966377
2002-10-31,0.8961659182966377
2002-11-01,0.8961659182966377
2002-11-02,0.8532186698159682
2002-11-03,0.8961659182966377
2002-11-04,0.8961659182966377
2002-11-05,0.8961659182966377
2002-11-06,0.8961659182966377
2002-11-07,0.8961659182966377
2002-11-08,0.8961659182966377
2002-11-09,0.8961659182966377
2002-11-10,0.8532186698159682
2002-11-11,0.8961659182966377
2002-11-12,0.8961659182966377
2002-11-13,0.8532186698159682
2002-11-14,0.8532186698159682
2002-11-15,0.8532186698159682
2002-11-16,0.8532186698159682
2002-11-17,0.8532186698159682
2002-11-18,0.8417660702211229
2002-11-19,0.8303134706262777
2002-11-20,0.8188608710314326
2002-11-21,0.8074082714365873
2002-11-22,0.8217240209301439
2002-11-23,0.7816399223481856
2002-11-24,0.7701873227533405
2002-11-25,0.7587347231584952
2002-11-26,0.7472821235636499
2002-11-27,0.738692673867516
2002-11-28,0.7329663740700935
2002-11-29,0.7243769243739594
2002-11-30,0.7157874746778257
2002-12-01,0.710061174880403
2002-12-02,0.7014717251842693
2002-12-03,0.6957454253868465
2002-12-04,0.6871559756907126
2002-12-05,0.6785665259945787
2002-12-06,0.6728402261971561
2002-12-07,0.6642507765010222
2002-12-08,0.6613876266023109
2002-12-09,0.6556613268048882
2002-12-10,0.6527981769061769
2002-12-11,0.6470718771087542
2002-12-12,0.6442087272100431
2002-12-13,0.6384824274126205
2002-12-14,0.6069877785267961
2002-12-15,0.6298929777164866
2002-12-16,0.6270298278177753
2002-12-17,0.624166677919064
2002-12-18,0.624166677919064
2002-12-19,0.6213035280203526
2002-12-20,0.6184403781216413
2002-12-21,0.61557722822293
2002-12-22,0.6127140783242188
2002-12-23,0.6127140783242188
2002-12-24,0.6098509284255075
2002-12-25,0.6069877785267961
2002-12-26,0.6041246286280848
2002-12-27,0.6012614787293735
2002-12-28,0.6012614787293735
2002-12-29,0.5983983288306622
2002-12-30,0.595535178931951
2002-12-31,0.595535178931951
2003-01-01,0.5926720290332396
2003-01-02,0.5926720290332396
2003-01-03,0.5898088791345284
2003-01-04,0.5898088791345284
2003-01-05,0.5869457292358169
2003-01-06,0.5869457292358169
2003-01-07,0.5840825793371057
2003-01-08,0.5840825793371057
2003-01-09,0.5812194294383943
2003-01-10,0.5812194294383943
2003-01-11,0.578356279539683
2003-01-12,0.578356279539683
2003-01-13,0.5754931296409718
2003-01-14,0.5754931296409718
2003-01-15,0.5726299797422605
2003-01-16,0.5697668298435492
2003-01-17,0.5669036799448378
2003-01-18,0.5669036799448378
2003-01-19,0.5640405300461266
2003-01-20,0.5611773801474154
2003-01-21,0.558314230248704
2003-01-22,0.5554510803499927
2003-01-23,0.5525879304512813
2003-01-24,0.5525879304512813
2003-01-25,0.5497247805525701
2003-01-26,0.5468616306538588
2003-01-27,0.5468616306538588
2003-01-28,0.5468616306538588
2003-01-29,0.5468616306538588
2003-01-30,0.5468616306538588
2003-01-31,0.5439984807551475
2003-02-01,0.5439984807551475
2003-02-02,0.5439984807551475
2003-02-03,0.5439984807551475
2003-02-04,0.5439984807551475
2003-02-05,0.5382721809577249
2003-02-06,0.5325458811603022
2003-02-07,0.5268195813628797
2003-02-08,0.5210932815654571
2003-02-09,0.5153669817680344
2003-02-10,0.5096406819706119
2003-02-11,0.5067775320719006
2003-02-12,0.5010512322744779
2003-02-13,0.49532493247705534
2003-02-14,0.4895986326796327
2003-02-15,0.4838723328822101
2003-02-16,0.4781460330847875
2003-02-17,0.4724197332873649
2003-02-18,0.46955658338865364
2003-02-19,0.4666934334899423
2003-02-20,0.4666934334899423
2003-02-21,0.463830283591231
2003-02-22,0.4609671336925197
2003-02-23,0.4581039837938084
2003-02-24,0.4581039837938084
2003-02-25,0.4552408338950971
2003-02-26,0.4523776839963858
2003-02-27,0.4495145340976745
2003-02-28,0.44665138419896316
2003-03-01,0.4437882343002519
2003-03-02,0.4409250844015406
2003-03-03,0.4409250844015406
2003-03-04,0.43806193450282926
2003-03-05,0.435198784604118
2003-03-06,0.43233563470540665
2003-03-07,0.42947248480669536
2003-03-08,0.43233563470540665
2003-03-09,0.435198784604118
2003-03-10,0.4409250844015406
2003-03-11,0.4437882343002519
2003-03-12,0.44665138419896316
2003-03-13,0.4495145340976745
2003-03-14,0.4523776839963858
2003-03-15,0.4552408338950971
2003-03-16,0.4609671336925197
2003-03-17,0.463830283591231
2003-03-18,0.4666934334899423
2003-03-19,0.4666934334899423
2003-03-20,0.4666934334899423
2003-03-21,0.46955658338865364
2003-03-22,0.46955658338865364
2003-03-23,0.46955658338865364
2003-03-24,0.46955658338865364
2003-03-25,0.4724197332873649
2003-03-26,0.4724197332873649
2003-03-27,0.4724197332873649
2003-03-28,0.4724197332873649
2003-03-29,0.46955658338865364
2003-03-30,0.46955658338865364
2003-03-31,0.4666934334899423
2003-04-01,0.4666934334899423
2003-04-02,0.4666934334899423
2003-04-03,0.463830283591231
2003-04-04,0.463830283591231
2003-04-05,0.4609671336925197
2003-04-06,0.4609671336925197
2003-04-07,0.46955658338865364
2003-04-08,0.4810091829834988
2003-04-09,0.4895986326796327
2003-04-10,0.49818808237576667
2003-04-11,0.5067775320719006
2003-04-12,0.5182301316667457
2003-04-13,0.5268195813628797
2003-04-14,0.5296827312615909
2003-04-15,0.5325458811603022
2003-04-16,0.5325458811603022
2003-04-17,0.5354090310590136
2003-04-18,0.5382721809577249
2003-04-19,0.5411353308564362
2003-04-20,0.5439984807551475
2003-04-21,0.5439984807551475
2003-04-22,0.5468616306538588
2003-04-23,0.5497247805525701
2003-04-24,0.6699770762984447
2003-04-25,0.7902293720443194
2003-04-26,0.9104816677901942
2003-04-27,1.0278708136373575
2003-04-28,1.1481231093832323
2003-04-29,1.2683754051291072
2003-04-30,1.3886277008749814
2003-05-01,1.314185803508488
2003-05-02,1.2397439061419941
2003-05-03,1.1681651586742114
2003-05-04,1.0937232613077177
2003-05-05,1.0192813639412237
2003-05-06,0.9448394665747298
2003-05-07,0.7301032241713821
2003-05-08,0.7845030722468971
2003-05-09,1.2540596556355506
2003-05-10,0.9448394665747298
2003-05-11,1.2540596556355506
2003-05-12,1.317048953407199
2003-05-13,1.317048953407199
2003-05-14,1.540374645506681
2003-05-15,1.6176796927718862
2003-05-16,1.6176796927718862
2003-05-17,1.7064373396319363
2003-05-18,1.7951949864919865
2003-05-19,1.7951949864919865
2003-05-20,1.8839526333520369
2003-05-21,2.2676147197793513
2003-05-22,2.7142661039783147
2003-05-23,2.8516972991164575
2003-05-24,2.977675894659755
2003-05-25,2.7142661039783147
2003-05-26,3.2639908845308847
2003-05-27,3.951146860221597
2003-05-28,3.435779878453563
2003-05-29,3.1208333895953198
2003-05-30,2.7142661039783147
2003-05-31,3.1208333895953198
2003-06-01,3.435779878453563
2003-06-02,4.122935854144275
2003-06-03,4.895986326796328
2003-06-04,4.695565833886535
2003-06-05,4.523776839963858
2003-06-06,4.122935854144275
2003-06-07,4.695565833886535
2003-06-08,5.497247805525701
2003-06-09,4.695565833886535
2003-06-10,4.323356347054067
2003-06-11,5.497247805525701
2003-06-12,4.895986326796328
2003-06-13,4.323356347054067
2003-06-14,4.122935854144275
2003-06-15,4.323356347054067
2003-06-16,4.695565833886535
2003-06-17,5.096406819706118
2003-06-18,5.096406819706118
2003-06-19,5.2968273126159096
2003-06-20,5.096406819706118
2003-06-21,5.497247805525701
2003-06-22,4.895986326796328
2003-06-23,6.270298278177751
2003-06-24,5.86945729235817
2003-06-25,5.2968273126159096
2003-06-26,5.096406819706118
2003-06-27,5.096406819706118
2003-06-28,6.871559756907126
2003-06-29,5.096406819706118
2003-06-30,4.895986326796328
2003-07-01,5.2968273126159096
2003-07-02,5.497247805525701
2003-07-03,5.669036799448379
2003-07-04,5.669036799448379
2003-07-05,6.671139263997335
2003-07-06,5.86945729235817
2003-07-07,5.2968273126159096
2003-07-08,5.497247805525701
2003-07-09,5.497247805525701
2003-07-10,5.096406819706118
2003-07-11,4.895986326796328
2003-07-12,4.895986326796328
2003-07-13,4.695565833886535
2003-07-14,5.497247805525701
2003-07-15,5.096406819706118
2003-07-16,5.669036799448379
2003-07-17,5.86945729235817
2003-07-18,6.069877785267962
2003-07-19,5.2968273126159096
2003-07-20,6.069877785267962
2003-07-21,5.86945729235817
2003-07-22,7.071980249816917
2003-07-23,7.472821235636499
2003-07-24,6.871559756907126
2003-07-25,6.671139263997335
2003-07-26,5.096406819706118
2003-07-27,6.069877785267962
2003-07-28,5.497247805525701
2003-07-29,5.86945729235817
2003-07-30,5.497247805525701
2003-07-31,5.497247805525701
2003-08-01,5.669036799448379
2003-08-02,5.86945729235817
2003-08-03,5.669036799448379
2003-08-04,5.497247805525701
2003-08-05,5.096406819706118
2003-08-06,4.695565833886535
2003-08-07,4.523776839963858
2003-08-08,4.323356347054067
2003-08-09,3.951146860221597
2003-08-10,4.122935854144275
2003-08-11,4.695565833886535
2003-08-12,4.895986326796328
2003-08-13,4.695565833886535
2003-08-14,5.497247805525701
2003-08-15,5.096406819706118
2003-08-16,5.096406819706118
2003-08-17,5.2968273126159096
2003-08-18,5.497247805525701
2003-08-19,4.695565833886535
2003-08-20,4.895986326796328
2003-08-21,4.895986326796328
2003-08-22,4.695565833886535
2003-08-23,4.695565833886535
2003-08-24,4.895986326796328
2003-08-25,4.523776839963858
2003-08-26,4.895986326796328
2003-08-27,4.695565833886535
2003-08-28,4.523776839963858
2003-08-29,3.951146860221597
2003-08-30,3.951146860221597
2003-08-31,4.122935854144275
2003-09-01,3.6075688723762416
2003-09-02,3.7793578662989193
2003-09-03,3.7793578662989193
2003-09-04,4.323356347054067
2003-09-05,5.096406819706118
2003-09-06,5.2968273126159096
2003-09-07,4.122935854144275
2003-09-08,4.523776839963858
2003-09-09,4.523776839963858
2003-09-10,4.695565833886535
2003-09-11,5.497247805525701
2003-09-12,4.895986326796328
2003-09-13,4.122935854144275
2003-09-14,4.122935854144275
2003-09-15,4.323356347054067
2003-09-16,3.2639908845308847
2003-09-17,4.122935854144275
2003-09-18,2.4737615124865653
2003-09-19,2.3706881161329583
2003-09-20,2.2676147197793513
2003-09-21,2.1645413234257447
2003-09-22,2.7142661039783147
2003-09-23,3.7793578662989193
2003-09-24,2.2676147197793513
2003-09-25,2.1645413234257447
2003-09-26,1.8839526333520369
2003-09-27,1.7064373396319363
2003-09-28,1.6176796927718862
2003-09-29,1.6176796927718862
2003-09-30,1.540374645506681
2003-10-01,1.6176796927718862
2003-10-02,1.6176796927718862
2003-10-03,1.6176796927718862
2003-10-04,1.540374645506681
2003-10-05,1.4602064483427641
2003-10-06,1.6176796927718862
2003-10-07,1.7064373396319363
2003-10-08,1.6176796927718862
2003-10-09,1.6176796927718862
2003-10-10,1.4602064483427641
2003-10-11,1.4602064483427641
2003-10-12,1.4602064483427641
2003-10-13,1.6176796927718862
2003-10-14,1.540374645506681
2003-10-15,1.6176796927718862
2003-10-16,1.3886277008749814
2003-10-17,1.540374645506681
2003-10-18,1.6176796927718862
2003-10-19,1.6176796927718862
2003-10-20,1.7064373396319363
2003-10-21,1.6176796927718862
2003-10-22,1.6176796927718862
2003-10-23,1.540374645506681
2003-10-24,1.6176796927718862
2003-10-25,1.540374645506681
2003-10-26,1.540374645506681
2003-10-27,1.4602064483427641
2003-10-28,1.4602064483427641
2003-10-29,1.4602064483427641
2003-10-30,1.4602064483427641
2003-10-31,1.4602064483427641
2003-11-01,1.4602064483427641
2003-11-02,1.4602064483427641
2003-11-03,1.4602064483427641
2003-11-04,1.4602064483427641
2003-11-05,1.4602064483427641
2003-11-06,1.4602064483427641
2003-11-07,1.4602064483427641
2003-11-08,1.3886277008749814
2003-11-09,1.317048953407199
2003-11-10,1.317048953407199
2003-11-11,1.3886277008749814
2003-11-12,1.317048953407199
2003-11-13,1.3886277008749814
2003-11-14,1.317048953407199
2003-11-15,1.317048953407199
2003-11-16,1.317048953407199
2003-11-17,1.3886277008749814
2003-11-18,1.317048953407199
2003-11-19,1.317048953407199
2003-11-20,1.3886277008749814
2003-11-21,1.3886277008749814
2003-11-22,1.317048953407199
2003-11-23,1.2540596556355506
2003-11-24,1.317048953407199
2003-11-25,1.317048953407199
2003-11-26,1.317048953407199
2003-11-27,1.317048953407199
2003-11-28,1.317048953407199
2003-11-29,1.317048953407199
2003-11-30,1.2540596556355506
2003-12-01,1.1882072079651909
2003-12-02,1.1194916103961192
2003-12-03,1.0536391627257593
2003-12-04,0.9849235651566881
2003-12-05,0.9190711174863281
2003-12-06,0.9076185178914828
2003-12-07,0.8933027683979263
2003-12-08,0.8818501688030812
2003-12-09,0.870397569208236
2003-12-10,0.8560818197146796
2003-12-11,0.8446292201198343
2003-12-12,0.8331766205249891
2003-12-13,0.8217240209301439
2003-12-14,0.8074082714365873
2003-12-15,0.795955671841742
2003-12-16,0.7845030722468971
2003-12-17,0.7701873227533405
2003-12-18,0.7587347231584952
2003-12-19,0.7444189736649387
2003-12-20,0.7272400742726708
2003-12-21,0.7129243247791144
2003-12-22,0.6957454253868465
2003-12-23,0.6814296758932901
2003-12-24,0.6642507765010222
2003-12-25,0.6499350270074656
2003-12-26,0.6327561276151978
2003-12-27,0.6184403781216413
2003-12-28,0.6012614787293735
2003-12-29,0.5869457292358169
2003-12-30,0.5840825793371057
2003-12-31,0.5812194294383943
2004-01-01,0.578356279539683
2004-01-02,0.5726299797422605
2004-01-03,0.5697668298435492
2004-01-04,0.5669036799448378
2004-01-05,0.5640405300461266
2004-01-06,0.558314230248704
2004-01-07,0.5525879304512813
2004-01-08,0.5468616306538588
2004-01-09,0.5411353308564362
2004-01-10,0.5354090310590136
2004-01-11,0.5296827312615909
2004-01-12,0.5268195813628797
2004-01-13,0.5210932815654571
2004-01-14,0.5153669817680344
2004-01-15,0.5096406819706119
2004-01-16,0.5039143821731892
2004-01-17,0.49818808237576667
2004-01-18,0.49246178257834405
2004-01-19,0.48673548278092144
2004-01-20,0.4810091829834988
2004-01-21,0.47528288318607625
2004-01-22,0.46955658338865364
2004-01-23,0.463830283591231
2004-01-24,0.4581039837938084
2004-01-25,0.4523776839963858
2004-01-26,0.4495145340976745
2004-01-27,0.4495145340976745
2004-01-28,0.44665138419896316
2004-01-29,0.44665138419896316
2004-01-30,0.4437882343002519
2004-01-31,0.4437882343002519
2004-02-01,0.4409250844015406
2004-02-02,0.4409250844015406
2004-02-03,0.43806193450282926
2004-02-04,0.43806193450282926
2004-02-05,0.435198784604118
2004-02-06,0.435198784604118
2004-02-07,0.43806193450282926
2004-02-08,0.43806193450282926
2004-02-09,0.4409250844015406
2004-02-10,0.4409250844015406
2004-02-11,0.4409250844015406
2004-02-12,0.4437882343002519
2004-02-13,0.4437882343002519
2004-02-14,0.4523776839963858
2004-02-15,0.4581039837938084
2004-02-16,0.4666934334899423
2004-02-17,0.4724197332873649
2004-02-18,0.4810091829834988
2004-02-19,0.48673548278092144
2004-02-20,0.49532493247705534
2004-02-21,0.5010512322744779
2004-02-22,0.5096406819706119
2004-02-23,0.5153669817680344
2004-02-24,0.5239564314641684
2004-02-25,0.5296827312615909
2004-02-26,0.5382721809577249
2004-02-27,0.5439984807551475
2004-02-28,0.558314230248704
2004-02-29,0.5754931296409718
2004-03-01,0.5898088791345284
2004-03-02,0.6069877785267961
2004-03-03,0.6213035280203526
2004-03-04,0.6213035280203526
2004-03-05,0.624166677919064
2004-03-06,0.624166677919064
2004-03-07,0.624166677919064
2004-03-08,0.624166677919064
2004-03-09,0.6270298278177753
2004-03-10,0.6270298278177753
2004-03-11,0.6270298278177753
2004-03-12,0.6270298278177753
2004-03-13,0.6298929777164866
2004-03-14,0.6298929777164866
2004-03-15,0.6298929777164866
2004-03-16,0.6327561276151978
2004-03-17,0.6327561276151978
2004-03-18,0.6356192775139092
2004-03-19,0.6356192775139092
2004-03-20,0.6384824274126205
2004-03-21,0.6384824274126205
2004-03-22,0.6413455773113319
2004-03-23,0.6442087272100431
2004-03-24,0.6442087272100431
2004-03-25,0.6470718771087542
2004-03-26,0.6470718771087542
2004-03-27,0.6499350270074656
2004-03-28,0.710061174880403
2004-03-29,0.7673241728546291
2004-03-30,0.8274503207275664
2004-03-31,0.8875764686005038
2004-04-01,0.9477026164734411
2004-04-02,1.0049656144476673
2004-04-03,1.0650917623206044
2004-04-04,1.0650917623206044
2004-04-05,1.0650917623206044
2004-04-06,1.279828004723952
2004-04-07,1.3514067521917348
2004-04-08,1.4229854996595175
2004-04-09,1.4229854996595175
2004-04-10,1.2082492572561696
2004-04-11,1.2082492572561696
2004-04-12,1.0650917623206044
2004-04-13,1.0650917623206044
2004-04-14,1.1366705097883871
2004-04-15,1.1366705097883871
2004-04-16,1.2082492572561696
2004-04-17,1.3514067521917348
2004-04-18,1.4229854996595175
2004-04-19,1.4229854996595175
2004-04-20,1.4945642471272997
2004-04-21,1.4945642471272997
2004-04-22,1.4945642471272997
2004-04-23,1.4945642471272997
2004-04-24,1.4945642471272997
2004-04-25,1.4945642471272997
2004-04-26,1.646311191758999
2004-04-27,1.9841628798069328
2004-04-28,1.8123738858842546
2004-04-29,1.9841628798069328
2004-04-30,1.8123738858842546
2004-05-01,1.8123738858842546
2004-05-02,1.646311191758999
2004-05-03,1.646311191758999
2004-05-04,1.571869294392505
2004-05-05,1.4945642471272997
2004-05-06,1.4945642471272997
2004-05-07,1.646311191758999
2004-05-08,2.155951873729611
2004-05-09,1.3514067521917348
2004-05-10,1.3514067521917348
2004-05-11,1.279828004723952
2004-05-12,1.571869294392505
2004-05-13,1.646311191758999
2004-05-14,2.0700573767682715
2004-05-15,2.46230891289172
2004-05-16,3.7793578662989193
2004-05-17,4.466513841989632
2004-05-18,4.609671336925198
2004-05-19,4.953249324770553
2004-05-20,4.609671336925198
2004-05-21,4.609671336925198
2004-05-22,4.466513841989632
2004-05-23,3.0063073936468676
2004-05-24,3.1494648885824326
2004-05-25,3.1494648885824326
2004-05-26,3.1494648885824326
2004-05-27,3.1494648885824326
2004-05-28,3.0063073936468676
2004-05-29,3.0063073936468676
2004-05-30,3.1494648885824326
2004-05-31,3.1494648885824326
2004-06-01,3.0063073936468676
2004-06-02,3.636200371363354
2004-06-03,4.781460330847875
2004-06-04,4.609671336925198
2004-06-05,4.466513841989632
2004-06-06,4.781460330847875
2004-06-07,4.953249324770553
2004-06-08,5.125038318693231
2004-06-09,3.5789373733891283
2004-06-10,3.292622383517998
2004-06-11,4.294724848066954
2004-06-12,4.953249324770553
2004-06-13,5.468616306538589
2004-06-14,5.640405300461266
2004-06-15,5.468616306538589
2004-06-16,5.125038318693231
2004-06-17,5.125038318693231
2004-06-18,5.2968273126159096
2004-06-19,5.2968273126159096
2004-06-20,6.728402261971561
2004-06-21,6.928822754881352
2004-06-22,6.184403781216414
2004-06-23,5.640405300461266
2004-06-24,5.468616306538589
2004-06-25,5.2968273126159096
2004-06-26,4.466513841989632
2004-06-27,4.466513841989632
2004-06-28,4.122935854144275
2004-06-29,4.122935854144275
2004-06-30,4.466513841989632
2004-07-01,4.781460330847875
2004-07-02,5.468616306538589
2004-07-03,5.640405300461266
2004-07-04,5.468616306538589
2004-07-05,5.125038318693231
2004-07-06,5.125038318693231
2004-07-07,4.953249324770553
2004-07-08,5.468616306538589
2004-07-09,5.125038318693231
2004-07-10,5.468616306538589
2004-07-11,5.468616306538589
2004-07-12,5.640405300461266
2004-07-13,6.184403781216414
2004-07-14,6.470718771087545
2004-07-15,6.184403781216414
2004-07-16,5.812194294383944
2004-07-17,5.812194294383944
2004-07-18,5.2968273126159096
2004-07-19,5.125038318693231
2004-07-20,5.125038318693231
2004-07-21,4.953249324770553
2004-07-22,5.2968273126159096
2004-07-23,5.640405300461266
2004-07-24,6.556613268048882
2004-07-25,5.640405300461266
2004-07-26,6.728402261971561
2004-07-27,6.928822754881352
2004-07-28,6.928822754881352
2004-07-29,6.556613268048882
2004-07-30,6.556613268048882
2004-07-31,6.184403781216414
2004-08-01,5.640405300461266
2004-08-02,5.468616306538589
2004-08-03,5.2968273126159096
2004-08-04,5.640405300461266
2004-08-05,5.9839832883066215
2004-08-06,5.640405300461266
2004-08-07,4.609671336925198
2004-08-08,4.781460330847875
2004-08-09,4.609671336925198
2004-08-10,4.122935854144275
2004-08-11,4.122935854144275
2004-08-12,4.122935854144275
2004-08-13,4.294724848066954
2004-08-14,4.122935854144275
2004-08-15,5.2968273126159096
2004-08-16,5.9839832883066215
2004-08-17,4.781460330847875
2004-08-18,5.125038318693231
2004-08-19,5.2968273126159096
2004-08-20,5.125038318693231
2004-08-21,4.953249324770553
2004-08-22,4.953249324770553
2004-08-23,4.953249324770553
2004-08-24,4.466513841989632
2004-08-25,4.294724848066954
2004-08-26,4.781460330847875
2004-08-27,4.466513841989632
2004-08-28,4.466513841989632
2004-08-29,4.122935854144275
2004-08-30,4.466513841989632
2004-08-31,4.122935854144275
2004-09-01,4.122935854144275
2004-09-02,3.292622383517998
2004-09-03,3.292622383517998
2004-09-04,2.8631498987113027
2004-09-05,2.8631498987113027
2004-09-06,2.7199924037757373
2004-09-07,2.5768349088401723
2004-09-08,2.8631498987113027
2004-09-09,2.8631498987113027
2004-09-10,2.8631498987113027
2004-09-11,2.7199924037757373
2004-09-12,2.7199924037757373
2004-09-13,2.5768349088401723
2004-09-14,2.4451300134994516
2004-09-15,2.7199924037757373
2004-09-16,2.4451300134994516
2004-09-17,2.313425118158732
2004-09-18,2.0757836765656945
2004-09-19,1.9698471303133762
2004-09-20,1.8610474341623466
2004-09-21,1.9698471303133762
2004-09-22,1.8610474341623466
2004-09-23,1.7608371877074511
2004-09-24,1.7608371877074511
2004-09-25,1.7608371877074511
2004-09-26,1.7608371877074511
2004-09-27,1.7608371877074511
2004-09-28,1.7608371877074511
2004-09-29,1.6606269412525554
2004-09-30,1.5690061444937942
2004-10-01,1.6606269412525554
2004-10-02,1.5690061444937942
2004-10-03,1.5690061444937942
2004-10-04,1.474522197836321
2004-10-05,1.474522197836321
2004-10-06,1.474522197836321
2004-10-07,1.474522197836321
2004-10-08,1.474522197836321
2004-10-09,1.382901401077559
2004-10-10,1.382901401077559
2004-10-11,1.382901401077559
2004-10-12,1.382901401077559
2004-10-13,1.382901401077559
2004-10-14,1.474522197836321
2004-10-15,1.6606269412525554
2004-10-16,1.5690061444937942
2004-10-17,1.5690061444937942
2004-10-18,1.5690061444937942
2004-10-19,1.474522197836321
2004-10-20,1.382901401077559
2004-10-21,1.382901401077559
2004-10-22,1.202522957458747
2004-10-23,1.2884174544200862
2004-10-24,1.382901401077559
2004-10-25,1.474522197836321
2004-10-26,1.382901401077559
2004-10-27,1.474522197836321
2004-10-28,1.474522197836321
2004-10-29,1.474522197836321
2004-10-30,1.382901401077559
2004-10-31,1.382901401077559
2004-11-01,1.202522957458747
2004-11-02,1.202522957458747
2004-11-03,1.202522957458747
2004-11-04,1.202522957458747
2004-11-05,1.202522957458747
2004-11-06,1.382901401077559
2004-11-07,1.382901401077559
2004-11-08,1.382901401077559
2004-11-09,1.2884174544200862
2004-11-10,1.2884174544200862
2004-11-11,1.382901401077559
2004-11-12,1.382901401077559
2004-11-13,1.382901401077559
2004-11-14,1.2884174544200862
2004-11-15,1.202522957458747
2004-11-16,0.8818501688030812
2004-11-17,1.116628460497408
2004-11-18,1.116628460497408
2004-11-19,1.202522957458747
2004-11-20,1.202522957458747
2004-11-21,1.202522957458747
2004-11-22,1.116628460497408
2004-11-23,1.116628460497408
2004-11-24,1.116628460497408
2004-11-25,1.202522957458747
2004-11-26,1.116628460497408
2004-11-27,1.116628460497408
2004-11-28,1.116628460497408
2004-11-29,1.116628460497408
2004-11-30,1.0908601114090062
2004-12-01,1.0650917623206044
2004-12-02,1.0393234132322027
2004-12-03,1.0135550641438011
2004-12-04,0.9877867150553993
2004-12-05,0.9763341154605542
2004-12-06,0.964881515865709
2004-12-07,0.9505657663721525
2004-12-08,0.9391131667773073
2004-12-09,0.927660567182462
2004-12-10,0.9162079675876168
2004-12-11,0.9047553679927716
2004-12-12,0.8933027683979263
2004-12-13,0.8789870189043698
2004-12-14,0.8675344193095246
2004-12-15,0.8560818197146796
2004-12-16,0.8446292201198343
2004-12-17,0.8389029203224116
2004-12-18,0.8331766205249891
2004-12-19,0.8274503207275664
2004-12-20,0.8217240209301439
2004-12-21,0.8159977211327212
2004-12-22,0.8102714213352986
2004-12-23,0.8016819716391645
2004-12-24,0.795955671841742
2004-12-25,0.7902293720443194
2004-12-26,0.7845030722468971
2004-12-27,0.7787767724494744
2004-12-28,0.7730504726520517
2004-12-29,0.7701873227533405
2004-12-30,0.7673241728546291
2004-12-31,0.7644610229559178
2005-01-01,0.7615978730572064
2005-01-02,0.7587347231584952
2005-01-03,0.7558715732597839
2005-01-04,0.7530084233610725
2005-01-05,0.7501452734623613
2005-01-06,0.7472821235636499
2005-01-07,0.7444189736649387
2005-01-08,0.7415558237662274
2005-01-09,0.738692673867516
2005-01-10,0.7358295239688047
2005-01-11,0.7329663740700935
2005-01-12,0.7301032241713821
2005-01-13,0.7272400742726708
2005-01-14,0.7243769243739594
2005-01-15,0.7215137744752482
2005-01-16,0.7186506245765368
2005-01-17,0.7129243247791144
2005-01-18,0.7043348750829804
2005-01-19,0.6986085752855578
2005-01-20,0.6928822754881353
2005-01-21,0.6842928257920012
2005-01-22,0.6785665259945787
2005-01-23,0.6699770762984447
2005-01-24,0.6642507765010222
2005-01-25,0.6585244767035995
2005-01-26,0.6499350270074656
2005-01-27,0.6442087272100431
2005-01-28,0.6442087272100431
2005-01-29,0.6413455773113319
2005-01-30,0.6413455773113319
2005-01-31,0.6413455773113319
2005-02-01,0.6384824274126205
2005-02-02,0.6384824274126205
2005-02-03,0.6356192775139092
2005-02-04,0.6356192775139092
2005-02-05,0.6356192775139092
2005-02-06,0.6327561276151978
2005-02-07,0.6327561276151978
2005-02-08,0.6270298278177753
2005-02-09,0.624166677919064
2005-02-10,0.6184403781216413
2005-02-11,0.61557722822293
2005-02-12,0.6098509284255075
2005-02-13,0.6069877785267961
2005-02-14,0.6012614787293735
2005-02-15,0.595535178931951
2005-02-16,0.5926720290332396
2005-02-17,0.5869457292358169
2005-02-18,0.5840825793371057
2005-02-19,0.578356279539683
2005-02-20,0.5754931296409718
2005-02-21,0.5754931296409718
2005-02-22,0.5726299797422605
2005-02-23,0.5697668298435492
2005-02-24,0.5697668298435492
2005-02-25,0.5669036799448378
2005-02-26,0.5640405300461266
2005-02-27,0.5640405300461266
2005-02-28,0.5611773801474154
2005-03-01,0.5669036799448378
2005-03-02,0.5726299797422605
2005-03-03,0.5754931296409718
2005-03-04,0.5812194294383943
2005-03-05,0.5812194294383943
2005-03-06,0.5812194294383943
2005-03-07,0.578356279539683
2005-03-08,0.578356279539683
2005-03-09,0.578356279539683
2005-03-10,0.578356279539683
2005-03-11,0.578356279539683
2005-03-12,0.578356279539683
2005-03-13,0.5754931296409718
2005-03-14,0.5754931296409718
2005-03-15,0.5754931296409718
2005-03-16,0.5754931296409718
2005-03-17,0.5754931296409718
2005-03-18,0.5754931296409718
2005-03-19,0.5754931296409718
2005-03-20,0.5754931296409718
2005-03-21,0.5754931296409718
2005-03-22,0.5754931296409718
2005-03-23,0.578356279539683
2005-03-24,0.578356279539683
2005-03-25,0.578356279539683
2005-03-26,0.578356279539683
2005-03-27,0.578356279539683
2005-03-28,0.578356279539683
2005-03-29,0.578356279539683
2005-03-30,0.578356279539683
2005-03-31,0.6098509284255075
2005-04-01,0.6384824274126205
2005-04-02,0.6871559756907126
2005-04-03,0.6384824274126205
2005-04-04,0.6384824274126205
2005-04-05,0.6384824274126205
2005-04-06,0.6384824274126205
2005-04-07,0.6384824274126205
2005-04-08,0.6871559756907126
2005-04-09,0.6384824274126205
2005-04-10,0.6384824274126205
2005-04-11,0.6871559756907126
2005-04-12,0.6384824274126205
2005-04-13,0.6384824274126205
2005-04-14,0.6384824274126205
2005-04-15,0.6384824274126205
2005-04-16,0.6384824274126205
2005-04-17,0.6384824274126205
2005-04-18,0.6384824274126205
2005-04-19,0.6871559756907126
2005-04-20,0.6871559756907126
2005-04-21,0.7358295239688047
2005-04-22,0.7930925219430308
2005-04-23,0.8503555199172569
2005-04-24,0.9104816677901942
2005-04-25,0.9706078156631315
2005-04-26,1.1023127110038515
2005-04-27,1.474522197836321
2005-04-28,1.6377217420628651
2005-04-29,1.7178899392267815
2005-04-30,2.0786468264644054
2005-05-01,2.2676147197793513
2005-05-02,2.356372366639402
2005-05-03,2.4451300134994516
2005-05-04,2.196035972311569
2005-05-05,2.0757836765656945
2005-05-06,2.196035972311569
2005-05-07,2.8631498987113027
2005-05-08,2.8631498987113027
2005-05-09,3.464411377440676
2005-05-10,4.122935854144275
2005-05-11,3.1494648885824326
2005-05-12,2.313425118158732
2005-05-13,2.196035972311569
2005-05-14,2.196035972311569
2005-05-15,2.313425118158732
2005-05-16,2.4451300134994516
2005-05-17,2.313425118158732
2005-05-18,2.0757836765656945
2005-05-19,1.9698471303133762
2005-05-20,1.9698471303133762
2005-05-21,2.0757836765656945
2005-05-22,2.196035972311569
2005-05-23,2.196035972311569
2005-05-24,2.196035972311569
2005-05-25,2.0757836765656945
2005-05-26,1.9698471303133762
2005-05-27,2.0757836765656945
2005-05-28,1.9698471303133762
2005-05-29,1.9698471303133762
2005-05-30,2.196035972311569
2005-05-31,2.4451300134994516
2005-06-01,2.4451300134994516
2005-06-02,3.292622383517998
2005-06-03,4.781460330847875
2005-06-04,4.953249324770553
2005-06-05,4.953249324770553
2005-06-06,4.609671336925198
2005-06-07,4.953249324770553
2005-06-08,4.466513841989632
2005-06-09,4.466513841989632
2005-06-10,4.466513841989632
2005-06-11,4.781460330847875
2005-06-12,5.468616306538589
2005-06-13,5.125038318693231
2005-06-14,4.609671336925198
2005-06-15,4.781460330847875
2005-06-16,4.953249324770553
2005-06-17,4.609671336925198
2005-06-18,4.953249324770553
2005-06-19,5.2968273126159096
2005-06-20,5.468616306538589
2005-06-21,5.812194294383944
2005-06-22,6.356192775139092
2005-06-23,6.556613268048882
2005-06-24,6.928822754881352
2005-06-25,6.928822754881352
2005-06-26,7.472821235636499
2005-06-27,4.953249324770553
2005-06-28,6.728402261971561
2005-06-29,8.074082714365874
2005-06-30,5.812194294383944
2005-07-01,4.810091829834988
2005-07-02,3.7793578662989193
2005-07-03,4.06567285617005
2005-07-04,4.06567285617005
2005-07-05,3.9225153612344847
2005-07-06,4.06567285617005
2005-07-07,4.208830351105615
2005-07-08,5.067775320719005
2005-07-09,5.697668298435491
2005-07-10,5.354090310590136
2005-07-11,5.697668298435491
2005-07-12,5.525879304512814
2005-07-13,4.8387233288221
2005-07-14,5.01051232274478
2005-07-15,5.01051232274478
2005-07-16,5.182301316667458
2005-07-17,4.380619345028293
2005-07-18,3.9225153612344847
2005-07-19,4.06567285617005
2005-07-20,4.06567285617005
2005-07-21,4.208830351105615
2005-07-22,4.695565833886535
2005-07-23,4.380619345028293
2005-07-24,4.208830351105615
2005-07-25,4.523776839963858
2005-07-26,4.208830351105615
2005-07-27,4.695565833886535
2005-07-28,4.8387233288221
2005-07-29,4.695565833886535
2005-07-30,4.695565833886535
2005-07-31,5.525879304512814
2005-08-01,6.213035280203527
2005-08-02,6.3848242741262045
2005-08-03,5.697668298435491
2005-08-04,5.354090310590136
2005-08-05,4.523776839963858
2005-08-06,4.380619345028293
2005-08-07,4.523776839963858
2005-08-08,5.182301316667458
2005-08-09,4.695565833886535
2005-08-10,4.695565833886535
2005-08-11,4.695565833886535
2005-08-12,4.695565833886535
2005-08-13,4.523776839963858
2005-08-14,4.695565833886535
2005-08-15,5.182301316667458
2005-08-16,4.695565833886535
2005-08-17,4.695565833886535
2005-08-18,4.380619345028293
2005-08-19,4.380619345028293
2005-08-20,4.208830351105615
2005-08-21,3.7793578662989193
2005-08-22,3.7793578662989193
2005-08-23,3.9225153612344847
2005-08-24,3.7793578662989193
2005-08-25,3.9225153612344847
2005-08-26,3.636200371363354
2005-08-27,3.9225153612344847
2005-08-28,3.7793578662989193
2005-08-29,3.636200371363354
2005-08-30,3.636200371363354
2005-08-31,3.7793578662989193
2005-09-01,3.206727886556658
2005-09-02,2.777255401749963
2005-09-03,2.9204128966855283
2005-09-04,2.9204128966855283
2005-09-05,3.493042876427789
2005-09-06,3.7793578662989193
2005-09-07,3.7793578662989193
2005-09-08,3.9225153612344847
2005-09-09,3.493042876427789
2005-09-10,3.0635703916210937
2005-09-11,2.6140558575234194
2005-09-12,2.17599392302059
2005-09-13,2.5224350607646575
2005-09-14,2.5224350607646575
2005-09-15,2.6484136563079548
2005-09-16,2.6484136563079548
2005-09-17,2.6484136563079548
2005-09-18,2.6484136563079548
2005-09-19,2.785844851446097
2005-09-20,2.39645646522136
2005-09-21,2.2876567690703307
2005-09-22,2.2876567690703307
2005-09-23,2.0671942268695607
2005-09-24,2.0671942268695607
2005-09-25,2.17599392302059
2005-09-26,2.17599392302059
2005-09-27,2.0671942268695607
2005-09-28,1.9555313808198196
2005-09-29,1.8495948345675015
2005-09-30,1.5461009453041035
2005-10-01,1.5461009453041035
2005-10-02,1.5461009453041035
2005-10-03,1.5461009453041035
2005-10-04,1.6434480418602877
2005-10-05,1.6434480418602877
2005-10-06,1.6434480418602877
2005-10-07,1.4602064483427641
2005-10-08,1.3743119513814253
2005-10-09,1.5461009453041035
2005-10-10,1.5461009453041035
2005-10-11,1.3743119513814253
2005-10-12,1.4602064483427641
2005-10-13,1.3743119513814253
2005-10-14,1.3743119513814253
2005-10-15,1.3743119513814253
2005-10-16,1.3743119513814253
2005-10-17,1.3743119513814253
2005-10-18,1.4602064483427641
2005-10-19,1.3743119513814253
2005-10-20,1.2225650067497258
2005-10-21,1.2998700540149313
2005-10-22,1.2225650067497258
2005-10-23,1.2225650067497258
2005-10-24,1.156712559079366
2005-10-25,1.087996961510295
2005-10-26,1.156712559079366
2005-10-27,1.087996961510295
2005-10-28,1.0335971134347803
2005-10-29,0.927660567182462
2005-10-30,0.927660567182462
2005-10-31,0.927660567182462
2005-11-01,1.0335971134347803
2005-11-02,0.9763341154605542
2005-11-03,0.927660567182462
2005-11-04,0.8417660702211229
2005-11-05,0.8417660702211229
2005-11-06,0.8417660702211229
2005-11-07,0.927660567182462
2005-11-08,0.9763341154605542
2005-11-09,0.9763341154605542
2005-11-10,0.8789870189043698
2005-11-11,0.8789870189043698
2005-11-12,0.9763341154605542
2005-11-13,0.9763341154605542
2005-11-14,0.9763341154605542
2005-11-15,0.9620183659669976
2005-11-16,0.9477026164734411
2005-11-17,0.9305237170811733
2005-11-18,0.9162079675876168
2005-11-19,0.9133448176889055
2005-11-20,0.9076185178914828
2005-11-21,0.9047553679927716
2005-11-22,0.899029068195349
2005-11-23,0.8961659182966377
2005-11-24,0.890439618499215
2005-11-25,0.8875764686005038
2005-11-26,0.8818501688030812
2005-11-27,0.8789870189043698
2005-11-28,0.8732607191069472
2005-11-29,0.870397569208236
2005-11-30,0.8646712694108133
2005-12-01,0.8646712694108133
2005-12-02,0.861808119512102
2005-12-03,0.861808119512102
2005-12-04,0.8589449696133907
2005-12-05,0.8589449696133907
2005-12-06,0.8560818197146796
2005-12-07,0.8532186698159682
2005-12-08,0.8532186698159682
2005-12-09,0.8503555199172569
2005-12-10,0.8474923700185456
2005-12-11,0.8446292201198343
2005-12-12,0.8417660702211229
2005-12-13,0.8389029203224116
2005-12-14,0.8389029203224116
2005-12-15,0.8360397704237004
2005-12-16,0.8331766205249891
2005-12-17,0.8303134706262777
2005-12-18,0.824587170828855
2005-12-19,0.8217240209301439
2005-12-20,0.8188608710314326
2005-12-21,0.8159977211327212
2005-12-22,0.8102714213352986
2005-12-23,0.8074082714365873
2005-12-24,0.804545121537876
2005-12-25,0.8016819716391645
2005-12-26,0.795955671841742
2005-12-27,0.7930925219430308
2005-12-28,0.7902293720443194
2005-12-29,0.7873662221456081
2005-12-30,0.7816399223481856
2005-12-31,0.7787767724494744
2006-01-01,0.7759136225507629
2006-01-02,0.7759136225507629
2006-01-03,0.7730504726520517
2006-01-04,0.7701873227533405
2006-01-05,0.7673241728546291
2006-01-06,0.7644610229559178
2006-01-07,0.7615978730572064
2006-01-08,0.7587347231584952
2006-01-09,0.7558715732597839
2006-01-10,0.7530084233610725
2006-01-11,0.7501452734623613
2006-01-12,0.7472821235636499
2006-01-13,0.7444189736649387
2006-01-14,0.7415558237662274
2006-01-15,0.738692673867516
2006-01-16,0.7358295239688047
2006-01-17,0.7329663740700935
2006-01-18,0.7301032241713821
2006-01-19,0.7272400742726708
2006-01-20,0.7215137744752482
2006-01-21,0.7186506245765368
2006-01-22,0.7157874746778257
2006-01-23,0.7129243247791144
2006-01-24,0.7071980249816918
2006-01-25,0.7043348750829804
2006-01-26,0.7014717251842693
2006-01-27,0.6957454253868465
2006-01-28,0.6928822754881353
2006-01-29,0.6871559756907126
2006-01-30,0.6842928257920012
2006-01-31,0.6785665259945787
2006-02-01,0.6699770762984447
2006-02-02,0.6613876266023109
2006-02-03,0.6527981769061769
2006-02-04,0.6442087272100431
2006-02-05,0.6413455773113319
2006-02-06,0.6356192775139092
2006-02-07,0.6327561276151978
2006-02-08,0.6270298278177753
2006-02-09,0.624166677919064
2006-02-10,0.6213035280203526
2006-02-11,0.61557722822293
2006-02-12,0.6127140783242188
2006-02-13,0.6098509284255075
2006-02-14,0.6041246286280848
2006-02-15,0.6012614787293735
2006-02-16,0.595535178931951
2006-02-17,0.5926720290332396
2006-02-18,0.5898088791345284
2006-02-19,0.5898088791345284
2006-02-20,0.5869457292358169
2006-02-21,0.5840825793371057
2006-02-22,0.5812194294383943
2006-02-23,0.5812194294383943
2006-02-24,0.578356279539683
2006-02-25,0.5754931296409718
2006-02-26,0.5726299797422605
2006-02-27,0.5726299797422605
2006-02-28,0.5697668298435492
2006-03-01,0.5726299797422605
2006-03-02,0.5754931296409718
2006-03-03,0.5754931296409718
2006-03-04,0.578356279539683
2006-03-05,0.5840825793371057
2006-03-06,0.5898088791345284
2006-03-07,0.595535178931951
2006-03-08,0.5983983288306622
2006-03-09,0.6041246286280848
2006-03-10,0.6098509284255075
2006-03-11,0.61557722822293
2006-03-12,0.6184403781216413
2006-03-13,0.624166677919064
2006-03-14,0.6270298278177753
2006-03-15,0.6298929777164866
2006-03-16,0.6327561276151978
2006-03-17,0.6384824274126205
2006-03-18,0.6413455773113319
2006-03-19,0.6442087272100431
2006-03-20,0.6470718771087542
2006-03-21,0.6527981769061769
2006-03-22,0.6556613268048882
2006-03-23,0.6585244767035995
2006-03-24,0.6613876266023109
2006-03-25,0.6671139263997335
2006-03-26,0.6699770762984447
2006-03-27,0.6728402261971561
2006-03-28,0.7730504726520517
2006-03-29,0.870397569208236
2006-03-30,0.870397569208236
2006-03-31,0.9247974172837508
2006-04-01,0.9820604152579767
2006-04-02,1.0393234132322027
2006-04-03,1.0393234132322027
2006-04-04,0.9820604152579767
2006-04-05,0.870397569208236
2006-04-06,0.870397569208236
2006-04-07,0.9247974172837508
2006-04-08,0.870397569208236
2006-04-09,0.9247974172837508
2006-04-10,0.9247974172837508
2006-04-11,0.9247974172837508
2006-04-12,0.870397569208236
2006-04-13,0.9247974172837508
2006-04-14,0.870397569208236
2006-04-15,0.870397569208236
2006-04-16,0.870397569208236
2006-04-17,0.870397569208236
2006-04-18,0.9247974172837508
2006-04-19,0.9247974172837508
2006-04-20,1.0393234132322027
2006-04-21,1.0965864112064287
2006-04-22,1.0965864112064287
2006-04-23,1.0393234132322027
2006-04-24,1.0393234132322027
2006-04-25,1.0393234132322027
2006-04-26,0.9820604152579767
2006-04-27,1.211112407154881
2006-04-28,2.204625422007703
2006-04-29,2.405045914917494
2006-04-30,2.405045914917494
2006-05-01,2.405045914917494
2006-05-02,1.4029434503685385
2006-05-03,1.4029434503685385
2006-05-04,1.3399541525968894
2006-05-05,1.211112407154881
2006-05-06,1.1538494091806548
2006-05-07,1.1538494091806548
2006-05-08,1.0965864112064287
2006-05-09,1.1538494091806548
2006-05-10,1.211112407154881
2006-05-11,1.0965864112064287
2006-05-12,1.1538494091806548
2006-05-13,1.5317851958105468
2006-05-14,2.800160600939654
2006-05-15,3.206727886556658
2006-05-16,3.5789373733891283
2006-05-17,4.008409858195823
2006-05-18,4.266093349079841
2006-05-19,3.7220948683246933
2006-05-20,3.5789373733891283
2006-05-21,3.464411377440676
2006-05-22,2.9204128966855283
2006-05-23,2.5367508102582144
2006-05-24,2.800160600939654
2006-05-25,2.668455705598934
2006-05-26,2.5367508102582144
2006-05-27,2.800160600939654
2006-05-28,2.800160600939654
2006-05-29,3.206727886556658
2006-05-30,3.7220948683246933
2006-05-31,3.7220948683246933
2006-06-01,3.0635703916210937
2006-06-02,4.122935854144275
2006-06-03,4.122935854144275
2006-06-04,3.464411377440676
2006-06-05,3.206727886556658
2006-06-06,3.206727886556658
2006-06-07,2.9204128966855283
2006-06-08,3.0635703916210937
2006-06-09,3.3212538825051108
2006-06-10,3.3212538825051108
2006-06-11,2.9204128966855283
2006-06-12,3.3212538825051108
2006-06-13,2.800160600939654
2006-06-14,3.206727886556658
2006-06-15,4.266093349079841
2006-06-16,3.3212538825051108
2006-06-17,3.3212538825051108
2006-06-18,3.5789373733891283
2006-06-19,3.5789373733891283
2006-06-20,4.008409858195823
2006-06-21,4.953249324770553
2006-06-22,5.096406819706118
2006-06-23,5.9839832883066215
2006-06-24,5.096406819706118
2006-06-25,5.239564314641684
2006-06-26,5.239564314641684
2006-06-27,5.239564314641684
2006-06-28,5.382721809577249
2006-06-29,4.953249324770553
2006-06-30,4.953249324770553
2006-07-01,5.239564314641684
2006-07-02,4.953249324770553
2006-07-03,4.810091829834988
2006-07-04,4.695565833886535
2006-07-05,4.810091829834988
2006-07-06,5.096406819706118
2006-07-07,5.239564314641684
2006-07-08,5.382721809577249
2006-07-09,5.382721809577249
2006-07-10,5.382721809577249
2006-07-11,5.697668298435491
2006-07-12,5.382721809577249
2006-07-13,5.382721809577249
2006-07-14,5.239564314641684
2006-07-15,4.122935854144275
2006-07-16,4.008409858195823
2006-07-17,3.7220948683246933
2006-07-18,4.266093349079841
2006-07-19,4.409250844015406
2006-07-20,4.55240833895097
2006-07-21,4.810091829834988
2006-07-22,5.239564314641684
2006-07-23,5.096406819706118
2006-07-24,5.239564314641684
2006-07-25,5.096406819706118
2006-07-26,5.382721809577249
2006-07-27,5.554510803499926
2006-07-28,5.382721809577249
2006-07-29,5.239564314641684
2006-07-30,5.697668298435491
2006-07-31,5.554510803499926
2006-08-01,5.697668298435491
2006-08-02,5.697668298435491
2006-08-03,5.697668298435491
2006-08-04,5.697668298435491
2006-08-05,5.697668298435491
2006-08-06,5.9839832883066215
2006-08-07,5.382721809577249
2006-08-08,5.554510803499926
2006-08-09,5.382721809577249
2006-08-10,5.697668298435491
2006-08-11,5.9839832883066215
2006-08-12,6.298929777164865
2006-08-13,6.127140783242187
2006-08-14,5.840825793371057
2006-08-15,5.697668298435491
2006-08-16,5.382721809577249
2006-08-17,4.810091829834988
2006-08-18,4.55240833895097
2006-08-19,4.810091829834988
2006-08-20,5.096406819706118
2006-08-21,5.239564314641684
2006-08-22,5.096406819706118
2006-08-23,4.953249324770553
2006-08-24,4.953249324770553
2006-08-25,4.695565833886535
2006-08-26,4.695565833886535
2006-08-27,4.810091829834988
2006-08-28,4.953249324770553
2006-08-29,4.953249324770553
2006-08-30,4.810091829834988
2006-08-31,3.7220948683246933
2006-09-01,3.464411377440676
2006-09-02,2.800160600939654
2006-09-03,2.304835668462599
2006-09-04,2.405045914917494
2006-09-05,2.800160600939654
2006-09-06,2.9204128966855283
2006-09-07,2.668455705598934
2006-09-08,3.0635703916210937
2006-09-09,2.1044151755528073
2006-09-10,2.304835668462599
2006-09-11,2.5367508102582144
2006-09-12,2.405045914917494
2006-09-13,2.204625422007703
2006-09-14,2.1044151755528073
2006-09-15,2.204625422007703
2006-09-16,2.1044151755528073
2006-09-17,2.0042049290979116
2006-09-18,1.8295527852765223
2006-09-19,1.8295527852765223
2006-09-20,1.8295527852765223
2006-09-21,1.8295527852765223
2006-09-22,1.8295527852765223
2006-09-23,1.7551108879100286
2006-09-24,1.7551108879100286
2006-09-25,1.7551108879100286
2006-09-26,1.6806689905435346
2006-09-27,1.6806689905435346
2006-09-28,1.6806689905435346
2006-09-29,1.6806689905435346
2006-09-30,1.6806689905435346
2006-10-01,1.6806689905435346
2006-10-02,1.5317851958105468
2006-10-03,1.6062270931770408
2006-10-04,1.5317851958105468
2006-10-05,1.6806689905435346
2006-10-06,1.7551108879100286
2006-10-07,1.5317851958105468
2006-10-08,1.2741017049265295
2006-10-09,1.211112407154881
2006-10-10,1.211112407154881
2006-10-11,1.1538494091806548
2006-10-12,1.1538494091806548
2006-10-13,1.1538494091806548
2006-10-14,1.2741017049265295
2006-10-15,1.1538494091806548
2006-10-16,1.211112407154881
2006-10-17,1.2741017049265295
2006-10-18,1.2741017049265295
2006-10-19,1.2741017049265295
2006-10-20,1.2741017049265295
2006-10-21,1.211112407154881
2006-10-22,1.211112407154881
2006-10-23,1.211112407154881
2006-10-24,1.211112407154881
2006-10-25,1.1538494091806548
2006-10-26,1.1538494091806548
2006-10-27,1.1538494091806548
2006-10-28,1.1538494091806548
2006-10-29,1.1538494091806548
2006-10-30,1.1538494091806548
2006-10-31,1.1538494091806548
2006-11-01,1.1538494091806548
2006-11-02,1.0965864112064287
2006-11-03,1.0393234132322027
2006-11-04,1.0393234132322027
2006-11-05,1.0393234132322027
2006-11-06,1.0393234132322027
2006-11-07,1.0393234132322027
2006-11-08,0.9820604152579767
2006-11-09,0.9820604152579767
2006-11-10,1.0393234132322027
2006-11-11,0.9820604152579767
2006-11-12,1.0393234132322027
2006-11-13,0.9820604152579767
2006-11-14,0.9820604152579767
2006-11-15,0.9820604152579767
2006-11-16,0.9820604152579767
2006-11-17,0.9820604152579767
2006-11-18,0.9820604152579767
2006-11-19,0.9820604152579767
2006-11-20,0.9820604152579767
2006-11-21,0.9820604152579767
2006-11-22,0.9820604152579767
2006-11-23,0.9820604152579767
2006-11-24,0.9820604152579767
2006-11-25,0.9247974172837508
2006-11-26,0.8188608710314326
2006-11-27,0.8303134706262777
2006-11-28,0.8417660702211229
2006-11-29,0.8503555199172569
2006-11-30,0.861808119512102
2006-12-01,0.8446292201198343
2006-12-02,0.824587170828855
2006-12-03,0.8074082714365873
2006-12-04,0.7873662221456081
2006-12-05,0.7759136225507629
2006-12-06,0.7644610229559178
2006-12-07,0.7530084233610725
2006-12-08,0.7415558237662274
2006-12-09,0.7329663740700935
2006-12-10,0.7215137744752482
2006-12-11,0.710061174880403
2006-12-12,0.6986085752855578
2006-12-13,0.6871559756907126
2006-12-14,0.6814296758932901
2006-12-15,0.6757033760958674
2006-12-16,0.6728402261971561
2006-12-17,0.6671139263997335
2006-12-18,0.6613876266023109
2006-12-19,0.6556613268048882
2006-12-20,0.6499350270074656
2006-12-21,0.6442087272100431
2006-12-22,0.6413455773113319
2006-12-23,0.6356192775139092
2006-12-24,0.6298929777164866
2006-12-25,0.624166677919064
2006-12-26,0.6184403781216413
2006-12-27,0.6127140783242188
2006-12-28,0.6098509284255075
2006-12-29,0.6041246286280848
2006-12-30,0.5983983288306622
2006-12-31,0.5926720290332396
2007-01-01,0.5611773801474154
2007-01-02,0.5296827312615909
2007-01-03,0.5296827312615909
2007-01-04,0.5325458811603022
2007-01-05,0.5325458811603022
2007-01-06,0.5325458811603022
2007-01-07,0.5354090310590136
2007-01-08,0.5354090310590136
2007-01-09,0.5354090310590136
2007-01-10,0.5382721809577249
2007-01-11,0.5382721809577249
2007-01-12,0.5411353308564362
2007-01-13,0.5411353308564362
2007-01-14,0.5411353308564362
2007-01-15,0.5439984807551475
2007-01-16,0.5439984807551475
2007-01-17,0.5468616306538588
2007-01-18,0.5468616306538588
2007-01-19,0.5497247805525701
2007-01-20,0.5497247805525701
2007-01-21,0.5525879304512813
2007-01-22,0.5525879304512813
2007-01-23,0.5554510803499927
2007-01-24,0.5554510803499927
2007-01-25,0.558314230248704
2007-01-26,0.558314230248704
2007-01-27,0.5611773801474154
2007-01-28,0.5611773801474154
2007-01-29,0.5640405300461266
2007-01-30,0.5640405300461266
2007-01-31,0.5669036799448378
2007-02-01,0.5640405300461266
2007-02-02,0.5611773801474154
2007-02-03,0.558314230248704
2007-02-04,0.5554510803499927
2007-02-05,0.5525879304512813
2007-02-06,0.5497247805525701
2007-02-07,0.5468616306538588
2007-02-08,0.5439984807551475
2007-02-09,0.5411353308564362
2007-02-10,0.5411353308564362
2007-02-11,0.5382721809577249
2007-02-12,0.5354090310590136
2007-02-13,0.5325458811603022
2007-02-14,0.5325458811603022
2007-02-15,0.5296827312615909
2007-02-16,0.5239564314641684
2007-02-17,0.5182301316667457
2007-02-18,0.5125038318693232
2007-02-19,0.5067775320719006
2007-02-20,0.5010512322744779
2007-02-21,0.49532493247705534
2007-02-22,0.4895986326796327
2007-02-23,0.4838723328822101
2007-02-24,0.4781460330847875
2007-02-25,0.4724197332873649
2007-02-26,0.4724197332873649
2007-02-27,0.4724197332873649
2007-02-28,0.46955658338865364
2007-03-01,0.46955658338865364
2007-03-02,0.46955658338865364
2007-03-03,0.46955658338865364
2007-03-04,0.4666934334899423
2007-03-05,0.4666934334899423
2007-03-06,0.4666934334899423
2007-03-07,0.4666934334899423
2007-03-08,0.4666934334899423
2007-03-09,0.4666934334899423
2007-03-10,0.4666934334899423
2007-03-11,0.463830283591231
2007-03-12,0.463830283591231
2007-03-13,0.463830283591231
2007-03-14,0.463830283591231
2007-03-15,0.463830283591231
2007-03-16,0.4666934334899423
2007-03-17,0.4666934334899423
2007-03-18,0.46955658338865364
2007-03-19,0.46955658338865364
2007-03-20,0.4724197332873649
2007-03-21,0.4724197332873649
2007-03-22,0.47528288318607625
2007-03-23,0.47528288318607625
2007-03-24,0.4781460330847875
2007-03-25,0.4781460330847875
2007-03-26,0.4810091829834988
2007-03-27,0.4810091829834988
2007-03-28,0.4838723328822101
2007-03-29,0.4838723328822101
2007-03-30,0.48673548278092144
2007-03-31,0.48673548278092144
2007-04-01,0.49532493247705534
2007-04-02,0.5067775320719006
2007-04-03,0.5153669817680344
2007-04-04,0.5153669817680344
2007-04-05,0.5153669817680344
2007-04-06,0.5153669817680344
2007-04-07,0.5153669817680344
2007-04-08,0.5611773801474154
2007-04-09,0.5611773801474154
2007-04-10,0.6069877785267961
2007-04-11,0.6069877785267961
2007-04-12,0.6069877785267961
2007-04-13,0.6986085752855578
2007-04-14,0.804545121537876
2007-04-15,1.0421865631309142
2007-04-16,1.0421865631309142
2007-04-17,1.0421865631309142
2007-04-18,1.2254281566484375
2007-04-19,0.9219342673850394
2007-04-20,0.9219342673850394
2007-04-21,0.8646712694108133
2007-04-22,0.8646712694108133
2007-04-23,0.8646712694108133
2007-04-24,0.804545121537876
2007-04-25,0.8646712694108133
2007-04-26,0.8646712694108133
2007-04-27,0.9219342673850394
2007-04-28,0.9219342673850394
2007-04-29,0.9219342673850394
2007-04-30,1.0421865631309142
2007-05-01,1.0421865631309142
2007-05-02,0.804545121537876
2007-05-03,1.2855543045213749
2007-05-04,1.798058136390698
2007-05-05,2.0042049290979116
2007-05-06,2.0042049290979116
2007-05-07,2.147362424033477
2007-05-08,2.3620986664368244
2007-05-09,2.3620986664368244
2007-05-10,2.2189411715012595
2007-05-11,1.5976376434809068
2007-05-12,1.6606269412525554
2007-05-13,1.7293425388216266
2007-05-14,1.5346483457092581
2007-05-15,1.6606269412525554
2007-05-16,2.3620986664368244
2007-05-17,2.50525616137239
2007-05-18,2.4336774139046073
2007-05-19,2.3620986664368244
2007-05-20,2.2189411715012595
2007-05-21,2.0757836765656945
2007-05-22,1.9354893315288404
2007-05-23,1.798058136390698
2007-05-24,1.7293425388216266
2007-05-25,2.0042049290979116
2007-05-26,2.0757836765656945
2007-05-27,2.0757836765656945
2007-05-28,2.147362424033477
2007-05-29,1.9354893315288404
2007-05-30,2.147362424033477
2007-05-31,2.2206590614404864
2007-06-01,2.3620986664368244
2007-06-02,2.4336774139046073
2007-06-03,2.4336774139046073
2007-06-04,2.5768349088401723
2007-06-05,2.8917813976984155
2007-06-06,2.6484136563079548
2007-06-07,2.50525616137239
2007-06-08,2.8917813976984155
2007-06-09,2.7199924037757373
2007-06-10,2.6484136563079548
2007-06-11,3.0635703916210937
2007-06-12,3.464411377440676
2007-06-13,3.464411377440676
2007-06-14,3.2639908845308847
2007-06-15,3.0635703916210937
2007-06-16,2.977675894659755
2007-06-17,2.50525616137239
2007-06-18,2.4336774139046073
2007-06-19,2.3620986664368244
2007-06-20,2.3620986664368244
2007-06-21,2.805886900737077
2007-06-22,3.1494648885824326
2007-06-23,3.3498853814922236
2007-06-24,3.664831870350467
2007-06-25,3.664831870350467
2007-06-26,3.550305874402015
2007-06-27,3.664831870350467
2007-06-28,3.550305874402015
2007-06-29,3.7793578662989193
2007-06-30,3.8938838622473715
2007-07-01,4.323356347054067
2007-07-02,3.664831870350467
2007-07-03,2.8917813976984155
2007-07-04,2.977675894659755
2007-07-05,2.8917813976984155
2007-07-06,3.2639908845308847
2007-07-07,3.664831870350467
2007-07-08,4.0943043551571625
2007-07-09,3.7793578662989193
2007-07-10,3.550305874402015
2007-07-11,3.7793578662989193
2007-07-12,4.0943043551571625
2007-07-13,4.0943043551571625
2007-07-14,3.664831870350467
2007-07-15,3.464411377440676
2007-07-16,3.3498853814922236
2007-07-17,3.0635703916210937
2007-07-18,3.2639908845308847
2007-07-19,3.550305874402015
2007-07-20,4.0943043551571625
2007-07-21,4.0943043551571625
2007-07-22,4.323356347054067
2007-07-23,4.323356347054067
2007-07-24,3.9797783592087104
2007-07-25,4.323356347054067
2007-07-26,4.437882343002519
2007-07-27,4.437882343002519
2007-07-28,3.9797783592087104
2007-07-29,3.7793578662989193
2007-07-30,3.664831870350467
2007-07-31,3.9797783592087104
2007-08-01,4.437882343002519
2007-08-02,4.208830351105615
2007-08-03,3.9797783592087104
2007-08-04,3.664831870350467
2007-08-05,3.664831870350467
2007-08-06,3.664831870350467
2007-08-07,3.7793578662989193
2007-08-08,3.7793578662989193
2007-08-09,4.0943043551571625
2007-08-10,4.208830351105615
2007-08-11,3.9797783592087104
2007-08-12,3.8938838622473715
2007-08-13,3.7793578662989193
2007-08-14,3.550305874402015
2007-08-15,3.2639908845308847
2007-08-16,3.2639908845308847
2007-08-17,3.2639908845308847
2007-08-18,3.0635703916210937
2007-08-19,3.3498853814922236
2007-08-20,3.464411377440676
2007-08-21,3.0635703916210937
2007-08-22,3.3498853814922236
2007-08-23,3.2639908845308847
2007-08-24,3.0635703916210937
2007-08-25,3.0635703916210937
2007-08-26,2.8917813976984155
2007-08-27,2.7199924037757373
2007-08-28,2.5768349088401723
2007-08-29,2.7199924037757373
2007-08-30,2.7199924037757373
2007-08-31,2.805886900737077
2007-09-01,2.805886900737077
2007-09-02,2.7199924037757373
2007-09-03,2.6484136563079548
2007-09-04,2.6484136563079548
2007-09-05,2.805886900737077
2007-09-06,2.50525616137239
2007-09-07,2.50525616137239
2007-09-08,2.4336774139046073
2007-09-09,2.4336774139046073
2007-09-10,2.4336774139046073
2007-09-11,2.4336774139046073
2007-09-12,2.3620986664368244
2007-09-13,2.2189411715012595
2007-09-14,2.147362424033477
2007-09-15,2.147362424033477
2007-09-16,2.147362424033477
2007-09-17,2.147362424033477
2007-09-18,2.0757836765656945
2007-09-19,2.2189411715012595
2007-09-20,2.3620986664368244
2007-09-21,2.3620986664368244
2007-09-22,2.290519918969042
2007-09-23,2.147362424033477
2007-09-24,2.0757836765656945
2007-09-25,2.0042049290979116
2007-09-26,1.9354893315288404
2007-09-27,1.7293425388216266
2007-09-28,1.7293425388216266
2007-09-29,1.5346483457092581
2007-09-30,1.4086697501659609
2007-10-01,1.3456804523943122
2007-10-02,1.3456804523943122
2007-10-03,1.2855543045213749
2007-10-04,1.3456804523943122
2007-10-05,1.2855543045213749
2007-10-06,1.2855543045213749
2007-10-07,1.2254281566484375
2007-10-08,1.2254281566484375
2007-10-09,1.1624388588767887
2007-10-10,1.1023127110038515
2007-10-11,1.1023127110038515
2007-10-12,1.1023127110038515
2007-10-13,1.1624388588767887
2007-10-14,1.2855543045213749
2007-10-15,1.3456804523943122
2007-10-16,1.3456804523943122
2007-10-17,1.2855543045213749
2007-10-18,1.2254281566484375
2007-10-19,1.0421865631309142
2007-10-20,0.8646712694108133
2007-10-21,0.8646712694108133
2007-10-22,0.9820604152579767
2007-10-23,0.8646712694108133
2007-10-24,0.8646712694108133
2007-10-25,0.804545121537876
2007-10-26,0.804545121537876
2007-10-27,0.804545121537876
2007-10-28,0.804545121537876
2007-10-29,0.804545121537876
2007-10-30,0.8646712694108133
2007-10-31,0.804545121537876
2007-11-01,0.8646712694108133
2007-11-02,0.804545121537876
2007-11-03,0.8646712694108133
2007-11-04,0.8646712694108133
2007-11-05,0.8646712694108133
2007-11-06,0.9820604152579767
2007-11-07,0.9820604152579767
2007-11-08,0.9820604152579767
2007-11-09,0.9219342673850394
2007-11-10,0.9820604152579767
2007-11-11,0.9219342673850394
2007-11-12,0.9820604152579767
2007-11-13,0.9219342673850394
2007-11-14,0.9219342673850394
2007-11-15,0.9219342673850394
2007-11-16,0.9820604152579767
2007-11-17,0.8646712694108133
2007-11-18,0.8646712694108133
2007-11-19,0.9219342673850394
2007-11-20,0.9219342673850394
2007-11-21,0.8646712694108133
2007-11-22,0.9219342673850394
2007-11-23,0.9219342673850394
2007-11-24,0.9219342673850394
2007-11-25,0.9219342673850394
2007-11-26,0.9219342673850394
2007-11-27,0.8646712694108133
2007-11-28,0.8646712694108133
2007-11-29,0.8646712694108133
2007-11-30,0.8646712694108133
2007-12-01,0.8646712694108133
2007-12-02,0.8646712694108133
2007-12-03,0.804545121537876
2007-12-04,0.804545121537876
2007-12-05,0.7444189736649387
2007-12-06,0.8646712694108133
2007-12-07,0.8646712694108133
2007-12-08,0.8646712694108133
2007-12-09,0.8646712694108133
2007-12-10,0.7444189736649387
2007-12-11,0.7444189736649387
2007-12-12,0.6986085752855578
2007-12-13,0.6814296758932901
2007-12-14,0.6642507765010222
2007-12-15,0.6613876266023109
2007-12-16,0.6556613268048882
2007-12-17,0.6527981769061769
2007-12-18,0.6499350270074656
2007-12-19,0.6470718771087542
2007-12-20,0.6413455773113319
2007-12-21,0.6384824274126205
2007-12-22,0.6356192775139092
2007-12-23,0.6298929777164866
2007-12-24,0.6270298278177753
2007-12-25,0.624166677919064
2007-12-26,0.6184403781216413
2007-12-27,0.61557722822293
2007-12-28,0.6127140783242188
2007-12-29,0.6098509284255075
2007-12-30,0.6041246286280848
2007-12-31,0.6012614787293735
2008-01-01,
2008-01-02,
2008-01-03,
2008-01-04,
2008-01-05,
2008-01-06,
2008-01-07,
2008-01-08,
2008-01-09,
2008-01-10,
2008-01-11,
2008-01-12,
2008-01-13,
2008-01-14,
2008-01-15,
2008-01-16,
2008-01-17,
2008-01-18,
2008-01-19,
2008-01-20,
2008-01-21,
2008-01-22,
2008-01-23,
2008-01-24,
2008-01-25,
2008-01-26,
2008-01-27,
2008-01-28,
2008-01-29,
2008-01-30,
2008-01-31,
2008-02-01,
2008-02-02,
2008-02-03,
2008-02-04,
2008-02-05,
2008-02-06,
2008-02-07,
2008-02-08,
2008-02-09,
2008-02-10,
2008-02-11,
2008-02-12,
2008-02-13,
2008-02-14,
2008-02-15,
2008-02-16,
2008-02-17,
2008-02-18,
2008-02-19,
2008-02-20,
2008-02-21,
2008-02-22,
2008-02-23,
2008-02-24,
2008-02-25,
2008-02-26,
2008-02-27,
2008-02-28,
2008-02-29,
2008-03-01,
2008-03-02,
2008-03-03,
2008-03-04,
2008-03-05,
2008-03-06,
2008-03-07,
2008-03-08,
2008-03-09,
2008-03-10,
2008-03-11,
2008-03-12,
2008-03-13,
2008-03-14,
2008-03-15,
2008-03-16,
2008-03-17,
2008-03-18,
2008-03-19,
2008-03-20,
2008-03-21,
2008-03-22,
2008-03-23,
2008-03-24,
2008-03-25,
2008-03-26,
2008-03-27,
2008-03-28,
2008-03-29,
2008-03-30,
2008-03-31,
2008-04-01,
2008-04-02,
2008-04-03,
2008-04-04,
2008-04-05,
2008-04-06,
2008-04-07,
2008-04-08,
2008-04-09,
2008-04-10,
2008-04-11,
2008-04-12,
2008-04-13,
2008-04-14,
2008-04-15,
2008-04-16,
2008-04-17,
2008-04-18,
2008-04-19,
2008-04-20,
2008-04-21,
2008-04-22,
2008-04-23,
2008-04-24,
2008-04-25,
2008-04-26,
2008-04-27,
2008-04-28,
2008-04-29,
2008-04-30,
2008-05-01,
2008-05-02,
2008-05-03,
2008-05-04,
2008-05-05,
2008-05-06,
2008-05-07,
2008-05-08,
2008-05-09,
2008-05-10,
2008-05-11,
2008-05-12,
2008-05-13,
2008-05-14,
2008-05-15,
2008-05-16,
2008-05-17,
2008-05-18,
2008-05-19,
2008-05-20,
2008-05-21,
2008-05-22,
2008-05-23,
2008-05-24,
2008-05-25,
2008-05-26,
2008-05-27,
2008-05-28,
2008-05-29,
2008-05-30,
2008-05-31,
2008-06-01,
2008-06-02,
2008-06-03,
2008-06-04,
2008-06-05,
2008-06-06,
2008-06-07,
2008-06-08,
2008-06-09,
2008-06-10,
2008-06-11,
2008-06-12,
2008-06-13,
2008-06-14,
2008-06-15,
2008-06-16,
2008-06-17,
2008-06-18,
2008-06-19,
2008-06-20,
2008-06-21,
2008-06-22,
2008-06-23,
2008-06-24,
2008-06-25,
2008-06-26,
2008-06-27,
2008-06-28,
2008-06-29,
2008-06-30,
2008-07-01,
2008-07-02,
2008-07-03,
2008-07-04,
2008-07-05,
2008-07-06,
2008-07-07,
2008-07-08,
2008-07-09,
2008-07-10,
2008-07-11,
2008-07-12,
2008-07-13,
2008-07-14,
2008-07-15,
2008-07-16,
2008-07-17,
2008-07-18,
2008-07-19,
2008-07-20,
2008-07-21,
2008-07-22,
2008-07-23,
2008-07-24,
2008-07-25,
2008-07-26,
2008-07-27,
2008-07-28,
2008-07-29,
2008-07-30,
2008-07-31,
2008-08-01,
2008-08-02,
2008-08-03,
2008-08-04,
2008-08-05,
2008-08-06,
2008-08-07,
2008-08-08,
2008-08-09,
2008-08-10,
2008-08-11,
2008-08-12,
2008-08-13,
2008-08-14,
2008-08-15,
2008-08-16,
2008-08-17,
2008-08-18,
2008-08-19,
2008-08-20,
2008-08-21,
2008-08-22,
2008-08-23,
2008-08-24,
2008-08-25,
2008-08-26,
2008-08-27,
2008-08-28,
2008-08-29,
2008-08-30,
2008-08-31,
2008-09-01,
2008-09-02,
2008-09-03,
2008-09-04,
2008-09-05,
2008-09-06,
2008-09-07,
2008-09-08,
2008-09-09,
2008-09-10,
2008-09-11,
2008-09-12,
2008-09-13,
2008-09-14,
2008-09-15,
2008-09-16,
2008-09-17,
2008-09-18,
2008-09-19,
2008-09-20,
2008-09-21,
2008-09-22,
2008-09-23,
2008-09-24,
2008-09-25,
2008-09-26,
2008-09-27,
2008-09-28,
2008-09-29,
2008-09-30,
2008-10-01,
2008-10-02,
2008-10-03,
2008-10-04,
2008-10-05,
2008-10-06,
2008-10-07,
2008-10-08,
2008-10-09,
2008-10-10,
2008-10-11,
2008-10-12,
2008-10-13,
2008-10-14,
2008-10-15,
2008-10-16,
2008-10-17,
2008-10-18,
2008-10-19,
2008-10-20,
2008-10-21,
2008-10-22,
2008-10-23,
2008-10-24,
2008-10-25,
2008-10-26,
2008-10-27,
2008-10-28,
2008-10-29,
2008-10-30,
2008-10-31,
2008-11-01,
2008-11-02,
2008-11-03,
2008-11-04,
2008-11-05,
2008-11-06,
2008-11-07,
2008-11-08,
2008-11-09,
2008-11-10,
2008-11-11,
2008-11-12,
2008-11-13,
2008-11-14,
2008-11-15,
2008-11-16,
2008-11-17,
2008-11-18,
2008-11-19,
2008-11-20,
2008-11-21,
2008-11-22,
2008-11-23,
2008-11-24,
2008-11-25,
2008-11-26,
2008-11-27,
2008-11-28,
2008-11-29,
2008-11-30,
2008-12-01,
2008-12-02,
2008-12-03,
2008-12-04,
2008-12-05,
2008-12-06,
2008-12-07,
2008-12-08,
2008-12-09,
2008-12-10,
2008-12-11,
2008-12-12,
2008-12-13,
2008-12-14,
2008-12-15,
2008-12-16,
2008-12-17,
2008-12-18,
2008-12-19,
2008-12-20,
2008-12-21,
2008-12-22,
2008-12-23,
2008-12-24,
2008-12-25,
2008-12-26,
2008-12-27,
2008-12-28,
2008-12-29,
2008-12-30,
2008-12-31,
2009-01-01,
2009-01-02,
2009-01-03,
2009-01-04,
2009-01-05,
2009-01-06,
2009-01-07,
2009-01-08,
2009-01-09,
2009-01-10,
2009-01-11,
2009-01-12,
2009-01-13,
2009-01-14,
2009-01-15,
2009-01-16,
2009-01-17,
2009-01-18,
2009-01-19,
2009-01-20,
2009-01-21,
2009-01-22,
2009-01-23,
2009-01-24,
2009-01-25,
2009-01-26,
2009-01-27,
2009-01-28,
2009-01-29,
2009-01-30,
2009-01-31,
2009-02-01,
2009-02-02,
2009-02-03,
2009-02-04,
2009-02-05,
2009-02-06,
2009-02-07,
2009-02-08,
2009-02-09,
2009-02-10,
2009-02-11,
2009-02-12,
2009-02-13,
2009-02-14,
2009-02-15,
2009-02-16,
2009-02-17,
2009-02-18,
2009-02-19,
2009-02-20,
2009-02-21,
2009-02-22,
2009-02-23,
2009-02-24,
2009-02-25,
2009-02-26,
2009-02-27,
2009-02-28,
2009-03-01,
2009-03-02,
2009-03-03,
2009-03-04,
2009-03-05,
2009-03-06,
2009-03-07,
2009-03-08,
2009-03-09,
2009-03-10,
2009-03-11,
2009-03-12,
2009-03-13,
2009-03-14,
2009-03-15,
2009-03-16,
2009-03-17,
2009-03-18,
2009-03-19,
2009-03-20,
2009-03-21,
2009-03-22,
2009-03-23,
2009-03-24,
2009-03-25,
2009-03-26,
2009-03-27,
2009-03-28,
2009-03-29,
2009-03-30,
2009-03-31,
2009-04-01,
2009-04-02,
2009-04-03,
2009-04-04,
2009-04-05,
2009-04-06,
2009-04-07,
2009-04-08,
2009-04-09,
2009-04-10,
2009-04-11,
2009-04-12,
2009-04-13,
2009-04-14,
2009-04-15,
2009-04-16,
2009-04-17,
2009-04-18,
2009-04-19,
2009-04-20,
2009-04-21,
2009-04-22,
2009-04-23,
2009-04-24,
2009-04-25,
2009-04-26,
2009-04-27,
2009-04-28,
2009-04-29,
2009-04-30,
2009-05-01,
2009-05-02,
2009-05-03,
2009-05-04,
2009-05-05,
2009-05-06,
2009-05-07,
2009-05-08,
2009-05-09,
2009-05-10,
2009-05-11,
2009-05-12,
2009-05-13,
2009-05-14,
2009-05-15,
2009-05-16,
2009-05-17,
2009-05-18,
2009-05-19,
2009-05-20,
2009-05-21,
2009-05-22,
2009-05-23,
2009-05-24,
2009-05-25,
2009-05-26,
2009-05-27,
2009-05-28,
2009-05-29,
2009-05-30,
2009-05-31,
2009-06-01,
2009-06-02,
2009-06-03,
2009-06-04,
2009-06-05,
2009-06-06,
2009-06-07,
2009-06-08,
2009-06-09,
2009-06-10,
2009-06-11,
2009-06-12,
2009-06-13,
2009-06-14,
2009-06-15,
2009-06-16,
2009-06-17,
2009-06-18,
2009-06-19,
2009-06-20,
2009-06-21,
2009-06-22,
2009-06-23,
2009-06-24,
2009-06-25,
2009-06-26,
2009-06-27,
2009-06-28,
2009-06-29,
2009-06-30,
2009-07-01,
2009-07-02,
2009-07-03,
2009-07-04,
2009-07-05,
2009-07-06,
2009-07-07,
2009-07-08,
2009-07-09,
2009-07-10,
2009-07-11,
2009-07-12,
2009-07-13,
2009-07-14,
2009-07-15,
2009-07-16,
2009-07-17,
2009-07-18,
2009-07-19,
2009-07-20,
2009-07-21,
2009-07-22,
2009-07-23,
2009-07-24,
2009-07-25,
2009-07-26,
2009-07-27,
2009-07-28,
2009-07-29,
2009-07-30,
2009-07-31,
2009-08-01,
2009-08-02,
2009-08-03,
2009-08-04,
2009-08-05,
2009-08-06,
2009-08-07,
2009-08-08,
2009-08-09,
2009-08-10,
2009-08-11,
2009-08-12,
2009-08-13,
2009-08-14,
2009-08-15,
2009-08-16,
2009-08-17,
2009-08-18,
2009-08-19,
2009-08-20,
2009-08-21,
2009-08-22,
2009-08-23,
2009-08-24,
2009-08-25,
2009-08-26,
2009-08-27,
2009-08-28,
2009-08-29,
2009-08-30,
2009-08-31,
2009-09-01,
2009-09-02,
2009-09-03,
2009-09-04,
2009-09-05,
2009-09-06,
2009-09-07,
2009-09-08,
2009-09-09,
2009-09-10,
2009-09-11,
2009-09-12,
2009-09-13,
2009-09-14,
2009-09-15,
2009-09-16,
2009-09-17,
2009-09-18,
2009-09-19,
2009-09-20,
2009-09-21,
2009-09-22,
2009-09-23,
2009-09-24,
2009-09-25,
2009-09-26,
2009-09-27,
2009-09-28,
2009-09-29,
2009-09-30,
2009-10-01,
2009-10-02,
2009-10-03,
2009-10-04,
2009-10-05,
2009-10-06,
2009-10-07,
2009-10-08,
2009-10-09,
2009-10-10,
2009-10-11,
2009-10-12,
2009-10-13,
2009-10-14,
2009-10-15,
2009-10-16,
2009-10-17,
2009-10-18,
2009-10-19,
2009-10-20,
2009-10-21,
2009-10-22,
2009-10-23,
2009-10-24,
2009-10-25,
2009-10-26,
2009-10-27,
2009-10-28,
2009-10-29,
2009-10-30,
2009-10-31,
2009-11-01,
2009-11-02,
2009-11-03,
2009-11-04,
2009-11-05,
2009-11-06,
2009-11-07,
2009-11-08,
2009-11-09,
2009-11-10,
2009-11-11,
2009-11-12,
2009-11-13,
2009-11-14,
2009-11-15,
2009-11-16,
2009-11-17,
2009-11-18,
2009-11-19,
2009-11-20,
2009-11-21,
2009-11-22,
2009-11-23,
2009-11-24,
2009-11-25,
2009-11-26,
2009-11-27,
2009-11-28,
2009-11-29,
2009-11-30,
2009-12-01,
2009-12-02,
2009-12-03,
2009-12-04,
2009-12-05,
2009-12-06,
2009-12-07,
2009-12-08,
2009-12-09,
2009-12-10,
2009-12-11,
2009-12-12,
2009-12-13,
2009-12-14,
2009-12-15,
2009-12-16,
2009-12-17,
2009-12-18,
2009-12-19,
2009-12-20,
2009-12-21,
2009-12-22,
2009-12-23,
2009-12-24,
2009-12-25,
2009-12-26,
2009-12-27,
2009-12-28,
2009-12-29,
2009-12-30,
2009-12-31,
2010-01-01,0.6384824274126205
2010-01-02,0.6384824274126205
2010-01-03,0.6470718771087542
2010-01-04,0.6470718771087542
2010-01-05,0.6470718771087542
2010-01-06,0.6442087272100431
2010-01-07,0.6442087272100431
2010-01-08,0.6413455773113319
2010-01-09,0.6413455773113319
2010-01-10,0.6384824274126205
2010-01-11,0.6384824274126205
2010-01-12,0.6356192775139092
2010-01-13,0.6356192775139092
2010-01-14,0.6327561276151978
2010-01-15,0.6327561276151978
2010-01-16,0.6327561276151978
2010-01-17,0.6298929777164866
2010-01-18,0.6298929777164866
2010-01-19,0.6270298278177753
2010-01-20,0.6270298278177753
2010-01-21,0.624166677919064
2010-01-22,0.624166677919064
2010-01-23,0.6213035280203526
2010-01-24,0.6213035280203526
2010-01-25,0.6184403781216413
2010-01-26,0.6184403781216413
2010-01-27,0.61557722822293
2010-01-28,0.61557722822293
2010-01-29,0.6213035280203526
2010-01-30,0.6270298278177753
2010-01-31,0.6356192775139092
2010-02-01,0.6413455773113319
2010-02-02,0.6470718771087542
2010-02-03,0.6527981769061769
2010-02-04,0.6499350270074656
2010-02-05,0.6470718771087542
2010-02-06,0.6442087272100431
2010-02-07,0.6413455773113319
2010-02-08,0.6384824274126205
2010-02-09,0.6356192775139092
2010-02-10,0.6356192775139092
2010-02-11,0.6327561276151978
2010-02-12,0.6298929777164866
2010-02-13,0.6270298278177753
2010-02-14,0.624166677919064
2010-02-15,0.6213035280203526
2010-02-16,0.61557722822293
2010-02-17,0.6127140783242188
2010-02-18,0.6069877785267961
2010-02-19,0.6012614787293735
2010-02-20,0.595535178931951
2010-02-21,0.5926720290332396
2010-02-22,0.5869457292358169
2010-02-23,0.5812194294383943
2010-02-24,0.5754931296409718
2010-02-25,0.5726299797422605
2010-02-26,0.5669036799448378
2010-02-27,0.5611773801474154
2010-02-28,0.5640405300461266
2010-03-01,0.5697668298435492
2010-03-02,0.5726299797422605
2010-03-03,0.5754931296409718
2010-03-04,0.578356279539683
2010-03-05,0.5840825793371057
2010-03-06,0.5869457292358169
2010-03-07,0.595535178931951
2010-03-08,0.6041246286280848
2010-03-09,0.6127140783242188
2010-03-10,0.6213035280203526
2010-03-11,0.6298929777164866
2010-03-12,0.6356192775139092
2010-03-13,0.6442087272100431
2010-03-14,0.6527981769061769
2010-03-15,0.6613876266023109
2010-03-16,0.6699770762984447
2010-03-17,0.7014717251842693
2010-03-18,0.7472821235636499
2010-03-19,0.8847133187017925
2010-03-20,0.7472821235636499
2010-03-21,0.7014717251842693
2010-03-22,0.7014717251842693
2010-03-23,0.6384824274126205
2010-03-24,0.6699770762984447
2010-03-25,0.6699770762984447
2010-03-26,0.6699770762984447
2010-03-27,0.6699770762984447
2010-03-28,0.6699770762984447
2010-03-29,0.6699770762984447
2010-03-30,0.6384824274126205
2010-03-31,0.6384824274126205
2010-04-01,0.6384824274126205
2010-04-02,0.7014717251842693
2010-04-03,0.7014717251842693
2010-04-04,0.7014717251842693
2010-04-05,0.7014717251842693
2010-04-06,0.7472821235636499
2010-04-07,0.7472821235636499
2010-04-08,0.7472821235636499
2010-04-09,0.7014717251842693
2010-04-10,0.7472821235636499
2010-04-11,0.7014717251842693
2010-04-12,0.7472821235636499
2010-04-13,0.7930925219430308
2010-04-14,0.7472821235636499
2010-04-15,0.7472821235636499
2010-04-16,0.7472821235636499
2010-04-17,0.7930925219430308
2010-04-18,0.7930925219430308
2010-04-19,0.7930925219430308
2010-04-20,0.7930925219430308
2010-04-21,0.8389029203224116
2010-04-22,0.8847133187017925
2010-04-23,0.9877867150553993
2010-04-24,1.050776012827048
2010-04-25,1.1137653105986967
2010-04-26,1.1767546083703453
2010-04-27,1.2397439061419941
2010-04-28,1.3027332039136426
2010-04-29,1.6119533929744632
2010-04-30,1.6892584402396686
2010-05-01,1.8954052329468822
2010-05-02,1.8954052329468822
2010-05-03,1.7923318365932754
2010-05-04,1.5346483457092581
2010-05-05,1.6119533929744632
2010-05-06,1.7923318365932754
2010-05-07,2.101552025654096
2010-05-08,2.4794878122839883
2010-05-09,2.204625422007703
2010-05-10,2.4794878122839883
2010-05-11,2.204625422007703
2010-05-12,2.101552025654096
2010-05-13,1.8954052329468822
2010-05-14,2.101552025654096
2010-05-15,1.5346483457092581
2010-05-16,1.8954052329468822
2010-05-17,1.6892584402396686
2010-05-18,1.5346483457092581
2010-05-19,1.4573432984440529
2010-05-20,1.4573432984440529
2010-05-21,1.4573432984440529
2010-05-22,1.998478629300489
2010-05-23,2.204625422007703
2010-05-24,2.101552025654096
2010-05-25,1.8954052329468822
2010-05-26,1.6892584402396686
2010-05-27,1.998478629300489
2010-05-28,1.8954052329468822
2010-05-29,1.7923318365932754
2010-05-30,2.101552025654096
2010-05-31,1.998478629300489
2010-06-01,2.032836428085025
2010-06-02,2.0700573767682715
2010-06-03,2.1044151755528073
2010-06-04,2.1416361242360544
2010-06-05,2.17599392302059
2010-06-06,2.210351721805125
2010-06-07,2.2475726704883723
2010-06-08,2.281930469272908
2010-06-09,2.385003865626515
2010-06-10,2.488077261980122
2010-06-11,2.591150658333729
2010-06-12,2.6942240546873357
2010-06-13,2.794434301142231
2010-06-14,2.8917813976984155
2010-06-15,3.0063073936468676
2010-06-16,3.092201890608207
2010-06-17,3.206727886556658
2010-06-18,3.178096387569546
2010-06-19,3.1494648885824326
2010-06-20,3.1208333895953198
2010-06-21,3.092201890608207
2010-06-22,3.0635703916210937
2010-06-23,3.034938892633981
2010-06-24,3.0063073936468676
2010-06-25,2.977675894659755
2010-06-26,2.949044395672642
2010-06-27,2.9204128966855283
2010-06-28,2.8917813976984155
2010-06-29,2.860286748812591
2010-06-30,2.831655249825478
2010-07-01,2.9204128966855283
2010-07-02,3.0063073936468676
2010-07-03,3.1208333895953198
2010-07-04,3.206727886556658
2010-07-05,3.292622383517998
2010-07-06,3.2639908845308847
2010-07-07,3.2639908845308847
2010-07-08,3.2353593855437723
2010-07-09,3.206727886556658
2010-07-10,3.178096387569546
2010-07-11,3.178096387569546
2010-07-12,3.1494648885824326
2010-07-13,3.1208333895953198
2010-07-14,3.092201890608207
2010-07-15,3.092201890608207
2010-07-16,3.0635703916210937
2010-07-17,3.0635703916210937
2010-07-18,3.0635703916210937
2010-07-19,3.092201890608207
2010-07-20,3.092201890608207
2010-07-21,3.092201890608207
2010-07-22,3.092201890608207
2010-07-23,3.1208333895953198
2010-07-24,3.1208333895953198
2010-07-25,3.1208333895953198
2010-07-26,3.1208333895953198
2010-07-27,3.1208333895953198
2010-07-28,3.1494648885824326
2010-07-29,3.1494648885824326
2010-07-30,3.1494648885824326
2010-07-31,3.5789373733891283
2010-08-01,4.008409858195823
2010-08-02,4.437882343002519
2010-08-03,4.867354827809215
2010-08-04,6.041246286280849
2010-08-05,6.270298278177751
2010-08-06,6.270298278177751
2010-08-07,6.041246286280849
2010-08-08,6.041246286280849
2010-08-09,5.554510803499926
2010-08-10,5.554510803499926
2010-08-11,5.554510803499926
2010-08-12,4.867354827809215
2010-08-13,4.867354827809215
2010-08-14,5.325458811603023
2010-08-15,5.325458811603023
2010-08-16,5.554510803499926
2010-08-17,5.554510803499926
2010-08-18,5.783562795396831
2010-08-19,5.783562795396831
2010-08-20,5.096406819706118
2010-08-21,5.325458811603023
2010-08-22,5.096406819706118
2010-08-23,5.325458811603023
2010-08-24,5.783562795396831
2010-08-25,4.867354827809215
2010-08-26,4.466513841989632
2010-08-27,4.466513841989632
2010-08-28,4.0943043551571625
2010-08-29,3.7220948683246933
2010-08-30,3.550305874402015
2010-08-31,3.550305874402015
2010-09-01,3.550305874402015
2010-09-02,3.8938838622473715
2010-09-03,4.266093349079841
2010-09-04,4.266093349079841
2010-09-05,4.266093349079841
2010-09-06,4.266093349079841
2010-09-07,4.266093349079841
2010-09-08,4.0943043551571625
2010-09-09,3.550305874402015
2010-09-10,2.7543502025602726
2010-09-11,2.6169190074221302
2010-09-12,2.4794878122839883
2010-09-13,1.998478629300489
2010-09-14,1.7923318365932754
2010-09-15,1.6892584402396686
2010-09-16,1.6119533929744632
2010-09-17,1.6892584402396686
2010-09-18,1.6892584402396686
2010-09-19,1.6119533929744632
2010-09-20,1.3800382511788478
2010-09-21,1.3027332039136426
2010-09-22,1.2540596556355506
2010-09-23,1.2540596556355506
2010-09-24,1.2053861073574583
2010-09-25,1.2540596556355506
2010-09-26,1.2053861073574583
2010-09-27,1.156712559079366
2010-09-28,1.108039010801274
2010-09-29,1.108039010801274
2010-09-30,1.0593654625231819
2010-10-01,1.0593654625231819
2010-10-02,1.0536391627257593
2010-10-03,1.050776012827048
2010-10-04,1.0450497130296255
2010-10-05,1.1595757089780776
2010-10-06,1.1023127110038515
2010-10-07,0.9877867150553993
2010-10-08,1.1023127110038515
2010-10-09,1.1595757089780776
2010-10-10,1.0450497130296255
2010-10-11,1.0450497130296255
2010-10-12,0.9877867150553993
2010-10-13,0.9305237170811733
2010-10-14,0.8847133187017925
2010-10-15,0.9305237170811733
2010-10-16,0.8847133187017925
2010-10-17,0.9305237170811733
2010-10-18,0.9305237170811733
2010-10-19,0.9305237170811733
2010-10-20,0.9305237170811733
2010-10-21,0.9877867150553993
2010-10-22,0.9877867150553993
2010-10-23,1.0450497130296255
2010-10-24,0.9877867150553993
2010-10-25,0.9305237170811733
2010-10-26,0.9305237170811733
2010-10-27,0.8847133187017925
2010-10-28,0.8847133187017925
2010-10-29,0.8847133187017925
2010-10-30,0.8847133187017925
2010-10-31,0.8847133187017925
2010-11-01,0.7930925219430308
2010-11-02,0.7930925219430308
2010-11-03,0.9305237170811733
2010-11-04,0.9305237170811733
2010-11-05,0.9305237170811733
2010-11-06,0.9305237170811733
2010-11-07,0.9305237170811733
2010-11-08,0.9877867150553993
2010-11-09,0.9877867150553993
2010-11-10,0.9305237170811733
2010-11-11,0.9305237170811733
2010-11-12,0.9877867150553993
2010-11-13,1.0450497130296255
2010-11-14,1.0450497130296255
2010-11-15,1.0450497130296255
2010-11-16,0.9305237170811733
2010-11-17,0.9877867150553993
2010-11-18,0.9305237170811733
2010-11-19,0.8847133187017925
2010-11-20,0.9305237170811733
2010-11-21,0.8389029203224116
2010-11-22,0.8389029203224116
2010-11-23,0.8389029203224116
2010-11-24,0.8389029203224116
2010-11-25,0.8389029203224116
2010-11-26,0.7930925219430308
2010-11-27,0.7930925219430308
2010-11-28,0.7930925219430308
2010-11-29,0.7930925219430308
2010-11-30,0.8389029203224116
2010-12-01,0.7930925219430308
2010-12-02,0.7930925219430308
2010-12-03,0.7930925219430308
2010-12-04,0.8847133187017925
2010-12-05,0.8847133187017925
2010-12-06,0.8847133187017925
2010-12-07,0.8761238690056585
2010-12-08,0.8675344193095246
2010-12-09,0.8589449696133907
2010-12-10,0.8503555199172569
2010-12-11,0.8417660702211229
2010-12-12,0.8389029203224116
2010-12-13,0.8274503207275664
2010-12-14,0.8188608710314326
2010-12-15,0.8102714213352986
2010-12-16,0.8016819716391645
2010-12-17,0.7930925219430308
2010-12-18,0.7472821235636499
2010-12-19,0.7701873227533405
2010-12-20,0.7930925219430308
2010-12-21,0.7472821235636499
2010-12-22,0.7930925219430308
2010-12-23,0.7930925219430308
2010-12-24,0.7501452734623613
2010-12-25,0.7071980249816918
2010-12-26,0.7043348750829804
2010-12-27,0.7014717251842693
2010-12-28,0.6986085752855578
2010-12-29,0.6957454253868465
2010-12-30,0.6928822754881353
2010-12-31,0.6900191255894239
2011-01-01,0.6900191255894239
2011-01-02,0.6871559756907126
2011-01-03,0.6842928257920012
2011-01-04,0.6814296758932901
2011-01-05,0.6785665259945787
2011-01-06,0.6757033760958674
2011-01-07,0.6728402261971561
2011-01-08,0.6699770762984447
2011-01-09,0.6728402261971561
2011-01-10,0.6785665259945787
2011-01-11,0.6814296758932901
2011-01-12,0.6842928257920012
2011-01-13,0.6900191255894239
2011-01-14,0.6928822754881353
2011-01-15,0.6957454253868465
2011-01-16,0.6986085752855578
2011-01-17,0.7043348750829804
2011-01-18,0.7071980249816918
2011-01-19,0.7014717251842693
2011-01-20,0.6957454253868465
2011-01-21,0.6900191255894239
2011-01-22,0.6842928257920012
2011-01-23,0.6785665259945787
2011-01-24,0.6728402261971561
2011-01-25,0.6671139263997335
2011-01-26,0.6613876266023109
2011-01-27,0.6556613268048882
2011-01-28,0.6499350270074656
2011-01-29,0.6442087272100431
2011-01-30,0.6384824274126205
2011-01-31,0.6356192775139092
2011-02-01,0.6298929777164866
2011-02-02,0.6270298278177753
2011-02-03,0.6213035280203526
2011-02-04,0.6184403781216413
2011-02-05,0.61557722822293
2011-02-06,0.6098509284255075
2011-02-07,0.6069877785267961
2011-02-08,0.6012614787293735
2011-02-09,0.5983983288306622
2011-02-10,0.595535178931951
2011-02-11,0.5926720290332396
2011-02-12,0.5898088791345284
2011-02-13,0.5869457292358169
2011-02-14,0.5840825793371057
2011-02-15,0.5840825793371057
2011-02-16,0.5812194294383943
2011-02-17,0.578356279539683
2011-02-18,0.5754931296409718
2011-02-19,0.5726299797422605
2011-02-20,0.5697668298435492
2011-02-21,0.5669036799448378
2011-02-22,0.5669036799448378
2011-02-23,0.5640405300461266
2011-02-24,0.5611773801474154
2011-02-25,0.558314230248704
2011-02-26,0.558314230248704
2011-02-27,0.5554510803499927
2011-02-28,0.5525879304512813
2011-03-01,0.5525879304512813
2011-03-02,0.5554510803499927
2011-03-03,0.5554510803499927
2011-03-04,0.5554510803499927
2011-03-05,0.5640405300461266
2011-03-06,0.5697668298435492
2011-03-07,0.578356279539683
2011-03-08,0.5840825793371057
2011-03-09,0.5926720290332396
2011-03-10,0.6012614787293735
2011-03-11,0.6069877785267961
2011-03-12,0.61557722822293
2011-03-13,0.6213035280203526
2011-03-14,0.6298929777164866
2011-03-15,0.6384824274126205
2011-03-16,0.6384824274126205
2011-03-17,0.6069877785267961
2011-03-18,0.6384824274126205
2011-03-19,0.6384824274126205
2011-03-20,0.6384824274126205
2011-03-21,0.6699770762984447
2011-03-22,0.6069877785267961
2011-03-23,0.6069877785267961
2011-03-24,0.6699770762984447
2011-03-25,0.6699770762984447
2011-03-26,0.7014717251842693
2011-03-27,0.7014717251842693
2011-03-28,0.7014717251842693
2011-03-29,0.7472821235636499
2011-03-30,0.7930925219430308
2011-03-31,0.6699770762984447
2011-04-01,0.7014717251842693
2011-04-02,0.7014717251842693
2011-04-03,0.6699770762984447
2011-04-04,0.6699770762984447
2011-04-05,0.6699770762984447
2011-04-06,0.7014717251842693
2011-04-07,0.7930925219430308
2011-04-08,0.7930925219430308
2011-04-09,0.7930925219430308
2011-04-10,0.8847133187017925
2011-04-11,0.8847133187017925
2011-04-12,0.8847133187017925
2011-04-13,0.8389029203224116
2011-04-14,0.8847133187017925
2011-04-15,0.9877867150553993
2011-04-16,0.9877867150553993
2011-04-17,0.9877867150553993
2011-04-18,0.8847133187017925
2011-04-19,0.8847133187017925
2011-04-20,0.8389029203224116
2011-04-21,0.8389029203224116
2011-04-22,0.8389029203224116
2011-04-23,0.8847133187017925
2011-04-24,1.3313647029007558
2011-04-25,2.0843731262618284
2011-04-26,2.0099312288953346
2011-04-27,2.158815023628322
2011-04-28,2.1187309250463637
2011-04-29,2.0786468264644054
2011-04-30,2.0385627278824474
2011-05-01,1.998478629300489
2011-05-02,1.9583945307185309
2011-05-03,1.9154472822378614
2011-05-04,2.2389832207922384
2011-05-05,2.697087204586047
2011-05-06,3.1494648885824326
2011-05-07,2.8917813976984155
2011-05-08,2.3306040175510003
2011-05-09,2.5138456110685237
2011-05-10,2.422224814309762
2011-05-11,2.2389832207922384
2011-05-12,2.5138456110685237
2011-05-13,2.422224814309762
2011-05-14,2.422224814309762
2011-05-15,2.788708001344809
2011-05-16,3.1494648885824326
2011-05-17,3.9225153612344847
2011-05-18,3.5216743754149022
2011-05-19,3.2353593855437723
2011-05-20,3.0635703916210937
2011-05-21,2.977675894659755
2011-05-22,2.605466407827285
2011-05-23,2.422224814309762
2011-05-24,2.5138456110685237
2011-05-25,2.605466407827285
2011-05-26,2.422224814309762
2011-05-27,2.422224814309762
2011-05-28,2.422224814309762
2011-05-29,2.5138456110685237
2011-05-30,2.697087204586047
2011-05-31,2.697087204586047
2011-06-01,2.605466407827285
2011-06-02,2.422224814309762
2011-06-03,2.605466407827285
2011-06-04,2.697087204586047
2011-06-05,3.1494648885824326
2011-06-06,2.8917813976984155
2011-06-07,2.605466407827285
2011-06-08,2.697087204586047
2011-06-09,2.8917813976984155
2011-06-10,3.1494648885824326
2011-06-11,3.0635703916210937
2011-06-12,3.807989365286032
2011-06-13,4.294724848066954
2011-06-14,4.008409858195823
2011-06-15,3.7220948683246933
2011-06-16,3.807989365286032
2011-06-17,3.7220948683246933
2011-06-18,3.6075688723762416
2011-06-19,3.7220948683246933
2011-06-20,3.7220948683246933
2011-06-21,3.807989365286032
2011-06-22,3.807989365286032
2011-06-23,3.7220948683246933
2011-06-24,3.9225153612344847
2011-06-25,4.609671336925198
2011-06-26,5.239564314641684
2011-06-27,4.294724848066954
2011-06-28,4.208830351105615
2011-06-29,4.0943043551571625
2011-06-30,4.008409858195823
2011-07-01,3.9225153612344847
2011-07-02,3.807989365286032
2011-07-03,3.807989365286032
2011-07-04,3.807989365286032
2011-07-05,4.0943043551571625
2011-07-06,4.208830351105615
2011-07-07,3.9225153612344847
2011-07-08,3.807989365286032
2011-07-09,3.807989365286032
2011-07-10,3.9225153612344847
2011-07-11,4.008409858195823
2011-07-12,4.208830351105615
2011-07-13,4.609671336925198
2011-07-14,4.609671336925198
2011-07-15,4.609671336925198
2011-07-16,4.609671336925198
2011-07-17,4.609671336925198
2011-07-18,4.294724848066954
2011-07-19,3.9225153612344847
2011-07-20,3.9225153612344847
2011-07-21,4.208830351105615
2011-07-22,4.0943043551571625
2011-07-23,4.208830351105615
2011-07-24,4.294724848066954
2011-07-25,4.495145340976745
2011-07-26,4.609671336925198
2011-07-27,4.409250844015406
2011-07-28,4.208830351105615
2011-07-29,4.208830351105615
2011-07-30,4.208830351105615
2011-07-31,4.008409858195823
2011-08-01,4.008409858195823
2011-08-02,4.008409858195823
2011-08-03,4.208830351105615
2011-08-04,4.409250844015406
2011-08-05,4.609671336925198
2011-08-06,4.695565833886535
2011-08-07,4.409250844015406
2011-08-08,4.495145340976745
2011-08-09,4.810091829834988
2011-08-10,4.294724848066954
2011-08-11,3.0635703916210937
2011-08-12,3.6075688723762416
2011-08-13,3.435779878453563
2011-08-14,3.7220948683246933
2011-08-15,4.008409858195823
2011-08-16,3.9225153612344847
2011-08-17,3.9225153612344847
2011-08-18,3.7220948683246933
2011-08-19,3.807989365286032
2011-08-20,3.9225153612344847
2011-08-21,3.7220948683246933
2011-08-22,3.5216743754149022
2011-08-23,4.609671336925198
2011-08-24,4.294724848066954
2011-08-25,4.609671336925198
2011-08-26,4.609671336925198
2011-08-27,4.895986326796328
2011-08-28,4.609671336925198
2011-08-29,4.008409858195823
2011-08-30,3.807989365286032
2011-08-31,3.7220948683246933
2011-09-01,3.6075688723762416
2011-09-02,3.435779878453563
2011-09-03,3.2353593855437723
2011-09-04,3.435779878453563
2011-09-05,3.435779878453563
2011-09-06,3.5216743754149022
2011-09-07,3.807989365286032
2011-09-08,3.9225153612344847
2011-09-09,3.3498853814922236
2011-09-10,3.2353593855437723
2011-09-11,3.3498853814922236
2011-09-12,3.5216743754149022
2011-09-13,3.3498853814922236
2011-09-14,3.2353593855437723
2011-09-15,2.788708001344809
2011-09-16,2.788708001344809
2011-09-17,2.788708001344809
2011-09-18,2.605466407827285
2011-09-19,2.422224814309762
2011-09-20,2.3306040175510003
2011-09-21,2.147362424033477
2011-09-22,2.2389832207922384
2011-09-23,2.2389832207922384
2011-09-24,2.147362424033477
2011-09-25,2.0700573767682715
2011-09-26,2.0700573767682715
2011-09-27,1.9927523295030667
2011-09-28,1.9927523295030667
2011-09-29,1.9927523295030667
2011-09-30,2.0700573767682715
2011-10-01,1.9927523295030667
2011-10-02,1.9154472822378614
2011-10-03,1.9154472822378614
2011-10-04,1.9154472822378614
2011-10-05,1.8381422349726562
2011-10-06,1.8381422349726562
2011-10-07,1.8381422349726562
2011-10-08,1.7436582883151832
2011-10-09,1.64917434165771
2011-10-10,1.5546903950002373
2011-10-11,1.4602064483427641
2011-10-12,1.3657225016852912
2011-10-13,1.2683754051291072
2011-10-14,1.1738914584716338
2011-10-15,1.211112407154881
2011-10-16,1.211112407154881
2011-10-17,1.211112407154881
2011-10-18,1.1738914584716338
2011-10-19,1.1738914584716338
2011-10-20,1.211112407154881
2011-10-21,1.1738914584716338
2011-10-22,1.211112407154881
2011-10-23,1.211112407154881
2011-10-24,1.211112407154881
2011-10-25,1.1738914584716338
2011-10-26,1.1738914584716338
2011-10-27,1.1738914584716338
2011-10-28,1.1738914584716338
2011-10-29,1.1366705097883871
2011-10-30,1.1366705097883871
2011-10-31,1.1366705097883871
2011-11-01,1.1366705097883871
2011-11-02,1.1366705097883871
2011-11-03,1.1366705097883871
2011-11-04,1.1366705097883871
2011-11-05,1.1023127110038515
2011-11-06,1.1023127110038515
2011-11-07,1.1023127110038515
2011-11-08,1.1366705097883871
2011-11-09,1.0679549122193157
2011-11-10,1.0679549122193157
2011-11-11,1.0679549122193157
2011-11-12,1.0679549122193157
2011-11-13,1.0335971134347803
2011-11-14,1.0335971134347803
2011-11-15,1.0679549122193157
2011-11-16,1.0679549122193157
2011-11-17,1.0335971134347803
2011-11-18,1.0335971134347803
2011-11-19,1.0335971134347803
2011-11-20,1.0335971134347803
2011-11-21,1.0335971134347803
2011-11-22,1.0335971134347803
2011-11-23,1.0335971134347803
2011-11-24,1.0335971134347803
2011-11-25,1.0335971134347803
2011-11-26,0.9992393146502445
2011-11-27,0.9992393146502445
2011-11-28,0.9992393146502445
2011-11-29,1.0335971134347803
2011-11-30,0.9992393146502445
2011-12-01,0.964881515865709
2011-12-02,1.0335971134347803
2011-12-03,0.9992393146502445
2011-12-04,0.9992393146502445
2011-12-05,1.0335971134347803
2011-12-06,1.0335971134347803
2011-12-07,1.0335971134347803
2011-12-08,1.0679549122193157
2011-12-09,1.1023127110038515
2011-12-10,1.0335971134347803
2011-12-11,0.9992393146502445
2011-12-12,1.0335971134347803
2011-12-13,0.9333868669798846
2011-12-14,0.899029068195349
2011-12-15,0.9333868669798846
2011-12-16,0.8331766205249891
2011-12-17,0.8016819716391645
2011-12-18,0.8331766205249891
2011-12-19,0.8675344193095246
2011-12-20,0.8331766205249891
2011-12-21,0.964881515865709
2011-12-22,0.8675344193095246
2011-12-23,0.9333868669798846
2011-12-24,0.899029068195349
2011-12-25,0.899029068195349
2011-12-26,0.8675344193095246
2011-12-27,0.8331766205249891
2011-12-28,0.8675344193095246
2011-12-29,0.8016819716391645
2011-12-30,0.7730504726520517
2011-12-31,0.8675344193095246
2012-01-01,0.8016819716391645
2012-01-02,0.7358295239688047
2012-01-03,0.6699770762984447
2012-01-04,0.6671139263997335
2012-01-05,0.6671139263997335
2012-01-06,0.6642507765010222
2012-01-07,0.6642507765010222
2012-01-08,0.6613876266023109
2012-01-09,0.6585244767035995
2012-01-10,0.6585244767035995
2012-01-11,0.6556613268048882
2012-01-12,0.6556613268048882
2012-01-13,0.6527981769061769
2012-01-14,0.6499350270074656
2012-01-15,0.6499350270074656
2012-01-16,0.6470718771087542
2012-01-17,0.6470718771087542
2012-01-18,0.6442087272100431
2012-01-19,0.6413455773113319
2012-01-20,0.6413455773113319
2012-01-21,0.6384824274126205
2012-01-22,0.6384824274126205
2012-01-23,0.6356192775139092
2012-01-24,0.6356192775139092
2012-01-25,0.6327561276151978
2012-01-26,0.6298929777164866
2012-01-27,0.6298929777164866
2012-01-28,0.6270298278177753
2012-01-29,0.6270298278177753
2012-01-30,0.624166677919064
2012-01-31,0.6041246286280848
2012-02-01,0.5840825793371057
2012-02-02,0.5640405300461266
2012-02-03,0.5439984807551475
2012-02-04,0.5439984807551475
2012-02-05,0.5439984807551475
2012-02-06,0.5411353308564362
2012-02-07,0.5411353308564362
2012-02-08,0.5411353308564362
2012-02-09,0.5411353308564362
2012-02-10,0.5411353308564362
2012-02-11,0.5382721809577249
2012-02-12,0.5382721809577249
2012-02-13,0.5382721809577249
2012-02-14,0.5382721809577249
2012-02-15,0.5382721809577249
2012-02-16,0.5354090310590136
2012-02-17,0.5354090310590136
2012-02-18,0.5354090310590136
2012-02-19,0.5382721809577249
2012-02-20,0.5411353308564362
2012-02-21,0.5468616306538588
2012-02-22,0.5497247805525701
2012-02-23,0.5525879304512813
2012-02-24,0.5554510803499927
2012-02-25,0.558314230248704
2012-02-26,0.5611773801474154
2012-02-27,0.5669036799448378
2012-02-28,0.5697668298435492
2012-02-29,0.5726299797422605
2012-03-01,0.578356279539683
2012-03-02,0.578356279539683
2012-03-03,0.5840825793371057
2012-03-04,0.5869457292358169
2012-03-05,0.5898088791345284
2012-03-06,0.5869457292358169
2012-03-07,0.5840825793371057
2012-03-08,0.5840825793371057
2012-03-09,0.5812194294383943
2012-03-10,0.578356279539683
2012-03-11,0.5754931296409718
2012-03-12,0.5754931296409718
2012-03-13,0.5726299797422605
2012-03-14,0.5697668298435492
2012-03-15,0.5869457292358169
2012-03-16,0.6012614787293735
2012-03-17,0.6184403781216413
2012-03-18,0.6356192775139092
2012-03-19,0.6527981769061769
2012-03-20,0.6671139263997335
2012-03-21,0.6842928257920012
2012-03-22,0.7014717251842693
2012-03-23,0.7157874746778257
2012-03-24,0.7329663740700935
2012-03-25,0.7501452734623613
2012-03-26,0.7644610229559178
2012-03-27,0.7816399223481856
2012-03-28,0.7988188217404534
2012-03-29,0.8159977211327212
2012-03-30,0.9047553679927716
2012-03-31,0.993513014852822
2012-04-01,1.0822706617128723
2012-04-02,1.1710283085729227
2012-04-03,1.2597859554329731
2012-04-04,1.3485436022930235
2012-04-05,1.4373012491530737
2012-04-06,1.3857645509762706
2012-04-07,1.4373012491530737
2012-04-08,1.3857645509762706
2012-04-09,1.2826911546226638
2012-04-10,1.23115445644586
2012-04-11,1.2826911546226638
2012-04-12,1.23115445644586
2012-04-13,1.23115445644586
2012-04-14,1.23115445644586
2012-04-15,1.191070357863902
2012-04-16,1.191070357863902
2012-04-17,1.1509862592819435
2012-04-18,1.1509862592819435
2012-04-19,1.23115445644586
2012-04-20,1.2826911546226638
2012-04-21,1.7207530891254927
2012-04-22,1.6434480418602877
2012-04-23,1.5661429945950824
2012-04-24,1.6434480418602877
2012-04-25,1.5661429945950824
2012-04-26,1.7207530891254927
2012-04-27,1.798058136390698
2012-04-28,1.9641208305159534
2012-04-29,1.875363183655903
2012-04-30,1.4373012491530737
2012-05-01,1.334227852799467
2012-05-02,1.2626491053316844
2012-05-03,1.191070357863902
2012-05-04,1.1194916103961192
2012-05-05,1.1194916103961192
2012-05-06,1.23115445644586
2012-05-07,1.2683754051291072
2012-05-08,1.3428173024956012
2012-05-09,1.2683754051291072
2012-05-10,1.3055963538123538
2012-05-11,1.3428173024956012
2012-05-12,1.3428173024956012
2012-05-13,1.3800382511788478
2012-05-14,1.3800382511788478
2012-05-15,1.4630695982414756
2012-05-16,1.4630695982414756
2012-05-17,1.5546903950002373
2012-05-18,1.6949847400370912
2012-05-19,1.646311191758999
2012-05-20,1.5088799966208561
2012-05-21,1.4630695982414756
2012-05-22,1.3800382511788478
2012-05-23,1.3800382511788478
2012-05-24,1.4630695982414756
2012-05-25,1.5088799966208561
2012-05-26,1.646311191758999
2012-05-27,1.941215631326263
2012-05-28,2.1988991222102805
2012-05-29,2.147362424033477
2012-05-30,2.0958257258566735
2012-05-31,1.941215631326263
2012-06-01,1.941215631326263
2012-06-02,1.6949847400370912
2012-06-03,1.646311191758999
2012-06-04,1.600500793379618
2012-06-05,1.600500793379618
2012-06-06,1.8725000337571918
2012-06-07,2.1416361242360544
2012-06-08,2.413635364613628
2012-06-09,2.68277145509249
2012-06-10,2.949044395672642
2012-06-11,3.2353593855437723
2012-06-12,3.493042876427789
2012-06-13,3.7793578662989193
2012-06-14,4.037041357182937
2012-06-15,3.7220948683246933
2012-06-16,4.180198852118502
2012-06-17,4.037041357182937
2012-06-18,4.180198852118502
2012-06-19,4.8387233288221
2012-06-20,5.21093281565457
2012-06-21,5.86945729235817
2012-06-22,6.585244767035996
2012-06-23,6.585244767035996
2012-06-24,6.32756127615198
2012-06-25,5.4399848075514745
2012-06-26,5.01051232274478
2012-06-27,5.86945729235817
2012-06-28,6.069877785267962
2012-06-29,5.86945729235817
2012-06-30,5.86945729235817
2012-07-01,5.86945729235817
2012-07-02,6.069877785267962
2012-07-03,6.32756127615198
2012-07-04,6.32756127615198
2012-07-05,6.585244767035996
2012-07-06,5.4399848075514745
2012-07-07,5.21093281565457
2012-07-08,5.21093281565457
2012-07-09,5.21093281565457
2012-07-10,5.4399848075514745
2012-07-11,5.640405300461266
2012-07-12,4.8387233288221
2012-07-13,4.180198852118502
2012-07-14,4.180198852118502
2012-07-15,4.523776839963858
2012-07-16,4.35198784604118
2012-07-17,4.35198784604118
2012-07-18,4.180198852118502
2012-07-19,4.180198852118502
2012-07-20,4.180198852118502
2012-07-21,4.180198852118502
2012-07-22,4.180198852118502
2012-07-23,4.523776839963858
2012-07-24,4.666934334899423
2012-07-25,5.86945729235817
2012-07-26,6.069877785267962
2012-07-27,6.32756127615198
2012-07-28,5.4399848075514745
2012-07-29,5.4399848075514745
2012-07-30,5.640405300461266
2012-07-31,5.640405300461266
2012-08-01,5.640405300461266
2012-08-02,5.21093281565457
2012-08-03,4.8387233288221
2012-08-04,4.666934334899423
2012-08-05,4.8387233288221
2012-08-06,5.01051232274478
2012-08-07,5.01051232274478
2012-08-08,6.32756127615198
2012-08-09,5.4399848075514745
2012-08-10,5.21093281565457
2012-08-11,4.666934334899423
2012-08-12,5.01051232274478
2012-08-13,5.4399848075514745
2012-08-14,6.069877785267962
2012-08-15,5.640405300461266
2012-08-16,5.640405300461266
2012-08-17,5.21093281565457
2012-08-18,5.640405300461266
2012-08-19,5.640405300461266
2012-08-20,6.069877785267962
2012-08-21,6.069877785267962
2012-08-22,6.585244767035996
2012-08-23,6.32756127615198
2012-08-24,5.86945729235817
2012-08-25,6.8142967589329
2012-08-26,5.640405300461266
2012-08-27,5.21093281565457
2012-08-28,4.666934334899423
2012-08-29,4.8387233288221
2012-08-30,4.666934334899423
2012-08-31,4.8387233288221
2012-09-01,4.666934334899423
2012-09-02,4.666934334899423
2012-09-03,4.666934334899423
2012-09-04,4.666934334899423
2012-09-05,4.180198852118502
2012-09-06,4.037041357182937
2012-09-07,3.7220948683246933
2012-09-08,4.037041357182937
2012-09-09,4.037041357182937
2012-09-10,3.3212538825051108
2012-09-11,3.3212538825051108
2012-09-12,3.5789373733891283
2012-09-13,3.7220948683246933
2012-09-14,3.178096387569546
2012-09-15,3.178096387569546
2012-09-16,2.805886900737077
2012-09-17,2.805886900737077
2012-09-18,2.7085398041808926
2012-09-19,2.805886900737077
2012-09-20,2.6111927076247077
2012-09-21,2.805886900737077
2012-09-22,2.7085398041808926
2012-09-23,2.6111927076247077
2012-09-24,2.5138456110685237
2012-09-25,2.416498514512339
2012-09-26,2.319151417956155
2012-09-27,2.319151417956155
2012-09-28,2.2303937710961046
2012-09-29,2.1416361242360544
2012-09-30,2.1416361242360544
2012-10-01,1.9641208305159534
2012-10-02,1.798058136390698
2012-10-03,1.7207530891254927
2012-10-04,1.4373012491530737
2012-10-05,1.4373012491530737
2012-10-06,1.5661429945950824
2012-10-07,1.5661429945950824
2012-10-08,1.6434480418602877
2012-10-09,1.798058136390698
2012-10-10,1.7207530891254927
2012-10-11,1.6434480418602877
2012-10-12,1.5661429945950824
2012-10-13,1.6434480418602877
2012-10-14,1.6434480418602877
2012-10-15,1.7207530891254927
2012-10-16,1.7207530891254927
2012-10-17,1.6434480418602877
2012-10-18,1.5661429945950824
2012-10-19,1.5661429945950824
2012-10-20,1.5661429945950824
2012-10-21,1.5661429945950824
2012-10-22,1.5661429945950824
2012-10-23,1.5661429945950824
2012-10-24,1.5661429945950824
2012-10-25,1.4888379473298774
2012-10-26,1.4888379473298774
2012-10-27,1.4888379473298774
2012-10-28,1.4888379473298774
2012-10-29,1.4888379473298774
2012-10-30,1.4888379473298774
2012-10-31,1.4143960499633836
2012-11-01,1.3399541525968894
2012-11-02,1.2655122552303957
2012-11-03,1.1939335077626132
2012-11-04,1.1194916103961192
2012-11-05,1.0450497130296255
2012-11-06,0.9706078156631315
2012-11-07,1.0450497130296255
2012-11-08,0.9706078156631315
2012-11-09,0.9706078156631315
2012-11-10,0.9333868669798846
2012-11-11,0.9333868669798846
2012-11-12,0.9706078156631315
2012-11-13,0.9333868669798846
2012-11-14,0.9333868669798846
2012-11-15,1.0078287643463784
2012-11-16,1.0078287643463784
2012-11-17,0.9706078156631315
2012-11-18,0.9333868669798846
2012-11-19,0.9333868669798846
2012-11-20,0.9706078156631315
2012-11-21,0.9706078156631315
2012-11-22,1.0450497130296255
2012-11-23,0.9706078156631315
2012-11-24,0.824587170828855
2012-11-25,0.8589449696133907
2012-11-26,1.0078287643463784
2012-11-27,1.0822706617128723
2012-11-28,0.8589449696133907
2012-11-29,0.824587170828855
2012-11-30,0.7902293720443194
2012-12-01,0.7558715732597839
2012-12-02,0.7902293720443194
2012-12-03,0.7558715732597839
2012-12-04,0.7558715732597839
2012-12-05,0.8961659182966377
2012-12-06,0.8589449696133907
2012-12-07,0.8589449696133907
2012-12-08,0.824587170828855
2012-12-09,0.824587170828855
2012-12-10,0.824587170828855
2012-12-11,0.824587170828855
2012-12-12,0.824587170828855
2012-12-13,0.824587170828855
2012-12-14,0.824587170828855
2012-12-15,0.824587170828855
2012-12-16,0.824587170828855
2012-12-17,0.824587170828855
2012-12-18,0.824587170828855
2012-12-19,0.8589449696133907
2012-12-20,0.8589449696133907
2012-12-21,0.8589449696133907
2012-12-22,0.8589449696133907
2012-12-23,0.8589449696133907
2012-12-24,0.8589449696133907
2012-12-25,0.8589449696133907
2012-12-26,0.8589449696133907
2012-12-27,0.7215137744752482
2012-12-28,0.6871559756907126
2012-12-29,0.7215137744752482
2012-12-30,0.7215137744752482
2012-12-31,0.7558715732597839
2013-01-01,0.7902293720443194
2013-01-02,0.7558715732597839
2013-01-03,0.7215137744752482
2013-01-04,0.7215137744752482
2013-01-05,0.6871559756907126
2013-01-06,0.6527981769061769
2013-01-07,0.6871559756907126
2013-01-08,0.6871559756907126
2013-01-09,0.7558715732597839
2013-01-10,0.7558715732597839
2013-01-11,0.7730504726520517
2013-01-12,0.7930925219430308
2013-01-13,0.8102714213352986
2013-01-14,0.7444189736649387
2013-01-15,0.8102714213352986
2013-01-16,0.7444189736649387
2013-01-17,0.7157874746778257
2013-01-18,0.6871559756907126
2013-01-19,0.6871559756907126
2013-01-20,0.7157874746778257
2013-01-21,0.7157874746778257
2013-01-22,0.6871559756907126
2013-01-23,0.6585244767035995
2013-01-24,0.6585244767035995
2013-01-25,0.6585244767035995
2013-01-26,0.6585244767035995
2013-01-27,0.7157874746778257
2013-01-28,0.8102714213352986
2013-01-29,0.8732607191069472
2013-01-30,0.8732607191069472
2013-01-31,0.8732607191069472
2013-02-01,0.8732607191069472
2013-02-02,0.8732607191069472
2013-02-03,0.8732607191069472
2013-02-04,0.8732607191069472
2013-02-05,0.8732607191069472
2013-02-06,0.8732607191069472
2013-02-07,0.8732607191069472
2013-02-08,0.9534289162708638
2013-02-09,0.9534289162708638
2013-02-10,0.8732607191069472
2013-02-11,0.8732607191069472
2013-02-12,0.8646712694108133
2013-02-13,0.8589449696133907
2013-02-14,0.8503555199172569
2013-02-15,0.8417660702211229
2013-02-16,0.8331766205249891
2013-02-17,0.8274503207275664
2013-02-18,0.8188608710314326
2013-02-19,0.8102714213352986
2013-02-20,0.7444189736649387
2013-02-21,0.8732607191069472
2013-02-22,0.8102714213352986
2013-02-23,0.8102714213352986
2013-02-24,0.8102714213352986
2013-02-25,0.8102714213352986
2013-02-26,0.8102714213352986
2013-02-27,0.8732607191069472
2013-02-28,0.8102714213352986
2013-03-01,0.8102714213352986
2013-03-02,0.8732607191069472
2013-03-03,0.8732607191069472
2013-03-04,0.8732607191069472
2013-03-05,0.9534289162708638
2013-03-06,0.9534289162708638
2013-03-07,0.9534289162708638
2013-03-08,0.8732607191069472
2013-03-09,0.8732607191069472
2013-03-10,0.8732607191069472
2013-03-11,0.8732607191069472
2013-03-12,0.8732607191069472
2013-03-13,0.8732607191069472
2013-03-14,0.8732607191069472
2013-03-15,0.8732607191069472
2013-03-16,0.9534289162708638
2013-03-17,0.9534289162708638
2013-03-18,1.0307339635360688
2013-03-19,0.9534289162708638
2013-03-20,0.9534289162708638
2013-03-21,0.9534289162708638
2013-03-22,1.0307339635360688
2013-03-23,1.0307339635360688
2013-03-24,1.0307339635360688
2013-03-25,1.0307339635360688
2013-03-26,1.0307339635360688
2013-03-27,1.0307339635360688
2013-03-28,0.9534289162708638
2013-03-29,1.1109021606999854
2013-03-30,1.1882072079651909
2013-03-31,1.1509862592819435
2013-04-01,1.116628460497408
2013-04-02,1.079407511814161
2013-04-03,1.0421865631309142
2013-04-04,1.0078287643463784
2013-04-05,0.9706078156631315
2013-04-06,0.9362500168785959
2013-04-07,0.899029068195349
2013-04-08,0.861808119512102
2013-04-09,0.8274503207275664
2013-04-10,0.7902293720443194
2013-04-11,0.7902293720443194
2013-04-12,0.7902293720443194
2013-04-13,0.7902293720443194
2013-04-14,0.8360397704237004
2013-04-15,0.8360397704237004
2013-04-16,0.8818501688030812
2013-04-17,0.8360397704237004
2013-04-18,0.8360397704237004
2013-04-19,0.7902293720443194
2013-04-20,0.7902293720443194
2013-04-21,0.7444189736649387
2013-04-22,0.7444189736649387
2013-04-23,0.8360397704237004
2013-04-24,0.8360397704237004
2013-04-25,0.8360397704237004
2013-04-26,0.8360397704237004
2013-04-27,0.8360397704237004
2013-04-28,0.8818501688030812
2013-04-29,0.8818501688030812
2013-04-30,0.8360397704237004
2013-05-01,0.927660567182462
2013-05-02,0.927660567182462
2013-05-03,0.8818501688030812
2013-05-04,1.0250076637386465
2013-05-05,0.8818501688030812
2013-05-06,0.927660567182462
2013-05-07,1.0765443619154498
2013-05-08,1.1796177582690568
2013-05-09,1.23115445644586
2013-05-10,1.334227852799467
2013-05-11,1.543237795405392
2013-05-12,1.3857645509762706
2013-05-13,1.3857645509762706
2013-05-14,1.3857645509762706
2013-05-15,1.4373012491530737
2013-05-16,1.4373012491530737
2013-05-17,1.543237795405392
2013-05-18,1.7064373396319363
2013-05-19,1.9326261816301291
2013-05-20,1.7608371877074511
2013-05-21,1.818100185681677
2013-05-22,1.4888379473298774
2013-05-23,1.5976376434809068
2013-05-24,1.5976376434809068
2013-05-25,1.5976376434809068
2013-05-26,1.543237795405392
2013-05-27,1.3857645509762706
2013-05-28,1.3857645509762706
2013-05-29,1.4373012491530737
2013-05-30,1.7064373396319363
2013-05-31,2.0471521775785813
2013-06-01,2.7343081532692946
2013-06-02,2.5338876603595026
2013-06-03,2.5338876603595026
2013-06-04,2.436540563803318
2013-06-05,2.436540563803318
2013-06-06,2.5338876603595026
2013-06-07,2.339193467247134
2013-06-08,2.436540563803318
2013-06-09,3.034938892633981
2013-06-10,3.7220948683246933
2013-06-11,3.5789373733891283
2013-06-12,3.5789373733891283
2013-06-13,3.178096387569546
2013-06-14,2.436540563803318
2013-06-15,2.2418463706909497
2013-06-16,2.2418463706909497
2013-06-17,2.1444992741347653
2013-06-18,2.1444992741347653
2013-06-19,1.9326261816301291
2013-06-20,1.9898891796043552
2013-06-21,2.2418463706909497
2013-06-22,2.8345183997241894
2013-06-23,2.949044395672642
2013-06-24,3.178096387569546
2013-06-25,3.435779878453563
2013-06-26,3.5789373733891283
2013-06-27,4.037041357182937
2013-06-28,3.7220948683246933
2013-06-29,3.178096387569546
2013-06-30,2.7343081532692946
2013-07-01,2.8631498987113027
2013-07-02,3.0063073936468676
2013-07-03,3.1208333895953198
2013-07-04,3.2639908845308847
2013-07-05,3.40714837946645
2013-07-06,3.5216743754149022
2013-07-07,3.664831870350467
2013-07-08,3.7793578662989193
2013-07-09,3.9225153612344847
2013-07-10,3.7220948683246933
2013-07-11,3.5216743754149022
2013-07-12,3.7220948683246933
2013-07-13,3.8366208642731454
2013-07-14,3.7220948683246933
2013-07-15,3.636200371363354
2013-07-16,3.40714837946645
2013-07-17,3.3212538825051108
2013-07-18,3.636200371363354
2013-07-19,3.8366208642731454
2013-07-20,4.037041357182937
2013-07-21,4.294724848066954
2013-07-22,4.666934334899423
2013-07-23,3.9225153612344847
2013-07-24,3.636200371363354
2013-07-25,3.5216743754149022
2013-07-26,3.7220948683246933
2013-07-27,4.037041357182937
2013-07-28,4.294724848066954
2013-07-29,4.55240833895097
2013-07-30,4.92461782578344
2013-07-31,5.067775320719005
2013-08-01,5.067775320719005
2013-08-02,4.55240833895097
2013-08-03,6.527981769061769
2013-08-04,6.527981769061769
2013-08-05,7.071980249816917
2013-08-06,7.071980249816917
2013-08-07,7.501452734623612
2013-08-08,6.957454253868465
2013-08-09,7.615978730572064
2013-08-10,7.615978730572064
2013-08-11,7.902293720443194
2013-08-12,8.474923700185455
2013-08-13,8.188608710314325
2013-08-14,7.071980249816917
2013-08-15,6.470718771087545
2013-08-16,6.356192775139092
2013-08-17,6.585244767035996
2013-08-18,6.699770762984447
2013-08-19,6.356192775139092
2013-08-20,5.9839832883066215
2013-08-21,5.9839832883066215
2013-08-22,5.9839832883066215
2013-08-23,5.86945729235817
2013-08-24,6.585244767035996
2013-08-25,6.585244767035996
2013-08-26,6.356192775139092
2013-08-27,5.9839832883066215
2013-08-28,5.86945729235817
2013-08-29,5.86945729235817
2013-08-30,5.754931296409718
2013-08-31,5.9839832883066215
2013-09-01,5.86945729235817
2013-09-02,5.86945729235817
2013-09-03,6.0985092842550745
2013-09-04,5.9839832883066215
2013-09-05,5.9839832883066215
2013-09-06,5.2968273126159096
2013-09-07,4.609671336925198
2013-09-08,3.8938838622473715
2013-09-09,3.206727886556658
2013-09-10,2.5195719108659462
2013-09-11,2.5195719108659462
2013-09-12,2.3706881161329583
2013-09-13,2.5195719108659462
2013-09-14,2.2962462187664645
2013-09-15,2.147362424033477
2013-09-16,2.147362424033477
2013-09-17,2.0213838284901797
2013-09-18,2.0213838284901797
2013-09-19,2.0213838284901797
2013-09-20,1.9583945307185309
2013-09-21,1.9583945307185309
2013-09-22,1.8954052329468822
2013-09-23,1.9583945307185309
2013-09-24,1.9583945307185309
2013-09-25,1.8954052329468822
2013-09-26,1.8954052329468822
2013-09-27,1.8324159351752336
2013-09-28,1.9583945307185309
2013-09-29,1.7293425388216266
2013-09-30,1.6778058406448233
2013-10-01,1.7293425388216266
2013-10-02,1.6262691424680198
2013-10-03,1.6262691424680198
2013-10-04,1.6262691424680198
2013-10-05,1.6262691424680198
2013-10-06,1.6778058406448233
2013-10-07,1.6262691424680198
2013-10-08,1.6262691424680198
2013-10-09,1.5747324442912163
2013-10-10,1.5747324442912163
2013-10-11,1.6262691424680198
2013-10-12,1.5747324442912163
2013-10-13,1.5747324442912163
2013-10-14,1.5346483457092581
2013-10-15,1.5747324442912163
2013-10-16,1.5747324442912163
2013-10-17,1.5346483457092581
2013-10-18,1.5346483457092581
2013-10-19,1.4945642471272997
2013-10-20,1.4945642471272997
2013-10-21,1.4544801485453416
2013-10-22,1.4544801485453416
2013-10-23,1.4544801485453416
2013-10-24,1.4544801485453416
2013-10-25,1.4143960499633836
2013-10-26,1.4143960499633836
2013-10-27,1.3743119513814253
2013-10-28,1.4143960499633836
2013-10-29,1.3743119513814253
2013-10-30,1.3743119513814253
2013-10-31,1.3285015530020443
2013-11-01,1.279828004723952
2013-11-02,1.2340176063445711
2013-11-03,1.1882072079651909
2013-11-04,1.116628460497408
2013-11-05,1.0937232613077177
2013-11-06,1.0479128629283367
2013-11-07,1.0021024645489558
2013-11-08,0.9534289162708638
2013-11-09,1.0307339635360688
2013-11-10,1.0307339635360688
2013-11-11,0.7444189736649387
2013-11-12,0.6871559756907126
2013-11-13,0.7157874746778257
2013-11-14,0.7157874746778257
2013-11-15,0.6871559756907126
2013-11-16,0.6871559756907126
2013-11-17,0.6871559756907126
2013-11-18,0.6871559756907126
2013-11-19,0.6871559756907126
2013-11-20,0.6871559756907126
2013-11-21,0.6298929777164866
2013-11-22,0.6298929777164866
2013-11-23,0.6585244767035995
2013-11-24,0.6585244767035995
2013-11-25,0.6585244767035995
2013-11-26,0.6298929777164866
2013-11-27,0.6585244767035995
2013-11-28,0.6298929777164866
2013-11-29,0.6585244767035995
2013-11-30,0.6585244767035995
2013-12-01,0.6585244767035995
2013-12-02,0.6585244767035995
2013-12-03,0.6585244767035995
2013-12-04,0.6298929777164866
2013-12-05,0.6871559756907126
2013-12-06,0.6871559756907126
2013-12-07,0.6871559756907126
2013-12-08,0.6871559756907126
2013-12-09,0.6298929777164866
2013-12-10,0.6298929777164866
2013-12-11,0.6585244767035995
2013-12-12,0.6585244767035995
2013-12-13,0.6585244767035995
2013-12-14,0.6585244767035995
2013-12-15,0.6871559756907126
2013-12-16,0.6871559756907126
2013-12-17,0.6585244767035995
2013-12-18,0.6298929777164866
2013-12-19,0.6298929777164866
2013-12-20,0.6298929777164866
2013-12-21,0.6871559756907126
2013-12-22,0.6298929777164866
2013-12-23,0.6585244767035995
2013-12-24,0.6585244767035995
2013-12-25,0.6585244767035995
2013-12-26,0.6298929777164866
2013-12-27,0.6585244767035995
2013-12-28,0.6585244767035995
2013-12-29,0.6871559756907126
2013-12-30,0.6871559756907126
2013-12-31,0.6871559756907126
2014-01-01,0.6585244767035995
2014-01-02,0.6871559756907126
2014-01-03,0.7157874746778257
2014-01-04,0.7157874746778257
2014-01-05,0.6871559756907126
2014-01-06,0.6871559756907126
2014-01-07,0.6842928257920012
2014-01-08,0.6814296758932901
2014-01-09,0.6785665259945787
2014-01-10,0.6757033760958674
2014-01-11,0.6757033760958674
2014-01-12,0.6728402261971561
2014-01-13,0.6699770762984447
2014-01-14,0.6671139263997335
2014-01-15,0.6642507765010222
2014-01-16,0.6413455773113319
2014-01-17,0.6413455773113319
2014-01-18,0.6642507765010222
2014-01-19,0.6413455773113319
2014-01-20,0.6184403781216413
2014-01-21,0.6184403781216413
2014-01-22,0.6184403781216413
2014-01-23,0.6184403781216413
2014-01-24,0.6184403781216413
2014-01-25,0.6184403781216413
2014-01-26,0.6184403781216413
2014-01-27,0.6184403781216413
2014-01-28,0.6184403781216413
2014-01-29,0.6184403781216413
2014-01-30,0.6184403781216413
2014-01-31,0.6184403781216413
2014-02-01,0.6184403781216413
2014-02-02,0.6184403781216413
2014-02-03,0.6184403781216413
2014-02-04,0.6184403781216413
2014-02-05,0.6184403781216413
2014-02-06,0.6871559756907126
2014-02-07,0.6413455773113319
2014-02-08,0.6413455773113319
2014-02-09,0.6413455773113319
2014-02-10,0.6184403781216413
2014-02-11,0.6184403781216413
2014-02-12,0.6413455773113319
2014-02-13,0.6184403781216413
2014-02-14,0.6413455773113319
2014-02-15,0.6184403781216413
2014-02-16,0.6184403781216413
2014-02-17,0.6413455773113319
2014-02-18,0.6613876266023109
2014-02-19,0.6842928257920012
2014-02-20,0.7043348750829804
2014-02-21,0.7272400742726708
2014-02-22,0.7501452734623613
2014-02-23,0.7701873227533405
2014-02-24,0.7930925219430308
2014-02-25,0.8131345712340099
2014-02-26,0.8360397704237004
2014-02-27,0.7902293720443194
2014-02-28,0.7902293720443194
2014-03-01,0.8131345712340099
2014-03-02,0.8131345712340099
2014-03-03,0.7902293720443194
2014-03-04,0.8131345712340099
2014-03-05,0.7902293720443194
2014-03-06,0.7902293720443194
2014-03-07,0.7902293720443194
2014-03-08,0.8131345712340099
2014-03-09,0.8131345712340099
2014-03-10,0.7902293720443194
2014-03-11,0.8131345712340099
2014-03-12,0.8131345712340099
2014-03-13,0.8131345712340099
2014-03-14,0.7902293720443194
2014-03-15,0.7902293720443194
2014-03-16,0.7902293720443194
2014-03-17,0.7902293720443194
2014-03-18,0.7902293720443194
2014-03-19,0.7902293720443194
2014-03-20,0.8131345712340099
2014-03-21,0.8131345712340099
2014-03-22,0.8131345712340099
2014-03-23,0.8131345712340099
2014-03-24,0.8131345712340099
2014-03-25,0.7902293720443194
2014-03-26,0.8131345712340099
2014-03-27,0.8131345712340099
2014-03-28,0.8131345712340099
2014-03-29,0.8131345712340099
2014-03-30,0.8131345712340099
2014-03-31,0.8131345712340099
2014-04-01,0.7701873227533405
2014-04-02,0.7272400742726708
2014-04-03,0.6842928257920012
2014-04-04,0.6442087272100431
2014-04-05,0.6012614787293735
2014-04-06,0.558314230248704
2014-04-07,0.5153669817680344
2014-04-08,0.5039143821731892
2014-04-09,0.4895986326796327
2014-04-10,0.4781460330847875
2014-04-11,0.463830283591231
2014-04-12,0.4523776839963858
2014-04-13,0.43806193450282926
2014-04-14,0.4266093349079841
2014-04-15,0.4237461850092728
2014-04-16,0.42088303511056147
2014-04-17,0.41515673531313885
2014-04-18,0.4122935854144275
2014-04-19,0.4094304355157163
2014-04-20,0.40656728561700495
2014-04-21,0.4008409858195823
2014-04-22,0.397977835920871
2014-04-23,0.3951146860221597
2014-04-24,0.39225153612344854
2014-04-25,0.38652523632602587
2014-04-26,0.38366208642731453
2014-04-27,0.3807989365286032
2014-04-28,0.37793578662989197
2014-04-29,0.37220948683246935
2014-04-30,0.369346336933758
2014-05-01,0.5697668298435492
2014-05-02,0.7701873227533405
2014-05-03,0.9677446657644202
2014-05-04,1.1681651586742114
2014-05-05,1.3685856515840025
2014-05-06,1.5661429945950824
2014-05-07,1.7350688386190491
2014-05-08,1.941215631326263
2014-05-09,1.8381422349726562
2014-05-10,1.7350688386190491
2014-05-11,1.4344380992543626
2014-05-12,1.0307339635360688
2014-05-13,1.0307339635360688
2014-05-14,0.9963761647515333
2014-05-15,0.9620183659669976
2014-05-16,1.1395336596870984
2014-05-17,1.248333355838128
2014-05-18,1.4344380992543626
2014-05-19,1.5002905469247225
2014-05-20,1.3685856515840025
2014-05-21,1.248333355838128
2014-05-22,1.0307339635360688
2014-05-23,1.0307339635360688
2014-05-24,0.8589449696133907
2014-05-25,0.927660567182462
2014-05-26,0.9963761647515333
2014-05-27,1.0851338116115836
2014-05-28,1.199659807560036
2014-05-29,1.7350688386190491
2014-05-30,2.147362424033477
2014-05-31,2.261888419981929
2014-06-01,1.4344380992543626
2014-06-02,1.248333355838128
2014-06-03,1.1395336596870984
2014-06-04,1.1395336596870984
2014-06-05,0.9963761647515333
2014-06-06,1.0307339635360688
2014-06-07,1.1395336596870984
2014-06-08,1.3685856515840025
2014-06-09,1.248333355838128
2014-06-10,1.1939335077626132
2014-06-11,1.1939335077626132
2014-06-12,1.4430275489504965
2014-06-13,1.6921215901383797
2014-06-14,1.938352481427552
2014-06-15,2.1874465226154354
2014-06-16,3.034938892633981
2014-06-17,2.276204169475485
2014-06-18,1.7579740378087396
2014-06-19,1.8324159351752336
2014-06-20,1.609090243075752
2014-06-21,1.5346483457092581
2014-06-22,1.5346483457092581
2014-06-23,1.5346483457092581
2014-06-24,1.4086697501659609
2014-06-25,1.4086697501659609
2014-06-26,1.4602064483427641
2014-06-27,1.609090243075752
2014-06-28,1.8324159351752336
2014-06-29,1.921173582035284
2014-06-30,2.488077261980122
2014-07-01,3.664831870350467
2014-07-02,3.1208333895953198
2014-07-03,3.178096387569546
2014-07-04,2.9204128966855283
2014-07-05,3.664831870350467
2014-07-06,2.559656009447904
2014-07-07,2.3764144159303817
2014-07-08,2.490940411878833
2014-07-09,2.840244699521612
2014-07-10,3.3212538825051108
2014-07-11,3.7220948683246933
2014-07-12,4.008409858195823
2014-07-13,3.8652523632602582
2014-07-14,4.151567353131389
2014-07-15,3.8652523632602582
2014-07-16,4.151567353131389
2014-07-17,3.3212538825051108
2014-07-18,3.206727886556658
2014-07-19,3.3212538825051108
2014-07-20,3.206727886556658
2014-07-21,2.949044395672642
2014-07-22,4.151567353131389
2014-07-23,4.151567353131389
2014-07-24,3.8652523632602582
2014-07-25,4.609671336925198
2014-07-26,4.895986326796328
2014-07-27,5.0391438217318925
2014-07-28,5.0391438217318925
2014-07-29,4.466513841989632
2014-07-30,4.151567353131389
2014-07-31,3.3212538825051108
2014-08-01,4.151567353131389
2014-08-02,4.466513841989632
2014-08-03,4.294724848066954
2014-08-04,3.464411377440676
2014-08-05,2.949044395672642
2014-08-06,3.3212538825051108
2014-08-07,3.6075688723762416
2014-08-08,4.008409858195823
2014-08-09,3.8652523632602582
2014-08-10,3.464411377440676
2014-08-11,4.008409858195823
2014-08-12,3.7220948683246933
2014-08-13,3.7220948683246933
2014-08-14,3.464411377440676
2014-08-15,3.206727886556658
2014-08-16,2.949044395672642
2014-08-17,2.949044395672642
2014-08-18,2.840244699521612
2014-08-19,2.7199924037757373
2014-08-20,2.7199924037757373
2014-08-21,2.840244699521612
2014-08-22,2.7199924037757373
2014-08-23,2.840244699521612
2014-08-24,3.092201890608207
2014-08-25,3.092201890608207
2014-08-26,3.7220948683246933
2014-08-27,3.3212538825051108
2014-08-28,3.6075688723762416
2014-08-29,3.7220948683246933
2014-08-30,3.464411377440676
2014-08-31,3.464411377440676
2014-09-01,3.6075688723762416
2014-09-02,3.464411377440676
2014-09-03,3.3212538825051108
2014-09-04,2.9204128966855283
2014-09-05,2.5367508102582144
2014-09-06,2.1416361242360544
2014-09-07,1.7493845881126058
2014-09-08,1.3571330519891573
2014-09-09,1.3571330519891573
2014-09-10,1.4602064483427641
2014-09-11,1.3055963538123538
2014-09-12,1.1624388588767887
2014-09-13,1.1624388588767887
2014-09-14,1.0822706617128723
2014-09-15,1.0421865631309142
2014-09-16,1.0822706617128723
2014-09-17,1.0421865631309142
2014-09-18,1.0822706617128723
2014-09-19,1.0021024645489558
2014-09-20,1.0021024645489558
2014-09-21,0.9677446657644202
2014-09-22,0.899029068195349
2014-09-23,0.899029068195349
2014-09-24,0.899029068195349
2014-09-25,0.9677446657644202
2014-09-26,0.9333868669798846
2014-09-27,1.0021024645489558
2014-09-28,0.9677446657644202
2014-09-29,0.9333868669798846
2014-09-30,0.899029068195349
2014-10-01,1.0021024645489558
2014-10-02,1.0421865631309142
2014-10-03,0.9333868669798846
2014-10-04,0.9333868669798846
2014-10-05,0.9677446657644202
2014-10-06,0.9677446657644202
2014-10-07,0.9677446657644202
2014-10-08,0.9677446657644202
2014-10-09,0.9333868669798846
2014-10-10,0.899029068195349
2014-10-11,0.8646712694108133
2014-10-12,0.899029068195349
2014-10-13,0.8646712694108133
2014-10-14,0.9333868669798846
2014-10-15,0.8303134706262777
2014-10-16,0.8653011623885298
2014-10-17,0.8646712694108133
2014-10-18,0.8646712694108133
2014-10-19,0.8303134706262777
2014-10-20,0.8303134706262777
2014-10-21,0.8303134706262777
2014-10-22,0.8303134706262777
2014-10-23,0.8016819716391645
2014-10-24,0.8303134706262777
2014-10-25,0.8303134706262777
2014-10-26,0.8016819716391645
2014-10-27,0.8016819716391645
2014-10-28,0.8016819716391645
2014-10-29,0.7730504726520517
2014-10-30,0.8016819716391645
2014-10-31,0.8188608710314326
2014-11-01,0.8389029203224116
2014-11-02,0.8560818197146796
2014-11-03,0.8732607191069472
2014-11-04,0.890439618499215
2014-11-05,0.9104816677901942
2014-11-06,0.927660567182462
2014-11-07,0.927660567182462
2014-11-08,0.9963761647515333
2014-11-09,0.927660567182462
2014-11-10,0.927660567182462
2014-11-11,0.9620183659669976
2014-11-12,0.8933027683979263
2014-11-13,0.8933027683979263
2014-11-14,0.8933027683979263
2014-11-15,0.8360397704237004
2014-11-16,0.8131345712340099
2014-11-17,0.8360397704237004
2014-11-18,0.8360397704237004
2014-11-19,0.8131345712340099
2014-11-20,0.8131345712340099
2014-11-21,0.7902293720443194
2014-11-22,0.7902293720443194
2014-11-23,0.7902293720443194
2014-11-24,0.8589449696133907
2014-11-25,0.8589449696133907
2014-11-26,0.8589449696133907
2014-11-27,0.8933027683979263
2014-11-28,0.8933027683979263
2014-11-29,0.927660567182462
2014-11-30,0.8933027683979263
2014-12-01,0.8589449696133907
2014-12-02,0.8589449696133907
2014-12-03,0.927660567182462
2014-12-04,0.9963761647515333
2014-12-05,0.9620183659669976
2014-12-06,0.9763341154605542
2014-12-07,0.9906498649541107
2014-12-08,1.0021024645489558
2014-12-09,1.0164182140425124
2014-12-10,1.0307339635360688
2014-12-11,1.0450497130296255
2014-12-12,1.0565023126244706
2014-12-13,1.0708180621180272
2014-12-14,1.0851338116115836
2014-12-15,1.0994495611051402
2014-12-16,1.1109021606999854
2014-12-17,1.1252179101935418
2014-12-18,1.116628460497408
2014-12-19,1.108039010801274
2014-12-20,1.0965864112064287
2014-12-21,1.087996961510295
2014-12-22,1.079407511814161
2014-12-23,1.0708180621180272
2014-12-24,1.0622286124218934
2014-12-25,1.0536391627257593
2014-12-26,1.0421865631309142
2014-12-27,1.0335971134347803
2014-12-28,1.0250076637386465
2014-12-29,1.0135550641438011
2014-12-30,1.0049656144476673
2014-12-31,0.993513014852822
2015-01-01,
2015-01-02,
2015-01-03,
2015-01-04,
2015-01-05,
2015-01-06,
2015-01-07,
2015-01-08,
2015-01-09,
2015-01-10,
2015-01-11,
2015-01-12,
2015-01-13,
2015-01-14,
2015-01-15,
2015-01-16,
2015-01-17,
2015-01-18,
2015-01-19,
2015-01-20,
2015-01-21,
2015-01-22,
2015-01-23,
2015-01-24,
2015-01-25,
2015-01-26,
2015-01-27,
2015-01-28,
2015-01-29,
2015-01-30,
2015-01-31,
2015-02-01,
2015-02-02,
2015-02-03,
2015-02-04,
2015-02-05,
2015-02-06,
2015-02-07,
2015-02-08,
2015-02-09,
2015-02-10,
2015-02-11,
2015-02-12,
2015-02-13,
2015-02-14,
2015-02-15,
2015-02-16,
2015-02-17,
2015-02-18,
2015-02-19,
2015-02-20,
2015-02-21,
2015-02-22,
2015-02-23,
2015-02-24,
2015-02-25,
2015-02-26,
2015-02-27,
2015-02-28,
2015-03-01,
2015-03-02,
2015-03-03,
2015-03-04,
2015-03-05,
2015-03-06,
2015-03-07,
2015-03-08,
2015-03-09,
2015-03-10,
2015-03-11,
2015-03-12,
2015-03-13,
2015-03-14,
2015-03-15,
2015-03-16,
2015-03-17,
2015-03-18,
2015-03-19,
2015-03-20,
2015-03-21,
2015-03-22,
2015-03-23,
2015-03-24,
2015-03-25,
2015-03-26,
2015-03-27,
2015-03-28,
2015-03-29,
2015-03-30,
2015-03-31,
2015-04-01,
2015-04-02,
2015-04-03,
2015-04-04,
2015-04-05,
2015-04-06,
2015-04-07,
2015-04-08,
2015-04-09,
2015-04-10,
2015-04-11,
2015-04-12,
2015-04-13,
2015-04-14,
2015-04-15,
2015-04-16,
2015-04-17,
2015-04-18,
2015-04-19,
2015-04-20,
2015-04-21,
2015-04-22,
2015-04-23,
2015-04-24,
2015-04-25,
2015-04-26,
2015-04-27,
2015-04-28,
2015-04-29,
2015-04-30,
2015-05-01,
2015-05-02,
2015-05-03,
2015-05-04,
2015-05-05,
2015-05-06,
2015-05-07,
2015-05-08,
2015-05-09,
2015-05-10,
2015-05-11,
2015-05-12,
2015-05-13,
2015-05-14,
2015-05-15,
2015-05-16,
2015-05-17,
2015-05-18,
2015-05-19,
2015-05-20,
2015-05-21,
2015-05-22,
2015-05-23,
2015-05-24,
2015-05-25,
2015-05-26,
2015-05-27,
2015-05-28,
2015-05-29,
2015-05-30,
2015-05-31,
2015-06-01,
2015-06-02,
2015-06-03,
2015-06-04,
2015-06-05,
2015-06-06,
2015-06-07,
2015-06-08,
2015-06-09,
2015-06-10,
2015-06-11,
2015-06-12,
2015-06-13,
2015-06-14,
2015-06-15,
2015-06-16,
2015-06-17,
2015-06-18,
2015-06-19,
2015-06-20,
2015-06-21,
2015-06-22,
2015-06-23,
2015-06-24,
2015-06-25,
2015-06-26,
2015-06-27,
2015-06-28,
2015-06-29,
2015-06-30,
2015-07-01,
2015-07-02,
2015-07-03,
2015-07-04,
2015-07-05,
2015-07-06,
2015-07-07,
2015-07-08,
2015-07-09,
2015-07-10,
2015-07-11,
2015-07-12,
2015-07-13,
2015-07-14,
2015-07-15,
2015-07-16,
2015-07-17,
2015-07-18,
2015-07-19,
2015-07-20,
2015-07-21,
2015-07-22,
2015-07-23,
2015-07-24,
2015-07-25,
2015-07-26,
2015-07-27,
2015-07-28,
2015-07-29,
2015-07-30,
2015-07-31,
2015-08-01,
2015-08-02,
2015-08-03,
2015-08-04,
2015-08-05,
2015-08-06,
2015-08-07,
2015-08-08,
2015-08-09,
2015-08-10,
2015-08-11,
2015-08-12,
2015-08-13,
2015-08-14,
2015-08-15,
2015-08-16,
2015-08-17,
2015-08-18,
2015-08-19,
2015-08-20,
2015-08-21,
2015-08-22,
2015-08-23,
2015-08-24,
2015-08-25,
2015-08-26,
2015-08-27,
2015-08-28,
2015-08-29,
2015-08-30,
2015-08-31,
2015-09-01,
2015-09-02,
2015-09-03,
2015-09-04,
2015-09-05,
2015-09-06,
2015-09-07,
2015-09-08,
2015-09-09,
2015-09-10,
2015-09-11,
2015-09-12,
2015-09-13,
2015-09-14,
2015-09-15,
2015-09-16,
2015-09-17,
2015-09-18,
2015-09-19,
2015-09-20,
2015-09-21,
2015-09-22,
2015-09-23,
2015-09-24,
2015-09-25,
2015-09-26,
2015-09-27,
2015-09-28,
2015-09-29,
2015-09-30,
2015-10-01,
2015-10-02,
2015-10-03,
2015-10-04,
2015-10-05,
2015-10-06,
2015-10-07,
2015-10-08,
2015-10-09,
2015-10-10,
2015-10-11,
2015-10-12,
2015-10-13,
2015-10-14,
2015-10-15,
2015-10-16,
2015-10-17,
2015-10-18,
2015-10-19,
2015-10-20,
2015-10-21,
2015-10-22,
2015-10-23,
2015-10-24,
2015-10-25,
2015-10-26,
2015-10-27,
2015-10-28,
2015-10-29,
2015-10-30,
2015-10-31,
2015-11-01,
2015-11-02,
2015-11-03,
2015-11-04,
2015-11-05,
2015-11-06,
2015-11-07,
2015-11-08,
2015-11-09,
2015-11-10,
2015-11-11,
2015-11-12,
2015-11-13,
2015-11-14,
2015-11-15,
2015-11-16,
2015-11-17,
2015-11-18,
2015-11-19,
2015-11-20,
2015-11-21,
2015-11-22,
2015-11-23,
2015-11-24,
2015-11-25,
2015-11-26,
2015-11-27,
2015-11-28,
2015-11-29,
2015-11-30,
2015-12-01,
2015-12-02,
2015-12-03,
2015-12-04,
2015-12-05,
2015-12-06,
2015-12-07,
2015-12-08,
2015-12-09,
2015-12-10,
2015-12-11,
2015-12-12,
2015-12-13,
2015-12-14,
2015-12-15,
2015-12-16,
2015-12-17,
2015-12-18,
2015-12-19,
2015-12-20,
2015-12-21,
2015-12-22,
2015-12-23,
2015-12-24,
2015-12-25,
2015-12-26,
2015-12-27,
2015-12-28,
2015-12-29,
2015-12-30,
2015-12-31,
2016-01-01,
2016-01-02,
2016-01-03,
2016-01-04,
2016-01-05,
2016-01-06,
2016-01-07,
2016-01-08,
2016-01-09,
2016-01-10,
2016-01-11,
2016-01-12,
2016-01-13,
2016-01-14,
2016-01-15,
2016-01-16,
2016-01-17,
2016-01-18,
2016-01-19,
2016-01-20,
2016-01-21,
2016-01-22,
2016-01-23,
2016-01-24,
2016-01-25,
2016-01-26,
2016-01-27,
2016-01-28,
2016-01-29,
2016-01-30,
2016-01-31,
2016-02-01,
2016-02-02,
2016-02-03,
2016-02-04,
2016-02-05,
2016-02-06,
2016-02-07,
2016-02-08,
2016-02-09,
2016-02-10,
2016-02-11,
2016-02-12,
2016-02-13,
2016-02-14,
2016-02-15,
2016-02-16,
2016-02-17,
2016-02-18,
2016-02-19,
2016-02-20,
2016-02-21,
2016-02-22,
2016-02-23,
2016-02-24,
2016-02-25,
2016-02-26,
2016-02-27,
2016-02-28,
2016-02-29,
2016-03-01,
2016-03-02,
2016-03-03,
2016-03-04,
2016-03-05,
2016-03-06,
2016-03-07,
2016-03-08,
2016-03-09,
2016-03-10,
2016-03-11,
2016-03-12,
2016-03-13,
2016-03-14,
2016-03-15,
2016-03-16,
2016-03-17,
2016-03-18,
2016-03-19,
2016-03-20,
2016-03-21,
2016-03-22,
2016-03-23,
2016-03-24,
2016-03-25,
2016-03-26,
2016-03-27,
2016-03-28,
2016-03-29,
2016-03-30,
2016-03-31,
2016-04-01,
2016-04-02,
2016-04-03,
2016-04-04,
2016-04-05,
2016-04-06,
2016-04-07,
2016-04-08,
2016-04-09,
2016-04-10,
2016-04-11,
2016-04-12,
2016-04-13,
2016-04-14,
2016-04-15,
2016-04-16,
2016-04-17,
2016-04-18,
2016-04-19,
2016-04-20,
2016-04-21,
2016-04-22,
2016-04-23,
2016-04-24,
2016-04-25,
2016-04-26,
2016-04-27,
2016-04-28,
2016-04-29,
2016-04-30,
2016-05-01,
2016-05-02,
2016-05-03,
2016-05-04,
2016-05-05,
2016-05-06,
2016-05-07,
2016-05-08,
2016-05-09,
2016-05-10,
2016-05-11,
2016-05-12,
2016-05-13,
2016-05-14,
2016-05-15,
2016-05-16,
2016-05-17,
2016-05-18,
2016-05-19,
2016-05-20,
2016-05-21,
2016-05-22,
2016-05-23,
2016-05-24,
2016-05-25,
2016-05-26,
2016-05-27,
2016-05-28,
2016-05-29,
2016-05-30,
2016-05-31,
2016-06-01,
2016-06-02,
2016-06-03,
2016-06-04,
2016-06-05,
2016-06-06,
2016-06-07,
2016-06-08,
2016-06-09,
2016-06-10,
2016-06-11,
2016-06-12,
2016-06-13,
2016-06-14,
2016-06-15,
2016-06-16,
2016-06-17,
2016-06-18,
2016-06-19,
2016-06-20,
2016-06-21,
2016-06-22,
2016-06-23,
2016-06-24,
2016-06-25,
2016-06-26,
2016-06-27,
2016-06-28,
2016-06-29,
2016-06-30,
2016-07-01,
2016-07-02,
2016-07-03,
2016-07-04,
2016-07-05,
2016-07-06,
2016-07-07,
2016-07-08,
2016-07-09,
2016-07-10,
2016-07-11,
2016-07-12,
2016-07-13,
2016-07-14,
2016-07-15,
2016-07-16,
2016-07-17,
2016-07-18,
2016-07-19,
2016-07-20,
2016-07-21,
2016-07-22,
2016-07-23,
2016-07-24,
2016-07-25,
2016-07-26,
2016-07-27,
2016-07-28,
2016-07-29,
2016-07-30,
2016-07-31,
2016-08-01,
2016-08-02,
2016-08-03,
2016-08-04,
2016-08-05,
2016-08-06,
2016-08-07,
2016-08-08,
2016-08-09,
2016-08-10,
2016-08-11,
2016-08-12,
2016-08-13,
2016-08-14,
2016-08-15,
2016-08-16,
2016-08-17,
2016-08-18,
2016-08-19,
2016-08-20,
2016-08-21,
2016-08-22,
2016-08-23,
2016-08-24,
2016-08-25,
2016-08-26,
2016-08-27,
2016-08-28,
2016-08-29,
2016-08-30,
2016-08-31,
2016-09-01,
2016-09-02,
2016-09-03,
2016-09-04,
2016-09-05,
2016-09-06,
2016-09-07,
2016-09-08,
2016-09-09,
2016-09-10,
2016-09-11,
2016-09-12,
2016-09-13,
2016-09-14,
2016-09-15,
2016-09-16,
2016-09-17,
2016-09-18,
2016-09-19,
2016-09-20,
2016-09-21,
2016-09-22,
2016-09-23,
2016-09-24,
2016-09-25,
2016-09-26,
2016-09-27,
2016-09-28,
2016-09-29,
2016-09-30,
2016-10-01,
2016-10-02,
2016-10-03,
2016-10-04,
2016-10-05,
2016-10-06,
2016-10-07,
2016-10-08,
2016-10-09,
2016-10-10,
2016-10-11,
2016-10-12,
2016-10-13,
2016-10-14,
2016-10-15,
2016-10-16,
2016-10-17,
2016-10-18,
2016-10-19,
2016-10-20,
2016-10-21,
2016-10-22,
2016-10-23,
2016-10-24,
2016-10-25,
2016-10-26,
2016-10-27,
2016-10-28,
2016-10-29,
2016-10-30,
2016-10-31,
2016-11-01,
2016-11-02,
2016-11-03,
2016-11-04,
2016-11-05,
2016-11-06,
2016-11-07,
2016-11-08,
2016-11-09,
2016-11-10,
2016-11-11,
2016-11-12,
2016-11-13,
2016-11-14,
2016-11-15,
2016-11-16,
2016-11-17,
2016-11-18,
2016-11-19,
2016-11-20,
2016-11-21,
2016-11-22,
2016-11-23,
2016-11-24,
2016-11-25,
2016-11-26,
2016-11-27,
2016-11-28,
2016-11-29,
2016-11-30,
2016-12-01,
2016-12-02,
2016-12-03,
2016-12-04,
2016-12-05,
2016-12-06,
2016-12-07,
2016-12-08,
2016-12-09,
2016-12-10,
2016-12-11,
2016-12-12,
2016-12-13,
2016-12-14,
2016-12-15,
2016-12-16,
2016-12-17,
2016-12-18,
2016-12-19,
2016-12-20,
2016-12-21,
2016-12-22,
2016-12-23,
2016-12-24,
2016-12-25,
2016-12-26,
2016-12-27,
2016-12-28,
2016-12-29,
2016-12-30,
2016-12-31,
2017-01-01,
2017-01-02,
2017-01-03,
2017-01-04,
2017-01-05,
2017-01-06,
2017-01-07,
2017-01-08,
2017-01-09,
2017-01-10,
2017-01-11,
2017-01-12,
2017-01-13,
2017-01-14,
2017-01-15,
2017-01-16,
2017-01-17,
2017-01-18,
2017-01-19,
2017-01-20,
2017-01-21,
2017-01-22,
2017-01-23,
2017-01-24,
2017-01-25,
2017-01-26,
2017-01-27,
2017-01-28,
2017-01-29,
2017-01-30,
2017-01-31,
2017-02-01,
2017-02-02,
2017-02-03,
2017-02-04,
2017-02-05,
2017-02-06,
2017-02-07,
2017-02-08,
2017-02-09,
2017-02-10,
2017-02-11,
2017-02-12,
2017-02-13,
2017-02-14,
2017-02-15,
2017-02-16,
2017-02-17,
2017-02-18,
2017-02-19,
2017-02-20,
2017-02-21,
2017-02-22,
2017-02-23,
2017-02-24,
2017-02-25,
2017-02-26,
2017-02-27,
2017-02-28,
2017-03-01,
2017-03-02,
2017-03-03,
2017-03-04,
2017-03-05,
2017-03-06,
2017-03-07,
2017-03-08,
2017-03-09,
2017-03-10,
2017-03-11,
2017-03-12,
2017-03-13,
2017-03-14,
2017-03-15,
2017-03-16,
2017-03-17,
2017-03-18,
2017-03-19,
2017-03-20,
2017-03-21,
2017-03-22,
2017-03-23,
2017-03-24,
2017-03-25,
2017-03-26,
2017-03-27,
2017-03-28,
2017-03-29,
2017-03-30,
2017-03-31,
2017-04-01,
2017-04-02,
2017-04-03,
2017-04-04,
2017-04-05,
2017-04-06,
2017-04-07,
2017-04-08,
2017-04-09,
2017-04-10,
2017-04-11,
2017-04-12,
2017-04-13,
2017-04-14,
2017-04-15,
2017-04-16,
2017-04-17,
2017-04-18,
2017-04-19,
2017-04-20,
2017-04-21,
2017-04-22,
2017-04-23,
2017-04-24,
2017-04-25,
2017-04-26,
2017-04-27,
2017-04-28,
2017-04-29,
2017-04-30,
2017-05-01,
2017-05-02,
2017-05-03,
2017-05-04,0.6585244767035995
2017-05-05,0.7730504726520517
2017-05-06,0.7157874746778257
2017-05-07,0.7157874746778257
2017-05-08,0.8875764686005038
2017-05-09,0.9677446657644202
2017-05-10,1.5461009453041035
2017-05-11,2.2847936191716194
2017-05-12,2.0843731262618284
2017-05-13,2.840244699521612
2017-05-14,3.435779878453563
2017-05-15,4.180198852118502
2017-05-16,4.581039837938084
2017-05-17,4.437882343002519
2017-05-18,4.724197332873649
2017-05-19,4.581039837938084
2017-05-20,2.6111927076247077
2017-05-21,2.502393011473678
2017-05-22,3.3212538825051108
2017-05-23,4.437882343002519
2017-05-24,5.182301316667458
2017-05-25,4.724197332873649
2017-05-26,5.182301316667458
2017-05-27,3.9225153612344847
2017-05-28,3.807989365286032
2017-05-29,3.69346336933758
2017-05-30,3.435779878453563
2017-05-31,3.092201890608207
2017-06-01,2.6111927076247077
2017-06-02,2.2847936191716194
2017-06-03,2.6111927076247077
2017-06-04,2.949044395672642
2017-06-05,4.06567285617005
2017-06-06,4.06567285617005
2017-06-07,3.9225153612344847
2017-06-08,3.206727886556658
2017-06-09,3.092201890608207
2017-06-10,3.3212538825051108
2017-06-11,3.435779878453563
2017-06-12,3.69346336933758
2017-06-13,4.437882343002519
2017-06-14,4.437882343002519
2017-06-15,4.867354827809215
2017-06-16,5.325458811603023
2017-06-17,5.926720290332396
2017-06-18,5.611773801474154
2017-06-19,5.182301316667458
2017-06-20,5.926720290332396
2017-06-21,6.413455773113316
2017-06-22,6.413455773113316
2017-06-23,5.783562795396831
2017-06-24,5.611773801474154
2017-06-25,5.926720290332396
2017-06-26,5.611773801474154
2017-06-27,5.182301316667458
2017-06-28,5.325458811603023
2017-06-29,5.325458811603023
2017-06-30,5.182301316667458
2017-07-01,5.325458811603023
2017-07-02,5.783562795396831
2017-07-03,5.325458811603023
2017-07-04,5.325458811603023
2017-07-05,6.2416667791906395
2017-07-06,5.783562795396831
2017-07-07,6.2416667791906395
2017-07-08,6.728402261971561
2017-07-09,7.38692673867516
2017-07-10,7.558715732597839
2017-07-11,7.7305047265205165
2017-07-12,7.38692673867516
2017-07-13,7.243769243739595
2017-07-14,7.902293720443194
2017-07-15,7.071980249816917
2017-07-16,7.071980249816917
2017-07-17,6.556613268048882
2017-07-18,7.071980249816917
2017-07-19,5.926720290332396
2017-07-20,5.0391438217318925
2017-07-21,5.325458811603023
2017-07-22,5.468616306538589
2017-07-23,5.783562795396831
2017-07-24,5.898088791345284
2017-07-25,6.012614787293735
2017-07-26,6.127140783242187
2017-07-27,6.270298278177751
2017-07-28,6.3848242741262045
2017-07-29,6.499350270074657
2017-07-30,6.61387626602311
2017-07-31,6.728402261971561
2017-08-01,6.728402261971561
2017-08-02,7.329663740700934
2017-08-03,6.270298278177751
2017-08-04,6.585244767035996
2017-08-05,5.9839832883066215
2017-08-06,5.726299797422605
2017-08-07,5.726299797422605
2017-08-08,6.728402261971561
2017-08-09,6.585244767035996
2017-08-10,6.413455773113316
2017-08-11,6.585244767035996
2017-08-12,6.127140783242187
2017-08-13,4.810091829834988
2017-08-14,4.437882343002519
2017-08-15,4.437882343002519
2017-08-16,4.208830351105615
2017-08-17,4.35198784604118
2017-08-18,3.8938838622473715
2017-08-19,3.3498853814922236
2017-08-20,3.3498853814922236
2017-08-21,3.2353593855437723
2017-08-22,3.2353593855437723
2017-08-23,3.435779878453563
2017-08-24,3.550305874402015
2017-08-25,3.1208333895953198
2017-08-26,2.8917813976984155
2017-08-27,2.794434301142231
2017-08-28,2.8917813976984155
2017-08-29,3.1208333895953198
2017-08-30,3.2353593855437723
2017-08-31,3.1208333895953198
2017-09-01,3.0063073936468676
2017-09-02,3.2353593855437723
2017-09-03,3.664831870350467
2017-09-04,3.664831870350467
2017-09-05,3.664831870350467
2017-09-06,3.550305874402015
2017-09-07,3.435779878453563
2017-09-08,3.3498853814922236
2017-09-09,3.435779878453563
2017-09-10,3.2353593855437723
2017-09-11,2.8917813976984155
2017-09-12,2.6856346049912023
2017-09-13,2.5768349088401723
2017-09-14,2.496666711676256
2017-09-15,2.496666711676256
2017-09-16,2.416498514512339
2017-09-17,2.336330317348423
2017-09-18,2.2561621201845066
2017-09-19,2.17599392302059
2017-09-20,2.1072783254515186
2017-09-21,2.0385627278824474
2017-09-22,2.0385627278824474
2017-09-23,1.9698471303133762
2017-09-24,1.9698471303133762
2017-09-25,1.901131532744305
2017-09-26,1.8324159351752336
2017-09-27,1.8324159351752336
2017-09-28,1.7637003376061624
2017-09-29,1.8324159351752336
2017-09-30,1.8324159351752336
2017-10-01,1.7350688386190491
2017-10-02,1.6405848919615764
2017-10-03,1.543237795405392
2017-10-04,1.4487538487479188
2017-10-05,1.3514067521917348
2017-10-06,1.2569228055342618
2017-10-07,1.1595757089780776
2017-10-08,1.0650917623206044
2017-10-09,0.9677446657644202
2017-10-10,0.9677446657644202
2017-10-11,0.927660567182462
2017-10-12,1.0078287643463784
2017-10-13,1.0479128629283367
2017-10-14,1.0479128629283367
2017-10-15,1.0479128629283367
2017-10-16,1.0078287643463784
2017-10-17,1.0078287643463784
2017-10-18,0.9677446657644202
2017-10-19,1.0078287643463784
2017-10-20,0.9677446657644202
2017-10-21,0.9677446657644202
2017-10-22,0.9677446657644202
2017-10-23,0.9677446657644202
2017-10-24,0.9677446657644202
2017-10-25,0.9677446657644202
2017-10-26,0.9677446657644202
2017-10-27,0.9677446657644202
2017-10-28,0.9677446657644202
2017-10-29,0.9677446657644202
2017-10-30,0.9677446657644202
2017-10-31,0.9677446657644202
2017-11-01,0.927660567182462
2017-11-02,0.8875764686005038
2017-11-03,0.8875764686005038
2017-11-04,0.8875764686005038
2017-11-05,0.8875764686005038
2017-11-06,0.8875764686005038
2017-11-07,0.8875764686005038
2017-11-08,0.8875764686005038
2017-11-09,0.8761238690056585
2017-11-10,0.8646712694108133
2017-11-11,0.8646712694108133
2017-11-12,0.8532186698159682
2017-11-13,0.8417660702211229
2017-11-14,0.8532186698159682
2017-11-15,0.8646712694108133
2017-11-16,0.8532186698159682
2017-11-17,0.8532186698159682
2017-11-18,0.8532186698159682
2017-11-19,0.8532186698159682
2017-11-20,0.8532186698159682
2017-11-21,0.8532186698159682
2017-11-22,0.8532186698159682
2017-11-23,0.8532186698159682
2017-11-24,0.8532186698159682
2017-11-25,0.8532186698159682
2017-11-26,0.8532186698159682
2017-11-27,0.8646712694108133
2017-11-28,0.8646712694108133
2017-11-29,0.8646712694108133
2017-11-30,0.8761238690056585
2017-12-01,0.8646712694108133
2017-12-02,0.8761238690056585
2017-12-03,0.8446292201198343
2017-12-04,0.8102714213352986
2017-12-05,0.7787767724494744
2017-12-06,0.7472821235636499
2017-12-07,0.7157874746778257
2017-12-08,0.6814296758932901
2017-12-09,0.6499350270074656
2017-12-10,0.6184403781216413
2017-12-11,0.5869457292358169
2017-12-12,0.5525879304512813
2017-12-13,0.5210932815654571
2017-12-14,0.5210932815654571
2017-12-15,0.5210932815654571
2017-12-16,0.5210932815654571
2017-12-17,0.5210932815654571
2017-12-18,0.5210932815654571
2017-12-19,0.5210932815654571
2017-12-20,0.5210932815654571
2017-12-21,0.5210932815654571
2017-12-22,0.5210932815654571
2017-12-23,0.4810091829834988
2017-12-24,0.4810091829834988
2017-12-25,0.4810091829834988
2017-12-26,0.4810091829834988
2017-12-27,0.4810091829834988
2017-12-28,0.5210932815654571
2017-12-29,0.5239564314641684
2017-12-30,0.5268195813628797
2017-12-31,0.5296827312615909
2018-01-01,0.5325458811603022
2018-01-02,0.5354090310590136
2018-01-03,0.5382721809577249
2018-01-04,0.5382721809577249
2018-01-05,0.5411353308564362
2018-01-06,0.5439984807551475
2018-01-07,0.5468616306538588
2018-01-08,0.5525879304512813
2018-01-09,0.5611773801474154
2018-01-10,0.5669036799448378
2018-01-11,0.5754931296409718
2018-01-12,0.5812194294383943
2018-01-13,0.5869457292358169
2018-01-14,0.595535178931951
2018-01-15,0.6012614787293735
2018-01-16,0.6098509284255075
2018-01-17,0.61557722822293
2018-01-18,0.624166677919064
2018-01-19,0.6298929777164866
2018-01-20,0.6298929777164866
2018-01-21,0.6298929777164866
2018-01-22,0.6298929777164866
2018-01-23,0.6298929777164866
2018-01-24,0.6298929777164866
2018-01-25,0.6298929777164866
2018-01-26,0.7157874746778257
2018-01-27,0.6298929777164866
2018-01-28,0.6298929777164866
2018-01-29,0.6298929777164866
2018-01-30,0.7157874746778257
2018-01-31,0.6298929777164866
2018-02-01,0.6298929777164866
2018-02-02,0.6728402261971561
2018-02-03,0.6298929777164866
2018-02-04,0.6298929777164866
2018-02-05,0.6728402261971561
2018-02-06,0.6298929777164866
2018-02-07,0.6298929777164866
2018-02-08,0.6298929777164866
2018-02-09,0.6298929777164866
2018-02-10,0.6298929777164866
2018-02-11,0.6298929777164866
2018-02-12,0.6298929777164866
2018-02-13,0.6298929777164866
2018-02-14,0.6298929777164866
2018-02-15,0.6298929777164866
2018-02-16,0.6298929777164866
2018-02-17,0.6298929777164866
2018-02-18,0.6298929777164866
2018-02-19,0.6298929777164866
2018-02-20,0.7157874746778257
2018-02-21,0.6298929777164866
2018-02-22,0.6298929777164866
2018-02-23,0.6298929777164866
2018-02-24,0.6298929777164866
2018-02-25,0.6012614787293735
2018-02-26,0.6012614787293735
2018-02-27,0.6298929777164866
2018-02-28,0.6298929777164866
2018-03-01,0.6298929777164866
2018-03-02,0.6012614787293735
2018-03-03,0.6012614787293735
2018-03-04,0.6012614787293735
2018-03-05,0.6012614787293735
2018-03-06,0.6298929777164866
2018-03-07,0.6012614787293735
2018-03-08,0.6298929777164866
2018-03-09,0.6012614787293735
2018-03-10,0.6012614787293735
2018-03-11,0.6012614787293735
2018-03-12,0.6012614787293735
2018-03-13,0.6012614787293735
2018-03-14,0.6012614787293735
2018-03-15,0.6012614787293735
2018-03-16,0.6298929777164866
2018-03-17,0.6012614787293735
2018-03-18,0.6012614787293735
2018-03-19,0.6012614787293735
2018-03-20,0.6012614787293735
2018-03-21,0.6298929777164866
2018-03-22,0.6012614787293735
2018-03-23,0.6012614787293735
2018-03-24,0.6012614787293735
2018-03-25,0.6012614787293735
2018-03-26,0.6012614787293735
2018-03-27,0.6012614787293735
2018-03-28,0.6012614787293735
2018-03-29,0.6012614787293735
2018-03-30,0.6012614787293735
2018-03-31,0.6012614787293735
2018-04-01,0.6012614787293735
2018-04-02,0.6012614787293735
2018-04-03,0.6012614787293735
2018-04-04,0.6012614787293735
2018-04-05,0.6012614787293735
2018-04-06,0.6012614787293735
2018-04-07,0.6012614787293735
2018-04-08,0.6012614787293735
2018-04-09,0.6012614787293735
2018-04-10,0.6012614787293735
2018-04-11,0.6012614787293735
2018-04-12,0.6012614787293735
2018-04-13,0.6012614787293735
2018-04-14,0.6012614787293735
2018-04-15,0.6012614787293735
2018-04-16,0.6298929777164866
2018-04-17,0.6298929777164866
2018-04-18,0.6728402261971561
2018-04-19,0.6728402261971561
2018-04-20,0.6728402261971561
2018-04-21,0.6298929777164866
2018-04-22,0.6298929777164866
2018-04-23,0.6728402261971561
2018-04-24,0.7157874746778257
2018-04-25,0.8961659182966377
2018-04-26,1.087996961510295
2018-04-27,0.8961659182966377
2018-04-28,1.23115445644586
2018-04-29,1.23115445644586
2018-04-30,1.0250076637386465
2018-05-01,1.23115445644586
2018-05-02,1.23115445644586
2018-05-03,1.23115445644586
2018-05-04,1.317048953407199
2018-05-05,1.23115445644586
2018-05-06,1.1595757089780776
2018-05-07,1.1595757089780776
2018-05-08,1.1595757089780776
2018-05-09,1.1595757089780776
2018-05-10,1.087996961510295
2018-05-11,1.23115445644586
2018-05-12,2.147362424033477
2018-05-13,3.2353593855437723
2018-05-14,2.8917813976984155
2018-05-15,2.147362424033477
2018-05-16,1.7608371877074511
2018-05-17,1.7608371877074511
2018-05-18,1.6692163909486892
2018-05-19,1.4029434503685385
2018-05-20,1.317048953407199
2018-05-21,1.317048953407199
2018-05-22,1.317048953407199
2018-05-23,1.23115445644586
2018-05-24,1.23115445644586
2018-05-25,1.23115445644586
2018-05-26,1.317048953407199
2018-05-27,1.4888379473298774
2018-05-28,2.147362424033477
2018-05-29,2.147362424033477
2018-05-30,1.9469419311236857
2018-05-31,1.4029434503685385
2018-06-01,1.4888379473298774
2018-06-02,1.5747324442912163
2018-06-03,1.8037844361881208
2018-06-04,2.032836428085025
2018-06-05,2.261888419981929
2018-06-06,2.490940411878833
2018-06-07,2.7199924037757373
2018-06-08,2.949044395672642
2018-06-09,3.178096387569546
2018-06-10,3.40714837946645
2018-06-11,3.7793578662989193
2018-06-12,4.037041357182937
2018-06-13,4.180198852118502
2018-06-14,4.437882343002519
2018-06-15,4.437882343002519
2018-06-16,4.437882343002519
2018-06-17,4.180198852118502
2018-06-18,3.9225153612344847
2018-06-19,3.5216743754149022
2018-06-20,3.7793578662989193
2018-06-21,3.7793578662989193
2018-06-22,3.664831870350467
2018-06-23,3.5216743754149022
2018-06-24,3.664831870350467
2018-06-25,3.9225153612344847
2018-06-26,4.037041357182937
2018-06-27,4.037041357182937
2018-06-28,3.9225153612344847
2018-06-29,4.180198852118502
2018-06-30,4.55240833895097
2018-07-01,4.55240833895097
2018-07-02,4.437882343002519
2018-07-03,4.437882343002519
2018-07-04,4.437882343002519
2018-07-05,4.437882343002519
2018-07-06,4.437882343002519
2018-07-07,4.981880823757666
2018-07-08,5.125038318693231
2018-07-09,5.554510803499926
2018-07-10,6.184403781216414
2018-07-11,6.356192775139092
2018-07-12,6.356192775139092
2018-07-13,6.184403781216414
2018-07-14,6.184403781216414
2018-07-15,6.728402261971561
2018-07-16,6.556613268048882
2018-07-17,7.129243247791143
2018-07-18,7.673241728546291
2018-07-19,7.301032241713822
2018-07-20,6.728402261971561
2018-07-21,6.928822754881352
2018-07-22,6.928822754881352
2018-07-23,7.129243247791143
2018-07-24,7.129243247791143
2018-07-25,7.673241728546291
2018-07-26,6.928822754881352
2018-07-27,6.928822754881352
2018-07-28,6.928822754881352
2018-07-29,5.554510803499926
2018-07-30,4.8387233288221
2018-07-31,5.554510803499926
2018-08-01,5.697668298435491
2018-08-02,5.697668298435491
2018-08-03,5.554510803499926
2018-08-04,5.697668298435491
2018-08-05,6.356192775139092
2018-08-06,6.184403781216414
2018-08-07,6.556613268048882
2018-08-08,6.728402261971561
2018-08-09,6.928822754881352
2018-08-10,6.728402261971561
2018-08-11,6.928822754881352
2018-08-12,8.789870189043699
2018-08-13,7.873662221456082
2018-08-14,6.356192775139092
2018-08-15,6.184403781216414
2018-08-16,6.184403781216414
2018-08-17,6.356192775139092
2018-08-18,6.356192775139092
2018-08-19,6.356192775139092
2018-08-20,6.184403781216414
2018-08-21,6.184403781216414
2018-08-22,5.497247805525701
2018-08-23,5.898088791345284
2018-08-24,6.041246286280849
2018-08-25,4.781460330847875
2018-08-26,4.380619345028293
2018-08-27,3.807989365286032
2018-08-28,3.69346336933758
2018-08-29,3.550305874402015
2018-08-30,3.69346336933758
2018-08-31,3.550305874402015
2018-09-01,3.1208333895953198
2018-09-02,3.1208333895953198
2018-09-03,3.2639908845308847
2018-09-04,3.1208333895953198
2018-09-05,3.1208333895953198
2018-09-06,3.1208333895953198
2018-09-07,3.1208333895953198
2018-09-08,3.1208333895953198
2018-09-09,3.1208333895953198
2018-09-10,2.977675894659755
2018-09-11,2.705676654282181
2018-09-12,3.951146860221597
2018-09-13,2.845970999319035
2018-09-14,2.5653823092453276
2018-09-15,2.5653823092453276
2018-09-16,2.4279511141071843
2018-09-17,2.4279511141071843
2018-09-18,2.2876567690703307
2018-09-19,2.2876567690703307
2018-09-20,2.147362424033477
2018-09-21,2.0471521775785813
2018-09-22,2.147362424033477
2018-09-23,2.0471521775785813
2018-09-24,2.2475726704883723
2018-09-25,2.2475726704883723
2018-09-26,2.147362424033477
2018-09-27,2.0471521775785813
2018-09-28,2.0471521775785813
2018-09-29,1.9469419311236857
2018-09-30,2.0471521775785813
2018-10-01,2.0471521775785813
2018-10-02,2.0471521775785813
2018-10-03,1.9469419311236857
2018-10-04,1.9469419311236857
2018-10-05,1.9469419311236857
2018-10-06,1.855321134364924
2018-10-07,1.6692163909486892
2018-10-08,1.6692163909486892
2018-10-09,1.5747324442912163
2018-10-10,1.4888379473298774
2018-10-11,1.5747324442912163
2018-10-12,1.4888379473298774
2018-10-13,1.4029434503685385
2018-10-14,1.317048953407199
2018-10-15,1.317048953407199
2018-10-16,1.23115445644586
2018-10-17,1.317048953407199
2018-10-18,1.317048953407199
2018-10-19,1.317048953407199
2018-10-20,1.4029434503685385
2018-10-21,1.4029434503685385
2018-10-22,1.4029434503685385
2018-10-23,1.317048953407199
2018-10-24,1.23115445644586
2018-10-25,1.23115445644586
2018-10-26,1.23115445644586
2018-10-27,1.1595757089780776
2018-10-28,1.1595757089780776
2018-10-29,1.1595757089780776
2018-10-30,1.1595757089780776
2018-10-31,1.1595757089780776
2018-11-01,1.23115445644586
2018-11-02,0.9591552160682864
2018-11-03,0.8961659182966377
2018-11-04,0.8961659182966377
2018-11-05,0.8961659182966377
2018-11-06,0.8961659182966377
2018-11-07,0.8961659182966377
2018-11-08,0.8961659182966377
2018-11-09,0.8961659182966377
2018-11-10,0.8961659182966377
2018-11-11,0.8961659182966377
2018-11-12,0.8961659182966377
2018-11-13,0.8303134706262777
2018-11-14,0.8303134706262777
2018-11-15,0.8303134706262777
2018-11-16,0.7730504726520517
2018-11-17,0.7157874746778257
2018-11-18,0.7157874746778257
2018-11-19,0.7157874746778257
2018-11-20,0.7157874746778257
2018-11-21,0.7730504726520517
2018-11-22,0.7730504726520517
2018-11-23,0.7730504726520517
2018-11-24,0.7730504726520517
2018-11-25,0.7730504726520517
2018-11-26,0.7157874746778257
2018-11-27,0.7157874746778257
2018-11-28,0.7157874746778257
2018-11-29,0.7157874746778257
2018-11-30,0.7157874746778257
2018-12-01,0.7157874746778257
2018-12-02,0.7730504726520517
2018-12-03,0.7730504726520517
2018-12-04,0.7730504726520517
2018-12-05,0.7730504726520517
2018-12-06,0.7730504726520517
2018-12-07,0.7730504726520517
2018-12-08,0.7730504726520517
2018-12-09,0.7730504726520517
2018-12-10,0.6728402261971561
2018-12-11,0.6298929777164866
2018-12-12,0.6012614787293735
2018-12-13,0.6012614787293735
2018-12-14,0.6298929777164866
2018-12-15,0.6298929777164866
2018-12-16,0.6298929777164866
2018-12-17,0.6728402261971561
2018-12-18,0.7730504726520517
2018-12-19,0.6728402261971561
2018-12-20,0.6298929777164866
2018-12-21,0.7157874746778257
2018-12-22,0.8303134706262777
2018-12-23,0.8961659182966377
2018-12-24,0.7730504726520517
2018-12-25,0.7157874746778257
2018-12-26,0.7730504726520517
2018-12-27,0.7730504726520517
2018-12-28,0.7615978730572064
2018-12-29,0.7501452734623613
2018-12-30,0.738692673867516
2018-12-31,0.7272400742726708
2019-01-01,0.7243769243739594
2019-01-02,0.7243769243739594
2019-01-03,0.7215137744752482
2019-01-04,0.7215137744752482
2019-01-05,0.7186506245765368
2019-01-06,0.7157874746778257
2019-01-07,0.7157874746778257
2019-01-08,0.7129243247791144
2019-01-09,0.7129243247791144
2019-01-10,0.710061174880403
2019-01-11,0.7071980249816918
2019-01-12,0.7014717251842693
2019-01-13,0.6986085752855578
2019-01-14,0.6928822754881353
2019-01-15,0.6900191255894239
2019-01-16,0.6871559756907126
2019-01-17,0.6814296758932901
2019-01-18,0.6585244767035995
2019-01-19,0.6585244767035995
2019-01-20,0.6585244767035995
2019-01-21,0.6585244767035995
2019-01-22,0.6585244767035995
2019-01-23,0.6585244767035995
2019-01-24,0.6585244767035995
2019-01-25,0.6585244767035995
2019-01-26,0.6585244767035995
2019-01-27,0.6585244767035995
2019-01-28,0.6814296758932901
2019-01-29,0.6585244767035995
2019-01-30,0.6585244767035995
2019-01-31,0.6585244767035995
2019-02-01,0.6327561276151978
2019-02-02,0.6098509284255075
2019-02-03,0.5840825793371057
2019-02-04,0.5611773801474154
2019-02-05,0.5354090310590136
2019-02-06,0.5096406819706119
2019-02-07,0.48673548278092144
2019-02-08,0.4609671336925197
2019-02-09,0.43806193450282926
2019-02-10,0.4122935854144275
2019-02-11,0.4122935854144275
2019-02-12,0.4122935854144275
2019-02-13,0.4122935854144275
2019-02-14,0.4122935854144275
2019-02-15,0.4122935854144275
2019-02-16,0.4122935854144275
2019-02-17,0.4122935854144275
2019-02-18,0.4122935854144275
2019-02-19,0.4122935854144275
2019-02-20,0.4122935854144275
2019-02-21,0.4122935854144275
2019-02-22,0.4122935854144275
2019-02-23,0.44665138419896316
2019-02-24,0.44665138419896316
2019-02-25,0.42947248480669536
2019-02-26,0.42947248480669536
2019-02-27,0.44665138419896316
2019-02-28,0.42947248480669536
2019-03-01,0.4122935854144275
2019-03-02,0.4122935854144275
2019-03-03,0.4122935854144275
2019-03-04,0.4122935854144275
2019-03-05,0.4122935854144275
2019-03-06,0.42947248480669536
2019-03-07,0.42947248480669536
2019-03-08,0.44665138419896316
2019-03-09,0.44665138419896316
2019-03-10,0.44665138419896316
2019-03-11,0.44665138419896316
2019-03-12,0.44665138419896316
2019-03-13,0.44665138419896316
2019-03-14,0.44665138419896316
2019-03-15,0.44665138419896316
2019-03-16,0.44665138419896316
2019-03-17,0.463830283591231
2019-03-18,0.463830283591231
2019-03-19,0.463830283591231
2019-03-20,0.4810091829834988
2019-03-21,0.5125038318693232
2019-03-22,0.5439984807551475
2019-03-23,0.5439984807551475
2019-03-24,0.5726299797422605
2019-03-25,0.6356192775139092
2019-03-26,0.6356192775139092
2019-03-27,0.6356192775139092
2019-03-28,0.6785665259945787
2019-03-29,0.6785665259945787
2019-03-30,0.7186506245765368
2019-03-31,0.6785665259945787
2019-04-01,0.6356192775139092
2019-04-02,0.6356192775139092
2019-04-03,0.6356192775139092
2019-04-04,0.6356192775139092
2019-04-05,0.6356192775139092
2019-04-06,0.6785665259945787
2019-04-07,0.6785665259945787
2019-04-08,0.6356192775139092
2019-04-09,0.6356192775139092
2019-04-10,0.6356192775139092
2019-04-11,0.6356192775139092
2019-04-12,0.6785665259945787
2019-04-13,0.6785665259945787
2019-04-14,0.6785665259945787
2019-04-15,0.7186506245765368
2019-04-16,0.8016819716391645
2019-04-17,1.0393234132322027
2019-04-18,0.9906498649541107
2019-04-19,0.9906498649541107
2019-04-20,1.0393234132322027
2019-04-21,1.0393234132322027
2019-04-22,1.087996961510295
2019-04-23,1.087996961510295
2019-04-24,0.9906498649541107
2019-04-25,1.087996961510295
2019-04-26,0.9419763166760184
2019-04-27,0.9419763166760184
2019-04-28,0.8933027683979263
2019-04-29,0.9419763166760184
2019-04-30,0.9906498649541107
2019-05-01,0.9906498649541107
2019-05-02,0.9906498649541107
2019-05-03,0.9906498649541107
2019-05-04,0.8933027683979263
2019-05-05,0.8933027683979263
2019-05-06,0.8446292201198343
2019-05-07,0.8933027683979263
2019-05-08,0.8933027683979263
2019-05-09,0.8933027683979263
2019-05-10,0.8933027683979263
2019-05-11,0.9906498649541107
2019-05-12,1.2340176063445711
2019-05-13,1.0393234132322027
2019-05-14,1.0393234132322027
2019-05-15,1.087996961510295
2019-05-16,1.1366705097883871
2019-05-17,1.1853440580664791
2019-05-18,1.2340176063445711
2019-05-19,1.1366705097883871
2019-05-20,1.1853440580664791
2019-05-21,1.8524579844662128
2019-05-22,2.5195719108659462
2019-05-23,2.7257187035731603
2019-05-24,2.17599392302059
2019-05-25,2.17599392302059
2019-05-26,1.8324159351752336
2019-05-27,1.901131532744305
2019-05-28,1.8324159351752336
2019-05-29,2.2447095205896614
2019-05-30,2.450856313296875
2019-05-31,2.6570031060040886
2019-06-01,2.949044395672642
2019-06-02,3.3212538825051108
2019-06-03,3.3785168804793373
2019-06-04,3.0063073936468676
2019-06-05,3.092201890608207
2019-06-06,3.0063073936468676
2019-06-07,3.2353593855437723
2019-06-08,3.092201890608207
2019-06-09,3.2353593855437723
2019-06-10,3.0063073936468676
2019-06-11,2.949044395672642
2019-06-12,3.092201890608207
2019-06-13,2.794434301142231
2019-06-14,2.794434301142231
2019-06-15,2.794434301142231
2019-06-16,2.8631498987113027
2019-06-17,3.0063073936468676
2019-06-18,3.0063073936468676
2019-06-19,3.2353593855437723
2019-06-20,3.092201890608207
2019-06-21,3.2353593855437723
2019-06-22,3.464411377440676
2019-06-23,3.464411377440676
2019-06-24,3.464411377440676
2019-06-25,3.5216743754149022
2019-06-26,3.5216743754149022
2019-06-27,3.464411377440676
2019-06-28,3.7220948683246933
2019-06-29,3.7220948683246933
2019-06-30,3.7220948683246933
2019-07-01,3.7220948683246933
2019-07-02,4.122935854144275
2019-07-03,4.63830283591231
2019-07-04,4.781460330847875
2019-07-05,4.92461782578344
2019-07-06,4.92461782578344
2019-07-07,5.611773801474154
2019-07-08,5.468616306538589
2019-07-09,5.468616306538589
2019-07-10,5.468616306538589
2019-07-11,5.325458811603023
2019-07-12,5.783562795396831
2019-07-13,5.325458811603023
2019-07-14,5.325458811603023
2019-07-15,5.468616306538589
2019-07-16,5.611773801474154
2019-07-17,5.468616306538589
2019-07-18,5.783562795396831
2019-07-19,5.95535178931951
2019-07-20,5.325458811603023
2019-07-21,5.21093281565457
2019-07-22,4.92461782578344
2019-07-23,5.783562795396831
2019-07-24,5.783562795396831
2019-07-25,5.611773801474154
2019-07-26,4.92461782578344
2019-07-27,5.21093281565457
2019-07-28,5.067775320719005
2019-07-29,5.325458811603023
2019-07-30,5.468616306538589
2019-07-31,5.21093281565457
2019-08-01,5.468616306538589
2019-08-02,5.21093281565457
2019-08-03,5.325458811603023
2019-08-04,4.92461782578344
2019-08-05,5.067775320719005
2019-08-06,5.067775320719005
2019-08-07,5.468616306538589
2019-08-08,5.325458811603023
2019-08-09,5.468616306538589
2019-08-10,5.783562795396831
2019-08-11,5.468616306538589
2019-08-12,5.468616306538589
2019-08-13,5.611773801474154
2019-08-14,5.95535178931951
2019-08-15,5.783562795396831
2019-08-16,5.21093281565457
2019-08-17,5.325458811603023
2019-08-18,4.781460330847875
2019-08-19,4.63830283591231
2019-08-20,4.523776839963858
2019-08-21,4.2374618500927275
2019-08-22,3.7220948683246933
2019-08-23,3.6075688723762416
2019-08-24,3.7220948683246933
2019-08-25,3.6075688723762416
2019-08-26,3.3212538825051108
2019-08-27,3.3785168804793373
2019-08-28,3.5216743754149022
2019-08-29,3.5216743754149022
2019-08-30,3.5216743754149022
2019-08-31,3.464411377440676
2019-09-01,3.3785168804793373
2019-09-02,3.2353593855437723
2019-09-03,2.949044395672642
2019-09-04,2.794434301142231
2019-09-05,2.794434301142231
2019-09-06,2.6570031060040886
2019-09-07,2.6570031060040886
2019-09-08,2.588287508435017
2019-09-09,2.588287508435017
2019-09-10,2.794434301142231
2019-09-11,2.450856313296875
2019-09-12,2.450856313296875
2019-09-13,2.382140715727804
2019-09-14,2.2447095205896614
2019-09-15,2.2447095205896614
2019-09-16,2.382140715727804
2019-09-17,2.382140715727804
2019-09-18,2.17599392302059
2019-09-19,2.1072783254515186
2019-09-20,2.0385627278824474
2019-09-21,2.0385627278824474
2019-09-22,2.0385627278824474
2019-09-23,2.0385627278824474
2019-09-24,2.0385627278824474
2019-09-25,2.0385627278824474
2019-09-26,1.9698471303133762
2019-09-27,1.9698471303133762
2019-09-28,1.9698471303133762
2019-09-29,1.9698471303133762
2019-09-30,2.1072783254515186
2019-10-01,2.0385627278824474
2019-10-02,1.9698471303133762
2019-10-03,1.901131532744305
2019-10-04,1.7866055367958527
2019-10-05,1.6949847400370912
2019-10-06,1.6949847400370912
2019-10-07,1.6949847400370912
2019-10-08,1.6949847400370912
2019-10-09,1.740795138416472
2019-10-10,1.64917434165771
2019-10-11,1.603363943278329
2019-10-12,1.740795138416472
2019-10-13,1.64917434165771
2019-10-14,1.603363943278329
2019-10-15,1.6949847400370912
2019-10-16,1.603363943278329
2019-10-17,1.603363943278329
2019-10-18,1.5575535448989488
2019-10-19,1.5117431465195679
2019-10-20,1.5117431465195679
2019-10-21,1.465932748140187
2019-10-22,1.5117431465195679
2019-10-23,1.5117431465195679
2019-10-24,1.465932748140187
2019-10-25,1.420122349760806
2019-10-26,1.420122349760806
2019-10-27,1.465932748140187
2019-10-28,1.465932748140187
2019-10-29,1.465932748140187
2019-10-30,1.465932748140187
2019-10-31,1.420122349760806
2019-11-01,1.465932748140187
2019-11-02,1.465932748140187
2019-11-03,1.465932748140187
2019-11-04,1.465932748140187
2019-11-05,1.465932748140187
2019-11-06,1.3113226536097764
2019-11-07,1.156712559079366
2019-11-08,0.9992393146502445
2019-11-09,0.8446292201198343
2019-11-10,0.8933027683979263
2019-11-11,0.8446292201198343
2019-11-12,0.8446292201198343
2019-11-13,0.8446292201198343
2019-11-14,0.8446292201198343
2019-11-15,0.8446292201198343
2019-11-16,0.8446292201198343
2019-11-17,0.8446292201198343
2019-11-18,0.8446292201198343
2019-11-19,0.8446292201198343
2019-11-20,0.8446292201198343
2019-11-21,0.8446292201198343
2019-11-22,0.8016819716391645
2019-11-23,0.8016819716391645
2019-11-24,0.8016819716391645
2019-11-25,0.8016819716391645
2019-11-26,0.8016819716391645
2019-11-27,0.8016819716391645
2019-11-28,0.8016819716391645
2019-11-29,0.7615978730572064
2019-11-30,0.7615978730572064
2019-12-01,0.7615978730572064
2019-12-02,0.7615978730572064
2019-12-03,0.8016819716391645
2019-12-04,0.8016819716391645
2019-12-05,0.8016819716391645
2019-12-06,0.8016819716391645
2019-12-07,0.8016819716391645
2019-12-08,0.8016819716391645
2019-12-09,0.8016819716391645
2019-12-10,0.8016819716391645
2019-12-11,0.7615978730572064
2019-12-12,0.8016819716391645
2019-12-13,0.7615978730572064
2019-12-14,0.7615978730572064
2019-12-15,0.7186506245765368
2019-12-16,0.8016819716391645
2019-12-17,0.8446292201198343
2019-12-18,0.8933027683979263
2019-12-19,0.8933027683979263
2019-12-20,0.8933027683979263
2019-12-21,0.8933027683979263
2019-12-22,0.8933027683979263
2019-12-23,0.9419763166760184
2019-12-24,0.8933027683979263
2019-12-25,0.8847133187017925
2019-12-26,0.8761238690056585
2019-12-27,0.870397569208236
2019-12-28,0.861808119512102
2019-12-29,0.8532186698159682
2019-12-30,0.8446292201198343
2019-12-31,0.8016819716391645
2020-01-01,0.8360397704237004
2020-01-02,0.8875764686005038
2020-01-03,0.8875764686005038
2020-01-04,0.8875764686005038
2020-01-05,0.8875764686005038
2020-01-06,0.9018922180940604
2020-01-07,0.9133448176889055
2020-01-08,0.927660567182462
2020-01-09,0.9391131667773073
2020-01-10,0.8875764686005038
2020-01-11,0.8360397704237004
2020-01-12,0.8360397704237004
2020-01-13,0.7873662221456081
2020-01-14,0.7358295239688047
2020-01-15,0.7358295239688047
2020-01-16,0.7873662221456081
2020-01-17,0.7358295239688047
2020-01-18,0.7873662221456081
2020-01-19,0.8389029203224116
2020-01-20,0.8875764686005038
2020-01-21,0.8875764686005038
2020-01-22,0.8360397704237004
2020-01-23,0.7873662221456081
2020-01-24,0.7873662221456081
2020-01-25,0.7873662221456081
2020-01-26,0.7873662221456081
2020-01-27,0.7873662221456081
2020-01-28,0.7873662221456081
2020-01-29,0.7873662221456081
2020-01-30,0.8389029203224116
2020-01-31,0.8875764686005038
2020-02-01,0.8360397704237004
2020-02-02,0.8360397704237004
2020-02-03,0.8360397704237004
2020-02-04,0.8360397704237004
2020-02-05,0.8360397704237004
2020-02-06,0.8360397704237004
2020-02-07,0.8360397704237004
2020-02-08,0.8360397704237004
2020-02-09,0.8360397704237004
2020-02-10,0.7873662221456081
2020-02-11,0.8360397704237004
2020-02-12,0.8875764686005038
2020-02-13,0.7358295239688047
2020-02-14,0.6871559756907126
2020-02-15,0.6871559756907126
2020-02-16,0.6871559756907126
2020-02-17,0.6871559756907126
2020-02-18,0.6356192775139092
2020-02-19,0.6871559756907126
2020-02-20,0.7358295239688047
2020-02-21,0.7358295239688047
2020-02-22,0.7358295239688047
2020-02-23,0.6871559756907126
2020-02-24,0.6356192775139092
2020-02-25,0.6871559756907126
2020-02-26,0.6356192775139092
2020-02-27,0.6356192775139092
2020-02-28,0.6356192775139092
2020-02-29,0.6356192775139092
2020-03-01,0.6356192775139092
2020-03-02,0.6871559756907126
2020-03-03,0.6871559756907126
2020-03-04,0.6871559756907126
2020-03-05,0.6871559756907126
2020-03-06,0.7358295239688047
2020-03-07,0.7358295239688047
2020-03-08,0.7358295239688047
2020-03-09,0.7358295239688047
2020-03-10,0.7358295239688047
2020-03-11,0.7358295239688047
2020-03-12,0.7358295239688047
2020-03-13,0.7358295239688047
2020-03-14,0.7358295239688047
2020-03-15,0.7358295239688047
2020-03-16,0.7358295239688047
2020-03-17,0.7358295239688047
2020-03-18,0.7358295239688047
2020-03-19,0.7873662221456081
2020-03-20,0.8360397704237004
2020-03-21,0.8875764686005038
2020-03-22,0.8875764686005038
2020-03-23,0.8875764686005038
2020-03-24,0.8875764686005038
2020-03-25,0.8875764686005038
2020-03-26,0.8875764686005038
2020-03-27,0.8875764686005038
2020-03-28,0.8875764686005038
2020-03-29,0.8875764686005038
2020-03-30,0.9391131667773073
2020-03-31,0.9391131667773073
2020-04-01,0.9391131667773073
2020-04-02,0.9906498649541107
2020-04-03,0.9906498649541107
2020-04-04,1.0421865631309142
2020-04-05,1.0421865631309142
2020-04-06,1.0421865631309142
2020-04-07,1.0937232613077177
2020-04-08,1.145259959484521
2020-04-09,1.0937232613077177
2020-04-10,0.9906498649541107
2020-04-11,0.9906498649541107
2020-04-12,1.0937232613077177
2020-04-13,1.145259959484521
2020-04-14,1.0937232613077177
2020-04-15,1.202522957458747
2020-04-16,1.202522957458747
2020-04-17,1.145259959484521
2020-04-18,1.145259959484521
2020-04-19,1.145259959484521
2020-04-20,1.145259959484521
2020-04-21,1.145259959484521
2020-04-22,1.2597859554329731
2020-04-23,1.202522957458747
2020-04-24,1.317048953407199
2020-04-25,1.4888379473298774
2020-04-26,1.6606269412525554
2020-04-27,1.6606269412525554
2020-04-28,2.1931728224128575
2020-04-29,2.1931728224128575
2020-04-30,2.113004625248941
2020-05-01,1.9698471303133762
2020-05-02,1.5461009453041035
2020-05-03,1.5461009453041035
2020-05-04,1.6606269412525554
2020-05-05,1.4888379473298774
2020-05-06,1.4888379473298774
2020-05-07,1.5461009453041035
2020-05-08,1.4315749493556513
2020-05-09,1.4888379473298774
2020-05-10,1.603363943278329
2020-05-11,1.6606269412525554
2020-05-12,1.6606269412525554
2020-05-13,1.7178899392267815
2020-05-14,1.78087923699843
2020-05-15,1.9698471303133762
2020-05-16,2.032836428085025
2020-05-17,2.113004625248941
2020-05-18,2.032836428085025
2020-05-19,2.032836428085025
2020-05-20,2.113004625248941
2020-05-21,2.032836428085025
2020-05-22,1.9698471303133762
2020-05-23,1.9068578325417276
2020-05-24,2.113004625248941
2020-05-25,3.0635703916210937
2020-05-26,3.2639908845308847
2020-05-27,3.435779878453563
2020-05-28,3.550305874402015
2020-05-29,3.435779878453563
2020-05-30,3.2639908845308847
2020-05-31,2.977675894659755
2020-06-01,2.977675894659755
2020-06-02,2.977675894659755
2020-06-03,2.8917813976984155
2020-06-04,2.8917813976984155
2020-06-05,2.7085398041808926
2020-06-06,2.8917813976984155
2020-06-07,2.7085398041808926
2020-06-08,2.6169190074221302
2020-06-09,2.525298210663369
2020-06-10,2.525298210663369
2020-06-11,2.7085398041808926
2020-06-12,2.800160600939654
2020-06-13,2.525298210663369
2020-06-14,2.7085398041808926
2020-06-15,2.977675894659755
2020-06-16,2.977675894659755
2020-06-17,2.7085398041808926
2020-06-18,2.7085398041808926
2020-06-19,2.8917813976984155
2020-06-20,2.7085398041808926
2020-06-21,2.525298210663369
2020-06-22,2.7085398041808926
2020-06-23,2.8917813976984155
2020-06-24,3.178096387569546
2020-06-25,2.977675894659755
2020-06-26,2.8917813976984155
2020-06-27,3.178096387569546
2020-06-28,2.977675894659755
2020-06-29,2.7085398041808926
2020-06-30,2.800160600939654
2020-07-01,2.8917813976984155
2020-07-02,2.8917813976984155
2020-07-03,2.8917813976984155
2020-07-04,2.8917813976984155
2020-07-05,2.8917813976984155
2020-07-06,2.8917813976984155
2020-07-07,2.977675894659755
2020-07-08,2.977675894659755
2020-07-09,3.550305874402015
2020-07-10,3.550305874402015
2020-07-11,3.2639908845308847
2020-07-12,3.178096387569546
2020-07-13,3.435779878453563
2020-07-14,3.435779878453563
2020-07-15,3.435779878453563
2020-07-16,3.750726367311806
2020-07-17,3.951146860221597
2020-07-18,4.2374618500927275
2020-07-19,4.2374618500927275
2020-07-20,4.037041357182937
2020-07-21,3.750726367311806
2020-07-22,3.178096387569546
2020-07-23,3.750726367311806
2020-07-24,3.8366208642731454
2020-07-25,4.666934334899423
2020-07-26,4.55240833895097
2020-07-27,4.35198784604118
2020-07-28,3.951146860221597
2020-07-29,3.750726367311806
2020-07-30,4.2374618500927275
2020-07-31,4.466513841989632
2020-08-01,7.0433487508298045
2020-08-02,6.585244767035996
2020-08-03,4.752828831860763
2020-08-04,5.096406819706118
2020-08-05,4.867354827809215
2020-08-06,4.752828831860763
2020-08-07,4.867354827809215
2020-08-08,4.867354827809215
2020-08-09,4.466513841989632
2020-08-10,4.752828831860763
2020-08-11,4.55240833895097
2020-08-12,4.2374618500927275
2020-08-13,4.2374618500927275
2020-08-14,4.666934334899423
2020-08-15,4.35198784604118
2020-08-16,4.2374618500927275
2020-08-17,4.35198784604118
2020-08-18,4.35198784604118
2020-08-19,4.35198784604118
2020-08-20,4.037041357182937
2020-08-21,3.8366208642731454
2020-08-22,3.750726367311806
2020-08-23,3.8366208642731454
2020-08-24,4.151567353131389
2020-08-25,4.2374618500927275
2020-08-26,4.2374618500927275
2020-08-27,5.325458811603023
2020-08-28,4.981880823757666
2020-08-29,4.466513841989632
2020-08-30,4.35198784604118
2020-08-31,4.151567353131389
2020-09-01,3.8366208642731454
2020-09-02,3.750726367311806
2020-09-03,3.8366208642731454
2020-09-04,3.8366208642731454
2020-09-05,3.636200371363354
2020-09-06,3.2639908845308847
2020-09-07,3.2639908845308847
2020-09-08,3.2639908845308847
2020-09-09,3.178096387569546
2020-09-10,3.178096387569546
2020-09-11,2.977675894659755
2020-09-12,2.8917813976984155
2020-09-13,2.800160600939654
2020-09-14,2.6169190074221302
2020-09-15,2.4336774139046073
2020-09-16,2.3535092167406906
2020-09-17,2.2733410195767743
2020-09-18,2.3535092167406906
2020-09-19,2.2733410195767743
2020-09-20,2.2733410195767743
2020-09-21,2.1931728224128575
2020-09-22,2.1931728224128575
2020-09-23,2.113004625248941
2020-09-24,2.032836428085025
2020-09-25,1.9154472822378614
2020-09-26,1.8009212862894093
2020-09-27,1.6835321404422459
2020-09-28,1.5661429945950824
2020-09-29,1.4516169986466305
2020-09-30,1.334227852799467
2020-10-01,1.3199121033059105
2020-10-02,1.3055963538123538
2020-10-03,1.2941437542175085
2020-10-04,1.279828004723952
2020-10-05,1.2655122552303957
2020-10-06,1.251196505736839
2020-10-07,1.2368807562432826
2020-10-08,1.2254281566484375
2020-10-09,1.211112407154881
2020-10-10,1.1967966576613245
2020-10-11,1.087996961510295
2020-10-12,0.9763341154605542
2020-10-13,0.993513014852822
2020-10-14,1.0135550641438011
2020-10-15,1.0307339635360688
2020-10-16,1.050776012827048
2020-10-17,1.0679549122193157
2020-10-18,1.087996961510295
2020-10-19,1.1051758609025626
2020-10-20,1.1051758609025626
2020-10-21,1.1051758609025626
2020-10-22,1.0593654625231819
2020-10-23,1.0593654625231819
2020-10-24,1.0593654625231819
2020-10-25,1.0593654625231819
2020-10-26,1.0593654625231819
2020-10-27,1.0593654625231819
2020-10-28,1.0593654625231819
2020-10-29,1.0135550641438011
2020-10-30,0.9677446657644202
2020-10-31,0.9677446657644202
2020-11-01,1.0135550641438011
2020-11-02,1.0135550641438011
2020-11-03,1.0135550641438011
2020-11-04,1.0135550641438011
2020-11-05,1.0135550641438011
2020-11-06,0.9677446657644202
2020-11-07,0.9677446657644202
2020-11-08,0.9677446657644202
2020-11-09,0.9677446657644202
2020-11-10,0.9677446657644202
2020-11-11,0.9677446657644202
2020-11-12,0.9677446657644202
2020-11-13,0.9677446657644202
2020-11-14,0.9677446657644202
2020-11-15,0.9677446657644202
2020-11-16,0.9677446657644202
2020-11-17,0.9677446657644202
2020-11-18,0.9677446657644202
2020-11-19,0.9247974172837508
2020-11-20,0.8818501688030812
2020-11-21,0.9247974172837508
2020-11-22,0.9247974172837508
2020-11-23,0.9247974172837508
2020-11-24,0.9247974172837508
2020-11-25,0.9247974172837508
2020-11-26,0.9247974172837508
2020-11-27,0.9247974172837508
2020-11-28,0.9247974172837508
2020-11-29,0.9247974172837508
2020-11-30,0.9677446657644202
2020-12-01,0.9763341154605542
2020-12-02,0.9849235651566881
2020-12-03,0.9963761647515333
2020-12-04,1.0049656144476673
2020-12-05,1.0135550641438011
2020-12-06,0.9677446657644202
2020-12-07,0.9677446657644202
2020-12-08,0.9247974172837508
2020-12-09,0.9247974172837508
2020-12-10,0.9677446657644202
2020-12-11,0.9247974172837508
2020-12-12,0.927660567182462
2020-12-13,0.9333868669798846
2020-12-14,0.9362500168785959
2020-12-15,0.9419763166760184
2020-12-16,0.9448394665747298
2020-12-17,0.9505657663721525
2020-12-18,0.9534289162708638
2020-12-19,0.9591552160682864
2020-12-20,0.9620183659669976
2020-12-21,0.956292066169575
2020-12-22,0.9534289162708638
2020-12-23,0.9477026164734411
2020-12-24,0.9448394665747298
2020-12-25,0.9391131667773073
2020-12-26,0.9333868669798846
2020-12-27,0.9305237170811733
2020-12-28,0.9247974172837508
2020-12-29,0.8818501688030812
2020-12-30,0.8389029203224116
2020-12-31,0.8389029203224116
