Glacier-specific geodetic mass balance (m w.e. a-1) 2000_2020/ according to Hugonnet et al. (2021)
ID=1: measured, ID=2: regional mean
RGI-ID  Area  lat  lon  B  errB  ID
RGI60-03.01710  3082.75809   78.049408  -79.615353   -0.195    0.049  1
RGI60-03.02467  2620.76499   75.057659  -81.512226   -0.186    0.071  1
RGI60-03.02489  2169.06195   75.127298  -83.194622   -0.203    0.076  1
RGI60-03.01678  1890.60513   77.645309  -79.223579   -0.256    0.048  1
RGI60-03.01466  1779.16822   74.935123  -85.199559   -0.519    0.074  1
RGI60-03.01517  1739.95823   76.823706  -79.799875   -0.211    0.042  1
RGI60-03.02668  1733.12361   82.157146  -75.568086   -0.137    0.048  1
RGI60-03.00123  1593.23830   80.354741  -76.529935   -0.160    0.062  1
RGI60-03.01738  1529.22975   78.478721  -78.151472   -0.051    0.058  1
RGI60-03.01708  1433.36362   78.397429  -80.707241   -0.016    0.054  1
RGI60-03.02904  1383.48464   82.397448  -72.467395   -0.180    0.049  1
RGI60-03.03274  1213.90960   81.417308  -82.943894   -0.312    0.045  1
RGI60-03.02442  1133.54094   75.527918  -81.764696   -0.214    0.081  1
RGI60-03.00300  1091.72850   80.453573  -73.578691   -0.147    0.054  1
RGI60-03.00237  1086.61473   79.985974  -75.884072   -0.185    0.054  1
RGI60-03.02849  1077.51168   82.322837  -78.750819   -0.182    0.060  1
RGI60-03.02828  1071.84613   81.978416  -73.496419   -0.208    0.054  1
RGI60-03.00832  1055.40918   79.707194  -91.934678   -0.311    0.057  1
RGI60-03.02440  1045.80806   75.388686  -84.105389   -0.273    0.065  1
RGI60-03.00113   999.63865   80.537253  -75.358764   -0.158    0.058  1
RGI60-03.00183   940.41731   79.943466  -78.482596   -0.183    0.076  1
RGI60-03.02687   874.62632   81.935771  -77.840978   -0.113    0.041  1
RGI60-03.01632   788.87062   78.655806  -79.452145   -0.080    0.064  1
RGI60-03.03389   773.94652   81.662248  -80.317094   -0.158    0.048  1
RGI60-03.00191   769.63587   79.893382  -76.963058   -0.258    0.066  1
RGI60-03.02435   764.85156   75.497811  -83.161992   -0.204    0.081  1
RGI60-03.02782   762.74704   81.800525  -76.298953   -0.208    0.045  1
RGI60-03.01714   737.86770   78.250411  -77.666461   -0.277    0.066  1
RGI60-03.00994   730.45083   78.714995  -91.078605   -0.552    0.080  1
RGI60-03.04487   705.18271   81.657246  -78.638907   -0.181    0.047  1
RGI60-03.00251   689.63174   80.090533  -74.797933   -0.147    0.061  1
RGI60-03.00283   668.44671   80.202913  -73.914881   -0.146    0.060  1
RGI60-03.02429   663.39356   75.570808  -82.447113   -0.336    0.087  1
RGI60-03.02836   660.16115   82.135331  -78.713096   -0.117    0.052  1
RGI60-03.03342   655.61364   81.438368  -79.813354   -0.181    0.050  1
RGI60-03.02469   588.13451   74.786875  -80.721058   -0.472    0.094  1
RGI60-03.01744   582.95237   78.683195  -76.283570   -0.262    0.065  1
RGI60-03.02699   580.53044   82.479491  -77.726314   -0.217    0.068  1
RGI60-03.02457   571.53971   75.408571  -80.877479   -0.243    0.082  1
RGI60-03.01375   561.86948   79.889638  -93.035180   -0.414    0.060  1
RGI60-03.02717   528.80937   82.175318  -71.261728   -0.305    0.060  1
RGI60-03.01706   515.97317   78.889839  -79.845426   -0.122    0.072  1
RGI60-03.00366   497.98749   80.586354  -72.372360   -0.182    0.055  1
RGI60-03.01555   497.82404   76.503135  -80.250939   -0.436    0.078  1
RGI60-03.01897   490.40831   76.788540  -85.533196   -0.264    0.083  1
RGI60-03.00108   489.31964   80.718937  -74.793551   -0.189    0.065  1
RGI60-03.03398   484.16802   81.324564  -81.309373   -0.267    0.053  1
RGI60-03.00098   482.38170   80.911514  -73.041816   -0.153    0.055  1
RGI60-03.00100   481.98523   80.925888  -73.672738   -0.256    0.059  1
RGI60-03.01681   480.61331   78.623730  -81.196765   -0.299    0.075  1
RGI60-03.02488   470.68696   75.242427  -80.596642   -0.364    0.080  1
RGI60-03.01362   465.83553   80.073657  -91.676639   -0.053    0.058  1
RGI60-03.00995   458.06875   78.777395  -90.161569   -0.614    0.090  1
RGI60-03.02811   440.62163   82.705950  -70.513468   -0.213    0.071  1
RGI60-03.01713   437.42549   77.764451  -81.276484   -0.449    0.077  1
RGI60-03.01388   420.22352   79.892056  -91.028089    0.007    0.063  1
RGI60-03.02683   405.09598   81.755343  -74.832693   -0.233    0.058  1
RGI60-03.04538   389.86751   79.603343  -90.588202   -0.231    0.072  1
RGI60-03.00141   381.58560   80.114073  -79.241062   -0.137    0.080  1
RGI60-03.01783   363.35990   78.657055  -78.114242   -0.154    0.072  1
RGI60-03.00136   362.58359   80.260331  -78.443266   -0.222    0.077  1
RGI60-03.01389   355.87518   79.856322  -90.280457   -0.250    0.075  1
RGI60-03.01728   350.02323   78.755938  -80.578223   -0.225    0.077  1
RGI60-03.01709   331.30479   78.139922  -81.158508   -0.330    0.080  1
RGI60-03.01633   323.71652   77.456599  -79.740896   -0.278    0.072  1
RGI60-03.02815   309.75670   82.413319  -70.923549   -0.272    0.068  1
RGI60-03.01707   304.93462   78.105775  -76.765145   -0.564    0.082  1
RGI60-03.00140   304.45902   80.194090  -78.891294   -0.103    0.076  1
RGI60-03.01733   295.21374   78.403095  -76.683536   -0.247    0.067  1
RGI60-03.01228   293.82107   80.085660  -92.766664   -0.245    0.063  1
RGI60-03.01949   285.36449   76.785066  -86.341984   -0.274    0.091  1
RGI60-03.01483   280.74581   76.777965  -78.494641   -0.155    0.068  1
RGI60-03.03967   275.05173   82.362360  -84.941902   -0.415    0.064  1
RGI60-03.00093   267.50415   80.836126  -72.332224   -0.099    0.057  1
RGI60-03.02677   263.27197   82.217708  -69.578685   -0.283    0.067  1
RGI60-03.01766   256.34370   78.779009  -77.003596   -0.259    0.078  1
RGI60-03.03435   253.89353   81.604038  -81.382746   -0.097    0.063  1
RGI60-03.03997   252.45133   82.157194  -84.830564   -0.368    0.063  1
RGI60-03.02473   252.25040   74.667766  -81.643825   -0.478    0.113  1
RGI60-03.00145   250.95703   80.094482  -80.390017   -0.376    0.082  1
RGI60-03.01686   238.13538   77.525964  -80.621903   -0.410    0.080  1
RGI60-03.02476   236.72662   74.695053  -82.014290   -0.370    0.106  1
RGI60-03.00103   230.80371   80.877363  -74.337673   -0.151    0.068  1
RGI60-03.00432   226.49580   79.530917  -77.756110   -0.222    0.069  1
RGI60-03.02884   223.96381   82.535930  -74.365065   -0.245    0.079  1
RGI60-03.00878   222.89865   79.403202  -89.649973   -0.274    0.077  1
RGI60-03.00839   214.54162   79.736854  -89.979217   -0.108    0.078  1
RGI60-03.01711   207.19487   78.038455  -81.384857   -0.369    0.088  1
RGI60-03.01712   203.94035   77.933679  -81.172745   -0.361    0.088  1
RGI60-03.03357   202.77931   81.816882  -80.995962   -0.320    0.067  1
RGI60-03.02681   200.43164   82.271989  -80.947966   -0.260    0.065  1
RGI60-03.00912   196.80232   79.095795  -89.158141   -0.367    0.070  1
RGI60-03.02304   196.33176   76.385419  -91.697388   -0.400    0.093  1
RGI60-03.02667   195.23122   82.396876  -81.965191   -0.328    0.076  1
RGI60-03.00188   194.90088   79.839519  -78.064799   -0.206    0.087  1
RGI60-03.02466   191.81949   75.327932  -80.147745   -0.328    0.085  1
RGI60-03.01641   190.52253   78.813924  -78.890471   -0.247    0.085  1
RGI60-03.01695   188.86764   78.917470  -80.789207   -0.393    0.091  1
RGI60-03.01572   187.18003   76.505539  -79.304406   -0.390    0.095  1
RGI60-03.01472   186.29670   74.636002  -87.340029   -0.481    0.077  1
RGI60-03.03289   183.17207   81.614476  -82.257174   -0.196    0.066  1
RGI60-03.01576   182.95919   76.424331  -79.549840   -0.444    0.100  1
RGI60-03.01785   181.18676   78.077858  -78.238987   -0.219    0.074  1
RGI60-03.01688   179.36363   77.419043  -80.208342   -0.383    0.084  1
RGI60-03.01750   175.66817   78.067643  -77.772544   -0.282    0.073  1
RGI60-03.01644   174.55871   78.905970  -78.616860   -0.253    0.086  1
RGI60-03.03698   174.51463   82.321823  -66.786431   -0.433    0.077  1
RGI60-03.00107   172.32932   80.793298  -74.852034   -0.132    0.078  1
RGI60-03.02464   171.65152   75.385984  -79.840628   -0.175    0.085  1
RGI60-03.00951   171.54036   78.957491  -91.021649   -0.390    0.081  1
RGI60-03.00401   168.20605   79.337817  -79.614699   -0.153    0.075  1
RGI60-03.03303   167.61623   81.412595  -78.690052   -0.325    0.065  1
RGI60-03.00152   163.11709   79.931797  -79.816969   -0.270    0.099  1
RGI60-03.01622   161.70470   76.657451  -80.566924   -0.345    0.086  1
RGI60-03.04537   161.68656   82.066552  -72.105904   -0.354    0.074  1
RGI60-03.00389   157.96033   79.507580  -79.703192   -0.421    0.093  1
RGI60-03.01666   157.88868   77.452520  -78.822842   -0.532    0.081  1
RGI60-03.02705   155.17078   82.268644  -70.506388   -0.334    0.075  1
RGI60-03.03725   155.02019   82.465471  -66.673731   -0.317    0.081  1
RGI60-03.00175   154.11424   79.819304  -79.951376   -0.459    0.108  1
RGI60-03.01723   153.40509   77.590293  -81.124454   -0.620    0.092  1
RGI60-03.01053   152.88885   80.318511  -93.018283   -0.336    0.084  1
RGI60-03.00704   152.85481   76.529735  -82.533084   -0.491    0.091  1
RGI60-03.00033   152.62441   80.774562  -70.680314   -0.170    0.062  1
RGI60-03.01490   151.13469   77.144382  -79.533266   -0.196    0.066  1
RGI60-03.00411   151.08586   79.409566  -79.108960   -0.225    0.076  1
RGI60-03.02695   150.88835   81.761534  -74.129602   -0.233    0.067  1
RGI60-03.01544   142.82087   76.714248  -78.039064   -0.613    0.093  1
RGI60-03.00190   141.59153   79.845092  -77.444918   -0.243    0.088  1
RGI60-03.02471   141.24705   74.797855  -82.455592   -0.392    0.106  1
RGI60-03.02286   141.19769   76.624664  -90.068701   -0.423    0.095  1
RGI60-03.02410   135.35814   74.681163  -89.677323   -0.317    0.081  1
RGI60-03.04375   134.22246   80.953831  -83.894004   -0.400    0.070  1
RGI60-03.00262   133.82704   80.022927  -73.697802   -0.086    0.071  1
RGI60-03.00085   132.35472   80.794293  -69.830250   -0.312    0.067  1
RGI60-03.01687   131.77514   78.571941  -75.729042   -0.354    0.077  1
RGI60-03.00091   127.05710   80.888531  -71.656791   -0.296    0.068  1
RGI60-03.02413   125.81260   74.620447  -85.827008   -0.382    0.080  1
RGI60-03.01637   125.47276   78.041450  -77.345846   -0.313    0.080  1
RGI60-03.02813   125.38659   82.586429  -70.180385   -0.356    0.080  1
RGI60-03.01586   122.64799   76.341772  -80.131235   -0.460    0.100  1
RGI60-03.00875   122.16273   79.436318  -88.964583   -0.322    0.077  1
RGI60-03.03299   120.01612   81.235758  -83.228080   -0.395    0.071  1
RGI60-03.03981   119.62382   82.174804  -83.808639   -0.213    0.067  1
RGI60-03.03279   118.83217   81.653615  -82.886097   -0.145    0.069  1
RGI60-03.03378   118.67466   81.564992  -84.190973   -0.264    0.070  1
RGI60-03.04311   118.63412   80.966020  -82.363149   -0.563    0.078  1
RGI60-03.00102   117.90099   80.927112  -74.004816   -0.105    0.067  1
RGI60-03.01385   117.69719   80.006301  -91.265279   -0.060    0.075  1
RGI60-03.01239   116.98194   80.154759  -92.285180   -0.090    0.070  1
RGI60-03.01901   115.81368   76.794080  -84.960247   -0.032    0.098  1
RGI60-03.03424   113.04488   81.664009  -83.264137   -0.245    0.071  1
RGI60-03.00941   112.13158   80.398947  -92.201465   -0.358    0.089  1
RGI60-03.02452   111.72335   75.562679  -81.152980   -0.378    0.115  1
RGI60-03.02477   110.84894   74.701664  -81.331998   -1.046    0.137  1
RGI60-03.00852   110.64347   80.469204  -92.773760   -0.226    0.086  1
RGI60-03.01953   110.56528   76.987195  -85.770137   -0.211    0.102  1
RGI60-03.01512   110.55546   77.051586  -80.556156   -0.427    0.089  1
RGI60-03.03665   110.40934   83.050210  -76.738515   -0.046    0.171  1
RGI60-03.00424   110.20934   79.478717  -78.162268   -0.210    0.077  1
RGI60-03.01684   109.78066   79.031355  -80.484529   -0.232    0.089  1
RGI60-03.01947   107.71115   76.959133  -84.977178   -0.255    0.104  1
RGI60-03.02881   106.45709   82.420606  -74.539572   -0.209    0.083  1
RGI60-03.03419   106.30067   81.689344  -84.999815   -0.264    0.071  1
RGI60-03.01564   105.80975   76.646521  -78.570993   -0.380    0.090  1
RGI60-03.01720   104.34106   78.287971  -75.885394   -0.455    0.090  1
RGI60-03.03894   103.02306   81.859245  -88.163696   -0.401    0.075  1
RGI60-03.00419   102.86061   79.450653  -78.698168   -0.197    0.078  1
RGI60-03.03733   100.87191   82.444962  -67.251742   -0.244    0.079  1
RGI60-03.04486    99.68228   81.635139  -84.012018   -0.259    0.071  1
RGI60-03.00265    98.72462   80.017004  -73.384625   -0.127    0.074  1
RGI60-03.00148    98.72297   80.002931  -79.865393   -0.234    0.102  1
RGI60-03.01585    98.32344   76.380273  -79.847400   -0.321    0.104  1
RGI60-03.02468    97.34207   74.896616  -82.444950   -0.289    0.124  1
RGI60-03.03314    97.09971   81.275393  -82.549803   -0.247    0.070  1
RGI60-03.01892    95.74097   76.587476  -85.426261   -0.439    0.106  1
RGI60-03.01679    95.60669   77.781713  -78.218134   -0.724    0.095  1
RGI60-03.01194    95.48651   80.214020  -93.287606   -0.328    0.090  1
RGI60-03.01941    95.04947   76.893531  -84.631543   -0.228    0.111  1
RGI60-03.00146    94.59823   80.041830  -80.193522   -0.293    0.098  1
RGI60-03.04298    94.34944   80.940286  -83.028698   -0.569    0.081  1
RGI60-03.01276    93.13223   79.544209  -94.060269   -0.489    0.081  1
RGI60-03.04323    93.11534   81.133417  -80.961054   -0.347    0.077  1
RGI60-03.00872    92.99694   79.524907  -89.244386   -0.370    0.080  1
RGI60-03.00691    92.85266   79.982007  -99.190379   -0.368    0.090  1
RGI60-03.01730    91.31644   78.378250  -75.768770   -0.251    0.077  1
RGI60-03.01894    90.74948   76.929178  -86.213560   -0.350    0.103  1
RGI60-03.00979    90.53197   78.687293  -89.373944   -0.502    0.099  1
RGI60-03.02428    89.51184   75.771233  -82.427769   -0.411    0.101  1
RGI60-03.01538    88.72445   76.791356  -80.961010   -0.345    0.092  1
RGI60-03.00125    88.58551   80.285218  -77.848597   -0.253    0.089  1
RGI60-03.01545    87.89806   76.735522  -80.745011   -0.342    0.092  1
RGI60-03.00095    87.75139   80.916749  -72.672385   -0.151    0.070  1
RGI60-03.01789    87.52637   76.974961  -85.984774   -0.134    0.102  1
RGI60-03.00889    87.49353   79.278456  -89.027160   -0.440    0.083  1
RGI60-03.04386    87.11653   81.076696  -82.215986   -0.461    0.077  1
RGI60-03.04339    85.95918   81.130153  -80.355447   -0.367    0.078  1
RGI60-03.01013    85.89796   78.446421  -91.158897   -0.754    0.109  1
RGI60-03.00036    85.89130   80.712666  -70.977280   -0.190    0.070  1
RGI60-03.00203    85.86137   79.718152  -76.071778   -0.263    0.080  1
RGI60-03.00884    85.30478   79.329436  -89.370373   -0.329    0.088  1
RGI60-03.00189    85.15530   79.799706  -77.696167   -0.329    0.097  1
RGI60-03.00014    84.96541   80.936407  -70.066407   -0.251    0.070  1
RGI60-03.00908    84.62565   79.098391  -88.802451   -0.490    0.083  1
RGI60-03.01784    83.52307   78.313853  -76.652658   -0.360    0.087  1
RGI60-03.03414    82.43734   81.600317  -84.910801   -0.322    0.077  1
RGI60-03.02478    82.31321   74.659381  -80.939897   -1.217    0.149  1
RGI60-03.00369    82.27296   80.686273  -72.360863   -0.387    0.077  1
RGI60-03.02817    82.20992   82.338231  -69.385668   -0.376    0.082  1
RGI60-03.02753    82.02861   82.315276  -68.843579   -0.406    0.084  1
RGI60-03.03715    81.31601   82.305917  -67.459806   -0.374    0.083  1
RGI60-03.03095    80.91621   81.387067  -85.773428   -0.491    0.089  1
RGI60-03.02472    80.69938   74.761203  -82.242010   -0.333    0.109  1
RGI60-03.00114    80.19326   80.612007  -76.581630   -0.246    0.084  1
RGI60-03.00118    80.05655   80.576600  -77.031301   -0.353    0.082  1
RGI60-03.01742    79.48927   78.584843  -75.237202   -0.649    0.096  1
RGI60-03.01625    79.24472   79.062658  -79.644977   -0.300    0.097  1
RGI60-03.00069    78.82967   80.670345  -70.114835   -0.274    0.072  1
RGI60-03.00314    78.39397   80.373990  -72.291303   -0.379    0.081  1
RGI60-03.01692    78.36580   77.972312  -76.941063   -0.721    0.102  1
RGI60-03.00032    77.86428   80.866673  -71.213044   -0.357    0.074  1
RGI60-03.02365    77.80952   74.772727  -87.018620   -0.393    0.091  1
RGI60-03.01566    77.09737   76.575502  -79.066332   -0.621    0.101  1
RGI60-03.01732    76.45704   77.509702  -80.965215   -0.413    0.092  1
RGI60-03.03385    75.77344   81.903191  -80.476030   -0.279    0.074  1
RGI60-03.01363    75.70382   79.990895  -93.293869   -0.408    0.081  1
RGI60-03.02273    74.84550   76.701534  -89.023529   -0.386    0.107  1
RGI60-03.03562    73.91755   82.769780  -81.169355   -0.073    0.092  1
RGI60-03.04392    73.35563   81.053197  -81.461245   -0.455    0.081  1
RGI60-03.00137    73.19659   80.275504  -78.640898   -0.180    0.090  1
RGI60-03.00814    73.17954   79.682236  -93.018868   -0.484    0.084  1
RGI60-03.01590    73.09138   76.258468  -80.626552   -0.604    0.109  1
RGI60-03.00385    72.45030   79.601053  -78.744877   -0.416    0.100  1
RGI60-03.02451    72.22310   75.586722  -80.441215   -0.310    0.101  1
RGI60-03.00104    71.65796   80.871116  -74.647953   -0.124    0.079  1
RGI60-03.03391    71.64310   81.458376  -77.941276   -0.171    0.072  1
RGI60-03.00116    71.47720   80.635248  -77.123733   -0.353    0.082  1
RGI60-03.03450    71.06518   82.613439  -82.034867   -0.244    0.091  1
RGI60-03.01885    70.07262   76.523022  -85.643652   -0.577    0.111  1
RGI60-03.01473    69.14654   74.590476  -87.669531   -0.542    0.089  1
RGI60-03.02785    68.64060   82.783331  -71.778101   -0.085    0.091  1
RGI60-03.01571    67.06715   76.567627  -78.352870   -0.359    0.097  1
RGI60-03.00186    66.69690   79.778079  -78.548474   -0.419    0.102  1
RGI60-03.00384    66.63876   79.618284  -78.342273   -0.397    0.092  1
RGI60-03.01919    66.52116   76.818402  -84.589698   -0.401    0.112  1
RGI60-03.01768    66.05620   78.849297  -76.980902   -0.331    0.093  1
RGI60-03.00925    65.71504   78.985007  -88.707712   -0.490    0.084  1
RGI60-03.01823    65.10398   76.700769  -85.957869   -0.346    0.103  1
RGI60-03.00115    64.80274   80.680137  -77.069842   -0.402    0.082  1
RGI60-03.02778    64.47062   82.474647  -73.633298   -0.255    0.090  1
RGI60-03.00702    64.22169   76.560055  -81.805167   -0.508    0.101  1
RGI60-03.01951    64.06981   76.933700  -85.283552   -0.171    0.107  1
RGI60-03.01694    63.98632   78.030678  -76.403587   -1.158    0.128  1
RGI60-03.03320    63.40694   81.462686  -83.877221   -0.267    0.079  1
RGI60-03.00813    63.35623   79.605927  -92.848986   -0.590    0.098  1
RGI60-03.01657    63.22380   78.927176  -79.195162   -0.243    0.094  1
RGI60-03.04345    62.92892   81.025740  -83.045042   -0.471    0.080  1
RGI60-03.01743    62.88772   78.635928  -75.129421   -0.529    0.094  1
RGI60-03.00980    62.67530   78.591904  -89.314406   -0.644    0.106  1
RGI60-03.01630    61.50734   78.778316  -77.703580   -0.400    0.096  1
RGI60-03.01667    61.27143   77.409077  -78.417242   -0.623    0.089  1
RGI60-03.04055    61.20689   83.022299  -70.707496   -0.254    0.168  1
RGI60-03.03427    61.13588   81.775629  -83.465706   -0.393    0.084  1
RGI60-03.02132    60.68122   79.548673  -82.298173   -0.492    0.113  1
RGI60-03.03732    60.64352   82.430494  -67.734805   -0.384    0.090  1
RGI60-03.01763    60.53230   78.998534  -80.860894   -0.310    0.099  1
RGI60-03.01741    60.30772   78.599047  -76.139967   -0.257    0.084  1
RGI60-03.03911    59.96854   81.814910  -87.461385   -0.279    0.080  1
RGI60-03.02446    59.40995   75.605850  -80.622051   -0.452    0.116  1
RGI60-03.00086    59.22104   80.855015  -70.027214   -0.334    0.077  1
RGI60-03.01294    59.02997   80.098372  -93.473986   -0.420    0.088  1
RGI60-03.00716    58.44107   76.255616  -90.988743   -0.324    0.112  1
RGI60-03.00869    58.25836   79.402450  -90.147144   -0.434    0.094  1
RGI60-03.01656    58.21896   78.970838  -78.946028   -0.228    0.095  1
RGI60-03.00139    58.10929   80.276915  -78.957046   -0.154    0.086  1
RGI60-03.00947    57.91769   78.945550  -91.647348   -0.326    0.087  1
RGI60-03.00271    57.81947   79.997358  -72.892176   -0.366    0.084  1
RGI60-03.01589    57.70477   76.350205  -80.566595   -0.439    0.104  1
RGI60-03.03722    57.66703   82.497403  -67.583068   -0.372    0.088  1
RGI60-03.01719    57.44583   78.302715  -76.192816   -0.396    0.095  1
RGI60-03.00928    56.61861   78.925814  -88.761233   -0.520    0.089  1
RGI60-03.00921    56.07057   78.975244  -89.389123   -0.365    0.095  1
RGI60-03.00830    55.76829   79.601139  -90.029296   -0.320    0.093  1
RGI60-03.03727    55.26819   82.368919  -66.316107   -0.436    0.098  1
RGI60-03.00833    54.97924   79.520104  -91.381521   -0.521    0.100  1
RGI60-03.01845    54.10619   76.612725  -85.764565   -0.547    0.106  1
RGI60-03.00029    53.96082   80.833075  -70.489317   -0.107    0.074  1
RGI60-03.01274    53.55651   79.606476  -93.653383   -0.551    0.090  1
RGI60-03.04381    53.50563   80.954133  -84.889701   -0.430    0.081  1
RGI60-03.03390    53.49338   81.517998  -78.215878   -0.332    0.080  1
RGI60-03.04552    53.22599   75.428835 -114.964515   -0.458    0.115  1
RGI60-03.01019    52.58614   78.431171  -91.523143   -0.738    0.116  1
RGI60-03.03399    52.52089   81.271528  -82.178723   -0.316    0.079  1
RGI60-03.01952    52.31920   76.937010  -85.526187   -0.194    0.113  1
RGI60-03.00881    51.78421   79.382465  -88.753950   -0.472    0.089  1
RGI60-03.00065    51.53355   80.596288  -69.937056   -0.300    0.078  1
RGI60-03.04304    51.44935   81.055156  -82.677777   -0.428    0.081  1
RGI60-03.01777    51.18099   78.927284  -77.098681   -0.379    0.099  1
RGI60-03.00856    50.63966   79.543912  -89.608066   -0.399    0.088  1
RGI60-03.01471    50.07037   74.579022  -85.245902   -0.636    0.107  1
RGI60-03.00110    50.02110   80.741743  -75.663438   -0.319    0.084  1
RGI60-03.04354    49.38708   81.115490  -79.878380   -0.361    0.085  1
RGI60-03.01776    49.33548   78.924383  -76.814503   -0.433    0.101  1
RGI60-03.02456    49.24803   75.546983  -80.275049   -0.308    0.102  1
RGI60-03.03986    49.11466   82.055285  -84.055624   -0.536    0.087  1
RGI60-03.01480    48.79905   76.254669  -89.466451   -0.868    0.129  1
RGI60-03.03418    48.68656   81.648217  -85.370845   -0.336    0.083  1
RGI60-03.01662    48.29325   77.361875  -79.197594   -0.332    0.089  1
RGI60-03.04364    48.17788   81.084459  -80.550330   -0.483    0.089  1
RGI60-03.02230    48.07201   77.822001  -77.787605   -0.637    0.102  1
RGI60-03.03916    47.91290   81.799737  -88.346880   -0.377    0.085  1
RGI60-03.00387    47.63749   79.563837  -79.195376   -0.365    0.106  1
RGI60-03.00903    47.34068   79.189510  -88.623677   -0.345    0.083  1
RGI60-03.00420    47.01372   79.522147  -78.779826   -0.178    0.091  1
RGI60-03.00143    46.98933   80.183832  -80.197930   -0.374    0.091  1
RGI60-03.01752    46.84199   78.787739  -75.659817   -0.460    0.100  1
RGI60-03.00421    46.64317   79.527758  -78.527416   -0.157    0.086  1
RGI60-03.01782    46.50771   78.884308  -77.613808   -0.286    0.097  1
RGI60-03.01887    46.48810   76.497644  -85.311104   -0.515    0.117  1
RGI60-03.01693    46.45989   78.005628  -76.740093   -0.884    0.122  1
RGI60-03.01722    46.45046   79.064931  -79.270970   -0.371    0.102  1
RGI60-03.01774    46.29612   78.955524  -76.444152   -0.399    0.100  1
RGI60-03.01961    46.28777   76.688268  -88.010493   -0.554    0.106  1
RGI60-03.00854    46.23122   79.657809  -89.937276   -0.221    0.095  1
RGI60-03.00844    45.79104   79.478433  -91.125867   -0.465    0.100  1
RGI60-03.01482    45.43154   76.814381  -77.941524   -0.524    0.103  1
RGI60-03.01374    45.32915   79.937549  -93.805647   -0.337    0.086  1
RGI60-03.01504    44.94279   77.150703  -80.783072   -0.558    0.107  1
RGI60-03.00990    44.93180   78.507990  -89.352879   -0.771    0.118  1
RGI60-03.01960    44.80029   76.611297  -88.112301   -0.699    0.113  1
RGI60-03.00124    44.64749   80.310369  -77.528323   -0.200    0.096  1
RGI60-03.02950    44.11723   81.538405  -75.896704   -0.407    0.091  1
RGI60-03.02831    44.05703   81.654777  -77.531782   -0.224    0.080  1
RGI60-03.04022    43.80598   83.050016  -72.625726   -0.155    0.182  1
RGI60-03.01518    43.71772   77.066925  -80.070856   -0.381    0.086  1
RGI60-03.03900    43.69278   81.839665  -87.059891   -0.434    0.087  1
RGI60-03.01751    43.65122   78.793448  -75.321554   -0.424    0.095  1
RGI60-03.04396    43.02937   81.198378  -80.298717   -0.384    0.083  1
RGI60-03.00383    42.93664   79.639730  -78.006436   -0.412    0.093  1
RGI60-03.02448    42.93647   75.577314  -80.829091   -0.489    0.122  1
RGI60-03.00374    42.86571   80.718968  -72.193331   -0.189    0.079  1
RGI60-03.01537    42.68674   76.842181  -81.126427   -0.383    0.103  1
RGI60-03.00955    42.63286   79.009266  -90.752438   -0.427    0.095  1
RGI60-03.00204    42.56456   79.711428  -76.434099   -0.320    0.089  1
RGI60-03.02888    42.45237   82.630540  -73.950549   -0.274    0.098  1
RGI60-03.00180    42.42037   79.802830  -79.469158   -0.332    0.112  1
RGI60-03.01161    42.26475   80.257512  -93.701774   -0.543    0.107  1
RGI60-03.02795    41.54619   82.384760  -81.126142   -0.301    0.099  1
RGI60-03.01896    41.48104   76.892777  -86.480943   -0.383    0.119  1
RGI60-03.03433    41.39295   81.752808  -82.631458   -0.420    0.089  1
RGI60-03.00129    41.27591   80.378302  -78.427905   -0.424    0.099  1
RGI60-03.00217    40.54904   79.638743  -75.766680   -0.398    0.094  1
RGI60-03.00945    40.50465   78.872114  -88.933105   -0.570    0.104  1
RGI60-03.04539    40.47981   79.499948  -90.840818   -0.234    0.096  1
RGI60-03.00893    39.97142   79.260397  -88.790068   -0.523    0.090  1
RGI60-03.01740    39.70681   78.595371  -76.401868   -0.055    0.096  1
RGI60-03.01812    39.53867   76.698210  -86.177702   -0.372    0.107  1
RGI60-03.02135    39.51875   79.420019  -82.666473   -0.491    0.116  1
RGI60-03.02484    39.51284   74.567983  -82.058493   -0.712    0.139  1
RGI60-03.01034    39.47241   78.709949  -91.582668   -0.554    0.112  1
RGI60-03.03699    39.38869   82.481590  -66.011973   -0.452    0.102  1
RGI60-03.01265    39.34436   79.772061  -95.256191   -0.421    0.089  1
RGI60-03.01124    39.10822   80.482270  -93.229591   -0.298    0.098  1
RGI60-03.04314    39.06028   80.896645  -83.578470   -0.567    0.091  1
RGI60-03.00048    38.74653   80.642490  -70.513129   -0.331    0.083  1
RGI60-03.03432    38.74645   81.801558  -82.875693   -0.358    0.089  1
RGI60-03.00126    38.53123   80.318052  -78.174113   -0.156    0.102  1
RGI60-03.00923    38.40274   78.947969  -89.188838   -0.361    0.098  1
RGI60-03.00150    38.14675   79.952946  -80.141230   -0.408    0.116  1
RGI60-03.01476    38.11610   76.246308  -89.850860   -0.790    0.124  1
RGI60-03.01529    38.08931   76.914744  -78.065200   -0.169    0.085  1
RGI60-03.02554    37.90947   82.502312  -75.396331   -0.294    0.100  1
RGI60-03.01530    37.85204   76.930271  -78.365797   -0.285    0.085  1
RGI60-03.00952    37.54740   80.315776  -92.542972   -0.496    0.103  1
RGI60-03.00391    37.31003   79.442651  -79.870698   -0.389    0.108  1
RGI60-03.01364    37.26326   79.891078  -94.151438   -0.574    0.094  1
RGI60-03.00408    37.15388   79.332923  -79.326138   -0.105    0.088  1
RGI60-03.00174    36.79825   79.858805  -80.146048   -0.224    0.115  1
RGI60-03.01735    36.76273   77.402917  -80.533632   -0.435    0.102  1
RGI60-03.01940    36.57283   76.863645  -84.332547   -0.392    0.119  1
RGI60-03.02797    36.35352   82.440036  -68.622669   -0.511    0.098  1
RGI60-03.01653    36.31763   78.987215  -78.666813   -0.254    0.101  1
RGI60-03.04312    36.23826   81.016558  -80.837853   -0.568    0.095  1
RGI60-03.01942    36.17989   76.946797  -84.694961   -0.403    0.122  1
RGI60-03.02084    36.16329   76.672401  -82.111060   -0.487    0.118  1
RGI60-03.01886    36.07147   76.464054  -85.516339   -0.390    0.118  1
RGI60-03.03989    36.05124   82.076892  -84.780687   -0.309    0.085  1
RGI60-03.04079    35.72293   83.106598  -74.224814   -0.456    0.193  1
RGI60-03.00206    35.68147   79.673553  -76.733285   -0.355    0.092  1
RGI60-03.01278    35.55059   79.513843  -93.848796   -0.550    0.095  1
RGI60-03.03731    35.40098   82.376417  -67.880193   -0.419    0.093  1
RGI60-03.03395    35.37743   81.316288  -80.432257   -0.407    0.087  1
RGI60-03.02793    35.37337   82.561477  -76.689126   -0.122    0.098  1
RGI60-03.00414    35.34500   79.402876  -78.766181   -0.298    0.091  1
RGI60-03.01909    35.18702   76.774122  -84.757092   -0.334    0.115  1
RGI60-03.01705    35.05524   78.080309  -76.021838   -0.711    0.104  1
RGI60-03.01554    34.71124   76.708869  -81.212318   -0.427    0.106  1
RGI60-03.00223    34.65617   79.678583  -75.643750   -0.197    0.090  1
RGI60-03.04309    34.60110   81.011571  -81.224941   -0.471    0.092  1
RGI60-03.02430    34.55960   75.756225  -81.852153   -0.225    0.120  1
RGI60-03.01654    34.42395   79.084737  -79.693284   -0.271    0.105  1
RGI60-03.01758    34.33572   78.804040  -76.115155   -0.354    0.102  1
RGI60-03.02148    34.14211   79.269513  -82.700134   -0.580    0.110  1
RGI60-03.00874    34.03120   80.448132  -92.486166   -0.235    0.099  1
RGI60-03.00545    33.95367   79.663440  -74.354077   -0.406    0.105  1
RGI60-03.00899    33.93923   79.215464  -89.280564   -0.495    0.096  1
RGI60-03.01729    33.70719   78.355405  -75.493039   -0.316    0.092  1
RGI60-03.03113    33.64731   81.449586  -85.289226   -0.470    0.108  1
RGI60-03.00316    33.55303   80.407957  -72.166359   -0.265    0.086  1
RGI60-03.01779    33.36664   78.922845  -77.353352   -0.319    0.102  1
RGI60-03.02460    33.31388   75.517226  -80.483543   -0.245    0.107  1
RGI60-03.01025    33.14989   78.859350  -91.713400   -0.282    0.095  1
RGI60-03.00973    33.10847   78.829215  -89.606332   -0.836    0.126  1
RGI60-03.00128    33.02104   80.387717  -78.075256   -0.435    0.108  1
RGI60-03.02791    32.96203   82.417699  -68.926341   -0.471    0.097  1
RGI60-03.02946    32.96132   81.495310  -75.469102   -0.295    0.091  1
RGI60-03.02444    32.83151   75.681948  -82.897187   -0.358    0.112  1
RGI60-03.00333    32.77794   80.465110  -71.722758   -0.573    0.093  1
RGI60-03.01683    32.65360   79.038721  -80.194094   -0.205    0.104  1
RGI60-03.00166    32.54830   79.776554  -80.746335   -0.481    0.122  1
RGI60-03.01978    32.28652   76.914061  -83.849055   -0.446    0.121  1
RGI60-03.00375    32.24594   80.755985  -71.967312   -0.316    0.085  1
RGI60-03.02481    32.15486   74.657231  -80.624406   -0.855    0.147  1
RGI60-03.04313    31.98150   80.973455  -84.464167   -0.419    0.088  1
RGI60-03.04050    31.94329   83.049321  -70.163697   -0.241    0.188  1
RGI60-03.01205    31.88426   80.219040  -92.681530   -0.166    0.088  1
RGI60-03.02964    31.74969   81.305124  -76.670954   -0.586    0.093  1
RGI60-03.03984    31.68563   82.090236  -83.500221   -0.379    0.089  1
RGI60-03.01699    31.61747   78.047442  -75.848862   -0.579    0.095  1
RGI60-03.03345    31.61602   81.337532  -78.912894   -0.305    0.085  1
RGI60-03.02796    31.61070   82.358712  -74.407138   -0.211    0.091  1
RGI60-03.01620    31.53454   76.632146  -78.927047   -0.530    0.109  1
RGI60-03.01477    31.50532   76.287601  -89.634756   -0.861    0.129  1
RGI60-03.03655    31.49263   82.920204  -79.673315   -0.213    0.101  1
RGI60-03.03980    31.41078   82.155383  -85.703079   -0.393    0.088  1
RGI60-03.03343    30.56433   81.390866  -78.034764   -0.248    0.085  1
RGI60-03.03869    30.56039   81.703066  -89.580638   -0.447    0.094  1
RGI60-03.00046    30.43343   81.108956  -68.390473   -0.343    0.086  1
RGI60-03.01870    30.32694   76.852459  -87.886978   -0.474    0.108  1
RGI60-03.01883    30.24296   76.997841  -86.158122   -0.381    0.108  1
RGI60-03.03728    30.14960   82.310302  -67.925790   -0.453    0.095  1
RGI60-03.01387    30.08946   79.985383  -90.972605   -0.151    0.088  1
RGI60-03.01002    30.01182   78.480665  -90.638539   -0.640    0.115  1
RGI60-03.00388    29.98252   79.532771  -79.324891   -0.249    0.107  1
RGI60-03.01506    29.89326   77.146155  -79.204103   -0.374    0.090  1
RGI60-03.01920    29.85651   76.812124  -84.345941   -0.527    0.123  1
RGI60-03.02943    29.47972   81.568854  -75.423099   -0.407    0.096  1
RGI60-03.00142    29.46713   80.190305  -79.819765   -0.278    0.093  1
RGI60-03.02443    29.38115   75.706319  -82.700303   -0.525    0.117  1
RGI60-03.00044    29.34747   80.652980  -71.018924   -0.251    0.085  1
RGI60-03.01869    29.26861   76.756384  -87.120641   -0.589    0.120  1
RGI60-03.00099    29.09057   81.088371  -73.188212   -0.586    0.095  1
RGI60-03.00993    29.07874   78.556190  -90.452398   -0.715    0.117  1
RGI60-03.03735    29.03835   82.570816  -66.879897   -0.459    0.106  1
RGI60-03.04385    29.00419   81.022500  -83.306049   -0.277    0.086  1
RGI60-03.00957    28.87503   78.962282  -90.532384   -0.485    0.111  1
RGI60-03.02168    28.65693   79.170944  -82.796177   -0.560    0.101  1
RGI60-03.01447    28.64797   76.081131  -78.957251   -0.524    0.115  1
RGI60-03.01769    28.64702   78.954654  -76.167240   -0.407    0.104  1
RGI60-03.01470    28.59479   74.612062  -85.333972   -0.574    0.114  1
RGI60-03.00400    28.55576   79.282007  -79.879654   -0.258    0.093  1
RGI60-03.01745    28.54383   78.739838  -75.043589   -0.277    0.097  1
RGI60-03.03831    28.37873   81.975012  -83.485678   -0.479    0.091  1
RGI60-03.01269    28.28717   79.821619  -95.205914   -0.432    0.094  1
RGI60-03.01004    28.28678   78.463147  -90.320367   -0.783    0.119  1
RGI60-03.03922    28.26792   81.777568  -90.699429   -0.348    0.092  1
RGI60-03.00900    28.23513   79.256670  -88.483591   -0.467    0.091  1
RGI60-03.00075    28.23115   80.751397  -69.666409   -0.341    0.087  1
RGI60-03.02792    28.21587   82.517576  -79.396689   -0.443    0.107  1
RGI60-03.02887    28.15540   82.624916  -74.324282   -0.295    0.103  1
RGI60-03.03896    28.08445   81.913889  -87.282410   -0.525    0.096  1
RGI60-03.02936    28.07296   81.521083  -75.155556   -0.393    0.095  1
RGI60-03.02947    27.95236   81.475699  -75.806982   -0.345    0.093  1
RGI60-03.00430    27.84481   79.433218  -77.787946   -0.180    0.093  1
RGI60-03.01524    27.81651   76.992625  -80.973037   -0.452    0.122  1
RGI60-03.00144    27.81219   80.153915  -80.522713   -0.380    0.104  1
RGI60-03.00867    27.63949   79.499653  -90.022789   -0.233    0.100  1
RGI60-03.01350    27.53712   80.216777  -91.711060   -0.220    0.090  1
RGI60-03.03413    27.49630   81.532573  -84.430426   -0.456    0.092  1
RGI60-03.01136    27.48475   80.308683  -93.536343   -0.405    0.105  1
RGI60-03.01588    27.47739   76.347076  -79.698036   -0.490    0.123  1
RGI60-03.01790    27.42017   76.684285  -86.441925   -0.520    0.118  1
RGI60-03.00043    27.35947   80.618547  -71.092396   -0.292    0.086  1
RGI60-03.02463    27.35346   75.444534  -79.870701   -0.152    0.105  1
RGI60-03.00950    27.22070   78.909555  -91.686171   -0.350    0.097  1
RGI60-03.01989    27.12849   76.920200  -83.669162   -0.514    0.124  1
RGI60-03.00135    27.09253   80.518824  -78.139389   -0.634    0.105  1
RGI60-03.02832    27.07481   81.669540  -77.754357   -0.234    0.086  1
RGI60-03.01910    27.05635   76.762764  -84.613513   -0.348    0.121  1
RGI60-03.02953    27.01151   81.609600  -76.328077   -0.419    0.101  1
RGI60-03.04366    27.00636   80.931636  -81.324244   -0.618    0.097  1
RGI60-03.02731    26.99754   82.379111  -75.158199   -0.246    0.103  1
RGI60-03.03656    26.95573   82.850518  -79.812902   -0.280    0.105  1
RGI60-03.00392    26.77681   79.412044  -79.990209   -0.246    0.110  1
RGI60-03.01523    26.77548   76.992095  -78.270781   -0.468    0.096  1
RGI60-03.02798    26.69727   82.753774  -71.444893   -0.140    0.104  1
RGI60-03.00394    26.61748   79.384250  -80.090190   -0.261    0.110  1
RGI60-03.01731    26.56098   78.422371  -75.800282   -0.423    0.095  1
RGI60-03.01652    26.43939   79.009090  -78.484279   -0.335    0.106  1
RGI60-03.00138    26.33395   81.182819  -68.111027   -0.515    0.093  1
RGI60-03.01509    26.33229   77.137658  -80.468537   -0.261    0.108  1
RGI60-03.01277    26.16779   79.582438  -94.257598   -0.504    0.096  1
RGI60-03.01977    26.10448   76.989140  -83.980922   -0.476    0.118  1
RGI60-03.01327    26.07226   80.410941  -93.358936   -0.448    0.104  1
RGI60-03.01876    26.02830   76.614477  -86.986624   -0.507    0.110  1
RGI60-03.01680    25.88666   79.078766  -80.044813   -0.398    0.110  1
RGI60-03.01974    25.85956   76.382434  -85.380577   -0.379    0.122  1
RGI60-03.03700    25.84788   82.414559  -65.950062   -0.392    0.106  1
RGI60-03.01535    25.84196   76.866614  -78.003982   -0.474    0.109  1
RGI60-03.00184    25.79441   81.213498  -67.747859   -0.373    0.089  1
RGI60-03.01746    25.75887   78.757337  -75.131665   -0.387    0.102  1
RGI60-03.01905    25.68164   76.870154  -86.681994   -0.432    0.123  1
RGI60-03.01943    25.62724   76.995229  -84.695353   -0.389    0.121  1
RGI60-03.04388    25.55052   81.098541  -81.837112   -0.587    0.097  1
RGI60-03.00094    25.54215   80.920914  -72.338530   -0.206    0.086  1
RGI60-03.00011    25.53799   80.978808  -69.783412   -0.283    0.087  1
RGI60-03.00089    25.45845   80.954982  -71.099899   -0.460    0.091  1
RGI60-03.01032    25.26330   78.767018  -91.604635   -0.454    0.112  1
RGI60-03.01481    25.21258   76.224904  -89.651401   -0.883    0.135  1
RGI60-03.01412    25.19025   75.892700  -79.419933   -0.574    0.123  1
RGI60-03.04550    25.06401   76.293177  -90.509714   -0.671    0.135  1
RGI60-03.01611    25.01491   77.032668  -80.893041   -0.451    0.117  1
RGI60-03.01021    24.99875   78.360619  -91.348236   -0.718    0.120  1
RGI60-03.01367    24.81323   79.853760  -94.053998   -0.676    0.104  1
RGI60-03.00213    24.73710   79.619161  -76.000091   -0.295    0.097  1
RGI60-03.01598    24.67581   76.287924  -80.404957   -0.415    0.122  1
RGI60-03.01873    24.65337   76.716789  -86.965264   -0.381    0.115  1
RGI60-03.01208    24.60749   81.256706  -92.620494   -0.460    0.097  1
RGI60-03.00930    24.59519   80.353761  -92.065593   -0.282    0.104  1
RGI60-03.00998    24.39106   78.520303  -90.730472   -0.625    0.117  1
RGI60-03.01690    24.32622   77.358073  -79.835577   -0.435    0.104  1
RGI60-03.01475    24.26197   74.531954  -87.570310   -0.545    0.096  1
RGI60-03.03960    24.25178   82.208648  -84.248047   -0.407    0.091  1
RGI60-03.03994    24.23488   82.186269  -86.017428   -0.461    0.093  1
RGI60-03.04384    24.23009   81.017815  -83.460786   -0.350    0.090  1
RGI60-03.00592    24.14598   80.982525  -69.539114   -0.312    0.088  1
RGI60-03.01531    24.08379   76.948636  -81.018516   -0.425    0.123  1
RGI60-03.00395    23.97962   79.355457  -80.035920   -0.217    0.111  1
RGI60-03.03832    23.97229   81.993327  -82.996640   -0.535    0.097  1
RGI60-03.01502    23.95233   77.170065  -80.455493   -0.347    0.110  1
RGI60-03.00147    23.92573   80.009180  -80.504242   -0.335    0.113  1
RGI60-03.03346    23.90172   81.614052  -83.482069   -0.155    0.089  1
RGI60-03.01027    23.83058   78.809531  -91.620854   -0.355    0.108  1
RGI60-03.01963    23.77515   76.718428  -88.192851   -0.485    0.118  1
RGI60-03.01884    23.77453   76.557564  -85.847234   -0.648    0.119  1
RGI60-03.03344    23.73509   81.648083  -81.777602   -0.218    0.090  1
RGI60-03.02560    23.66664   82.449431  -75.689410   -0.408    0.109  1
RGI60-03.01520    23.60060   77.041696  -79.378060   -0.251    0.092  1
RGI60-03.04553    23.56938   75.635635 -114.784403   -0.368    0.132  1
RGI60-03.00449    23.45289   81.038581  -70.849973   -0.511    0.096  1
RGI60-03.02183    23.42940   78.486252  -76.326282   -0.321    0.095  1
RGI60-03.03985    23.41288   82.059871  -83.685761   -0.458    0.094  1
RGI60-03.01651    23.27691   79.004020  -78.281062   -0.283    0.107  1
RGI60-03.04315    23.26082   81.174610  -80.069003   -0.321    0.092  1
RGI60-03.04452    23.22677   81.088599  -81.290922   -0.523    0.099  1
RGI60-03.01546    23.20866   76.777946  -81.244795   -0.518    0.113  1
RGI60-03.00506    23.20190   79.722199  -75.155477   -0.275    0.096  1
RGI60-03.01718    23.19635   78.295612  -76.390875   -0.439    0.107  1
RGI60-03.00096    23.17858   80.983583  -72.746074   -0.242    0.088  1
RGI60-03.03422    23.11382   81.724018  -84.374924   -0.515    0.099  1
RGI60-03.01216    22.91201   80.439497  -93.337383   -0.369    0.104  1
RGI60-03.00157    22.91155   79.850128  -80.800243   -0.449    0.123  1
RGI60-03.01834    22.89889   76.669547  -85.768506   -0.195    0.110  1
RGI60-03.00318    22.77756   80.363004  -71.904869   -0.366    0.093  1
RGI60-03.00181    22.67529   79.805425  -79.264328   -0.193    0.116  1
RGI60-03.00313    22.65804   80.367357  -72.428370   -0.308    0.090  1
RGI60-03.00160    22.62176   81.186907  -67.916687   -0.329    0.089  1
RGI60-03.00027    22.61067   80.879245  -70.377818   -0.242    0.088  1
RGI60-03.03887    22.60066   81.699409  -91.366739   -0.287    0.094  1
RGI60-03.02485    22.58255   74.537715  -81.878448   -0.696    0.150  1
RGI60-03.03408    22.53809   81.203741  -83.726455   -0.515    0.096  1
RGI60-03.04013    22.50866   83.029744  -72.348446   -0.251    0.186  1
RGI60-03.00358    22.47202   80.479983  -71.273095   -0.348    0.091  1
RGI60-03.04556    22.46204   75.811071 -114.715312   -0.596    0.134  1
RGI60-03.01976    22.40604   77.047897  -83.986719   -0.348    0.125  1
RGI60-03.01222    22.38699   80.311037  -94.702925   -0.400    0.107  1
RGI60-03.00106    22.19392   80.874822  -74.950710   -0.317    0.100  1
RGI60-03.03993    22.17783   82.181854  -86.317975   -0.454    0.095  1
RGI60-03.00546    22.13484   79.700192  -74.321794   -0.278    0.107  1
RGI60-03.03945    22.12384   82.000377  -88.346710   -0.285    0.112  1
RGI60-03.03904    22.09287   81.902236  -87.474757   -0.498    0.098  1
RGI60-03.04369    21.99312   80.979869  -81.932675   -0.723    0.110  1
RGI60-03.01514    21.83315   77.101012  -79.112345   -0.437    0.096  1
RGI60-03.04324    21.77865   80.921018  -84.453847   -0.476    0.096  1
RGI60-03.04318    21.77522   81.022260  -83.799739   -0.392    0.092  1
RGI60-03.02801    21.77197   82.226028  -68.985730   -0.314    0.097  1
RGI60-03.01552    21.65198   76.723545  -81.354222   -0.375    0.112  1
RGI60-03.00315    21.53787   80.441254  -72.390973   -0.187    0.095  1
RGI60-03.00962    21.51029   78.946867  -90.068796   -0.727    0.123  1
RGI60-03.01533    21.48017   76.893307  -78.402322   -0.226    0.091  1
RGI60-03.00972    21.47691   78.861568  -89.725280   -0.607    0.124  1
RGI60-03.02800    21.37492   82.560351  -73.598690   -0.363    0.109  1
RGI60-03.00376    21.36017   80.802148  -71.682231   -0.506    0.096  1
RGI60-03.01565    21.20095   76.647869  -78.220054   -0.506    0.114  1
RGI60-03.04380    21.19673   80.926747  -85.126141   -0.531    0.096  1
RGI60-03.00396    21.15616   79.329913  -80.076299   -0.308    0.107  1
RGI60-03.00440    21.08478   81.135272  -71.059255   -0.261    0.099  1
RGI60-03.00295    21.04212   80.249100  -73.171348   -0.311    0.094  1
RGI60-03.00910    20.99895   79.028390  -88.698272   -0.518    0.099  1
RGI60-03.00210    20.95513   79.632027  -76.345780   -0.356    0.100  1
RGI60-03.02799    20.93593   82.519295  -79.813573   -0.375    0.108  1
RGI60-03.03396    20.92590   81.304801  -80.607773   -0.324    0.091  1
RGI60-03.03824    20.79413   81.933925  -83.371121   -0.489    0.100  1
RGI60-03.01275    20.78196   79.615369  -94.180031   -0.635    0.105  1
RGI60-03.04403    20.77347   80.625261  -84.496491   -0.559    0.099  1
RGI60-03.02462    20.74975   75.454722  -80.053568   -0.144    0.107  1
RGI60-03.00335    20.70199   80.482125  -71.610600   -0.411    0.094  1
RGI60-03.01764    20.69320   79.016685  -79.525785   -0.348    0.112  1
RGI60-03.01026    20.69242   78.831774  -91.660828   -0.322    0.104  1
RGI60-03.04075    20.60984   83.082265  -72.016448   -0.021    0.200  1
RGI60-03.01689    20.53950   77.339162  -79.982641   -0.377    0.110  1
RGI60-03.03347    20.35991   81.898480  -80.923835   -0.301    0.092  1
RGI60-03.00443    20.26483   81.132842  -70.897714   -0.413    0.104  1
RGI60-03.00975    20.22172   78.796485  -89.484291   -0.776    0.129  1
RGI60-03.00885    20.09336   80.433635  -92.360117   -0.241    0.106  1
RGI60-03.01035    20.05428   78.678129  -91.777364   -0.822    0.131  1
RGI60-03.01273    19.97641   79.660802  -93.867465   -0.583    0.105  1
RGI60-03.03868    19.91919   81.758764  -89.714353   -0.299    0.096  1
RGI60-03.04383    19.91179   81.008245  -84.120835   -0.514    0.098  1
RGI60-03.00187    19.87467   79.754805  -78.293477   -0.615    0.124  1
RGI60-03.02824    19.85038   81.972437  -71.973385   -0.401    0.104  1
RGI60-03.01753    19.80221   78.798494  -75.906624   -0.510    0.113  1
RGI60-03.01781    19.72112   78.935219  -77.550978   -0.305    0.108  1
RGI60-03.00523    19.62589   79.734487  -74.666911   -0.224    0.102  1
RGI60-03.02151    19.61993   79.252758  -83.003005   -0.536    0.105  1
RGI60-03.01378    19.57728   79.766433  -93.446171   -0.651    0.105  1
RGI60-03.01380    19.50022   79.764802  -93.196831   -0.279    0.096  1
RGI60-03.01950    19.49150   76.966768  -85.178744   -0.250    0.120  1
RGI60-03.00159    19.49138   79.828720  -80.879286   -0.526    0.127  1
RGI60-03.03983    19.44590   82.134153  -83.289170   -0.310    0.094  1
RGI60-03.03560    19.44541   82.697555  -80.878606   -0.288    0.108  1
RGI60-03.01405    19.35209   76.037908  -79.141840   -0.619    0.126  1
RGI60-03.04544    19.33067   76.278417  -90.168786   -0.910    0.136  1
RGI60-03.00133    19.32797   80.470213  -78.256162   -0.583    0.117  1
RGI60-03.00347    19.32667   80.448618  -71.096229   -0.451    0.097  1
RGI60-03.00402    19.15547   79.252784  -79.318774   -0.346    0.100  1
RGI60-03.00131    19.10896   80.418048  -78.622747   -0.570    0.112  1
RGI60-03.00989    19.02950   78.537962  -89.209035   -0.712    0.126  1
RGI60-03.00038    19.01875   80.678085  -71.440465   -0.451    0.095  1
RGI60-03.03992    18.99399   82.136417  -86.294517   -0.455    0.099  1
RGI60-03.04465    18.96382   81.570852  -76.400398   -0.333    0.101  1
RGI60-03.00378    18.95498   79.662385  -77.668591   -0.435    0.102  1
RGI60-03.00916    18.93776   79.052038  -89.582836   -0.275    0.097  1
RGI60-03.00117    18.93154   80.618432  -77.389476   -0.483    0.100  1
RGI60-03.03870    18.92362   81.749177  -89.990593   -0.366    0.097  1
RGI60-03.04317    18.91871   80.883173  -85.230858   -0.493    0.100  1
RGI60-03.03905    18.90232   81.788620  -87.175401   -0.353    0.097  1
RGI60-03.01225    18.87789   80.334477  -94.410564   -0.435    0.108  1
RGI60-03.01508    18.76918   77.140487  -79.952643   -0.228    0.096  1
RGI60-03.01972    18.72635   76.412752  -85.231594   -0.510    0.130  1
RGI60-03.01965    18.71994   76.750462  -87.964135   -0.526    0.119  1
RGI60-03.01600    18.71369   76.258693  -80.844856   -0.378    0.121  1
RGI60-03.01984    18.70463   76.957116  -83.602435   -0.435    0.127  1
RGI60-03.03866    18.69595   81.727547  -89.860087   -0.371    0.098  1
RGI60-03.01570    18.69570   76.620614  -78.277574   -0.294    0.110  1
RGI60-03.00920    18.62603   79.009353  -89.513447   -0.296    0.099  1
RGI60-03.01664    18.62446   77.399071  -78.996951   -0.345    0.100  1
RGI60-03.01927    18.57523   76.821442  -86.695363   -0.567    0.132  1
RGI60-03.03348    18.55707   81.452683  -77.392352   -0.263    0.092  1
RGI60-03.01020    18.46377   78.379275  -91.461378   -0.819    0.127  1
RGI60-03.01258    18.45941   80.048607  -93.944693   -0.572    0.104  1
RGI60-03.01010    18.43108   78.494887  -91.129380   -0.713    0.127  1
RGI60-03.00902    18.38509   79.230485  -88.411945   -0.437    0.098  1
RGI60-03.03908    18.29231   81.894453  -87.794319   -0.407    0.096  1
RGI60-03.00042    18.19624   80.642850  -71.365973   -0.378    0.094  1
RGI60-03.00109    18.09529   80.796188  -75.763044   -0.375    0.095  1
RGI60-03.02361    18.09086   74.685712  -85.317818   -0.431    0.115  1
RGI60-03.01772    18.08206   77.987015  -77.588226   -0.445    0.108  1
RGI60-03.00074    18.07123   80.722798  -69.696570   -0.335    0.093  1
RGI60-03.01202    18.03685   81.289641  -93.789451   -0.365    0.108  1
RGI60-03.01610    17.97560   77.101601  -80.799942   -0.410    0.116  1
RGI60-03.00132    17.91589   80.441932  -77.989520   -0.466    0.117  1
RGI60-03.00260    17.78800   79.943977  -73.667556   -0.241    0.099  1
RGI60-03.04464    17.74051   81.626289  -76.132252   -0.349    0.102  1
RGI60-03.02969    17.66818   81.310548  -76.401475   -0.547    0.101  1
RGI60-03.00208    17.66007   79.624168  -76.607554   -0.299    0.100  1
RGI60-03.01007    17.64369   80.304620  -92.243403   -0.225    0.104  1
RGI60-03.03815    17.60334   81.996311  -82.355798   -0.408    0.098  1
RGI60-03.00130    17.53628   80.417440  -78.321308   -0.534    0.119  1
RGI60-03.01006    17.53050   78.430065  -90.546202   -0.673    0.123  1
RGI60-03.02803    17.46596   82.658684  -69.669141   -0.333    0.108  1
RGI60-03.00088    17.45826   80.923536  -71.194923   -0.463    0.096  1
RGI60-03.02431    17.39783   75.770059  -81.713567   -0.250    0.125  1
RGI60-03.03819    17.38985   82.025574  -82.548258   -0.367    0.095  1
RGI60-03.00555    17.37738   79.753817  -74.317191   -0.338    0.106  1
RGI60-03.03547    17.36604   82.735386  -80.502090   -0.403    0.113  1
RGI60-03.01650    17.35290   79.012925  -78.062292   -0.330    0.112  1
RGI60-03.01516    17.31672   77.105302  -80.022520   -0.308    0.096  1
RGI60-03.01390    17.29632   80.529317  -92.981407   -0.292    0.108  1
RGI60-03.02434    17.27504   75.771977  -81.545020   -0.293    0.124  1
RGI60-03.01685    17.25768   79.043067  -80.856004   -0.315    0.109  1
RGI60-03.00045    17.17997   80.657133  -70.815113   -0.130    0.091  1
RGI60-03.02860    17.17911   82.581169  -76.272289   -0.289    0.111  1
RGI60-03.04379    17.16299   80.879161  -84.791484   -0.566    0.103  1
RGI60-03.02214    17.14746   78.299602  -84.199775   -0.592    0.121  1
RGI60-03.00987    17.14104   78.528313  -89.591829   -0.581    0.120  1
RGI60-03.02655    17.11969   82.714241  -69.234705   -0.350    0.112  1
RGI60-03.01411    17.10873   75.931848  -79.301091   -0.827    0.137  1
RGI60-03.03553    17.08824   82.688020  -80.461947   -0.410    0.112  1
RGI60-03.00196    17.08070   79.805767  -75.715533   -0.278    0.101  1
RGI60-03.00601    16.93270   79.673260  -73.638488   -0.319    0.112  1
RGI60-03.00552    16.87478   79.739628  -74.105095   -0.351    0.110  1
RGI60-03.01629    16.84014   78.840084  -77.753887   -0.382    0.112  1
RGI60-03.00035    16.75128   81.123281  -68.593917   -0.550    0.100  1
RGI60-03.03701    16.74469   82.477970  -67.890544   -0.627    0.111  1
RGI60-03.02422    16.70269   74.518896  -87.182221   -0.383    0.101  1
RGI60-03.04546    16.68041   76.261003  -90.369248   -0.774    0.137  1
RGI60-03.01382    16.68018   79.737617  -93.073039   -0.434    0.101  1
RGI60-03.04325    16.65897   81.156983  -79.782909   -0.416    0.100  1
RGI60-03.00960    16.65355   78.947604  -90.197544   -0.649    0.123  1
RGI60-03.00179    16.59996   79.807946  -79.655185   -0.309    0.124  1
RGI60-03.03448    16.58320   82.596362  -81.537352   -0.507    0.116  1
RGI60-03.00092    16.55315   80.944834  -71.704404   -0.353    0.095  1
RGI60-03.03126    16.55092   81.424956  -86.039281   -0.495    0.120  1
RGI60-03.03703    16.54015   82.609950  -66.373453   -0.392    0.112  1
RGI60-03.02116    16.52924   79.874431  -82.738351   -0.690    0.125  1
RGI60-03.04069    16.50770   83.094313  -69.936613   -0.439    0.202  1
RGI60-03.03125    16.49709   81.411532  -86.237627   -0.668    0.125  1
RGI60-03.02207    16.48996   78.447234  -85.332301   -0.525    0.118  1
RGI60-03.03394    16.48358   81.309243  -79.088331   -0.308    0.094  1
RGI60-03.02352    16.42815   74.729843  -85.333968   -0.373    0.107  1
RGI60-03.00323    16.25029   80.368755  -71.646871   -0.399    0.098  1
RGI60-03.01605    16.24371   77.203833  -80.652546   -0.486    0.119  1
RGI60-03.01668    16.22509   79.075445  -79.885215   -0.306    0.115  1
RGI60-03.01982    16.19632   77.005553  -83.620345   -0.445    0.129  1
RGI60-03.01266    16.16174   79.733049  -95.122334   -0.543    0.104  1
RGI60-03.03359    16.16017   81.558596  -84.743576   -0.460    0.099  1
RGI60-03.01226    16.11041   80.371874  -94.544635   -0.507    0.113  1
RGI60-03.03704    16.10027   82.550707  -66.647563   -0.543    0.116  1
RGI60-03.01608    16.08687   77.203690  -79.722726   -0.261    0.098  1
RGI60-03.02794    16.04198   82.414569  -80.935974   -0.293    0.112  1
RGI60-03.00544    16.01438   79.639960  -74.322525   -0.468    0.116  1
RGI60-03.01962    15.98578   76.671580  -88.196459   -0.568    0.122  1
RGI60-03.02465    15.96138   75.435290  -80.252298   -0.285    0.113  1
RGI60-03.03752    15.89257   81.658846  -89.138739   -0.377    0.101  1
RGI60-03.00974    15.88366   80.306589  -91.959616   -0.354    0.101  1
RGI60-03.00438    15.83319   81.232553  -69.926614   -0.352    0.104  1
RGI60-03.01281    15.80698   79.541642  -93.483349   -0.531    0.110  1
RGI60-03.01264    15.75657   79.763071  -94.986720   -0.511    0.104  1
RGI60-03.03409    15.73698   81.182011  -84.389152   -0.543    0.108  1
RGI60-03.01889    15.72049   76.529758  -85.211036   -0.587    0.134  1
RGI60-03.00442    15.71229   81.075938  -70.946149   -0.412    0.099  1
RGI60-03.00373    15.67490   80.678775  -72.153239   -0.257    0.093  1
RGI60-03.00398    15.62361   79.291671  -80.148192   -0.312    0.104  1
RGI60-03.00070    15.59073   80.694425  -69.876030   -0.245    0.094  1
RGI60-03.00051    15.57604   80.578541  -70.332135   -0.289    0.095  1
RGI60-03.03906    15.53097   81.790715  -86.987878   -0.385    0.101  1
RGI60-03.02319    15.45959   75.252849  -85.875283   -0.278    0.114  1
RGI60-03.03730    15.44970   82.345938  -68.053410   -0.461    0.104  1
RGI60-03.01521    15.42329   77.043770  -80.244967   -0.423    0.100  1
RGI60-03.03626    15.40604   82.941941  -77.021813    0.131    0.114  1
RGI60-03.00602    15.40502   79.698714  -73.725288   -0.311    0.113  1
RGI60-03.02856    15.39729   82.488466  -78.822786   -0.297    0.111  1
RGI60-03.04547    15.37461   76.249443  -90.489418   -0.750    0.135  1
RGI60-03.02418    15.30754   74.523482  -86.442669   -0.638    0.134  1
RGI60-03.01881    15.27664   76.839013  -83.503756   -0.404    0.123  1
RGI60-03.03621    15.17897   82.967864  -77.033467   -0.185    0.113  1
RGI60-03.04413    15.17444   80.612190  -84.906025   -0.500    0.102  1
RGI60-03.00329    15.13862   80.457732  -72.048517   -0.339    0.098  1
RGI60-03.02707    15.00935   82.041085  -71.082519   -0.406    0.110  1
RGI60-03.00459    14.97890   81.036026  -69.211811   -0.272    0.094  1
RGI60-03.00988    14.95348   78.494794  -89.487935   -0.826    0.129  1
RGI60-03.00976    14.87091   78.770919  -89.406770   -0.759    0.131  1
RGI60-03.01016    14.86489   78.378421  -91.108242   -0.879    0.137  1
RGI60-03.03349    14.85030   81.858046  -80.086834   -0.171    0.094  1
RGI60-03.01008    14.84889   78.437032  -90.429168   -0.755    0.126  1
RGI60-03.00526    14.83950   79.691448  -74.630097   -0.421    0.115  1
RGI60-03.00207    14.81940   79.602113  -76.779849   -0.341    0.104  1
RGI60-03.00959    14.81277   78.938519  -90.435235   -0.503    0.124  1
RGI60-03.00971    14.80806   78.881420  -89.876282   -0.537    0.128  1
RGI60-03.03708    14.77566   82.489770  -65.738974   -0.420    0.114  1
RGI60-03.02212    14.77265   78.329703  -85.478572   -0.502    0.120  1
RGI60-03.03926    14.73465   81.792019  -90.552851   -0.267    0.099  1
RGI60-03.00914    14.71238   79.101419  -89.585825   -0.364    0.100  1
RGI60-03.03879    14.70858   81.663233  -91.455711   -0.441    0.103  1
RGI60-03.00097    14.70268   81.019913  -72.705784   -0.334    0.096  1
RGI60-03.03121    14.69903   81.399034  -85.300915   -0.531    0.117  1
RGI60-03.01046    14.67619   78.638993  -91.905615   -0.573    0.126  1
RGI60-03.00417    14.64070   79.412495  -78.498084   -0.249    0.103  1
RGI60-03.00205    14.63380   79.653021  -76.514087   -0.245    0.102  1
RGI60-03.00991    14.61332   78.610208  -90.435008   -0.659    0.127  1
RGI60-03.02804    14.57997   82.401486  -69.167258   -0.462    0.109  1
RGI60-03.03914    14.56181   81.787934  -87.745579   -0.454    0.103  1
RGI60-03.00918    14.55577   80.539514  -93.266519   -0.373    0.112  1
RGI60-03.00052    14.53931   80.545094  -70.318550   -0.214    0.097  1
RGI60-03.03350    14.48191   81.454227  -84.162952   -0.354    0.101  1
RGI60-03.03886    14.43580   81.609999  -91.342467   -0.509    0.107  1
RGI60-03.03600    14.43126   82.909126  -76.130462   -0.309    0.114  1
RGI60-03.01875    14.36031   76.833151  -86.928464   -0.473    0.123  1
RGI60-03.03387    14.35308   81.772442  -79.397372   -0.164    0.095  1
RGI60-03.02889    14.31984   82.606066  -73.669562   -0.354    0.114  1
RGI60-03.03351    14.26639   81.755534  -85.029686   -0.448    0.104  1
RGI60-03.04179    14.20342   82.918235  -70.444267   -0.263    0.125  1
RGI60-03.02821    14.19663   82.378331  -68.547156   -0.440    0.109  1
RGI60-03.00406    14.17214   79.272139  -79.085172   -0.285    0.105  1
RGI60-03.00173    14.15854   79.850021  -80.496208   -0.389    0.127  1
RGI60-03.04542    14.12746   76.321720  -90.363042   -0.759    0.141  1
RGI60-03.00423    14.12061   79.463503  -78.342215   -0.228    0.103  1
RGI60-03.01964    14.11450   76.755108  -88.142959   -0.475    0.123  1
RGI60-03.01726    14.10765   78.351408  -75.249790   -0.628    0.114  1
RGI60-03.01282    14.05877   79.501509  -93.567057   -0.594    0.117  1
RGI60-03.00436    14.04198   81.245342  -70.130151   -0.320    0.101  1
RGI60-03.00926    14.01863   78.911342  -89.138469   -0.444    0.112  1
RGI60-03.00151    13.93255   79.925024  -80.086009   -0.425    0.129  1
RGI60-03.01041    13.93230   80.286974  -92.053685   -0.408    0.103  1
RGI60-03.00386    13.90580   79.573191  -79.018013   -0.342    0.119  1
RGI60-03.01270    13.89539   79.646428  -94.057961   -0.542    0.107  1
RGI60-03.00435    13.85580   81.268363  -70.203225   -0.328    0.102  1
RGI60-03.00410    13.85444   79.350609  -79.136179   -0.261    0.104  1
RGI60-03.04320    13.78387   80.961664  -81.114682   -0.422    0.103  1
RGI60-03.01631    13.75768   78.774840  -77.968976   -0.578    0.119  1
RGI60-03.01408    13.71977   75.935190  -79.467530   -0.956    0.153  1
RGI60-03.04316    13.71717   80.898930  -84.673426   -0.518    0.103  1
RGI60-03.02942    13.70385   81.556839  -75.615274   -0.300    0.103  1
RGI60-03.00235    13.67556   79.715220  -75.929959   -0.252    0.103  1
RGI60-03.03863    13.67019   81.949035  -86.577858   -0.570    0.108  1
RGI60-03.03449    13.66519   82.564908  -81.925128   -0.374    0.114  1
RGI60-03.02201    13.66037   78.467572  -84.169612   -0.419    0.119  1
RGI60-03.01221    13.62603   80.298688  -94.401985   -0.525    0.116  1
RGI60-03.00328    13.59217   80.440661  -71.951577   -0.365    0.101  1
RGI60-03.01310    13.52628   78.751289  -92.028824   -0.631    0.119  1
RGI60-03.03353    13.51021   81.818992  -83.170344   -0.465    0.106  1
RGI60-03.01724    13.50620   78.325235  -75.502343   -0.279    0.109  1
RGI60-03.00165    13.50124   79.788978  -80.911216   -0.492    0.131  1
RGI60-03.01268    13.48938   79.812213  -94.995109   -0.459    0.104  1
RGI60-03.01263    13.46577   79.719727  -95.352191   -0.545    0.107  1
RGI60-03.03202    13.46564   81.601855  -85.880129   -0.508    0.106  1
RGI60-03.00996    13.44096   80.296404  -92.323944   -0.310    0.107  1
RGI60-03.01856    13.42020   76.569332  -85.994053   -0.439    0.122  1
RGI60-03.02948    13.41270   81.466967  -76.081036   -0.389    0.101  1
RGI60-03.01621    13.40751   76.485285  -79.012543   -0.690    0.130  1
RGI60-03.02138    13.38168   79.363939  -82.620128   -0.455    0.125  1
RGI60-03.02855    13.33841   82.515893  -78.975937   -0.437    0.116  1
RGI60-03.04319    13.27982   81.058104  -80.742522   -0.283    0.101  1
RGI60-03.04321    13.24645   80.972732  -80.997790   -0.241    0.100  1
RGI60-03.00212    13.14119   79.621031  -76.163736   -0.408    0.108  1
RGI60-03.03895    13.12618   81.905923  -87.633586   -0.433    0.103  1
RGI60-03.01599    13.10245   76.260277  -80.530533   -0.738    0.133  1
RGI60-03.04509    13.09904   81.330895  -78.696037   -0.327    0.098  1
RGI60-03.00992    13.05860   78.587556  -90.401037   -0.688    0.127  1
RGI60-03.00829    13.04798   79.588678  -91.709179   -0.472    0.117  1
RGI60-03.01373    13.04740   79.952868  -94.152438   -0.450    0.105  1
RGI60-03.02087    13.02994   76.723805  -82.983119   -0.579    0.132  1
RGI60-03.00441    13.02169   81.074677  -71.107232   -0.494    0.103  1
RGI60-03.03111    13.00272   81.422268  -84.763862   -0.492    0.117  1
RGI60-03.01011    12.99383   78.492445  -91.504195   -0.646    0.133  1
RGI60-03.03110    12.95358   81.467937  -84.648429   -0.599    0.118  1
RGI60-03.00197    12.88493   79.792512  -75.931525   -0.276    0.105  1
RGI60-03.01739    12.87520   78.008019  -77.977703   -0.449    0.113  1
RGI60-03.01102    12.85009   80.312157  -93.820700   -0.368    0.109  1
RGI60-03.00154    12.74052   79.878679  -80.624574   -0.300    0.128  1
RGI60-03.00969    12.71657   78.920378  -89.865752   -0.695    0.134  1
RGI60-03.03774    12.70242   82.017562  -81.142326   -0.428    0.103  1
RGI60-03.02670    12.69484   81.993308  -71.770151   -0.485    0.115  1
RGI60-03.00047    12.69220   80.646830  -70.681047   -0.224    0.097  1
RGI60-03.00269    12.64504   80.004958  -73.126442   -0.371    0.105  1
RGI60-03.02841    12.56332   82.085479  -80.351666   -0.492    0.106  1
RGI60-03.00983    12.55288   78.626873  -89.639243   -0.515    0.122  1
RGI60-03.01880    12.54834   76.851325  -83.724376   -0.423    0.130  1
RGI60-03.00986    12.54479   78.566929  -89.617869   -0.639    0.128  1
RGI60-03.00331    12.52872   80.478093  -72.075282   -0.316    0.101  1
RGI60-03.01696    12.52805   78.037255  -76.097107   -0.843    0.121  1
RGI60-03.00407    12.50739   79.290676  -79.272341   -0.147    0.105  1
RGI60-03.01469    12.48695   74.526676  -85.205235   -0.636    0.125  1
RGI60-03.01285    12.45678   79.490576  -93.681334   -0.638    0.118  1
RGI60-03.03788    12.45540   81.816404  -86.384579   -0.543    0.108  1
RGI60-03.00450    12.45439   81.014364  -71.044721   -0.540    0.105  1
RGI60-03.03927    12.42455   81.754731  -90.416616   -0.383    0.104  1
RGI60-03.01868    12.42438   76.538592  -86.917474   -0.367    0.117  1
RGI60-03.00307    12.42062   80.309309  -72.426257   -0.264    0.099  1
RGI60-03.03797    12.41920   81.884570  -85.817540   -0.491    0.103  1
RGI60-03.00222    12.41783   79.646214  -75.657564   -0.345    0.107  1
RGI60-03.00896    12.38676   80.340234  -92.701132   -0.418    0.116  1
RGI60-03.04417    12.34695   80.669957  -84.553792   -0.505    0.106  1
RGI60-03.00055    12.31894   80.546062  -69.872530   -0.272    0.098  1
RGI60-03.00332    12.24181   80.501610  -72.041907   -0.315    0.101  1
RGI60-03.02277    12.23454   76.635139  -89.230045   -0.308    0.122  1
RGI60-03.01024    12.23256   78.884480  -91.693110   -0.244    0.105  1
RGI60-03.00946    12.22281   78.977531  -91.647893   -0.345    0.105  1
RGI60-03.00252    12.21034   79.943538  -73.965500   -0.362    0.107  1
RGI60-03.00172    12.18777   79.830315  -80.467212   -0.361    0.129  1
RGI60-03.01527    12.16610   76.974856  -78.110684   -0.422    0.106  1
RGI60-03.04477    12.07701   82.558543  -81.720817   -0.424    0.117  1
RGI60-03.00282    12.05833   80.118560  -73.454629   -0.147    0.101  1
RGI60-03.00343    12.05780   80.390932  -71.124562   -0.409    0.101  1
RGI60-03.03977    12.03103   82.109001  -85.670732   -0.417    0.104  1
RGI60-03.00948    12.00307   78.967892  -91.373455   -0.592    0.114  1
RGI60-03.00815    12.00157   79.535411  -92.707422   -0.706    0.126  1
RGI60-03.01975    11.97048   76.400412  -85.055490   -0.470    0.135  1
RGI60-03.00917    11.95444   79.024853  -89.575976   -0.339    0.106  1
RGI60-03.03204    11.92337   81.593090  -86.085729   -0.602    0.110  1
RGI60-03.01223    11.89849   80.276991  -94.553832   -0.479    0.118  1
RGI60-03.04018    11.89728   83.005635  -72.918597   -0.241    0.173  1
RGI60-03.01715    11.87788   78.274366  -76.586214   -0.332    0.114  1
RGI60-03.00308    11.87310   81.091582  -68.746369   -0.447    0.102  1
RGI60-03.00034    11.85141   80.757616  -71.062496   -0.303    0.099  1
RGI60-03.01973    11.83098   76.373453  -85.149736   -0.478    0.137  1
RGI60-03.00161    11.81905   79.814255  -81.013413   -0.556    0.136  1
RGI60-03.03352    11.71680   81.746149  -84.669575   -0.395    0.106  1
RGI60-03.00494    11.69247   79.639208  -75.136262   -0.455    0.120  1
RGI60-03.04459    11.66893   81.304518  -76.247982   -0.480    0.106  1
RGI60-03.01150    11.66670   80.278725  -93.959674   -0.556    0.118  1
RGI60-03.01416    11.62756   75.966679  -79.366076   -0.996    0.150  1
RGI60-03.01593    11.59386   76.296275  -80.780576   -0.646    0.134  1
RGI60-03.03109    11.59285   81.451163  -85.887830   -0.815    0.139  1
RGI60-03.03492    11.56976   82.537692  -81.514127   -0.410    0.119  1
RGI60-03.00855    11.54971   79.574818  -90.239070   -0.202    0.112  1
RGI60-03.02807    11.44694   82.116039  -69.986635   -0.383    0.110  1
RGI60-03.00463    11.44319   79.659883  -77.299617   -0.327    0.108  1
RGI60-03.01253    11.38114   80.015729  -93.864084   -0.464    0.109  1
RGI60-03.03393    11.37904   81.414283  -77.670575   -0.165    0.099  1
RGI60-03.02164    11.29777   79.158675  -82.438110   -0.625    0.120  1
RGI60-03.01210    11.25012   80.878479  -94.627505   -0.457    0.118  1
RGI60-03.00256    11.22650   79.926055  -73.803747   -0.411    0.110  1
RGI60-03.01946    11.21111   77.029368  -84.929989   -0.423    0.125  1
RGI60-03.02809    11.20414   81.624168  -77.051783   -0.378    0.108  1
RGI60-03.00057    11.18879   81.143048  -68.276539   -0.312    0.100  1
RGI60-03.01262    11.18292   79.696987  -95.439869   -0.497    0.108  1
RGI60-03.00734    11.17996   79.793346  -71.866181   -0.395    0.113  1
RGI60-03.00416    11.13778   79.408815  -78.642416   -0.239    0.107  1
RGI60-03.00915    11.13530   79.074663  -89.677363   -0.367    0.104  1
RGI60-03.00560    11.10491   79.747697  -74.533627   -0.226    0.108  1
RGI60-03.01474    11.07954   74.494977  -87.586770   -0.585    0.109  1
RGI60-03.00253    11.07017   79.917110  -74.039657   -0.377    0.110  1
RGI60-03.00216    11.05983   79.653798  -75.965813   -0.138    0.106  1
RGI60-03.01206    11.05054   81.267803  -93.110869   -0.357    0.108  1
RGI60-03.00371    11.04944   80.659103  -72.010944   -0.416    0.102  1
RGI60-03.03928    11.04373   81.709301  -90.713709   -0.517    0.111  1
RGI60-03.00447    11.03796   81.088870  -70.453701   -0.489    0.107  1
RGI60-03.02066    10.94000   79.320616  -80.739111   -0.567    0.133  1
RGI60-03.03510    10.91261   82.665781  -77.058438   -0.406    0.119  1
RGI60-03.00547    10.88221   79.696842  -74.216278   -0.178    0.116  1
RGI60-03.02016    10.85875   80.752887  -76.778147   -0.338    0.107  1
RGI60-03.02399    10.85521   74.605854  -86.359759   -0.351    0.109  1
RGI60-03.00280    10.83586   81.127982  -68.028599   -0.500    0.106  1
RGI60-03.02200    10.82260   78.503847  -85.260292   -0.448    0.124  1
RGI60-03.01391    10.76870   79.814034  -90.089136   -0.265    0.116  1
RGI60-03.00082    10.65982   80.706492  -68.995974   -0.335    0.102  1
RGI60-03.03918    10.64271   81.834923  -88.615921   -0.530    0.110  1
RGI60-03.01001    10.63290   78.503318  -90.373816   -0.660    0.131  1
RGI60-03.01347    10.59299   78.540187  -88.166142   -0.799    0.148  1
RGI60-03.00731    10.58754   79.775149  -72.347086   -0.302    0.117  1
RGI60-03.00717    10.57155   76.211743  -91.573087   -0.146    0.118  1
RGI60-03.04414    10.56257   80.659353  -84.323384   -0.358    0.104  1
RGI60-03.00054    10.53849   80.537716  -70.023655   -0.256    0.101  1
RGI60-03.00153    10.53081   79.880534  -80.469241   -0.402    0.133  1
RGI60-03.00490    10.52901   79.671725  -75.179565   -0.227    0.111  1
RGI60-03.00857    10.48227   79.621149  -89.832461   -0.490    0.119  1
RGI60-03.00448    10.45834   81.065110  -70.620084   -0.490    0.108  1
RGI60-03.04437    10.45527   80.898587  -80.089392   -0.528    0.115  1
RGI60-03.00381    10.42945   79.628779  -77.759576   -0.345    0.110  1
RGI60-03.01801    10.41417   76.667996  -86.355585   -0.449    0.126  1
RGI60-03.00185    10.41394   79.773447  -78.657014   -0.628    0.135  1
RGI60-03.00317    10.39973   80.384618  -72.014596   -0.302    0.103  1
RGI60-03.02941    10.38895   81.626025  -75.923948   -0.350    0.114  1
RGI60-03.02808    10.26442   82.305232  -81.893239   -0.319    0.104  1
RGI60-03.02697    10.26056   82.074617  -71.311841   -0.363    0.109  1
RGI60-03.03959    10.25004   82.174314  -83.316522   -0.216    0.102  1
RGI60-03.02664    10.23677   82.445130  -73.352815   -0.310    0.109  1
RGI60-03.01392    10.20999   79.787782  -89.926251   -0.271    0.117  1
RGI60-03.04073    10.20812   83.071253  -71.756808   -0.168    0.213  1
RGI60-03.00305    10.20493   80.336696  -72.558186   -0.343    0.103  1
RGI60-03.01237    10.18809   80.475496  -95.167945   -0.666    0.129  1
RGI60-03.03867    10.13078   81.802361  -89.905178   -0.329    0.107  1
RGI60-03.01867    10.12315   76.563384  -86.144315   -0.431    0.125  1
RGI60-03.02119    10.11517   79.785808  -82.975557   -0.664    0.132  1
RGI60-03.03196    10.10930   81.619465  -86.142747   -0.397    0.107  1
RGI60-03.03114    10.06877   81.449725  -85.011722   -0.368    0.118  1
RGI60-03.00167    10.05243   79.762496  -80.655292   -0.542    0.144  1
RGI60-03.04322    10.03193   80.977772  -81.356429   -0.624    0.113  1
RGI60-03.00437    10.02310   81.213724  -70.107247   -0.405    0.114  1
RGI60-03.02150    10.00625   79.111973  -78.588608   -0.170    0.118  1
RGI60-03.01227    10.00011   80.366385  -94.723134   -0.534    0.123  1
RGI60-03.01556     9.95463   76.591130  -80.470888   -0.680    0.135  1
RGI60-03.03823     9.93328   81.981900  -82.655199   -0.477    0.111  1
RGI60-03.00873     9.84293   79.482280  -89.017043   -0.372    0.109  1
RGI60-03.01229     9.81899   80.339041  -94.644361   -0.481    0.120  1
RGI60-03.04423     9.81208   80.650817  -84.748114   -0.562    0.111  1
RGI60-03.02120     9.78249   79.757282  -83.042473   -0.717    0.134  1
RGI60-03.01422     9.75797   75.988951  -79.300529   -0.790    0.146  1
RGI60-03.00155     9.72143   79.876191  -80.772846   -0.349    0.133  1
RGI60-03.01328     9.70545   80.197996  -91.939861   -0.380    0.108  1
RGI60-03.01091     9.70343   80.334640  -93.943087   -0.420    0.114  1
RGI60-03.01602     9.69489   76.228531  -80.849031   -0.822    0.146  1
RGI60-03.02406     9.67910   74.572617  -84.880335   -0.156    0.120  1
RGI60-03.00195     9.67563   79.825789  -75.492467   -0.376    0.112  1
RGI60-03.04554     9.67356   75.657774 -114.518477   -0.213    0.134  1
RGI60-03.01990     9.64172   76.932964  -83.463954   -0.325    0.134  1
RGI60-03.03910     9.62656   81.782009  -86.783012   -0.506    0.113  1
RGI60-03.00804     9.59650   80.893454  -69.092695   -0.238    0.101  1
RGI60-03.02039     9.58415   80.249560  -72.132463   -0.421    0.110  1
RGI60-03.04543     9.56713   76.306530  -90.271952   -0.813    0.147  1
RGI60-03.00722     9.56278   75.708692  -83.655386   -0.140    0.138  1
RGI60-03.04484     9.48342   83.044144  -72.138952    0.017    0.219  1
RGI60-03.01023     9.47858   78.349713  -91.128216   -0.931    0.142  1
RGI60-03.03088     9.47267   81.450757  -85.477746   -0.394    0.126  1
RGI60-03.00327     9.42048   80.426833  -71.830604   -0.341    0.107  1
RGI60-03.00887     9.39146   79.324215  -88.629188   -0.417    0.108  1
RGI60-03.01340     9.39023   78.587330  -88.159940   -0.752    0.136  1
RGI60-03.02666     9.38782   81.982123  -72.154014   -0.338    0.116  1
RGI60-03.00944     9.37672   78.864665  -88.746051   -0.514    0.111  1
RGI60-03.01697     9.32266   78.016220  -75.959991   -0.607    0.113  1
RGI60-03.00359     9.30652   80.494040  -71.169430   -0.421    0.106  1
RGI60-03.00192     9.29379   81.239149  -67.581099   -0.333    0.104  1
RGI60-03.01893     9.28778   76.626728  -85.330430   -0.381    0.136  1
RGI60-03.00439     9.26598   81.258624  -69.823422   -0.295    0.108  1
RGI60-03.00966     9.25309   78.515102  -91.147677   -0.899    0.143  1
RGI60-03.01778     9.24742   78.957693  -77.203424   -0.355    0.124  1
RGI60-03.01618     9.19286   76.954370  -78.043134   -0.528    0.113  1
RGI60-03.01966     9.17620   76.780725  -88.004527   -0.693    0.132  1
RGI60-03.01042     9.17435   78.669915  -92.017583   -0.574    0.131  1
RGI60-03.00585     9.16369   79.637292  -73.632151   -0.344    0.121  1
RGI60-03.01386     9.12825   80.016840  -90.925104   -0.202    0.106  1
RGI60-03.02877     9.11456   82.356683  -74.769922   -0.284    0.112  1
RGI60-03.01988     9.10052   76.972331  -83.475220   -0.516    0.139  1
RGI60-03.01918     9.07205   76.783518  -84.542367   -0.417    0.137  1
RGI60-03.00162     9.06026   79.796540  -81.111826   -0.574    0.141  1
RGI60-03.00413     9.05731   79.309601  -78.623798   -0.316    0.112  1
RGI60-03.02810     9.05557   81.602418  -77.149805   -0.347    0.110  1
RGI60-03.04415     9.01065   80.675323  -84.090739   -0.578    0.113  1
RGI60-03.01939     8.99880   76.869822  -84.073509   -0.558    0.141  1
RGI60-03.03709     8.99755   82.581857  -66.486749   -0.359    0.121  1
RGI60-03.02424     8.98820   74.483987  -86.833311   -0.367    0.134  1
RGI60-03.02211     8.97943   78.340685  -84.178398   -0.554    0.128  1
RGI60-03.01499     8.93805   77.185339  -80.326556   -0.344    0.124  1
RGI60-03.01626     8.92756   77.984246  -77.475898   -0.475    0.121  1
RGI60-03.01658     8.91969   77.970770  -77.191084   -0.601    0.124  1
RGI60-03.01659     8.91505   77.326439  -79.340389   -0.468    0.122  1
RGI60-03.01755     8.87177   78.821539  -75.994848   -0.356    0.121  1
RGI60-03.01029     8.84674   80.536726  -93.115410   -0.258    0.118  1
RGI60-03.01446     8.84592   76.025075  -79.047287   -0.204    0.130  1
RGI60-03.02940     8.84281   81.500260  -76.052146   -0.466    0.113  1
RGI60-03.01987     8.83200   76.978594  -83.708341   -0.477    0.137  1
RGI60-03.02438     8.79749   75.763064  -81.363115   -0.309    0.138  1
RGI60-03.01207     8.79690   81.289967  -92.842295   -0.446    0.113  1
RGI60-03.03089     8.77848   81.454252  -84.878126   -0.407    0.121  1
RGI60-03.02825     8.76984   81.886046  -72.551193   -0.408    0.111  1
RGI60-03.03705     8.75748   82.275707  -67.673670   -0.579    0.118  1
RGI60-03.03362     8.75232   81.816627  -82.025618   -0.490    0.115  1
RGI60-03.01775     8.71743   78.971043  -76.578264   -0.331    0.122  1
RGI60-03.00953     8.70347   79.014167  -90.602726   -0.637    0.124  1
RGI60-03.00977     8.69611   78.749556  -89.410681   -0.677    0.136  1
RGI60-03.00171     8.69436   79.817971  -80.315273   -0.394    0.136  1
RGI60-03.00489     8.65969   79.691350  -75.293367   -0.393    0.114  1
RGI60-03.01899     8.64900   76.729621  -85.088632   -0.351    0.127  1
RGI60-03.02487     8.63192   74.527500  -81.753374   -0.690    0.173  1
RGI60-03.00907     8.55194   80.348761  -92.845585   -0.273    0.117  1
RGI60-03.02955     8.55125   81.177387  -77.594101   -0.518    0.110  1
RGI60-03.00866     8.54341   79.531511  -89.888124   -0.341    0.119  1
RGI60-03.00733     8.52998   79.796947  -72.051328   -0.319    0.118  1
RGI60-03.01737     8.50874   77.330209  -80.470713   -0.420    0.125  1
RGI60-03.03884     8.50695   81.696059  -91.166111   -0.399    0.112  1
RGI60-03.04070     8.46480   83.045955  -71.975110   -0.068    0.216  1
RGI60-03.02975     8.42013   81.304033  -76.103703   -0.608    0.114  1
RGI60-03.00397     8.39843   79.308663  -80.166372   -0.343    0.119  1
RGI60-03.04326     8.38645   80.979191  -84.684956   -0.371    0.107  1
RGI60-03.00446     8.36718   81.111032  -70.277937   -0.329    0.111  1
RGI60-03.00504     8.35451   79.739182  -75.081487   -0.377    0.115  1
RGI60-03.03961     8.35027   82.165951  -86.576258   -0.448    0.110  1
RGI60-03.01339     8.33629   80.178892  -91.764298   -0.287    0.109  1
RGI60-03.00338     8.32018   80.443868  -71.394590   -0.370    0.107  1
RGI60-03.01427     8.31813   75.887166  -79.143818   -0.753    0.136  1
RGI60-03.03988     8.30890   82.048312  -84.532693   -0.550    0.118  1
RGI60-03.00942     8.27073   78.837333  -88.812398   -0.710    0.137  1
RGI60-03.01354     8.22062   78.771642  -88.622125   -0.548    0.129  1
RGI60-03.00861     8.20429   79.590508  -90.153653   -0.255    0.118  1
RGI60-03.00020     8.19814   81.012263  -70.181005   -0.475    0.110  1
RGI60-03.00997     8.19342   78.549591  -90.715158   -0.555    0.133  1
RGI60-03.00754     8.19199   79.815987  -71.476766   -0.324    0.109  1
RGI60-03.01231     8.17242   80.440599  -94.801952   -0.593    0.128  1
RGI60-03.00549     8.16681   79.691620  -74.092264   -0.291    0.122  1
RGI60-03.00743     8.16541   79.733053  -72.116275   -0.420    0.123  1
RGI60-03.03706     8.15873   82.411674  -66.165259   -0.293    0.121  1
RGI60-03.03373     8.15518   81.457763  -77.584879   -0.315    0.106  1
RGI60-03.02851     8.09012   82.548817  -80.057248   -0.403    0.126  1
RGI60-03.03921     8.06772   81.846537  -90.022429   -0.280    0.110  1
RGI60-03.01479     8.04241   76.288776  -89.806083   -0.697    0.143  1
RGI60-03.00312     8.03795   80.328255  -72.231060   -0.375    0.109  1
RGI60-03.04551     8.01687   76.335640  -90.522748   -0.751    0.147  1
RGI60-03.00537     8.01463   81.005879  -69.302399   -0.309    0.105  1
RGI60-03.01218     8.01228   80.840892  -92.672600   -0.472    0.124  1
RGI60-03.03808     8.00876   81.931266  -85.296862   -0.529    0.113  1
RGI60-03.01250     7.99875   80.034312  -93.390847   -0.554    0.118  1
RGI60-03.00811     7.99715   79.575998  -93.109111   -0.689    0.129  1
RGI60-03.00970     7.98807   78.899680  -89.907151   -0.501    0.133  1
RGI60-03.01215     7.98481   80.825542  -92.761262   -0.381    0.122  1
RGI60-03.02455     7.94254   75.590229  -80.201960   -0.167    0.124  1
RGI60-03.02096     7.92735   76.790339  -83.054196   -0.385    0.141  1
RGI60-03.02101     7.91272   76.833409  -83.212504   -0.172    0.144  1
RGI60-03.02385     7.90136   74.639732  -86.644386   -0.328    0.136  1
RGI60-03.00554     7.89655   79.766091  -74.164115   -0.456    0.121  1
RGI60-03.00399     7.89564   79.277841  -80.083407   -0.365    0.115  1
RGI60-03.02083     7.86822   76.680369  -83.036625   -0.535    0.129  1
RGI60-03.03736     7.84206   82.609342  -66.644930   -0.339    0.124  1
RGI60-03.00817     7.83877   79.549505  -92.540907   -0.541    0.127  1
RGI60-03.01567     7.81048   76.656979  -81.233431   -0.516    0.130  1
RGI60-03.01872     7.79487   77.063063  -84.183477   -0.431    0.139  1
RGI60-03.01617     7.79334   76.868448  -78.477018   -0.239    0.108  1
RGI60-03.01912     7.78561   76.708840  -84.591240   -0.179    0.135  1
RGI60-03.01395     7.77981   79.630039  -93.280483   -0.599    0.120  1
RGI60-03.00233     7.77603   79.723941  -75.728720   -0.196    0.112  1
RGI60-03.01212     7.75286   80.857855  -93.857438   -0.491    0.125  1
RGI60-03.04327     7.74908   80.964814  -80.912178   -0.250    0.109  1
RGI60-03.00346     7.73675   80.415636  -70.996033   -0.436    0.110  1
RGI60-03.02971     7.72842   81.275480  -76.831710   -0.462    0.113  1
RGI60-03.00737     7.72186   79.777627  -71.989798   -0.325    0.122  1
RGI60-03.01587     7.70826   76.409198  -79.275301   -0.721    0.150  1
RGI60-03.02665     7.69248   82.106791  -70.121766   -0.348    0.114  1
RGI60-03.02397     7.67705   74.628767  -86.419596   -0.102    0.110  1
RGI60-03.00583     7.67520   79.643193  -73.783226   -0.351    0.124  1
RGI60-03.04418     7.65943   80.666102  -84.211455   -0.448    0.111  1
RGI60-03.03872     7.65718   81.796360  -90.058238   -0.285    0.110  1
RGI60-03.01704     7.62959   78.111286  -75.837223   -0.576    0.119  1
RGI60-03.03358     7.61374   81.898837  -80.088020   -0.269    0.108  1
RGI60-03.02461     7.61143   75.511678  -80.236779   -0.219    0.125  1
RGI60-03.00836     7.60529   79.667447  -89.676099   -0.321    0.122  1
RGI60-03.03250     7.59373   81.680489  -86.833313   -0.518    0.115  1
RGI60-03.02663     7.59349   82.056612  -79.318815   -0.377    0.110  1
RGI60-03.03659     7.59177   82.871459  -80.082738   -0.324    0.124  1
RGI60-03.01933     7.58718   76.841767  -84.227662   -0.514    0.145  1
RGI60-03.00367     7.57947   80.528783  -71.550657   -0.322    0.108  1
RGI60-03.01874     7.55672   76.827577  -87.178436   -0.364    0.123  1
RGI60-03.03439     7.55465   81.817749  -81.880972   -0.570    0.120  1
RGI60-03.01998     7.51237   81.313467  -68.853708   -0.128    0.108  1
RGI60-03.03729     7.46405   82.437960  -65.749550   -0.349    0.122  1
RGI60-03.01209     7.44637   80.859860  -94.508448   -0.498    0.126  1
RGI60-03.03608     7.44468   82.949465  -76.335352   -0.165    0.123  1
RGI60-03.01379     7.43405   80.378121  -93.184707   -0.315    0.121  1
RGI60-03.02850     7.43308   82.505298  -80.094230   -0.410    0.127  1
RGI60-03.03052     7.40877   81.603597  -78.099691   -0.367    0.110  1
RGI60-03.01048     7.38361   78.644491  -91.739677   -0.587    0.135  1
RGI60-03.00984     7.36497   78.597101  -89.627312   -0.641    0.137  1
RGI60-03.01967     7.35657   76.779992  -88.114091   -0.662    0.136  1
RGI60-03.00306     7.35078   80.324247  -72.479037   -0.463    0.113  1
RGI60-03.00084     7.34392   80.784458  -69.587390   -0.356    0.108  1
RGI60-03.03707     7.33155   82.556420  -67.406758   -0.535    0.120  1
RGI60-03.02672     7.32465   82.448217  -81.745603   -0.510    0.129  1
RGI60-03.02907     7.32227   82.767057  -71.195828   -0.345    0.125  1
RGI60-03.01080     7.32198   80.306905  -94.036613   -0.556    0.123  1
RGI60-03.00451     7.32115   80.993098  -71.127890   -0.452    0.110  1
RGI60-03.00149     7.30096   81.168222  -67.987351   -0.298    0.107  1
RGI60-03.00819     7.29501   79.587171  -92.537876   -0.573    0.132  1
RGI60-03.00427     7.29210   79.383811  -77.778055   -0.199    0.121  1
RGI60-03.03365     7.26978   81.572324  -84.584951   -0.312    0.108  1
RGI60-03.03583     7.26737   82.856707  -76.318608   -0.283    0.127  1
RGI60-03.02886     7.25298   82.628322  -74.554115   -0.448    0.126  1
RGI60-03.00370     7.23795   80.651244  -72.218804   -0.159    0.105  1
RGI60-03.00444     7.23767   81.123337  -71.845866   -0.403    0.110  1
RGI60-03.01031     7.23128   78.789606  -91.593139   -0.248    0.129  1
RGI60-03.01992     7.20850   76.516606  -86.115962   -0.321    0.122  1
RGI60-03.00744     7.18660   79.713552  -72.099381   -0.409    0.125  1
RGI60-03.02690     7.18100   81.816528  -78.315812   -0.440    0.112  1
RGI60-03.03964     7.18043   82.079912  -85.352609   -0.469    0.120  1
RGI60-03.00886     7.17795   79.337656  -88.703475   -0.488    0.116  1
RGI60-03.01575     7.16641   76.542621  -78.537969   -0.608    0.132  1
RGI60-03.00298     7.16549   80.288033  -73.728930   -0.028    0.116  1
RGI60-03.02989     7.12854   81.391623  -75.155071   -0.562    0.122  1
RGI60-03.02820     7.11416   82.419374  -68.483402   -0.475    0.120  1
RGI60-03.01824     7.09313   77.096689  -83.119183   -0.419    0.139  1
RGI60-03.00310     7.06992   80.287150  -72.348797   -0.453    0.115  1
RGI60-03.01980     7.05726   76.959828  -83.850738   -0.553    0.142  1
RGI60-03.01761     7.03218   77.973341  -77.715237   -0.377    0.121  1
RGI60-03.01478     7.01779   76.307423  -89.742678   -0.813    0.147  1
RGI60-03.01638     7.00644   78.768582  -78.713314   -0.285    0.123  1
RGI60-03.03826     6.99431   81.960582  -82.596913   -0.447    0.113  1
RGI60-03.00013     6.95619   81.129007  -68.793387   -0.457    0.111  1
RGI60-03.00738     6.95453   81.038361  -69.661313   -0.474    0.112  1
RGI60-03.00023     6.95143   80.945358  -70.359951   -0.430    0.110  1
RGI60-03.00901     6.95064   79.205759  -88.471029   -0.339    0.113  1
RGI60-03.02954     6.94028   81.190286  -77.433257   -0.505    0.113  1
RGI60-03.01609     6.93825   77.205428  -80.473525   -0.393    0.130  1
RGI60-03.01280     6.91177   79.563523  -93.471643   -0.539    0.118  1
RGI60-03.00849     6.90992   79.462840  -91.316721   -0.572    0.129  1
RGI60-03.02991     6.90437   81.395459  -75.370772   -0.618    0.125  1
RGI60-03.00698     6.89814   76.482884  -82.763783   -0.228    0.119  1
RGI60-03.03649     6.89443   82.849713  -79.422963   -0.130    0.123  1
RGI60-03.02486     6.85660   74.542922  -81.661735   -0.868    0.188  1
RGI60-03.01577     6.85034   76.516162  -78.519689   -0.565    0.135  1
RGI60-03.00021     6.83338   80.984685  -70.294763   -0.467    0.111  1
RGI60-03.01672     6.83021   77.363731  -78.589261   -0.607    0.123  1
RGI60-03.02673     6.82195   82.764536  -72.019257   -0.066    0.123  1
RGI60-03.04416     6.81431   80.662758  -84.444559   -0.434    0.113  1
RGI60-03.01204     6.81146   81.298416  -93.118600   -0.453    0.116  1
RGI60-03.03643     6.79720   82.846480  -79.062650   -0.358    0.128  1
RGI60-03.02282     6.77935   76.598446  -89.196163   -0.454    0.134  1
RGI60-03.00037     6.77886   80.711706  -71.421679   -0.438    0.112  1
RGI60-03.03361     6.77649   81.208848  -84.070775   -0.417    0.116  1
RGI60-03.00232     6.75045   79.729675  -75.616750   -0.318    0.116  1
RGI60-03.02210     6.74821   78.380040  -85.370672   -0.505    0.132  1
RGI60-03.00508     6.72976   79.733327  -75.317738   -0.316    0.116  1
RGI60-03.01948     6.72867   77.000145  -85.190089   -0.384    0.138  1
RGI60-03.02147     6.72540   79.138696  -79.234315   -0.218    0.126  1
RGI60-03.02363     6.71945   74.699997  -86.274139   -0.269    0.114  1
RGI60-03.01486     6.71777   77.214128  -79.578211   -0.356    0.113  1
RGI60-03.01000     6.69085   78.521590  -90.373192   -0.755    0.143  1
RGI60-03.03789     6.67088   81.843478  -86.502183   -0.539    0.120  1
RGI60-03.01703     6.66723   78.119583  -75.740032   -0.611    0.121  1
RGI60-03.01236     6.66368   80.451249  -95.201740   -0.429    0.127  1
RGI60-03.01773     6.65488   78.893179  -76.690786   -0.171    0.123  1
RGI60-03.01969     6.64756   76.809521  -88.035783   -0.731    0.138  1
RGI60-03.01945     6.63493   77.031836  -84.832977   -0.650    0.144  1
RGI60-03.02272     6.62180   76.665197  -89.275663   -0.425    0.134  1
RGI60-03.02933     6.60572   81.550498  -75.219028   -0.372    0.116  1
RGI60-03.01279     6.58324   79.577791  -93.448887   -0.624    0.124  1
RGI60-03.03644     6.58321   82.868459  -79.182859   -0.304    0.127  1
RGI60-03.00967     6.57106   78.943172  -89.945460   -0.745    0.145  1
RGI60-03.03888     6.54725   81.737077  -91.245414   -0.258    0.113  1
RGI60-03.04400     6.54000   80.797733  -82.728403   -0.510    0.116  1
RGI60-03.04545     6.53982   76.269409  -90.251879   -0.758    0.148  1
RGI60-03.04330     6.53511   80.857100  -84.644792   -0.577    0.122  1
RGI60-03.02977     6.52507   81.285264  -76.973347   -0.437    0.114  1
RGI60-03.00219     6.51807   79.589390  -75.411425   -0.487    0.130  1
RGI60-03.02671     6.51433   82.510428  -79.107211   -0.366    0.128  1
RGI60-03.03123     6.50724   81.368139  -86.129600   -0.648    0.131  1
RGI60-03.00202     6.50713   79.758605  -76.424189   -0.356    0.118  1
RGI60-03.04198     6.49665   82.927821  -71.873372   -0.329    0.135  1
RGI60-03.00465     6.49036   79.416797  -77.511607   -0.381    0.124  1
RGI60-03.04061     6.48910   83.084253  -70.446915   -0.693    0.429  1
RGI60-03.04014     6.48705   82.989546  -72.683829   -0.270    0.180  1
RGI60-03.00050     6.48181   80.610717  -70.238660   -0.370    0.110  1
RGI60-03.03366     6.46976   81.396459  -77.796917   -0.195    0.108  1
RGI60-03.03962     6.44598   82.175202  -85.281550   -0.430    0.117  1
RGI60-03.01882     6.44498   76.527548  -86.043485   -0.306    0.130  1
RGI60-03.00938     6.44135   78.873948  -89.098221   -0.579    0.139  1
RGI60-03.01368     6.43501   80.381011  -93.321216   -0.479    0.128  1
RGI60-03.03364     6.43101   81.467106  -84.291696   -0.665    0.125  1
RGI60-03.01871     6.42759   76.727216  -87.286632   -0.806    0.150  1
RGI60-03.01394     6.40391   79.653977  -93.305088   -0.476    0.119  1
RGI60-03.01701     6.40299   78.091982  -75.699885   -0.749    0.127  1
RGI60-03.00248     6.40018   81.168527  -67.680779   -0.364    0.111  1
RGI60-03.01308     6.39455   78.778673  -92.132174   -0.478    0.127  1
RGI60-03.00816     6.37539   79.528323  -92.435392   -0.664    0.136  1
RGI60-03.00031     6.37393   80.841301  -70.823329   -0.216    0.107  1
RGI60-03.03117     6.33672   81.421675  -85.049109   -0.494    0.133  1
RGI60-03.01384     6.33660   80.089589  -91.064141   -0.109    0.111  1
RGI60-03.03952     6.32939   82.219669  -83.570236   -0.213    0.110  1
RGI60-03.01568     6.31988   76.657097  -81.161434   -0.173    0.126  1
RGI60-03.01614     6.31722   76.808569  -78.845083   -0.240    0.111  1
RGI60-03.00498     6.27656   79.664381  -74.980216   -0.394    0.128  1
RGI60-03.02806     6.25592   82.588933  -80.216711   -0.300    0.127  1
RGI60-03.00168     6.24800   79.772714  -80.521021   -0.687    0.155  1
RGI60-03.02838     6.24167   82.091778  -79.814461   -0.381    0.116  1
RGI60-03.04541     6.22334   76.343723  -90.410725   -0.870    0.158  1
RGI60-03.01256     6.21682   80.049606  -93.728535   -0.471    0.119  1
RGI60-03.02674     6.21247   81.598645  -77.302422   -0.427    0.116  1
RGI60-03.02528     6.20288   82.561023  -72.817068   -0.468    0.130  1
RGI60-03.03316     6.19786   81.210464  -84.188754   -0.527    0.123  1
RGI60-03.01716     6.18651   78.269670  -76.475008   -0.547    0.132  1
RGI60-03.04393     6.17852   81.124742  -81.403703   -0.421    0.116  1
RGI60-03.02437     6.17018   75.773592  -81.430475   -0.048    0.138  1
RGI60-03.00105     6.16852   80.921066  -75.271812   -0.402    0.114  1
RGI60-03.01944     6.16252   77.045293  -84.745877   -0.467    0.146  1
RGI60-03.03372     6.14740   81.955898  -80.242133   -0.212    0.112  1
RGI60-03.02447     6.10607   75.634456  -81.162322   -0.162    0.141  1
RGI60-03.01515     6.09247   77.108808  -80.412588   -0.274    0.129  1
RGI60-03.00564     6.06745   79.746112  -73.976124   -0.370    0.128  1
RGI60-03.03956     6.04570   82.200432  -83.419335   -0.231    0.111  1
RGI60-03.00415     6.04569   80.996244  -67.583688   -0.548    0.120  1
RGI60-03.01528     6.03164   76.983970  -79.502569   -0.303    0.116  1
RGI60-03.04331     6.02637   80.884865  -85.458332   -0.441    0.115  1
RGI60-03.04255     6.02342   80.761628  -85.355871   -0.560    0.119  1
RGI60-03.03014     6.01441   81.565598  -77.763396   -0.381    0.116  1
RGI60-03.00431     6.01325   79.437251  -77.966995   -0.395    0.123  1
RGI60-03.04334     6.00031   80.887128  -84.876811   -0.440    0.115  1
RGI60-03.01623     5.99296   81.956079  -64.173942   -0.364    0.116  1
RGI60-03.01917     5.99079   76.752218  -84.450011   -0.202    0.139  1
RGI60-03.00292     5.98987   80.216813  -72.978811   -0.332    0.116  1
RGI60-03.00883     5.98936   79.290930  -89.368383   -0.386    0.125  1
RGI60-03.01844     5.97434   76.464698  -84.518823   -0.486    0.144  1
RGI60-03.03367     5.97400   81.331117  -78.548170   -0.408    0.112  1
RGI60-03.03515     5.97128   82.648722  -77.525928   -0.306    0.127  1
RGI60-03.01767     5.97026   78.824379  -76.959303   -0.206    0.124  1
RGI60-03.00214     5.97005   79.616982  -75.878584   -0.493    0.124  1
RGI60-03.00495     5.95066   79.637527  -74.973078   -0.346    0.128  1
RGI60-03.01259     5.94887   79.677386  -95.521592   -0.483    0.119  1
RGI60-03.01238     5.94502   80.451617  -95.076579   -0.502    0.129  1
RGI60-03.03806     5.93453   81.927801  -85.152488   -0.436    0.118  1
RGI60-03.03203     5.93241   81.579759  -85.840215   -0.428    0.120  1
RGI60-03.01640     5.92920   78.792941  -78.523403   -0.116    0.123  1
RGI60-03.01916     5.92690   76.845395  -86.742618   -0.481    0.149  1
RGI60-03.03415     5.91743   81.603895  -85.389149   -0.449    0.119  1
RGI60-03.01203     5.91206   81.276202  -93.595107   -0.285    0.127  1
RGI60-03.00785     5.90848   79.270049  -78.457228   -0.135    0.135  1
RGI60-03.02373     5.90746   74.628932  -83.854789   -0.266    0.162  1
RGI60-03.02068     5.90000   79.303160  -80.443529   -0.526    0.140  1
RGI60-03.01655     5.89461   79.006028  -78.772614   -0.356    0.129  1
RGI60-03.00484     5.87625   79.560815  -75.438124   -0.407    0.129  1
RGI60-03.00835     5.86832   79.687968  -89.618805   -0.326    0.128  1
RGI60-03.02169     5.85571   79.114181  -82.057666   -0.624    0.132  1
RGI60-03.03779     5.85160   81.995342  -81.162806   -0.335    0.114  1
RGI60-03.03965     5.82709   82.151146  -85.448731   -0.364    0.115  1
RGI60-03.01439     5.77358   76.010573  -79.206470   -0.661    0.158  1
RGI60-03.02312     5.76305   75.312139  -85.089074   -0.549    0.141  1
RGI60-03.01195     5.76234   80.280287  -92.813238   -0.335    0.126  1
RGI60-03.00339     5.75951   80.413770  -71.280263   -0.236    0.110  1
RGI60-03.00198     5.74084   79.770871  -76.077174   -0.306    0.119  1
RGI60-03.00870     5.73708   79.509311  -89.028141   -0.483    0.121  1
RGI60-03.01192     5.73678   80.864241  -92.497345   -0.437    0.129  1
RGI60-03.01770     5.73341   78.924420  -76.331058   -0.121    0.124  1
RGI60-03.02932     5.72089   81.606804  -75.914701   -0.479    0.132  1
RGI60-03.00111     5.71704   81.027256  -68.141696   -0.203    0.109  1
RGI60-03.03848     5.71225   81.942741  -86.075322   -0.448    0.119  1
RGI60-03.02802     5.71100   82.033629  -71.345204   -0.519    0.126  1
RGI60-03.04020     5.70306   83.034986  -72.866066    0.262    0.387  1
RGI60-03.01898     5.69136   76.745725  -85.150667   -0.414    0.139  1
RGI60-03.02961     5.68829   81.137755  -77.655765   -0.477    0.117  1
RGI60-03.02879     5.66325   82.423749  -75.030009   -0.274    0.128  1
RGI60-03.00062     5.66235   80.451813  -69.622686   -0.486    0.123  1
RGI60-03.00211     5.65406   79.621613  -76.226257   -0.503    0.124  1
RGI60-03.00530     5.65273   79.616003  -74.536075   -0.500    0.134  1
RGI60-03.01193     5.65214   80.786724  -92.952833   -0.491    0.130  1
RGI60-03.03527     5.65053   82.662450  -77.637736   -0.317    0.127  1
RGI60-03.01351     5.65034   78.750722  -88.505388   -0.549    0.139  1
RGI60-03.00478     5.64889   79.577175  -76.435994   -0.302    0.119  1
RGI60-03.01037     5.64132   78.654065  -91.515481   -0.417    0.132  1
RGI60-03.00473     5.63289   79.548899  -76.901103   -0.387    0.121  1
RGI60-03.01383     5.62947   80.115082  -91.073592   -0.259    0.116  1
RGI60-03.01698     5.61627   78.008709  -75.860664   -0.741    0.133  1
RGI60-03.01325     5.61520   78.351315  -89.889146   -0.629    0.141  1
RGI60-03.02669     5.61417   81.976537  -71.670234   -0.509    0.122  1
RGI60-03.01005     5.61313   78.440530  -90.657519   -0.788    0.146  1
RGI60-03.01669     5.60433   77.965528  -77.109321   -0.598    0.135  1
RGI60-03.02970     5.60417   81.270923  -76.486553   -0.518    0.118  1
RGI60-03.01756     5.59425   77.306827  -80.100095   -0.518    0.139  1
RGI60-03.00321     5.58961   80.332988  -71.803057   -0.389    0.117  1
RGI60-03.00668     5.58760   79.757698  -72.512296   -0.248    0.126  1
RGI60-03.01627     5.56913   78.887819  -77.837990   -0.192    0.125  1
RGI60-03.00199     5.56357   79.763435  -76.232303   -0.343    0.120  1
RGI60-03.01579     5.56168   76.510343  -78.444183   -0.516    0.137  1
RGI60-03.03936     5.55870   82.081523  -85.599629   -0.429    0.126  1
RGI60-03.00284     5.55591   81.086975  -68.226597   -0.317    0.112  1
RGI60-03.03950     5.51794   82.251677  -82.822684   -0.279    0.113  1
RGI60-03.00468     5.51701   79.333225  -78.122072   -0.427    0.136  1
RGI60-03.00964     5.51535   78.709274  -89.858273   -0.397    0.135  1
RGI60-03.04329     5.51134   80.888497  -83.395474   -0.495    0.121  1
RGI60-03.03907     5.50611   81.876593  -87.970659   -0.485    0.117  1
RGI60-03.00543     5.49556   79.620932  -74.207975   -0.443    0.132  1
RGI60-03.01994     5.49270   76.541461  -86.111038   -0.608    0.141  1
RGI60-03.00749     5.49216   81.022687  -69.749244   -0.506    0.117  1
RGI60-03.01033     5.49017   78.700581  -91.707793   -0.674    0.142  1
RGI60-03.01929     5.48887   76.759014  -84.106001   -0.394    0.142  1
RGI60-03.03990     5.48415   82.064096  -85.198858   -0.530    0.128  1
RGI60-03.04397     5.47975   80.733595  -81.134974   -0.377    0.116  1
RGI60-03.01240     5.47056   80.307399  -95.816830   -0.503    0.130  1
RGI60-03.01921     5.45883   76.775228  -84.186998   -0.351    0.139  1
RGI60-03.01727     5.45312   78.373328  -75.235682   -0.569    0.125  1
RGI60-03.02988     5.44949   81.389992  -75.013987   -0.524    0.125  1
RGI60-03.00927     5.44173   78.950405  -88.740494   -0.522    0.120  1
RGI60-03.01316     5.43980   80.237332  -91.827704   -0.347    0.117  1
RGI60-03.01780     5.43476   78.955610  -77.461066   -0.358    0.129  1
RGI60-03.01022     5.43151   78.341514  -91.212506   -0.870    0.150  1
RGI60-03.03363     5.42168   81.841695  -81.738441   -0.325    0.115  1
RGI60-03.00018     5.39480   80.905058  -69.830672   -0.384    0.113  1
RGI60-03.01199     5.38437   79.408454  -93.641935   -0.627    0.135  1
RGI60-03.01356     5.37767   78.798569  -88.614023   -0.877    0.145  1
RGI60-03.02927     5.36715   81.206670  -76.598090   -0.406    0.115  1
RGI60-03.01771     5.35716   78.915738  -76.482034   -0.382    0.133  1
RGI60-03.00390     5.34420   79.469180  -80.076962   -0.546    0.141  1
RGI60-03.01370     5.34156   79.848427  -93.876232   -0.553    0.126  1
RGI60-03.00336     5.33823   80.458138  -71.548879   -0.224    0.111  1
RGI60-03.02854     5.32041   82.596895  -80.051231   -0.274    0.127  1
RGI60-03.01985     5.29719   77.026016  -83.331191   -0.590    0.151  1
RGI60-03.01213     5.28625   80.883823  -93.760536   -0.560    0.135  1
RGI60-03.03846     5.25826   81.953330  -85.907995   -0.540    0.124  1
RGI60-03.00412     5.25139   79.334104  -78.615501   -0.308    0.121  1
RGI60-03.00841     5.24703   80.522259  -92.804385   -0.262    0.126  1
RGI60-03.00732     5.23478   79.788210  -72.211204   -0.335    0.128  1
RGI60-03.01930     5.22963   76.781497  -84.094814   -0.313    0.141  1
RGI60-03.01661     5.21853   77.313036  -79.174208   -0.270    0.118  1
RGI60-03.03112     5.21759   81.458635  -85.639972   -0.416    0.139  1
RGI60-03.01582     5.21553   76.490214  -78.509051   -0.670    0.140  1
RGI60-03.02205     5.20541   78.419699  -84.008838   -0.453    0.138  1
RGI60-03.01009     5.17519   78.501920  -91.461951   -0.641    0.147  1
RGI60-03.00850     5.16820   79.553996  -90.339145   -0.278    0.125  1
RGI60-03.01936     5.16698   76.839251  -84.020221   -0.591    0.150  1
RGI60-03.01355     5.16051   78.784915  -88.493595   -0.695    0.143  1
RGI60-03.01125     5.15490   80.335111  -93.746291   -0.545    0.132  1
RGI60-03.00482     5.15023   79.546084  -76.498620   -0.480    0.127  1
RGI60-03.00379     5.14769   79.652353  -77.795978   -0.617    0.128  1
RGI60-03.04068     5.13772   83.089586  -70.772489   -0.262    0.268  1
RGI60-03.00134     5.13253   80.481359  -77.970479   -0.493    0.133  1
RGI60-03.01526     5.13021   76.994630  -79.447047   -0.224    0.116  1
RGI60-03.04376     5.12818   80.915322  -84.591476   -0.557    0.121  1
RGI60-03.03248     5.12199   81.709206  -86.711136   -0.460    0.123  1
RGI60-03.01671     5.12087   77.369770  -78.653618   -0.563    0.127  1
RGI60-03.00326     5.11981   80.406016  -71.759177   -0.384    0.116  1
RGI60-03.00001     5.11935   81.023716  -68.030237   -0.430    0.116  1
RGI60-03.01058     5.11730   80.345596  -94.060415   -0.486    0.128  1
RGI60-03.02676     5.10157   81.919715  -72.240009   -0.477    0.122  1
RGI60-03.00741     5.09689   79.727475  -72.265208   -0.407    0.131  1
RGI60-03.03516     5.09398   82.662808  -77.341728   -0.432    0.131  1
RGI60-03.02812     5.09193   82.669118  -69.514158   -0.393    0.135  1
RGI60-03.00087     5.08949   80.861017  -69.505237   -0.395    0.114  1
RGI60-03.01302     5.08888   78.842103  -92.949887   -0.507    0.130  1
RGI60-03.00834     5.08305   79.705642  -89.595685   -0.351    0.130  1
RGI60-03.00078     5.07549   80.700662  -69.185473   -0.260    0.112  1
RGI60-03.02992     5.07166   81.393248  -75.263489   -0.622    0.131  1
RGI60-03.01220     5.07031   80.559041  -93.409757   -0.371    0.129  1
RGI60-03.01932     5.04243   76.817342  -84.212776   -0.332    0.146  1
RGI60-03.03604     5.03446   82.900458  -76.468034   -0.344    0.132  1
RGI60-03.01254     5.02734   80.063699  -93.806297   -0.421    0.120  1
RGI60-03.01938     5.02498   76.806286  -86.681923   -0.542    0.148  1
RGI60-03.00311     5.00981   80.303251  -72.176941   -0.353    0.116  1
RGI60-03.03685     5.00375   82.590146  -65.691860   -0.411    0.131  1
RGI60-03.00120     5.00362   80.554155  -77.584081   -0.491    0.124  1
RGI60-03.01493     4.99702   77.195280  -79.862694   -0.222    0.124  1
RGI60-03.00571     4.99153   79.747791  -73.876518   -0.420    0.133  1
RGI60-03.00230     4.95656   79.707662  -75.529987   -0.299    0.121  1
RGI60-03.00646     4.94204   80.029536  -71.337920   -0.539    0.127  1
RGI60-03.02963     4.92056   81.148685  -77.529648   -0.488    0.120  1
RGI60-03.02043     4.90000   80.118447  -80.976906   -0.452    0.126  1
RGI60-03.04490     4.89839   82.316676  -67.679731   -0.222    0.119  1
RGI60-03.03855     4.89201   81.935298  -85.961106   -0.398    0.119  1
RGI60-03.01217     4.88960   80.311988  -93.378892   -0.459    0.133  1
RGI60-03.01911     4.88752   76.724439  -84.511474   -0.483    0.149  1
RGI60-03.00562     4.88296   79.757724  -74.647906   -0.271    0.120  1
RGI60-03.00865     4.88048   79.518384  -90.085310   -0.310    0.129  1
RGI60-03.02972     4.87864   81.304703  -75.983906   -0.446    0.120  1
RGI60-03.01864     4.87454   76.433046  -83.310879   -0.043    0.129  1
RGI60-03.01197     4.85036   79.865408  -95.676388   -0.476    0.138  1
RGI60-03.00077     4.84812   80.676449  -69.235770   -0.251    0.112  1
RGI60-03.01252     4.84705   80.083383  -93.866597   -0.358    0.120  1
RGI60-03.03368     4.83706   81.415957  -77.501410   -0.254    0.115  1
RGI60-03.01297     4.83330   79.038209  -91.451671   -0.235    0.118  1
RGI60-03.02573     4.83223   82.560207  -75.536818   -0.377    0.133  1
RGI60-03.03074     4.82443   81.386196  -87.273810   -0.577    0.142  1
RGI60-03.02175     4.82331   78.824201  -76.633602   -0.275    0.129  1
RGI60-03.03971     4.80910   82.143569  -85.935207   -0.432    0.126  1
RGI60-03.00654     4.80691   80.046370  -71.093182   -0.476    0.123  1
RGI60-03.00963     4.80670   80.319884  -92.067475   -0.353    0.121  1
RGI60-03.00502     4.80469   79.724412  -74.986872   -0.427    0.125  1
RGI60-03.01787     4.80134   77.341106  -80.086346   -0.289    0.131  1
RGI60-03.01525     4.77940   77.005377  -79.404461   -0.056    0.115  1
RGI60-03.02099     4.77938   76.802879  -83.185656    0.238    0.153  1
RGI60-03.00403     4.77785   79.218204  -79.323514   -0.388    0.131  1
RGI60-03.02929     4.77522   81.546641  -76.521234   -0.569    0.123  1
RGI60-03.02819     4.76778   82.486723  -68.792414   -0.557    0.130  1
RGI60-03.01200     4.76246   78.839739  -88.559814   -0.531    0.131  1
RGI60-03.03008     4.75774   81.237194  -79.232379   -0.573    0.121  1
RGI60-03.03684     4.74993   82.599529  -65.535407   -0.419    0.132  1
RGI60-03.02384     4.71974   74.671169  -89.402910   -0.093    0.128  1
RGI60-03.01858     4.71128   76.591697  -87.256650   -0.550    0.135  1
RGI60-03.03519     4.70589   82.638415  -77.395238   -0.246    0.130  1
RGI60-03.00039     4.70368   80.664781  -71.596389   -0.606    0.124  1
RGI60-03.04382     4.70359   81.014659  -84.347896   -0.359    0.118  1
RGI60-03.01445     4.69909   76.048898  -78.916419   -0.353    0.138  1
RGI60-03.01971     4.69844   76.379529  -85.636693   -0.481    0.145  1
RGI60-03.02685     4.69490   82.491923  -79.630176   -0.298    0.128  1
RGI60-03.00503     4.68426   81.030957  -69.077311   -0.431    0.117  1
RGI60-03.03702     4.68394   82.515914  -67.895430   -0.578    0.129  1
RGI60-03.04402     4.68302   80.625479  -84.661269   -0.470    0.121  1
RGI60-03.00660     4.67187   79.740692  -72.816604   -0.503    0.134  1
RGI60-03.00487     4.67071   79.534232  -75.488970   -0.436    0.134  1
RGI60-03.01991     4.66167   77.018098  -83.421183   -0.480    0.153  1
RGI60-03.01700     4.65913   78.081407  -75.785240   -0.639    0.127  1
RGI60-03.03710     4.65711   82.490627  -65.485444   -0.439    0.133  1
RGI60-03.02952     4.64927   81.528582  -76.426265   -0.521    0.123  1
RGI60-03.02454     4.64901   75.613401  -80.878292   -0.400    0.161  1
RGI60-03.01734     4.63455   78.465560  -76.860962   -0.080    0.120  1
RGI60-03.00304     4.63274   80.330597  -72.648652   -0.333    0.118  1
RGI60-03.02990     4.62765   81.390913  -75.495788   -0.514    0.128  1
RGI60-03.00476     4.62554   79.582531  -76.581423   -0.480    0.126  1
RGI60-03.01877     4.61994   76.948666  -82.059510    0.020    0.133  1
RGI60-03.01030     4.61761   80.270566  -92.169632   -0.283    0.118  1
RGI60-03.00474     4.61097   79.536256  -76.837139   -0.366    0.125  1
RGI60-03.00026     4.61087   80.908917  -70.385751   -0.255    0.113  1
RGI60-03.01251     4.60143   80.099960  -93.808546   -0.467    0.126  1
RGI60-03.03792     4.59543   81.831977  -86.582437   -0.489    0.123  1
RGI60-03.02834     4.59501   81.923599  -79.253160   -0.301    0.116  1
RGI60-03.00377     4.59322   79.678189  -77.493152   -0.667    0.132  1
RGI60-03.00056     4.59167   80.510370  -69.612801   -0.498    0.132  1
RGI60-03.00469     4.58312   79.223190  -79.685667   -0.252    0.121  1
RGI60-03.03795     4.58113   81.889823  -85.643580   -0.478    0.121  1
RGI60-03.00572     4.57877   79.744633  -73.795873   -0.311    0.132  1
RGI60-03.03714     4.57462   82.591776  -66.178686   -0.319    0.130  1
RGI60-03.03816     4.56656   82.035982  -82.280864   -0.436    0.124  1
RGI60-03.02387     4.56434   74.612399  -84.716027   -0.180    0.130  1
RGI60-03.03091     4.55110   81.385347  -85.475948   -0.361    0.124  1
RGI60-03.01702     4.54860   78.114410  -75.648194   -0.566    0.124  1
RGI60-03.03090     4.54857   81.343605  -85.691316   -0.529    0.123  1
RGI60-03.01366     4.54789   79.956925  -93.654212   -0.399    0.123  1
RGI60-03.00808     4.54001   80.532894  -93.464987   -0.472    0.134  1
RGI60-03.01271     4.53807   79.647198  -93.692849   -0.610    0.132  1
RGI60-03.01198     4.53783   79.838877  -94.830469   -0.430    0.123  1
RGI60-03.04474     4.52823   82.623712  -80.194349   -0.421    0.136  1
RGI60-03.02381     4.52466   74.618386  -84.856945   -0.412    0.138  1
RGI60-03.02089     4.50197   76.742393  -82.821006   -0.125    0.133  1
RGI60-03.00801     4.49500   80.907856  -68.960222   -0.274    0.114  1
RGI60-03.03741     4.48532   81.532838  -89.598236   -0.477    0.127  1
RGI60-03.02517     4.46841   82.519880  -72.918269   -0.419    0.134  1
RGI60-03.02238     4.46355   77.609965  -82.479523   -0.315    0.117  1
RGI60-03.04503     4.45637   81.942361  -72.306377   -0.288    0.122  1
RGI60-03.02682     4.43297   82.060845  -71.396371   -0.316    0.121  1
RGI60-03.00797     4.42895   80.912011  -68.812147   -0.530    0.123  1
RGI60-03.01196     4.42792   80.032787  -94.124475   -0.393    0.122  1
RGI60-03.00012     4.42289   80.983639  -69.934589   -0.265    0.114  1
RGI60-03.01968     4.42033   76.807141  -88.113014   -0.558    0.145  1
RGI60-03.03934     4.39408   81.670417  -90.923463   -0.449    0.123  1
RGI60-03.01234     4.38988   80.466962  -94.944511   -0.542    0.136  1
RGI60-03.00628     4.37850   79.903074  -71.922144   -0.553    0.128  1
RGI60-03.00360     4.37763   80.510290  -70.951844   -0.482    0.123  1
RGI60-03.02432     4.36275   75.788472  -81.628482   -0.214    0.145  1
RGI60-03.01440     4.36224   76.068548  -79.090245   -0.359    0.147  1
RGI60-03.02686     4.35274   81.877329  -72.730933   -0.479    0.127  1
RGI60-03.01995     4.34590   81.355031  -69.232122   -0.287    0.119  1
RGI60-03.01862     4.33839   76.318358  -84.904054   -0.437    0.149  1
RGI60-03.01244     4.33597   80.135422  -94.002887   -0.428    0.134  1
RGI60-03.03929     4.33289   81.703296  -90.870651   -0.356    0.122  1
RGI60-03.01937     4.33060   76.852524  -84.016572   -0.566    0.153  1
RGI60-03.00529     4.32793   79.625294  -74.617615   -0.638    0.141  1
RGI60-03.00063     4.31295   80.431737  -69.691087   -0.387    0.119  1
RGI60-03.01321     4.31135   78.294626  -90.989077   -0.667    0.145  1
RGI60-03.02105     4.30937   76.871932  -83.226331   -0.473    0.157  1
RGI60-03.00581     4.30578   80.989617  -69.391961   -0.320    0.115  1
RGI60-03.00242     4.30564   79.905433  -74.831927   -0.332    0.124  1
RGI60-03.00904     4.30014   79.146988  -88.653610   -0.342    0.119  1
RGI60-03.02684     4.28617   82.503986  -74.660966   -0.385    0.133  1
RGI60-03.01496     4.27438   77.180282  -79.898222   -0.145    0.122  1
RGI60-03.02202     4.27398   78.443634  -83.502119   -0.539    0.141  1
RGI60-03.01979     4.27121   76.964900  -83.776240   -0.394    0.146  1
RGI60-03.03790     4.24427   81.852437  -86.385531   -0.568    0.130  1
RGI60-03.02216     4.24160   78.275932  -85.537410   -0.450    0.139  1
RGI60-03.03909     4.23766   81.869316  -87.051732   -0.683    0.134  1
RGI60-03.02231     4.23637   78.006738  -84.672143   -0.571    0.149  1
RGI60-03.00470     4.23090   81.059764  -69.346671   -0.126    0.114  1
RGI60-03.03369     4.22891   81.364841  -78.195001   -0.302    0.117  1
RGI60-03.00234     4.21989   79.724089  -75.823946   -0.210    0.121  1
RGI60-03.02993     4.21303   81.387255  -75.638165   -0.569    0.134  1
RGI60-03.01851     4.21119   76.475730  -87.641777   -0.671    0.142  1
RGI60-03.00667     4.20464   79.779460  -72.625211   -0.395    0.133  1
RGI60-03.02920     4.20429   81.577102  -74.485966   -0.427    0.124  1
RGI60-03.03407     4.20009   81.156800  -83.778182   -0.512    0.125  1
RGI60-03.04429     4.19697   80.799140  -82.457375   -0.414    0.121  1
RGI60-03.01648     4.19481   78.993680  -77.967194   -0.305    0.144  1
RGI60-03.01583     4.19101   76.477160  -78.459671   -0.373    0.135  1
RGI60-03.01336     4.18632   78.418820  -89.193128   -0.658    0.153  1
RGI60-03.03371     4.18588   81.415520  -77.582878   -0.217    0.115  1
RGI60-03.04475     4.17611   82.572140  -80.280097   -0.344    0.134  1
RGI60-03.01513     4.16771   77.127874  -80.077827   -0.250    0.119  1
RGI60-03.04536     4.16541   82.876847  -80.307494   -0.151    0.132  1
RGI60-03.00349     4.15669   80.437644  -70.849314   -0.403    0.120  1
RGI60-03.03026     4.14939   81.188170  -79.084524   -0.488    0.120  1
RGI60-03.01365     4.14549   79.933422  -94.211831   -0.456    0.124  1
RGI60-03.01747     4.14047   78.775634  -75.033611   -0.539    0.137  1
RGI60-03.00334     4.13445   80.494479  -71.765965   -0.389    0.119  1
RGI60-03.04342     4.13089   81.036577  -83.627698   -0.368    0.119  1
RGI60-03.03376     4.12003   81.818070  -82.197688   -0.493    0.127  1
RGI60-03.00176     4.10944   79.758393  -79.963879   -0.449    0.147  1
RGI60-03.03453     4.10781   82.557852  -81.212414   -0.522    0.140  1
RGI60-03.02278     4.10676   76.620612  -88.947078   -0.584    0.139  1
RGI60-03.02675     4.09699   82.041627  -79.138187   -0.105    0.116  1
RGI60-03.00643     4.09694   80.016273  -71.456084   -0.370    0.122  1
RGI60-03.00708     4.09312   76.295985  -91.112752   -0.341    0.143  1
RGI60-03.01878     4.07872   76.636508  -84.754455   -0.362    0.154  1
RGI60-03.00182     4.07758   79.777872  -79.209027   -0.345    0.144  1
RGI60-03.00694     4.06786   76.419001  -82.698934   -0.455    0.131  1
RGI60-03.01495     4.06702   77.196651  -80.774280   -0.435    0.139  1
RGI60-03.00357     4.06165   80.455730  -71.241662   -0.344    0.118  1
RGI60-03.00937     4.05708   78.890994  -89.127464   -0.462    0.137  1
RGI60-03.00005     4.05342   80.868747  -69.258512   -0.175    0.114  1
RGI60-03.04063     4.05279   82.968599  -70.568709   -0.404    0.151  1
RGI60-03.01725     4.05022   78.334612  -75.295819   -0.309    0.128  1
RGI60-03.00458     4.04422   79.629821  -77.513819   -0.144    0.121  1
RGI60-03.01519     4.02040   77.067028  -79.188739   -0.238    0.121  1
RGI60-03.04419     4.01772   80.609450  -84.770325   -0.468    0.124  1
RGI60-03.00795     4.00705   80.945433  -69.616903   -0.307    0.117  1
RGI60-03.00890     4.00507   79.290137  -89.267621   -0.368    0.131  1
RGI60-03.00582     4.00215   79.656844  -73.951825   -0.519    0.140  1
RGI60-03.00579     4.00127   79.664000  -73.876536   -0.438    0.138  1
RGI60-03.04481     4.00042   82.201601  -80.538412   -0.370    0.123  1
RGI60-03.02678     3.99960   82.512824  -70.417544   -0.446    0.130  1
RGI60-03.03535     3.98905   82.838173  -77.363580   -0.387    0.138  1
RGI60-03.01201     3.98819   78.707648  -88.492880   -0.491    0.143  1
RGI60-03.00703     3.98519   76.602465  -82.705486   -0.168    0.135  1
RGI60-03.03897     3.98183   81.868732  -86.956735   -0.727    0.138  1
RGI60-03.03370     3.97023   81.757497  -84.529094   -0.509    0.128  1
RGI60-03.00461     3.96674   79.654711  -77.548659   -0.262    0.123  1
RGI60-03.02945     3.96515   81.487972  -75.150374   -0.400    0.126  1
RGI60-03.02688     3.96405   82.115857  -69.741412   -0.507    0.131  1
RGI60-03.00935     3.95465   78.878540  -88.668323   -0.383    0.120  1
RGI60-03.00888     3.95450   79.305194  -88.594353   -0.583    0.128  1
RGI60-03.02081     3.95312   76.656400  -81.612175   -0.384    0.136  1
RGI60-03.01986     3.94870   77.045059  -83.406326   -0.495    0.151  1
RGI60-03.00320     3.94346   80.340868  -71.873439   -0.311    0.120  1
RGI60-03.02306     3.94205   76.316872  -91.067672   -0.064    0.140  1
RGI60-03.02689     3.94156   82.605940  -74.742056   -0.445    0.137  1
RGI60-03.02563     3.94004   82.435006  -75.906953   -0.403    0.138  1
RGI60-03.04328     3.93695   80.899737  -82.859175   -0.658    0.143  1
RGI60-03.00958     3.93001   78.954530  -90.393756   -0.676    0.150  1
RGI60-03.02327     3.92619   75.122546  -86.272050   -0.023    0.116  1
RGI60-03.03660     3.92417   82.898888  -79.966449   -0.118    0.132  1
RGI60-03.01908     3.92295   76.689172  -84.965883   -0.509    0.152  1
RGI60-03.02291     3.91356   76.500568  -88.999100   -0.327    0.144  1
RGI60-03.03587     3.91344   82.909175  -76.368339   -0.283    0.135  1
RGI60-03.00965     3.89935   78.692365  -89.858361   -0.466    0.142  1
RGI60-03.03943     3.89868   81.935020  -82.297263   -0.506    0.123  1
RGI60-03.00040     3.89859   80.647480  -71.650122   -0.502    0.123  1
RGI60-03.02949     3.89342   81.476004  -76.224438   -0.494    0.122  1
RGI60-03.00868     3.88858   79.438765  -90.295503   -0.464    0.134  1
RGI60-03.00296     3.87062   80.282702  -73.393079   -0.364    0.122  1
RGI60-03.03885     3.86838   81.645125  -91.214946   -0.716    0.139  1
RGI60-03.04548     3.86402   76.243250  -90.603550   -0.818    0.171  1
RGI60-03.03375     3.86339   81.749561  -84.761928   -0.326    0.124  1
RGI60-03.00273     3.85567   81.136293  -67.904388   -0.400    0.121  1
RGI60-03.01861     3.84449   77.143040  -83.222555   -0.420    0.151  1
RGI60-03.01377     3.83751   79.756819  -93.595553   -0.492    0.129  1
RGI60-03.00073     3.83406   80.706344  -69.562951   -0.342    0.118  1
RGI60-03.01181     3.82923   80.728303  -92.643285   -0.474    0.138  1
RGI60-03.04226     3.82573   82.939639  -72.597464   -0.560    0.150  1
RGI60-03.03403     3.82283   81.210552  -82.893550   -0.497    0.134  1
RGI60-03.01298     3.82082   79.053281  -91.435263   -0.139    0.123  1
RGI60-03.01438     3.81156   75.915384  -79.508358   -0.750    0.169  1
RGI60-03.00464     3.80390   79.485022  -77.252859   -0.452    0.128  1
RGI60-03.00730     3.79818   79.774769  -72.509909   -0.296    0.132  1
RGI60-03.00919     3.79776   80.424649  -92.269487   -0.226    0.131  1
RGI60-03.04480     3.78594   82.202500  -80.670347   -0.390    0.121  1
RGI60-03.02816     3.78393   82.330911  -69.847145   -0.270    0.127  1
RGI60-03.00729     3.78299   79.754718  -72.350173   -0.472    0.137  1
RGI60-03.03754     3.77922   81.552127  -89.417750   -0.417    0.125  1
RGI60-03.04506     3.77778   81.132574  -77.502700   -0.481    0.123  1
RGI60-03.00348     3.77687   80.453270  -70.972740   -0.346    0.119  1
RGI60-03.00007     3.76014   80.863996  -69.324300   -0.136    0.114  1
RGI60-03.00472     3.75530   79.212582  -80.144497   -0.550    0.135  1
RGI60-03.01376     3.75448   79.765702  -93.700070   -0.681    0.136  1
RGI60-03.03520     3.75343   82.628330  -77.571690   -0.244    0.131  1
RGI60-03.01371     3.75274   79.959987  -94.024020   -0.448    0.127  1
RGI60-03.01182     3.74980   80.428757  -94.079418   -0.498    0.140  1
RGI60-03.00454     3.73489   79.548937  -77.345916   -0.381    0.126  1
RGI60-03.00003     3.73311   80.922333  -69.104304   -0.522    0.124  1
RGI60-03.02533     3.72881   81.852888  -72.241535   -0.354    0.123  1
RGI60-03.00501     3.72141   79.710711  -74.995758   -0.186    0.122  1
RGI60-03.03374     3.72100   81.168805  -84.219858   -0.306    0.119  1
RGI60-03.03882     3.71899   81.624429  -91.242353   -0.611    0.136  1
RGI60-03.01345     3.71764   78.548816  -88.068171   -0.697    0.154  1
RGI60-03.03898     3.70877   81.765236  -87.641223   -0.500    0.127  1
RGI60-03.01040     3.70865   78.679797  -91.939208   -0.751    0.152  1
RGI60-03.02973     3.69456   81.271601  -76.609980   -0.488    0.125  1
RGI60-03.00561     3.69415   79.761513  -74.598526   -0.274    0.125  1
RGI60-03.02818     3.69178   82.424666  -69.364766   -0.483    0.133  1
RGI60-03.01309     3.69114   78.781681  -92.042309   -0.537    0.138  1
RGI60-03.00285     3.68950   80.221009  -73.119171   -0.286    0.122  1
RGI60-03.01721     3.68324   78.319041  -75.722718   -0.212    0.131  1
RGI60-03.00624     3.68222   79.908563  -72.089236   -0.544    0.130  1
RGI60-03.03917     3.67212   81.834422  -88.793920   -0.433    0.125  1
RGI60-03.03603     3.66684   82.880285  -76.537398   -0.055    0.134  1
RGI60-03.01233     3.65129   80.485384  -94.916384   -0.647    0.146  1
RGI60-03.03862     3.64875   81.924191  -86.429122   -0.743    0.139  1
RGI60-03.00244     3.64697   79.897370  -74.609932   -0.208    0.123  1
RGI60-03.01736     3.64007   77.342928  -80.566700   -0.570    0.142  1
RGI60-03.03377     3.63850   81.750500  -84.836135   -0.268    0.121  1
RGI60-03.01913     3.63076   76.697172  -84.517298   -0.504    0.152  1
RGI60-03.03485     3.62481   82.772143  -79.102458   -0.100    0.133  1
RGI60-03.03791     3.62290   81.821747  -86.225985   -0.675    0.138  1
RGI60-03.01186     3.62181   80.286583  -91.718162   -0.314    0.123  1
RGI60-03.01607     3.61558   77.206441  -80.550667   -0.341    0.139  1
RGI60-03.00558     3.61387   79.760761  -74.467597   -0.282    0.125  1
RGI60-03.02289     3.61347   76.509494  -90.044019   -0.327    0.136  1
RGI60-03.02572     3.60903   82.508790  -75.590550   -0.225    0.134  1
RGI60-03.02184     3.60207   78.724895  -87.689535   -0.355    0.126  1
RGI60-03.00221     3.59721   79.607527  -75.415984   -0.384    0.136  1
RGI60-03.03915     3.59605   81.811263  -88.002135   -0.294    0.123  1
RGI60-03.01012     3.59594   78.473960  -91.506424   -0.633    0.152  1
RGI60-03.00684     3.59531   80.288930  -93.770685   -1.104    0.168  1
RGI60-03.04207     3.58810   82.944379  -70.163686   -0.447    0.152  1
RGI60-03.02983     3.58468   81.396837  -74.653798   -0.500    0.128  1
RGI60-03.01642     3.58429   77.325902  -79.488219   -0.341    0.128  1
RGI60-03.01249     3.58324   80.100966  -94.211045   -0.367    0.129  1
RGI60-03.00169     3.57918   79.766755  -80.425342   -0.536    0.160  1
RGI60-03.03243     3.57440   81.680583  -86.686826   -0.466    0.126  1
RGI60-03.00911     3.57314   79.112761  -89.509904   -0.588    0.134  1
RGI60-03.04008     3.57208   82.991888  -72.998853   -0.448    0.202  1
RGI60-03.01539     3.55967   76.821873  -78.906576   -0.214    0.120  1
RGI60-03.00302     3.55932   81.066450  -68.555640   -0.282    0.118  1
RGI60-03.03521     3.55268   82.651004  -77.751524   -0.289    0.134  1
RGI60-03.00457     3.55038   79.612306  -77.508481   -0.271    0.127  1
RGI60-03.04498     3.54498   82.822107  -77.416632   -0.172    0.133  1
RGI60-03.00243     3.54411   79.881016  -74.527798   -0.371    0.131  1
RGI60-03.01860     3.53542   77.198549  -83.158574   -0.308    0.150  1
RGI60-03.01649     3.53537   79.005513  -77.907442   -0.452    0.151  1
RGI60-03.00803     3.53341   80.881884  -68.986096   -0.188    0.116  1
RGI60-03.03899     3.53152   81.756453  -87.714289   -0.501    0.130  1
RGI60-03.01175     3.52659   80.996795  -93.149904   -0.443    0.128  1
RGI60-03.00479     3.52563   79.567680  -76.305172   -0.325    0.126  1
RGI60-03.01646     3.51903   78.985197  -78.066521   -0.191    0.141  1
RGI60-03.00299     3.51768   81.067220  -68.399188   -0.218    0.117  1
RGI60-03.02702     3.51160   81.959034  -71.770868   -0.524    0.132  1
RGI60-03.00422     3.50685   79.497093  -78.376106   -0.403    0.127  1
RGI60-03.03717     3.49554   82.490787  -65.611564   -0.488    0.140  1
RGI60-03.00071     3.49183   80.692175  -69.724507   -0.280    0.119  1
RGI60-03.00828     3.49130   79.557793  -91.815472   -0.584    0.143  1
RGI60-03.01765     3.48396   77.300456  -80.000682   -0.194    0.135  1
RGI60-03.04294     3.48361   81.183497  -81.106013   -0.578    0.132  1
RGI60-03.00409     3.47887   79.337273  -78.995444   -0.542    0.132  1
RGI60-03.02320     3.47430   75.215946  -85.884134   -0.447    0.138  1
RGI60-03.01846     3.46115   76.646220  -84.988667   -0.468    0.157  1
RGI60-03.00894     3.45256   79.193998  -89.346070   -0.391    0.125  1
RGI60-03.03783     3.45083   81.939294  -84.365057   -0.664    0.135  1
RGI60-03.00522     3.44599   79.755033  -74.804177   -0.371    0.128  1
RGI60-03.00718     3.44369   76.197674  -89.461093   -0.353    0.140  1
RGI60-03.02814     3.43955   82.536593  -70.072322   -0.414    0.130  1
RGI60-03.00290     3.43836   80.194216  -73.085763   -0.313    0.123  1
RGI60-03.00500     3.43655   79.697777  -74.963412   -0.343    0.128  1
RGI60-03.00696     3.43041   76.454882  -82.697405   -0.452    0.131  1
RGI60-03.01184     3.42745   80.329392  -95.001218   -0.425    0.138  1
RGI60-03.01993     3.42239   76.403186  -84.986503   -0.641    0.159  1
RGI60-03.02701     3.41934   82.114876  -69.865799   -0.499    0.135  1
RGI60-03.00527     3.41876   79.665692  -74.664310   -0.434    0.138  1
RGI60-03.01322     3.40978   78.317704  -90.963012   -0.663    0.151  1
RGI60-03.01639     3.40883   78.782392  -78.624439   -0.209    0.133  1
RGI60-03.01888     3.40388   76.476657  -85.176589   -0.438    0.152  1
RGI60-03.02930     3.40088   81.590383  -76.044048   -0.443    0.142  1
RGI60-03.00429     3.39810   79.406391  -77.736060   -0.284    0.125  1
RGI60-03.01760     3.39208   78.799332  -76.226495   -0.375    0.137  1
RGI60-03.03810     3.39025   81.688744  -90.548644   -0.739    0.137  1
RGI60-03.01859     3.37985   77.110674  -83.602729   -0.501    0.149  1
RGI60-03.03447     3.37904   82.595095  -81.699047   -0.491    0.138  1
RGI60-03.01891     3.37447   76.547814  -85.145552   -0.422    0.152  1
RGI60-03.00528     3.37311   79.641573  -74.570479   -0.376    0.136  1
RGI60-03.01242     3.37107   80.135432  -94.133614   -0.451    0.139  1
RGI60-03.02691     3.37068   81.905035  -72.324583   -0.463    0.127  1
RGI60-03.03837     3.35878   81.905607  -81.969050   -0.394    0.123  1
RGI60-03.00843     3.35798   79.457000  -90.983286   -0.439    0.138  1
RGI60-03.01619     3.35773   76.845108  -77.920951   -0.567    0.149  1
RGI60-03.03076     3.35050   81.379718  -87.420312   -0.607    0.149  1
RGI60-03.01260     3.34711   79.684062  -95.617169   -0.441    0.128  1
RGI60-03.00739     3.34595   79.771728  -72.148040   -0.288    0.135  1
RGI60-03.03743     3.33916   81.697208  -88.344071   -0.507    0.130  1
RGI60-03.02079     3.33000   79.201841  -80.488156   -0.487    0.137  1
RGI60-03.00119     3.32966   80.603751  -77.778062   -0.448    0.131  1
RGI60-03.02700     3.32755   81.895696  -72.412901   -0.426    0.127  1
RGI60-03.03321     3.32275   81.231437  -84.289589   -0.506    0.126  1
RGI60-03.00365     3.31960   80.539248  -71.202387   -0.516    0.128  1
RGI60-03.01303     3.31916   78.822447  -92.978750   -0.534    0.137  1
RGI60-03.01691     3.31344   77.954061  -77.024735   -0.987    0.166  1
RGI60-03.02586     3.31074   81.927380  -71.596042   -0.362    0.125  1
RGI60-03.00425     3.31001   79.373886  -77.661722   -0.337    0.146  1
RGI60-03.01353     3.30641   78.750229  -88.592684   -0.446    0.144  1
RGI60-03.01522     3.30540   77.050423  -79.222193   -0.309    0.127  1
RGI60-03.00380     3.30012   79.635831  -77.764778   -0.319    0.126  1
RGI60-03.04408     3.29653   80.674969  -84.636587   -0.426    0.124  1
RGI60-03.02693     3.29479   82.246967  -68.760079   -0.421    0.128  1
RGI60-03.00072     3.29272   80.698457  -69.635601   -0.260    0.118  1
RGI60-03.02260     3.28210   76.718549  -89.846971   -0.485    0.142  1
RGI60-03.02045     3.28000   80.101736  -81.138987   -0.290    0.131  1
RGI60-03.02071     3.28000   79.287190  -80.965000   -0.663    0.154  1
RGI60-03.00723     3.27786   75.685717  -83.460407   -0.042    0.153  1
RGI60-03.00466     3.26088   79.417627  -77.415079   -0.351    0.146  1
RGI60-03.04337     3.25937   80.903505  -82.709673   -0.600    0.142  1
RGI60-03.01401     3.25108   81.264445  -92.535958   -0.320    0.125  1
RGI60-03.01320     3.24716   78.428284  -92.732488   -0.635    0.145  1
RGI60-03.01315     3.24425   78.742055  -91.853892   -0.629    0.157  1
RGI60-03.03605     3.24224   82.900656  -76.705310   -0.012    0.138  1
RGI60-03.02311     3.24219   75.151213  -80.159712    0.079    0.149  1
RGI60-03.02073     3.24000   79.239094  -80.670064   -0.463    0.147  1
RGI60-03.00455     3.23605   79.532585  -77.307625   -0.412    0.131  1
RGI60-03.02692     3.22608   82.486793  -68.890197   -0.582    0.138  1
RGI60-03.03830     3.21686   81.947246  -83.684741   -0.549    0.135  1
RGI60-03.01313     3.21128   78.765457  -91.922463   -0.490    0.138  1
RGI60-03.02198     3.21102   78.463354  -83.703529   -0.462    0.143  1
RGI60-03.00593     3.20743   79.607220  -73.820017   -0.342    0.137  1
RGI60-03.01488     3.19736   77.215230  -80.751524   -0.330    0.139  1
RGI60-03.03821     3.19705   82.036815  -82.389038   -0.386    0.126  1
RGI60-03.02859     3.19170   82.604724  -76.572257   -0.270    0.135  1
RGI60-03.03757     3.18974   81.738780  -87.997181   -0.658    0.137  1
RGI60-03.00673     3.18912   80.285946  -94.059903   -0.567    0.137  1
RGI60-03.03270     3.18740   81.392723  -78.239100   -0.229    0.119  1
RGI60-03.04371     3.18629   80.937124  -81.990649   -0.797    0.139  1
RGI60-03.01647     3.17415   77.973061  -77.254827   -0.556    0.137  1
RGI60-03.00286     3.16201   80.173568  -73.032585   -0.344    0.124  1
RGI60-03.03871     3.16167   81.777395  -90.163651   -0.325    0.124  1
RGI60-03.03055     3.15540   81.597937  -77.965741   -0.507    0.129  1
RGI60-03.02032     3.15000   80.518361  -78.707713   -0.346    0.127  1
RGI60-03.04256     3.14629   80.710232  -85.601380   -0.531    0.130  1
RGI60-03.04373     3.13529   80.891944  -83.828903   -0.538    0.133  1
RGI60-03.01343     3.13133   78.560939  -88.261701   -0.639    0.159  1
RGI60-03.00740     3.13077   79.746182  -72.203840   -0.288    0.134  1
RGI60-03.00352     3.12336   80.467611  -70.784693   -0.321    0.122  1
RGI60-03.03383     3.12081   81.812819  -83.358672   -0.493    0.130  1
RGI60-03.02149     3.11816   79.123213  -78.998882   -0.102    0.136  1
RGI60-03.03658     3.11311   82.862576  -80.226648   -0.012    0.133  1
RGI60-03.03760     3.11152   81.739250  -88.173612   -0.484    0.128  1
RGI60-03.00053     3.09714   80.528191  -70.137673   -0.352    0.124  1
RGI60-03.01417     3.09173   75.975238  -79.223396   -0.425    0.159  1
RGI60-03.01015     3.08976   78.406091  -91.066031   -0.815    0.162  1
RGI60-03.00263     3.08314   79.914251  -73.361415   -0.383    0.129  1
RGI60-03.00303     3.07870   81.081078  -68.578974   -0.399    0.124  1
RGI60-03.02958     3.07307   81.350126  -74.727503   -0.467    0.130  1
RGI60-03.02264     3.07170   76.663266  -94.746869   -0.835    0.174  1
RGI60-03.03718     3.05936   82.560762  -67.568530   -0.566    0.136  1
RGI60-03.01176     3.05724   80.925202  -94.774449   -0.432    0.129  1
RGI60-03.02082     3.05602   76.671599  -81.489052   -0.386    0.137  1
RGI60-03.04340     3.05426   81.130118  -79.597455   -0.419    0.129  1
RGI60-03.01645     3.05059   78.981033  -78.197522   -0.535    0.148  1
RGI60-03.00287     3.04787   80.164516  -72.961358   -0.303    0.123  1
RGI60-03.01922     3.04346   76.756350  -84.195490   -0.461    0.146  1
RGI60-03.04271     3.04113   81.001874  -80.285661   -0.571    0.132  1
RGI60-03.03116     3.04042   81.411846  -84.887220   -0.414    0.138  1
RGI60-03.01039     3.03973   78.644360  -91.642165   -0.436    0.146  1
RGI60-03.01854     3.03335   77.028512  -83.230057   -0.172    0.152  1
RGI60-03.01924     3.03215   76.743687  -84.138468   -0.539    0.150  1
RGI60-03.04336     3.02785   81.148074  -81.791632   -0.534    0.130  1
RGI60-03.00453     3.01925   79.570873  -77.425207   -0.338    0.132  1
RGI60-03.04088     3.01850   82.816507  -69.796315   -0.106    0.135  1
RGI60-03.02288     3.01341   76.524925  -89.832329   -0.439    0.143  1
RGI60-03.03812     3.01145   82.011177  -83.618543   -0.292    0.122  1
RGI60-03.02966     3.01063   81.273578  -76.382788   -0.539    0.128  1
RGI60-03.02129     3.00077   79.555499  -83.218579   -0.786    0.168  1
RGI60-03.02235     2.99734   77.622255  -82.157214   -0.203    0.128  1
RGI60-03.00322     2.99225   80.356279  -71.665907   -0.255    0.122  1
RGI60-03.02122     2.99141   79.707460  -83.105779   -0.741    0.158  1
RGI60-03.02679     2.98214   82.299069  -81.733802   -0.418    0.129  1
RGI60-03.00859     2.98175   79.583071  -89.801471   -0.324    0.130  1
RGI60-03.03631     2.98130   82.830581  -79.290680   -0.293    0.141  1
RGI60-03.02532     2.98122   81.877164  -72.060542   -0.476    0.131  1
RGI60-03.02197     2.98090   78.473764  -84.024130   -0.359    0.140  1
RGI60-03.03672     2.97211   82.639106  -65.528563   -0.621    0.148  1
RGI60-03.01069     2.97034   80.323235  -94.068139   -0.565    0.135  1
RGI60-03.02213     2.95038   78.308215  -85.280420   -0.255    0.137  1
RGI60-03.00663     2.94851   79.712579  -72.704686   -0.450    0.140  1
RGI60-03.01786     2.94188   77.334298  -79.839370   -0.536    0.144  1
RGI60-03.01603     2.94066   76.426443  -79.186576   -0.200    0.159  1
RGI60-03.00209     2.94038   81.250021  -67.472385   -0.390    0.124  1
RGI60-03.00727     2.94034   81.061869  -69.628789   -0.518    0.127  1
RGI60-03.00247     2.93873   79.907806  -74.548859   -0.290    0.128  1
RGI60-03.02696     2.93849   82.760149  -72.185128   -0.287    0.138  1
RGI60-03.00278     2.93434   80.008416  -72.724353   -0.597    0.134  1
RGI60-03.03607     2.93032   82.920239  -76.627845   -0.161    0.139  1
RGI60-03.03954     2.92314   82.220527  -83.424294   -0.383    0.130  1
RGI60-03.02902     2.92118   82.695390  -72.066695   -0.328    0.142  1
RGI60-03.03858     2.92067   81.905105  -86.551891   -0.611    0.136  1
RGI60-03.00728     2.91138   79.741749  -72.420127   -0.457    0.141  1
RGI60-03.01914     2.90875   76.702347  -84.451714   -0.098    0.148  1
RGI60-03.01241     2.89676   80.306466  -95.697544   -0.645    0.144  1
RGI60-03.03221     2.89511   81.872165  -81.612117   -0.435    0.129  1
RGI60-03.03417     2.88303   81.631937  -85.644809   -0.513    0.131  1
RGI60-03.00266     2.87045   79.945012  -73.135419   -0.475    0.133  1
RGI60-03.03657     2.86821   82.839262  -80.131629   -0.168    0.142  1
RGI60-03.00068     2.86354   81.168930  -68.334893   -0.650    0.137  1
RGI60-03.02136     2.85354   79.439796  -94.880904   -0.141    0.127  1
RGI60-03.00480     2.85347   79.566080  -76.512038   -0.388    0.130  1
RGI60-03.01296     2.85323   79.021633  -91.395143   -0.259    0.125  1
RGI60-03.02711     2.84909   82.530219  -79.610327   -0.392    0.137  1
RGI60-03.00985     2.84886   80.274429  -92.415304   -0.479    0.131  1
RGI60-03.00240     2.84538   79.871814  -74.834360   -0.352    0.130  1
RGI60-03.01360     2.84494   78.802473  -88.771431   -0.645    0.157  1
RGI60-03.00536     2.84384   81.027213  -68.246641   -0.273    0.120  1
RGI60-03.02294     2.84086   76.474739  -88.941945   -0.318    0.153  1
RGI60-03.04101     2.83519   82.845457  -70.015169   -0.129    0.140  1
RGI60-03.04436     2.83315   80.885412  -80.222896   -0.417    0.133  1
RGI60-03.00862     2.83125   79.534794  -90.050390   -0.083    0.131  1
RGI60-03.01749     2.83101   78.808124  -75.050671   -0.335    0.143  1
RGI60-03.01267     2.82979   79.823729  -95.414243   -0.540    0.137  1
RGI60-03.04095     2.82816   82.851217  -69.200245   -0.620    0.155  1
RGI60-03.04411     2.82760   80.613265  -84.716916   -0.560    0.133  1
RGI60-03.01018     2.82236   80.246267  -92.304721   -0.343    0.127  1
RGI60-03.00177     2.81260   79.781602  -79.807597   -0.482    0.153  1
RGI60-03.01907     2.81112   76.682681  -84.908683   -0.450    0.155  1
RGI60-03.02931     2.81031   81.491115  -76.178097   -0.479    0.129  1
RGI60-03.01358     2.80752   78.789365  -88.731470   -0.516    0.150  1
RGI60-03.00418     2.80500   79.441595  -78.556846   -0.105    0.126  1
RGI60-03.01190     2.80309   79.388991  -87.333820   -0.606    0.140  1
RGI60-03.03558     2.79899   82.759527  -80.644795   -0.434    0.148  1
RGI60-03.00215     2.79788   79.623435  -75.787604   -0.249    0.128  1
RGI60-03.02852     2.78940   82.559451  -80.221404   -0.288    0.136  1
RGI60-03.02309     2.77715   75.327721  -84.964279   -0.393    0.132  1
RGI60-03.00064     2.77686   80.410924  -69.765520   -0.332    0.127  1
RGI60-03.00200     2.77563   81.006290  -68.128538   -0.379    0.124  1
RGI60-03.02298     2.77523   76.397879  -91.325814   -0.318    0.156  1
RGI60-03.04338     2.77321   81.183955  -79.892448   -0.310    0.125  1
RGI60-03.03490     2.76746   82.581204  -81.316624   -0.396    0.142  1
RGI60-03.04274     2.76695   81.001567  -80.206437   -0.774    0.144  1
RGI60-03.01432     2.76234   75.838299  -79.494259   -0.246    0.144  1
RGI60-03.01248     2.76179   80.105396  -94.148332   -0.544    0.145  1
RGI60-03.03522     2.75258   82.633308  -77.783734   -0.153    0.134  1
RGI60-03.02890     2.74970   82.538734  -73.433309   -0.455    0.144  1
RGI60-03.01317     2.74571   78.731791  -91.910490   -0.415    0.146  1
RGI60-03.01970     2.74530   76.831181  -88.086619   -0.501    0.143  1
RGI60-03.02569     2.74483   82.473157  -75.199845   -0.499    0.142  1
RGI60-03.02144     2.73992   79.093356  -77.585275   -0.054    0.136  1
RGI60-03.02601     2.72680   82.651467  -73.036595   -0.502    0.145  1
RGI60-03.02706     2.72421   82.093361  -71.632419   -0.577    0.137  1
RGI60-03.02233     2.72347   77.703359  -82.365829   -0.383    0.127  1
RGI60-03.03829     2.71974   81.933542  -82.997846   -0.621    0.142  1
RGI60-03.04268     2.71853   80.892119  -82.985192   -0.581    0.138  1
RGI60-03.00245     2.71758   81.183285  -67.618241   -0.397    0.126  1
RGI60-03.01224     2.71235   80.282420  -94.418008   -0.530    0.145  1
RGI60-03.02976     2.71065   81.301508  -75.895528   -0.333    0.127  1
RGI60-03.03796     2.70921   81.872970  -85.605502   -0.242    0.125  1
RGI60-03.04394     2.70862   81.188463  -80.929069   -0.636    0.133  1
RGI60-03.01660     2.70266   77.307068  -79.288554   -0.420    0.131  1
RGI60-03.04502     2.70010   81.896409  -79.230503   -0.245    0.121  1
RGI60-03.02020     2.69961   80.703322  -76.489169   -0.319    0.125  1
RGI60-03.01332     2.69939   78.310899  -89.788262   -0.757    0.159  1
RGI60-03.03097     2.69863   81.445401  -84.649433   -0.398    0.140  1
RGI60-03.03533     2.69121   82.856937  -77.548198   -0.336    0.142  1
RGI60-03.00524     2.68969   79.716535  -74.757888   -0.317    0.130  1
RGI60-03.01532     2.68780   76.947870  -78.375933   -0.405    0.128  1
RGI60-03.04531     2.68524   81.761819  -90.146402   -0.369    0.127  1
RGI60-03.00577     2.68500   79.676362  -73.839177   -0.419    0.141  1
RGI60-03.00600     2.67898   79.649380  -73.526474   -0.521    0.144  1
RGI60-03.00428     2.67772   79.398278  -77.871857   -0.207    0.128  1
RGI60-03.03178     2.67499   81.761589  -82.068623   -0.368    0.128  1
RGI60-03.01983     2.67444   76.994031  -83.530481   -0.394    0.154  1
RGI60-03.04399     2.67357   80.744351  -80.989284   -0.457    0.128  1
RGI60-03.00909     2.66886   79.042136  -88.653619   -0.554    0.139  1
RGI60-03.00475     2.66871   79.598469  -76.573561   -0.442    0.133  1
RGI60-03.01219     2.66769   80.566958  -93.507273   -0.297    0.136  1
RGI60-03.00724     2.66583   75.622032  -83.492370   -0.150    0.147  1
RGI60-03.01232     2.66558   80.483313  -95.031319   -0.567    0.147  1
RGI60-03.02441     2.66534   75.756571  -81.259211   -0.429    0.160  1
RGI60-03.02709     2.66510   82.446495  -69.229610   -0.459    0.141  1
RGI60-03.03129     2.66485   81.414951  -87.068005   -0.530    0.151  1
RGI60-03.01261     2.66449   80.057663  -93.455483   -0.312    0.128  1
RGI60-03.00641     2.66382   80.034515  -71.456624   -0.520    0.136  1
RGI60-03.03932     2.66126   81.732169  -90.548696   -0.361    0.127  1
RGI60-03.04184     2.65914   82.935772  -69.158509   -0.748    0.172  1
RGI60-03.03968     2.65036   82.107281  -83.263295   -0.469    0.145  1
RGI60-03.03686     2.64909   82.593995  -65.357224   -0.480    0.143  1
RGI60-03.04335     2.64069   80.954315  -81.388450   -0.571    0.139  1
RGI60-03.03217     2.64040   81.680896  -86.160998   -0.520    0.139  1
RGI60-03.04344     2.63956   80.912076  -82.526168   -0.497    0.138  1
RGI60-03.01444     2.63166   76.102553  -79.049076   -0.434    0.149  1
RGI60-03.03937     2.62933   82.023861  -87.508211   -0.543    0.152  1
RGI60-03.02004     2.62779   81.145020  -70.099678   -0.156    0.130  1
RGI60-03.00225     2.62708   79.636908  -75.450702   -0.324    0.129  1
RGI60-03.00793     2.62707   80.952561  -69.532315   -0.276    0.122  1
RGI60-03.01838     2.62450   77.100480  -84.158533   -0.307    0.145  1
RGI60-03.04341     2.62075   81.198868  -80.649372   -0.369    0.126  1
RGI60-03.03410     2.61903   81.199015  -84.289196   -0.577    0.139  1
RGI60-03.02117     2.61878   79.828478  -82.890365   -0.647    0.148  1
RGI60-03.00913     2.61555   79.105716  -89.720525   -0.553    0.134  1
RGI60-03.02305     2.61502   76.322393  -90.771727   -0.157    0.152  1
RGI60-03.01663     2.61465   77.374375  -78.977932   -0.544    0.139  1
RGI60-03.03249     2.61461   81.683051  -86.571390   -0.621    0.138  1
RGI60-03.04140     2.61116   82.900639  -70.130870   -0.786    0.181  1
RGI60-03.03548     2.60755   82.665756  -80.852488   -0.110    0.136  1
RGI60-03.03382     2.60026   81.707314  -83.913708   -0.402    0.134  1
RGI60-03.02984     2.59651   81.397292  -74.753847   -0.493    0.132  1
RGI60-03.01187     2.59300   79.669046  -94.058409   -0.527    0.136  1
RGI60-03.01934     2.58889   76.843648  -84.121474   -0.475    0.157  1
RGI60-03.03064     2.58493   81.370137  -86.691724   -0.505    0.147  1
RGI60-03.04457     2.58128   81.182358  -77.273802   -0.411    0.125  1
RGI60-03.01300     2.57970   78.850657  -92.873942   -0.880    0.162  1
RGI60-03.01318     2.57968   78.453542  -92.832082   -0.545    0.146  1
RGI60-03.03957     2.57514   82.213757  -83.639075   -0.234    0.124  1
RGI60-03.03170     2.57472   81.208345  -84.738142   -0.645    0.137  1
RGI60-03.00257     2.57235   79.916222  -73.678669   -0.412    0.135  1
RGI60-03.02951     2.56730   81.541258  -76.300533   -0.482    0.137  1
RGI60-03.02296     2.55899   76.461803  -89.520234   -0.433    0.143  1
RGI60-03.01361     2.55411   80.196470  -91.650150   -0.241    0.125  1
RGI60-03.00625     2.55386   81.040878  -69.560121   -0.394    0.127  1
RGI60-03.00405     2.55349   79.227707  -79.255210   -0.379    0.138  1
RGI60-03.01211     2.55253   80.907633  -94.636377   -0.426    0.133  1
RGI60-03.00452     2.54851   81.071929  -69.145096   -0.263    0.122  1
RGI60-03.02986     2.54629   81.393359  -74.590542   -0.388    0.130  1
RGI60-03.01331     2.54566   78.331311  -89.824152   -1.028    0.169  1
RGI60-03.00658     2.53950   79.758766  -72.864416   -0.408    0.139  1
RGI60-03.01179     2.53738   80.825097  -94.383522   -0.509    0.143  1
RGI60-03.01717     2.53618   78.004259  -78.104745   -0.416    0.135  1
RGI60-03.03623     2.53521   82.959669  -76.610827   -0.178    0.143  1
RGI60-03.01246     2.53504   80.121768  -94.327605   -0.541    0.150  1
RGI60-03.00557     2.53470   79.766432  -74.422731   -0.308    0.130  1
RGI60-03.00978     2.53306   78.690433  -89.235959   -0.435    0.145  1
RGI60-03.03430     2.53013   81.794916  -82.591744   -0.379    0.133  1
RGI60-03.00818     2.52513   79.568819  -92.483194   -0.511    0.149  1
RGI60-03.03381     2.52215   81.626642  -85.529834   -0.411    0.133  1
RGI60-03.04496     2.52149   82.874699  -75.963171   -0.517    0.149  1
RGI60-03.00281     2.51928   80.112288  -73.343407   -0.156    0.126  1
RGI60-03.03092     2.51820   81.355772  -85.523011   -0.470    0.134  1
RGI60-03.01312     2.51377   78.773975  -91.955693   -0.446    0.141  1
RGI60-03.03200     2.51293   81.648425  -86.245705   -0.577    0.142  1
RGI60-03.04225     2.51251   82.931718  -72.785373   -0.667    0.175  1
RGI60-03.01230     2.50544   80.454462  -94.833657   -0.529    0.148  1
RGI60-03.03687     2.50372   82.604656  -65.432044   -0.615    0.148  1
RGI60-03.03784     2.50357   81.939451  -84.471504   -0.658    0.139  1
RGI60-03.01319     2.49982   78.441469  -92.795635   -0.475    0.148  1
RGI60-03.00016     2.49529   80.927041  -69.704589   -0.495    0.130  1
RGI60-03.00259     2.48498   79.906063  -73.614514   -0.281    0.130  1
RGI60-03.03719     2.48486   82.592627  -66.688339   -0.251    0.139  1
RGI60-03.02208     2.48169   78.404529  -85.426146   -0.449    0.147  1
RGI60-03.02722     2.48004   82.619184  -74.616625   -0.462    0.142  1
RGI60-03.00261     2.47612   81.147757  -67.817150   -0.536    0.132  1
RGI60-03.01289     2.47436   79.106807  -90.801958   -0.486    0.137  1
RGI60-03.02110     2.47332   77.218561  -80.961104   -0.206    0.139  1
RGI60-03.03647     2.47077   82.810433  -79.124868   -0.060    0.136  1
RGI60-03.03199     2.46776   81.652908  -86.400619   -0.465    0.135  1
RGI60-03.03219     2.46483   81.870205  -81.722278   -0.356    0.130  1
RGI60-03.03269     2.46330   81.821306  -81.760816   -0.352    0.127  1
RGI60-03.02882     2.45684   82.479802  -74.654939   -0.270    0.138  1
RGI60-03.04420     2.45455   80.643054  -84.827283   -0.490    0.132  1
RGI60-03.03423     2.45108   81.698097  -83.796443   -0.382    0.130  1
RGI60-03.00906     2.45059   79.128887  -88.697158   -0.409    0.130  1
RGI60-03.04488     2.44870   81.175784  -77.414887   -0.530    0.132  1
RGI60-03.01675     2.44806   77.335764  -78.751942   -0.563    0.140  1
RGI60-03.01341     2.44552   78.572375  -88.255733   -0.651    0.168  1
RGI60-03.04259     2.44368   80.739980  -85.534600   -0.593    0.135  1
RGI60-03.04492     2.44050   81.744328  -89.513214   -0.360    0.130  1
RGI60-03.03883     2.44018   81.636360  -91.506922   -0.564    0.138  1
RGI60-03.03948     2.43601   82.252939  -82.649782   -0.529    0.143  1
RGI60-03.04467     2.43286   81.937882  -71.493134   -0.517    0.134  1
RGI60-03.01491     2.43199   77.210966  -80.380430   -0.259    0.146  1
RGI60-03.02017     2.42968   80.717051  -76.626557   -0.002    0.120  1
RGI60-03.03380     2.42836   81.428647  -77.391488   -0.307    0.126  1
RGI60-03.04522     2.42404   81.642942  -83.616624   -0.205    0.123  1
RGI60-03.00812     2.42255   79.545794  -93.116289   -0.538    0.145  1
RGI60-03.02959     2.42123   81.341765  -74.822702   -0.293    0.130  1
RGI60-03.01485     2.41665   77.228948  -79.668534   -0.167    0.129  1
RGI60-03.01314     2.41650   78.757557  -91.880119   -0.460    0.140  1
RGI60-03.00460     2.41645   79.639641  -77.552126   -0.147    0.129  1
RGI60-03.00049     2.40915   80.599949  -70.365720   -0.247    0.123  1
RGI60-03.01344     2.40721   78.564726  -88.088778   -0.743    0.162  1
RGI60-03.01257     2.40618   80.032659  -93.674427   -0.435    0.135  1
RGI60-03.03404     2.40090   81.155401  -83.655650   -0.467    0.135  1
RGI60-03.00847     2.39876   79.483007  -91.392109   -0.503    0.143  1
RGI60-03.00647     2.39398   81.047292  -68.088519   -0.320    0.123  1
RGI60-03.03266     2.39389   81.510999  -78.015639   -0.003    0.165  1
RGI60-03.01185     2.38424   80.282763  -95.681216   -0.453    0.140  1
RGI60-03.00662     2.38333   79.726099  -72.757427   -0.408    0.140  1
RGI60-03.02960     2.38251   81.342593  -75.494453   -0.613    0.139  1
RGI60-03.00492     2.38248   81.044116  -69.130357   -0.496    0.129  1
RGI60-03.02008     2.37941   80.883955  -75.312549   -0.105    0.127  1
RGI60-03.03589     2.37736   82.936560  -76.504324   -0.077    0.143  1
RGI60-03.01616     2.37527   76.849982  -78.472492   -0.258    0.127  1
RGI60-03.02871     2.37305   82.253538  -75.283845   -0.394    0.133  1
RGI60-03.02143     2.37173   79.288734  -83.029042   -0.370    0.131  1
RGI60-03.04343     2.36847   81.113903  -79.625522   -0.522    0.135  1
RGI60-03.04448     2.36842   80.812598  -83.592249   -0.419    0.131  1
RGI60-03.03771     2.36459   81.952961  -83.909747   -0.497    0.140  1
RGI60-03.04533     2.36008   81.849042  -86.279405   -0.563    0.140  1
RGI60-03.02996     2.35948   81.192666  -75.408692    0.045    0.123  1
RGI60-03.01188     2.35765   79.627053  -94.142054   -0.625    0.144  1
RGI60-03.04438     2.35628   80.866599  -81.526647   -0.585    0.139  1
RGI60-03.03397     2.35394   81.261629  -80.717966   -0.555    0.137  1
RGI60-03.00241     2.35221   79.879304  -74.755907   -0.366    0.138  1
RGI60-03.02974     2.34808   81.278872  -76.221744   -0.526    0.134  1
RGI60-03.01014     2.34196   78.393544  -91.044916   -0.705    0.156  1
RGI60-03.03807     2.34025   81.914694  -85.284321   -0.381    0.129  1
RGI60-03.00864     2.33999   79.543771  -89.941418   -0.096    0.136  1
RGI60-03.00456     2.33891   79.593801  -77.444215   -0.357    0.134  1
RGI60-03.02222     2.33890   78.208130  -85.594254   -0.492    0.158  1
RGI60-03.00224     2.33858   79.647157  -75.404949   -0.262    0.130  1
RGI60-03.04517     2.33701   81.592758  -85.692901   -0.527    0.137  1
RGI60-03.03912     2.33161   81.756540  -87.509217   -0.472    0.136  1
RGI60-03.01853     2.33122   76.981106  -83.316925   -0.667    0.174  1
RGI60-03.00467     2.33098   79.400976  -77.458115   -0.303    0.149  1
RGI60-03.03077     2.33053   81.370346  -87.470596   -0.698    0.157  1
RGI60-03.00382     2.32899   81.016752  -67.505075   -0.499    0.133  1
RGI60-03.00080     2.32002   80.710696  -69.132527   -0.217    0.122  1
RGI60-03.03758     2.31640   81.726888  -88.035740   -0.397    0.131  1
RGI60-03.04372     2.31421   80.908686  -82.619345   -0.426    0.136  1
RGI60-03.00922     2.31208   78.951520  -89.333207   -0.296    0.132  1
RGI60-03.01454     2.31153   74.991529  -84.498698   -0.680    0.168  1
RGI60-03.03716     2.31054   82.572281  -66.188861   -0.187    0.139  1
RGI60-03.01180     2.30300   80.829706  -92.402869   -0.393    0.142  1
RGI60-03.02295     2.30013   76.453884  -91.754027   -0.252    0.153  1
RGI60-03.00796     2.29546   81.048534  -67.987099   -0.337    0.124  1
RGI60-03.03880     2.29275   81.598553  -91.070486   -0.569    0.144  1
RGI60-03.03935     2.29266   81.738896  -90.773452   -0.418    0.132  1
RGI60-03.03652     2.28921   82.762897  -79.456688   -0.034    0.137  1
RGI60-03.04130     2.28759   82.836335  -75.050158   -0.294    0.147  1
RGI60-03.01177     2.28747   80.851898  -94.338812   -0.525    0.145  1
RGI60-03.01903     2.28700   76.703340  -84.876287   -0.405    0.161  1
RGI60-03.02787     2.28655   81.917461  -79.328357   -0.377    0.129  1
RGI60-03.02300     2.28646   76.373414  -90.507801   -0.164    0.139  1
RGI60-03.03425     2.28357   81.734669  -83.429888   -0.383    0.138  1
RGI60-03.01935     2.28265   76.830317  -84.067542   -0.218    0.153  1
RGI60-03.03761     2.28038   81.746603  -88.086756   -0.480    0.132  1
RGI60-03.01511     2.27985   77.142895  -80.071892   -0.151    0.132  1
RGI60-03.01451     2.27116   74.780750  -85.898969   -0.521    0.133  1
RGI60-03.03599     2.26840   82.886895  -76.320214   -0.159    0.145  1
RGI60-03.02268     2.26277   76.681072  -90.321329   -0.224    0.142  1
RGI60-03.01305     2.26039   80.226811  -91.941296   -0.433    0.134  1
RGI60-03.00004     2.25709   80.877166  -69.200563   -0.255    0.123  1
RGI60-03.01272     2.25602   80.065255  -93.524618   -0.431    0.134  1
RGI60-03.03530     2.23470   82.837951  -77.600922   -0.178    0.140  1
RGI60-03.03268     2.23046   81.691680  -83.902539   -0.247    0.126  1
RGI60-03.01628     2.22793   78.862665  -77.859564   -0.406    0.143  1
RGI60-03.00356     2.22766   80.463968  -70.655218   -0.272    0.125  1
RGI60-03.02355     2.21919   74.679292  -84.078795   -0.203    0.157  1
RGI60-03.00968     2.21354   78.934386  -89.908073   -0.702    0.164  1
RGI60-03.00025     2.21287   80.920718  -70.355627   -0.304    0.125  1
RGI60-03.00576     2.21260   79.697357  -73.863224   -0.382    0.142  1
RGI60-03.03216     2.21121   81.655097  -86.038833   -0.439    0.134  1
RGI60-03.04395     2.21101   81.211892  -80.582756   -0.561    0.135  1
RGI60-03.00507     2.20376   79.709265  -75.282217   -0.224    0.130  1
RGI60-03.00525     2.19880   81.004383  -69.076050   -0.444    0.130  1
RGI60-03.04332     2.19247   81.213526  -80.137236   -0.295    0.127  1
RGI60-03.03949     2.19035   82.234787  -82.736269   -0.415    0.137  1
RGI60-03.04066     2.18373   83.074148  -70.655358   -0.583    0.287  1
RGI60-03.01304     2.17618   78.771395  -92.232652   -0.432    0.142  1
RGI60-03.00163     2.17561   79.774432  -81.201428   -0.644    0.171  1
RGI60-03.04534     2.16663   81.857663  -85.841080   -0.368    0.129  1
RGI60-03.03713     2.16166   82.574735  -67.013903   -0.587    0.148  1
RGI60-03.00631     2.15811   79.926855  -71.884847   -0.470    0.136  1
RGI60-03.02822     2.15765   82.270123  -68.690881   -0.451    0.134  1
RGI60-03.00846     2.15634   79.473510  -91.393690   -0.474    0.149  1
RGI60-03.03973     2.15167   82.153090  -83.157891   -0.421    0.134  1
RGI60-03.00193     2.14901   79.833409  -75.329396   -0.290    0.134  1
RGI60-03.02226     2.14856   78.131989  -84.585340   -0.528    0.155  1
RGI60-03.02118     2.14710   79.809702  -82.945441   -0.596    0.157  1
RGI60-03.00277     2.14647   79.998185  -72.643778   -0.431    0.136  1
RGI60-03.02433     2.14235   75.790227  -81.584054   -0.139    0.154  1
RGI60-03.02924     2.14047   81.571750  -74.398846   -0.473    0.135  1
RGI60-03.03198     2.13734   81.625668  -86.244770   -0.498    0.137  1
RGI60-03.03426     2.13324   81.740769  -83.601091   -0.388    0.133  1
RGI60-03.01178     2.13217   80.887823  -92.685487   -0.549    0.141  1
RGI60-03.01906     2.13202   76.691598  -84.892406   -0.441    0.159  1
RGI60-03.01503     2.13189   77.175866  -79.945072   -0.339    0.142  1
RGI60-03.00351     2.13112   80.449756  -70.827557   -0.395    0.129  1
RGI60-03.01840     2.13111   76.708713  -84.191186    0.158    0.150  1
RGI60-03.04189     2.12856   82.916784  -71.673951   -0.450    0.150  1
RGI60-03.02704     2.12670   81.672603  -77.953592   -0.085    0.124  1
RGI60-03.03006     2.12488   81.336026  -84.793705   -0.360    0.131  1
RGI60-03.01494     2.12401   77.201089  -80.296643   -0.339    0.154  1
RGI60-03.01424     2.12313   75.862841  -78.939808   -0.297    0.145  1
RGI60-03.02987     2.12290   81.375761  -74.645588   -0.624    0.142  1
RGI60-03.01837     2.11929   76.554704  -84.717123   -0.351    0.167  1
RGI60-03.01842     2.11917   76.596937  -86.829514   -0.454    0.143  1
RGI60-03.01183     2.11684   80.170309  -93.153450   -0.306    0.132  1
RGI60-03.02710     2.11567   81.951825  -79.329989   -0.217    0.125  1
RGI60-03.02490     2.11015   75.529988  -80.181475   -0.027    0.143  1
RGI60-03.02644     2.11008   82.617285  -80.410273   -0.225    0.139  1
RGI60-03.03124     2.10371   81.385666  -86.238574   -0.602    0.150  1
RGI60-03.00821     2.09991   79.608779  -92.562869   -0.455    0.151  1
RGI60-03.00636     2.09905   81.058741  -69.563959   -0.600    0.136  1
RGI60-03.01051     2.09169   80.276137  -92.091538   -0.229    0.127  1
RGI60-03.00485     2.09124   79.549201  -75.370306   -0.355    0.143  1
RGI60-03.02063     2.09000   79.338635  -80.824725   -0.471    0.153  1
RGI60-03.01247     2.08787   80.107355  -94.320683   -0.587    0.151  1
RGI60-03.04377     2.08069   80.836165  -84.724742   -0.552    0.141  1
RGI60-03.02060     2.08000   79.407615  -78.210532   -0.264    0.134  1
RGI60-03.04235     2.07907   82.962566  -70.908950   -0.367    0.178  1
RGI60-03.02965     2.07830   81.270104  -76.689820   -0.549    0.137  1
RGI60-03.02108     2.07512   76.934590  -82.261883   -0.313    0.150  1
RGI60-03.02224     2.07435   78.166489  -85.898411   -0.081    0.154  1
RGI60-03.02727     2.07427   82.760434  -72.069419   -0.009    0.139  1
RGI60-03.00982     2.07334   78.613269  -89.640922   -0.529    0.151  1
RGI60-03.01191     2.07021   78.762830  -88.422702   -0.384    0.148  1
RGI60-03.01895     2.06950   76.640217  -85.302522   -0.299    0.154  1
RGI60-03.02125     2.06920   79.660185  -82.990650   -0.634    0.157  1
RGI60-03.01847     2.06053   76.654464  -84.797744   -0.461    0.159  1
RGI60-03.02033     2.06000   80.393663  -78.890516   -0.140    0.133  1
RGI60-03.01843     2.05556   76.477493  -87.146301   -0.451    0.144  1
RGI60-03.01926     2.05491   76.729055  -84.013769   -0.136    0.147  1
RGI60-03.02100     2.05056   76.841313  -82.628964   -0.267    0.151  1
RGI60-03.00570     2.04948   80.983924  -69.285060   -0.412    0.128  1
RGI60-03.04097     2.03862   82.855490  -70.014246   -0.291    0.145  1
RGI60-03.00404     2.03808   81.031857  -67.662061   -0.471    0.134  1
RGI60-03.03071     2.03706   81.506206  -84.802915   -0.474    0.149  1
RGI60-03.02326     2.03126   75.132160  -86.116365   -0.338    0.133  1
RGI60-03.00511     2.02889   79.615727  -74.892784   -0.362    0.146  1
RGI60-03.03267     2.02807   81.818119  -82.607575   -0.324    0.134  1
RGI60-03.04495     2.02345   82.852343  -76.103465   -0.441    0.153  1
RGI60-03.03211     2.02071   81.689960  -86.230535   -0.702    0.154  1
RGI60-03.02341     2.01911   74.809877  -85.537847   -0.035    0.124  1
RGI60-03.01841     2.01422   76.483396  -83.537923   -0.274    0.140  1
RGI60-03.03384     2.01065   81.392664  -84.107125   -0.669    0.145  1
RGI60-03.04451     2.01044   80.855172  -85.308589   -0.549    0.139  1
RGI60-03.03645     2.00922   82.816343  -79.028921   -0.192    0.142  1
RGI60-03.04266     2.00747   80.748019  -85.451722   -0.532    0.137  1
RGI60-03.02531     2.00724   81.870411  -72.170775   -0.406    0.132  1
RGI60-03.02703     2.00586   81.578398  -77.145131   -0.428    0.135  1
RGI60-03.04450     2.00327   80.868279  -85.206526   -0.571    0.142  1
RGI60-03.03276     2.00187   81.466165  -77.179978   -0.379    0.128  1
RGI60-03.03987     2.00022   82.045254  -84.322133   -0.562    0.137  1
RGI60-03.02536     1.99942   81.863098  -72.105975   -0.461    0.137  1
RGI60-03.00826     1.99672   79.712889  -92.213673   -0.414    0.135  1
RGI60-03.04002     1.99457   82.990515  -73.145197   -0.686    0.222  1
RGI60-03.03431     1.99152   81.781548  -82.576916   -0.498    0.147  1
RGI60-03.01152     1.99022   80.597882  -92.771734   -0.349    0.139  1
RGI60-03.03489     1.98977   82.537612  -81.305124   -0.623    0.155  1
RGI60-03.01448     1.98858   74.868927  -86.242759   -0.538    0.138  1
RGI60-03.04405     1.98389   80.634251  -84.873739   -0.419    0.134  1
RGI60-03.04489     1.97803   81.570613  -75.744830   -0.565    0.143  1
RGI60-03.01825     1.96305   76.681911  -84.129686    1.022    0.183  1
RGI60-03.02938     1.96279   81.552042  -76.237343   -0.226    0.134  1
RGI60-03.02336     1.95970   74.916724  -86.396602   -0.032    0.126  1
RGI60-03.04390     1.95517   81.066881  -81.841045   -0.420    0.136  1
RGI60-03.00238     1.95358   81.196922  -67.584628   -0.291    0.126  1
RGI60-03.03778     1.95059   81.996592  -80.974039   -0.361    0.133  1
RGI60-03.04265     1.94924   80.736630  -85.596726   -0.737    0.146  1
RGI60-03.04424     1.94750   80.845090  -80.902569   -0.666    0.149  1
RGI60-03.00499     1.94536   79.684458  -74.981230   -0.201    0.135  1
RGI60-03.00707     1.94524   76.299051  -90.088923   -0.522    0.150  1
RGI60-03.04260     1.93524   80.715794  -85.690042   -0.524    0.139  1
RGI60-03.03023     1.93458   81.307644  -85.854190   -0.713    0.153  1
RGI60-03.00784     1.92987   79.288951  -78.220892   -0.234    0.150  1
RGI60-03.00607     1.92817   79.865623  -73.057569   -0.367    0.138  1
RGI60-03.02123     1.92719   79.684833  -83.122582   -0.741    0.159  1
RGI60-03.01863     1.92625   76.442067  -83.584165   -0.069    0.139  1
RGI60-03.00350     1.92058   80.463469  -70.903057   -0.406    0.133  1
RGI60-03.00687     1.91968   80.989929  -92.910848   -0.471    0.138  1
RGI60-03.03169     1.91780   81.551408  -86.472020   -0.484    0.139  1
RGI60-03.02592     1.91634   82.658624  -73.261385   -0.531    0.156  1
RGI60-03.04387     1.91440   81.135648  -81.755560   -0.433    0.135  1
RGI60-03.00931     1.90973   78.889011  -88.561674   -0.618    0.142  1
RGI60-03.02394     1.90951   74.640908  -87.843176   -0.386    0.137  1
RGI60-03.03633     1.90833   82.850203  -80.070719   -0.568    0.151  1
RGI60-03.04367     1.90604   80.988433  -81.420084   -0.616    0.139  1
RGI60-03.03406     1.90531   81.145369  -83.838941   -0.319    0.130  1
RGI60-03.01189     1.90352   79.634714  -94.090391   -0.429    0.135  1
RGI60-03.04479     1.90096   82.401845  -82.029596   -0.265    0.150  1
RGI60-03.01624     1.89465   81.937695  -64.392731   -0.240    0.129  1
RGI60-03.04065     1.89443   83.078933  -70.551662   -0.264    0.499  1
RGI60-03.02626     1.89294   82.711672  -73.600501   -0.454    0.152  1
RGI60-03.03272     1.89092   81.688591  -85.481934   -0.512    0.137  1
RGI60-03.03828     1.88825   81.950668  -83.018161   -0.421    0.148  1
RGI60-03.01047     1.88814   78.642754  -91.810822   -0.506    0.159  1
RGI60-03.01818     1.87927   76.940694  -84.222046   -0.742    0.174  1
RGI60-03.04482     1.87902   82.944895  -76.706404   -0.198    0.147  1
RGI60-03.00293     1.87822   81.069061  -68.226906   -0.434    0.133  1
RGI60-03.00122     1.87748   80.523331  -77.464134   -0.325    0.143  1
RGI60-03.03669     1.87736   82.725442  -79.096102   -0.260    0.145  1
RGI60-03.04357     1.87131   81.032917  -83.966449   -0.402    0.132  1
RGI60-03.02985     1.86943   81.376476  -74.762378   -0.367    0.137  1
RGI60-03.00274     1.85634   79.970597  -72.646507   -0.418    0.136  1
RGI60-03.02582     1.85595   82.601919  -76.314424   -0.122    0.139  1
RGI60-03.01169     1.85513   79.132656  -88.390077   -0.470    0.136  1
RGI60-03.02714     1.85336   82.588115  -76.827011   -0.241    0.141  1
RGI60-03.00542     1.85329   79.611478  -74.291344   -0.459    0.148  1
RGI60-03.03777     1.85197   82.011553  -80.928674   -0.391    0.141  1
RGI60-03.04122     1.84957   83.015866  -73.660434   -0.459    0.249  1
RGI60-03.01036     1.84909   78.644763  -91.436510   -0.920    0.173  1
RGI60-03.00629     1.84832   79.929884  -71.935904   -0.631    0.152  1
RGI60-03.01307     1.84813   78.760724  -92.182145   -0.695    0.158  1
RGI60-03.03753     1.84333   81.667549  -89.277556   -0.352    0.133  1
RGI60-03.02338     1.84170   74.865731  -84.428759   -0.329    0.163  1
RGI60-03.01931     1.84169   76.791737  -84.172801   -0.586    0.162  1
RGI60-03.00325     1.84132   80.397541  -71.672111   -0.427    0.133  1
RGI60-03.01923     1.84125   76.729506  -84.152049   -0.243    0.148  1
RGI60-03.02853     1.83996   82.636778  -80.290103   -0.402    0.153  1
RGI60-03.04349     1.83620   80.881579  -83.763496   -0.380    0.136  1
RGI60-03.00229     1.83107   79.688619  -75.503003   -0.236    0.135  1
RGI60-03.01674     1.82933   77.348743  -78.720508   -0.493    0.139  1
RGI60-03.02003     1.82861   81.171913  -70.542734   -0.174    0.138  1
RGI60-03.03720     1.82744   82.619861  -66.552145   -0.535    0.154  1
RGI60-03.01634     1.82624   78.736275  -78.977916   -0.266    0.144  1
RGI60-03.01330     1.82426   78.326841  -89.880618   -0.642    0.160  1
RGI60-03.00715     1.82363   76.213818  -91.057906   -0.320    0.151  1
RGI60-03.00276     1.82312   79.981487  -72.574493   -0.391    0.133  1
RGI60-03.01462     1.82035   74.877559  -86.618190   -0.464    0.134  1
RGI60-03.03084     1.81916   81.368775  -87.350155   -0.404    0.150  1
RGI60-03.00603     1.81792   81.010695  -69.655616   -0.482    0.133  1
RGI60-03.03152     1.81698   81.458509  -87.772026   -0.639    0.156  1
RGI60-03.03098     1.81537   81.460162  -85.768398   -0.489    0.157  1
RGI60-03.02160     1.80911   79.070840  -79.054957   -0.085    0.143  1
RGI60-03.01835     1.80797   77.011761  -82.100854   -0.061    0.142  1
RGI60-03.04347     1.80789   81.158895  -79.585392   -0.373    0.134  1
RGI60-03.00264     1.80543   79.921046  -73.302493   -0.280    0.136  1
RGI60-03.00294     1.80194   80.258690  -72.978387   -0.317    0.134  1
RGI60-03.01167     1.80065   79.601972  -94.500090   -0.683    0.164  1
RGI60-03.03546     1.80010   82.771440  -80.510736   -0.335    0.148  1
RGI60-03.01833     1.79924   76.956566  -84.503841   -0.145    0.157  1
RGI60-03.01397     1.79831   79.622010  -93.173806   -0.375    0.133  1
RGI60-03.00626     1.79474   79.913798  -72.019482   -0.371    0.134  1
RGI60-03.01826     1.79246   76.668301  -84.519911   -0.368    0.159  1
RGI60-03.02038     1.78889   80.264739  -72.003803   -0.314    0.130  1
RGI60-03.03446     1.78878   82.627180  -81.657299   -0.346    0.146  1
RGI60-03.00761     1.78796   79.788790  -71.397510   -0.478    0.143  1
RGI60-03.00569     1.78787   79.767346  -73.947845   -0.405    0.145  1
RGI60-03.01827     1.78717   76.582102  -84.397157   -0.151    0.155  1
RGI60-03.01830     1.78687   76.499246  -83.404163   -0.091    0.138  1
RGI60-03.00268     1.78658   79.935992  -72.969350   -0.327    0.134  1
RGI60-03.04483     1.78481   82.930115  -76.426436   -0.356    0.147  1
RGI60-03.03070     1.78210   81.509998  -84.737745   -0.665    0.162  1
RGI60-03.02662     1.78078   82.072797  -79.226558   -0.314    0.132  1
RGI60-03.03582     1.78060   82.855007  -75.935326   -0.479    0.156  1
RGI60-03.04358     1.78051   80.910691  -84.651091   -0.516    0.136  1
RGI60-03.01829     1.77785   76.508272  -83.726014   -0.390    0.143  1
RGI60-03.02220     1.77252   78.241676  -85.315159   -0.324    0.146  1
RGI60-03.00809     1.77189   80.562152  -93.024559   -0.503    0.146  1
RGI60-03.00505     1.77027   79.745960  -74.982692   -0.257    0.134  1
RGI60-03.00518     1.76759   79.568098  -74.908123   -0.469    0.150  1
RGI60-03.04535     1.76621   81.909741  -85.160268   -0.421    0.136  1
RGI60-03.00682     1.76349   81.275519  -94.079440   -0.224    0.135  1
RGI60-03.03794     1.76081   81.866147  -85.738886   -0.574    0.140  1
RGI60-03.00090     1.76005   81.184355  -68.217401   -0.577    0.137  1
RGI60-03.00753     1.75881   79.809719  -71.612515   -0.378    0.134  1
RGI60-03.01879     1.75880   76.586496  -85.183984   -0.455    0.167  1
RGI60-03.03078     1.75797   81.362641  -87.528280   -0.687    0.157  1
RGI60-03.00483     1.75720   79.530762  -76.484259   -0.332    0.137  1
RGI60-03.02493     1.75185   82.380780  -70.114000   -0.476    0.138  1
RGI60-03.03168     1.75155   81.543794  -86.212729   -0.482    0.161  1
RGI60-03.02077     1.75000   79.212346  -80.750308   -0.638    0.163  1
RGI60-03.02146     1.74641   79.093100  -77.898956    0.022    0.139  1
RGI60-03.01160     1.74493   80.102852  -94.535138   -0.545    0.152  1
RGI60-03.01553     1.74400   76.718587  -77.862429   -0.161    0.143  1
RGI60-03.03817     1.73986   81.964142  -83.055377   -0.506    0.144  1
RGI60-03.01809     1.73872   76.615522  -86.760095   -0.140    0.139  1
RGI60-03.02729     1.73631   81.571826  -77.229630   -0.421    0.135  1
RGI60-03.01159     1.73575   80.123707  -94.453899   -0.517    0.164  1
RGI60-03.02718     1.73431   82.114286  -69.665362   -0.504    0.146  1
RGI60-03.03059     1.73411   81.177386  -84.853494   -0.579    0.137  1
RGI60-03.00275     1.73071   79.990134  -72.619824   -0.488    0.140  1
RGI60-03.04233     1.72941   82.957211  -71.874598   -0.431    0.191  1
RGI60-03.00553     1.72906   79.718131  -74.037828   -0.248    0.143  1
RGI60-03.00615     1.72832   79.887255  -72.840480   -0.365    0.135  1
RGI60-03.03093     1.72820   81.417413  -84.614682   -0.599    0.155  1
RGI60-03.04532     1.72630   81.727991  -88.135242   -0.517    0.139  1
RGI60-03.03712     1.72447   82.563464  -67.058023   -0.550    0.157  1
RGI60-03.02301     1.72430   76.366973  -90.417659   -0.793    0.166  1
RGI60-03.02898     1.72084   82.628573  -72.345604   -0.451    0.150  1
RGI60-03.04264     1.72047   80.759780  -85.243812   -0.619    0.140  1
RGI60-03.03054     1.71926   81.583256  -77.887835   -0.432    0.138  1
RGI60-03.01551     1.71820   76.732529  -77.850904   -0.352    0.158  1
RGI60-03.02240     1.71368   77.302648  -80.204806   -0.178    0.142  1
RGI60-03.02353     1.71210   74.734744  -86.209650   -0.613    0.157  1
RGI60-03.03144     1.71161   81.436613  -88.121619   -0.618    0.156  1
RGI60-03.02564     1.71007   82.451253  -75.331535   -0.365    0.149  1
RGI60-03.04442     1.70909   80.865598  -81.454106   -0.589    0.141  1
RGI60-03.02540     1.70861   81.845849  -72.350793   -0.472    0.137  1
RGI60-03.03392     1.70838   81.469326  -77.088717   -0.460    0.136  1
RGI60-03.03641     1.70544   82.789873  -79.608855    0.114    0.144  1
RGI60-03.01334     1.70379   78.383434  -89.222681   -0.918    0.175  1
RGI60-03.01814     1.70176   76.669504  -84.810496   -0.509    0.164  1
RGI60-03.02909     1.70168   82.002076  -70.877131   -0.347    0.137  1
RGI60-03.04391     1.70115   81.069167  -81.336902   -0.470    0.149  1
RGI60-03.00891     1.70082   79.323779  -88.838192   -0.301    0.137  1
RGI60-03.03197     1.69735   81.651095  -86.461273   -0.669    0.157  1
RGI60-03.03420     1.69554   81.735585  -85.020435   -0.423    0.136  1
RGI60-03.02525     1.69388   82.533984  -72.825805   -0.549    0.153  1
RGI60-03.00481     1.69323   81.028624  -69.289323   -0.444    0.134  1
RGI60-03.00772     1.69119   79.436739  -76.643541   -0.306    0.144  1
RGI60-03.02508     1.68017   82.411493  -75.814182   -0.394    0.150  1
RGI60-03.03405     1.67981   81.168629  -83.694763   -0.307    0.130  1
RGI60-03.00879     1.67953   79.343606  -88.849452   -0.214    0.133  1
RGI60-03.00745     1.67426   79.688838  -72.256686   -0.483    0.147  1
RGI60-03.00860     1.66747   79.570396  -89.832009   -0.244    0.141  1
RGI60-03.03944     1.66570   82.007570  -88.539683   -0.253    0.153  1
RGI60-03.01146     1.66442   80.912460  -93.797825   -0.560    0.151  1
RGI60-03.00246     1.66333   79.909694  -74.723031   -0.379    0.140  1
RGI60-03.03159     1.66228   81.532312  -86.346522   -0.716    0.163  1
RGI60-03.01461     1.66137   74.896058  -86.794652   -0.554    0.147  1
RGI60-03.04378     1.65598   80.831712  -84.860915   -0.515    0.143  1
RGI60-03.03854     1.65228   81.930032  -85.817586   -0.499    0.143  1
RGI60-03.03284     1.64744   81.424069  -84.296475   -0.593    0.146  1
RGI60-03.02329     1.64276   74.999137  -84.249209    0.009    0.138  1
RGI60-03.03661     1.63994   83.011141  -77.311443   -0.010    0.161  1
RGI60-03.02921     1.63982   81.578327  -74.590599   -0.443    0.139  1
RGI60-03.01547     1.63981   76.775677  -77.863282   -0.341    0.148  1
RGI60-03.01017     1.63938   78.466480  -91.506034   -0.585    0.171  1
RGI60-03.01144     1.63644   80.923576  -93.883612   -0.586    0.142  1
RGI60-03.03182     1.63624   81.849933  -79.893428   -0.127    0.127  1
RGI60-03.03825     1.63110   82.028621  -82.169399   -0.472    0.142  1
RGI60-03.03294     1.63042   81.609320  -85.152157   -0.279    0.131  1
RGI60-03.01165     1.62702   79.836868  -95.642913   -0.371    0.136  1
RGI60-03.01665     1.62058   77.414810  -78.902546   -0.491    0.160  1
RGI60-03.03580     1.61974   82.839344  -75.986797   -0.181    0.147  1
RGI60-03.00254     1.61528   79.905235  -73.941038   -0.328    0.136  1
RGI60-03.04257     1.61273   80.728967  -85.501708   -0.479    0.139  1
RGI60-03.04272     1.61192   80.987571  -80.342305   -0.407    0.136  1
RGI60-03.04557     1.60957   75.840691 -114.488558   -1.167    0.243  1
RGI60-03.03223     1.60369   81.109032  -88.054290   -0.560    0.139  1
RGI60-03.04262     1.60281   80.748363  -85.272362   -0.490    0.138  1
RGI60-03.01173     1.59952   78.881712  -92.816684   -0.479    0.150  1
RGI60-03.03150     1.59918   81.556056  -85.626153   -0.796    0.169  1
RGI60-03.00736     1.59735   79.771317  -71.827564   -0.363    0.146  1
RGI60-03.03942     1.59660   81.836981  -84.265316   -0.503    0.140  1
RGI60-03.02733     1.59642   82.742985  -72.063045   -0.113    0.147  1
RGI60-03.03470     1.59176   82.569880  -81.235695   -0.354    0.148  1
RGI60-03.00288     1.58972   80.158703  -72.909185   -0.485    0.144  1
RGI60-03.03265     1.58808   81.927344  -80.173080   -0.312    0.136  1
RGI60-03.03953     1.58679   82.234379  -83.470010   -0.329    0.136  1
RGI60-03.00324     1.58673   80.385514  -71.595319   -0.311    0.132  1
RGI60-03.04261     1.58591   80.740712  -85.348575   -0.561    0.141  1
RGI60-03.00563     1.58235   79.766521  -74.691830   -0.279    0.135  1
RGI60-03.00061     1.58119   80.449524  -69.761393   -0.466    0.136  1
RGI60-03.03050     1.57931   81.316471  -86.231628   -0.416    0.139  1
RGI60-03.02968     1.57734   81.275336  -76.309192   -0.599    0.148  1
RGI60-03.03386     1.57557   81.900140  -80.195583   -0.189    0.133  1
RGI60-03.02219     1.57299   78.247509  -84.795816   -0.383    0.150  1
RGI60-03.00690     1.57000   79.177437  -80.996480   -0.509    0.155  1
RGI60-03.00017     1.56761   80.918388  -69.785916   -0.385    0.132  1
RGI60-03.02862     1.56561   82.555029  -76.216142   -0.356    0.150  1
RGI60-03.01357     1.56476   78.805584  -88.688445   -0.552    0.159  1
RGI60-03.02730     1.56170   81.718467  -75.347099   -0.330    0.135  1
RGI60-03.03275     1.55933   81.452370  -84.274113   -0.570    0.144  1
RGI60-03.02583     1.55889   82.609844  -76.408510   -0.227    0.144  1
RGI60-03.02716     1.55551   82.082044  -71.434195   -0.400    0.138  1
RGI60-03.03058     1.55407   81.316539  -86.664283   -0.548    0.151  1
RGI60-03.03681     1.55362   82.578299  -66.031604   -0.360    0.150  1
RGI60-03.00081     1.55039   80.723872  -69.104585   -0.337    0.131  1
RGI60-03.02199     1.55023   78.467463  -83.864755   -0.377    0.152  1
RGI60-03.00845     1.54965   79.493797  -91.370900   -0.421    0.149  1
RGI60-03.00363     1.54748   80.534054  -71.132068   -0.494    0.141  1
RGI60-03.00710     1.54667   76.250390  -89.274176   -0.567    0.156  1
RGI60-03.01284     1.54611   79.521262  -93.495278   -0.603    0.160  1
RGI60-03.01299     1.54306   79.038598  -91.366948   -0.407    0.140  1
RGI60-03.04250     1.54150   80.955076  -80.200318   -0.630    0.147  1
RGI60-03.04356     1.54126   81.146738  -79.514263   -0.413    0.136  1
RGI60-03.02325     1.53569   75.140084  -85.838174   -0.149    0.133  1
RGI60-03.03745     1.53549   81.794957  -86.551629   -0.532    0.143  1
RGI60-03.01245     1.53306   80.118599  -94.022124   -0.403    0.147  1
RGI60-03.00633     1.53258   79.913599  -71.802960   -0.516    0.142  1
RGI60-03.04160     1.52930   82.868059  -74.891461   -0.259    0.153  1
RGI60-03.03734     1.52882   82.590459  -67.012808   -0.476    0.150  1
RGI60-03.02192     1.52740   78.534083  -85.372558   -0.214    0.145  1
RGI60-03.01154     1.52231   80.450177  -94.105496   -0.478    0.163  1
RGI60-03.03254     1.52190   81.946039  -80.797678   -0.289    0.132  1
RGI60-03.04504     1.52123   81.995539  -71.582274   -0.462    0.146  1
RGI60-03.01172     1.51817   80.208966  -93.308116   -0.144    0.144  1
RGI60-03.03881     1.51661   81.608940  -91.160496   -0.550    0.148  1
RGI60-03.02107     1.51427   76.911226  -82.376327   -0.493    0.163  1
RGI60-03.04249     1.51046   80.702876  -81.692434   -0.523    0.141  1
RGI60-03.03188     1.50969   81.492135  -77.730721   -0.298    0.132  1
RGI60-03.03889     1.50532   81.920843  -81.589095   -0.423    0.136  1
RGI60-03.03401     1.50484   81.201021  -82.795820   -0.555    0.145  1
RGI60-03.03172     1.50475   81.566362  -86.843243   -0.604    0.145  1
RGI60-03.00635     1.50318   79.968911  -71.831616   -0.419    0.137  1
RGI60-03.02543     1.49983   82.502431  -78.727535   -0.342    0.145  1
RGI60-03.00236     1.49914   81.212773  -67.513740   -0.302    0.129  1
RGI60-03.04462     1.49842   81.378360  -75.462276   -0.369    0.145  1
RGI60-03.01559     1.49467   76.563513  -78.528994   -0.441    0.152  1
RGI60-03.03611     1.49380   82.914393  -79.306289    0.016    0.148  1
RGI60-03.03545     1.49328   82.772757  -80.622193   -0.442    0.157  1
RGI60-03.03271     1.49300   81.297223  -79.241024   -0.223    0.128  1
RGI60-03.02182     1.49145   78.659990  -78.381393   -0.135    0.140  1
RGI60-03.02896     1.48755   82.606034  -72.295970   -0.411    0.153  1
RGI60-03.03412     1.48731   81.387259  -84.189222   -0.434    0.139  1
RGI60-03.03630     1.48724   82.817384  -79.295752    0.076    0.145  1
RGI60-03.03931     1.47957   81.824347  -90.709969   -0.397    0.142  1
RGI60-03.00586     1.47791   79.616606  -73.584185   -0.496    0.153  1
RGI60-03.03280     1.47766   81.228118  -82.064361   -0.420    0.138  1
RGI60-03.04052     1.47736   83.001443  -70.374128   -0.502    0.224  1
RGI60-03.00623     1.47634   79.901384  -72.134784   -0.582    0.146  1
RGI60-03.02910     1.47329   81.980683  -70.907553   -0.439    0.144  1
RGI60-03.00838     1.47284   79.751572  -89.551470   -0.414    0.147  1
RGI60-03.02193     1.46934   78.496177  -83.826050   -0.450    0.153  1
RGI60-03.03436     1.46849   81.744057  -81.685545   -0.361    0.139  1
RGI60-03.02565     1.46776   82.483481  -75.261871   -0.454    0.162  1
RGI60-03.02578     1.46644   82.567068  -78.632949   -0.404    0.149  1
RGI60-03.03131     1.46391   81.384062  -88.572442   -0.592    0.171  1
RGI60-03.04461     1.46296   81.377123  -75.291281   -0.599    0.151  1
RGI60-03.04062     1.46265   82.945702  -70.591717   -0.314    0.164  1
RGI60-03.02007     1.45970   80.904628  -75.779732   -0.095    0.126  1
RGI60-03.03037     1.45309   81.270981  -86.822509   -0.440    0.142  1
RGI60-03.00488     1.45127   79.725788  -75.555503   -0.184    0.134  1
RGI60-03.00863     1.44605   80.541864  -92.813989   -0.231    0.142  1
RGI60-03.04508     1.44570   81.456961  -77.167067   -0.447    0.141  1
RGI60-03.03282     1.44250   81.173505  -83.505273   -0.428    0.139  1
RGI60-03.03429     1.44155   81.813662  -82.546171   -0.452    0.144  1
RGI60-03.00848     1.43794   79.445191  -91.254424   -0.404    0.145  1
RGI60-03.00685     1.43261   81.211041  -92.335338   -0.390    0.147  1
RGI60-03.03273     1.43192   81.823875  -82.998494   -0.275    0.139  1
RGI60-03.03067     1.42955   81.382752  -86.718609   -0.629    0.176  1
RGI60-03.01155     1.42919   80.411366  -94.022271   -0.564    0.154  1
RGI60-03.04129     1.42895   82.839788  -75.130462   -0.154    0.149  1
RGI60-03.01748     1.42576   78.789345  -75.027671   -0.387    0.153  1
RGI60-03.03130     1.42304   81.423928  -87.733780   -0.459    0.156  1
RGI60-03.04430     1.42303   80.806821  -82.333455   -0.411    0.140  1
RGI60-03.04352     1.42188   81.195106  -80.777925   -0.539    0.145  1
RGI60-03.04368     1.42180   81.023070  -81.422064   -0.324    0.138  1
RGI60-03.02726     1.42176   82.800615  -71.984105   -0.015    0.143  1
RGI60-03.02232     1.41959   78.004564  -84.985512   -0.456    0.163  1
RGI60-03.00297     1.41917   80.269240  -73.460196   -0.372    0.134  1
RGI60-03.00776     1.41714   79.349777  -77.289879   -0.398    0.152  1
RGI60-03.02237     1.41676   77.600278  -82.173284   -0.301    0.132  1
RGI60-03.02925     1.41198   81.573799  -74.661084   -0.555    0.146  1
RGI60-03.03072     1.41170   81.506442  -84.667724   -0.397    0.143  1
RGI60-03.01153     1.40997   80.498269  -94.974144   -0.346    0.148  1
RGI60-03.01149     1.40641   80.742389  -92.674993   -0.650    0.163  1
RGI60-03.03255     1.40450   81.699767  -83.733166   -0.397    0.141  1
RGI60-03.00258     1.40327   79.902674  -73.714915   -0.240    0.136  1
RGI60-03.04183     1.40290   82.929732  -70.637750   -0.284    0.165  1
RGI60-03.03947     1.40166   82.245351  -82.691020   -0.366    0.143  1
RGI60-03.02556     1.40090   82.448860  -75.419384   -0.201    0.145  1
RGI60-03.03850     1.39754   81.963100  -86.077090   -0.692    0.157  1
RGI60-03.03597     1.39730   82.880343  -76.117629   -0.377    0.158  1
RGI60-03.02713     1.39662   82.438001  -74.958862   -0.166    0.145  1
RGI60-03.00255     1.39540   79.909063  -73.893059   -0.383    0.139  1
RGI60-03.03762     1.39315   81.693520  -89.222062   -0.300    0.135  1
RGI60-03.01433     1.39153   75.850483  -79.501277   -0.492    0.172  1
RGI60-03.02501     1.39108   82.425535  -70.366853   -0.583    0.147  1
RGI60-03.02165     1.38849   79.129035  -81.937653   -0.641    0.163  1
RGI60-03.03356     1.38780   81.776510  -81.574211   -0.387    0.141  1
RGI60-03.03525     1.38513   82.643655  -77.127046   -0.244    0.151  1
RGI60-03.01455     1.37611   75.057319  -84.274124   -0.340    0.148  1
RGI60-03.00638     1.37510   79.996746  -71.765214   -0.446    0.145  1
RGI60-03.02347     1.37395   74.748629  -85.153850   -0.520    0.157  1
RGI60-03.03128     1.37366   81.403633  -87.086262   -0.452    0.155  1
RGI60-03.03818     1.37272   81.937370  -83.062581   -0.434    0.140  1
RGI60-03.03428     1.37272   81.802856  -83.410508   -0.553    0.146  1
RGI60-03.00837     1.37237   79.671392  -89.569837   -0.456    0.149  1
RGI60-03.00372     1.36959   81.110318  -67.361374   -0.365    0.134  1
RGI60-03.01323     1.36809   78.340702  -89.829049   -1.157    0.218  1
RGI60-03.01349     1.36630   78.734131  -88.596354   -0.680    0.170  1
RGI60-03.04158     1.36295   82.895595  -73.127274   -0.237    0.148  1
RGI60-03.03638     1.36238   82.780496  -79.499742    0.093    0.146  1
RGI60-03.00689     1.36000   79.180523  -80.448657   -0.397    0.146  1
RGI60-03.03849     1.35856   81.951493  -86.176430   -0.370    0.137  1
RGI60-03.04348     1.35556   80.915204  -82.419523   -0.563    0.152  1
RGI60-03.00066     1.35443   80.581261  -69.763877   -0.235    0.128  1
RGI60-03.01174     1.35275   78.443215  -89.262053   -0.321    0.160  1
RGI60-03.02605     1.35219   82.642566  -72.946375   -0.552    0.165  1
RGI60-03.01044     1.35118   78.650889  -92.014705   -0.485    0.161  1
RGI60-03.04455     1.35001   80.922457  -83.693762   -0.437    0.137  1
RGI60-03.04071     1.34693   83.007508  -71.967999    0.316    0.216  1
RGI60-03.01819     1.34408   77.074737  -84.423128   -0.170    0.158  1
RGI60-03.04049     1.34111   83.070310  -69.975125   -0.821    0.283  1
RGI60-03.02015     1.33981   80.765644  -76.526114   -0.266    0.130  1
RGI60-03.01399     1.33658   79.605582  -93.136770   -0.536    0.147  1
RGI60-03.00758     1.33329   79.803737  -71.427992   -0.463    0.143  1
RGI60-03.04363     1.33184   81.001301  -84.671149   -0.477    0.138  1
RGI60-03.00556     1.33094   79.770550  -74.381014   -0.437    0.142  1
RGI60-03.04478     1.33081   82.404762  -82.238712   -0.016    0.146  1
RGI60-03.02712     1.32856   82.419314  -75.148676   -0.435    0.153  1
RGI60-03.01810     1.32224   76.372735  -86.779595   -0.312    0.147  1
RGI60-03.01164     1.31841   79.853362  -95.405154   -0.619    0.152  1
RGI60-03.01292     1.31620   79.116587  -90.783365   -0.319    0.145  1
RGI60-03.02130     1.31463   79.533913  -83.258976   -0.583    0.171  1
RGI60-03.02534     1.31382   81.878135  -71.943643   -0.510    0.149  1
RGI60-03.01925     1.31174   76.738635  -84.061243   -0.511    0.167  1
RGI60-03.01359     1.31119   78.787683  -88.671274   -0.453    0.156  1
RGI60-03.00076     1.30822   80.659710  -69.304371   -0.237    0.128  1
RGI60-03.00291     1.30349   80.208977  -73.074283   -0.284    0.136  1
RGI60-03.01168     1.30327   79.506557  -92.605467   -0.768    0.190  1
RGI60-03.02094     1.30271   76.777303  -82.784395   -0.181    0.160  1
RGI60-03.01113     1.29818   80.344830  -93.710022   -0.511    0.154  1
RGI60-03.01670     1.29767   77.384369  -78.645994   -0.310    0.139  1
RGI60-03.02728     1.29761   82.135450  -69.580763   -0.412    0.141  1
RGI60-03.02215     1.29694   78.264910  -83.894362   -0.496    0.161  1
RGI60-03.02915     1.29483   81.968574  -70.917890   -0.453    0.148  1
RGI60-03.02566     1.29433   82.501595  -75.173631   -0.468    0.155  1
RGI60-03.02720     1.28920   81.587196  -77.252764   -0.366    0.139  1
RGI60-03.00661     1.28626   79.748325  -72.726323   -0.503    0.152  1
RGI60-03.04105     1.28551   82.878653  -70.055307   -0.422    0.166  1
RGI60-03.00520     1.28410   79.551903  -74.917258   -0.347    0.148  1
RGI60-03.02126     1.28386   79.635681  -83.021100   -0.584    0.167  1
RGI60-03.01158     1.28249   80.203396  -93.927617   -0.378    0.150  1
RGI60-03.01329     1.28238   78.315115  -89.857120   -1.064    0.205  1
RGI60-03.02544     1.28098   82.503417  -78.673956   -0.482    0.154  1
RGI60-03.04499     1.28044   82.850637  -79.181219   -0.521    0.158  1
RGI60-03.04193     1.28030   82.904665  -71.828808   -0.116    0.165  1
RGI60-03.04401     1.28000   80.774390  -80.866392   -0.066    0.138  1
RGI60-03.03650     1.27937   82.859115  -79.619393    0.180    0.149  1
RGI60-03.03511     1.27748   82.629874  -77.701611   -0.273    0.146  1
RGI60-03.00961     1.27619   78.970974  -89.998849   -1.152    0.190  1
RGI60-03.01398     1.27433   79.611182  -93.166713   -0.512    0.146  1
RGI60-03.03559     1.26848   82.671814  -80.616557    0.046    0.146  1
RGI60-03.04558     1.26827   75.747328 -115.339462    0.088    0.155  1
RGI60-03.01147     1.26818   80.899682  -93.927889   -0.467    0.156  1
RGI60-03.00892     1.26732   79.291441  -88.672422   -0.582    0.147  1
RGI60-03.02190     1.26698   78.519242  -83.817243   -0.501    0.157  1
RGI60-03.00620     1.26675   79.882924  -72.457611   -0.495    0.145  1
RGI60-03.00008     1.26650   80.882988  -69.364215   -0.460    0.141  1
RGI60-03.02411     1.26466   74.560109  -86.450953   -0.505    0.163  1
RGI60-03.02962     1.26464   81.124092  -77.733705   -0.796    0.194  1
RGI60-03.00608     1.26409   79.869011  -72.995132   -0.358    0.142  1
RGI60-03.03028     1.26348   81.338438  -85.139364   -0.562    0.148  1
RGI60-03.00477     1.26282   79.592452  -76.502834   -0.345    0.145  1
RGI60-03.02239     1.26108   77.476557  -81.943342   -0.273    0.136  1
RGI60-03.00622     1.25882   79.890702  -72.126071   -0.398    0.140  1
RGI60-03.02287     1.25622   76.443180  -83.676020   -0.019    0.141  1
RGI60-03.00726     1.25510   79.742401  -72.507180   -0.213    0.145  1
RGI60-03.02369     1.25153   74.680867  -86.234390    0.066    0.141  1
RGI60-03.01574     1.25111   76.572019  -78.268010   -0.167    0.151  1
RGI60-03.04293     1.24998   81.169243  -81.361871   -0.409    0.141  1
RGI60-03.03094     1.24989   81.436121  -84.726090   -0.404    0.150  1
RGI60-03.04035     1.24980   82.984126  -73.638066    0.022    0.203  1
RGI60-03.02538     1.24889   81.850635  -72.125359   -0.415    0.142  1
RGI60-03.03893     1.24832   81.777373  -90.953863   -0.262    0.136  1
RGI60-03.02283     1.24699   76.570885  -90.724572   -0.123    0.151  1
RGI60-03.02267     1.24582   76.689043  -89.323683   -0.384    0.155  1
RGI60-03.00041     1.24470   80.644122  -71.497582   -0.512    0.147  1
RGI60-03.03634     1.24392   82.802795  -79.588358   -0.656    0.170  1
RGI60-03.02885     1.23490   82.604737  -74.858645   -0.470    0.155  1
RGI60-03.03540     1.23378   82.867246  -77.714765   -0.039    0.144  1
RGI60-03.02223     1.23317   78.146068  -84.261620   -0.416    0.163  1
RGI60-03.04404     1.23256   80.656748  -84.101806   -0.354    0.143  1
RGI60-03.03804     1.23227   81.696858  -90.400041   -0.653    0.151  1
RGI60-03.02715     1.23180   82.109397  -79.421309   -0.448    0.147  1
RGI60-03.04493     1.22994   81.648825  -89.256221   -0.377    0.144  1
RGI60-03.04057     1.22914   83.092388  -70.282604    0.450    0.322  1
RGI60-03.03523     1.22897   82.642813  -77.269825   -0.230    0.151  1
RGI60-03.02330     1.22597   74.998457  -85.535931    0.061    0.134  1
RGI60-03.00309     1.22504   80.278477  -72.477332   -0.338    0.137  1
RGI60-03.02650     1.22410   82.635858  -80.433125   -0.276    0.148  1
RGI60-03.01852     1.22389   76.996029  -83.385057   -0.557    0.170  1
RGI60-03.02944     1.22299   81.566393  -75.268544   -0.418    0.143  1
RGI60-03.00319     1.22256   81.111910  -68.810994   -0.292    0.134  1
RGI60-03.03174     1.22060   81.773588  -82.024523   -0.191    0.140  1
RGI60-03.02167     1.22048   79.119720  -82.513138   -0.680    0.167  1
RGI60-03.02613     1.21964   82.693885  -73.489166   -0.276    0.154  1
RGI60-03.02269     1.21941   76.672144  -89.156188   -0.233    0.147  1
RGI60-03.01171     1.21923   78.876758  -92.891260   -0.490    0.156  1
RGI60-03.03278     1.21729   81.825090  -82.942820    0.044    0.140  1
RGI60-03.02225     1.21634   78.128474  -84.276382   -0.368    0.160  1
RGI60-03.01400     1.21568   79.598583  -93.098485   -0.613    0.153  1
RGI60-03.02152     1.21498   79.112228  -79.159967   -0.117    0.147  1
RGI60-03.03043     1.21475   81.366852  -84.862670   -0.335    0.140  1
RGI60-03.02737     1.21344   82.066333  -70.993386   -0.284    0.138  1
RGI60-03.02317     1.21298   75.298252  -85.477774   -0.059    0.144  1
RGI60-03.00337     1.21290   80.440124  -71.451747   -0.241    0.135  1
RGI60-03.00683     1.21171   81.328467  -93.763136   -0.429    0.152  1
RGI60-03.01003     1.21121   78.433552  -90.260194   -0.650    0.165  1
RGI60-03.04182     1.21072   82.896280  -70.387486   -0.315    0.170  1
RGI60-03.04355     1.20805   81.192759  -80.854742   -0.318    0.136  1
RGI60-03.01762     1.20742   78.746893  -76.245699   -0.264    0.148  1
RGI60-03.00587     1.20572   79.612226  -73.644504   -0.452    0.156  1
RGI60-03.03930     1.20546   81.796067  -90.912747   -0.367    0.141  1
RGI60-03.00060     1.20505   80.463290  -69.715116   -0.404    0.139  1
RGI60-03.02333     1.20290   74.957256  -87.664011   -0.048    0.131  1
RGI60-03.00164     1.20056   79.775767  -81.090972   -0.796    0.183  1
RGI60-03.02316     1.19980   75.290165  -85.107636   -0.524    0.175  1
RGI60-03.00653     1.19972   80.046475  -71.197963   -0.477    0.144  1
RGI60-03.02738     1.19956   81.767335  -73.759749   -0.534    0.144  1
RGI60-03.00028     1.19717   80.898994  -70.579434   -0.165    0.134  1
RGI60-03.01166     1.19571   79.699615  -94.962079   -0.283    0.135  1
RGI60-03.02348     1.19384   74.748841  -85.421378    0.005    0.131  1
RGI60-03.02377     1.19330   74.670899  -86.624743   -0.053    0.140  1
RGI60-03.02724     1.19243   82.092149  -80.236417   -0.357    0.150  1
RGI60-03.00713     1.19135   76.221972  -90.401941   -0.299    0.149  1
RGI60-03.01676     1.19014   77.324600  -78.777029   -0.686    0.157  1
RGI60-03.01335     1.18976   78.391051  -89.172983   -0.787    0.173  1
RGI60-03.04142     1.18685   82.889282  -70.193327   -0.461    0.165  1
RGI60-03.02861     1.17833   82.550548  -76.359716    0.055    0.144  1
RGI60-03.03859     1.17574   81.910044  -86.607478   -0.529    0.157  1
RGI60-03.03721     1.17572   82.458257  -67.992963   -0.478    0.154  1
RGI60-03.04131     1.17446   82.857627  -75.067225   -0.385    0.155  1
RGI60-03.00656     1.17321   80.075446  -70.993192   -0.430    0.142  1
RGI60-03.02297     1.17303   76.400413  -91.428434   -0.475    0.164  1
RGI60-03.00802     1.16997   80.892826  -68.926124   -0.345    0.144  1
RGI60-03.03224     1.16780   81.745121  -85.430037   -0.455    0.146  1
RGI60-03.03015     1.16772   81.369846  -84.306377   -0.480    0.141  1
RGI60-03.00516     1.16762   79.580825  -74.901870   -0.585    0.161  1
RGI60-03.00825     1.16613   79.719799  -92.237786   -0.322    0.138  1
RGI60-03.04360     1.16193   81.036674  -83.689124   -0.464    0.139  1
RGI60-03.03160     1.16142   81.532169  -86.268414   -0.452    0.172  1
RGI60-03.01831     1.16060   76.883918  -87.247084   -0.317    0.153  1
RGI60-03.00627     1.15966   79.921024  -71.992603   -0.331    0.140  1
RGI60-03.02934     1.15873   81.609562  -75.823891   -0.680    0.173  1
RGI60-03.03296     1.15795   81.883532  -81.164882   -0.450    0.148  1
RGI60-03.02251     1.15409   76.654095  -81.422615   -0.089    0.144  1
RGI60-03.04010     1.15268   82.992172  -72.509905   -0.518    0.246  1
RGI60-03.02263     1.15127   76.709707  -89.244724   -0.367    0.154  1
RGI60-03.02281     1.15091   76.580536  -88.933874   -0.256    0.147  1
RGI60-03.03640     1.15044   82.794063  -79.707668   -0.119    0.155  1
RGI60-03.02076     1.15000   79.210290  -80.028355   -0.398    0.147  1
RGI60-03.00538     1.14984   80.837878  -71.350678   -0.662    0.153  1
RGI60-03.03616     1.14940   82.931017  -79.265442   -0.362    0.151  1
RGI60-03.00933     1.14925   78.883429  -88.551045   -0.604    0.169  1
RGI60-03.03283     1.14771   81.185044  -84.110387   -0.467    0.142  1
RGI60-03.04297     1.14711   80.884484  -83.294665   -0.438    0.147  1
RGI60-03.03851     1.14511   81.966928  -86.009232   -0.199    0.139  1
RGI60-03.01817     1.14433   76.921764  -84.199904   -0.735    0.178  1
RGI60-03.02284     1.14294   76.453219  -82.912432    0.062    0.144  1
RGI60-03.02878     1.14254   82.357312  -74.994890   -0.333    0.150  1
RGI60-03.00158     1.14170   79.860884  -81.080389   -0.625    0.181  1
RGI60-03.00393     1.14061   81.027929  -67.584825   -0.413    0.138  1
RGI60-03.02516     1.14001   82.523847  -73.438736   -0.508    0.157  1
RGI60-03.01643     1.13937   78.883186  -78.266114   -0.293    0.157  1
RGI60-03.01759     1.13632   78.813603  -76.246004   -0.334    0.153  1
RGI60-03.02280     1.13620   76.587195  -90.856968   -0.283    0.152  1
RGI60-03.00701     1.13560   76.590773  -82.708370   -0.490    0.166  1
RGI60-03.01890     1.13499   76.514737  -85.145813   -0.224    0.164  1
RGI60-03.03002     1.13428   81.335576  -84.891755   -0.711    0.159  1
RGI60-03.01581     1.13202   76.509318  -78.939798   -0.575    0.176  1
RGI60-03.02204     1.13112   78.425668  -84.189910   -0.663    0.167  1
RGI60-03.04346     1.13087   81.142729  -79.467148   -0.414    0.150  1
RGI60-03.03301     1.12951   81.220541  -84.258940   -0.487    0.148  1
RGI60-03.02040     1.12937   80.192783  -72.748389   -0.127    0.133  1
RGI60-03.01348     1.12864   78.505971  -88.205619   -0.683    0.182  1
RGI60-03.00767     1.12819   79.543077  -76.191024   -0.365    0.151  1
RGI60-03.00059     1.12818   80.481698  -69.445809   -0.449    0.143  1
RGI60-03.01143     1.12763   80.977871  -92.968367   -0.425    0.141  1
RGI60-03.00954     1.12304   78.992870  -90.569907   -0.466    0.162  1
RGI60-03.04514     1.12169   81.406655  -86.955098   -0.282    0.153  1
RGI60-03.04406     1.12057   80.641492  -84.164144   -0.387    0.143  1
RGI60-03.01170     1.11958   79.118119  -88.371684   -0.746    0.165  1
RGI60-03.02519     1.11872   82.517653  -72.771957   -0.482    0.153  1
RGI60-03.04195     1.11791   82.911684  -71.500571   -0.292    0.161  1
RGI60-03.00681     1.11718   81.257741  -94.218893   -0.298    0.139  1
RGI60-03.03154     1.11688   81.406989  -88.878160   -0.598    0.171  1
RGI60-03.00719     1.11525   76.185947  -91.484615   -0.182    0.147  1
RGI60-03.02758     1.11203   82.074295  -80.007499   -0.093    0.145  1
RGI60-03.01836     1.11002   76.538391  -84.776980   -0.227    0.168  1
RGI60-03.03538     1.11000   82.803112  -80.643401   -0.316    0.151  1
RGI60-03.04004     1.10998   82.976991  -72.552563   -0.106    0.210  1
RGI60-03.00267     1.10905   79.926982  -73.091947   -0.416    0.146  1
RGI60-03.03995     1.10860   82.183083  -85.444487   -0.267    0.140  1
RGI60-03.03085     1.10666   81.347239  -87.594910   -0.606    0.160  1
RGI60-03.02332     1.10566   74.930013  -84.432064   -0.211    0.167  1
RGI60-03.02897     1.10531   82.619294  -72.267146   -0.463    0.157  1
RGI60-03.03000     1.10488   81.250100  -86.454521   -0.613    0.165  1
RGI60-03.02967     1.10399   81.268497  -76.557918   -0.416    0.145  1
RGI60-03.01820     1.10337   77.097581  -84.301307   -0.308    0.155  1
RGI60-03.01157     1.10257   80.319015  -93.460378   -0.415    0.159  1
RGI60-03.02173     1.10122   78.716494  -74.422525   -0.129    0.156  1
RGI60-03.00344     1.10016   80.365944  -71.161994   -0.427    0.139  1
RGI60-03.01828     1.09614   76.569016  -84.504081    0.020    0.159  1
RGI60-03.04174     1.09535   82.907780  -73.002763   -0.475    0.179  1
RGI60-03.01306     1.09534   78.777340  -92.192244   -0.431    0.154  1
RGI60-03.00022     1.09412   80.970000  -70.192406   -0.280    0.132  1
RGI60-03.01163     1.09399   79.894389  -94.578991   -0.427    0.142  1
RGI60-03.03146     1.09299   81.430010  -88.057303   -0.569    0.155  1
RGI60-03.01352     1.09223   78.759909  -88.616002   -0.198    0.152  1
RGI60-03.03206     1.09084   81.614993  -87.675010   -0.645    0.151  1
RGI60-03.01636     1.09073   78.762992  -78.793996   -0.542    0.161  1
RGI60-03.01832     1.09038   76.866411  -83.396256   -0.063    0.167  1
RGI60-03.02891     1.08965   82.365342  -73.125376   -0.354    0.142  1
RGI60-03.00541     1.08943   79.602042  -74.260028   -0.618    0.165  1
RGI60-03.02608     1.08901   82.674184  -72.881361   -0.564    0.164  1
RGI60-03.02390     1.08674   74.593102  -85.125213   -0.153    0.146  1
RGI60-03.03772     1.08370   81.942077  -83.910203   -0.299    0.138  1
RGI60-03.02308     1.08240   75.354437  -84.912783   -0.721    0.175  1
RGI60-03.01338     1.08234   78.404822  -89.196599   -0.718    0.182  1
RGI60-03.02530     1.08177   82.426051  -81.377695   -0.415    0.156  1
RGI60-03.04201     1.07930   82.907124  -71.577732   -0.181    0.160  1
RGI60-03.02019     1.07911   80.583029  -70.743707   -0.155    0.136  1
RGI60-03.00820     1.07901   80.570718  -93.051318   -0.519    0.157  1
RGI60-03.02217     1.07852   78.261909  -85.697548   -0.566    0.166  1
RGI60-03.04072     1.07832   83.094578  -71.688856   -0.074    0.399  1
RGI60-03.03421     1.07597   81.742242  -85.215615   -0.454    0.146  1
RGI60-03.02310     1.07589   75.333115  -85.894895   -0.376    0.156  1
RGI60-03.03016     1.07237   81.364664  -84.371932   -0.553    0.146  1
RGI60-03.02383     1.07144   74.517032  -82.048206   -0.326    0.193  1
RGI60-03.03524     1.07082   82.659770  -76.866795   -0.302    0.154  1
RGI60-03.00679     1.06247   78.752819  -92.400438   -0.549    0.158  1
RGI60-03.02324     1.06173   75.144506  -86.216450   -0.056    0.130  1
RGI60-03.01145     1.06078   80.883970  -94.785587   -0.401    0.149  1
RGI60-03.03031     1.05914   81.350516  -84.989834   -0.463    0.151  1
RGI60-03.01156     1.05769   80.336290  -95.693866   -0.392    0.158  1
RGI60-03.01757     1.05537   78.742900  -76.103290   -0.418    0.161  1
RGI60-03.03775     1.05492   82.004093  -80.863598   -0.261    0.138  1
RGI60-03.03119     1.05243   81.395836  -85.137732   -0.456    0.158  1
RGI60-03.00354     1.05047   80.452175  -70.754291   -0.469    0.148  1
RGI60-03.01573     1.05016   76.583755  -78.242058   -0.158    0.149  1
RGI60-03.03613     1.04991   82.979631  -76.367863   -0.668    0.188  1
RGI60-03.02236     1.04987   77.614745  -82.596694   -0.192    0.134  1
RGI60-03.03476     1.04884   82.723068  -81.000726    0.475    0.167  1
RGI60-03.02137     1.04723   79.379089  -83.241076   -0.163    0.154  1
RGI60-03.01635     1.04613   78.741279  -78.905819   -0.177    0.153  1
RGI60-03.03509     1.04472   82.666884  -77.146253   -0.458    0.167  1
RGI60-03.03566     1.04460   82.868081  -78.794457    0.097    0.153  1
RGI60-03.04389     1.04367   81.076836  -81.753878   -0.604    0.149  1
RGI60-03.03694     1.04194   82.633301  -66.261944   -0.211    0.151  1
RGI60-03.03186     1.04160   81.590667  -87.415271   -0.599    0.153  1
RGI60-03.03099     1.04107   81.343766  -85.581978   -0.492    0.161  1
RGI60-03.04426     1.04077   80.834852  -80.917451   -0.494    0.161  1
RGI60-03.00594     1.04029   79.605158  -73.738904   -0.448    0.161  1
RGI60-03.04460     1.03954   81.286744  -76.078809   -0.384    0.146  1
RGI60-03.04167     1.03944   82.919755  -70.140521   -0.579    0.195  1
RGI60-03.00512     1.03886   79.614424  -74.936915   -0.396    0.155  1
RGI60-03.03213     1.03694   81.674956  -86.076079   -0.571    0.155  1
RGI60-03.00619     1.03575   79.924058  -72.453042   -0.461    0.146  1
RGI60-03.00783     1.03480   79.283671  -78.169277   -0.055    0.155  1
RGI60-03.02314     1.03382   75.301952  -85.264323   -0.828    0.171  1
RGI60-03.03281     1.03381   81.678187  -85.495308   -0.566    0.153  1
RGI60-03.04080     1.02786   82.791199  -72.302205    0.066    0.156  1
RGI60-03.00573     1.02720   79.733541  -73.718216   -0.394    0.155  1
RGI60-03.02539     1.02492   81.833052  -72.435963   -0.516    0.162  1
RGI60-03.02923     1.02216   81.566978  -74.567017   -0.517    0.149  1
RGI60-03.03242     1.02136   81.835770  -83.469992   -0.513    0.151  1
RGI60-03.00686     1.02043   80.940946  -94.635069   -0.137    0.132  1
RGI60-03.03300     1.02033   81.847016  -81.860869   -0.456    0.145  1
RGI60-03.03756     1.02007   81.721499  -87.930330   -0.327    0.139  1
RGI60-03.03205     1.01813   81.611472  -86.283185   -0.525    0.153  1
RGI60-03.04196     1.01639   82.906722  -71.705382    0.081    0.167  1
RGI60-03.02603     1.01571   82.646684  -73.174570   -0.428    0.155  1
RGI60-03.04458     1.01554   81.124569  -77.816644   -0.636    0.151  1
RGI60-03.02398     1.01497   74.587033  -85.660174   -0.099    0.142  1
RGI60-03.03972     1.01422   82.165320  -83.113023   -0.388    0.163  1
RGI60-03.02179     1.01351   78.856451  -80.949733   -0.263    0.156  1
RGI60-03.03161     1.01315   81.524974  -86.367860   -0.411    0.162  1
RGI60-03.01140     1.01213   80.960895  -94.726651   -0.338    0.142  1
RGI60-03.02912     1.01199   81.987900  -70.860354   -0.409    0.147  1
RGI60-03.02880     1.01045   82.421475  -74.696294   -0.452    0.154  1
RGI60-03.04011     1.01022   82.973588  -72.470686   -0.026    0.218  1
RGI60-03.01148     1.00925   80.851523  -93.681387   -0.413    0.155  1
RGI60-03.00231     1.00851   81.222870  -67.473253   -0.340    0.140  1
RGI60-03.03079     1.00768   81.347963  -87.527422   -0.523    0.153  1
RGI60-03.04087     1.00714   82.830870  -69.952154   -0.003    0.149  1
RGI60-03.02505     1.00305   82.407669  -75.269619   -0.396    0.157  1
RGI60-03.04202     1.00168   82.741972  -75.229946   -0.096    0.147  1
RGI60-03.02342     1.00151   74.632235  -80.718152   -1.583    0.302  1
RGI60-03.02031     0.99993   80.515568  -77.330166    0.045    0.139  1
RGI60-03.02013     0.99989   80.783082  -76.826395    0.021    0.131  1
RGI60-03.02028     0.99896   80.396108  -69.829386   -0.235    0.137  1
RGI60-03.00748     0.99872   79.810724  -72.289037   -0.484    0.168  1
RGI60-03.02254     0.99541   76.605656  -81.247808   -0.023    0.145  1
RGI60-03.00746     0.99515   79.688257  -72.203514   -0.570    0.159  1
RGI60-03.00858     0.99356   79.595857  -89.798876   -0.125    0.143  1
RGI60-03.00670     0.99223   80.708181  -92.844070   -0.539    0.174  1
RGI60-03.04412     0.99059   80.668369  -84.701058   -0.313    0.137  1
RGI60-03.02021     0.98896   80.534016  -69.651858   -0.267    0.140  1
RGI60-03.01904     0.98729   76.697687  -84.852542   -0.180    0.165  1
RGI60-03.01900     0.98538   76.712828  -85.128387   -0.201    0.154  1
RGI60-03.02426     0.98508   75.657984  -83.425981    0.043    0.159  1
RGI60-03.04086     0.98356   82.693929  -74.149665   -0.204    0.154  1
RGI60-03.02321     0.98268   75.189117  -86.136398   -0.279    0.142  1
RGI60-03.00675     0.98143   80.466293  -93.467571   -0.355    0.151  1
RGI60-03.02360     0.98070   74.585718  -82.186141   -0.268    0.174  1
RGI60-03.03532     0.97954   82.846146  -77.698852    0.180    0.156  1
RGI60-03.01501     0.97908   77.187124  -79.171784   -0.513    0.175  1
RGI60-03.03598     0.97904   82.835827  -76.154096   -0.178    0.159  1
RGI60-03.00676     0.97737   80.227832  -92.197585   -0.554    0.149  1
RGI60-03.00680     0.97702   78.456890  -89.096067   -0.505    0.171  1
RGI60-03.03262     0.97395   81.170627  -84.550989   -0.273    0.145  1
RGI60-03.00471     0.97137   79.247891  -80.015579   -0.392    0.156  1
RGI60-03.04029     0.96984   82.953355  -75.047376   -0.636    0.178  1
RGI60-03.00782     0.96910   80.956816  -69.466905   -0.277    0.134  1
RGI60-03.00924     0.96822   78.957428  -88.534306   -0.734    0.166  1
RGI60-03.02322     0.96809   75.136455  -85.073248   -0.191    0.160  1
RGI60-03.02359     0.96800   74.696632  -85.895453   -0.421    0.144  1
RGI60-03.02600     0.96332   82.656594  -72.964898   -0.460    0.162  1
RGI60-03.03127     0.96329   81.413786  -86.997957   -0.347    0.160  1
RGI60-03.03610     0.96057   82.963679  -76.434779   -0.152    0.165  1
RGI60-03.02742     0.95647   81.767482  -73.690318   -0.367    0.142  1
RGI60-03.02926     0.95440   81.596844  -74.646275   -0.422    0.149  1
RGI60-03.00270     0.95331   79.991226  -73.233165   -0.311    0.143  1
RGI60-03.02741     0.95288   82.590813  -76.896957   -0.381    0.154  1
RGI60-03.02541     0.95193   82.587959  -73.405044   -0.527    0.168  1
RGI60-03.00227     0.95191   79.625357  -75.397973   -0.282    0.148  1
RGI60-03.02124     0.95005   79.674142  -83.168926   -0.841    0.182  1
RGI60-03.04518     0.94951   81.553956  -85.568431   -0.680    0.175  1
RGI60-03.02041     0.94948   80.187021  -72.852587   -0.267    0.137  1
RGI60-03.00822     0.94942   79.622423  -92.547311   -0.537    0.170  1
RGI60-03.00800     0.94919   80.919945  -68.946565   -0.448    0.140  1
RGI60-03.02161     0.94915   79.021450  -77.808483   -0.472    0.175  1
RGI60-03.04144     0.94877   82.870193  -74.757946   -0.152    0.160  1
RGI60-03.03237     0.94495   81.825997  -83.591903   -0.691    0.177  1
RGI60-03.04359     0.94447   81.199730  -80.722690   -0.332    0.144  1
RGI60-03.01848     0.94363   76.639317  -84.855197   -0.349    0.169  1
RGI60-03.03493     0.94160   82.798381  -78.212275   -0.298    0.151  1
RGI60-03.03434     0.93819   81.651820  -82.156841   -0.324    0.138  1
RGI60-03.02252     0.93721   76.704448  -83.933155   -0.059    0.152  1
RGI60-03.01255     0.93715   80.065203  -93.903207   -0.522    0.150  1
RGI60-03.02245     0.93430   76.910961  -95.828154   -0.014    0.149  1
RGI60-03.00565     0.93402   79.720292  -73.956046   -0.323    0.153  1
RGI60-03.03298     0.93334   81.398522  -78.295225   -0.242    0.135  1
RGI60-03.02721     0.93302   82.613176  -74.664147   -0.516    0.165  1
RGI60-03.00519     0.93221   79.559149  -74.842426   -0.536    0.162  1
RGI60-03.02229     0.93112   78.017982  -84.929070   -0.428    0.166  1
RGI60-03.03496     0.93000   82.808430  -78.174985   -0.649    0.174  1
RGI60-03.02372     0.92963   74.694183  -87.610251   -0.500    0.151  1
RGI60-03.04365     0.92909   81.082880  -80.044433   -0.344    0.144  1
RGI60-03.01369     0.92719   79.835161  -93.953390   -0.527    0.153  1
RGI60-03.03689     0.92705   82.578685  -65.532961   -0.446    0.169  1
RGI60-03.02732     0.92586   82.486888  -79.788920   -0.302    0.154  1
RGI60-03.02500     0.92564   82.429499  -70.235534   -0.525    0.154  1
RGI60-03.00083     0.92538   80.735622  -69.205648   -0.319    0.140  1
RGI60-03.04194     0.92415   82.923880  -72.012926   -0.334    0.178  1
RGI60-03.01442     0.92266   76.097265  -79.088855   -0.327    0.180  1
RGI60-03.04507     0.91843   81.597757  -74.582613   -0.459    0.148  1
RGI60-03.04549     0.91705   76.262696  -90.566766   -0.781    0.187  1
RGI60-03.04292     0.91667   81.176128  -81.309398   -0.275    0.141  1
RGI60-03.01311     0.91554   78.781465  -91.981500   -0.323    0.159  1
RGI60-03.02318     0.91552   75.291485  -85.296616   -0.486    0.159  1
RGI60-03.04361     0.91538   81.123948  -81.745193   -0.535    0.154  1
RGI60-03.04051     0.91479   82.956733  -70.656661    0.224    0.169  1
RGI60-03.00058     0.91267   80.488990  -69.513497   -0.412    0.149  1
RGI60-03.01673     0.91239   77.347383  -78.674250   -0.463    0.163  1
RGI60-03.02328     0.91201   75.013645  -84.309691   -1.018    0.203  1
RGI60-03.03010     0.91069   81.376308  -84.142594   -0.401    0.143  1
RGI60-03.01956     0.90924   76.573521  -84.715855   -0.367    0.165  1
RGI60-03.04254     0.90816   80.761948  -85.438542   -0.717    0.169  1
RGI60-03.00706     0.90767   76.627426  -82.847397   -0.242    0.148  1
RGI60-03.03164     0.90740   81.548495  -86.140769   -0.541    0.174  1
RGI60-03.03842     0.90694   81.874913  -83.827100   -0.328    0.160  1
RGI60-03.03827     0.90684   81.957556  -82.730776   -0.470    0.147  1
RGI60-03.02719     0.90655   82.678956  -69.384617   -0.046    0.158  1
RGI60-03.01928     0.90647   76.744588  -84.025984   -0.251    0.163  1
RGI60-03.01677     0.90565   77.610466  -78.846945   -0.754    0.169  1
RGI60-03.03307     0.90442   81.557155  -84.918984   -0.332    0.144  1
RGI60-03.03748     0.90349   81.563165  -89.074357   -0.349    0.141  1
RGI60-03.03528     0.90313   82.790622  -80.687000    0.039    0.159  1
RGI60-03.02203     0.90300   78.428425  -84.346253   -0.264    0.156  1
RGI60-03.03226     0.90084   81.698763  -86.358660   -0.372    0.145  1
RGI60-03.01151     0.89888   80.600438  -93.468087   -0.379    0.157  1
RGI60-03.00340     0.89801   80.392305  -71.252686   -0.418    0.148  1
RGI60-03.00693     0.89776   76.425589  -82.788330   -0.699    0.173  1
RGI60-03.02577     0.89691   82.573911  -78.704052   -0.268    0.148  1
RGI60-03.00871     0.89604   79.525726  -89.043789   -0.655    0.159  1
RGI60-03.01295     0.89256   79.136776  -90.776668   -0.359    0.152  1
RGI60-03.01135     0.89156   78.679609  -89.841258   -0.463    0.175  1
RGI60-03.02044     0.88946   79.990006  -72.414986   -0.382    0.152  1
RGI60-03.03437     0.88787   81.815126  -81.708087   -0.442    0.162  1
RGI60-03.02358     0.88674   74.719320  -87.418405   -0.181    0.134  1
RGI60-03.02362     0.88658   74.692975  -85.992060    0.089    0.138  1
RGI60-03.01381     0.88647   79.742813  -93.154419   -0.396    0.144  1
RGI60-03.04350     0.88601   81.019785  -81.811699   -0.375    0.145  1
RGI60-03.03624     0.88436   82.943120  -76.646773    0.099    0.178  1
RGI60-03.00672     0.88335   80.513587  -95.003425   -0.563    0.163  1
RGI60-03.00618     0.88307   79.918858  -72.519575   -0.402    0.145  1
RGI60-03.04054     0.88266   83.001303  -70.301183   -0.156    0.218  1
RGI60-03.02747     0.88255   82.476462  -68.943072   -0.489    0.155  1
RGI60-03.04253     0.88201   80.952455  -80.259147   -0.470    0.151  1
RGI60-03.03938     0.88129   82.044453  -87.360948   -0.306    0.170  1
RGI60-03.02579     0.88129   82.606438  -76.242374    0.130    0.156  1
RGI60-03.04172     0.87986   82.883868  -75.218225   -0.370    0.159  1
RGI60-03.01141     0.87925   80.877389  -94.341031   -0.381    0.154  1
RGI60-03.04521     0.87885   81.754320  -85.255674   -0.568    0.170  1
RGI60-03.02840     0.87757   82.076208  -80.123510   -0.298    0.151  1
RGI60-03.00699     0.87661   76.579716  -82.425582   -0.279    0.158  1
RGI60-03.03247     0.87517   81.668344  -86.796143   -0.460    0.154  1
RGI60-03.01162     0.87458   80.053879  -90.838088   -0.273    0.144  1
RGI60-03.03051     0.87428   81.320597  -86.305384   -0.331    0.142  1
RGI60-03.04224     0.87416   82.925971  -72.897957   -0.474    0.169  1
RGI60-03.02553     0.87360   82.514522  -75.178825   -0.408    0.160  1
RGI60-03.02653     0.87318   82.649531  -80.380616   -0.322    0.152  1
RGI60-03.04333     0.87272   81.235497  -80.060277   -0.383    0.149  1
RGI60-03.03674     0.87092   82.494418  -65.205849   -0.616    0.175  1
RGI60-03.00604     0.87021   79.708106  -73.591165   -0.373    0.155  1
RGI60-03.03999     0.86978   81.737667  -87.346474    0.023    0.135  1
RGI60-03.00599     0.86874   79.637162  -73.483058   -0.396    0.157  1
RGI60-03.04168     0.86795   82.878908  -75.357698   -0.421    0.169  1
RGI60-03.01550     0.86794   76.742246  -77.834208   -0.037    0.161  1
RGI60-03.00798     0.86729   80.905183  -68.701843   -0.342    0.140  1
RGI60-03.00932     0.86708   78.878048  -88.550129   -0.715    0.185  1
RGI60-03.02178     0.86539   78.878316  -80.992522   -0.150    0.151  1
RGI60-03.02995     0.86395   81.584868  -74.178934   -0.474    0.149  1
RGI60-03.02870     0.86257   82.245037  -76.076383   -0.039    0.142  1
RGI60-03.02157     0.86062   79.183372  -82.534604   -0.635    0.162  1
RGI60-03.02723     0.86044   82.111896  -71.367361   -0.346    0.147  1
RGI60-03.02023     0.85984   80.653350  -76.024359   -0.409    0.155  1
RGI60-03.00671     0.85967   80.643673  -93.321776   -0.188    0.147  1
RGI60-03.01497     0.85749   77.193224  -80.230884   -0.121    0.160  1
RGI60-03.01326     0.85681   78.321930  -89.792630   -1.099    0.236  1
RGI60-03.04299     0.85538   80.957798  -81.461938   -0.484    0.148  1
RGI60-03.02491     0.85471   82.097234  -80.579717   -0.540    0.159  1
RGI60-03.02494     0.85280   82.388484  -70.041242   -0.720    0.170  1
RGI60-03.00591     0.85156   79.618979  -73.813821   -0.232    0.154  1
RGI60-03.02830     0.85032   81.608142  -77.020230   -0.143    0.135  1
RGI60-03.02922     0.84992   81.585269  -74.376429   -0.457    0.150  1
RGI60-03.03137     0.84908   81.530197  -85.849198   -0.452    0.171  1
RGI60-03.01549     0.84877   76.761346  -77.845849   -0.759    0.215  1
RGI60-03.02617     0.84838   82.613647  -78.511135   -0.468    0.161  1
RGI60-03.03063     0.84591   81.369354  -86.276545   -0.643    0.159  1
RGI60-03.02529     0.84546   82.427097  -81.438837   -0.363    0.158  1
RGI60-03.02346     0.84378   74.772242  -85.803295    0.050    0.135  1
RGI60-03.02378     0.84344   74.683723  -87.748630   -0.476    0.159  1
RGI60-03.00823     0.84327   79.643743  -92.597221   -0.263    0.162  1
RGI60-03.04252     0.84236   80.954367  -80.151034   -0.593    0.155  1
RGI60-03.03531     0.83964   82.839313  -77.486052   -0.054    0.152  1
RGI60-03.00362     0.83961   80.528462  -71.054448   -0.547    0.159  1
RGI60-03.03512     0.83902   82.652455  -77.203670   -0.354    0.160  1
RGI60-03.02637     0.83614   82.134002  -69.380274   -0.438    0.149  1
RGI60-03.04209     0.83527   82.931403  -73.361617   -0.205    0.155  1
RGI60-03.00678     0.83464   79.678431  -94.031573   -0.595    0.165  1
RGI60-03.00735     0.83410   79.779658  -71.754964   -0.340    0.151  1
RGI60-03.03148     0.83402   81.548241  -85.508452   -0.386    0.164  1
RGI60-03.03214     0.83390   81.673610  -86.042682   -0.472    0.152  1
RGI60-03.01342     0.83319   78.546798  -88.265370   -0.944    0.231  1
RGI60-03.03856     0.83282   82.116323  -82.191943   -0.387    0.148  1
RGI60-03.03304     0.83248   81.804501  -82.150684   -0.397    0.146  1
RGI60-03.04277     0.83151   81.044581  -80.294939   -0.391    0.150  1
RGI60-03.00433     0.83109   81.017124  -68.254159   -0.247    0.136  1
RGI60-03.02005     0.82938   81.141695  -70.617121   -0.259    0.151  1
RGI60-03.02025     0.82908   80.434577  -69.471603   -0.474    0.153  1
RGI60-03.04443     0.82884   80.856154  -81.619314   -0.578    0.168  1
RGI60-03.01799     0.82861   76.666285  -84.220079   -0.514    0.176  1
RGI60-03.03901     0.82761   81.802641  -87.869609   -0.338    0.143  1
RGI60-03.04449     0.82710   80.688013  -81.679596   -0.407    0.140  1
RGI60-03.04053     0.82624   82.945067  -70.532267   -0.091    0.176  1
RGI60-03.03469     0.82548   82.800313  -77.286453    0.107    0.154  1
RGI60-03.01580     0.82493   76.520912  -78.927036   -0.346    0.177  1
RGI60-03.03288     0.82407   81.828541  -82.087846   -0.323    0.152  1
RGI60-03.00220     0.82299   81.231949  -67.460294   -0.406    0.141  1
RGI60-03.04163     0.82281   82.858936  -74.921185   -0.178    0.172  1
RGI60-03.01293     0.82237   79.126441  -90.771325    0.047    0.145  1
RGI60-03.03461     0.81937   82.786380  -77.243476   -0.185    0.161  1
RGI60-03.02535     0.81551   81.836413  -72.304867   -0.431    0.151  1
RGI60-03.03253     0.81501   81.940305  -80.916340   -0.401    0.147  1
RGI60-03.03133     0.81498   81.430891  -87.845288   -0.510    0.163  1
RGI60-03.00648     0.81468   81.072183  -69.559455   -0.374    0.143  1
RGI60-03.03991     0.81236   82.084757  -85.183189   -0.212    0.163  1
RGI60-03.01915     0.81206   76.731920  -84.458848   -0.454    0.175  1
RGI60-03.02064     0.81000   79.328281  -80.461421   -0.487    0.175  1
RGI60-03.00493     0.80801   79.653483  -75.214708   -0.443    0.155  1
RGI60-03.00934     0.80772   78.881159  -88.613505   -0.380    0.145  1
RGI60-03.02937     0.80744   81.577326  -76.550236   -0.241    0.141  1
RGI60-03.00368     0.80682   81.111105  -67.298032   -0.438    0.146  1
RGI60-03.03923     0.80586   81.696386  -90.934295   -0.344    0.143  1
RGI60-03.00598     0.80431   79.596459  -73.533062   -0.326    0.155  1
RGI60-03.00497     0.80420   79.610408  -75.065071   -0.300    0.154  1
RGI60-03.02837     0.80396   82.103612  -79.511314   -0.178    0.142  1
RGI60-03.01510     0.80339   77.152691  -80.055942   -0.298    0.156  1
RGI60-03.00711     0.80275   76.219341  -90.299601   -0.317    0.155  1
RGI60-03.00765     0.80273   79.555967  -75.903183   -0.298    0.154  1
RGI60-03.00720     0.80188   76.187392  -89.555201   -1.099    0.220  1
RGI60-03.00355     0.80136   80.477004  -70.724396   -0.343    0.147  1
RGI60-03.02354     0.80102   74.625288  -82.299529   -0.612    0.199  1
RGI60-03.04282     0.79813   81.076536  -79.508897   -0.374    0.156  1
RGI60-03.04289     0.79727   80.968703  -85.131938   -0.337    0.140  1
RGI60-03.02187     0.79651   78.545581  -83.352991   -0.675    0.178  1
RGI60-03.01981     0.79618   76.982672  -83.783625   -0.765    0.194  1
RGI60-03.00827     0.79486   79.547688  -91.815830   -0.488    0.164  1
RGI60-03.01333     0.79434   78.395659  -89.219301   -0.736    0.186  1
RGI60-03.02567     0.79123   82.561289  -75.411924   -0.441    0.169  1
RGI60-03.03379     0.79061   81.724324  -84.569964   -0.187    0.141  1
RGI60-03.02058     0.79000   79.561680  -80.095543   -0.345    0.165  1
RGI60-03.00669     0.78921   80.718537  -92.766149   -0.476    0.179  1
RGI60-03.04171     0.78901   82.744024  -75.347649   -0.029    0.161  1
RGI60-03.01613     0.78876   76.800790  -78.838159   -0.028    0.145  1
RGI60-03.03822     0.78867   82.002946  -82.686065   -0.111    0.135  1
RGI60-03.02340     0.78819   74.727395  -82.454409   -0.469    0.181  1
RGI60-03.00170     0.78779   81.220198  -67.905930   -0.608    0.157  1
RGI60-03.03651     0.78713   82.867634  -79.677157   -0.020    0.158  1
RGI60-03.02642     0.78320   82.772549  -69.491038   -0.069    0.147  1
RGI60-03.01111     0.78288   80.869494  -92.611207   -0.410    0.155  1
RGI60-03.02956     0.78224   81.336577  -75.159626   -0.393    0.144  1
RGI60-03.00606     0.78218   79.861589  -73.111838   -0.229    0.144  1
RGI60-03.02557     0.78173   82.550958  -75.409422   -0.428    0.168  1
RGI60-03.00024     0.78026   81.139087  -68.697370   -0.663    0.166  1
RGI60-03.02275     0.77977   76.642755  -89.494151   -0.256    0.160  1
RGI60-03.04238     0.77976   82.969554  -72.294758   -0.342    0.221  1
RGI60-03.02166     0.77960   79.135053  -82.477238   -0.554    0.161  1
RGI60-03.03065     0.77932   81.359487  -86.726738   -0.377    0.154  1
RGI60-03.00462     0.77618   79.691773  -77.555831   -0.455    0.155  1
RGI60-03.03190     0.77610   81.625992  -87.082553   -0.490    0.156  1
RGI60-03.01795     0.77491   77.081028  -83.530694   -0.332    0.166  1
RGI60-03.03297     0.77467   81.489319  -84.305571   -0.458    0.147  1
RGI60-03.02482     0.77338   74.664371  -81.126393   -0.673    0.236  1
RGI60-03.01541     0.77322   76.657267  -78.118323   -0.465    0.180  1
RGI60-03.00956     0.77160   78.979577  -90.504825   -0.682    0.183  1
RGI60-03.00642     0.77126   80.035545  -71.400503   -0.419    0.156  1
RGI60-03.04114     0.76939   82.887666  -67.921089   -0.424    0.177  1
RGI60-03.04439     0.76917   80.861778  -81.610680   -0.678    0.174  1
RGI60-03.01996     0.76891   81.230302  -66.630018   -0.570    0.158  1
RGI60-03.00659     0.76726   81.077485  -69.578574   -0.443    0.147  1
RGI60-03.03252     0.76602   81.937641  -80.789465   -0.355    0.148  1
RGI60-03.04239     0.76565   82.974944  -71.924406   -0.532    0.238  1
RGI60-03.02155     0.76561   79.203377  -82.487106   -0.443    0.155  1
RGI60-03.01115     0.76502   80.473313  -94.203851   -0.599    0.180  1
RGI60-03.03066     0.76480   81.374770  -86.759017   -0.571    0.184  1
RGI60-03.02982     0.76450   81.407174  -74.478802   -0.339    0.144  1
RGI60-03.02547     0.76404   82.013892  -70.605245   -0.479    0.159  1
RGI60-03.03193     0.76390   81.579011  -85.626431   -0.224    0.149  1
RGI60-03.03285     0.76253   81.756372  -83.643261   -0.247    0.146  1
RGI60-03.02602     0.76234   82.646603  -73.100720   -0.498    0.168  1
RGI60-03.03240     0.76221   81.814541  -83.641378   -0.518    0.157  1
RGI60-03.00574     0.76219   79.748946  -73.713338   -0.122    0.157  1
RGI60-03.00674     0.76196   80.418529  -94.767350   -0.467    0.161  1
RGI60-03.01130     0.76084   79.006893  -91.621875   -0.662    0.164  1
RGI60-03.03295     0.76054   81.274417  -80.695922   -0.400    0.153  1
RGI60-03.03565     0.75998   82.894355  -77.612965   -0.387    0.172  1
RGI60-03.03529     0.75997   82.866048  -77.395807   -0.509    0.171  1
RGI60-03.00778     0.75943   79.262582  -77.636400   -0.139    0.149  1
RGI60-03.00101     0.75911   81.203640  -68.208518   -0.758    0.167  1
RGI60-03.01999     0.75892   81.210151  -66.585904   -0.452    0.158  1
RGI60-03.03629     0.75868   82.867418  -79.358715    0.136    0.161  1
RGI60-03.02425     0.75795   74.480309  -87.191412   -0.217    0.141  1
RGI60-03.02846     0.75775   82.396433  -80.354022   -0.197    0.162  1
RGI60-03.02935     0.75721   81.584741  -76.546137   -0.096    0.134  1
RGI60-03.02725     0.75702   82.046617  -79.242239   -0.184    0.154  1
RGI60-03.03602     0.75631   82.864464  -76.028141   -0.352    0.160  1
RGI60-03.00695     0.75374   76.463772  -82.977922   -0.459    0.162  1
RGI60-03.03005     0.75304   81.340921  -84.800448   -0.611    0.160  1
RGI60-03.03576     0.75289   82.881478  -78.730230   -0.255    0.155  1
RGI60-03.02402     0.75276   74.607771  -87.830040   -0.396    0.145  1
RGI60-03.01372     0.75161   79.968727  -94.149282   -0.636    0.161  1
RGI60-03.03834     0.75079   81.775553  -89.556555   -0.568    0.165  1
RGI60-03.00651     0.74918   80.040339  -71.266870   -0.575    0.164  1
RGI60-03.00645     0.74870   80.007676  -71.534224   -0.469    0.155  1
RGI60-03.02694     0.74869   82.547898  -69.978663   -0.488    0.161  1
RGI60-03.03132     0.74856   81.191282  -84.629700   -0.531    0.158  1
RGI60-03.00486     0.74783   79.542397  -75.311560   -0.294    0.157  1
RGI60-03.01811     0.74731   76.352968  -84.867389   -0.254    0.166  1
RGI60-03.04284     0.74656   81.073595  -79.447341   -0.356    0.157  1
RGI60-03.02241     0.74645   77.084982  -83.991248    0.016    0.159  1
RGI60-03.04115     0.74636   82.712648  -74.264654   -0.546    0.176  1
RGI60-03.04161     0.74632   82.879166  -74.901087   -0.518    0.187  1
RGI60-03.02607     0.74479   82.665166  -72.913971   -0.419    0.164  1
RGI60-03.03549     0.74470   82.713103  -80.455332   -0.231    0.168  1
RGI60-03.03798     0.74396   82.061599  -81.586250   -0.488    0.158  1
RGI60-03.03811     0.74320   81.689765  -90.646628   -0.203    0.139  1
RGI60-03.03081     0.74298   81.381917  -87.351913   -0.550    0.169  1
RGI60-03.01142     0.74293   80.827665  -93.837509   -0.435    0.163  1
RGI60-03.04203     0.74289   82.740880  -75.169207    0.017    0.154  1
RGI60-03.03147     0.74228   81.560514  -85.532386   -0.608    0.178  1
RGI60-03.02379     0.74081   74.624876  -84.905284   -0.062    0.149  1
RGI60-03.00714     0.74026   76.205553  -91.726568    0.001    0.150  1
RGI60-03.00226     0.73893   79.621406  -75.439194   -0.282    0.154  1
RGI60-03.02833     0.73855   81.940921  -79.206820   -0.106    0.139  1
RGI60-03.03501     0.73848   82.766606  -79.803900   -0.209    0.169  1
RGI60-03.00851     0.73846   79.569428  -90.379703   -0.368    0.159  1
RGI60-03.01413     0.73743   75.956534  -79.251711   -0.286    0.181  1
RGI60-03.04491     0.73711   82.670213  -72.803203   -0.495    0.166  1
RGI60-03.02337     0.73686   74.913107  -86.764085    0.003    0.135  1
RGI60-03.04362     0.73670   81.156178  -81.668030   -0.424    0.155  1
RGI60-03.01120     0.73594   80.202585  -94.877740   -0.341    0.157  1
RGI60-03.00364     0.73578   81.167426  -66.983130   -0.330    0.142  1
RGI60-03.02115     0.73408   80.272595  -91.649068   -0.146    0.140  1
RGI60-03.03749     0.73374   81.689140  -88.973879   -0.403    0.150  1
RGI60-03.01487     0.73335   77.223748  -79.498855   -0.593    0.169  1
RGI60-03.00156     0.73286   79.883828  -80.899175   -0.812    0.202  1
RGI60-03.02189     0.73251   78.558988  -85.200812   -0.524    0.169  1
RGI60-03.02191     0.73178   78.503808  -83.421323   -0.577    0.170  1
RGI60-03.04425     0.73173   80.843853  -80.841949   -0.255    0.144  1
RGI60-03.00949     0.73079   78.982858  -91.324851   -0.550    0.155  1
RGI60-03.03996     0.73057   82.172651  -84.627916   -0.443    0.153  1
RGI60-03.03287     0.73012   81.892790  -81.118148   -0.266    0.154  1
RGI60-03.02162     0.72985   79.150551  -81.989445   -0.548    0.172  1
RGI60-03.04236     0.72964   82.975096  -70.442449   -0.412    0.184  1
RGI60-03.04176     0.72948   82.927657  -68.472982   -0.552    0.197  1
RGI60-03.03976     0.72904   82.147102  -86.641470   -0.236    0.148  1
RGI60-03.03541     0.72881   82.878482  -77.667559   -0.447    0.165  1
RGI60-03.00121     0.72843   81.216000  -68.193201   -0.899    0.176  1
RGI60-03.03100     0.72764   81.371880  -85.425859   -0.478    0.165  1
RGI60-03.03291     0.72754   81.557560  -84.538309   -0.310    0.141  1
RGI60-03.03738     0.72649   81.852619  -84.794647   -0.585    0.163  1
RGI60-03.02764     0.72624   82.455885  -68.882601   -0.269    0.145  1
RGI60-03.01821     0.72611   77.060435  -83.240019   -0.458    0.172  1
RGI60-03.00721     0.72351   75.744864  -82.892488   -0.517    0.181  1
RGI60-03.01243     0.72341   80.144378  -94.071102   -0.544    0.168  1
RGI60-03.02498     0.72310   82.214580  -81.261108   -0.411    0.148  1
RGI60-03.03724     0.72235   82.504516  -65.525785   -0.253    0.159  1
RGI60-03.03156     0.72094   81.182773  -83.071233   -0.687    0.171  1
RGI60-03.01955     0.71954   76.353789  -84.975884   -0.158    0.169  1
RGI60-03.02024     0.71921   80.444522  -69.500738   -0.222    0.151  1
RGI60-03.00840     0.71840   79.440510  -90.968777   -0.482    0.160  1
RGI60-03.03491     0.71738   82.539093  -81.362311   -0.487    0.181  1
RGI60-03.02086     0.71349   76.729709  -80.968674   -0.520    0.165  1
RGI60-03.02872     0.71274   82.300960  -75.952940   -0.353    0.156  1
RGI60-03.00009     0.71256   80.875043  -69.407162   -0.443    0.145  1
RGI60-03.04138     0.71177   82.899666  -71.357788    0.127    0.209  1
RGI60-03.04281     0.71068   81.061476  -79.967790   -0.490    0.156  1
RGI60-03.02748     0.71002   82.076827  -70.903188   -0.303    0.151  1
RGI60-03.02065     0.71000   79.303786  -80.672394   -0.512    0.175  1
RGI60-03.02055     0.70961   79.539822  -73.419392   -0.329    0.159  1
RGI60-03.02513     0.70865   82.455140  -75.863384   -0.457    0.175  1
RGI60-03.03875     0.70639   81.596603  -91.167654   -0.598    0.160  1
RGI60-03.03606     0.70599   82.911784  -76.507798   -0.323    0.160  1
RGI60-03.00301     0.70587   80.326628  -73.148760   -0.433    0.146  1
RGI60-03.03865     0.70576   81.797997  -90.206289   -0.336    0.148  1
RGI60-03.03463     0.70460   82.788981  -77.633160    0.120    0.157  1
RGI60-03.02512     0.70395   82.497730  -68.695092   -0.499    0.156  1
RGI60-03.02174     0.70375   79.011565  -82.116982   -0.611    0.171  1
RGI60-03.00999     0.70331   78.508300  -90.684243   -0.098    0.155  1
RGI60-03.01452     0.70175   74.778365  -85.735043   -0.431    0.167  1
RGI60-03.03176     0.70086   81.772371  -81.960422   -0.471    0.164  1
RGI60-03.04215     0.69989   82.920860  -75.078573   -0.618    0.190  1
RGI60-03.04037     0.69984   82.989659  -73.760184    0.002    0.207  1
RGI60-03.00805     0.69955   80.905155  -69.189193   -0.521    0.154  1
RGI60-03.00644     0.69836   80.004017  -71.479913   -0.244    0.147  1
RGI60-03.01754     0.69802   78.761270  -75.952808   -0.145    0.150  1
RGI60-03.00677     0.69762   79.961609  -94.608598   -0.182    0.142  1
RGI60-03.02247     0.69734   76.763431  -82.229287    0.048    0.156  1
RGI60-03.01283     0.69694   80.093206  -93.660041   -0.556    0.159  1
RGI60-03.02590     0.69660   82.080283  -70.151664   -0.526    0.165  1
RGI60-03.04003     0.69588   82.987551  -72.296491   -1.676    0.574  1
RGI60-03.04407     0.69545   80.617080  -84.343465   -0.529    0.153  1
RGI60-03.03782     0.69508   81.756593  -88.611553   -0.143    0.139  1
RGI60-03.01074     0.69444   80.581675  -93.434945   -0.298    0.163  1
RGI60-03.04305     0.69133   81.142435  -81.877068   -0.371    0.154  1
RGI60-03.03767     0.68978   81.831850  -84.707160   -0.620    0.168  1
RGI60-03.02740     0.68968   82.520536  -70.289668   -0.449    0.159  1
RGI60-03.04139     0.68939   82.892903  -71.457726    0.203    0.182  1
RGI60-03.00605     0.68803   79.859140  -73.148398   -0.381    0.156  1
RGI60-03.01324     0.68802   78.334893  -89.916551   -0.902    0.207  1
RGI60-03.02980     0.68744   81.359278  -76.395920   -0.396    0.153  1
RGI60-03.02194     0.68724   78.487918  -83.458075   -0.325    0.159  1
RGI60-03.01796     0.68716   77.065332  -83.468819   -0.305    0.172  1
RGI60-03.04153     0.68655   82.883655  -74.453310    0.092    0.180  1
RGI60-03.03438     0.68608   81.796069  -82.043495   -0.243    0.148  1
RGI60-03.00249     0.68583   79.978000  -74.273922   -0.286    0.150  1
RGI60-03.02227     0.68548   78.123346  -84.375917   -0.069    0.160  1
RGI60-03.00655     0.68408   80.044787  -70.926012   -0.427    0.152  1
RGI60-03.03902     0.68343   81.813660  -88.670947   -0.631    0.189  1
RGI60-03.00790     0.68299   79.342376  -78.722875   -0.239    0.151  1
RGI60-03.02374     0.68235   74.640202  -84.861444    0.065    0.152  1
RGI60-03.02905     0.68184   82.740824  -72.322871   -0.177    0.165  1
RGI60-03.00637     0.68155   79.984554  -71.834176   -0.558    0.160  1
RGI60-03.02351     0.68142   74.691073  -84.208138    0.025    0.167  1
RGI60-03.03785     0.68030   81.790431  -88.104260   -0.446    0.150  1
RGI60-03.02046     0.68000   79.982855  -80.661522   -0.414    0.178  1
RGI60-03.02195     0.67959   78.488045  -83.775297    0.012    0.152  1
RGI60-03.02570     0.67834   82.424906  -75.622454   -0.256    0.162  1
RGI60-03.02510     0.67763   82.487159  -68.650882   -0.672    0.168  1
RGI60-03.04279     0.67592   80.994496  -81.826879   -0.555    0.163  1
RGI60-03.04208     0.67434   82.926582  -73.309803   -0.231    0.158  1
RGI60-03.02829     0.67378   81.757597  -76.297423   -0.416    0.145  1
RGI60-03.04102     0.67079   82.865700  -71.379611   -0.023    0.156  1
RGI60-03.03820     0.67049   81.933958  -83.145416   -0.490    0.174  1
RGI60-03.00540     0.66999   79.592925  -74.222987   -0.391    0.161  1
RGI60-03.00067     0.66973   80.598257  -69.549028   -0.429    0.149  1
RGI60-03.02526     0.66892   82.529064  -72.743152   -0.329    0.167  1
RGI60-03.03550     0.66850   82.721487  -80.716989   -0.133    0.161  1
RGI60-03.02647     0.66831   82.632424  -80.491893   -0.226    0.156  1
RGI60-03.02177     0.66758   79.025411  -89.867008    0.079    0.138  1
RGI60-03.02916     0.66614   82.206117  -68.830123   -0.551    0.157  1
RGI60-03.04300     0.66584   80.861851  -85.392325   -0.430    0.150  1
RGI60-03.04023     0.66571   82.983104  -71.949588    0.222    0.215  1
RGI60-03.04107     0.66387   82.872454  -70.125143    0.130    0.167  1
RGI60-03.02133     0.66269   79.479520  -83.397886   -1.029    0.211  1
RGI60-03.02256     0.66128   76.705228  -94.626674   -0.270    0.164  1
RGI60-03.04147     0.66093   82.865108  -75.424838    0.089    0.157  1
RGI60-03.01137     0.66065   78.430237  -92.846471   -0.647    0.189  1
RGI60-03.01126     0.66064   79.665881  -93.731666   -0.650    0.177  1
RGI60-03.03924     0.66042   81.658683  -90.930055   -0.520    0.156  1
RGI60-03.02014     0.65988   80.762191  -76.058820   -0.084    0.133  1
RGI60-03.01337     0.65759   78.402457  -89.169674   -0.555    0.193  1
RGI60-03.02521     0.65718   82.538237  -75.108539   -0.170    0.153  1
RGI60-03.00880     0.65563   79.360119  -88.681956   -0.430    0.152  1
RGI60-03.04191     0.65554   82.917876  -71.939311   -0.466    0.178  1
RGI60-03.00330     0.65541   81.049775  -68.420830   -0.405    0.145  1
RGI60-03.03454     0.65492   82.744061  -78.353316   -0.446    0.167  1
RGI60-03.02085     0.65470   76.726144  -82.370819   -0.160    0.168  1
RGI60-03.03933     0.65404   81.673596  -90.831522   -0.622    0.163  1
RGI60-03.00531     0.65389   79.623846  -74.449551   -0.351    0.155  1
RGI60-03.00015     0.65326   80.937379  -69.666352   -0.262    0.138  1
RGI60-03.01793     0.65312   76.881189  -88.089804   -0.694    0.195  1
RGI60-03.01119     0.65162   80.339763  -93.671275   -0.359    0.155  1
RGI60-03.03179     0.65154   81.581617  -86.991368   -0.689    0.169  1
RGI60-03.01131     0.65109   79.097433  -88.369127   -0.611    0.166  1
RGI60-03.02589     0.65037   82.655343  -74.203227   -0.540    0.188  1
RGI60-03.04212     0.64983   82.939741  -73.158498   -0.296    0.158  1
RGI60-03.00762     0.64891   79.870416  -71.200704   -0.538    0.168  1
RGI60-03.00725     0.64833   75.357482  -84.990979   -0.271    0.158  1
RGI60-03.03286     0.64764   81.742612  -85.086561   -0.571    0.177  1
RGI60-03.02253     0.64685   76.769941  -89.266711   -0.349    0.161  1
RGI60-03.01118     0.64678   80.327183  -95.747550   -0.123    0.148  1
RGI60-03.00539     0.64564   79.586929  -74.185972   -0.438    0.165  1
RGI60-03.00127     0.64550   81.226083  -68.143640   -1.168    0.216  1
RGI60-03.03688     0.64522   82.584938  -65.777263   -0.452    0.170  1
RGI60-03.03036     0.64489   81.301910  -86.273697   -0.399    0.157  1
RGI60-03.02708     0.64321   82.032201  -71.187876   -0.333    0.167  1
RGI60-03.01288     0.64307   79.469758  -93.489348   -0.543    0.170  1
RGI60-03.00517     0.64226   79.572623  -74.853699   -0.439    0.166  1
RGI60-03.03038     0.64163   81.263798  -86.847289   -0.736    0.184  1
RGI60-03.02098     0.64022   76.815747  -82.999256   -0.375    0.176  1
RGI60-03.03471     0.63997   82.797113  -77.129076   -0.742    0.204  1
RGI60-03.01214     0.63969   80.821923  -92.876656   -0.441    0.157  1
RGI60-03.04228     0.63953   82.962292  -68.330409   -0.452    0.192  1
RGI60-03.02029     0.63934   80.386179  -69.858524   -0.236    0.143  1
RGI60-03.02868     0.63893   82.221369  -75.143925   -0.262    0.145  1
RGI60-03.04216     0.63875   82.915759  -72.707995   -0.459    0.195  1
RGI60-03.02656     0.63873   82.563201  -76.184735   -0.208    0.161  1
RGI60-03.00566     0.63759   79.719189  -73.911959   -0.324    0.157  1
RGI60-03.01107     0.63730   81.287198  -94.186797   -0.123    0.149  1
RGI60-03.01101     0.63718   79.515795  -92.678824   -0.659    0.188  1
RGI60-03.03313     0.63603   81.602775  -85.269660   -0.224    0.145  1
RGI60-03.01290     0.63440   79.114050  -90.712382   -0.453    0.171  1
RGI60-03.00807     0.63323   78.867603  -88.689621   -0.537    0.156  1
RGI60-03.01133     0.63125   78.913815  -88.515815   -0.451    0.151  1
RGI60-03.03060     0.63123   81.175666  -84.779404   -0.335    0.151  1
RGI60-03.00747     0.62998   79.810358  -72.246558   -0.522    0.180  1
RGI60-03.04091     0.62956   82.842503  -68.770825   -0.656    0.204  1
RGI60-03.04353     0.62940   81.164391  -79.652972   -0.380    0.146  1
RGI60-03.03277     0.62844   81.248279  -80.807190   -0.493    0.156  1
RGI60-03.00905     0.62839   79.116876  -88.707368   -0.522    0.159  1
RGI60-03.01117     0.62824   80.436656  -94.478737   -0.667    0.186  1
RGI60-03.02186     0.62795   78.599174  -85.183223   -0.545    0.174  1
RGI60-03.03596     0.62713   82.866379  -76.143355   -0.381    0.177  1
RGI60-03.02302     0.62617   76.360413  -90.561966   -0.352    0.158  1
RGI60-03.01129     0.62594   79.105358  -88.602097   -0.541    0.157  1
RGI60-03.03982     0.62571   82.111118  -83.128261   -0.397    0.156  1
RGI60-03.02515     0.62537   82.503857  -72.889143   -0.443    0.164  1
RGI60-03.01127     0.62366   79.480529  -93.505680   -0.702    0.194  1
RGI60-03.03441     0.62351   81.129740  -88.114103   -0.382    0.148  1
RGI60-03.00842     0.62350   79.442320  -91.039809   -0.199    0.150  1
RGI60-03.01139     0.62338   78.382840  -90.541977   -0.606    0.177  1
RGI60-03.03504     0.62333   82.803892  -78.850255   -0.005    0.156  1
RGI60-03.02257     0.62292   76.692956  -94.504525   -0.774    0.196  1
RGI60-03.00279     0.62232   80.051310  -72.921196   -0.392    0.152  1
RGI60-03.02561     0.62014   82.430641  -75.549785   -0.274    0.158  1
RGI60-03.02053     0.62000   79.760299  -79.759960   -0.135    0.168  1
RGI60-03.04048     0.61980   83.028386  -71.938057   -1.454    0.887  1
RGI60-03.02172     0.61978   79.047388  -82.353872   -0.551    0.178  1
RGI60-03.01902     0.61976   76.710727  -84.977072   -0.166    0.168  1
RGI60-03.04206     0.61968   82.944209  -70.309196   -0.308    0.187  1
RGI60-03.02552     0.61939   82.017772  -70.649878   -0.420    0.158  1
RGI60-03.04511     0.61937   81.176841  -83.575159   -0.261    0.142  1
RGI60-03.01112     0.61914   80.807039  -93.114698   -0.488    0.171  1
RGI60-03.01396     0.61812   79.617234  -93.252896   -0.683    0.170  1
RGI60-03.04044     0.61772   83.090389  -72.901665    0.096    0.272  1
RGI60-03.01301     0.61743   78.857249  -92.943074   -0.399    0.164  1
RGI60-03.04090     0.61537   82.834549  -69.760566   -0.629    0.209  1
RGI60-03.04223     0.61471   82.921944  -72.707454   -0.397    0.207  1
RGI60-03.02414     0.61433   74.506829  -85.698589   -0.043    0.169  1
RGI60-03.00712     0.61310   76.220651  -90.557244   -0.131    0.156  1
RGI60-03.01122     0.61237   80.111732  -94.070170   -0.389    0.165  1
RGI60-03.02196     0.61066   78.484762  -84.265530   -0.456    0.174  1
RGI60-03.01815     0.61039   76.904283  -84.043834   -0.337    0.169  1
RGI60-03.04149     0.60614   82.869942  -75.278110    0.260    0.169  1
RGI60-03.03309     0.60590   81.418340  -84.226258   -0.394    0.160  1
RGI60-03.00548     0.60576   80.997176  -69.171422   -0.531    0.162  1
RGI60-03.02598     0.60564   82.678738  -73.503012   -0.249    0.153  1
RGI60-03.03803     0.60421   82.073757  -81.455112   -0.242    0.150  1
RGI60-03.04060     0.60336   83.075014  -69.883143   -1.489    0.381  1
RGI60-03.03664     0.60320   83.012579  -76.901839   -0.215    0.193  1
RGI60-03.02735     0.60246   82.485627  -79.457944   -0.263    0.158  1
RGI60-03.01110     0.60241   80.924717  -94.915195   -0.628    0.168  1
RGI60-03.03102     0.60190   81.466561  -85.715279   -0.298    0.172  1
RGI60-03.01458     0.60101   75.024660  -85.428532   -0.026    0.161  1
RGI60-03.03507     0.60048   82.853309  -77.442091   -0.649    0.180  1
RGI60-03.04220     0.59983   82.917492  -72.902554   -0.510    0.205  1
RGI60-03.04218     0.59983   82.919060  -72.807998   -0.618    0.195  1
RGI60-03.04028     0.59956   82.993060  -68.230178   -0.099    0.225  1
RGI60-03.01484     0.59740   77.236574  -79.628696   -0.079    0.153  1
RGI60-03.04463     0.59726   81.377301  -75.133866   -0.383    0.166  1
RGI60-03.03891     0.59670   81.878079  -83.889328   -0.325    0.173  1
RGI60-03.02779     0.59622   82.604494  -76.675525   -0.350    0.163  1
RGI60-03.02415     0.59550   74.512059  -85.834133   -0.462    0.181  1
RGI60-03.02610     0.59415   82.612094  -78.652139   -0.364    0.162  1
RGI60-03.03319     0.59350   81.834096  -82.129247   -0.325    0.162  1
RGI60-03.01132     0.59328   78.977615  -89.829616   -0.510    0.170  1
RGI60-03.02998     0.59254   81.551936  -77.571287   -0.129    0.151  1
RGI60-03.03723     0.59142   82.436428  -65.586667   -0.526    0.177  1
RGI60-03.03227     0.59054   81.708916  -86.347220   -0.457    0.156  1
RGI60-03.03166     0.59040   81.552539  -86.200685   -0.346    0.169  1
RGI60-03.01441     0.59033   76.086545  -79.084761    0.262    0.186  1
RGI60-03.02163     0.59021   79.028769  -78.694040   -0.183    0.157  1
RGI60-03.04038     0.58988   82.992410  -74.329156   -0.008    0.230  1
RGI60-03.02848     0.58978   82.430973  -79.268373   -0.355    0.163  1
RGI60-03.04456     0.58863   80.711463  -85.713328   -0.735    0.179  1
RGI60-03.03751     0.58717   81.721401  -88.383102   -0.325    0.145  1
RGI60-03.02757     0.58717   82.466867  -68.873401   -0.598    0.166  1
RGI60-03.01797     0.58692   76.776258  -83.686157   -0.405    0.179  1
RGI60-03.04447     0.58651   80.812499  -83.559563   -0.669    0.183  1
RGI60-03.02606     0.58637   82.684917  -72.945800   -0.446    0.168  1
RGI60-03.04473     0.58560   82.596270  -76.661940    0.293    0.161  1
RGI60-03.00030     0.58529   80.882926  -70.746071   -0.124    0.144  1
RGI60-03.02221     0.58495   78.239229  -85.579236   -0.090    0.157  1
RGI60-03.04525     0.58477   81.173582  -79.666953   -0.467    0.151  1
RGI60-03.02423     0.58410   74.474720  -86.754380    0.049    0.161  1
RGI60-03.03502     0.58375   82.775799  -79.760970   -0.508    0.190  1
RGI60-03.03323     0.58324   81.379090  -78.258021   -0.327    0.151  1
RGI60-03.03970     0.58205   82.134991  -86.049649   -0.626    0.202  1
RGI60-03.01109     0.58153   80.996579  -92.974774   -0.238    0.143  1
RGI60-03.02419     0.58141   74.517325  -87.315454   -0.250    0.147  1
RGI60-03.00434     0.58061   80.980204  -67.396034   -0.548    0.174  1
RGI60-03.03780     0.58061   81.581342  -88.909970   -0.166    0.141  1
RGI60-03.02035     0.57965   80.276094  -72.190009   -0.542    0.167  1
RGI60-03.02625     0.57948   82.631042  -78.496268   -0.335    0.165  1
RGI60-03.02581     0.57894   82.613428  -76.313907   -0.076    0.154  1
RGI60-03.02759     0.57873   82.411319  -69.369396   -0.542    0.162  1
RGI60-03.00178     0.57842   80.524124  -69.773912   -0.489    0.157  1
RGI60-03.03860     0.57740   81.942570  -86.457565   -0.414    0.160  1
RGI60-03.03311     0.57706   81.699791  -84.399840   -0.310    0.148  1
RGI60-03.01134     0.57503   78.696602  -92.129737   -0.399    0.157  1
RGI60-03.02574     0.57470   82.628768  -72.907204   -0.566    0.171  1
RGI60-03.02612     0.57436   81.950658  -72.177061   -0.406    0.154  1
RGI60-03.01788     0.57407   77.322178  -80.088283   -0.711    0.191  1
RGI60-03.01116     0.57298   80.462151  -94.237555   -0.578    0.177  1
RGI60-03.03799     0.57292   82.061786  -81.638263   -0.317    0.158  1
RGI60-03.00239     0.57192   79.870071  -74.900000   -0.429    0.156  1
RGI60-03.03264     0.57102   81.336737  -78.433464   -0.191    0.152  1
RGI60-03.01138     0.57050   78.486072  -89.573017   -0.433    0.171  1
RGI60-03.03494     0.56997   82.824290  -77.214784   -0.454    0.173  1
RGI60-03.02994     0.56997   81.571759  -74.287887   -0.513    0.160  1
RGI60-03.04516     0.56952   81.636616  -86.017107   -0.341    0.148  1
RGI60-03.01997     0.56927   81.252674  -67.395994    0.039    0.143  1
RGI60-03.03101     0.56901   81.452082  -84.558804   -0.394    0.165  1
RGI60-03.00002     0.56835   81.140262  -68.884351   -0.594    0.177  1
RGI60-03.02827     0.56694   81.790041  -73.426856   -0.529    0.167  1
RGI60-03.03293     0.56537   81.435245  -84.110868   -0.463    0.171  1
RGI60-03.02978     0.56492   81.376757  -74.498069   -0.192    0.142  1
RGI60-03.01100     0.56429   79.832856  -94.625846   -0.508    0.163  1
RGI60-03.00342     0.56297   80.986883  -67.664949   -0.466    0.177  1
RGI60-03.02474     0.56295   74.593837  -81.572481   -0.009    0.207  1
RGI60-03.01456     0.56246   75.054644  -84.230454   -0.169    0.156  1
RGI60-03.02389     0.56203   74.603290  -85.703588   -0.066    0.140  1
RGI60-03.02249     0.56196   76.718511  -80.970760   -0.362    0.164  1
RGI60-03.01128     0.56172   79.579078  -88.067689   -0.294    0.158  1
RGI60-03.02345     0.56156   74.622728  -80.866361   -0.409    0.209  1
RGI60-03.03506     0.56118   82.817092  -78.836772   -0.322    0.166  1
RGI60-03.04410     0.56115   80.666104  -83.976004   -0.385    0.159  1
RGI60-03.02520     0.56068   82.012159  -71.266981   -0.319    0.156  1
RGI60-03.02334     0.56008   74.878389  -84.516972   -0.489    0.185  1
RGI60-03.02067     0.56000   79.297714  -80.818031   -0.592    0.187  1
RGI60-03.02751     0.55994   81.951182  -79.268427   -0.099    0.147  1
RGI60-03.04177     0.55990   82.899985  -74.733251   -0.405    0.185  1
RGI60-03.02054     0.55969   79.594160  -73.270913    0.001    0.149  1
RGI60-03.04301     0.55900   81.025993  -80.623916   -0.567    0.165  1
RGI60-03.01563     0.55866   76.619304  -78.783416    0.008    0.161  1
RGI60-03.01235     0.55766   80.475029  -95.272320   -0.346    0.160  1
RGI60-03.02623     0.55737   82.592424  -79.869397   -0.357    0.173  1
RGI60-03.00779     0.55659   79.261211  -77.934383   -0.228    0.164  1
RGI60-03.03809     0.55479   81.973046  -81.043146   -0.497    0.159  1
RGI60-03.01792     0.55450   76.927186  -84.159533   -0.794    0.212  1
RGI60-03.03876     0.55449   81.748815  -91.348803   -0.480    0.166  1
RGI60-03.04175     0.55419   82.902514  -72.905417   -0.632    0.191  1
RGI60-03.04505     0.55407   81.973318  -70.857582   -0.549    0.173  1
RGI60-03.00750     0.55400   79.809756  -72.101854   -0.730    0.186  1
RGI60-03.02367     0.55328   74.699206  -87.752728   -0.452    0.168  1
RGI60-03.02331     0.55231   74.965087  -85.824933   -0.079    0.138  1
RGI60-03.01123     0.55196   79.905499  -94.619799   -0.312    0.151  1
RGI60-03.04432     0.55137   80.825621  -82.324647   -0.592    0.163  1
RGI60-03.00289     0.55111   80.151969  -72.855037   -0.277    0.148  1
RGI60-03.02893     0.55082   82.370127  -73.924211   -0.245    0.155  1
RGI60-03.02244     0.55081   76.910307  -84.244346   -0.041    0.170  1
RGI60-03.00763     0.55072   79.529597  -74.300268   -0.306    0.157  1
RGI60-03.01459     0.55019   75.018657  -85.450779   -0.008    0.161  1
RGI60-03.03679     0.55016   82.570321  -65.640926   -0.858    0.214  1
RGI60-03.02050     0.54981   79.864557  -74.980327   -0.267    0.155  1
RGI60-03.04132     0.54956   82.901269  -67.856964   -0.748    0.227  1
RGI60-03.01114     0.54903   80.584125  -93.515863   -0.392    0.164  1
RGI60-03.01805     0.54885   76.513548  -83.796604   -0.410    0.163  1
RGI60-03.03974     0.54851   82.193992  -85.315403   -0.476    0.177  1
RGI60-03.03245     0.54720   81.699688  -86.616976   -0.300    0.157  1
RGI60-03.02761     0.54686   82.079737  -71.764819   -0.500    0.167  1
RGI60-03.02619     0.54545   81.977394  -79.605458   -0.314    0.153  1
RGI60-03.03163     0.54464   81.782564  -79.484200   -0.560    0.173  1
RGI60-03.03292     0.54410   81.222674  -82.127406   -0.470    0.162  1
RGI60-03.02908     0.54400   81.858780  -79.009474   -0.287    0.144  1
RGI60-03.03474     0.54340   82.824866  -76.088100   -0.182    0.162  1
RGI60-03.00666     0.54339   79.792117  -72.615090   -0.522    0.174  1
RGI60-03.00634     0.54269   79.973933  -71.890605   -0.317    0.152  1
RGI60-03.03310     0.54234   81.233197  -82.117580   -0.381    0.159  1
RGI60-03.00650     0.54201   80.026558  -71.252955   -0.374    0.151  1
RGI60-03.01453     0.54165   74.709979  -86.376583   -0.081    0.142  1
RGI60-03.04428     0.54092   80.864661  -80.519438   -0.410    0.160  1
RGI60-03.02876     0.54083   82.312059  -74.411943   -0.231    0.147  1
RGI60-03.01954     0.54042   76.579872  -86.232143   -0.190    0.152  1
RGI60-03.04143     0.53987   83.022145  -73.492418    0.368    0.265  1
RGI60-03.02545     0.53952   82.520303  -78.568112   -0.421    0.163  1
RGI60-03.02618     0.53903   81.975531  -79.615742   -0.253    0.145  1
RGI60-03.04096     0.53890   82.818971  -75.108215    0.087    0.171  1
RGI60-03.01808     0.53751   77.017008  -85.271121   -0.710    0.207  1
RGI60-03.02271     0.53750   76.653636  -89.439633   -0.190    0.164  1
RGI60-03.03229     0.53642   81.709362  -86.307643   -0.465    0.160  1
RGI60-03.03140     0.53617   81.543993  -85.650883   -0.936    0.225  1
RGI60-03.02188     0.53610   78.578145  -85.256783   -0.374    0.166  1
RGI60-03.03056     0.53560   81.311666  -86.671788   -0.279    0.168  1
RGI60-03.02981     0.53466   81.356058  -76.456401   -0.419    0.153  1
RGI60-03.03305     0.53458   81.471529  -77.493055   -0.290    0.146  1
RGI60-03.04529     0.53373   80.626773  -84.347365   -0.392    0.148  1
RGI60-03.03763     0.53289   81.841834  -86.197311   -0.497    0.166  1
RGI60-03.03632     0.53150   82.847454  -79.250651   -0.425    0.169  1
RGI60-03.01108     0.53141   81.000856  -94.529857   -0.572    0.173  1
RGI60-03.01849     0.53121   77.072873  -83.880140   -0.393    0.182  1
RGI60-03.04199     0.53044   82.896914  -71.623096   -0.009    0.201  1
RGI60-03.04241     0.53043   82.687527  -74.272431   -0.256    0.158  1
RGI60-03.03570     0.53000   82.883716  -78.614911   -0.298    0.164  1
RGI60-03.03955     0.52982   82.199853  -83.647849   -0.002    0.143  1
RGI60-03.01957     0.52859   76.694806  -85.117580    0.052    0.157  1
RGI60-03.00759     0.52844   79.794311  -71.442601   -0.280    0.148  1
RGI60-03.04526     0.52811   81.142230  -79.554807   -0.433    0.164  1
RGI60-03.02875     0.52646   82.315916  -75.847648   -0.352    0.163  1
RGI60-03.04244     0.52620   80.941561  -80.384865   -0.362    0.159  1
RGI60-03.04118     0.52572   82.886817  -67.331080   -0.461    0.183  1
RGI60-03.03484     0.52568   82.772017  -79.242362    0.123    0.164  1
RGI60-03.02242     0.52540   77.010302  -82.264449   -0.321    0.165  1
RGI60-03.03620     0.52505   82.941746  -76.792267   -0.485    0.189  1
RGI60-03.00742     0.52436   79.751296  -72.111421   -0.342    0.171  1
RGI60-03.00649     0.52423   80.009798  -71.307196   -0.439    0.166  1
RGI60-03.04275     0.52409   80.986319  -80.264027   -0.246    0.156  1
RGI60-03.02335     0.52352   74.907892  -85.993374   -0.143    0.143  1
RGI60-03.03315     0.52293   81.651836  -83.685583   -0.511    0.165  1
RGI60-03.02750     0.52246   82.496509  -79.908245   -0.363    0.192  1
RGI60-03.00831     0.52226   80.578170  -93.099481   -0.543    0.190  1
RGI60-03.02594     0.52153   82.653773  -73.341283   -0.252    0.166  1
RGI60-03.00513     0.52133   79.592208  -74.878924   -0.444    0.187  1
RGI60-03.02057     0.51993   79.560881  -76.870094   -0.190    0.165  1
RGI60-03.04156     0.51991   82.881409  -74.986440   -0.631    0.194  1
RGI60-03.04146     0.51984   82.898439  -72.451252   -0.608    0.199  1
RGI60-03.00799     0.51948   80.920712  -68.672651   -0.557    0.177  1
RGI60-03.02030     0.51946   80.373942  -69.873145   -0.275    0.147  1
RGI60-03.00250     0.51941   81.159016  -67.694973   -0.502    0.159  1
RGI60-03.00345     0.51940   80.406427  -71.044327   -0.390    0.152  1
RGI60-03.03220     0.51903   81.863306  -81.799659   -0.398    0.165  1
RGI60-03.00898     0.51871   79.193373  -89.064760   -0.158    0.150  1
RGI60-03.01460     0.51827   74.981213  -84.435471   -0.411    0.182  1
RGI60-03.00194     0.51715   79.823605  -75.384895   -0.383    0.165  1
RGI60-03.03958     0.51691   82.339068  -84.552034   -0.083    0.137  1
RGI60-03.00824     0.51680   79.725978  -92.231770   -0.394    0.165  1
RGI60-03.03155     0.51595   81.775793  -79.565877   -0.448    0.169  1
RGI60-03.04524     0.51519   81.938667  -80.873574   -0.071    0.137  1
RGI60-03.03327     0.51518   81.444787  -84.060773   -0.198    0.149  1
RGI60-03.00657     0.51419   79.775732  -72.887088   -0.344    0.157  1
RGI60-03.02209     0.51377   78.374000  -85.247743   -0.068    0.154  1
RGI60-03.00940     0.51269   78.844021  -88.675005   -0.462    0.157  1
RGI60-03.03940     0.51267   82.121543  -85.819360   -0.309    0.151  1
RGI60-03.03890     0.51129   82.057031  -85.073081   -0.292    0.167  1
RGI60-03.03847     0.51125   81.966070  -86.140160   -0.265    0.152  1
RGI60-03.04019     0.51114   83.028702  -72.919894   -2.456    1.323  1
RGI60-03.00764     0.51079   79.565133  -75.938840   -0.402    0.166  1
RGI60-03.02734     0.51056   82.752984  -69.425382   -0.402    0.177  1
RGI60-03.00510     0.51050   79.591297  -75.039554   -0.389    0.172  1
RGI60-03.04237     0.50991   82.944769  -74.815812   -0.314    0.204  1
RGI60-03.02270     0.50965   76.620177  -94.771633   -0.698    0.198  1
RGI60-03.04056     0.50911   83.069024  -70.476511   -0.363    0.379  1
RGI60-03.02559     0.50758   82.569235  -75.425081   -0.439    0.172  1
RGI60-03.03215     0.50676   81.686299  -86.099061   -0.267    0.154  1
RGI60-03.01121     0.50579   80.267713  -92.627688   -0.381    0.158  1
RGI60-03.00597     0.50577   79.603652  -73.566946   -0.357    0.161  1
RGI60-03.03903     0.50468   81.807836  -86.823344   -0.627    0.219  1
RGI60-03.02131     0.50403   79.516342  -83.282525   -0.500    0.185  1
RGI60-03.01291     0.50241   79.119767  -90.737145    0.086    0.168  1
RGI60-03.03040     0.50239   81.369562  -84.935765   -0.475    0.159  1
RGI60-03.02158     0.50215   78.985009  -76.828143   -0.063    0.160  1
RGI60-03.03115     0.50178   81.473404  -84.979525   -0.495    0.177  1
RGI60-03.03676     0.50122   82.561805  -66.024407   -0.639    0.185  1
RGI60-03.03246     0.50065   81.707647  -86.641017   -0.457    0.171  1
RGI60-03.02036     0.49998   80.370162  -77.674288   -0.028    0.155  1
RGI60-03.04232     0.49987   82.943131  -73.259053   -0.212    0.169  1
RGI60-03.02034     0.49970   80.282671  -72.203027   -0.354    0.153  1
RGI60-03.03191     0.49892   81.618590  -87.391207   -0.562    0.165  1
RGI60-03.02873     0.49858   82.297505  -76.346369   -0.351    0.175  1
RGI60-03.04083     0.49839   82.820273  -69.158860   -0.154    0.172  1
RGI60-03.01088     0.49838   81.305906  -93.721126   -0.269    0.158  1
RGI60-03.00939     0.49754   78.859933  -89.011845   -0.548    0.195  1
RGI60-03.02634     0.49635   82.727819  -73.681500   -0.305    0.163  1
RGI60-03.03642     0.49560   82.888059  -79.529103    0.113    0.180  1
RGI60-03.00877     0.49559   79.340662  -89.846515   -0.149    0.171  1
RGI60-03.00079     0.49526   81.177272  -68.289976   -0.580    0.169  1
RGI60-03.03619     0.49354   82.953437  -76.550687    0.008    0.205  1
RGI60-03.04285     0.49340   81.072279  -79.404105   -0.420    0.167  1
RGI60-03.04119     0.49330   82.887697  -71.986293    0.044    0.197  1
RGI60-03.02652     0.49286   82.630193  -80.590824    0.030    0.163  1
RGI60-03.03139     0.49225   81.448268  -87.682066   -0.565    0.183  1
RGI60-03.03654     0.49224   82.883735  -79.685612   -0.201    0.155  1
RGI60-03.04211     0.49178   82.929046  -73.157937   -0.252    0.164  1
RGI60-03.03013     0.49139   81.277169  -86.395074   -0.626    0.194  1
RGI60-03.02611     0.49090   82.607641  -78.643428   -0.215    0.162  1
RGI60-03.04085     0.49076   82.831277  -70.158594    0.124    0.164  1
RGI60-03.02595     0.49019   82.667761  -73.427604   -0.512    0.177  1
RGI60-03.03325     0.48979   81.196744  -82.723434   -0.424    0.174  1
RGI60-03.04466     0.48914   81.841500  -72.225519   -0.363    0.164  1
RGI60-03.00218     0.48852   79.589196  -75.712539   -0.322    0.163  1
RGI60-03.01423     0.48714   75.860676  -78.960659   -1.329    0.336  1
RGI60-03.04454     0.48687   80.925629  -81.967673   -0.578    0.177  1
RGI60-03.01095     0.48671   80.274373  -91.705436   -0.213    0.149  1
RGI60-03.03845     0.48654   81.975533  -85.950959   -0.519    0.183  1
RGI60-03.04291     0.48645   81.066762  -83.206869   -0.396    0.147  1
RGI60-03.03001     0.48578   81.243275  -86.504450   -0.382    0.153  1
RGI60-03.03585     0.48469   82.892657  -76.641396    0.441    0.209  1
RGI60-03.03843     0.48455   81.867901  -83.815991   -0.194    0.151  1
RGI60-03.04258     0.48429   80.742372  -85.422686   -0.508    0.173  1
RGI60-03.04230     0.48283   82.782324  -72.577609   -0.068    0.175  1
RGI60-03.03584     0.48255   82.840263  -75.902566    0.072    0.184  1
RGI60-03.03742     0.48155   81.857446  -85.054752   -0.202    0.152  1
RGI60-03.03615     0.48060   82.929692  -79.210185   -0.409    0.179  1
RGI60-03.02074     0.48000   79.228048  -80.488204   -0.441    0.171  1
RGI60-03.02042     0.48000   80.226774  -79.937237   -0.455    0.169  1
RGI60-03.02069     0.48000   79.286538  -80.368988   -0.242    0.166  1
RGI60-03.00766     0.47898   79.551693  -76.176207   -0.148    0.157  1
RGI60-03.03590     0.47829   82.948624  -76.492121   -0.249    0.204  1
RGI60-03.02218     0.47785   78.252940  -85.507227   -0.050    0.161  1
RGI60-03.03153     0.47761   81.448375  -88.089646   -0.742    0.197  1
RGI60-03.02903     0.47713   82.704281  -72.220148   -0.195    0.171  1
RGI60-03.02774     0.47698   81.584365  -77.101974   -0.568    0.178  1
RGI60-03.04263     0.47681   80.704023  -85.692945   -0.208    0.140  1
RGI60-03.02770     0.47646   82.418994  -81.849823    0.015    0.164  1
RGI60-03.02739     0.47610   82.449450  -69.310585   -0.706    0.194  1
RGI60-03.00810     0.47572   79.569977  -93.040533   -0.548    0.177  1
RGI60-03.02259     0.47554   76.683431  -94.572980   -0.170    0.166  1
RGI60-03.04306     0.47547   81.167659  -79.632797   -0.434    0.168  1
RGI60-03.04497     0.47530   82.875121  -76.048298   -0.389    0.184  1
RGI60-03.00010     0.47525   80.888783  -69.414753   -0.467    0.158  1
RGI60-03.02760     0.47501   81.714167  -78.178090   -0.060    0.150  1
RGI60-03.00777     0.47431   79.357135  -77.345183   -0.365    0.176  1
RGI60-03.03773     0.47392   81.955950  -83.974448   -0.315    0.163  1
RGI60-03.03020     0.47303   81.359498  -84.376964   -0.303    0.157  1
RGI60-03.02274     0.47281   76.565650  -83.802481    0.031    0.174  1
RGI60-03.02171     0.47262   79.077992  -82.055414   -0.408    0.158  1
RGI60-03.03925     0.47233   81.787092  -90.412382   -0.226    0.146  1
RGI60-03.04039     0.47212   83.021219  -71.179815    2.412    1.010  1
RGI60-03.04006     0.47211   82.988908  -73.222001   -0.749    0.275  1
RGI60-03.04187     0.47192   82.904571  -75.126832    0.223    0.201  1
RGI60-03.03306     0.47098   81.357616  -78.078003   -0.206    0.149  1
RGI60-03.04043     0.46991   83.005732  -74.412942   -0.037    0.247  1
RGI60-03.02639     0.46971   82.620348  -80.040451    0.085    0.159  1
RGI60-03.02022     0.46948   80.508490  -69.369590   -0.134    0.146  1
RGI60-03.02026     0.46948   80.428097  -69.442680   -0.573    0.190  1
RGI60-03.01816     0.46918   76.893721  -84.004316   -0.485    0.182  1
RGI60-03.02842     0.46904   82.105742  -79.035051   -0.239    0.168  1
RGI60-03.02507     0.46894   82.413401  -75.209320   -0.139    0.160  1
RGI60-03.03483     0.46784   82.717918  -77.388529    0.136    0.174  1
RGI60-03.03833     0.46771   81.685673  -91.107077   -0.399    0.155  1
RGI60-03.04433     0.46577   80.839539  -82.155689   -0.110    0.153  1
RGI60-03.01045     0.46570   78.627195  -91.853462   -0.692    0.194  1
RGI60-03.00806     0.46518   80.891480  -69.216220   -0.353    0.151  1
RGI60-03.04308     0.46349   80.875769  -83.833468   -0.330    0.149  1
RGI60-03.02396     0.46293   74.577646  -84.831544    0.282    0.166  1
RGI60-03.04151     0.46271   82.739249  -74.289879   -0.334    0.180  1
RGI60-03.04283     0.46249   81.069078  -79.502818   -0.331    0.153  1
RGI60-03.02106     0.46198   76.887764  -83.258345   -0.221    0.173  1
RGI60-03.03747     0.46190   81.566106  -91.214106   -0.459    0.158  1
RGI60-03.02847     0.46186   82.400966  -80.421168   -0.046    0.167  1
RGI60-03.01104     0.46079   79.489799  -91.509821   -0.530    0.183  1
RGI60-03.01098     0.46078   79.840284  -94.714254   -0.589    0.179  1
RGI60-03.02128     0.46051   79.588408  -83.097958   -0.525    0.191  1
RGI60-03.01813     0.46045   76.356007  -84.828945   -0.258    0.171  1
RGI60-03.02037     0.45999   80.363263  -77.741660   -0.192    0.160  1
RGI60-03.00789     0.45896   79.344665  -78.563189   -0.258    0.155  1
RGI60-03.03402     0.45808   81.192004  -83.118436   -0.319    0.156  1
RGI60-03.02145     0.45793   79.134724  -78.913545   -0.005    0.153  1
RGI60-03.03913     0.45776   81.801851  -87.814123   -0.455    0.163  1
RGI60-03.03251     0.45712   81.212235  -83.917231   -0.361    0.157  1
RGI60-03.00755     0.45656   79.825647  -71.560812   -0.622    0.182  1
RGI60-03.03601     0.45651   82.854784  -76.012936   -0.426    0.179  1
RGI60-03.03230     0.45626   81.830079  -83.352238   -0.366    0.157  1
RGI60-03.01498     0.45601   77.190100  -80.251443   -0.410    0.182  1
RGI60-03.03162     0.45563   81.777306  -79.635823   -0.344    0.166  1
RGI60-03.03411     0.45491   81.389156  -84.059113   -0.290    0.157  1
RGI60-03.00781     0.45326   79.273338  -78.139218   -0.343    0.176  1
RGI60-03.02285     0.45277   76.548382  -90.757076   -0.386    0.171  1
RGI60-03.01094     0.45266   80.335460  -93.629529   -0.380    0.166  1
RGI60-03.00112     0.45254   81.219709  -67.966169   -0.571    0.167  1
RGI60-03.04530     0.45252   81.186950  -80.835043   -0.568    0.176  1
RGI60-03.03852     0.45244   81.971058  -85.946746   -0.221    0.160  1
RGI60-03.03625     0.45236   82.960865  -77.157719    0.043    0.201  1
RGI60-03.04280     0.45192   81.064608  -79.921716   -0.497    0.174  1
RGI60-03.02604     0.45168   82.664858  -72.864495   -0.361    0.167  1
RGI60-03.04485     0.45167   82.837863  -69.806430   -0.474    0.201  1
RGI60-03.00613     0.45149   79.883274  -72.886885   -0.161    0.152  1
RGI60-03.03021     0.45088   81.311235  -85.753486   -0.605    0.173  1
RGI60-03.01393     0.45023   79.671103  -93.337033   -0.593    0.185  1
RGI60-03.00751     0.45016   79.811777  -72.024281   -0.601    0.180  1
RGI60-03.02027     0.44953   80.429706  -69.807142   -0.330    0.153  1
RGI60-03.03460     0.44950   82.788651  -77.166157   -0.116    0.164  1
RGI60-03.03675     0.44942   82.562142  -67.672057   -0.342    0.173  1
RGI60-03.00943     0.44924   78.826520  -88.916686   -0.513    0.198  1
RGI60-03.02558     0.44822   82.529584  -75.557031   -0.611    0.186  1
RGI60-03.02185     0.44819   78.658770  -90.315480    0.121    0.172  1
RGI60-03.02349     0.44791   74.759500  -86.233812    0.003    0.140  1
RGI60-03.02749     0.44789   82.153976  -69.511970   -0.373    0.165  1
RGI60-03.03337     0.44770   81.928353  -80.759705   -0.391    0.168  1
RGI60-03.03322     0.44750   81.857104  -81.876072   -0.480    0.167  1
RGI60-03.02835     0.44707   81.903543  -79.171577   -0.122    0.168  1
RGI60-03.04519     0.44674   81.559094  -85.497291   -0.554    0.200  1
RGI60-03.04431     0.44615   80.827822  -82.285901   -0.423    0.163  1
RGI60-03.02845     0.44610   82.349276  -79.986382   -0.321    0.178  1
RGI60-03.03594     0.44607   82.886207  -76.178312   -0.178    0.168  1
RGI60-03.03181     0.44521   81.235462  -82.331217   -0.661    0.170  1
RGI60-03.02153     0.44469   79.233406  -83.585114   -0.330    0.153  1
RGI60-03.01096     0.44456   80.208711  -91.534159   -0.476    0.172  1
RGI60-03.02159     0.44334   79.174415  -82.440660   -0.225    0.158  1
RGI60-03.04121     0.44331   82.853845  -75.199340   -0.398    0.200  1
RGI60-03.03573     0.44297   82.869466  -78.665241   -0.087    0.175  1
RGI60-03.02299     0.44276   76.380524  -90.985220   -0.122    0.164  1
RGI60-03.03388     0.44249   81.666967  -78.603144   -0.446    0.169  1
RGI60-03.02088     0.44073   76.745596  -83.130280   -0.244    0.181  1
RGI60-03.03234     0.44073   81.721262  -86.324954   -0.326    0.167  1
RGI60-03.00515     0.44065   79.588569  -74.894928   -0.611    0.202  1
RGI60-03.04067     0.44036   83.089293  -70.597447   -1.973    0.957  1
RGI60-03.02072     0.44000   79.273711  -81.081748   -0.553    0.196  1
RGI60-03.02051     0.44000   79.808256  -81.334277   -1.013    0.259  1
RGI60-03.01464     0.43997   74.898300  -84.424603   -0.850    0.226  1
RGI60-03.04229     0.43990   83.042602  -73.621060   -1.420    0.402  1
RGI60-03.04234     0.43985   82.958793  -71.790594   -0.435    0.247  1
RGI60-03.02000     0.43960   81.250213  -69.596906   -0.006    0.142  1
RGI60-03.02006     0.43942   81.032020  -67.444619   -0.090    0.144  1
RGI60-03.02777     0.43930   82.600572  -76.717993    0.582    0.201  1
RGI60-03.03555     0.43927   82.725572  -80.687559   -0.549    0.194  1
RGI60-03.02412     0.43869   74.560174  -86.941883   -0.525    0.189  1
RGI60-03.03554     0.43765   82.743746  -80.732116   -0.102    0.170  1
RGI60-03.04278     0.43715   80.998854  -81.813645   -0.421    0.155  1
RGI60-03.00533     0.43685   79.607789  -74.413441   -0.549    0.184  1
RGI60-03.03835     0.43649   81.909394  -86.993709   -0.596    0.172  1
RGI60-03.00353     0.43627   81.072288  -67.932292   -0.661    0.178  1
RGI60-03.01578     0.43605   76.530826  -78.921000   -0.187    0.168  1
RGI60-03.01106     0.43581   79.078777  -91.711015   -0.559    0.189  1
RGI60-03.00786     0.43574   79.306100  -78.378887   -0.317    0.162  1
RGI60-03.00768     0.43537   79.531979  -76.181757   -0.351    0.175  1
RGI60-03.02518     0.43472   82.515002  -73.053390   -0.132    0.174  1
RGI60-03.03318     0.43469   81.782135  -82.686904   -0.167    0.164  1
RGI60-03.02206     0.43424   78.426011  -85.246821    0.001    0.172  1
RGI60-03.00769     0.43318   79.423593  -76.553225   -0.214    0.157  1
RGI60-03.03210     0.43304   81.828110  -82.708898   -0.302    0.154  1
RGI60-03.01839     0.43198   76.947763  -83.205046   -0.328    0.178  1
RGI60-03.02999     0.43037   81.554456  -77.607660    0.348    0.181  1
RGI60-03.02660     0.43026   81.940760  -79.333244   -0.326    0.159  1
RGI60-03.03495     0.43021   82.819590  -77.593578    0.103    0.177  1
RGI60-03.04494     0.43008   82.841135  -76.202163   -0.462    0.196  1
RGI60-03.04141     0.42972   82.891807  -70.290103   -0.639    0.221  1
RGI60-03.03478     0.42957   82.791303  -78.250523    0.195    0.159  1
RGI60-03.02911     0.42954   81.991437  -70.934909   -0.572    0.176  1
RGI60-03.04040     0.42751   83.020218  -71.139031    0.726    0.892  1
RGI60-03.04084     0.42745   82.828034  -69.234133    0.030    0.170  1
RGI60-03.02307     0.42694   76.308527  -90.685733   -0.162    0.157  1
RGI60-03.03464     0.42666   82.713039  -77.285333   -0.258    0.174  1
RGI60-03.03766     0.42651   81.894741  -85.156938   -0.271    0.151  1
RGI60-03.02234     0.42631   77.689191  -82.391828   -0.033    0.147  1
RGI60-03.02522     0.42553   82.491734  -78.587027   -0.387    0.170  1
RGI60-03.03857     0.42521   82.094639  -83.100910   -0.088    0.141  1
RGI60-03.04243     0.42367   80.946430  -80.332430   -0.623    0.189  1
RGI60-03.02773     0.42322   82.491963  -80.040174   -0.475    0.180  1
RGI60-03.03813     0.42303   82.008485  -83.692975   -0.406    0.164  1
RGI60-03.00700     0.42253   76.588185  -82.818415   -0.839    0.202  1
RGI60-03.03442     0.42236   81.183960  -78.958275   -0.206    0.142  1
RGI60-03.00559     0.42181   80.993742  -69.236688   -0.419    0.158  1
RGI60-03.02156     0.42154   79.195741  -82.525991   -0.626    0.174  1
RGI60-03.00616     0.42103   79.856346  -72.739642   -0.454    0.186  1
RGI60-03.03068     0.42094   81.496397  -84.640671   -0.476    0.172  1
RGI60-03.04398     0.41992   80.751143  -80.924409   -0.220    0.146  1
RGI60-03.02011     0.41954   80.656166  -69.237007   -0.188    0.144  1
RGI60-03.03225     0.41931   81.699043  -86.300467   -0.132    0.153  1
RGI60-03.02680     0.41907   82.316140  -81.774697   -0.358    0.152  1
RGI60-03.00006     0.41880   80.859097  -69.187471   -0.484    0.170  1
RGI60-03.04136     0.41874   82.732900  -74.415017   -0.150    0.167  1
RGI60-03.01099     0.41808   79.806631  -95.416319   -0.289    0.158  1
RGI60-03.03873     0.41792   81.586476  -91.266405   -0.094    0.141  1
RGI60-03.03636     0.41754   82.757952  -79.586428    0.198    0.166  1
RGI60-03.02339     0.41725   74.891900  -85.996635   -0.038    0.144  1
RGI60-03.02421     0.41707   74.497624  -86.915618   -0.498    0.198  1
RGI60-03.04135     0.41681   82.867683  -75.034558   -0.480    0.188  1
RGI60-03.04512     0.41646   81.163004  -84.508895   -0.276    0.151  1
RGI60-03.02957     0.41581   81.360916  -74.440372   -0.139    0.143  1
RGI60-03.01410     0.41561   75.956635  -79.436272   -0.402    0.236  1
RGI60-03.02863     0.41497   82.099934  -75.759114   -0.208    0.156  1
RGI60-03.03046     0.41489   81.296220  -86.755792   -0.583    0.175  1
RGI60-03.01105     0.41478   79.114982  -90.907427   -0.002    0.149  1
RGI60-03.01803     0.41475   76.544223  -84.501747    0.062    0.173  1
RGI60-03.03744     0.41289   81.978770  -81.706723   -0.187    0.144  1
RGI60-03.03317     0.41233   81.832951  -82.157529   -0.181    0.155  1
RGI60-03.02102     0.41096   76.856049  -82.519964   -0.095    0.170  1
RGI60-03.03473     0.41066   82.803553  -77.183320   -0.341    0.185  1
RGI60-03.04276     0.41055   80.710792  -81.547099   -0.126    0.140  1
RGI60-03.03588     0.41035   82.924330  -76.315272   -0.416    0.195  1
RGI60-03.02049     0.41000   79.951816  -80.482755   -1.012    0.258  1
RGI60-03.02416     0.40956   74.535888  -87.740353   -0.399    0.160  1
RGI60-03.03526     0.40933   82.650800  -77.870962   -0.304    0.182  1
RGI60-03.03581     0.40873   82.840564  -76.080344   -0.337    0.188  1
RGI60-03.02344     0.40802   74.678912  -82.333506   -0.372    0.197  1
RGI60-03.02261     0.40791   76.669235  -94.456853   -0.273    0.176  1
RGI60-03.02645     0.40785   82.628435  -80.393427   -0.382    0.174  1
RGI60-03.02279     0.40739   76.602841  -90.302063   -0.567    0.185  1
RGI60-03.02632     0.40725   82.734731  -72.228386   -0.185    0.179  1
RGI60-03.00514     0.40638   81.033373  -69.010213   -0.587    0.177  1
RGI60-03.04270     0.40628   80.840828  -84.627854   -0.521    0.172  1
RGI60-03.01798     0.40370   76.729329  -83.705093   -0.256    0.178  1
RGI60-03.03668     0.40358   82.726711  -79.159873    0.051    0.181  1
RGI60-03.03939     0.40319   82.015770  -88.214836   -0.198    0.171  1
RGI60-03.02095     0.40212   76.805583  -83.124333   -0.498    0.190  1
RGI60-03.02388     0.40161   74.649711  -89.908089   -0.025    0.145  1
RGI60-03.02080     0.40160   76.627453  -81.831819   -0.051    0.154  1
RGI60-03.04248     0.40159   80.710102  -81.640803   -0.300    0.149  1
RGI60-03.03853     0.40142   81.942137  -85.784822   -0.759    0.199  1
RGI60-03.04246     0.40113   80.767833  -85.166739   -0.546    0.168  1
RGI60-03.02580     0.40087   82.600649  -76.195519    0.007    0.164  1
RGI60-03.03440     0.40084   81.127459  -88.140943   -0.907    0.205  1
RGI60-03.02047     0.40000   79.978171  -80.590953   -0.467    0.199  1
RGI60-03.03537     0.40000   82.713614  -78.596232   -0.082    0.157  1
RGI60-03.02059     0.40000   79.415634  -78.141687   -0.139    0.150  1
RGI60-03.04123     0.39989   82.880147  -72.988068   -0.409    0.186  1
RGI60-03.04103     0.39969   82.877158  -67.998684   -0.611    0.230  1
RGI60-03.02766     0.39963   82.525578  -79.155327   -0.672    0.218  1
RGI60-03.04510     0.39936   81.144313  -83.739687   -0.250    0.154  1
RGI60-03.04104     0.39868   82.789024  -72.680656   -0.041    0.171  1
RGI60-03.01450     0.39796   74.853811  -86.347134   -0.249    0.147  1
RGI60-03.02262     0.39772   76.666124  -94.599355   -0.292    0.180  1
RGI60-03.01097     0.39704   79.973402  -93.645649   -0.135    0.159  1
RGI60-03.02154     0.39697   79.205645  -82.443126   -0.796    0.204  1
RGI60-03.03697     0.39692   82.632064  -65.408210   -0.521    0.194  1
RGI60-03.02900     0.39566   82.682268  -71.695418    0.051    0.165  1
RGI60-03.03497     0.39548   82.827600  -77.588542   -0.254    0.188  1
RGI60-03.00361     0.39517   80.527387  -70.991022   -0.411    0.179  1
RGI60-03.00882     0.39460   79.309498  -89.584600   -0.486    0.194  1
RGI60-03.02780     0.39416   82.518479  -79.198502   -0.167    0.178  1
RGI60-03.02121     0.39355   79.700920  -83.056267   -0.817    0.221  1
RGI60-03.00632     0.39334   79.935801  -72.095030   -0.457    0.166  1
RGI60-03.02771     0.39209   82.534229  -79.521446   -0.109    0.160  1
RGI60-03.00426     0.39161   81.016930  -67.716940   -0.439    0.163  1
RGI60-03.03646     0.39145   82.825083  -79.117049   -0.246    0.167  1
RGI60-03.03333     0.39143   81.214406  -81.996416   -0.263    0.163  1
RGI60-03.03158     0.39117   81.523693  -86.250524   -0.558    0.197  1
RGI60-03.00774     0.38972   79.461388  -77.255303   -0.480    0.172  1
RGI60-03.02018     0.38968   80.586706  -70.813733   -0.144    0.163  1
RGI60-03.04109     0.38965   82.843514  -75.260287   -0.081    0.175  1
RGI60-03.03330     0.38964   81.255838  -82.295729   -0.488    0.177  1
RGI60-03.03505     0.38882   82.816940  -78.795910   -0.397    0.185  1
RGI60-03.03120     0.38853   81.402959  -85.097723   -0.243    0.167  1
RGI60-03.02386     0.38847   74.499355  -81.805820   -0.376    0.265  1
RGI60-03.02843     0.38826   82.200877  -77.790751    0.045    0.167  1
RGI60-03.03073     0.38804   81.174601  -83.191239   -0.488    0.175  1
RGI60-03.02111     0.38755   80.816189  -93.134791   -0.378    0.178  1
RGI60-03.02917     0.38633   82.078846  -79.314626   -0.218    0.175  1
RGI60-03.02651     0.38526   82.625209  -80.545110    0.030    0.173  1
RGI60-03.03500     0.38514   82.769988  -79.834228    0.169    0.181  1
RGI60-03.00771     0.38480   80.962932  -69.402825   -0.266    0.145  1
RGI60-03.03711     0.38469   82.502800  -65.431318   -0.626    0.206  1
RGI60-03.03080     0.38468   81.374137  -87.229209   -0.242    0.178  1
RGI60-03.00792     0.38381   79.226341  -79.158575   -0.208    0.161  1
RGI60-03.03514     0.38356   82.646162  -77.836456   -0.075    0.169  1
RGI60-03.02265     0.38341   76.642575  -95.121578   -0.174    0.172  1
RGI60-03.04286     0.38320   80.954838  -85.069379   -0.313    0.150  1
RGI60-03.00787     0.38230   79.344265  -78.327128   -0.046    0.169  1
RGI60-03.03053     0.38179   81.589751  -78.005778   -0.143    0.149  1
RGI60-03.03331     0.38119   81.730320  -84.968139   -0.352    0.158  1
RGI60-03.03567     0.38000   82.894151  -77.820520   -0.472    0.186  1
RGI60-03.02756     0.37952   82.491096  -74.706149   -0.407    0.171  1
RGI60-03.02919     0.37886   81.592185  -74.176619   -0.358    0.159  1
RGI60-03.01086     0.37883   78.374624  -89.182450   -0.612    0.223  1
RGI60-03.02499     0.37851   82.404800  -69.931318   -0.461    0.182  1
RGI60-03.03518     0.37677   82.627396  -77.316251   -0.446    0.174  1
RGI60-03.01804     0.37652   76.566893  -83.751725   -0.121    0.169  1
RGI60-03.02640     0.37642   82.733568  -73.736092   -0.091    0.169  1
RGI60-03.03800     0.37587   82.067636  -81.525641   -0.426    0.175  1
RGI60-03.02783     0.37547   82.615453  -80.278758    0.134    0.183  1
RGI60-03.00019     0.37454   80.894064  -69.778658   -0.475    0.172  1
RGI60-03.04017     0.37406   83.013567  -72.752610    1.043    0.893  1
RGI60-03.04093     0.37279   82.851852  -69.858276   -0.325    0.200  1
RGI60-03.04159     0.37240   82.872052  -74.943078   -0.238    0.169  1
RGI60-03.01092     0.37239   80.591318  -93.449076   -0.231    0.164  1
RGI60-03.03680     0.37222   82.586512  -67.491425   -0.358    0.169  1
RGI60-03.02892     0.37208   82.373002  -73.085736   -0.597    0.187  1
RGI60-03.03033     0.37207   81.349786  -85.100672   -0.401    0.174  1
RGI60-03.02894     0.37156   82.542151  -72.256332   -0.309    0.166  1
RGI60-03.01087     0.37058   81.333190  -93.021050   -0.485    0.189  1
RGI60-03.00228     0.37035   79.676967  -75.547716   -0.263    0.166  1
RGI60-03.03209     0.37004   81.163123  -84.743542   -0.399    0.151  1
RGI60-03.02070     0.37000   79.282053  -81.033492   -0.628    0.217  1
RGI60-03.03452     0.37000   82.747206  -78.616273   -0.529    0.187  1
RGI60-03.03462     0.37000   82.769201  -78.375355   -0.538    0.192  1
RGI60-03.02276     0.36987   76.633011  -89.434633   -0.095    0.162  1
RGI60-03.00609     0.36875   79.873598  -72.953503   -0.392    0.169  1
RGI60-03.03844     0.36718   81.873295  -83.751765   -0.620    0.220  1
RGI60-03.03481     0.36660   82.721299  -77.347411   -0.128    0.179  1
RGI60-03.03009     0.36546   81.374143  -84.203896   -0.445    0.162  1
RGI60-03.02769     0.36493   82.408559  -69.322692   -0.453    0.182  1
RGI60-03.03082     0.36488   81.392089  -87.398963   -0.410    0.185  1
RGI60-03.03195     0.36453   81.629830  -86.022205   -0.589    0.185  1
RGI60-03.04092     0.36241   82.857277  -69.838123   -0.201    0.222  1
RGI60-03.03041     0.36222   81.369960  -84.902045   -0.730    0.207  1
RGI60-03.02624     0.36211   82.591347  -79.947620   -0.246    0.186  1
RGI60-03.04000     0.36187   81.567685  -88.996494   -0.232    0.153  1
RGI60-03.03673     0.36061   82.645093  -64.523271   -1.198    0.291  1
RGI60-03.03691     0.36019   82.620736  -64.762826   -0.262    0.166  1
RGI60-03.04150     0.35990   82.894007  -73.222573   -0.209    0.163  1
RGI60-03.02492     0.35958   82.331471  -70.450082   -0.560    0.189  1
RGI60-03.02009     0.35958   80.713367  -68.745797   -0.299    0.155  1
RGI60-03.02001     0.35955   81.097370  -67.819148   -0.340    0.163  1
RGI60-03.01090     0.35909   80.841681  -92.360213   -0.337    0.169  1
RGI60-03.03551     0.35908   82.660019  -80.764304   -0.252    0.190  1
RGI60-03.01540     0.35892   76.645654  -78.108731   -0.577    0.211  1
RGI60-03.03946     0.35892   82.232657  -82.864431   -0.063    0.148  1
RGI60-03.04197     0.35890   82.917551  -71.475352   -0.543    0.213  1
RGI60-03.03839     0.35857   82.120102  -81.998671   -0.289    0.167  1
RGI60-03.01093     0.35804   80.527492  -92.651383   -0.399    0.187  1
RGI60-03.03690     0.35800   82.593960  -65.815824   -0.502    0.192  1
RGI60-03.03877     0.35799   81.629105  -91.550282   -0.581    0.188  1
RGI60-03.02103     0.35739   76.861302  -77.940841   -0.524    0.195  1
RGI60-03.03244     0.35686   81.700212  -86.739490   -0.566    0.219  1
RGI60-03.02243     0.35659   76.999232  -83.280484   -0.080    0.169  1
RGI60-03.00491     0.35612   79.657687  -75.344067   -0.394    0.186  1
RGI60-03.03458     0.35574   82.777906  -77.711017   -0.214    0.175  1
RGI60-03.03134     0.35524   81.423813  -87.845981   -0.501    0.179  1
RGI60-03.02093     0.35374   76.757580  -82.499296   -0.149    0.174  1
RGI60-03.00760     0.35290   80.966256  -69.366521   -0.381    0.159  1
RGI60-03.02139     0.35288   79.341988  -82.924382   -0.291    0.159  1
RGI60-03.01089     0.35284   81.243275  -93.688876   -0.171    0.153  1
RGI60-03.03802     0.35262   81.884090  -82.397715   -0.213    0.151  1
RGI60-03.02588     0.35255   82.574991  -78.836396   -0.366    0.168  1
RGI60-03.02918     0.35185   81.709099  -75.813215   -0.230    0.143  1
RGI60-03.01959     0.35144   76.939165  -84.030717   -0.774    0.221  1
RGI60-03.03326     0.35067   81.429086  -84.163541   -0.174    0.154  1
RGI60-03.02781     0.35017   81.901854  -79.294474   -0.246    0.152  1
RGI60-03.04231     0.34995   82.921050  -75.264691   -0.592    0.210  1
RGI60-03.01467     0.34975   74.659340  -84.589156   -0.359    0.186  1
RGI60-03.03805     0.34968   81.694826  -90.449291   -0.431    0.167  1
RGI60-03.02744     0.34954   82.748128  -72.188920    0.104    0.184  1
RGI60-03.03739     0.34910   81.675898  -88.694628   -0.253    0.163  1
RGI60-03.00652     0.34891   80.013262  -71.104302   -0.299    0.159  1
RGI60-03.03157     0.34857   81.186784  -83.055536   -0.685    0.219  1
RGI60-03.02765     0.34782   82.129919  -69.641651   -0.454    0.173  1
RGI60-03.03479     0.34761   82.813681  -77.249422   -0.098    0.166  1
RGI60-03.03238     0.34751   81.822898  -83.553319   -0.274    0.164  1
RGI60-03.00610     0.34738   79.861887  -72.926288   -0.502    0.184  1
RGI60-03.04021     0.34710   83.060374  -72.827709   -0.266    0.490  1
RGI60-03.00775     0.34705   79.365955  -77.338068   -0.250    0.174  1
RGI60-03.03334     0.34693   81.451446  -84.338334   -0.811    0.215  1
RGI60-03.03233     0.34648   81.722078  -86.382379   -0.430    0.173  1
RGI60-03.03338     0.34584   81.797403  -83.361756   -0.227    0.153  1
RGI60-03.02141     0.34577   79.121651  -77.696656   -0.239    0.164  1
RGI60-03.03477     0.34576   82.720001  -80.944843   -0.167    0.192  1
RGI60-03.02616     0.34516   82.618863  -78.453334   -0.353    0.178  1
RGI60-03.04440     0.34451   80.864003  -81.568863   -0.305    0.166  1
RGI60-03.04078     0.34198   82.790559  -72.620513   -0.038    0.182  1
RGI60-03.04501     0.34127   82.099007  -79.613244   -0.053    0.157  1
RGI60-03.02562     0.34127   82.534494  -75.514458   -0.317    0.181  1
RGI60-03.03308     0.34107   81.308515  -80.217954   -0.338    0.198  1
RGI60-03.02506     0.34080   82.402859  -75.301934   -0.159    0.177  1
RGI60-03.03539     0.33996   82.902767  -75.840779   -0.315    0.192  1
RGI60-03.04221     0.33991   82.917743  -72.967691   -0.423    0.208  1
RGI60-03.00595     0.33969   79.591221  -73.726286   -0.207    0.166  1
RGI60-03.02002     0.33958   81.093161  -67.861857   -0.379    0.167  1
RGI60-03.02772     0.33895   81.891912  -78.985208   -0.204    0.156  1
RGI60-03.03768     0.33876   81.974863  -83.133068   -0.068    0.160  1
RGI60-03.03180     0.33870   81.594341  -86.717041   -0.446    0.170  1
RGI60-03.04453     0.33834   80.926781  -82.021763   -0.474    0.181  1
RGI60-03.02509     0.33797   82.467019  -73.216387   -0.276    0.170  1
RGI60-03.02293     0.33767   76.487686  -90.047526   -0.269    0.168  1
RGI60-03.03503     0.33738   82.781227  -79.809534   -0.621    0.206  1
RGI60-03.03740     0.33637   81.707331  -88.125447   -0.012    0.144  1
RGI60-03.02638     0.33522   82.129761  -69.409741   -0.791    0.216  1
RGI60-03.03746     0.33416   81.710720  -88.496707   -0.345    0.165  1
RGI60-03.02839     0.33355   82.065557  -80.201076   -0.290    0.204  1
RGI60-03.03105     0.33333   81.405284  -84.773717   -0.425    0.188  1
RGI60-03.03682     0.33322   82.617023  -66.008103   -0.178    0.173  1
RGI60-03.01346     0.33203   78.510447  -88.104095   -0.587    0.209  1
RGI60-03.00794     0.33202   79.580130  -73.448994   -0.285    0.165  1
RGI60-03.03662     0.33112   82.604790  -81.383294    0.256    0.171  1
RGI60-03.04302     0.33094   81.155264  -81.701077   -0.485    0.191  1
RGI60-03.01536     0.33072   76.887543  -78.013793   -0.112    0.191  1
RGI60-03.02483     0.33027   74.665965  -81.155601   -0.730    0.293  1
RGI60-03.00688     0.33000   79.192413  -80.527964   -0.519    0.206  1
RGI60-03.02078     0.33000   79.196324  -80.606863   -0.705    0.228  1
RGI60-03.03618     0.32997   82.990111  -76.505873   -0.987    0.301  1
RGI60-03.04214     0.32995   82.918804  -75.189145   -0.385    0.192  1
RGI60-03.01457     0.32960   75.026876  -85.526841    0.092    0.147  1
RGI60-03.03207     0.32953   81.631136  -87.472178   -0.259    0.162  1
RGI60-03.04427     0.32908   80.861987  -80.542392   -0.412    0.166  1
RGI60-03.03612     0.32884   82.974047  -76.574398   -0.201    0.176  1
RGI60-03.02752     0.32846   82.531357  -70.214047   -0.535    0.182  1
RGI60-03.03039     0.32839   81.263371  -86.783913   -0.445    0.190  1
RGI60-03.02743     0.32689   82.744286  -72.255135   -0.738    0.240  1
RGI60-03.04157     0.32659   82.899745  -73.182268   -0.354    0.184  1
RGI60-03.01592     0.32519   76.312891  -80.697365   -0.293    0.177  1
RGI60-03.03556     0.32516   82.756976  -80.535487   -0.493    0.184  1
RGI60-03.03861     0.32477   81.939259  -86.703612   -0.501    0.195  1
RGI60-03.04468     0.32415   82.023204  -70.584562   -0.298    0.165  1
RGI60-03.03259     0.32348   81.426905  -84.218638   -0.250    0.157  1
RGI60-03.04127     0.32347   82.862697  -75.110071   -0.169    0.187  1
RGI60-03.03759     0.32337   81.736098  -88.270632   -0.148    0.156  1
RGI60-03.03400     0.32301   81.194061  -82.675387   -0.353    0.197  1
RGI60-03.02511     0.32293   81.867644  -71.926665   -0.524    0.185  1
RGI60-03.03187     0.32265   81.618037  -87.176705   -0.459    0.172  1
RGI60-03.02303     0.32228   76.359368  -90.072203   -0.229    0.170  1
RGI60-03.01103     0.32224   79.454447  -94.069054   -0.267    0.159  1
RGI60-03.00692     0.32186   76.285824  -80.906552   -0.491    0.196  1
RGI60-03.03455     0.32164   82.752479  -78.321229   -0.540    0.261  1
RGI60-03.02420     0.32130   74.505048  -87.331964   -0.418    0.170  1
RGI60-03.03671     0.32098   82.632002  -78.027047   -0.488    0.188  1
RGI60-03.00752     0.32092   79.778142  -71.630373   -0.537    0.178  1
RGI60-03.02134     0.32073   79.445063  -83.523494   -0.746    0.227  1
RGI60-03.04126     0.32059   82.897754  -67.692451   -0.625    0.219  1
RGI60-03.03324     0.32045   81.425525  -84.365967   -0.732    0.200  1
RGI60-03.00612     0.32000   79.835955  -72.999716   -0.580    0.192  1
RGI60-03.04170     0.31994   82.893465  -74.518077   -0.119    0.195  1
RGI60-03.03261     0.31908   81.448518  -77.240613   -0.203    0.153  1
RGI60-03.02768     0.31835   81.886070  -72.877994   -0.357    0.176  1
RGI60-03.02176     0.31704   78.820711  -77.878983   -0.334    0.174  1
RGI60-03.02633     0.31644   82.739807  -72.163825   -0.222    0.188  1
RGI60-03.01420     0.31626   76.002196  -79.257611   -0.810    0.313  1
RGI60-03.00770     0.31597   79.415828  -76.597372   -0.406    0.175  1
RGI60-03.04245     0.31459   80.842401  -83.465682   -0.372    0.162  1
RGI60-03.00614     0.31455   81.025707  -69.596097   -0.291    0.159  1
RGI60-03.04555     0.31324   75.767447 -114.690048   -0.644    0.219  1
RGI60-03.03963     0.31273   82.153647  -86.519362   -0.057    0.194  1
RGI60-03.02901     0.31233   82.687870  -71.679295    0.079    0.171  1
RGI60-03.03012     0.31220   81.271448  -86.430585   -0.316    0.173  1
RGI60-03.01850     0.31160   76.815522  -87.860428   -0.030    0.160  1
RGI60-03.04288     0.31129   80.956925  -85.061083   -0.171    0.144  1
RGI60-03.01079     0.31112   78.978519  -92.498030   -0.322    0.184  1
RGI60-03.02631     0.31029   82.708937  -73.425045    0.051    0.177  1
RGI60-03.03480     0.30998   82.815222  -77.102113   -0.251    0.171  1
RGI60-03.02048     0.30988   79.896695  -74.676519   -0.284    0.172  1
RGI60-03.00617     0.30944   79.914918  -72.586485   -0.652    0.193  1
RGI60-03.03034     0.30937   81.354727  -85.054529   -0.601    0.194  1
RGI60-03.02266     0.30833   76.638466  -95.164814   -0.202    0.180  1
RGI60-03.04421     0.30749   80.629042  -84.308549   -0.174    0.149  1
RGI60-03.03951     0.30613   82.171581  -85.435408   -0.161    0.161  1
RGI60-03.02127     0.30585   79.627811  -83.067791   -0.870    0.248  1
RGI60-03.00640     0.30499   80.023620  -71.549772   -0.201    0.163  1
RGI60-03.04515     0.30407   81.392541  -87.358075   -0.255    0.178  1
RGI60-03.01463     0.30394   74.791542  -85.957589   -0.043    0.146  1
RGI60-03.00341     0.30275   80.998742  -68.204500   -0.365    0.158  1
RGI60-03.02585     0.30265   81.928413  -71.480647   -0.560    0.193  1
RGI60-03.01084     0.30254   78.481042  -90.300378   -0.486    0.205  1
RGI60-03.01049     0.30166   78.762445  -89.890400   -0.558    0.216  1
RGI60-03.01822     0.30139   77.062024  -83.201795   -0.588    0.213  1
RGI60-03.03075     0.30079   81.357228  -87.459052   -0.340    0.160  1
RGI60-03.01806     0.30057   76.980118  -84.537200   -0.890    0.237  1
RGI60-03.03499     0.29999   82.732897  -77.352139   -0.212    0.177  1
RGI60-03.04047     0.29992   83.020657  -73.269312    0.116    0.245  1
RGI60-03.04217     0.29991   82.911829  -72.821061   -0.282    0.193  1
RGI60-03.02376     0.29924   74.554602  -82.130460   -0.560    0.251  1
RGI60-03.00929     0.29889   78.895902  -88.546657   -0.329    0.166  1
RGI60-03.04041     0.29841   83.031680  -71.130209   -0.316    0.544  1
RGI60-03.04113     0.29826   82.882519  -68.185596   -0.372    0.182  1
RGI60-03.02628     0.29754   82.708595  -73.517846   -0.389    0.185  1
RGI60-03.01682     0.29744   77.849456  -78.854526   -0.098    0.194  1
RGI60-03.03919     0.29630   81.865273  -90.069744   -0.267    0.163  1
RGI60-03.03557     0.29586   82.761538  -80.459623   -0.166    0.205  1
RGI60-03.03622     0.29569   82.957205  -76.746055   -0.221    0.174  1
RGI60-03.03579     0.29551   82.880739  -79.610704    0.094    0.180  1
RGI60-03.03136     0.29476   81.442385  -87.754183   -0.725    0.221  1
RGI60-03.03049     0.29435   81.326079  -86.230251   -0.182    0.181  1
RGI60-03.03106     0.29372   81.407926  -84.609834   -0.184    0.204  1
RGI60-03.02475     0.29345   74.593829  -81.596421   -0.596    0.256  1
RGI60-03.02906     0.29344   82.750960  -72.224903   -0.223    0.171  1
RGI60-03.03057     0.29338   81.314224  -86.742045   -0.520    0.203  1
RGI60-03.02109     0.29208   77.193781  -80.130330   -0.164    0.181  1
RGI60-03.04074     0.29199   83.025096  -72.011871    0.308    0.432  1
RGI60-03.02170     0.29125   79.090168  -82.104288   -0.635    0.206  1
RGI60-03.03578     0.29013   82.876540  -79.551519   -0.692    0.237  1
RGI60-03.04145     0.28994   82.881711  -74.345065   -0.326    0.181  1
RGI60-03.04178     0.28924   82.928575  -72.157307   -0.133    0.205  1
RGI60-03.01794     0.28792   77.082434  -84.475395   -0.840    0.256  1
RGI60-03.00773     0.28716   79.381018  -76.932269   -0.374    0.174  1
RGI60-03.04476     0.28714   82.543707  -81.665094    0.163    0.166  1
RGI60-03.00665     0.28667   79.696774  -72.566140   -0.257    0.163  1
RGI60-03.02858     0.28638   82.482976  -78.252516   -0.221    0.166  1
RGI60-03.04251     0.28594   80.953783  -80.115246   -0.321    0.171  1
RGI60-03.00535     0.28559   79.592738  -74.401930   -0.277    0.180  1
RGI60-03.02292     0.28546   76.486846  -90.010992   -0.058    0.162  1
RGI60-03.03465     0.28546   82.708727  -77.328150   -0.109    0.186  1
RGI60-03.02575     0.28533   82.640420  -73.823790   -0.382    0.189  1
RGI60-03.03552     0.28505   82.727684  -80.885128   -0.020    0.185  1
RGI60-03.03755     0.28472   81.731932  -88.340889   -0.199    0.158  1
RGI60-03.02591     0.28411   82.691565  -69.117104    0.171    0.205  1
RGI60-03.03167     0.28397   81.541734  -86.329206   -0.515    0.188  1
RGI60-03.01078     0.28376   79.274956  -87.109477   -0.819    0.272  1
RGI60-03.00876     0.28371   79.300375  -89.941349   -0.603    0.216  1
RGI60-03.02767     0.28347   81.680980  -77.943445    0.086    0.157  1
RGI60-03.02614     0.28346   82.616482  -78.564936   -0.653    0.232  1
RGI60-03.01449     0.28276   74.862415  -86.292700   -0.091    0.145  1
RGI60-03.00853     0.28261   79.540212  -90.323173   -0.042    0.167  1
RGI60-03.03591     0.28240   82.878291  -76.444082   -0.230    0.203  1
RGI60-03.04012     0.28212   82.986333  -72.568252   -0.309    0.256  1
RGI60-03.01465     0.28190   75.071285  -80.738521   -0.085    0.179  1
RGI60-03.03801     0.28128   81.653595  -91.047340   -0.398    0.170  1
RGI60-03.02375     0.28058   74.560291  -82.302605   -0.647    0.229  1
RGI60-03.04155     0.27995   83.012560  -74.590329    0.584    0.830  1
RGI60-03.00895     0.27948   79.241587  -89.383443   -0.798    0.239  1
RGI60-03.04190     0.27915   82.910270  -71.956827   -0.134    0.210  1
RGI60-03.02826     0.27892   81.786357  -73.464180   -0.561    0.199  1
RGI60-03.02658     0.27853   82.204839  -80.439065   -0.215    0.192  1
RGI60-03.03025     0.27842   81.194363  -79.160995   -0.261    0.151  1
RGI60-03.02593     0.27778   82.661371  -73.344416   -0.312    0.195  1
RGI60-03.01071     0.27754   80.865353  -92.647073   -0.074    0.162  1
RGI60-03.03011     0.27753   81.275616  -86.472397   -0.312    0.178  1
RGI60-03.04513     0.27711   81.362362  -86.222307   -0.437    0.192  1
RGI60-03.04081     0.27708   82.801598  -72.843449    0.063    0.199  1
RGI60-03.02371     0.27696   74.703977  -89.780926   -0.340    0.167  1
RGI60-03.03488     0.27648   82.815396  -77.521035   -0.345    0.199  1
RGI60-03.02436     0.27603   75.579066  -83.326696   -0.387    0.204  1
RGI60-03.03451     0.27596   82.738942  -78.645377    0.137    0.178  1
RGI60-03.02364     0.27525   74.576060  -82.272445   -0.081    0.201  1
RGI60-03.03648     0.27425   82.824077  -79.173399   -0.436    0.221  1
RGI60-03.03544     0.27399   82.767885  -80.571933   -0.660    0.223  1
RGI60-03.03475     0.27399   82.820873  -76.053328   -0.078    0.181  1
RGI60-03.04098     0.27393   82.852834  -70.149281    0.026    0.218  1
RGI60-03.00981     0.27371   78.642496  -89.727691   -0.092    0.195  1
RGI60-03.03683     0.27325   82.485790  -65.344156   -0.455    0.206  1
RGI60-03.04186     0.27316   82.901845  -75.242560   -0.007    0.179  1
RGI60-03.04094     0.27312   82.705172  -74.208234   -0.081    0.196  1
RGI60-03.01072     0.27149   80.842573  -92.494492   -0.499    0.193  1
RGI60-03.04307     0.27096   80.965242  -80.797386   -0.385    0.180  1
RGI60-03.03941     0.27063   82.118916  -85.879105   -0.435    0.180  1
RGI60-03.03018     0.27009   81.360230  -84.312589   -0.210    0.156  1
RGI60-03.02075     0.27000   79.215647  -80.237771   -0.249    0.165  1
RGI60-03.04173     0.26995   83.026252  -74.582764   -0.172    1.020  1
RGI60-03.04227     0.26992   82.950529  -72.452895   -0.167    0.214  1
RGI60-03.02745     0.26972   82.608710  -80.165696    0.159    0.174  1
RGI60-03.02010     0.26969   80.668415  -68.902249   -0.331    0.166  1
RGI60-03.03750     0.26880   81.574323  -91.128793   -0.373    0.161  1
RGI60-03.03572     0.26848   82.869784  -78.609451    0.050    0.184  1
RGI60-03.02883     0.26835   82.606268  -74.580117   -0.213    0.170  1
RGI60-03.03290     0.26705   81.538452  -84.551169   -0.402    0.171  1
RGI60-03.03339     0.26701   81.190235  -83.179840   -0.304    0.179  1
RGI60-03.01057     0.26649   80.749056  -92.732573   -0.313    0.174  1
RGI60-03.04108     0.26628   82.838851  -75.229590    0.168    0.206  1
RGI60-03.03457     0.26623   82.760539  -78.403506   -0.054    0.167  1
RGI60-03.04180     0.26615   82.904799  -70.592519   -0.062    0.204  1
RGI60-03.00567     0.26555   79.722055  -73.874062   -0.145    0.172  1
RGI60-03.03029     0.26508   81.347220  -85.073554   -0.480    0.176  1
RGI60-03.03508     0.26489   82.887279  -75.893858   -0.465    0.219  1
RGI60-03.01800     0.26410   76.680795  -84.601299   -0.151    0.182  1
RGI60-03.03263     0.26251   81.382078  -77.849453   -0.424    0.172  1
RGI60-03.01083     0.26228   78.839313  -88.718079   -0.242    0.158  1
RGI60-03.01075     0.26212   80.453977  -94.301903   -0.558    0.223  1
RGI60-03.02775     0.26209   81.898427  -79.013164   -0.025    0.151  1
RGI60-03.04030     0.26171   82.970040  -74.467847   -0.126    0.168  1
RGI60-03.03145     0.26143   81.427746  -88.125232   -0.820    0.244  1
RGI60-03.03874     0.26136   81.743246  -91.364492   -0.476    0.189  1
RGI60-03.01028     0.26120   78.779662  -91.686883   -0.430    0.202  1
RGI60-03.03017     0.26118   81.365010  -84.250207   -0.287    0.157  1
RGI60-03.02755     0.26002   81.945593  -72.117598   -0.344    0.162  1
RGI60-03.04154     0.25992   82.903343  -72.707970   -0.086    0.240  1
RGI60-03.02255     0.25992   76.704383  -94.697569   -0.486    0.211  1
RGI60-03.02012     0.25975   80.654684  -70.037190   -0.167    0.162  1
RGI60-03.03667     0.25973   82.673566  -80.910242   -0.687    0.238  1
RGI60-03.03019     0.25953   81.365730  -84.296595   -0.325    0.166  1
RGI60-03.03695     0.25888   82.629400  -65.258856   -0.380    0.192  1
RGI60-03.02568     0.25859   82.513783  -75.138008   -0.247    0.169  1
RGI60-03.01050     0.25839   78.768534  -89.866670   -0.842    0.256  1
RGI60-03.03183     0.25689   81.636750  -86.315386   -0.671    0.221  1
RGI60-03.03978     0.25667   82.130809  -85.763443   -0.121    0.175  1
RGI60-03.04166     0.25643   82.893190  -74.078832   -0.559    0.239  1
RGI60-03.03542     0.25608   82.879047  -77.883502    0.006    0.202  1
RGI60-03.00509     0.25601   79.719184  -75.366070   -0.114    0.159  1
RGI60-03.04124     0.25591   82.892874  -67.720976   -0.702    0.266  1
RGI60-03.00590     0.25409   79.617337  -73.733479   -0.418    0.207  1
RGI60-03.02615     0.25405   82.615056  -78.584299    0.040    0.176  1
RGI60-03.02571     0.25350   82.481122  -75.621990   -0.303    0.194  1
RGI60-03.04205     0.25182   82.903998  -75.322302    0.053    0.198  1
RGI60-03.00639     0.25175   80.020526  -71.583331   -0.300    0.165  1
RGI60-03.03693     0.25170   82.624395  -64.649195   -0.582    0.220  1
RGI60-03.03666     0.25167   82.704566  -77.472851   -0.110    0.189  1
RGI60-03.02250     0.25118   76.808845  -95.525665   -0.139    0.179  1
RGI60-03.04026     0.25107   82.751922  -75.430580   -0.476    0.204  1
RGI60-03.00697     0.25021   76.476835  -82.592210   -1.390    0.310  1
RGI60-03.03336     0.25012   81.168573  -83.770987   -0.422    0.178  1
RGI60-03.04164     0.25010   82.884534  -74.788307   -0.327    0.198  1
RGI60-03.03194     0.24978   81.641209  -86.390647   -0.330    0.175  1
RGI60-03.03192     0.24977   81.632535  -87.185686   -0.240    0.156  1
RGI60-03.00630     0.24969   79.930038  -72.006001   -0.381    0.184  1
RGI60-03.03151     0.24931   81.430023  -77.289577   -0.328    0.181  1
RGI60-03.02503     0.24881   81.750060  -73.867095   -0.288    0.161  1
RGI60-03.02427     0.24847   75.716980  -83.342800   -0.090    0.181  1
RGI60-03.01085     0.24833   78.470600  -90.231395   -0.345    0.178  1
RGI60-03.03083     0.24766   81.366765  -87.237800   -0.755    0.245  1
RGI60-03.03517     0.24745   82.656303  -77.238123   -0.310    0.200  1
RGI60-03.03138     0.24745   81.182336  -83.153824   -0.530    0.183  1
RGI60-03.02550     0.24724   82.019742  -70.560604   -0.207    0.170  1
RGI60-03.03840     0.24641   82.114322  -82.369774   -0.267    0.164  1
RGI60-03.01434     0.24578   75.874730  -79.418479   -0.144    0.180  1
RGI60-03.03257     0.24568   81.609311  -85.229938   -0.158    0.162  1
RGI60-03.00496     0.24461   79.633752  -75.067782   -0.254    0.171  1
RGI60-03.02763     0.24445   82.358545  -75.353936   -0.395    0.191  1
RGI60-03.00580     0.24403   79.672561  -73.958506   -0.229    0.188  1
RGI60-03.02823     0.24399   82.215516  -70.803795   -0.256    0.174  1
RGI60-03.03513     0.24390   82.645510  -77.783559   -0.026    0.175  1
RGI60-03.02754     0.24359   81.941335  -72.047598   -0.310    0.170  1
RGI60-03.04290     0.24340   81.068309  -83.190954   -0.060    0.144  1
RGI60-03.01073     0.24336   80.835416  -92.333850   -0.521    0.202  1
RGI60-03.03892     0.24249   81.782393  -90.859570   -0.001    0.155  1
RGI60-03.04134     0.24202   82.887945  -72.892818   -0.469    0.208  1
RGI60-03.03966     0.24150   82.174035  -85.377833   -0.821    0.265  1
RGI60-03.04077     0.24136   82.795394  -72.571778   -0.020    0.184  1
RGI60-03.02786     0.24135   82.688562  -69.316235    0.192    0.200  1
RGI60-03.03044     0.24077   81.360478  -84.987844   -0.767    0.230  1
RGI60-03.01076     0.24045   80.120925  -91.174325   -0.084    0.164  1
RGI60-03.01070     0.24033   81.288331  -93.534690   -0.226    0.166  1
RGI60-03.03614     0.24000   82.724580  -78.837596   -0.267    0.168  1
RGI60-03.02056     0.23989   79.522000  -74.090395   -0.112    0.162  1
RGI60-03.02635     0.23951   81.850279  -78.842418   -0.570    0.181  1
RGI60-03.04076     0.23947   82.792040  -72.587695    0.070    0.207  1
RGI60-03.03003     0.23891   81.345634  -84.738560   -0.406    0.189  1
RGI60-03.04181     0.23814   82.901453  -70.479738   -0.211    0.216  1
RGI60-03.03627     0.23782   82.951843  -79.270094    0.171    0.163  1
RGI60-03.04005     0.23752   83.013792  -73.122882   -0.007    0.281  1
RGI60-03.02622     0.23741   82.697332  -73.757996   -0.197    0.221  1
RGI60-03.02736     0.23619   82.476971  -79.427958   -0.698    0.239  1
RGI60-03.00756     0.23587   79.828911  -71.521854   -0.517    0.199  1
RGI60-03.02857     0.23499   82.465881  -78.191855   -0.156    0.162  1
RGI60-03.02746     0.23466   82.611704  -80.230071    0.052    0.175  1
RGI60-03.04024     0.23399   82.981447  -72.012736   -0.836    0.347  1
RGI60-03.03231     0.23362   81.752362  -85.569801   -0.800    0.241  1
RGI60-03.04165     0.23346   82.896421  -74.052329   -0.604    0.234  1
RGI60-03.02142     0.23274   79.120903  -77.764520    0.074    0.173  1
RGI60-03.00445     0.23224   80.994586  -68.589109   -0.464    0.188  1
RGI60-03.02417     0.23221   74.513869  -86.938730   -0.229    0.203  1
RGI60-03.01081     0.23203   79.098883  -88.338334   -0.109    0.151  1
RGI60-03.02537     0.23128   81.879622  -71.882978   -0.428    0.188  1
RGI60-03.03536     0.23109   82.851209  -78.596922   -0.117    0.187  1
RGI60-03.04204     0.22995   83.038294  -73.745526   -0.030    0.304  1
RGI60-03.03472     0.22954   82.804885  -77.131478   -0.107    0.250  1
RGI60-03.02874     0.22939   82.315243  -75.933420   -0.391    0.211  1
RGI60-03.03737     0.22921   82.469115  -65.460453   -0.430    0.197  1
RGI60-03.03184     0.22766   81.635365  -86.347674   -0.681    0.219  1
RGI60-03.04016     0.22761   83.008257  -72.675447    1.759    0.915  1
RGI60-03.04188     0.22727   82.896984  -71.661354    0.155    0.224  1
RGI60-03.02584     0.22679   81.923873  -71.519693   -0.357    0.169  1
RGI60-03.03201     0.22672   81.653036  -86.336662   -0.314    0.205  1
RGI60-03.03575     0.22665   82.886564  -78.767575   -0.140    0.175  1
RGI60-03.03062     0.22613   81.368325  -86.236386   -0.368    0.186  1
RGI60-03.03998     0.22588   81.757379  -86.456904   -0.240    0.158  1
RGI60-03.03653     0.22568   82.810120  -79.635451   -0.036    0.188  1
RGI60-03.03577     0.22552   82.887551  -78.792637   -0.477    0.210  1
RGI60-03.03212     0.22536   81.682379  -86.008987   -0.107    0.163  1
RGI60-03.03232     0.22503   81.748197  -85.555213   -0.470    0.185  1
RGI60-03.04528     0.22497   80.699403  -85.667570   -0.736    0.216  1
RGI60-03.03149     0.22485   81.552590  -85.467020   -0.611    0.277  1
RGI60-03.03239     0.22288   81.830959  -83.516118    0.018    0.160  1
RGI60-03.03639     0.22281   82.796127  -79.773186    0.019    0.208  1
RGI60-03.03302     0.22211   81.708295  -83.807509   -0.554    0.234  1
RGI60-03.04351     0.22209   81.026319  -81.784650   -0.146    0.214  1
RGI60-03.04025     0.22203   82.747913  -75.461105   -0.085    0.200  1
RGI60-03.01077     0.22192   79.686262  -93.984240   -0.750    0.239  1
RGI60-03.03189     0.22078   81.619203  -87.088787   -0.442    0.190  1
RGI60-03.01082     0.22048   78.843575  -92.216596   -0.575    0.205  1
RGI60-03.03042     0.22019   81.360400  -84.929571   -0.397    0.179  1
RGI60-03.03108     0.22013   81.460620  -84.524696   -0.337    0.183  1
RGI60-03.04099     0.21972   82.852737  -70.215419   -0.003    0.202  1
RGI60-03.02784     0.21895   81.908197  -79.188136   -0.397    0.202  1
RGI60-03.02504     0.21886   81.749275  -73.836445   -0.089    0.174  1
RGI60-03.04471     0.21708   82.465736  -75.291843   -0.169    0.176  1
RGI60-03.03332     0.21692   81.277961  -80.673270   -0.294    0.183  1
RGI60-03.04434     0.21618   80.834214  -82.159153   -0.507    0.187  1
RGI60-03.02649     0.21595   82.625188  -80.503393   -0.081    0.176  1
RGI60-03.02497     0.21591   82.217268  -81.185935   -0.439    0.193  1
RGI60-03.04527     0.21465   81.067964  -79.461184   -0.100    0.151  1
RGI60-03.04200     0.21447   82.904737  -71.643585   -0.044    0.254  1
RGI60-03.04125     0.21287   82.890251  -67.760465   -0.237    0.179  1
RGI60-03.00550     0.21271   79.670225  -74.123822   -0.183    0.177  1
RGI60-03.02659     0.21226   82.065570  -80.259489   -0.318    0.207  1
RGI60-03.03793     0.21222   81.646719  -90.895310   -0.482    0.196  1
RGI60-03.04112     0.21135   82.889699  -68.192966   -0.291    0.188  1
RGI60-03.02698     0.21017   82.565398  -77.462345   -0.247    0.198  1
RGI60-03.04046     0.20995   83.015118  -73.235459   -0.385    0.285  1
RGI60-03.04007     0.20994   82.988264  -72.954196   -0.612    0.329  1
RGI60-03.04110     0.20994   82.869133  -73.063468   -0.537    0.264  1
RGI60-03.01419     0.20897   75.998476  -79.231723   -0.273    0.240  1
RGI60-03.04027     0.20886   82.754763  -75.437488   -0.570    0.252  1
RGI60-03.02555     0.20843   82.475524  -75.588657   -0.335    0.199  1
RGI60-03.04213     0.20736   82.927503  -73.113311   -0.374    0.222  1
RGI60-03.03487     0.20726   82.781443  -78.979781   -0.110    0.168  1
RGI60-03.03543     0.20722   82.742946  -80.800812   -0.125    0.196  1
RGI60-03.02092     0.20719   76.755595  -83.048052   -0.477    0.239  1
RGI60-03.02776     0.20702   82.296796  -74.431183   -0.357    0.188  1
RGI60-03.02514     0.20696   82.460201  -75.925832   -0.230    0.200  1
RGI60-03.03466     0.20685   82.706894  -77.295264   -0.120    0.212  1
RGI60-03.02627     0.20664   82.710175  -73.680210   -0.151    0.193  1
RGI60-03.04015     0.20591   83.004217  -72.589800   -0.044    0.510  1
RGI60-03.03047     0.20490   81.293427  -86.766944   -0.553    0.247  1
RGI60-03.03486     0.20478   82.831671  -76.354355    0.157    0.176  1
RGI60-03.02762     0.20448   82.328138  -81.888709   -0.201    0.179  1
RGI60-03.03637     0.20412   82.871225  -79.606145   -0.714    0.369  1
RGI60-03.03171     0.20367   81.755900  -81.751938   -0.461    0.181  1
RGI60-03.03786     0.20302   81.630030  -91.143847   -0.191    0.165  1
RGI60-03.03142     0.20287   81.410932  -88.743992   -0.167    0.181  1
RGI60-03.02620     0.20266   82.570391  -80.490442   -0.037    0.187  1
RGI60-03.03045     0.20253   81.364047  -84.965690   -0.678    0.214  1
RGI60-03.03534     0.20217   82.827458  -77.271264    0.238    0.260  1
RGI60-03.02636     0.20217   82.754746  -69.342020    0.106    0.177  1
RGI60-03.02062     0.20000   79.337773  -80.484656   -0.286    0.186  1
RGI60-03.03569     0.20000   82.884808  -78.556589   -1.275    0.381  1
RGI60-03.04036     0.19986   82.983359  -73.699972    0.155    0.279  1
RGI60-03.03061     0.19984   81.363313  -86.192061   -0.612    0.228  1
RGI60-03.02097     0.19972   76.811223  -82.617752   -0.314    0.201  1
RGI60-03.03236     0.19946   81.818432  -83.612094   -0.153    0.162  1
RGI60-03.04374     0.19911   80.919631  -84.259374   -0.142    0.152  1
RGI60-03.03096     0.19889   81.439896  -84.568039   -0.249    0.176  1
RGI60-03.03609     0.19875   82.702476  -77.402984   -0.025    0.207  1
RGI60-03.02867     0.19786   82.205623  -75.960514   -0.053    0.166  1
RGI60-03.04133     0.19786   82.888445  -72.968452   -0.096    0.238  1
RGI60-03.03118     0.19738   81.438782  -85.058703   -0.269    0.183  1
RGI60-03.02928     0.19712   81.564909  -76.501388   -0.259    0.172  1
RGI60-03.04422     0.19695   80.660567  -84.674132   -0.433    0.175  1
RGI60-03.02790     0.19678   82.117665  -79.408063   -0.149    0.214  1
RGI60-03.02458     0.19630   75.435645  -80.584073   -0.284    0.194  1
RGI60-03.03024     0.19549   81.302452  -85.789928   -0.425    0.183  1
RGI60-03.03360     0.19471   81.183480  -84.156556   -0.369    0.179  1
RGI60-03.04370     0.19432   81.026048  -81.920057   -0.135    0.212  1
RGI60-03.04240     0.19403   82.971643  -71.997181   -0.611    0.374  1
RGI60-03.04152     0.19351   82.738315  -74.328649   -0.004    0.188  1
RGI60-03.01286     0.19350   79.472813  -93.524483   -0.408    0.205  1
RGI60-03.03975     0.19258   82.198322  -85.350587   -0.271    0.213  1
RGI60-03.03628     0.19218   82.950343  -79.300856    0.097    0.171  1
RGI60-03.03456     0.19178   82.772207  -77.753514   -0.099    0.196  1
RGI60-03.02866     0.19115   82.200126  -76.144069    0.028    0.165  1
RGI60-03.03692     0.19094   82.624253  -64.678291   -0.479    0.225  1
RGI60-03.03663     0.19020   82.609224  -81.403764   -0.246    0.210  1
RGI60-03.03864     0.18844   81.761187  -90.922526   -0.091    0.155  1
RGI60-03.02527     0.18718   82.547960  -72.891314   -0.317    0.193  1
RGI60-03.02641     0.18707   82.759561  -69.455000   -0.527    0.224  1
RGI60-03.02643     0.18705   82.636906  -80.386840   -0.267    0.193  1
RGI60-03.03482     0.18620   82.725552  -77.371973   -0.523    0.241  1
RGI60-03.01064     0.18585   79.644376  -93.632835   -0.495    0.231  1
RGI60-03.01060     0.18532   80.534939  -92.688689   -0.098    0.207  1
RGI60-03.01958     0.18434   76.687376  -85.107820   -0.437    0.213  1
RGI60-03.00621     0.18426   79.879016  -72.416582   -0.615    0.206  1
RGI60-03.02621     0.18417   82.573120  -80.475152   -0.366    0.220  1
RGI60-03.03561     0.18330   82.735577  -80.838370   -0.297    0.234  1
RGI60-03.03312     0.18242   81.888571  -80.012622   -0.048    0.161  1
RGI60-03.02576     0.18191   82.602540  -76.787119   -0.370    0.222  1
RGI60-03.04169     0.18189   82.876696  -75.405649   -0.686    0.263  1
RGI60-03.01287     0.18187   79.474258  -93.458739   -0.413    0.203  1
RGI60-03.04106     0.18170   82.869790  -70.071636    0.137    0.237  1
RGI60-03.04148     0.18170   82.878729  -74.566398    0.076    0.238  1
RGI60-03.01436     0.18108   75.891670  -79.558743   -0.645    0.291  1
RGI60-03.03165     0.18085   81.543736  -86.304384   -0.488    0.232  1
RGI60-03.00568     0.18081   79.708027  -73.940563   -0.299    0.210  1
RGI60-03.04210     0.18063   82.934211  -73.204798   -0.106    0.175  1
RGI60-03.04064     0.18013   83.064585  -70.418351   -1.752    0.974  1
RGI60-03.02061     0.18000   79.349845  -80.818279   -0.758    0.280  1
RGI60-03.01043     0.17953   78.642931  -91.995316   -0.350    0.202  1
RGI60-03.01866     0.17893   76.423824  -83.386963   -0.020    0.161  1
RGI60-03.00201     0.17885   81.267969  -67.562469   -0.452    0.194  1
RGI60-03.03007     0.17823   81.229042  -79.242283   -0.555    0.231  1
RGI60-03.04031     0.17821   82.972978  -74.437351   -0.248    0.191  1
RGI60-03.03087     0.17627   81.410582  -84.822345   -0.024    0.207  1
RGI60-03.00532     0.17422   79.615123  -74.383704   -0.182    0.184  1
RGI60-03.03141     0.17346   81.541427  -85.617996   -0.658    0.237  1
RGI60-03.04120     0.17285   82.867887  -74.394878    0.064    0.200  1
RGI60-03.02290     0.17283   76.485157  -92.028620   -0.156    0.188  1
RGI60-03.03086     0.17279   81.469594  -84.499991   -0.441    0.218  1
RGI60-03.04435     0.17204   80.842178  -82.091745   -0.186    0.173  1
RGI60-03.01061     0.17137   80.470288  -94.170860   -0.304    0.192  1
RGI60-03.02805     0.17042   82.581391  -80.083139   -0.545    0.263  1
RGI60-03.03670     0.16970   82.634491  -78.046560   -0.573    0.260  1
RGI60-03.03256     0.16963   81.617009  -85.450357   -0.202    0.185  1
RGI60-03.04185     0.16905   82.931730  -69.248000    0.085    0.223  1
RGI60-03.03185     0.16904   81.639562  -86.297489   -0.738    0.237  1
RGI60-03.03004     0.16850   81.340672  -84.751854   -0.625    0.227  1
RGI60-03.03341     0.16820   81.218526  -83.971259   -0.011    0.162  1
RGI60-03.01063     0.16817   79.683836  -94.002583   -0.613    0.264  1
RGI60-03.04500     0.16787   82.763556  -80.512955   -0.473    0.250  1
RGI60-03.00936     0.16787   78.880784  -89.161483   -1.026    0.331  1
RGI60-03.02542     0.16727   82.593655  -73.446865   -0.300    0.208  1
RGI60-03.02788     0.16699   82.071146  -80.203525    0.062    0.248  1
RGI60-03.03468     0.16695   82.821928  -76.172402    0.016    0.215  1
RGI60-03.03048     0.16566   81.292823  -86.720091   -0.456    0.206  1
RGI60-03.00534     0.16520   79.603528  -74.365422   -0.438    0.190  1
RGI60-03.01791     0.16411   76.943723  -84.061735   -0.554    0.243  1
RGI60-03.03069     0.16374   81.502008  -84.679090   -0.119    0.164  1
RGI60-03.02939     0.16350   81.496272  -75.042827   -0.809    0.258  1
RGI60-03.00272     0.16326   81.006611  -68.222258   -0.332    0.187  1
RGI60-03.00589     0.16291   79.619382  -73.695001   -0.172    0.177  1
RGI60-03.01059     0.16266   80.499515  -95.174747   -0.109    0.164  1
RGI60-03.02357     0.16258   74.741175  -89.729801    0.050    0.153  1
RGI60-03.02315     0.16134   75.295149  -85.405801   -0.308    0.187  1
RGI60-03.00575     0.16126   79.747003  -73.650369    0.080    0.214  1
RGI60-03.02657     0.16122   82.287122  -81.842727   -0.210    0.190  1
RGI60-03.03571     0.16000   82.865787  -78.562530   -0.596    0.258  1
RGI60-03.04441     0.15983   80.864716  -81.590002   -0.458    0.233  1
RGI60-03.00705     0.15972   76.626620  -82.727830   -0.079    0.172  1
RGI60-03.01038     0.15965   78.648618  -91.627055   -0.241    0.222  1
RGI60-03.04446     0.15953   80.937920  -80.445267   -0.199    0.181  1
RGI60-03.04273     0.15945   80.998469  -80.147942   -0.444    0.210  1
RGI60-03.03467     0.15890   82.714032  -81.128530    0.108    0.206  1
RGI60-03.03104     0.15864   81.343404  -85.635120   -0.400    0.223  1
RGI60-03.04523     0.15861   81.861838  -81.678873   -0.353    0.219  1
RGI60-03.04310     0.15781   81.022957  -81.859034   -0.369    0.191  1
RGI60-03.02495     0.15752   81.759572  -73.827700   -0.093    0.162  1
RGI60-03.02258     0.15743   76.681021  -94.627090   -0.398    0.220  1
RGI60-03.01468     0.15672   74.556570  -84.543305   -0.506    0.258  1
RGI60-03.02646     0.15615   82.628377  -80.528913   -0.474    0.235  1
RGI60-03.03107     0.15550   81.406841  -84.572541   -0.076    0.248  1
RGI60-03.03765     0.15545   81.895361  -85.179953   -0.405    0.193  1
RGI60-03.02404     0.15514   74.611545  -89.910553   -0.516    0.216  1
RGI60-03.03574     0.15494   82.877652  -78.667662   -0.157    0.186  1
RGI60-03.03769     0.15482   81.673092  -90.054562   -0.404    0.188  1
RGI60-03.00578     0.15468   79.685105  -73.864194   -0.397    0.226  1
RGI60-03.03027     0.15464   81.327468  -85.714426   -0.238    0.186  1
RGI60-03.02548     0.15442   82.012767  -70.656026   -0.222    0.178  1
RGI60-03.02370     0.15300   74.694973  -87.796211   -0.128    0.176  1
RGI60-03.02091     0.15286   76.757966  -82.448413   -0.062    0.194  1
RGI60-03.02599     0.15278   82.679241  -72.940657   -0.186    0.179  1
RGI60-03.01066     0.15275   78.538963  -90.311569   -0.569    0.259  1
RGI60-03.00897     0.15237   79.242928  -89.336127   -0.546    0.241  1
RGI60-03.04045     0.15208   83.090349  -72.858084    0.032    0.372  1
RGI60-03.03329     0.15202   81.403218  -77.463058   -0.270    0.194  1
RGI60-03.04100     0.15175   82.855719  -70.126620   -0.069    0.249  1
RGI60-03.03878     0.15052   81.611640  -91.525096   -0.214    0.186  1
RGI60-03.04128     0.15051   82.857662  -75.006238    0.028    0.276  1
RGI60-03.04111     0.14996   82.872428  -73.101011   -0.086    0.280  1
RGI60-03.03335     0.14945   81.755732  -81.682619   -0.116    0.171  1
RGI60-03.04287     0.14918   80.962649  -85.114535   -0.216    0.159  1
RGI60-03.02502     0.14839   82.397833  -75.363523   -0.243    0.194  1
RGI60-03.02914     0.14779   82.001821  -70.838403   -0.434    0.205  1
RGI60-03.00664     0.14724   79.698144  -72.604138   -0.296    0.190  1
RGI60-03.00551     0.14717   79.705198  -74.026362   -0.108    0.186  1
RGI60-03.03568     0.14690   82.717424  -78.857468    0.209    0.210  1
RGI60-03.02104     0.14590   76.864551  -83.150480   -0.063    0.200  1
RGI60-03.03726     0.14539   82.570327  -66.273911   -0.105    0.184  1
RGI60-03.01403     0.14526   76.037655  -78.948456   -0.601    0.315  1
RGI60-03.02895     0.14493   82.571090  -72.221600   -0.662    0.256  1
RGI60-03.01067     0.14488   78.475932  -90.262662   -0.630    0.252  1
RGI60-03.01428     0.14451   75.854106  -79.447482    0.133    0.214  1
RGI60-03.03175     0.14413   81.772111  -82.087897   -0.167    0.217  1
RGI60-03.03103     0.14294   81.335617  -85.665205   -0.335    0.215  1
RGI60-03.00521     0.14284   79.552998  -74.975145   -0.284    0.189  1
RGI60-03.03969     0.14227   82.130503  -85.834225   -0.053    0.175  1
RGI60-03.00588     0.14205   79.627168  -73.728757   -0.528    0.216  1
RGI60-03.03564     0.14143   82.691012  -77.344597   -0.201    0.253  1
RGI60-03.02052     0.14000   79.766937  -80.355706   -0.495    0.288  1
RGI60-03.03035     0.13964   81.297684  -86.284807   -0.625    0.241  1
RGI60-03.02180     0.13945   78.749066  -80.898706   -0.424    0.206  1
RGI60-03.03498     0.13942   82.825694  -77.544003   -0.304    0.255  1
RGI60-03.02496     0.13843   82.213930  -81.164939   -0.202    0.185  1
RGI60-03.01604     0.13772   77.224758  -80.570970   -0.083    0.176  1
RGI60-03.03920     0.13768   81.860596  -89.931390   -0.215    0.174  1
RGI60-03.03173     0.13720   81.764991  -82.013818   -0.129    0.182  1
RGI60-03.04247     0.13710   80.709899  -81.599249   -0.178    0.179  1
RGI60-03.03979     0.13704   82.094604  -85.425549   -0.600    0.398  1
RGI60-03.02449     0.13702   75.577657  -80.934767   -0.194    0.240  1
RGI60-03.02661     0.13666   81.716152  -78.222283    0.008    0.199  1
RGI60-03.00780     0.13665   79.271974  -78.098228   -0.332    0.232  1
RGI60-03.02450     0.13629   75.565050  -80.979286    0.166    0.257  1
RGI60-03.03677     0.13611   82.561604  -65.678900   -0.499    0.223  1
RGI60-03.03340     0.13557   81.548996  -84.556807    0.127    0.172  1
RGI60-03.02865     0.13477   82.198417  -76.181855    0.032    0.178  1
RGI60-03.02869     0.13388   82.248556  -75.041589   -0.328    0.205  1
RGI60-03.02549     0.13200   82.010715  -70.580021   -0.332    0.225  1
RGI60-03.04222     0.13165   82.917228  -72.753973   -1.378    0.561  1
RGI60-03.03328     0.13135   81.272434  -82.289996   -0.548    0.303  1
RGI60-03.01606     0.13082   77.224968  -80.561212   -0.058    0.179  1
RGI60-03.02609     0.13034   82.692282  -73.602485   -0.176    0.210  1
RGI60-03.00584     0.13015   79.633794  -73.846419   -0.292    0.189  1
RGI60-03.03218     0.12883   81.858774  -81.779776   -0.453    0.236  1
RGI60-03.01855     0.12877   77.196421  -83.180777   -0.667    0.273  1
RGI60-03.03563     0.12856   82.692294  -77.354406   -0.036    0.250  1
RGI60-03.04192     0.12805   82.909438  -71.750909   -0.142    0.313  1
RGI60-03.04082     0.12795   82.819875  -69.105585    0.126    0.261  1
RGI60-03.04116     0.12771   82.719985  -74.292383   -0.175    0.275  1
RGI60-03.04469     0.12759   82.704467  -73.635919    0.011    0.209  1
RGI60-03.03258     0.12712   81.598044  -85.131332   -0.404    0.193  1
RGI60-03.03208     0.12697   81.629459  -87.513061   -0.212    0.189  1
RGI60-03.04296     0.12639   81.027241  -81.763632    0.104    0.234  1
RGI60-03.02648     0.12600   82.626919  -80.451921    0.064    0.220  1
RGI60-03.02844     0.12571   82.228179  -80.334684   -0.237    0.277  1
RGI60-03.01404     0.12524   76.023080  -79.191106   -0.042    0.291  1
RGI60-03.03135     0.12511   81.439667  -87.754995   -0.559    0.254  1
RGI60-03.02524     0.12433   82.540046  -76.259635   -0.484    0.272  1
RGI60-03.03776     0.12406   82.010926  -81.222023   -0.170    0.181  1
RGI60-03.00596     0.12394   79.566360  -73.852449   -0.347    0.209  1
RGI60-03.04117     0.12372   82.884148  -67.363391   -0.209    0.201  1
RGI60-03.02630     0.12362   82.706139  -73.497835    0.119    0.216  1
RGI60-03.03696     0.12354   82.632717  -65.278523   -0.651    0.288  1
RGI60-03.03416     0.12333   81.641986  -85.599942   -0.167    0.167  1
RGI60-03.03030     0.12330   81.351635  -85.051208   -0.235    0.201  1
RGI60-03.01542     0.12244   76.790036  -78.072128    0.177    0.214  1
RGI60-03.03814     0.12224   81.950946  -82.693302   -0.248    0.182  1
RGI60-03.01068     0.12057   78.438444  -89.137236    0.056    0.192  1
RGI60-03.03678     0.12000   82.562649  -65.649253   -0.594    0.276  1
RGI60-03.01865     0.11986   76.431295  -83.394450   -0.447    0.307  1
RGI60-03.00788     0.11926   79.346391  -78.484066   -0.522    0.238  1
RGI60-03.02596     0.11867   82.672857  -73.460788   -0.444    0.228  1
RGI60-03.02789     0.11863   82.285695  -81.895394   -0.218    0.189  1
RGI60-03.04089     0.11799   82.837348  -69.852369    0.500    0.321  1
RGI60-03.03838     0.11778   82.117733  -81.997036   -0.150    0.188  1
RGI60-03.02523     0.11661   82.541669  -76.249413   -0.349    0.289  1
RGI60-03.01065     0.11637   79.263864  -87.138577   -0.630    0.257  1
RGI60-03.03787     0.11615   81.765418  -86.421802   -0.176    0.168  1
RGI60-03.00791     0.11437   79.245524  -78.945393   -0.333    0.267  1
RGI60-03.03635     0.11382   82.792997  -79.476496   -0.627    0.342  1
RGI60-03.02459     0.11348   75.423815  -80.431223   -0.177    0.216  1
RGI60-03.03235     0.11334   81.812162  -83.600192   -0.447    0.266  1
RGI60-03.03764     0.11255   81.837187  -86.203557   -0.055    0.201  1
RGI60-03.02445     0.11221   75.699276  -83.067235    0.046    0.186  1
RGI60-03.03143     0.11199   81.423702  -88.078501   -0.325    0.204  1
RGI60-03.01062     0.11182   80.451714  -94.230544   -0.218    0.185  1
RGI60-03.02654     0.11151   82.626711  -80.308313   -0.664    0.350  1
RGI60-03.04162     0.11142   82.867174  -74.961907   -0.647    0.382  1
RGI60-03.03228     0.11091   81.700596  -86.311562   -0.600    0.278  1
RGI60-03.01802     0.11067   76.673207  -84.589092    0.065    0.225  1
RGI60-03.01807     0.11063   76.954923  -83.396921   -0.127    0.200  1
RGI60-03.03781     0.11041   81.753252  -88.617440   -0.138    0.166  1
RGI60-03.03260     0.10837   81.383611  -84.210387   -0.434    0.228  1
RGI60-03.03459     0.10837   82.786962  -77.127064   -0.655    0.273  1
RGI60-03.02629     0.10795   82.704024  -73.592721   -0.084    0.230  1
RGI60-03.02090     0.10744   76.751502  -83.067803   -0.411    0.230  1
RGI60-03.02395     0.10720   74.636309  -89.897295   -0.654    0.304  1
RGI60-03.02899     0.10709   82.678661  -71.746102    0.227    0.231  1
RGI60-03.02391     0.10682   74.640129  -89.882830   -0.553    0.243  1
RGI60-03.02913     0.10682   81.996255  -70.889764   -0.467    0.232  1
RGI60-03.04520     0.10678   81.547591  -85.566217   -0.117    0.195  1
RGI60-03.03022     0.10677   81.300974  -85.807378   -0.509    0.247  1
RGI60-03.03592     0.10562   82.884945  -76.424720   -0.416    0.314  1
RGI60-03.04269     0.10538   80.908410  -83.032961   -0.122    0.260  1
RGI60-03.04295     0.10456   81.147410  -81.718659   -0.179    0.194  1
RGI60-03.03586     0.10442   82.915761  -76.302981   -0.045    0.188  1
RGI60-03.04409     0.10419   80.659228  -84.033474   -0.487    0.232  1
RGI60-03.00611     0.10403   79.844849  -73.002251   -0.215    0.183  1
RGI60-03.03032     0.10389   81.342691  -85.188542   -0.440    0.239  1
RGI60-03.04009     0.10292   82.982830  -72.430917    0.689    0.679  1
RGI60-03.04001     0.10261   82.985348  -73.245851   -0.635    0.455  1
RGI60-03.03241     0.10181   81.822300  -83.643182   -0.667    0.303  1
RGI60-03.02597     0.10123   82.666801  -73.462214   -0.454    0.237  1
RGI60-03.01857     0.10109   76.327281  -84.885154    0.037    0.200  1
RGI60-03.02380     0.10064   74.669128  -89.453972   -0.080    0.205  1
RGI60-03.02407     0.10045   74.606750  -89.609464   -0.358    0.217  1
RGI60-03.02453     0.10007   75.562181  -81.120123   -0.338    0.261  1
RGI60-03.00757     0.09688   79.830862  -71.489708   -0.564    0.269  1
RGI60-03.02864     0.09651   82.200662  -75.937177   -0.109    0.193  1
RGI60-03.01534     0.09482   76.832672  -78.082303    0.828    0.374  1
RGI60-03.03222     0.09302   81.099491  -88.027639   -0.165    0.184  1
RGI60-03.01435     0.09120   75.877857  -79.454222   -0.044    0.195  1
RGI60-03.04267     0.09010   81.001136  -80.110695   -0.249    0.224  1
RGI60-03.01505     0.09001   77.182270  -79.199770   -0.190    0.316  1
RGI60-03.02546     0.08893   82.569488  -76.118786   -0.059    0.193  1
RGI60-03.02587     0.08253   82.664780  -73.308131   -0.502    0.250  1
RGI60-03.01557     0.07713   76.627770  -80.845954   -0.018    0.223  1
RGI60-03.03836     0.07668   82.034345  -84.355013    0.008    0.183  1
RGI60-03.04445     0.07541   80.935469  -80.499828    0.034    0.256  1
RGI60-03.04137     0.07458   82.864370  -75.358330    0.392    0.332  1
RGI60-03.01054     0.07423   79.711790  -95.084708    0.031    0.186  1
RGI60-03.04303     0.07031   81.084382  -82.503011   -0.022    0.186  1
RGI60-03.03841     0.07020   82.117038  -82.346507   -0.072    0.278  1
RGI60-03.02551     0.06959   82.019968  -70.701870    0.011    0.198  1
RGI60-03.01431     0.06932   75.906559  -79.224846   -0.150    0.238  1
RGI60-03.01558     0.06595   76.634789  -80.836768    0.021    0.191  1
RGI60-03.03177     0.06575   81.778108  -81.971007    0.309    0.245  1
RGI60-03.04444     0.06281   80.934362  -80.477561   -0.085    0.269  1
RGI60-03.02113     0.06155   80.275577  -94.657073   -0.062    0.201  1
RGI60-03.01056     0.06061   78.433925  -89.311574   -0.663    0.355  1
RGI60-03.01597     0.05925   76.312067  -80.691712   -0.102    0.227  1
RGI60-03.01492     0.05744   77.218854  -80.417667    0.096    0.294  1
RGI60-03.02140     0.05667   79.372489  -87.334591   -0.632    0.329  1
RGI60-03.01055     0.05462   78.832086  -91.832220   -1.311    0.535  1
RGI60-03.02313     0.05195   75.303998  -85.478584   -0.490    0.295  1
RGI60-03.02382     0.05117   74.661027  -89.898838   -0.243    0.253  1
RGI60-03.02979     0.05090   81.355175  -76.509676   -0.006    0.203  1
RGI60-03.04470     0.05052   82.703216  -73.556269   -0.433    0.298  1
RGI60-03.01569     0.04899   76.672519  -81.132488   -0.026    0.248  1
RGI60-03.02343     0.04815   74.823133  -89.563732    0.292    0.236  1
RGI60-03.01560     0.04699   76.581752  -78.499929   -0.428    0.379  1
RGI60-03.01402     0.04678   76.035097  -78.935115   -0.322    0.323  1
RGI60-03.03770     0.04633   81.680098  -90.028282   -0.024    0.208  1
RGI60-03.01425     0.04578   75.833439  -79.451432   -0.087    0.320  1
RGI60-03.02403     0.04362   74.610725  -89.601471    0.039    0.206  1
RGI60-03.01429     0.04309   75.885123  -79.294714   -0.022    0.350  1
RGI60-03.02356     0.04290   74.743530  -89.708284    0.104    0.199  1
RGI60-03.01052     0.04086   80.878310  -94.713408   -0.252    0.247  1
RGI60-03.04032     0.03999   82.975918  -74.401041    0.003    0.242  1
RGI60-03.04033     0.03999   82.981349  -73.528277    0.032    0.316  1
RGI60-03.02366     0.03739   74.707579  -89.754573   -0.176    0.215  1
RGI60-03.04472     0.03543   82.424001  -75.819744   -0.199    0.311  1
RGI60-03.02470     0.03354   74.694855  -80.903648   -1.368    1.396  1
RGI60-03.01548     0.03331   76.750556  -77.836830    0.056    0.272  1
RGI60-03.02409     0.03314   74.598895  -89.538942    0.042    0.254  1
RGI60-03.01596     0.03308   76.304388  -80.723866   -0.142    0.257  1
RGI60-03.01500     0.03306   77.183941  -79.201435   -0.818    0.819  1
RGI60-03.01562     0.02651   76.609333  -78.783367    0.172    0.320  1
RGI60-03.02393     0.02638   74.637309  -89.913509   -0.169    0.267  1
RGI60-03.01595     0.02617   76.318721  -80.627332   -0.150    0.318  1
RGI60-03.02480     0.02579   74.673764  -81.204893   -0.801    0.806  1
RGI60-03.01409     0.02541   75.955359  -79.466137   -0.653    0.776  1
RGI60-03.01601     0.02522   76.211123  -80.923688   -0.211    0.278  1
RGI60-03.02479     0.02476   74.704505  -81.092173   -1.598    1.292  1
RGI60-03.01591     0.02451   76.316722  -80.684606   -0.275    0.289  1
RGI60-03.01489     0.02424   77.164504  -79.882978    0.057    0.311  1
RGI60-03.02112     0.02356   80.539406  -92.682026   -0.214    0.425  1
RGI60-03.02368     0.02276   74.706651  -89.815168   -0.404    0.344  1
RGI60-03.01594     0.02173   76.295135  -80.689253   -0.688    2.858  1
RGI60-03.02401     0.02026   74.611503  -89.617786   -0.298    0.325  1
RGI60-03.03355     0.02000   81.763356  -80.893758    0.392    0.562  1
RGI60-03.03445     0.02000   82.952718  -76.198065    0.039    0.290  1
RGI60-03.04059     0.01999   83.078536  -69.834512   -0.888    1.167  1
RGI60-03.02323     0.01972   75.139657  -85.767954   -0.270    0.322  1
RGI60-03.02350     0.01965   74.775619  -89.674178    0.080    0.218  1
RGI60-03.02405     0.01964   74.609424  -89.614190   -0.364    0.337  1
RGI60-03.01406     0.01767   75.945794  -79.237049   -0.226    0.380  1
RGI60-03.01426     0.01596   75.840724  -79.420125    0.071    0.358  1
RGI60-03.02228     0.01360   78.114825  -84.376138   -0.049    0.323  1
RGI60-03.02181     0.01347   78.745241  -80.939999    0.002    0.254  1
RGI60-03.02246     0.01337   76.632542  -78.066188    0.099    0.251  1
RGI60-03.01543     0.01326   76.779629  -78.217846    0.089    0.299  1
RGI60-03.02400     0.01325   74.615914  -89.898235   -0.083    0.221  1
RGI60-03.01407     0.01272   75.947820  -79.242276   -0.148    0.395  1
RGI60-03.01443     0.01250   76.108182  -79.015442   -0.455    0.620  1
RGI60-03.04042     0.21138   83.030520  -71.092162   -0.291    0.079  2
RGI60-03.01561     0.03468   76.595961  -78.497176   -0.291    0.079  2
RGI60-03.01430     0.02264   75.870644  -79.404593   -0.291    0.079  2
RGI60-03.01415     0.02164   75.986179  -79.129505   -0.291    0.079  2
RGI60-03.02114     0.02071   80.301473  -91.628945   -0.291    0.079  2
RGI60-03.01414     0.01909   75.962629  -79.424889   -0.291    0.079  2
RGI60-03.01615     0.01431   76.816539  -78.873146   -0.291    0.079  2
RGI60-03.01612     0.01431   76.694062  -78.353373   -0.291    0.079  2
RGI60-03.02248     0.01353   76.779018  -82.999819   -0.291    0.079  2
RGI60-03.02408     0.01341   74.603252  -89.610780   -0.291    0.079  2
RGI60-03.02392     0.01325   74.637658  -89.880031   -0.291    0.079  2
RGI60-03.01418     0.01282   76.000175  -79.216246   -0.291    0.079  2
RGI60-03.01437     0.01240   76.022423  -78.983855   -0.291    0.079  2
RGI60-03.01421     0.01210   76.004461  -79.270349   -0.291    0.079  2
RGI60-03.02439     0.01122   75.778203  -81.908747   -0.291    0.079  2
RGI60-03.01507     0.01060   77.117302  -79.852815   -0.291    0.079  2
RGI60-03.01584     0.01032   76.328699  -79.723945   -0.291    0.079  2
RGI60-03.02997     0.01000   81.291494  -78.224394   -0.291    0.079  2
RGI60-03.04242     0.01000   80.744283  -81.155978   -0.291    0.079  2
RGI60-03.03354     0.01000   81.764691  -80.862474   -0.291    0.079  2
RGI60-03.03443     0.01000   82.635808  -77.937835   -0.291    0.079  2
RGI60-03.03617     0.01000   82.993431  -76.545923   -0.291    0.079  2
RGI60-03.03444     0.01000   82.948997  -76.229878   -0.291    0.079  2
RGI60-03.03595     0.01000   82.891347  -76.217616   -0.291    0.079  2
RGI60-03.03593     0.01000   82.890380  -76.211003   -0.291    0.079  2
RGI60-03.03122     0.01000   81.360729  -86.122870   -0.291    0.079  2
RGI60-03.04034     0.01000   82.981948  -73.509159   -0.291    0.079  2
RGI60-03.04219     0.01000   82.912782  -72.937744   -0.291    0.079  2
RGI60-03.04058     0.00999   83.077390  -69.843946   -0.291    0.079  2
