Glacier-specific geodetic mass balance (m w.e. a-1) 2000_2020/ according to Hugonnet et al. (2021)
ID=1: measured, ID=2: regional mean
RGI-ID  Area  lat  lon  B  errB  ID
RGI60-04.06187  2769.62120   70.021441  -73.057454   -0.871    0.095  1
RGI60-04.06188  1050.62699   69.818033  -73.209157   -0.780    0.108  1
RGI60-04.06181   959.13546   69.984315  -73.964423   -0.878    0.109  1
RGI60-04.05774   811.54506   67.124112  -66.080964   -0.600    0.093  1
RGI60-04.05514   661.38012   67.091624  -65.353250   -0.470    0.104  1
RGI60-04.06185   584.83115   70.223246  -74.416544   -1.090    0.102  1
RGI60-04.07131   575.79580   73.314502  -78.366796   -0.459    0.089  1
RGI60-04.05688   468.15544   67.304215  -65.544450   -0.667    0.116  1
RGI60-04.04988   419.76646   72.338781  -75.784037   -0.614    0.093  1
RGI60-04.05529   416.59455   67.328347  -66.472889   -0.489    0.092  1
RGI60-04.06851   391.02979   66.847887  -65.461075   -0.784    0.119  1
RGI60-04.05745   353.78176   67.266345  -66.987956   -0.748    0.098  1
RGI60-04.06998   350.28819   73.386876  -78.896174   -0.596    0.093  1
RGI60-04.07148   345.64427   73.104333  -77.404975   -0.561    0.078  1
RGI60-04.04543   307.66274   66.339809  -63.394386   -0.869    0.094  1
RGI60-04.07104   278.62979   73.492384  -79.524308   -0.548    0.089  1
RGI60-04.05736   272.82742   67.003073  -65.795118   -0.639    0.109  1
RGI60-04.05018   271.01349   72.030101  -76.695354   -0.543    0.099  1
RGI60-04.06981   265.65364   73.232111  -77.783875   -0.510    0.086  1
RGI60-04.07013   262.20038   73.058450  -78.103457   -0.523    0.090  1
RGI60-04.07035   242.93745   73.171642  -78.921649   -0.354    0.082  1
RGI60-04.04980   230.86018   72.195875  -76.284311   -0.545    0.106  1
RGI60-04.05746   229.80431   67.338886  -67.152137   -0.850    0.107  1
RGI60-04.05755   228.59656   67.497091  -66.882615   -0.613    0.107  1
RGI60-04.07156   226.95021   73.048134  -78.637986   -0.433    0.108  1
RGI60-04.06186   220.23562   70.431958  -74.510075   -1.154    0.113  1
RGI60-04.04982   210.42553   72.295013  -76.736233   -0.550    0.100  1
RGI60-04.06852   209.02538   67.407156  -65.929977   -0.752    0.103  1
RGI60-04.03263   192.86454   70.666244  -71.878218   -0.565    0.114  1
RGI60-04.05765   186.86706   67.382143  -66.150166   -0.657    0.100  1
RGI60-04.07052   167.88313   73.581497  -80.026303   -0.511    0.095  1
RGI60-04.05012   162.68703   71.887323  -76.923218   -0.466    0.102  1
RGI60-04.03950   158.73835   71.899731  -74.985265   -0.461    0.103  1
RGI60-04.07066   148.75014   73.204787  -79.297659   -0.625    0.086  1
RGI60-04.06913   146.14647   73.307855  -79.411912   -0.644    0.093  1
RGI60-04.05740   141.88853   67.296170  -66.749070   -0.468    0.098  1
RGI60-04.05523   130.60061   66.915725  -65.046090   -0.736    0.132  1
RGI60-04.07157   129.84935   73.074425  -78.972770   -0.406    0.081  1
RGI60-04.06949   127.72375   73.389327  -79.941184   -0.735    0.101  1
RGI60-04.06928   123.50851   73.348161  -79.673768   -0.666    0.093  1
RGI60-04.06183   123.10638   70.045986  -74.400150   -1.327    0.129  1
RGI60-04.04555   122.26314   66.139959  -63.371382   -0.929    0.107  1
RGI60-04.05748   120.32730   67.432981  -67.436597   -1.525    0.155  1
RGI60-04.03275   115.50732   70.569385  -72.156257   -0.407    0.124  1
RGI60-04.05862   115.06310   69.062962  -68.540645   -0.670    0.118  1
RGI60-04.05032   112.61932   72.415854  -76.906490   -0.682    0.099  1
RGI60-04.06182   110.17964   69.854658  -73.671187   -0.840    0.137  1
RGI60-04.06939   106.81698   73.005611  -77.630241   -0.659    0.096  1
RGI60-04.06097   104.87221   69.429637  -69.529418   -0.554    0.108  1
RGI60-04.06962   104.63971   73.459654  -80.121984   -0.678    0.109  1
RGI60-04.04996   103.74671   72.230907  -75.496958   -0.548    0.105  1
RGI60-04.05758   101.58885   67.527266  -66.721746   -0.744    0.114  1
RGI60-04.03261   100.43770   70.795907  -71.497092   -0.523    0.116  1
RGI60-04.05557    98.67984   67.526128  -67.406910   -1.184    0.143  1
RGI60-04.04924    97.88668   72.352993  -76.111776   -0.530    0.112  1
RGI60-04.00400    95.83242   70.353945  -70.116419   -0.712    0.124  1
RGI60-04.05706    94.89077   66.806742  -65.088818   -0.696    0.135  1
RGI60-04.02979    94.23696   69.857066  -70.019786   -0.678    0.117  1
RGI60-04.04030    94.21010   71.882078  -75.895120   -0.430    0.097  1
RGI60-04.03948    94.02489   71.990927  -74.877914   -0.518    0.110  1
RGI60-04.06965    93.28913   72.998443  -76.927740   -0.736    0.092  1
RGI60-04.05761    90.92566   67.460577  -66.354196   -0.717    0.110  1
RGI60-04.06130    89.69373   69.336606  -69.500146   -0.614    0.112  1
RGI60-04.05230    88.84582   73.129513  -81.102012   -0.486    0.097  1
RGI60-04.04021    87.12949   71.788023  -75.310081   -0.625    0.116  1
RGI60-04.05567    85.98199   67.452347  -67.233690   -0.990    0.127  1
RGI60-04.00452    82.11760   70.280449  -70.244199   -0.688    0.117  1
RGI60-04.07137    79.66921   73.376489  -77.774512   -0.659    0.103  1
RGI60-04.03510    78.69604   70.918008  -72.699887   -0.503    0.129  1
RGI60-04.06114    78.66476   69.358306  -69.771054   -0.719    0.116  1
RGI60-04.04008    78.19758   71.835152  -74.901260   -0.473    0.110  1
RGI60-04.04464    78.07333   65.945072  -63.821902   -0.927    0.108  1
RGI60-04.04558    76.66917   66.052783  -63.817580   -0.879    0.108  1
RGI60-04.06128    74.24059   69.432902  -69.189649   -0.631    0.119  1
RGI60-04.03522    74.04231   70.853512  -73.062060   -0.479    0.106  1
RGI60-04.02876    73.97067   69.657034  -69.143753   -0.628    0.129  1
RGI60-04.03035    72.12795   69.781017  -70.175693   -0.513    0.113  1
RGI60-04.04964    71.88311   72.461419  -76.530254   -0.537    0.110  1
RGI60-04.05005    71.70016   72.012241  -76.328108   -0.367    0.108  1
RGI60-04.03352    71.06384   70.427831  -71.460123   -0.495    0.122  1
RGI60-04.06972    70.17424   73.449177  -77.981843   -0.654    0.118  1
RGI60-04.01632    70.03676   66.613070  -64.968401   -1.030    0.149  1
RGI60-04.04718    68.20961   72.621154  -77.237427   -0.603    0.094  1
RGI60-04.05015    67.71307   72.034593  -77.408898   -0.500    0.123  1
RGI60-04.03453    66.94387   70.942406  -73.131457   -0.450    0.098  1
RGI60-04.05681    66.92477   67.438315  -65.508242   -0.564    0.134  1
RGI60-04.04590    66.56754   66.276928  -63.547804   -0.994    0.114  1
RGI60-04.06148    66.31616   69.495829  -68.730813   -0.810    0.145  1
RGI60-04.04081    66.21344   72.011633  -75.765183   -0.418    0.097  1
RGI60-04.00977    66.10562   66.575322  -62.431483   -0.940    0.115  1
RGI60-04.05498    65.05187   67.478982  -65.728548   -0.723    0.117  1
RGI60-04.03512    64.31090   70.985181  -72.572833   -0.754    0.137  1
RGI60-04.05013    64.09219   71.932823  -77.069478   -0.476    0.110  1
RGI60-04.05036    63.18338   72.512683  -76.778403   -0.645    0.098  1
RGI60-04.02621    61.95749   67.975852  -67.399967   -0.597    0.139  1
RGI60-04.01048    60.85147   66.494895  -62.612638   -1.027    0.124  1
RGI60-04.05630    59.87489   66.868343  -65.675327   -0.830    0.137  1
RGI60-04.04091    59.77477   71.884322  -76.103309   -0.542    0.106  1
RGI60-04.05009    59.21095   71.858212  -76.625080   -0.498    0.107  1
RGI60-04.00223    58.34292   64.166741  -65.843694   -0.540    0.099  1
RGI60-04.07051    58.16532   73.593156  -80.323538   -0.555    0.103  1
RGI60-04.06967    58.04785   72.972556  -77.129892   -0.808    0.103  1
RGI60-04.03443    57.87562   70.909822  -72.929232   -0.385    0.113  1
RGI60-04.04955    57.85036   71.996126  -77.323500   -0.306    0.122  1
RGI60-04.02893    57.48531   69.763795  -68.984414   -0.616    0.138  1
RGI60-04.04479    57.36997   66.147684  -63.561488   -0.933    0.115  1
RGI60-04.06104    56.53890   69.427595  -69.994585   -0.760    0.127  1
RGI60-04.05617    56.03455   67.556430  -67.245269   -1.169    0.145  1
RGI60-04.03039    55.77561   69.943132  -69.510909   -0.534    0.135  1
RGI60-04.03534    55.72976   71.064919  -73.063697   -0.499    0.100  1
RGI60-04.02936    55.68658   69.688720  -69.348655   -0.740    0.134  1
RGI60-04.03972    54.92367   71.935131  -75.222670   -0.457    0.115  1
RGI60-04.05008    53.50554   71.906274  -76.577668   -0.469    0.112  1
RGI60-04.00594    53.37586   70.338098  -70.891159   -0.452    0.118  1
RGI60-04.05129    52.84523   73.313086  -82.940686   -0.283    0.141  1
RGI60-04.05006    51.67737   71.938201  -76.482108   -0.365    0.111  1
RGI60-04.04912    50.47492   71.825644  -76.763062   -0.418    0.104  1
RGI60-04.05939    50.36570   69.087777  -69.603438   -0.663    0.123  1
RGI60-04.00215    50.07244   64.148832  -65.722201   -0.781    0.104  1
RGI60-04.04010    49.92660   71.791813  -75.072305   -0.582    0.119  1
RGI60-04.05014    49.55061   71.960645  -77.168106   -0.449    0.118  1
RGI60-04.03369    49.43727   70.936850  -71.797643   -0.377    0.119  1
RGI60-04.03268    48.99377   70.501966  -71.943361   -0.600    0.137  1
RGI60-04.04086    48.49170   71.784423  -76.095629   -0.719    0.105  1
RGI60-04.00022    47.98046   62.239292  -66.488126   -0.817    0.120  1
RGI60-04.05024    47.90954   72.237695  -76.956197   -0.560    0.120  1
RGI60-04.05692    46.91206   67.251513  -65.134597   -0.530    0.136  1
RGI60-04.01905    46.48133   66.945649  -64.114863   -0.710    0.116  1
RGI60-04.01371    46.11254   65.954268  -63.112175   -0.784    0.103  1
RGI60-04.00428    45.39388   70.199049  -70.481334   -0.468    0.114  1
RGI60-04.07171    45.22855   73.609354  -80.542676   -0.625    0.118  1
RGI60-04.06095    45.05524   69.448276  -69.722791   -0.544    0.117  1
RGI60-04.01920    45.05280   67.003433  -64.350953   -0.771    0.142  1
RGI60-04.06971    44.95142   72.976925  -77.335768   -0.873    0.115  1
RGI60-04.01379    44.89433   65.984402  -63.224851   -0.831    0.106  1
RGI60-04.04036    44.81823   72.075152  -75.574888   -0.537    0.106  1
RGI60-04.03025    44.50148   70.012789  -69.307189   -0.501    0.136  1
RGI60-04.05723    43.69022   66.676935  -65.462193   -0.810    0.146  1
RGI60-04.04085    43.06123   71.795965  -75.938984   -0.656    0.108  1
RGI60-04.00467    42.78325   70.287622  -69.855241   -0.376    0.126  1
RGI60-04.00196    42.67051   62.567932  -66.841068   -0.875    0.125  1
RGI60-04.05266    42.64884   73.179549  -81.698841   -0.355    0.122  1
RGI60-04.05701    42.52140   66.854868  -64.923622   -0.889    0.156  1
RGI60-04.02643    42.31332   68.060717  -67.449915   -0.644    0.125  1
RGI60-04.03266    42.26297   70.562595  -71.867724   -0.502    0.135  1
RGI60-04.05022    41.99791   72.161100  -76.627612   -0.474    0.117  1
RGI60-04.03169    41.74441   70.815383  -70.962378   -0.874    0.142  1
RGI60-04.01779    41.36195   66.496301  -64.614803   -0.919    0.136  1
RGI60-04.06122    41.30588   69.383307  -69.269203   -0.620    0.122  1
RGI60-04.06184    40.90145   70.370469  -74.643471   -1.430    0.142  1
RGI60-04.05941    40.86056   69.132758  -69.621530   -0.794    0.127  1
RGI60-04.02884    40.84677   69.677528  -68.976769   -0.643    0.146  1
RGI60-04.07107    40.49908   73.537537  -79.233285   -0.492    0.107  1
RGI60-04.03277    40.24148   70.661127  -72.177837   -0.591    0.142  1
RGI60-04.05017    40.04870   72.077540  -77.305592   -0.590    0.119  1
RGI60-04.00433    39.81584   70.288086  -69.676780   -0.559    0.129  1
RGI60-04.05650    39.08750   66.590302  -65.520138   -0.641    0.136  1
RGI60-04.06160    38.97438   69.492184  -69.006649   -0.580    0.132  1
RGI60-04.04505    38.89385   66.487503  -63.433618   -0.841    0.114  1
RGI60-04.05734    38.25632   66.909095  -65.770970   -0.850    0.125  1
RGI60-04.05614    38.11416   66.744186  -65.234050   -0.752    0.150  1
RGI60-04.03998    37.41790   72.056773  -74.923230   -0.609    0.123  1
RGI60-04.04532    37.03036   66.265358  -63.085487   -1.033    0.122  1
RGI60-04.00557    36.60695   70.410078  -70.878988   -0.531    0.126  1
RGI60-04.06975    36.45270   73.475791  -78.271056   -0.445    0.118  1
RGI60-04.04977    35.60294   72.197232  -76.466498   -0.630    0.130  1
RGI60-04.03269    35.28450   70.475370  -72.045589   -0.470    0.137  1
RGI60-04.04515    34.85474   66.211982  -63.234146   -1.006    0.124  1
RGI60-04.03515    34.53884   70.996786  -72.422053   -0.519    0.126  1
RGI60-04.03235    34.28829   70.780573  -71.766687   -0.327    0.121  1
RGI60-04.00566    34.24717   70.277963  -70.835841   -0.513    0.121  1
RGI60-04.05218    34.08452   73.177676  -81.325293   -0.647    0.124  1
RGI60-04.07000    34.04564   73.017077  -78.443617   -0.709    0.139  1
RGI60-04.03874    33.80966   71.608501  -75.270535   -0.725    0.128  1
RGI60-04.03379    33.49669   70.935786  -71.906970   -0.424    0.124  1
RGI60-04.04573    33.47540   65.869895  -63.970277   -0.918    0.121  1
RGI60-04.00471    33.40783   70.199427  -70.322760   -0.444    0.122  1
RGI60-04.06741    33.32099   71.606172  -74.018839   -0.559    0.132  1
RGI60-04.04600    33.14778   66.496399  -63.703010   -0.724    0.121  1
RGI60-04.04915    33.00346   72.002673  -77.574359   -0.450    0.135  1
RGI60-04.03171    32.97858   70.770421  -70.906284   -0.817    0.142  1
RGI60-04.03511    32.97788   70.981008  -72.963213   -0.484    0.112  1
RGI60-04.05633    32.59686   67.375738  -67.200712   -0.959    0.125  1
RGI60-04.00453    32.39789   70.254631  -70.457089   -0.484    0.120  1
RGI60-04.02899    32.28499   69.618154  -69.310547   -0.526    0.130  1
RGI60-04.03481    32.26386   70.899927  -73.252591   -0.615    0.110  1
RGI60-04.03281    32.22454   70.735049  -72.006438   -0.639    0.133  1
RGI60-04.05975    32.00727   69.285919  -68.909488   -1.057    0.155  1
RGI60-04.03471    31.83413   70.911083  -73.425874   -0.307    0.104  1
RGI60-04.05026    31.75383   72.286853  -77.115257   -0.675    0.117  1
RGI60-04.05940    31.41610   69.080710  -69.794203   -0.809    0.133  1
RGI60-04.02942    31.30835   69.799990  -68.773592   -0.488    0.153  1
RGI60-04.01704    31.20649   66.497998  -65.264983   -0.860    0.145  1
RGI60-04.05259    31.14592   73.227938  -82.012643   -0.612    0.140  1
RGI60-04.01767    30.93827   66.559301  -64.678257   -0.978    0.158  1
RGI60-04.06673    30.79654   71.413774  -73.827223   -0.576    0.111  1
RGI60-04.03494    30.61203   71.094915  -72.458260   -0.725    0.132  1
RGI60-04.06605    30.58071   71.163354  -74.094980   -0.506    0.107  1
RGI60-04.05760    30.51247   67.482443  -66.454575   -0.483    0.116  1
RGI60-04.06124    30.46703   69.336351  -69.331979   -0.518    0.124  1
RGI60-04.04307    30.37319   66.226595  -64.291276   -0.887    0.124  1
RGI60-04.03513    30.22930   71.141834  -72.549691   -0.965    0.137  1
RGI60-04.04093    30.18381   71.999748  -75.915169   -0.413    0.112  1
RGI60-04.03500    29.61339   71.090807  -72.925067   -0.809    0.117  1
RGI60-04.05296    29.60203   72.332332  -82.225039   -0.498    0.100  1
RGI60-04.00656    29.54342   70.559697  -70.672323   -0.540    0.132  1
RGI60-04.06983    29.48858   73.440517  -77.740357   -0.521    0.111  1
RGI60-04.05885    29.44643   69.116232  -68.295109   -0.466    0.129  1
RGI60-04.04082    29.44290   71.940674  -75.770726   -0.306    0.108  1
RGI60-04.01914    29.32594   66.978288  -64.243509   -0.782    0.140  1
RGI60-04.00998    29.09124   66.579898  -62.264389   -0.936    0.124  1
RGI60-04.06810    28.98904   71.456197  -74.418411   -0.368    0.128  1
RGI60-04.05004    28.96661   72.097300  -76.151889   -0.387    0.124  1
RGI60-04.05637    28.73571   67.514661  -66.494650   -0.379    0.111  1
RGI60-04.05632    28.58122   66.685257  -65.286625   -0.649    0.146  1
RGI60-04.03531    28.50719   71.030679  -73.166644   -0.611    0.111  1
RGI60-04.06606    28.37014   71.236595  -73.989561   -0.655    0.113  1
RGI60-04.03550    28.31555   71.168228  -71.746368   -0.541    0.129  1
RGI60-04.04261    28.26150   66.106005  -64.502562   -1.010    0.133  1
RGI60-04.06806    28.22759   71.555633  -74.336568   -0.345    0.128  1
RGI60-04.01675    27.14306   66.614117  -64.770844   -0.903    0.156  1
RGI60-04.05254    27.10720   73.226317  -81.799282   -0.372    0.126  1
RGI60-04.05643    26.97773   67.525956  -66.579617   -0.610    0.127  1
RGI60-04.05930    26.56016   69.146389  -69.375349   -0.537    0.123  1
RGI60-04.02220    26.54959   67.462860  -64.784108   -0.849    0.148  1
RGI60-04.06765    26.51539   71.495470  -74.277987   -0.652    0.140  1
RGI60-04.06815    25.90906   71.690970  -73.891525   -0.726    0.142  1
RGI60-04.04753    25.82380   72.626079  -77.011471   -0.632    0.110  1
RGI60-04.06811    25.78785   71.514748  -74.460247   -0.458    0.129  1
RGI60-04.04023    25.77938   71.862962  -75.374829   -0.514    0.126  1
RGI60-04.03452    25.73405   71.005361  -73.645842   -0.637    0.114  1
RGI60-04.02512    25.67256   67.943677  -67.811952   -0.781    0.121  1
RGI60-04.01772    25.63653   66.509126  -64.466425   -0.921    0.132  1
RGI60-04.05639    25.43394   67.234163  -66.539180   -0.256    0.107  1
RGI60-04.06849    25.25424   66.493872  -63.572945   -0.789    0.120  1
RGI60-04.05226    25.11874   73.184138  -81.119808   -0.518    0.110  1
RGI60-04.07026    25.11242   73.198428  -77.405302   -0.749    0.120  1
RGI60-04.04390    24.98512   65.985041  -63.712525   -0.774    0.114  1
RGI60-04.04550    24.82726   66.306874  -63.078896   -1.078    0.125  1
RGI60-04.04351    24.75495   66.524412  -63.210471   -0.998    0.130  1
RGI60-04.05960    24.73812   69.267824  -69.065313   -0.894    0.139  1
RGI60-04.00596    24.72898   70.357966  -71.054479   -0.351    0.128  1
RGI60-04.05920    24.72669   69.125427  -69.275559   -0.542    0.126  1
RGI60-04.01727    24.56666   66.558559  -65.145099   -1.017    0.160  1
RGI60-04.05001    24.55916   72.171161  -75.819365   -0.566    0.117  1
RGI60-04.02408    24.52305   67.862788  -67.782592   -0.815    0.122  1
RGI60-04.06986    24.49426   72.903954  -76.616280   -0.771    0.113  1
RGI60-04.05635    24.45793   67.592641  -65.862209   -0.488    0.114  1
RGI60-04.06014    24.41304   69.361670  -68.457462   -0.955    0.143  1
RGI60-04.03285    24.35332   70.823977  -71.624089   -0.229    0.125  1
RGI60-04.01858    24.28922   66.832380  -64.529527   -0.802    0.149  1
RGI60-04.03390    24.20170   70.959686  -71.582861   -0.400    0.128  1
RGI60-04.04992    24.18639   72.314344  -75.549368   -0.427    0.116  1
RGI60-04.06976    23.95196   73.490284  -80.325543   -0.578    0.119  1
RGI60-04.03448    23.91940   71.025846  -72.920624   -0.377    0.107  1
RGI60-04.05732    23.87673   66.768364  -65.766620   -1.000    0.156  1
RGI60-04.04965    23.68059   71.896171  -77.196019   -0.454    0.116  1
RGI60-04.00638    23.66109   70.563936  -70.883996   -0.692    0.134  1
RGI60-04.04603    23.65933   66.555299  -63.326426   -0.960    0.126  1
RGI60-04.01740    23.48569   66.461257  -65.182879   -1.153    0.166  1
RGI60-04.03029    23.34522   69.880321  -69.525546   -0.636    0.151  1
RGI60-04.05747    23.26886   67.302020  -67.292328   -1.129    0.139  1
RGI60-04.03274    23.22577   70.495430  -72.252089   -0.525    0.142  1
RGI60-04.03876    22.69155   71.628056  -75.374921   -0.668    0.130  1
RGI60-04.02649    22.68051   68.053303  -67.554075   -0.702    0.125  1
RGI60-04.03146    22.66549   70.689242  -71.365456   -0.541    0.138  1
RGI60-04.06126    22.57885   69.475312  -69.365847   -0.738    0.132  1
RGI60-04.01031    22.57634   66.559297  -62.112840   -0.558    0.110  1
RGI60-04.04730    22.56079   72.664637  -77.021797   -0.755    0.112  1
RGI60-04.04074    22.41310   71.950132  -76.010760   -0.465    0.128  1
RGI60-04.03387    22.33604   70.944700  -71.683047   -0.448    0.129  1
RGI60-04.06132    22.23079   69.395451  -69.843839   -0.659    0.132  1
RGI60-04.03527    22.21597   70.885625  -73.640336   -0.628    0.114  1
RGI60-04.06271    22.12660   71.534581  -77.988813   -0.206    0.122  1
RGI60-04.04909    22.07559   71.958218  -77.342027   -0.455    0.128  1
RGI60-04.05640    22.06575   66.797559  -64.844322   -0.896    0.156  1
RGI60-04.00227    22.02871   64.098655  -65.627281   -0.542    0.104  1
RGI60-04.01787    22.00405   66.504043  -65.111399   -1.108    0.165  1
RGI60-04.06266    21.99493   71.501867  -77.491532   -0.488    0.128  1
RGI60-04.02632    21.84939   68.080543  -67.327643   -0.673    0.139  1
RGI60-04.05644    21.71375   67.071080  -64.886867   -0.804    0.153  1
RGI60-04.06791    21.70529   71.579118  -74.445942   -0.460    0.132  1
RGI60-04.06992    21.58293   73.487469  -79.092179   -0.338    0.121  1
RGI60-04.04440    21.54994   66.153083  -63.735828   -0.926    0.123  1
RGI60-04.05513    21.54593   67.199887  -65.126421   -0.367    0.143  1
RGI60-04.03990    21.50632   72.030214  -74.598985   -0.536    0.127  1
RGI60-04.06125    21.42324   69.389892  -69.105981   -0.410    0.131  1
RGI60-04.03892    21.38185   71.616621  -75.779419   -0.681    0.117  1
RGI60-04.03858    21.33044   71.575168  -75.420851   -0.635    0.130  1
RGI60-04.03347    21.28894   70.493379  -71.318102   -0.363    0.137  1
RGI60-04.04249    21.20025   66.090105  -64.300771   -1.019    0.135  1
RGI60-04.00007    21.16586   62.262154  -66.435679   -1.034    0.135  1
RGI60-04.02931    21.15562   69.728006  -69.566405   -0.551    0.141  1
RGI60-04.02982    21.06162   70.036415  -69.392445   -0.450    0.144  1
RGI60-04.03552    21.01273   71.193993  -71.913426   -0.569    0.133  1
RGI60-04.03507    20.96852   71.146429  -72.990640   -0.690    0.119  1
RGI60-04.01859    20.86313   66.879839  -64.433466   -0.862    0.151  1
RGI60-04.01362    20.82427   65.901983  -63.055833   -0.861    0.123  1
RGI60-04.03449    20.69491   71.048655  -72.553973   -0.677    0.135  1
RGI60-04.00027    20.67112   62.296711  -66.670823   -0.520    0.126  1
RGI60-04.05454    20.57947   66.713125  -66.043445   -0.591    0.129  1
RGI60-04.03894    20.57135   71.642901  -75.660004   -0.637    0.136  1
RGI60-04.01235    20.43571   66.666985  -62.150529   -0.826    0.123  1
RGI60-04.03348    20.38956   70.441681  -71.335604   -0.587    0.142  1
RGI60-04.03578    20.20561   71.207543  -72.097399   -0.700    0.136  1
RGI60-04.02910    20.18778   69.601703  -69.456261   -0.647    0.132  1
RGI60-04.04993    20.12795   72.309263  -75.443538   -0.430    0.117  1
RGI60-04.02074    20.12769   66.407491  -65.618383   -0.891    0.161  1
RGI60-04.01051    20.08728   66.551666  -62.580547   -0.901    0.125  1
RGI60-04.02929    20.07700   69.713295  -69.707825   -0.587    0.134  1
RGI60-04.06607    20.07166   71.279565  -73.872491   -0.733    0.122  1
RGI60-04.06551    20.02622   71.030292  -74.746807   -0.707    0.145  1
RGI60-04.05678    20.01620   67.582546  -65.746607   -0.724    0.121  1
RGI60-04.03177    19.95781   70.663768  -71.298033   -0.371    0.138  1
RGI60-04.06293    19.86360   71.586660  -78.164003   -0.254    0.124  1
RGI60-04.03450    19.81988   70.999207  -73.545512   -0.511    0.117  1
RGI60-04.01853    19.76446   66.828848  -64.385119   -0.920    0.150  1
RGI60-04.05295    19.59659   72.364733  -82.283940   -0.602    0.113  1
RGI60-04.06416    19.55210   73.787141  -85.808562   -0.495    0.149  1
RGI60-04.06844    19.54528   64.233023  -65.850335   -0.575    0.111  1
RGI60-04.05645    19.51997   67.400212  -67.254884   -0.961    0.140  1
RGI60-04.03608    19.42718   70.765407  -72.750116   -0.695    0.153  1
RGI60-04.03454    19.35869   70.850524  -72.838684   -0.442    0.144  1
RGI60-04.03204    19.33101   70.721966  -72.159926   -0.681    0.154  1
RGI60-04.03956    19.26798   72.062505  -74.766292   -0.653    0.135  1
RGI60-04.05003    19.11561   72.142574  -75.992535   -0.519    0.125  1
RGI60-04.04911    19.09556   72.576824  -76.587370   -0.484    0.106  1
RGI60-04.03883    19.07775   71.589016  -75.703574   -0.624    0.117  1
RGI60-04.03563    19.05146   71.129951  -71.628437   -0.620    0.135  1
RGI60-04.01750    19.05121   66.375746  -65.222949   -1.115    0.168  1
RGI60-04.03183    19.03476   70.727140  -71.174934   -0.530    0.140  1
RGI60-04.03342    18.99269   70.371674  -71.529171   -0.605    0.144  1
RGI60-04.04436    18.92776   66.161955  -63.149735   -1.157    0.138  1
RGI60-04.02938    18.90240   69.737734  -69.194813   -0.540    0.149  1
RGI60-04.05370    18.86925   67.107781  -66.476743   -0.786    0.121  1
RGI60-04.04361    18.84552   65.866829  -63.853331   -0.782    0.116  1
RGI60-04.05718    18.82296   66.629284  -65.586204   -0.697    0.146  1
RGI60-04.00765    18.66299   70.120811  -70.035351   -0.541    0.133  1
RGI60-04.05121    18.60039   73.314215  -83.063690   -0.200    0.156  1
RGI60-04.06054    18.56948   68.825541  -69.878931   -0.911    0.182  1
RGI60-04.05647    18.52486   67.541377  -65.777814   -0.715    0.126  1
RGI60-04.03205    18.38858   70.522041  -72.251917   -0.608    0.147  1
RGI60-04.03451    18.31643   70.947057  -73.610683   -0.311    0.110  1
RGI60-04.01417    18.27466   66.144222  -62.731423   -1.019    0.126  1
RGI60-04.07142    18.24784   73.209268  -77.516086   -0.722    0.120  1
RGI60-04.04298    18.21213   66.242718  -64.177558   -0.969    0.133  1
RGI60-04.05268    18.14455   73.200679  -81.937519   -0.527    0.132  1
RGI60-04.04587    18.02345   66.060606  -63.957987   -0.678    0.120  1
RGI60-04.02505    18.00515   67.920423  -67.882681   -0.492    0.117  1
RGI60-04.03445    17.97738   70.898081  -72.490905   -0.546    0.152  1
RGI60-04.04576    17.85753   65.789774  -64.077669   -0.944    0.126  1
RGI60-04.07007    17.84470   73.503187  -78.105915   -0.640    0.134  1
RGI60-04.03395    17.79397   71.005240  -71.763325   -0.504    0.138  1
RGI60-04.00753    17.74437   70.090232  -70.616929   -0.911    0.140  1
RGI60-04.02085    17.68785   66.474213  -65.614683   -0.830    0.149  1
RGI60-04.05694    17.64552   67.227957  -65.031705   -0.811    0.156  1
RGI60-04.04914    17.63421   72.089622  -77.168608   -0.571    0.130  1
RGI60-04.06854    17.59805   71.368629  -71.930388   -0.618    0.137  1
RGI60-04.02634    17.59571   68.046322  -67.306264   -0.516    0.138  1
RGI60-04.03087    17.48776   69.601159  -70.704955   -0.312    0.132  1
RGI60-04.05700    17.47647   67.003598  -65.094565   -0.570    0.146  1
RGI60-04.00459    17.46977   70.296854  -70.445082   -0.505    0.129  1
RGI60-04.05133    17.39427   73.245476  -83.043575   -0.223    0.155  1
RGI60-04.02836    17.37383   69.707978  -70.332626   -0.840    0.143  1
RGI60-04.00583    17.26338   70.212338  -70.808859   -0.728    0.137  1
RGI60-04.03745    17.23290   71.395205  -72.539368   -0.611    0.123  1
RGI60-04.05127    17.06502   73.229148  -82.902719   -0.347    0.132  1
RGI60-04.04427    17.04083   66.111141  -63.900976   -0.710    0.120  1
RGI60-04.06166    16.99486   69.536623  -68.590521   -0.890    0.171  1
RGI60-04.05651    16.98097   67.537748  -65.886473   -0.565    0.127  1
RGI60-04.02316    16.95740   67.777499  -66.477647   -0.428    0.121  1
RGI60-04.04438    16.92754   66.480362  -63.283860   -0.711    0.120  1
RGI60-04.01221    16.86334   66.744041  -61.865669   -0.713    0.119  1
RGI60-04.04410    16.81129   65.998219  -63.972328   -0.914    0.131  1
RGI60-04.04916    16.78366   72.353167  -76.303343   -0.410    0.125  1
RGI60-04.02806    16.76940   68.487556  -67.767235   -0.567    0.126  1
RGI60-04.05739    16.74439   67.159737  -66.453188   -1.024    0.134  1
RGI60-04.05137    16.57524   73.292795  -83.123916   -0.363    0.159  1
RGI60-04.03636    16.57479   71.319739  -72.144220   -0.570    0.138  1
RGI60-04.00046    16.49704   63.747552  -65.369169   -0.622    0.122  1
RGI60-04.01841    16.47447   66.877744  -64.349052   -0.920    0.153  1
RGI60-04.06796    16.37791   71.431173  -74.489751   -0.527    0.138  1
RGI60-04.02913    16.25453   69.737638  -68.936217   -0.511    0.154  1
RGI60-04.02648    16.23889   67.982825  -67.504016   -0.413    0.143  1
RGI60-04.05019    16.21317   72.096411  -76.583532   -0.603    0.127  1
RGI60-04.00479    16.17512   70.162315  -70.581579   -0.401    0.125  1
RGI60-04.04917    16.07729   72.414261  -77.278248   -0.664    0.132  1
RGI60-04.05195    16.07221   73.562016  -82.308993   -0.412    0.133  1
RGI60-04.02546    16.06450   67.878796  -67.201840   -0.480    0.159  1
RGI60-04.03642    16.04656   71.296065  -72.568712   -0.787    0.126  1
RGI60-04.04161    16.04547   66.638246  -63.739256   -0.813    0.131  1
RGI60-04.06993    15.92186   72.928425  -76.894728   -0.877    0.125  1
RGI60-04.05132    15.91398   73.221250  -82.806141   -0.412    0.132  1
RGI60-04.00226    15.83088   64.070930  -65.509456   -0.709    0.114  1
RGI60-04.05181    15.80686   73.451022  -83.151068   -0.430    0.163  1
RGI60-04.03516    15.79607   70.929671  -72.455659   -0.425    0.143  1
RGI60-04.04377    15.78726   66.188000  -63.643079   -0.989    0.129  1
RGI60-04.05935    15.70838   69.176236  -68.905278   -0.770    0.137  1
RGI60-04.00221    15.67831   64.129477  -65.593764   -0.584    0.109  1
RGI60-04.05130    15.63116   73.257906  -82.743585   -0.327    0.132  1
RGI60-04.05648    15.62065   67.408021  -65.246699   -0.446    0.143  1
RGI60-04.05690    15.59833   67.322151  -65.078405   -0.655    0.153  1
RGI60-04.01930    15.59211   66.959743  -64.426097   -0.293    0.142  1
RGI60-04.04545    15.58152   66.396893  -63.098216   -0.752    0.122  1
RGI60-04.03012    15.57836   69.918061  -69.746866   -0.386    0.135  1
RGI60-04.00582    15.50148   70.228184  -70.901529   -0.686    0.138  1
RGI60-04.00460    15.48969   70.143085  -70.409818   -0.430    0.137  1
RGI60-04.05749    15.48389   67.489913  -67.497229   -1.092    0.167  1
RGI60-04.05125    15.46422   73.299242  -82.856363   -0.265    0.145  1
RGI60-04.03528    15.45558   70.916589  -73.620563   -0.553    0.117  1
RGI60-04.04018    15.37755   71.777687  -75.622495   -0.637    0.138  1
RGI60-04.06558    15.36040   71.242306  -73.431279   -0.665    0.120  1
RGI60-04.03089    15.34590   69.642243  -70.628754   -0.343    0.128  1
RGI60-04.03727    15.34056   71.400082  -72.679428   -0.650    0.136  1
RGI60-04.06005    15.30781   69.357435  -68.621440   -0.633    0.151  1
RGI60-04.04588    15.30489   66.248692  -63.622691   -1.060    0.130  1
RGI60-04.01044    15.29899   66.505258  -62.356345   -0.785    0.123  1
RGI60-04.01042    15.24904   66.527554  -62.266689   -0.914    0.133  1
RGI60-04.03740    15.19938   71.454321  -72.614613   -0.653    0.132  1
RGI60-04.05189    15.19708   73.478971  -83.245996   -0.343    0.154  1
RGI60-04.06995    15.15451   72.915217  -76.773599   -0.662    0.109  1
RGI60-04.04758    15.14657   72.656254  -77.342149   -0.786    0.119  1
RGI60-04.03887    15.12850   71.668365  -75.586797   -0.817    0.146  1
RGI60-04.05025    15.11329   72.247658  -77.067268   -0.659    0.129  1
RGI60-04.02219    15.05105   67.490098  -64.832304   -0.534    0.149  1
RGI60-04.06994    15.00043   73.082639  -76.851981   -0.702    0.113  1
RGI60-04.04088    14.85973   71.790592  -76.233970   -0.561    0.115  1
RGI60-04.04442    14.83289   66.130412  -63.810543   -0.743    0.123  1
RGI60-04.06177    14.75854   69.460525  -68.922225   -0.728    0.157  1
RGI60-04.04447    14.67423   65.824837  -64.087750   -0.878    0.126  1
RGI60-04.05126    14.57806   73.289070  -83.233131   -0.331    0.160  1
RGI60-04.01023    14.52503   66.605235  -62.601148   -0.843    0.130  1
RGI60-04.03523    14.51189   70.860662  -73.308403   -0.586    0.120  1
RGI60-04.00748    14.46850   70.073004  -70.459465   -0.515    0.137  1
RGI60-04.03669    14.46323   71.328250  -71.988668   -0.431    0.137  1
RGI60-04.00741    14.39976   70.049352  -70.433055   -0.321    0.134  1
RGI60-04.05738    14.38350   66.943647  -66.342029   -0.697    0.123  1
RGI60-04.06797    14.36123   71.631831  -74.413284   -0.557    0.142  1
RGI60-04.05837    14.34588   68.997665  -69.440843   -0.942    0.152  1
RGI60-04.01659    14.32345   66.529572  -64.973442   -0.810    0.155  1
RGI60-04.06131    14.30820   69.342379  -69.641040   -0.467    0.129  1
RGI60-04.05035    14.26863   72.481279  -76.927575   -0.368    0.106  1
RGI60-04.06224    14.20974   72.165649  -77.876171   -0.380    0.118  1
RGI60-04.00021    14.16176   62.211411  -66.344930   -0.593    0.126  1
RGI60-04.06133    14.13085   69.412555  -70.063293   -0.649    0.140  1
RGI60-04.06831    14.03671   71.741438  -73.779221   -0.607    0.134  1
RGI60-04.06056    13.98496   68.829689  -69.570004   -0.673    0.153  1
RGI60-04.02103    13.96937   66.471919  -65.701739   -0.721    0.151  1
RGI60-04.06208    13.96685   72.133255  -77.993316   -0.582    0.118  1
RGI60-04.04665    13.88758   66.274121  -63.890978   -1.075    0.142  1
RGI60-04.05374    13.86648   67.091456  -66.401801   -0.714    0.124  1
RGI60-04.04089    13.81126   71.815586  -76.224873   -0.523    0.117  1
RGI60-04.05043    13.76401   72.273841  -77.454462   -0.352    0.121  1
RGI60-04.05000    13.75699   72.186594  -75.673169   -0.419    0.121  1
RGI60-04.07150    13.73406   73.058270  -76.756274   -0.647    0.110  1
RGI60-04.06697    13.67871   71.509292  -73.215600   -0.476    0.124  1
RGI60-04.05251    13.67487   73.184447  -82.310728   -0.481    0.136  1
RGI60-04.06569    13.64337   71.275355  -73.419910   -0.507    0.120  1
RGI60-04.03530    13.58229   71.022472  -73.265483   -0.677    0.128  1
RGI60-04.03184    13.57948   70.768072  -71.077706   -0.593    0.147  1
RGI60-04.01676    13.57378   66.654572  -64.818195   -0.827    0.168  1
RGI60-04.03776    13.54814   70.788551  -72.437496   -0.858    0.166  1
RGI60-04.02411    13.52324   67.827516  -67.750593   -0.677    0.125  1
RGI60-04.00591    13.35792   70.346909  -70.748343   -0.407    0.136  1
RGI60-04.03456    13.28918   71.054122  -72.409315   -0.799    0.144  1
RGI60-04.07144    13.21388   73.215018  -77.281628   -0.748    0.129  1
RGI60-04.06168    13.20520   69.527768  -68.880055   -0.512    0.148  1
RGI60-04.02922    13.19145   69.666349  -69.464855   -0.696    0.139  1
RGI60-04.05942    13.17511   69.152730  -69.500534   -1.019    0.150  1
RGI60-04.06071    13.13040   68.703086  -68.527077   -0.785    0.138  1
RGI60-04.03413    13.11471   70.988840  -71.932621   -0.640    0.141  1
RGI60-04.04921    13.06497   72.325892  -75.264420   -0.806    0.132  1
RGI60-04.05321    13.06122   66.791528  -65.971924   -0.897    0.141  1
RGI60-04.04918    13.02869   72.406654  -76.185108   -0.672    0.138  1
RGI60-04.00337    13.00549   63.998650  -65.813877   -0.682    0.119  1
RGI60-04.05931    12.96709   69.106110  -69.452132   -0.849    0.147  1
RGI60-04.05652    12.93068   67.270011  -64.971580   -0.812    0.163  1
RGI60-04.05932    12.88872   69.126957  -69.765273   -0.772    0.142  1
RGI60-04.05873    12.83792   69.070995  -68.758666   -0.894    0.143  1
RGI60-04.04663    12.80847   66.224976  -63.988371   -0.780    0.133  1
RGI60-04.03999    12.80723   72.064675  -74.627142   -0.742    0.143  1
RGI60-04.03569    12.76042   71.165105  -71.576231   -0.463    0.136  1
RGI60-04.07004    12.75326   73.010123  -78.332433   -0.778    0.155  1
RGI60-04.03043    12.72352   70.068900  -69.472637   -0.558    0.152  1
RGI60-04.04090    12.71967   71.843291  -76.234169   -0.580    0.120  1
RGI60-04.01026    12.70288   66.459833  -62.441797   -0.673    0.126  1
RGI60-04.03952    12.69718   72.050623  -74.518811   -0.621    0.139  1
RGI60-04.04919    12.69439   72.076961  -77.086013   -0.684    0.139  1
RGI60-04.04664    12.68620   66.252175  -63.947555   -0.811    0.133  1
RGI60-04.02206    12.67490   67.648996  -66.499772   -0.638    0.141  1
RGI60-04.02209    12.67422   67.652218  -66.627063   -0.632    0.140  1
RGI60-04.00018    12.67302   62.300490  -66.529100   -0.928    0.137  1
RGI60-04.03163    12.59094   70.721203  -71.042093   -0.686    0.157  1
RGI60-04.03886    12.57391   71.572756  -75.645199   -0.554    0.123  1
RGI60-04.07003    12.51809   73.533035  -80.517524   -0.647    0.132  1
RGI60-04.06798    12.49520   71.458791  -74.569876   -0.701    0.145  1
RGI60-04.07105    12.46457   73.630266  -79.723697   -0.511    0.125  1
RGI60-04.03586    12.45719   70.746709  -72.995443   -0.651    0.156  1
RGI60-04.06098    12.45448   69.468329  -69.855268   -0.555    0.134  1
RGI60-04.00058    12.42621   63.755092  -65.430558   -0.775    0.138  1
RGI60-04.01363    12.40150   65.896954  -63.141936   -0.802    0.124  1
RGI60-04.00232    12.39952   64.256455  -65.883102   -0.374    0.114  1
RGI60-04.03536    12.33551   71.143134  -73.081381   -0.655    0.125  1
RGI60-04.02277    12.32758   67.731077  -66.227015   -0.485    0.127  1
RGI60-04.00647    12.28286   70.593454  -70.778228   -0.620    0.144  1
RGI60-04.05339    12.22155   66.849100  -66.171171   -0.982    0.150  1
RGI60-04.03178    12.21660   70.650584  -71.467242   -0.451    0.144  1
RGI60-04.02921    12.20630   69.635426  -69.473993   -0.374    0.134  1
RGI60-04.03344    12.13435   70.523341  -71.335264   -0.316    0.140  1
RGI60-04.06602    12.09828   71.247739  -73.868600   -0.664    0.125  1
RGI60-04.05883    12.08259   69.013209  -68.591616   -0.579    0.142  1
RGI60-04.04564    12.08036   65.958246  -63.654407   -0.729    0.125  1
RGI60-04.03345    12.06646   70.344884  -71.518289   -0.578    0.152  1
RGI60-04.04596    12.03199   66.528753  -63.822442   -0.817    0.136  1
RGI60-04.05654    11.98947   67.569471  -67.136744   -0.895    0.163  1
RGI60-04.03271    11.88735   70.461742  -72.214538   -0.557    0.152  1
RGI60-04.03579    11.88601   70.738318  -73.067774   -0.620    0.152  1
RGI60-04.04014    11.87061   71.749481  -75.166191   -0.311    0.131  1
RGI60-04.06812    11.84524   71.493207  -74.552544   -0.625    0.146  1
RGI60-04.03024    11.79734   69.887786  -69.669258   -0.470    0.147  1
RGI60-04.05710    11.78071   66.643795  -65.317398   -0.702    0.164  1
RGI60-04.06333    11.78028   71.496176  -77.114233   -0.628    0.135  1
RGI60-04.03455    11.74319   70.983887  -73.163886   -0.514    0.120  1
RGI60-04.06856    11.69254   72.313065  -77.079802   -0.654    0.132  1
RGI60-04.00017    11.65191   62.300830  -66.611123   -1.080    0.146  1
RGI60-04.01580    11.61711   66.554717  -65.788936   -1.021    0.167  1
RGI60-04.04110    11.58673   66.345629  -64.101073   -0.859    0.141  1
RGI60-04.05699    11.56237   67.043855  -65.029827   -0.482    0.153  1
RGI60-04.05979    11.53918   69.249340  -69.156449   -0.891    0.150  1
RGI60-04.04120    11.53000   66.379712  -64.068730   -0.849    0.134  1
RGI60-04.00648    11.52157   70.531926  -70.775880   -0.475    0.143  1
RGI60-04.01932    11.51072   66.986637  -64.486849   -0.768    0.157  1
RGI60-04.03867    11.50231   71.639331  -75.174221   -0.674    0.140  1
RGI60-04.01101    11.40987   66.702480  -63.144868   -0.774    0.128  1
RGI60-04.03356    11.39943   70.510172  -71.453861   -0.407    0.134  1
RGI60-04.06285    11.37726   72.219778  -78.141609   -0.333    0.111  1
RGI60-04.04305    11.35448   66.188922  -64.290138   -0.721    0.131  1
RGI60-04.07006    11.35334   73.569008  -79.314674   -0.626    0.122  1
RGI60-04.07014    11.31282   73.264694  -79.722414   -0.593    0.112  1
RGI60-04.06799    11.26879   71.614608  -74.338467   -0.499    0.144  1
RGI60-04.06175    11.26536   69.507189  -68.549025   -0.897    0.172  1
RGI60-04.04449    11.26132   66.531642  -63.386349   -0.806    0.129  1
RGI60-04.03088    11.23767   69.626438  -70.752406   -0.368    0.138  1
RGI60-04.02928    11.22525   69.674037  -69.733255   -0.552    0.139  1
RGI60-04.04007    11.21506   71.945066  -74.519762   -0.701    0.141  1
RGI60-04.03206    11.20367   70.704268  -71.626605   -0.537    0.145  1
RGI60-04.06598    11.20361   71.202716  -74.080421   -0.518    0.121  1
RGI60-04.05128    11.18980   73.296702  -82.796510   -0.321    0.135  1
RGI60-04.01507    11.16239   65.744468  -63.902008   -0.694    0.122  1
RGI60-04.02509    11.14302   67.977060  -67.878129   -0.676    0.130  1
RGI60-04.03570    11.11293   71.224412  -72.030086   -0.490    0.141  1
RGI60-04.06223    11.08951   72.167260  -77.778772   -0.722    0.135  1
RGI60-04.03207    11.06362   70.505040  -71.845921   -0.575    0.160  1
RGI60-04.05357    10.99905   66.981119  -66.432271   -0.810    0.133  1
RGI60-04.06055    10.99109   68.836504  -69.725393   -0.361    0.169  1
RGI60-04.04012    10.99069   71.748461  -75.034415   -0.323    0.132  1
RGI60-04.01926    10.98880   66.920342  -64.073482   -0.333    0.127  1
RGI60-04.02980    10.90935   70.039741  -69.519297   -0.575    0.156  1
RGI60-04.05260    10.89935   73.241758  -81.694123   -0.424    0.142  1
RGI60-04.01033    10.86161   66.577365  -61.999038   -0.677    0.140  1
RGI60-04.04376    10.82975   66.219059  -63.634307   -0.996    0.134  1
RGI60-04.05658    10.80195   67.403537  -65.328836   -0.252    0.155  1
RGI60-04.03796    10.79505   70.734984  -72.517212   -0.717    0.162  1
RGI60-04.03953    10.79203   71.750445  -75.613791   -0.821    0.149  1
RGI60-04.04922    10.77802   72.023371  -76.189527   -0.611    0.139  1
RGI60-04.04568    10.75107   65.885268  -63.744633   -0.680    0.123  1
RGI60-04.04033    10.73462   71.743351  -76.030144   -0.564    0.119  1
RGI60-04.05943    10.71855   69.147356  -69.126291   -0.476    0.131  1
RGI60-04.03678    10.71229   71.318720  -72.430284   -0.503    0.126  1
RGI60-04.03463    10.67504   70.998032  -73.480727   -0.332    0.121  1
RGI60-04.04923    10.67201   72.197414  -76.898406   -0.451    0.133  1
RGI60-04.03270    10.64952   70.456317  -72.120218   -0.734    0.156  1
RGI60-04.03519    10.64303   70.873779  -72.572249   -0.281    0.156  1
RGI60-04.05891    10.59958   68.682802  -68.901098   -0.808    0.144  1
RGI60-04.03167    10.59638   70.835435  -71.087050   -0.840    0.157  1
RGI60-04.04451    10.57424   65.877785  -64.046813   -0.647    0.124  1
RGI60-04.02923    10.56770   69.693766  -69.577436   -0.611    0.146  1
RGI60-04.05776    10.56577   67.615741  -65.807745   -0.725    0.131  1
RGI60-04.00662    10.55784   70.641626  -70.601420   -0.703    0.155  1
RGI60-04.03034    10.54834   69.762295  -70.012839   -0.671    0.146  1
RGI60-04.05457    10.50454   66.683517  -66.047423   -0.706    0.140  1
RGI60-04.05733    10.47811   66.830291  -65.793733   -0.454    0.133  1
RGI60-04.01393    10.46294   66.113724  -62.468771   -0.798    0.142  1
RGI60-04.03042    10.45318   70.007276  -69.512914   -0.637    0.163  1
RGI60-04.07008    10.44686   73.578852  -79.409079   -0.595    0.122  1
RGI60-04.03208    10.42793   70.572214  -71.725995   -0.472    0.147  1
RGI60-04.02939    10.39069   69.771009  -69.096576   -0.381    0.157  1
RGI60-04.03571    10.38595   71.151825  -71.865258   -0.542    0.141  1
RGI60-04.03353    10.38391   70.481333  -71.539140   -0.298    0.143  1
RGI60-04.00539    10.36954   70.441157  -70.445153   -0.522    0.143  1
RGI60-04.02204    10.36864   67.674974  -66.571982   -0.612    0.139  1
RGI60-04.04273    10.35420   66.119243  -64.428548   -0.904    0.144  1
RGI60-04.00225    10.32528   64.116476  -65.534197   -0.552    0.116  1
RGI60-04.02313    10.32063   67.737751  -66.439059   -0.350    0.136  1
RGI60-04.07078    10.31594   73.644205  -79.792077   -0.509    0.129  1
RGI60-04.04605    10.20740   66.566966  -63.205105   -0.807    0.131  1
RGI60-04.05267    10.15541   73.185191  -81.842314   -0.451    0.140  1
RGI60-04.02224    10.15080   67.512858  -64.905835   -0.774    0.177  1
RGI60-04.00216    10.13493   64.219522  -65.774385   -0.528    0.119  1
RGI60-04.02210    10.13111   67.690332  -66.656445   -0.533    0.138  1
RGI60-04.07021    10.12938   73.393681  -80.248683   -0.775    0.141  1
RGI60-04.01665    10.11893   66.293489  -65.123824   -1.098    0.177  1
RGI60-04.03834    10.09037   71.645817  -74.748852   -0.495    0.140  1
RGI60-04.04617    10.07437   66.283446  -64.067579   -0.878    0.137  1
RGI60-04.00678    10.05594   70.680995  -70.612155   -0.812    0.160  1
RGI60-04.04001    10.01605   72.044483  -74.403143   -0.852    0.140  1
RGI60-04.06047    10.00661   68.810974  -69.642981   -0.791    0.172  1
RGI60-04.02635     9.98666   68.128083  -67.603260   -0.743    0.138  1
RGI60-04.00172     9.98235   62.614286  -66.847554   -0.991    0.144  1
RGI60-04.00544     9.96559   70.469229  -70.324945   -0.652    0.144  1
RGI60-04.03667     9.95898   71.289175  -72.474522   -0.686    0.129  1
RGI60-04.04994     9.95775   72.313364  -75.221871   -0.788    0.137  1
RGI60-04.01364     9.95390   65.914719  -63.262613   -0.883    0.137  1
RGI60-04.01653     9.93526   66.420491  -65.273511   -0.939    0.169  1
RGI60-04.05834     9.90028   69.022258  -69.396179   -0.777    0.141  1
RGI60-04.07168     9.88672   73.562230  -80.620628   -0.673    0.144  1
RGI60-04.02541     9.88352   67.972224  -66.841269   -0.821    0.156  1
RGI60-04.05908     9.87439   69.118099  -69.158337   -0.650    0.141  1
RGI60-04.04453     9.81664   66.384551  -63.022034   -0.851    0.130  1
RGI60-04.06435     9.80610   73.675464  -85.508585   -0.644    0.152  1
RGI60-04.00404     9.78814   70.327915  -69.909924   -0.523    0.146  1
RGI60-04.06580     9.78386   71.211652  -73.508017   -0.563    0.126  1
RGI60-04.03744     9.77396   71.387683  -72.433352   -0.635    0.135  1
RGI60-04.07140     9.75906   73.328273  -77.663979   -0.567    0.128  1
RGI60-04.03037     9.75714   69.917615  -70.010692   -0.420    0.138  1
RGI60-04.02986     9.75163   69.739175  -70.048327   -0.698    0.152  1
RGI60-04.02706     9.74632   68.266065  -67.406557   -0.592    0.129  1
RGI60-04.05714     9.73022   66.616548  -65.387822   -0.586    0.164  1
RGI60-04.05933     9.69828   69.160359  -69.005262   -0.554    0.138  1
RGI60-04.01024     9.69202   66.637461  -62.578267   -0.972    0.143  1
RGI60-04.03702     9.68485   71.461763  -72.105261   -0.531    0.135  1
RGI60-04.05653     9.63930   66.713877  -65.747322   -1.009    0.183  1
RGI60-04.00750     9.61416   70.028047  -70.521674   -0.589    0.141  1
RGI60-04.05844     9.60782   69.058005  -68.067221   -0.805    0.154  1
RGI60-04.07112     9.60024   73.469183  -79.033189   -0.280    0.131  1
RGI60-04.06099     9.59699   69.440282  -69.908749   -0.589    0.143  1
RGI60-04.02763     9.56554   68.431546  -68.797743   -0.651    0.145  1
RGI60-04.05337     9.52763   66.874785  -66.123662   -0.775    0.140  1
RGI60-04.03038     9.51924   69.917780  -69.900642   -0.342    0.145  1
RGI60-04.07152     9.51257   72.925310  -77.462445   -0.776    0.137  1
RGI60-04.06728     9.50515   71.596871  -72.861948   -0.811    0.142  1
RGI60-04.01203     9.48589   66.738840  -61.795165   -0.833    0.144  1
RGI60-04.03079     9.47497   69.633203  -69.720935   -0.532    0.142  1
RGI60-04.02797     9.44322   68.467123  -67.703400   -0.558    0.133  1
RGI60-04.00463     9.38509   70.367763  -69.929247   -0.637    0.159  1
RGI60-04.01788     9.37236   66.528288  -65.052199   -1.066    0.179  1
RGI60-04.06039     9.33088   69.417740  -68.768623   -0.659    0.167  1
RGI60-04.04232     9.33076   66.572647  -63.743718   -0.926    0.143  1
RGI60-04.02708     9.32372   68.238400  -67.476410   -0.487    0.131  1
RGI60-04.05225     9.23260   73.207704  -81.198328   -0.573    0.141  1
RGI60-04.00229     9.22756   64.083302  -65.766095   -0.728    0.125  1
RGI60-04.04454     9.22724   66.544076  -63.777359   -0.843    0.139  1
RGI60-04.05728     9.18014   66.776499  -65.709401   -0.845    0.166  1
RGI60-04.04929     9.16373   72.424181  -75.947680   -0.827    0.148  1
RGI60-04.01814     9.16169   66.454974  -65.342776   -0.664    0.166  1
RGI60-04.01220     9.15237   66.736393  -61.928232   -0.731    0.133  1
RGI60-04.04370     9.14383   65.815489  -63.990898   -0.832    0.131  1
RGI60-04.05466     9.11480   66.741443  -65.904704   -0.744    0.139  1
RGI60-04.06858     9.04654   72.711647  -77.017970   -0.752    0.124  1
RGI60-04.00267     9.04396   64.342729  -65.815899   -0.629    0.126  1
RGI60-04.05655     9.03480   66.769070  -64.877501   -0.644    0.161  1
RGI60-04.03509     9.03240   71.125717  -72.894651   -0.805    0.137  1
RGI60-04.00179     9.01492   62.569920  -66.706975   -0.960    0.181  1
RGI60-04.06393     9.00465   73.404087  -86.079705   -0.566    0.145  1
RGI60-04.03666     8.97297   71.384710  -72.038792   -0.502    0.147  1
RGI60-04.03879     8.93960   71.672592  -75.145465   -0.532    0.139  1
RGI60-04.03023     8.91971   69.886760  -69.792256   -0.330    0.141  1
RGI60-04.06137     8.91731   69.512688  -69.578816   -0.619    0.141  1
RGI60-04.06370     8.91292   73.444719  -85.933244   -0.193    0.137  1
RGI60-04.03465     8.90647   70.818806  -73.223652   -0.664    0.129  1
RGI60-04.01036     8.90420   66.534992  -62.023518   -0.949    0.155  1
RGI60-04.07019     8.86538   73.502542  -77.804966   -0.486    0.150  1
RGI60-04.00056     8.85427   63.711118  -65.327028   -1.003    0.157  1
RGI60-04.01918     8.83589   67.008100  -64.452151   -0.892    0.165  1
RGI60-04.00695     8.83495   70.756108  -70.274805   -0.626    0.156  1
RGI60-04.01214     8.82316   66.704530  -61.701566   -0.661    0.141  1
RGI60-04.06463     8.80522   73.734428  -85.052713   -0.388    0.150  1
RGI60-04.00186     8.80033   62.542161  -66.673371   -0.709    0.159  1
RGI60-04.06669     8.79910   71.375090  -73.800808   -0.511    0.127  1
RGI60-04.04443     8.78700   65.945209  -63.948915   -1.116    0.159  1
RGI60-04.04761     8.78463   72.690750  -77.094097   -0.766    0.128  1
RGI60-04.03256     8.75713   70.855300  -71.406450   -0.412    0.146  1
RGI60-04.05433     8.74510   66.647014  -65.683608   -0.560    0.154  1
RGI60-04.02552     8.74061   67.916552  -67.168658   -0.510    0.176  1
RGI60-04.02798     8.73333   68.452157  -67.799183   -0.705    0.137  1
RGI60-04.06267     8.72400   71.540341  -77.354035   -0.621    0.151  1
RGI60-04.00054     8.72263   63.739581  -65.293616   -0.964    0.149  1
RGI60-04.03736     8.70361   71.381999  -72.811574   -0.667    0.137  1
RGI60-04.00330     8.70352   63.973019  -65.735285   -0.568    0.130  1
RGI60-04.04926     8.68671   72.390380  -76.596321   -0.305    0.142  1
RGI60-04.01916     8.68627   66.912003  -64.230213   -0.733    0.140  1
RGI60-04.04031     8.68158   72.070067  -75.328933   -0.598    0.135  1
RGI60-04.01773     8.67950   66.464253  -64.389241   -0.918    0.143  1
RGI60-04.01404     8.66156   66.118681  -62.676801   -0.582    0.127  1
RGI60-04.02981     8.64054   70.032531  -69.603759   -0.730    0.164  1
RGI60-04.07017     8.63930   73.624050  -80.436637   -0.546    0.140  1
RGI60-04.03072     8.63809   70.108161  -69.327346   -0.649    0.164  1
RGI60-04.02727     8.60717   68.320703  -68.106585   -0.428    0.127  1
RGI60-04.04095     8.59772   72.084200  -75.742568   -0.426    0.124  1
RGI60-04.05237     8.57503   73.137913  -82.242865   -0.417    0.145  1
RGI60-04.04927     8.54202   72.111786  -77.238533   -0.542    0.139  1
RGI60-04.02122     8.52368   67.421229  -64.685471   -0.667    0.156  1
RGI60-04.01377     8.51189   65.971829  -63.310851   -0.953    0.139  1
RGI60-04.04757     8.50303   72.585391  -77.093735   -0.460    0.122  1
RGI60-04.00177     8.47247   62.524577  -66.737332   -0.830    0.183  1
RGI60-04.02794     8.45369   68.426130  -68.118902   -0.422    0.129  1
RGI60-04.00015     8.44673   62.183219  -66.374127   -0.686    0.142  1
RGI60-04.04274     8.44375   66.071298  -64.470850   -0.588    0.139  1
RGI60-04.02506     8.42644   67.960697  -67.920992   -0.812    0.140  1
RGI60-04.02092     8.40157   66.504829  -65.687817   -0.971    0.164  1
RGI60-04.01045     8.39622   66.441504  -62.377803   -0.652    0.128  1
RGI60-04.02985     8.37995   69.942170  -69.967700   -0.315    0.135  1
RGI60-04.02553     8.37397   67.880012  -67.102195   -0.474    0.162  1
RGI60-04.06265     8.37149   71.468337  -77.501477   -0.560    0.133  1
RGI60-04.05835     8.36780   69.000622  -69.237430   -0.542    0.155  1
RGI60-04.06205     8.36120   72.176267  -78.067435   -0.637    0.121  1
RGI60-04.03684     8.35010   71.350979  -72.104157   -0.441    0.153  1
RGI60-04.06314     8.32464   71.728378  -77.119662   -0.196    0.135  1
RGI60-04.05114     8.30407   73.243208  -82.746211   -0.418    0.147  1
RGI60-04.00183     8.29821   62.598105  -66.755700   -0.722    0.159  1
RGI60-04.06462     8.29194   73.756584  -85.137964   -0.681    0.157  1
RGI60-04.01368     8.27722   65.886285  -63.199160   -0.786    0.132  1
RGI60-04.07132     8.26771   73.511980  -78.226401   -0.499    0.141  1
RGI60-04.03298     8.26012   70.872266  -71.020806   -0.777    0.157  1
RGI60-04.04841     8.25010   71.959192  -77.287240   -0.306    0.142  1
RGI60-04.05299     8.21401   72.435157  -82.072436    0.093    0.119  1
RGI60-04.07023     8.21273   73.516061  -79.127356   -0.520    0.139  1
RGI60-04.02317     8.17512   67.774221  -66.550747   -0.574    0.133  1
RGI60-04.04591     8.16959   66.347582  -63.623880   -0.703    0.128  1
RGI60-04.06216     8.16452   72.131154  -77.780426   -0.388    0.126  1
RGI60-04.04270     8.13620   66.085911  -64.560306   -0.886    0.149  1
RGI60-04.01806     8.12392   66.334029  -65.220232   -0.918    0.173  1
RGI60-04.07134     8.10864   73.476209  -77.832194   -0.456    0.138  1
RGI60-04.03868     8.09568   71.656468  -75.291152   -0.678    0.143  1
RGI60-04.03082     8.08864   69.630340  -69.803726   -0.556    0.142  1
RGI60-04.03457     8.05064   71.085712  -72.591811   -0.535    0.142  1
RGI60-04.05886     8.03872   69.066145  -68.291483   -0.626    0.150  1
RGI60-04.00586     8.02752   70.400689  -71.064382   -0.443    0.143  1
RGI60-04.06800     8.02185   71.438755  -74.541959   -0.536    0.147  1
RGI60-04.05028     8.01801   72.350241  -76.982338   -0.353    0.123  1
RGI60-04.03790     8.00681   70.758579  -72.422012   -0.757    0.170  1
RGI60-04.02983     8.00542   69.829181  -69.944261   -0.695    0.152  1
RGI60-04.00742     7.99686   70.063882  -70.601019   -0.651    0.143  1
RGI60-04.06057     7.98930   68.804964  -69.712287   -0.754    0.186  1
RGI60-04.02872     7.97683   69.741024  -69.457134   -0.591    0.163  1
RGI60-04.05884     7.97447   69.040106  -68.807283   -0.789    0.148  1
RGI60-04.01365     7.96793   65.889943  -63.266233   -0.819    0.134  1
RGI60-04.05890     7.96609   69.139073  -68.446979   -0.486    0.146  1
RGI60-04.04299     7.95935   66.199860  -64.221176   -0.755    0.137  1
RGI60-04.02812     7.94048   67.840244  -67.382282   -0.325    0.172  1
RGI60-04.00649     7.93307   70.625224  -70.698682   -0.723    0.160  1
RGI60-04.00194     7.92339   62.535355  -66.775506   -0.613    0.156  1
RGI60-04.01768     7.91618   66.596093  -64.714535   -0.912    0.185  1
RGI60-04.04111     7.91216   66.310373  -64.167148   -0.823    0.140  1
RGI60-04.02646     7.89871   67.942749  -67.501251   -0.498    0.153  1
RGI60-04.06579     7.89063   71.181306  -73.552012   -0.509    0.129  1
RGI60-04.06717     7.88926   71.538400  -73.736507   -0.529    0.130  1
RGI60-04.01053     7.86576   66.340486  -62.730957   -0.880    0.140  1
RGI60-04.07175     7.85512   72.887564  -77.229796   -0.930    0.144  1
RGI60-04.07146     7.83833   73.196533  -77.191522   -0.571    0.123  1
RGI60-04.03166     7.83775   70.687350  -71.176922   -0.472    0.158  1
RGI60-04.01412     7.83328   66.108542  -62.765269   -0.864    0.131  1
RGI60-04.03050     7.81978   70.074632  -69.661515   -0.542    0.154  1
RGI60-04.02718     7.81589   68.282533  -67.332979   -0.739    0.136  1
RGI60-04.05039     7.80454   72.258438  -77.331090   -0.460    0.132  1
RGI60-04.00334     7.80184   63.975685  -65.808355   -0.579    0.122  1
RGI60-04.06289     7.78280   72.204232  -78.242680   -0.430    0.118  1
RGI60-04.01410     7.77838   66.125476  -62.813186   -0.868    0.133  1
RGI60-04.03850     7.77570   71.609634  -74.834727   -0.609    0.152  1
RGI60-04.00985     7.76242   66.490452  -62.851366   -1.042    0.152  1
RGI60-04.01191     7.74495   66.769308  -62.160770   -0.528    0.125  1
RGI60-04.03954     7.68373   71.916751  -74.526980   -0.500    0.141  1
RGI60-04.04930     7.67543   72.357569  -77.214757   -0.474    0.134  1
RGI60-04.07025     7.67384   73.484844  -77.677110   -0.652    0.167  1
RGI60-04.00016     7.66002   62.239320  -66.383267   -0.921    0.146  1
RGI60-04.04640     7.65365   66.261860  -62.880760   -0.855    0.140  1
RGI60-04.03615     7.63910   70.783913  -72.636056   -0.499    0.164  1
RGI60-04.03580     7.63816   70.784867  -72.978786   -0.680    0.164  1
RGI60-04.04940     7.62166   72.374064  -77.308094   -0.627    0.145  1
RGI60-04.05661     7.60278   67.394877  -65.391757    0.039    0.165  1
RGI60-04.01745     7.58427   66.480831  -65.364258   -0.828    0.192  1
RGI60-04.06555     7.58179   71.010183  -74.671287   -0.734    0.155  1
RGI60-04.05029     7.57074   72.410561  -77.369808   -0.582    0.146  1
RGI60-04.00585     7.56237   70.450531  -70.852144   -0.527    0.148  1
RGI60-04.03508     7.54939   71.167494  -72.890689   -0.683    0.134  1
RGI60-04.05674     7.54487   66.900784  -66.354650   -0.587    0.135  1
RGI60-04.01581     7.51310   66.542255  -65.840913   -0.995    0.172  1
RGI60-04.06822     7.50726   71.720160  -73.931518   -0.644    0.157  1
RGI60-04.04928     7.50609   72.292818  -75.367180   -0.466    0.135  1
RGI60-04.01771     7.49762   66.560430  -64.554896   -0.854    0.155  1
RGI60-04.06576     7.47607   71.275175  -73.322159   -0.614    0.132  1
RGI60-04.03869     7.46448   71.605398  -75.480818   -0.599    0.143  1
RGI60-04.02714     7.46376   68.224191  -67.411528   -0.599    0.139  1
RGI60-04.03176     7.45512   70.630811  -71.248263   -0.607    0.160  1
RGI60-04.00592     7.45049   70.250954  -70.770904   -0.553    0.148  1
RGI60-04.06681     7.44384   71.390942  -74.920680   -0.518    0.151  1
RGI60-04.04458     7.44052   66.543578  -63.077079   -0.948    0.146  1
RGI60-04.03789     7.41430   70.816856  -72.322217   -0.974    0.179  1
RGI60-04.06076     7.40575   68.694884  -68.595078   -0.911    0.153  1
RGI60-04.02318     7.38750   67.741685  -66.532065   -0.636    0.141  1
RGI60-04.00050     7.36435   63.711926  -65.277421   -0.945    0.153  1
RGI60-04.00231     7.35969   64.069438  -65.823885   -0.692    0.130  1
RGI60-04.06691     7.35969   71.484654  -72.978920   -0.498    0.133  1
RGI60-04.03458     7.34006   71.104313  -72.631120   -0.762    0.152  1
RGI60-04.00560     7.33656   70.188277  -70.885402   -0.540    0.142  1
RGI60-04.00650     7.31865   70.602311  -70.620091   -0.618    0.156  1
RGI60-04.01678     7.30817   66.506902  -64.716351   -0.619    0.168  1
RGI60-04.03741     7.30625   71.440671  -72.500413   -0.559    0.139  1
RGI60-04.04547     7.30519   66.334405  -63.082692   -0.480    0.122  1
RGI60-04.01671     7.30458   66.552526  -64.471991   -0.845    0.145  1
RGI60-04.03629     7.29226   70.708765  -72.758047   -0.805    0.170  1
RGI60-04.03349     7.28920   70.399017  -71.318645   -0.511    0.155  1
RGI60-04.01680     7.28779   66.507332  -64.987143   -0.794    0.165  1
RGI60-04.06262     7.27482   71.562781  -77.305547   -0.452    0.146  1
RGI60-04.05753     7.26530   67.587052  -67.101318   -0.767    0.173  1
RGI60-04.03406     7.25555   70.985410  -71.503006   -0.340    0.152  1
RGI60-04.01382     7.25078   66.084186  -62.982188   -0.862    0.137  1
RGI60-04.00719     7.23574   70.042908  -70.692382   -0.677    0.150  1
RGI60-04.00409     7.23281   70.221661  -70.151012   -0.512    0.146  1
RGI60-04.07036     7.21715   72.926447  -77.545979   -0.870    0.146  1
RGI60-04.05668     7.21511   67.201548  -66.432116   -0.401    0.135  1
RGI60-04.03737     7.20686   71.367717  -72.679207   -0.699    0.140  1
RGI60-04.07031     7.20347   73.357786  -77.570709   -0.708    0.144  1
RGI60-04.00704     7.19706   70.002885  -70.278755   -0.372    0.142  1
RGI60-04.05659     7.19480   67.464278  -65.338019   -0.144    0.160  1
RGI60-04.04931     7.18393   72.471285  -77.009400   -0.699    0.126  1
RGI60-04.06747     7.17205   71.567148  -74.085290   -0.816    0.164  1
RGI60-04.04114     7.15359   66.328743  -64.041092   -0.781    0.140  1
RGI60-04.00982     7.15132   66.458653  -62.847436   -1.011    0.145  1
RGI60-04.02873     7.12064   69.695521  -69.771985   -0.684    0.154  1
RGI60-04.02926     7.09913   69.674745  -69.622668   -0.497    0.147  1
RGI60-04.01842     7.08085   66.872091  -64.517875   -0.784    0.167  1
RGI60-04.00587     7.06942   70.454594  -70.780484   -0.526    0.159  1
RGI60-04.04560     7.04715   65.976609  -63.541864   -0.740    0.129  1
RGI60-04.03704     7.04566   71.435391  -72.210379   -0.341    0.132  1
RGI60-04.05351     7.04194   66.553736  -65.459359   -0.814    0.172  1
RGI60-04.00178     7.03936   62.529150  -66.693888   -0.702    0.177  1
RGI60-04.02562     7.03913   67.861310  -67.134131   -0.569    0.167  1
RGI60-04.04941     7.03279   72.599614  -76.747012   -0.632    0.133  1
RGI60-04.04966     7.03044   72.603023  -76.647418   -0.766    0.138  1
RGI60-04.05220     7.02532   73.214648  -81.263379   -0.680    0.149  1
RGI60-04.05893     7.02304   68.670498  -68.993566   -0.862    0.154  1
RGI60-04.01409     7.02232   66.086364  -62.664217   -0.699    0.135  1
RGI60-04.03209     7.02155   70.612414  -71.681241   -0.763    0.167  1
RGI60-04.06077     7.01986   68.697087  -68.457524   -0.671    0.145  1
RGI60-04.05027     6.99915   72.330075  -77.018839   -0.385    0.130  1
RGI60-04.05262     6.97138   73.235265  -81.630469   -0.481    0.150  1
RGI60-04.06746     6.95851   71.603713  -74.142967   -0.401    0.149  1
RGI60-04.06101     6.94924   69.361186  -69.159066   -0.527    0.143  1
RGI60-04.04113     6.94156   66.341634  -64.158868   -0.849    0.149  1
RGI60-04.00094     6.90218   63.886580  -65.756663   -0.406    0.129  1
RGI60-04.06282     6.89919   71.474560  -76.969304   -0.556    0.140  1
RGI60-04.01367     6.89080   65.942338  -63.048622   -0.867    0.136  1
RGI60-04.01295     6.88741   66.808571  -62.177516   -0.752    0.147  1
RGI60-04.01241     6.88734   66.684758  -62.271809   -1.081    0.161  1
RGI60-04.03871     6.87933   71.675017  -75.042877   -0.456    0.144  1
RGI60-04.03071     6.87415   70.114316  -69.393193   -0.791    0.163  1
RGI60-04.06048     6.86185   68.810042  -69.769045   -0.622    0.186  1
RGI60-04.00096     6.86158   63.871490  -65.776984   -0.647    0.143  1
RGI60-04.05458     6.85752   66.705282  -65.940349   -0.565    0.142  1
RGI60-04.01544     6.85335   65.824081  -63.581546   -0.706    0.133  1
RGI60-04.04654     6.84282   66.222286  -64.044642   -0.753    0.148  1
RGI60-04.05263     6.84100   73.222248  -81.548011   -0.501    0.150  1
RGI60-04.06599     6.84053   71.314968  -73.701881   -0.482    0.131  1
RGI60-04.03955     6.83781   71.795158  -74.806950   -0.766    0.151  1
RGI60-04.01411     6.81694   66.149686  -62.817321   -0.981    0.139  1
RGI60-04.06577     6.81045   71.209215  -73.425633   -0.642    0.134  1
RGI60-04.03738     6.79938   71.429537  -72.400482   -0.553    0.141  1
RGI60-04.00180     6.79765   62.583880  -66.741582   -0.902    0.179  1
RGI60-04.04998     6.76875   72.176209  -75.347115   -0.681    0.152  1
RGI60-04.01370     6.76262   66.009304  -63.129164   -0.757    0.131  1
RGI60-04.00795     6.73807   70.281079  -71.040605   -0.265    0.148  1
RGI60-04.03210     6.72186   70.752156  -72.107946   -0.672    0.169  1
RGI60-04.04032     6.71602   71.822463  -75.809961   -0.374    0.139  1
RGI60-04.06701     6.70714   71.488845  -73.256237   -0.545    0.133  1
RGI60-04.04908     6.68544   71.944655  -77.269899   -0.504    0.148  1
RGI60-04.02610     6.68188   67.734957  -67.371067   -0.719    0.160  1
RGI60-04.05503     6.66299   67.393927  -65.582299   -0.398    0.166  1
RGI60-04.01189     6.66132   66.742901  -62.154798   -0.509    0.125  1
RGI60-04.05222     6.65944   73.187914  -81.014568   -0.449    0.127  1
RGI60-04.00405     6.65459   70.215255  -70.227570   -0.431    0.145  1
RGI60-04.03182     6.65330   70.734063  -71.250486   -0.482    0.159  1
RGI60-04.03572     6.65045   71.173757  -71.983611   -0.347    0.145  1
RGI60-04.00781     6.64495   70.092424  -70.122795   -0.285    0.143  1
RGI60-04.03742     6.64270   71.414472  -72.350398   -0.574    0.139  1
RGI60-04.04762     6.63709   71.912721  -77.507203   -0.311    0.140  1
RGI60-04.03460     6.63175   70.954166  -73.491237   -0.510    0.131  1
RGI60-04.04748     6.61649   72.686845  -76.784953   -0.818    0.138  1
RGI60-04.06169     6.59298   69.550280  -68.795818   -0.531    0.174  1
RGI60-04.06809     6.58389   71.464565  -74.321623   -0.572    0.155  1
RGI60-04.04729     6.58026   72.704877  -76.912771   -0.585    0.125  1
RGI60-04.05221     6.57950   73.168458  -80.907886   -0.567    0.139  1
RGI60-04.05663     6.55014   67.440903  -65.254690   -0.596    0.169  1
RGI60-04.01313     6.54590   65.902613  -63.377612   -0.901    0.145  1
RGI60-04.05294     6.54579   72.364775  -82.409934   -0.535    0.135  1
RGI60-04.07022     6.53995   72.959723  -77.796308   -0.465    0.131  1
RGI60-04.04020     6.53085   71.803388  -75.535719   -0.361    0.144  1
RGI60-04.05980     6.51623   69.258398  -68.889749   -0.603    0.169  1
RGI60-04.00559     6.50720   70.314321  -70.720444   -0.286    0.146  1
RGI60-04.05384     6.49462   67.146051  -66.828627   -0.471    0.133  1
RGI60-04.05662     6.49203   67.025363  -64.973172   -0.294    0.159  1
RGI60-04.01929     6.48637   66.935543  -64.319194   -0.606    0.160  1
RGI60-04.06573     6.48142   71.300597  -73.387971   -0.596    0.133  1
RGI60-04.01793     6.46174   66.333688  -65.117749   -0.885    0.173  1
RGI60-04.04025     6.44453   72.018105  -75.066523   -0.592    0.147  1
RGI60-04.03674     6.44406   71.275634  -72.800380   -0.608    0.138  1
RGI60-04.00561     6.43981   70.278899  -70.741909   -0.353    0.146  1
RGI60-04.02682     6.41599   68.219672  -67.200729   -0.831    0.149  1
RGI60-04.06659     6.40261   71.386990  -74.153804   -0.565    0.163  1
RGI60-04.03788     6.39761   70.782968  -72.366041   -0.677    0.180  1
RGI60-04.01461     6.39485   65.662482  -63.897885   -0.651    0.133  1
RGI60-04.05697     6.37122   67.105130  -64.878054   -0.685    0.169  1
RGI60-04.06022     6.35256   69.395949  -68.862759   -0.745    0.188  1
RGI60-04.07020     6.35132   72.942220  -76.636687   -0.835    0.139  1
RGI60-04.00222     6.32209   64.098265  -65.810024   -0.738    0.135  1
RGI60-04.07024     6.31741   72.891859  -76.477972   -0.798    0.157  1
RGI60-04.03893     6.31553   71.650515  -75.740408   -0.687    0.144  1
RGI60-04.02670     6.29086   68.188185  -67.017535   -0.715    0.157  1
RGI60-04.00915     6.27700   66.689469  -62.581277   -0.859    0.166  1
RGI60-04.03351     6.27034   70.360982  -71.403014   -0.541    0.157  1
RGI60-04.00295     6.26766   64.452110  -65.192092   -0.781    0.136  1
RGI60-04.05909     6.26319   69.150143  -68.912278   -0.541    0.144  1
RGI60-04.02636     6.25608   68.098602  -67.558858   -0.472    0.139  1
RGI60-04.00201     6.25123   64.188704  -65.536500   -0.577    0.129  1
RGI60-04.06626     6.24810   71.334616  -75.175553   -0.409    0.149  1
RGI60-04.07054     6.24406   73.020545  -78.880252   -0.521    0.130  1
RGI60-04.04813     6.23820   72.591371  -76.467811   -0.532    0.131  1
RGI60-04.03739     6.21852   71.476523  -72.709351   -0.548    0.141  1
RGI60-04.05229     6.18512   73.142907  -80.861954   -0.831    0.147  1
RGI60-04.04477     6.18237   66.149146  -63.675052   -0.684    0.136  1
RGI60-04.01520     6.14866   65.677003  -63.977569   -0.843    0.144  1
RGI60-04.05899     6.14076   68.658286  -68.907577   -0.393    0.141  1
RGI60-04.01582     6.13063   66.581304  -65.850686   -0.774    0.168  1
RGI60-04.02563     6.12544   67.924249  -67.209364   -0.471    0.172  1
RGI60-04.04556     6.11983   66.061877  -63.423828   -0.745    0.135  1
RGI60-04.05054     6.11002   71.764278  -77.131843   -0.346    0.139  1
RGI60-04.01664     6.10398   66.272648  -65.184801   -0.890    0.186  1
RGI60-04.00588     6.10369   70.380730  -70.718087   -0.511    0.152  1
RGI60-04.06301     6.10272   71.606897  -78.525997    0.008    0.136  1
RGI60-04.00984     6.09568   66.442735  -62.774592   -1.121    0.160  1
RGI60-04.06857     6.09418   72.375232  -76.958655   -0.496    0.131  1
RGI60-04.02039     6.09300   66.417152  -64.932698   -0.984    0.180  1
RGI60-04.03891     6.08902   71.613538  -75.596375   -0.412    0.143  1
RGI60-04.04468     6.08430   66.098121  -64.000384   -0.490    0.129  1
RGI60-04.01820     6.06717   66.726586  -64.582538   -0.989    0.189  1
RGI60-04.06089     6.06405   69.479789  -68.361942   -0.914    0.168  1
RGI60-04.05261     6.05978   73.225944  -81.597643   -0.443    0.151  1
RGI60-04.00986     6.05231   66.472479  -62.368925   -0.642    0.131  1
RGI60-04.00925     6.03888   66.614530  -63.232848   -0.899    0.143  1
RGI60-04.02265     6.03278   67.512388  -65.032946   -0.598    0.149  1
RGI60-04.03839     6.03158   71.589922  -74.819462   -0.601    0.154  1
RGI60-04.07045     6.02667   73.586876  -80.285011   -0.584    0.134  1
RGI60-04.01583     6.02438   66.572345  -65.890488   -0.725    0.167  1
RGI60-04.03410     6.00449   70.862050  -72.019060   -0.574    0.152  1
RGI60-04.02056     5.99919   66.428894  -65.119866   -0.786    0.170  1
RGI60-04.03681     5.97903   71.334443  -72.330986   -0.586    0.153  1
RGI60-04.06821     5.97695   71.745167  -73.876335   -0.646    0.159  1
RGI60-04.05010     5.97144   71.792095  -76.631959   -0.752    0.148  1
RGI60-04.02446     5.95995   68.087336  -67.134287   -0.871    0.175  1
RGI60-04.03697     5.93476   71.468867  -72.292640   -0.624    0.141  1
RGI60-04.00685     5.92160   70.718397  -70.496185   -0.521    0.161  1
RGI60-04.04467     5.87875   65.919739  -63.986331   -0.939    0.153  1
RGI60-04.06206     5.87863   72.168297  -78.131901   -0.450    0.123  1
RGI60-04.06533     5.87814   71.255503  -74.213141   -0.434    0.136  1
RGI60-04.03677     5.87353   71.292653  -72.654955   -0.668    0.139  1
RGI60-04.04972     5.86798   72.500012  -76.639871   -0.565    0.139  1
RGI60-04.00273     5.85774   64.349775  -65.752139   -0.434    0.128  1
RGI60-04.02554     5.85100   67.967504  -67.153537   -0.552    0.170  1
RGI60-04.00282     5.84337   64.376485  -65.614217   -0.618    0.132  1
RGI60-04.06015     5.84245   69.345416  -68.384274   -0.684    0.157  1
RGI60-04.02614     5.83673   68.109012  -67.014361   -0.596    0.160  1
RGI60-04.00772     5.83297   70.162250  -70.033636   -0.392    0.148  1
RGI60-04.01237     5.83030   66.648876  -62.258739   -0.858    0.155  1
RGI60-04.03411     5.82907   70.880912  -71.974709   -0.438    0.147  1
RGI60-04.00989     5.82886   66.440133  -62.722966   -1.130    0.161  1
RGI60-04.04559     5.82561   65.998115  -63.583986   -0.565    0.125  1
RGI60-04.03462     5.81676   70.991118  -72.700533   -0.622    0.166  1
RGI60-04.06668     5.81285   71.397651  -73.749952   -0.579    0.139  1
RGI60-04.06074     5.80615   68.678702  -68.613884   -0.774    0.154  1
RGI60-04.02744     5.80237   68.389714  -67.728790   -0.653    0.144  1
RGI60-04.01798     5.79684   66.280643  -65.052563   -1.117    0.178  1
RGI60-04.06855     5.78962   72.001004  -75.123918   -0.557    0.150  1
RGI60-04.03824     5.77924   71.559788  -75.048484   -0.598    0.151  1
RGI60-04.02310     5.77757   67.695542  -66.833422   -0.411    0.152  1
RGI60-04.03272     5.76187   70.465993  -72.277262   -0.554    0.166  1
RGI60-04.01414     5.74865   66.169561  -62.772120   -0.904    0.140  1
RGI60-04.03752     5.74521   71.514488  -72.425138   -0.747    0.141  1
RGI60-04.04360     5.74464   65.869862  -63.796376   -0.564    0.131  1
RGI60-04.04577     5.74147   65.781333  -64.167280   -0.639    0.139  1
RGI60-04.04300     5.73480   66.179745  -64.236148   -0.668    0.140  1
RGI60-04.02987     5.73385   69.924713  -69.840098   -0.210    0.148  1
RGI60-04.02834     5.72883   69.708814  -70.216974   -0.490    0.149  1
RGI60-04.03634     5.72220   70.796505  -72.683297   -0.573    0.174  1
RGI60-04.06680     5.71879   71.419565  -74.862355   -0.691    0.156  1
RGI60-04.02725     5.71557   68.324110  -68.245156   -0.607    0.142  1
RGI60-04.06217     5.70497   72.188764  -77.817217   -0.555    0.144  1
RGI60-04.01539     5.70494   65.812719  -63.529635   -0.801    0.137  1
RGI60-04.01679     5.70452   66.596186  -65.122285   -0.949    0.207  1
RGI60-04.00126     5.70320   63.928904  -65.217494   -0.598    0.127  1
RGI60-04.02692     5.70186   68.214894  -66.973508   -0.712    0.162  1
RGI60-04.03757     5.69116   71.527466  -72.343229   -0.714    0.141  1
RGI60-04.06442     5.68928   73.176739  -86.468609   -0.092    0.143  1
RGI60-04.03520     5.68301   70.864586  -72.670395   -0.528    0.168  1
RGI60-04.00473     5.68133   70.153911  -70.337125   -0.412    0.154  1
RGI60-04.00408     5.67329   70.235132  -69.819595   -0.558    0.155  1
RGI60-04.02296     5.67116   67.778628  -66.726149   -0.465    0.143  1
RGI60-04.06823     5.64881   71.660259  -74.021021   -0.508    0.159  1
RGI60-04.01670     5.64009   66.403693  -65.170237   -1.061    0.200  1
RGI60-04.05669     5.63992   66.555714  -65.575464   -0.655    0.161  1
RGI60-04.04470     5.63234   66.441204  -63.708083   -0.422    0.136  1
RGI60-04.06235     5.63112   72.246849  -79.103878   -0.661    0.144  1
RGI60-04.00950     5.62430   66.644102  -63.186593   -0.724    0.134  1
RGI60-04.06574     5.62383   71.189304  -73.456135   -0.649    0.140  1
RGI60-04.00926     5.62016   66.616948  -63.325351   -0.882    0.150  1
RGI60-04.02369     5.61304   67.381144  -64.488106   -0.680    0.163  1
RGI60-04.00475     5.61291   70.149090  -70.503860   -0.398    0.148  1
RGI60-04.00589     5.60821   70.401211  -70.732623   -0.292    0.145  1
RGI60-04.00542     5.58258   70.411886  -70.472597   -0.320    0.149  1
RGI60-04.01029     5.57893   66.587391  -62.160673   -0.621    0.135  1
RGI60-04.04974     5.56948   72.373655  -76.679280   -0.355    0.140  1
RGI60-04.01335     5.56381   65.960490  -62.752199   -0.393    0.126  1
RGI60-04.06600     5.53872   71.289084  -73.714605   -0.540    0.139  1
RGI60-04.06863     5.53390   66.566015  -63.128175   -0.721    0.145  1
RGI60-04.01919     5.53340   66.918364  -64.294431   -0.573    0.159  1
RGI60-04.00208     5.53197   64.107004  -65.483189   -0.590    0.131  1
RGI60-04.00698     5.52936   70.759394  -70.340410   -0.668    0.163  1
RGI60-04.00562     5.52417   70.375058  -71.092857   -0.066    0.149  1
RGI60-04.02668     5.51656   68.150089  -67.219791   -0.995    0.179  1
RGI60-04.04487     5.51402   66.450616  -63.737859   -0.523    0.137  1
RGI60-04.05670     5.51190   67.038370  -64.922914   -0.009    0.163  1
RGI60-04.05406     5.48507   67.254980  -64.861744   -0.508    0.168  1
RGI60-04.03470     5.47703   70.880702  -73.382160   -0.545    0.140  1
RGI60-04.01249     5.47242   66.793263  -62.123142   -0.582    0.135  1
RGI60-04.00896     5.46932   66.598545  -62.813080   -0.824    0.153  1
RGI60-04.04942     5.44122   72.080783  -77.438397   -0.813    0.151  1
RGI60-04.00757     5.43454   70.129421  -70.881276   -0.511    0.147  1
RGI60-04.00912     5.42994   66.722513  -62.474262   -0.777    0.143  1
RGI60-04.06458     5.42143   73.726546  -85.112145   -0.322    0.155  1
RGI60-04.01104     5.41438   66.683687  -63.044026   -0.672    0.136  1
RGI60-04.04749     5.41144   72.694334  -77.177863   -0.360    0.116  1
RGI60-04.06715     5.40895   71.564804  -73.706984   -0.434    0.140  1
RGI60-04.00211     5.40533   64.159468  -65.642464   -0.597    0.129  1
RGI60-04.05116     5.39684   73.232246  -82.993135   -0.196    0.150  1
RGI60-04.06638     5.38643   71.121439  -73.792725   -0.725    0.146  1
RGI60-04.04750     5.38274   72.611997  -76.949403   -0.619    0.139  1
RGI60-04.05115     5.36368   73.249548  -83.135070   -0.392    0.179  1
RGI60-04.06291     5.35878   71.540156  -79.174100   -0.043    0.126  1
RGI60-04.06581     5.35512   71.306729  -73.329547   -0.612    0.140  1
RGI60-04.05364     5.34035   67.007161  -66.519930   -0.554    0.137  1
RGI60-04.06151     5.33782   69.553069  -68.728133   -0.585    0.187  1
RGI60-04.01519     5.31844   65.667898  -64.010954   -0.957    0.150  1
RGI60-04.04026     5.31377   72.049634  -75.051148   -0.623    0.150  1
RGI60-04.00278     5.31142   64.370144  -65.925284   -0.369    0.135  1
RGI60-04.00004     5.30788   62.341114  -66.686586   -0.243    0.150  1
RGI60-04.03676     5.30736   71.287601  -72.719018   -0.405    0.133  1
RGI60-04.06075     5.30623   68.676846  -68.469339   -0.447    0.145  1
RGI60-04.06191     5.29761   72.050485  -77.935780   -0.677    0.158  1
RGI60-04.01007     5.29285   66.508790  -62.785430   -0.994    0.168  1
RGI60-04.03957     5.29035   71.739983  -74.935093   -0.299    0.142  1
RGI60-04.02874     5.27947   69.574655  -69.366434   -0.698    0.159  1
RGI60-04.05660     5.26460   66.582755  -65.383743   -0.713    0.193  1
RGI60-04.05238     5.25634   73.156703  -82.326301   -0.395    0.155  1
RGI60-04.06841     5.24157   62.327283  -66.656551   -0.588    0.146  1
RGI60-04.03466     5.21881   70.975786  -73.675650   -0.392    0.131  1
RGI60-04.02338     5.21250   67.789728  -65.885504   -0.543    0.149  1
RGI60-04.04469     5.21234   66.100969  -63.715870   -0.638    0.142  1
RGI60-04.01782     5.21126   66.548760  -64.805404   -0.605    0.175  1
RGI60-04.07027     5.20985   72.986819  -78.269527   -0.586    0.154  1
RGI60-04.01103     5.20953   66.699606  -63.087006   -0.875    0.154  1
RGI60-04.05241     5.20578   73.136305  -82.340520   -0.388    0.157  1
RGI60-04.03958     5.19252   71.958692  -74.704511   -0.431    0.145  1
RGI60-04.06103     5.18883   69.312538  -69.390392   -0.628    0.158  1
RGI60-04.02667     5.18650   68.155584  -67.157182   -1.112    0.193  1
RGI60-04.06286     5.17094   72.238050  -78.190409   -0.661    0.137  1
RGI60-04.07293     5.16626   73.461939  -77.464383   -0.718    0.173  1
RGI60-04.05656     5.16149   66.831931  -64.808454   -0.663    0.195  1
RGI60-04.05188     5.13311   73.438819  -83.237200   -0.317    0.184  1
RGI60-04.03467     5.13123   70.851949  -73.440716   -0.769    0.153  1
RGI60-04.02717     5.12773   68.215492  -67.502239   -0.853    0.155  1
RGI60-04.03526     5.12685   70.896224  -73.492033   -0.633    0.141  1
RGI60-04.05459     5.12372   66.719473  -65.960767   -0.715    0.157  1
RGI60-04.03461     5.12103   71.008060  -73.739504   -0.160    0.138  1
RGI60-04.05664     5.12004   66.750468  -65.120419   -0.675    0.178  1
RGI60-04.00992     5.11630   66.454616  -62.512167   -0.726    0.144  1
RGI60-04.05665     5.11395   67.454473  -65.267617   -0.464    0.170  1
RGI60-04.05367     5.10859   67.051684  -66.359053   -0.597    0.138  1
RGI60-04.05376     5.10333   67.098574  -66.546567   -0.535    0.137  1
RGI60-04.01321     5.10050   65.860042  -63.354754   -0.044    0.119  1
RGI60-04.00730     5.09373   70.081787  -70.937418   -0.588    0.156  1
RGI60-04.04939     5.09052   72.399685  -76.518639   -0.366    0.140  1
RGI60-04.04655     5.07760   66.305610  -63.806450   -0.703    0.138  1
RGI60-04.00263     5.05584   64.403509  -65.925101   -0.578    0.143  1
RGI60-04.06102     5.04286   69.426896  -68.979071   -0.698    0.173  1
RGI60-04.00181     5.02613   62.603387  -66.795886   -0.665    0.142  1
RGI60-04.02328     4.99915   67.792526  -66.092058   -0.442    0.136  1
RGI60-04.03468     4.99414   70.839165  -73.253209   -0.424    0.132  1
RGI60-04.00773     4.98861   70.146956  -69.961122   -0.241    0.157  1
RGI60-04.00747     4.98739   70.090396  -70.501578   -0.223    0.146  1
RGI60-04.05673     4.98390   67.205085  -66.613322   -0.260    0.130  1
RGI60-04.06552     4.98218   71.060532  -74.672003   -0.473    0.165  1
RGI60-04.00135     4.97924   63.930412  -64.955856   -0.700    0.137  1
RGI60-04.05411     4.96938   67.271024  -64.802065   -0.471    0.172  1
RGI60-04.05223     4.96695   73.187514  -80.952681   -0.588    0.142  1
RGI60-04.03668     4.96043   71.343776  -72.258410   -0.451    0.156  1
RGI60-04.02283     4.96029   67.689633  -66.296151   -0.529    0.154  1
RGI60-04.00563     4.95137   70.177010  -70.830566   -0.657    0.160  1
RGI60-04.02216     4.94656   67.476327  -64.905041   -0.641    0.170  1
RGI60-04.05365     4.93092   67.064345  -66.335031   -0.440    0.133  1
RGI60-04.04486     4.92555   66.398060  -63.188526   -0.953    0.143  1
RGI60-04.03464     4.91628   71.049565  -72.830160   -0.564    0.142  1
RGI60-04.03434     4.91483   71.166885  -72.171036   -0.648    0.161  1
RGI60-04.02521     4.91192   67.971699  -66.959508   -0.648    0.166  1
RGI60-04.05023     4.90912   72.181210  -76.735588   -0.681    0.158  1
RGI60-04.03273     4.90760   70.482101  -72.305809   -0.662    0.170  1
RGI60-04.06407     4.89800   73.814814  -85.803158   -0.633    0.172  1
RGI60-04.01242     4.89063   66.686799  -62.223356   -0.896    0.160  1
RGI60-04.05830     4.88591   68.996708  -69.347251   -0.794    0.175  1
RGI60-04.02962     4.87283   69.595009  -69.899261   -0.592    0.154  1
RGI60-04.06371     4.87276   73.448086  -85.854154   -0.027    0.145  1
RGI60-04.06288     4.86899   72.223548  -78.225461   -0.671    0.135  1
RGI60-04.04947     4.86833   72.387293  -77.387284   -0.484    0.154  1
RGI60-04.05845     4.86340   69.065655  -69.037188   -0.934    0.166  1
RGI60-04.05380     4.86326   67.141340  -66.686171   -0.578    0.139  1
RGI60-04.06170     4.86098   69.535544  -68.491117   -1.095    0.195  1
RGI60-04.02028     4.85617   66.413483  -64.853230   -0.613    0.333  1
RGI60-04.00228     4.85582   64.098103  -65.726754   -0.509    0.126  1
RGI60-04.03847     4.85494   71.626012  -74.724317   -0.624    0.155  1
RGI60-04.00416     4.85223   70.225746  -69.901470   -0.549    0.159  1
RGI60-04.05684     4.84659   67.472995  -65.286521   -0.447    0.175  1
RGI60-04.04043     4.84305   71.767091  -76.222601   -0.652    0.134  1
RGI60-04.00407     4.84275   70.322588  -70.400297   -0.638    0.161  1
RGI60-04.02748     4.82530   68.391562  -67.785668   -0.710    0.146  1
RGI60-04.03477     4.82234   71.130106  -72.484396   -0.740    0.164  1
RGI60-04.05982     4.80063   69.211609  -69.103355   -0.927    0.171  1
RGI60-04.00020     4.78699   62.289755  -66.472021   -0.984    0.159  1
RGI60-04.03573     4.77849   71.223756  -71.929450   -0.314    0.152  1
RGI60-04.00053     4.77244   63.773241  -65.372934   -1.006    0.163  1
RGI60-04.01851     4.77149   66.802164  -64.420326   -0.800    0.174  1
RGI60-04.06408     4.77101   73.802188  -85.889861   -0.661    0.173  1
RGI60-04.01607     4.76412   66.623597  -65.097975   -1.008    0.244  1
RGI60-04.00287     4.75354   64.379005  -65.565540   -0.447    0.131  1
RGI60-04.05768     4.75047   66.960741  -65.951159   -0.748    0.162  1
RGI60-04.03791     4.75019   70.834482  -72.335299   -0.645    0.173  1
RGI60-04.02835     4.74233   69.685618  -70.260439   -0.621    0.162  1
RGI60-04.04301     4.74039   66.211945  -64.174524   -0.815    0.152  1
RGI60-04.06171     4.73662   69.474709  -69.128097   -0.391    0.157  1
RGI60-04.03880     4.73342   71.651988  -75.975719   -0.413    0.132  1
RGI60-04.00774     4.73039   70.134930  -69.918795   -0.348    0.153  1
RGI60-04.06426     4.72941   73.659745  -85.493805   -0.746    0.162  1
RGI60-04.05903     4.72715   68.655217  -69.068520   -0.713    0.163  1
RGI60-04.04608     4.71903   66.205710  -62.931670   -0.756    0.139  1
RGI60-04.03553     4.70897   71.120696  -71.722502   -0.345    0.152  1
RGI60-04.03060     4.70843   70.079882  -69.104123   -0.472    0.170  1
RGI60-04.04214     4.70481   65.952414  -64.291297    0.067    0.178  1
RGI60-04.01682     4.69867   66.496265  -64.403501   -0.800    0.158  1
RGI60-04.06254     4.69616   71.537876  -77.574675   -0.008    0.141  1
RGI60-04.04934     4.69097   72.397300  -77.467523   -0.637    0.152  1
RGI60-04.00344     4.68540   63.647611  -65.185370   -0.151    0.141  1
RGI60-04.05383     4.67981   67.159029  -66.803622   -0.737    0.146  1
RGI60-04.06670     4.67028   71.363793  -73.896618   -0.397    0.134  1
RGI60-04.00546     4.65363   70.449228  -70.330465   -0.565    0.159  1
RGI60-04.00271     4.65234   64.375282  -65.788176   -0.554    0.136  1
RGI60-04.03627     4.65177   70.737906  -72.733963   -0.634    0.173  1
RGI60-04.01592     4.64980   66.568870  -64.496392   -0.727    0.149  1
RGI60-04.06687     4.64552   71.456781  -72.952489   -0.339    0.136  1
RGI60-04.02950     4.64383   69.857487  -69.200037   -0.361    0.170  1
RGI60-04.00681     4.63730   70.718332  -70.390108   -0.631    0.169  1
RGI60-04.02875     4.60525   69.754533  -69.375927   -0.426    0.197  1
RGI60-04.01208     4.60516   66.700907  -61.796622   -0.577    0.145  1
RGI60-04.02309     4.60179   67.712638  -66.780214   -0.526    0.146  1
RGI60-04.03327     4.60098   70.456771  -71.551003   -0.249    0.156  1
RGI60-04.05910     4.59637   69.117062  -69.823939   -0.609    0.151  1
RGI60-04.02311     4.59626   67.719759  -66.817359   -0.658    0.153  1
RGI60-04.00209     4.59561   64.073940  -65.560212   -0.645    0.133  1
RGI60-04.03888     4.58836   71.658112  -75.515311   -0.632    0.155  1
RGI60-04.00906     4.58217   66.674838  -62.512555   -0.970    0.171  1
RGI60-04.01351     4.58147   66.032603  -63.183833   -0.543    0.128  1
RGI60-04.06761     4.57988   71.706266  -74.232772   -0.738    0.175  1
RGI60-04.06172     4.57043   69.559288  -68.676358   -0.778    0.186  1
RGI60-04.01762     4.56551   66.624749  -64.670089   -0.873    0.193  1
RGI60-04.02098     4.54952   66.457014  -65.747848   -1.010    0.190  1
RGI60-04.03854     4.54614   71.655252  -75.125969   -0.410    0.145  1
RGI60-04.06517     4.54103   71.185305  -73.778749   -0.178    0.135  1
RGI60-04.05825     4.53783   68.746951  -69.765561   -0.880    0.181  1
RGI60-04.01847     4.53776   66.896829  -64.493031   -0.820    0.178  1
RGI60-04.02096     4.53610   66.443551  -65.656291   -0.729    0.176  1
RGI60-04.01517     4.53208   65.726294  -63.860013   -0.722    0.150  1
RGI60-04.06207     4.53187   72.150350  -77.982894   -0.558    0.136  1
RGI60-04.01343     4.52867   66.014305  -62.905320   -0.613    0.133  1
RGI60-04.04024     4.52558   71.942897  -75.318048   -0.477    0.154  1
RGI60-04.06553     4.52203   71.032369  -74.652475   -0.618    0.169  1
RGI60-04.06601     4.51878   71.207530  -73.939583   -0.384    0.134  1
RGI60-04.07143     4.51097   73.207880  -77.481606   -0.825    0.156  1
RGI60-04.05363     4.50701   66.991763  -66.551444   -0.661    0.143  1
RGI60-04.00003     4.50503   62.300594  -66.482052   -1.016    0.164  1
RGI60-04.07033     4.49696   73.514527  -80.558718   -0.610    0.146  1
RGI60-04.01105     4.49518   66.690412  -63.230059   -0.964    0.153  1
RGI60-04.02611     4.49388   67.747341  -67.443676   -0.670    0.173  1
RGI60-04.06221     4.48307   72.195014  -77.870479   -0.332    0.131  1
RGI60-04.05864     4.48092   69.126469  -68.515122   -0.556    0.160  1
RGI60-04.02376     4.48065   67.574381  -64.927824   -0.565    0.150  1
RGI60-04.02989     4.47524   69.774281  -69.993634   -0.658    0.161  1
RGI60-04.04456     4.46955   66.426174  -63.674297   -0.503    0.134  1
RGI60-04.04092     4.46203   71.978422  -76.019844   -0.592    0.149  1
RGI60-04.02657     4.45994   68.188170  -67.437689   -0.567    0.144  1
RGI60-04.06803     4.44802   71.651442  -74.325208   -0.311    0.151  1
RGI60-04.03960     4.43599   71.814621  -74.770490   -0.647    0.152  1
RGI60-04.01187     4.42056   66.738559  -62.234701   -0.781    0.148  1
RGI60-04.04275     4.41775   66.044337  -64.475278   -0.445    0.146  1
RGI60-04.03961     4.41746   71.772541  -75.488931   -0.466    0.158  1
RGI60-04.02410     4.41006   67.860767  -67.673638   -0.278    0.137  1
RGI60-04.00417     4.40814   70.363506  -70.327122   -0.736    0.159  1
RGI60-04.06703     4.40811   71.501140  -74.167254   -0.159    0.152  1
RGI60-04.06302     4.40624   71.399377  -78.788010   -0.460    0.159  1
RGI60-04.01848     4.40116   66.828259  -64.446556   -0.931    0.182  1
RGI60-04.04471     4.39481   66.546987  -63.723707   -0.778    0.157  1
RGI60-04.05371     4.39216   67.072287  -66.436131   -0.580    0.146  1
RGI60-04.03890     4.38757   71.636243  -75.546861   -0.491    0.148  1
RGI60-04.05981     4.37649   69.282937  -68.733672   -0.589    0.173  1
RGI60-04.03211     4.37258   70.862063  -71.330209   -0.554    0.162  1
RGI60-04.03637     4.37117   71.310550  -72.266520   -0.440    0.153  1
RGI60-04.01845     4.36980   66.790408  -64.533325   -0.926    0.209  1
RGI60-04.03294     4.35064   70.864165  -70.956669   -0.747    0.168  1
RGI60-04.02674     4.35001   68.177196  -67.070571   -0.545    0.159  1
RGI60-04.06804     4.34147   71.666990  -74.244895   -0.433    0.162  1
RGI60-04.03715     4.33716   71.498071  -72.433444   -0.678    0.143  1
RGI60-04.03052     4.33330   70.097578  -69.048126   -0.688    0.182  1
RGI60-04.04228     4.32668   66.591802  -63.713900   -0.512    0.142  1
RGI60-04.05987     4.32197   69.276672  -68.668875   -0.538    0.163  1
RGI60-04.02326     4.31856   67.717227  -66.421431   -0.530    0.155  1
RGI60-04.06315     4.30654   71.597403  -79.660049   -0.083    0.119  1
RGI60-04.03774     4.30425   71.553027  -72.268726   -0.862    0.150  1
RGI60-04.00987     4.28942   66.526419  -62.154781   -0.711    0.143  1
RGI60-04.02046     4.28004   66.392590  -64.838632   -1.084    0.181  1
RGI60-04.05382     4.27965   67.113833  -66.696503   -0.052    0.146  1
RGI60-04.00921     4.27491   66.636906  -63.297267   -0.689    0.153  1
RGI60-04.04481     4.25824   66.568736  -63.061629   -0.724    0.142  1
RGI60-04.03403     4.25723   71.005270  -71.634701   -0.051    0.190  1
RGI60-04.06009     4.25682   69.385743  -68.556293   -0.773    0.183  1
RGI60-04.00169     4.25103   62.593302  -66.811995   -0.740    0.154  1
RGI60-04.03366     4.24547   70.983905  -73.883903   -0.452    0.144  1
RGI60-04.04016     4.24517   71.753440  -75.526250   -0.617    0.159  1
RGI60-04.00418     4.23882   70.270449  -70.011433   -0.721    0.164  1
RGI60-04.06824     4.23513   71.702534  -73.992648   -0.667    0.173  1
RGI60-04.03959     4.21701   72.092269  -74.974498   -0.647    0.158  1
RGI60-04.03474     4.21015   70.884811  -73.530504   -0.703    0.145  1
RGI60-04.04949     4.19521   72.367536  -77.271245   -0.661    0.146  1
RGI60-04.01545     4.19347   65.824315  -63.625695   -0.699    0.139  1
RGI60-04.02991     4.19041   69.826738  -70.269227   -0.655    0.155  1
RGI60-04.03640     4.18835   71.292240  -72.764779   -0.564    0.144  1
RGI60-04.03212     4.18761   70.632283  -72.250705   -0.442    0.170  1
RGI60-04.04485     4.18519   65.852051  -64.144605   -0.536    0.133  1
RGI60-04.05675     4.16740   66.546085  -65.520609   -0.506    0.168  1
RGI60-04.06671     4.16390   71.383837  -73.897237   -0.301    0.135  1
RGI60-04.02178     4.16207   67.680770  -66.743223   -0.396    0.151  1
RGI60-04.04945     4.15503   72.188868  -76.778695   -0.313    0.149  1
RGI60-04.06534     4.14820   71.234606  -74.248465   -0.633    0.150  1
RGI60-04.05117     4.14774   73.280059  -82.764642   -0.390    0.156  1
RGI60-04.04946     4.14132   72.606816  -76.697938   -0.786    0.150  1
RGI60-04.03174     4.14068   70.653453  -71.197931   -0.224    0.163  1
RGI60-04.05319     4.13746   66.795518  -66.209194   -0.477    0.146  1
RGI60-04.05381     4.13745   67.116969  -66.656080   -0.387    0.148  1
RGI60-04.06847     4.13384   65.816782  -63.938488   -0.737    0.146  1
RGI60-04.01518     4.13012   65.706426  -63.935392   -0.774    0.157  1
RGI60-04.06010     4.11812   69.382974  -68.512144   -0.775    0.167  1
RGI60-04.07199     4.11477   72.928287  -77.917693   -0.652    0.148  1
RGI60-04.05789     4.10437   68.915543  -69.396233   -0.495    0.166  1
RGI60-04.04944     4.10049   72.141148  -75.896306   -0.329    0.142  1
RGI60-04.00366     4.09592   63.669104  -64.758756   -0.597    0.154  1
RGI60-04.01584     4.08912   66.552826  -65.889887   -0.775    0.178  1
RGI60-04.07236     4.08210   73.094990  -76.577522   -0.791    0.146  1
RGI60-04.05671     4.08087   67.489038  -66.253205   -0.539    0.144  1
RGI60-04.03962     4.07050   72.058447  -74.460770   -0.644    0.157  1
RGI60-04.02422     4.06894   67.766115  -67.375873   -0.770    0.170  1
RGI60-04.03841     4.06273   71.602903  -74.766562   -0.597    0.159  1
RGI60-04.02993     4.06250   69.742650  -70.175633   -0.611    0.161  1
RGI60-04.04810     4.05589   72.608676  -76.509418   -0.612    0.140  1
RGI60-04.06085     4.05377   68.865687  -69.677954   -0.085    0.162  1
RGI60-04.03049     4.05244   70.076074  -69.610306   -0.431    0.169  1
RGI60-04.04661     4.04826   66.234130  -63.880550   -0.383    0.130  1
RGI60-04.02412     4.04763   67.831767  -67.819256   -0.797    0.153  1
RGI60-04.03769     4.04691   71.551973  -72.358097   -0.718    0.150  1
RGI60-04.02719     4.04136   68.292284  -67.671397   -0.719    0.153  1
RGI60-04.04953     4.04034   72.274842  -75.264381   -0.785    0.150  1
RGI60-04.04755     4.03890   72.592172  -76.958623   -0.588    0.136  1
RGI60-04.01690     4.03070   66.253005  -64.958678   -0.818    0.171  1
RGI60-04.05183     4.02119   73.433990  -83.077396   -0.360    0.192  1
RGI60-04.06409     4.01809   73.812078  -85.722925   -0.523    0.176  1
RGI60-04.00545     4.01450   70.418338  -70.533193   -0.376    0.150  1
RGI60-04.01349     3.99213   65.989164  -63.089379   -0.662    0.142  1
RGI60-04.04465     3.98785   65.925838  -63.595123   -0.560    0.141  1
RGI60-04.05182     3.98771   73.498809  -83.156828   -0.462    0.184  1
RGI60-04.06542     3.97923   71.207328  -74.317273   -0.617    0.162  1
RGI60-04.05812     3.97424   68.946310  -69.326718   -0.503    0.187  1
RGI60-04.01688     3.97160   66.543906  -64.916513   -0.777    0.175  1
RGI60-04.03469     3.96944   71.160007  -72.845447   -0.778    0.155  1
RGI60-04.01685     3.96490   66.565405  -64.833050   -0.882    0.186  1
RGI60-04.03473     3.96452   71.127004  -72.640711   -0.716    0.159  1
RGI60-04.06584     3.95926   71.304955  -73.777580   -0.291    0.135  1
RGI60-04.05831     3.95854   69.015751  -69.318181   -0.749    0.160  1
RGI60-04.05269     3.95132   73.163642  -82.030066   -0.307    0.136  1
RGI60-04.06862     3.95002   66.019315  -63.981913   -0.446    0.133  1
RGI60-04.03685     3.94596   71.397438  -71.947321   -0.774    0.167  1
RGI60-04.03421     3.94588   71.081559  -72.228367   -0.309    0.150  1
RGI60-04.04951     3.93879   72.331139  -76.378188   -0.300    0.163  1
RGI60-04.05685     3.93604   67.404204  -65.165530   -0.384    0.149  1
RGI60-04.03027     3.93315   69.922436  -69.418474   -0.852    0.187  1
RGI60-04.03904     3.93024   71.478245  -75.921847   -0.257    0.129  1
RGI60-04.03696     3.92739   71.469801  -72.230981   -0.295    0.135  1
RGI60-04.07267     3.92170   73.220103  -79.561983   -0.702    0.137  1
RGI60-04.05838     3.91314   69.023538  -69.758375   -0.632    0.178  1
RGI60-04.01589     3.91219   66.572648  -65.751040   -0.808    0.176  1
RGI60-04.01694     3.91130   66.440709  -64.561330   -0.636    0.167  1
RGI60-04.03398     3.90900   71.006491  -71.901572   -0.624    0.167  1
RGI60-04.05667     3.90504   66.702597  -65.536108   -0.532    0.199  1
RGI60-04.00030     3.89927   62.339852  -66.731010   -0.567    0.190  1
RGI60-04.03639     3.89279   71.319157  -72.231802   -0.294    0.152  1
RGI60-04.04034     3.89119   71.936373  -76.129176   -0.074    0.146  1
RGI60-04.03695     3.88894   71.457166  -72.527890   -0.538    0.147  1
RGI60-04.00089     3.88877   63.881112  -65.841226   -0.744    0.150  1
RGI60-04.06090     3.88525   69.448902  -68.388271   -0.748    0.173  1
RGI60-04.02992     3.88327   69.799368  -69.970803   -0.724    0.173  1
RGI60-04.04151     3.88102   66.658803  -63.680121   -0.854    0.160  1
RGI60-04.03031     3.88069   69.846572  -69.860909   -0.579    0.168  1
RGI60-04.07037     3.87842   73.588359  -79.337914   -0.530    0.142  1
RGI60-04.03317     3.87333   70.334190  -72.295349   -0.552    0.167  1
RGI60-04.00424     3.87258   70.240462  -69.769848   -0.434    0.157  1
RGI60-04.05324     3.86803   66.769945  -65.992549   -0.771    0.164  1
RGI60-04.05224     3.85947   73.224142  -81.330077   -0.678    0.163  1
RGI60-04.02965     3.85640   69.957433  -69.666728   -0.536    0.167  1
RGI60-04.04976     3.85469   72.213518  -76.374773   -0.364    0.150  1
RGI60-04.02915     3.85089   69.662587  -68.845535   -0.827    0.193  1
RGI60-04.04158     3.84882   66.615566  -63.770922   -0.715    0.150  1
RGI60-04.02280     3.84453   67.707653  -66.291637   -0.494    0.159  1
RGI60-04.02354     3.84367   67.843590  -66.174462   -0.557    0.151  1
RGI60-04.04482     3.83743   66.125361  -63.172649   -0.795    0.142  1
RGI60-04.06220     3.81785   72.143181  -77.741720   -0.455    0.134  1
RGI60-04.03472     3.81716   71.063461  -72.869653   -0.574    0.146  1
RGI60-04.00527     3.81398   70.467034  -69.370757   -0.624    0.166  1
RGI60-04.01709     3.81088   66.454153  -64.968761   -0.111    0.156  1
RGI60-04.06575     3.80455   71.249052  -73.504700   -0.440    0.137  1
RGI60-04.05786     3.80075   68.905218  -69.424417   -0.655    0.168  1
RGI60-04.06011     3.79903   69.342789  -68.541860   -0.591    0.168  1
RGI60-04.04491     3.79218   66.355391  -63.152271   -0.756    0.168  1
RGI60-04.05531     3.78483   67.575507  -65.892580   -0.606    0.165  1
RGI60-04.06585     3.78458   71.188570  -74.124791   -0.697    0.147  1
RGI60-04.06560     3.76837   71.162609  -73.589721   -0.474    0.141  1
RGI60-04.02997     3.76229   69.980367  -69.498532   -0.572    0.175  1
RGI60-04.02927     3.75973   69.664112  -69.684814   -0.603    0.161  1
RGI60-04.00913     3.75688   66.660503  -62.569159   -0.947    0.160  1
RGI60-04.03076     3.75322   70.161636  -69.302916   -0.592    0.173  1
RGI60-04.03409     3.75226   70.868948  -71.948394   -0.529    0.158  1
RGI60-04.04474     3.74623   65.870624  -64.119978   -0.818    0.169  1
RGI60-04.03638     3.74280   71.304333  -72.352178   -0.705    0.159  1
RGI60-04.00565     3.73938   70.430165  -70.754086   -0.616    0.176  1
RGI60-04.03278     3.73565   70.704302  -72.231821   -0.525    0.184  1
RGI60-04.04488     3.73328   66.123818  -63.210207   -0.769    0.153  1
RGI60-04.00210     3.73022   64.081019  -65.468316   -0.574    0.138  1
RGI60-04.00708     3.72048   69.991633  -70.221530   -0.043    0.148  1
RGI60-04.04445     3.71627   65.968635  -63.973954   -0.799    0.163  1
RGI60-04.02564     3.71088   67.959137  -67.192188   -0.584    0.185  1
RGI60-04.02644     3.71084   67.909912  -67.413533   -0.669    0.194  1
RGI60-04.01056     3.70994   66.331128  -62.654652   -0.854    0.152  1
RGI60-04.03407     3.70788   70.997177  -71.421581   -0.301    0.156  1
RGI60-04.02769     3.70443   68.443163  -68.211173   -0.345    0.138  1
RGI60-04.02038     3.70285   66.395780  -64.758021   -0.829    0.183  1
RGI60-04.05676     3.70248   67.037745  -64.879194   -0.268    0.172  1
RGI60-04.03873     3.69828   71.650845  -75.055500   -0.651    0.157  1
RGI60-04.02171     3.69637   67.652960  -65.619252   -0.461    0.139  1
RGI60-04.05412     3.69311   67.250545  -64.825690   -0.539    0.174  1
RGI60-04.02622     3.68906   68.096982  -67.622965   -0.535    0.147  1
RGI60-04.03587     3.68731   71.286634  -71.860040   -0.421    0.153  1
RGI60-04.01705     3.68670   66.218150  -65.091460   -0.889    0.179  1
RGI60-04.04943     3.68543   72.487739  -77.109425   -0.519    0.133  1
RGI60-04.01686     3.68416   66.320630  -65.174680   -0.727    0.174  1
RGI60-04.05836     3.68178   68.982000  -69.381030   -0.677    0.173  1
RGI60-04.01127     3.67806   66.434136  -62.830608   -0.750    0.144  1
RGI60-04.04595     3.67627   66.501202  -63.819994   -0.352    0.139  1
RGI60-04.07151     3.67524   72.870511  -76.561854   -0.960    0.169  1
RGI60-04.06762     3.67090   71.683459  -74.243159   -0.620    0.172  1
RGI60-04.04502     3.66983   66.068203  -63.500619   -0.591    0.137  1
RGI60-04.02449     3.66426   68.072691  -67.143441   -0.541    0.174  1
RGI60-04.05135     3.66398   73.265818  -83.193577   -0.318    0.183  1
RGI60-04.03529     3.65892   70.995873  -73.250514   -0.371    0.136  1
RGI60-04.03881     3.65377   71.453412  -76.603393   -0.426    0.133  1
RGI60-04.06718     3.65303   71.548791  -73.765893   -0.362    0.138  1
RGI60-04.01512     3.64975   65.755238  -63.854875   -0.705    0.143  1
RGI60-04.01039     3.63898   66.499184  -62.077596   -0.782    0.156  1
RGI60-04.01804     3.63678   66.259941  -65.263906   -0.861    0.179  1
RGI60-04.03643     3.63604   71.352694  -72.202322   -0.490    0.198  1
RGI60-04.02688     3.63567   68.227840  -66.872471   -0.540    0.159  1
RGI60-04.01207     3.62934   66.695421  -61.850632   -0.543    0.153  1
RGI60-04.01695     3.62463   66.319089  -65.094482   -0.810    0.192  1
RGI60-04.00152     3.62319   64.089140  -65.304231   -0.659    0.144  1
RGI60-04.03033     3.62210   69.786305  -69.957669   -0.635    0.199  1
RGI60-04.05196     3.62207   73.571021  -82.383926   -0.439    0.189  1
RGI60-04.05696     3.61071   67.099663  -64.954350   -0.560    0.176  1
RGI60-04.01346     3.60904   66.017215  -62.950324   -0.738    0.137  1
RGI60-04.01687     3.60821   66.468891  -64.669951   -0.871    0.181  1
RGI60-04.05793     3.60062   68.924772  -69.738549   -0.530    0.179  1
RGI60-04.06150     3.60042   69.557263  -68.633341   -0.981    0.197  1
RGI60-04.04225     3.59928   66.036357  -64.652099   -0.549    0.146  1
RGI60-04.05277     3.58935   72.682713  -84.165910   -0.398    0.181  1
RGI60-04.04613     3.57923   66.237598  -62.953440   -1.127    0.163  1
RGI60-04.00726     3.57865   69.997953  -70.744507   -0.434    0.154  1
RGI60-04.05338     3.57447   66.836807  -66.141532   -0.806    0.167  1
RGI60-04.01514     3.56465   65.736007  -63.826358   -0.268    0.130  1
RGI60-04.06578     3.56431   71.163892  -73.522184   -0.484    0.143  1
RGI60-04.01413     3.55340   66.094912  -62.705582   -0.440    0.135  1
RGI60-04.03329     3.55195   70.335033  -71.585499   -0.497    0.178  1
RGI60-04.05911     3.55155   69.060546  -69.676986   -0.658    0.177  1
RGI60-04.04950     3.54776   72.073237  -77.016654   -0.636    0.154  1
RGI60-04.01699     3.54688   66.421301  -64.584121   -0.686    0.161  1
RGI60-04.00170     3.53320   62.559965  -66.678953   -0.962    0.208  1
RGI60-04.02966     3.52733   69.946615  -69.623484   -0.329    0.171  1
RGI60-04.04280     3.52579   66.052008  -64.522218   -0.388    0.156  1
RGI60-04.01523     3.52100   65.769352  -63.709831   -0.652    0.145  1
RGI60-04.05866     3.51639   69.100480  -68.643713   -0.236    0.156  1
RGI60-04.02698     3.51397   68.269922  -67.087112   -0.347    0.152  1
RGI60-04.03718     3.51300   71.440049  -72.445700   -0.506    0.151  1
RGI60-04.04119     3.50719   66.360166  -64.021607   -0.727    0.154  1
RGI60-04.06017     3.50661   69.325555  -68.420382   -0.738    0.168  1
RGI60-04.05537     3.49576   67.036579  -64.833832   -0.389    0.178  1
RGI60-04.05575     3.48722   67.473479  -65.846116   -0.667    0.148  1
RGI60-04.05332     3.48342   66.826856  -66.025907   -0.733    0.159  1
RGI60-04.00052     3.47836   63.685706  -65.253371   -0.833    0.170  1
RGI60-04.05603     3.47764   67.505710  -65.938023   -0.590    0.152  1
RGI60-04.03963     3.47590   71.816651  -75.572361   -0.221    0.151  1
RGI60-04.05775     3.47567   67.534756  -65.937716   -0.756    0.166  1
RGI60-04.00531     3.46976   70.471982  -71.025543   -0.461    0.199  1
RGI60-04.05691     3.46527   67.294336  -65.082471    0.035    0.171  1
RGI60-04.03078     3.46426   70.144414  -69.263913   -0.719    0.181  1
RGI60-04.04504     3.46027   66.511826  -63.484975   -0.420    0.137  1
RGI60-04.00032     3.45862   63.747110  -65.543458   -0.448    0.144  1
RGI60-04.03585     3.45312   70.768258  -72.906042   -0.544    0.173  1
RGI60-04.05947     3.45303   68.770654  -69.191184   -0.439    0.160  1
RGI60-04.01751     3.45148   66.401098  -65.283647   -1.091    0.210  1
RGI60-04.03022     3.44721   69.865863  -69.828738   -0.528    0.163  1
RGI60-04.02728     3.44396   68.317312  -68.165006   -0.587    0.145  1
RGI60-04.04281     3.44212   66.116417  -64.377483   -0.849    0.164  1
RGI60-04.02645     3.44050   67.915227  -67.445118   -0.599    0.183  1
RGI60-04.00775     3.43947   70.132682  -70.113738   -0.323    0.152  1
RGI60-04.04213     3.43797   65.970903  -64.310543   -0.257    0.153  1
RGI60-04.03689     3.43361   70.889544  -73.840403   -0.347    0.138  1
RGI60-04.05735     3.43243   66.924734  -65.869741   -0.236    0.145  1
RGI60-04.05826     3.43196   68.753881  -69.815462   -0.646    0.189  1
RGI60-04.03768     3.42735   71.549798  -72.415962   -0.693    0.151  1
RGI60-04.06094     3.41986   69.490567  -68.307216   -0.688    0.168  1
RGI60-04.04455     3.41022   66.410359  -63.645397   -0.475    0.137  1
RGI60-04.06661     3.40516   71.401407  -74.196609   -0.325    0.160  1
RGI60-04.04662     3.40302   66.199691  -64.066178   -0.790    0.159  1
RGI60-04.00907     3.39908   66.659060  -62.498256   -0.800    0.172  1
RGI60-04.05362     3.39646   67.011970  -66.555080   -0.496    0.147  1
RGI60-04.04217     3.39519   65.988070  -64.316797    0.084    0.144  1
RGI60-04.03188     3.39137   70.265840  -71.584569   -0.581    0.173  1
RGI60-04.02337     3.38324   67.547676  -64.826400   -0.672    0.171  1
RGI60-04.07038     3.37607   73.003633  -78.411573   -0.525    0.170  1
RGI60-04.04937     3.37583   72.503558  -77.050757   -0.595    0.136  1
RGI60-04.03302     3.37539   70.920080  -71.232354   -0.731    0.170  1
RGI60-04.00945     3.36995   66.652267  -63.235761   -0.975    0.170  1
RGI60-04.01374     3.36365   65.876768  -63.109132   -1.003    0.152  1
RGI60-04.06051     3.36222   68.813727  -69.909220   -0.751    0.207  1
RGI60-04.05534     3.36133   66.907447  -66.309857   -0.635    0.153  1
RGI60-04.04773     3.36081   71.806544  -77.058834   -0.361    0.138  1
RGI60-04.05867     3.35746   69.106394  -68.567041   -0.591    0.168  1
RGI60-04.00682     3.35735   70.715637  -70.539687   -0.768    0.180  1
RGI60-04.05547     3.34592   67.558297  -65.688109   -0.280    0.141  1
RGI60-04.02678     3.34206   68.225726  -67.598394   -0.577    0.152  1
RGI60-04.06763     3.33962   71.454807  -74.266650   -0.849    0.180  1
RGI60-04.00420     3.33516   70.255799  -69.676811   -0.482    0.162  1
RGI60-04.04015     3.33364   71.719314  -75.299999   -0.562    0.157  1
RGI60-04.05184     3.33216   73.456174  -83.290207   -0.179    0.177  1
RGI60-04.03476     3.32614   71.034735  -72.380236   -0.645    0.165  1
RGI60-04.02762     3.32415   68.438452  -68.841734   -0.526    0.156  1
RGI60-04.04952     3.32031   72.550291  -76.664147   -0.488    0.131  1
RGI60-04.00136     3.31585   63.928953  -64.979256   -0.633    0.150  1
RGI60-04.03405     3.30619   70.995987  -71.544936   -0.272    0.162  1
RGI60-04.02690     3.30042   68.219474  -67.024099   -0.584    0.168  1
RGI60-04.02639     3.29967   68.123775  -67.251977   -0.831    0.178  1
RGI60-04.01852     3.29597   66.854713  -64.299438   -0.475    0.158  1
RGI60-04.06652     3.29024   71.393302  -74.107400   -0.957    0.188  1
RGI60-04.01401     3.27324   66.117913  -62.555553   -0.764    0.152  1
RGI60-04.06414     3.27134   73.773825  -85.679093   -0.572    0.184  1
RGI60-04.02320     3.26849   67.767677  -66.587494   -0.487    0.149  1
RGI60-04.01106     3.26617   66.679285  -63.258059   -0.890    0.157  1
RGI60-04.06802     3.26450   71.678802  -74.173477   -0.376    0.165  1
RGI60-04.01057     3.26085   66.336746  -62.607152   -0.896    0.153  1
RGI60-04.00285     3.25699   64.392396  -65.612108   -0.802    0.150  1
RGI60-04.05983     3.25674   69.219751  -69.207473   -0.746    0.166  1
RGI60-04.06808     3.25648   71.537296  -74.257160    0.026    0.157  1
RGI60-04.07319     3.25601   72.275968  -75.391454   -0.337    0.143  1
RGI60-04.04954     3.25159   71.857846  -76.521559   -0.329    0.141  1
RGI60-04.03747     3.24465   71.400856  -72.886929   -0.617    0.150  1
RGI60-04.06136     3.23937   69.433869  -70.185048   -0.631    0.161  1
RGI60-04.03632     3.23576   70.797448  -72.751031   -0.359    0.173  1
RGI60-04.05888     3.23421   69.008344  -68.824969   -0.885    0.167  1
RGI60-04.04948     3.23259   72.505409  -77.110644   -0.655    0.154  1
RGI60-04.03792     3.22916   70.824570  -72.404710   -0.737    0.195  1
RGI60-04.02101     3.22361   66.452649  -65.559265   -0.626    0.195  1
RGI60-04.03080     3.21633   69.612684  -69.711298   -0.672    0.172  1
RGI60-04.01513     3.21496   65.641488  -63.958645   -0.658    0.139  1
RGI60-04.02673     3.21444   68.205082  -66.882572   -0.511    0.163  1
RGI60-04.04656     3.21393   66.295818  -63.859514   -0.687    0.159  1
RGI60-04.02795     3.20630   68.466942  -67.999350   -0.725    0.168  1
RGI60-04.02878     3.20601   69.624893  -68.930881   -0.488    0.178  1
RGI60-04.06609     3.20523   71.093247  -75.428619   -0.411    0.159  1
RGI60-04.05820     3.20172   68.951549  -68.457651   -0.651    0.167  1
RGI60-04.05815     3.20143   68.957672  -69.328196   -0.158    0.204  1
RGI60-04.00564     3.19702   70.292578  -70.721796   -0.429    0.162  1
RGI60-04.01823     3.19521   66.735514  -64.632415   -0.835    0.188  1
RGI60-04.01650     3.19292   66.256252  -65.214885   -0.861    0.181  1
RGI60-04.00268     3.18955   64.388225  -65.893007   -0.681    0.151  1
RGI60-04.03701     3.18790   71.467162  -72.342540   -0.499    0.144  1
RGI60-04.06264     3.18622   71.532292  -77.298319   -0.425    0.147  1
RGI60-04.00415     3.17225   70.250469  -69.900854   -0.621    0.166  1
RGI60-04.02339     3.17221   67.692109  -65.650043   -0.446    0.146  1
RGI60-04.06586     3.16851   71.183247  -74.150636   -0.382    0.139  1
RGI60-04.03128     3.16694   70.739208  -70.916627   -0.730    0.181  1
RGI60-04.03574     3.15765   71.135122  -71.817633   -0.359    0.158  1
RGI60-04.00758     3.15669   70.128547  -70.973293   -0.654    0.159  1
RGI60-04.04276     3.14844   66.053399  -64.437275   -0.654    0.160  1
RGI60-04.02400     3.14739   67.602840  -65.461315   -0.425    0.159  1
RGI60-04.01500     3.14452   65.707841  -62.981363   -0.985    0.177  1
RGI60-04.06053     3.13860   68.845982  -69.803797   -0.302    0.193  1
RGI60-04.03793     3.13496   70.764241  -72.508742   -0.835    0.188  1
RGI60-04.02217     3.13251   67.451251  -64.875065   -0.168    0.166  1
RGI60-04.05737     3.11986   66.887719  -66.326552   -0.362    0.151  1
RGI60-04.00709     3.11757   69.993348  -70.318255   -0.483    0.159  1
RGI60-04.02112     3.11562   66.479027  -64.825900   -1.011    0.427  1
RGI60-04.05913     3.11022   69.157725  -69.230301   -0.414    0.152  1
RGI60-04.02733     3.10997   68.370600  -68.096381   -0.459    0.149  1
RGI60-04.01301     3.10670   66.841024  -62.252479   -0.767    0.172  1
RGI60-04.01585     3.10438   66.581778  -65.786778   -0.779    0.177  1
RGI60-04.02676     3.09747   68.203266  -67.085440   -0.690    0.169  1
RGI60-04.02823     3.09695   67.846004  -66.754165   -0.456    0.175  1
RGI60-04.05216     3.09010   73.176190  -82.161044   -0.298    0.157  1
RGI60-04.06725     3.08631   71.598610  -72.969151   -0.601    0.153  1
RGI60-04.01060     3.08532   66.354913  -62.698245   -1.000    0.161  1
RGI60-04.02996     3.08420   69.976099  -69.299916   -1.009    0.210  1
RGI60-04.05330     3.08212   66.841920  -66.004146   -0.500    0.157  1
RGI60-04.03396     3.07978   70.887579  -71.908135   -0.333    0.159  1
RGI60-04.01181     3.07970   66.715240  -62.257034   -0.683    0.153  1
RGI60-04.00421     3.07206   70.123614  -70.436746   -0.441    0.162  1
RGI60-04.06092     3.07023   69.441249  -68.360845   -0.975    0.188  1
RGI60-04.04785     3.06188   72.093132  -77.530763   -0.689    0.150  1
RGI60-04.03671     3.05752   71.318005  -72.053435   -0.260    0.157  1
RGI60-04.02355     3.04659   67.857087  -66.291773   -0.531    0.166  1
RGI60-04.05900     3.04370   68.626784  -69.044539   -0.789    0.178  1
RGI60-04.00378     3.03953   70.522946  -70.264656   -0.688    0.172  1
RGI60-04.00265     3.03374   64.369261  -65.878002   -0.319    0.141  1
RGI60-04.05807     3.02946   68.941375  -68.850801   -0.731    0.165  1
RGI60-04.05207     3.02546   73.524177  -82.279317   -0.445    0.152  1
RGI60-04.05832     3.02367   68.979256  -69.453742   -0.521    0.158  1
RGI60-04.03746     3.02264   71.385324  -72.871002   -0.540    0.149  1
RGI60-04.00776     3.02231   70.120932  -70.148546   -0.375    0.161  1
RGI60-04.05988     3.01769   69.246908  -68.805553   -0.420    0.172  1
RGI60-04.06676     3.01423   71.393419  -74.877653   -0.588    0.167  1
RGI60-04.03026     3.00869   69.966381  -69.339592   -0.896    0.203  1
RGI60-04.02302     3.00721   67.778904  -65.838328   -0.428    0.150  1
RGI60-04.03964     3.00484   71.722957  -75.224476   -0.539    0.156  1
RGI60-04.03925     3.00340   71.879699  -75.490674   -0.339    0.158  1
RGI60-04.04721     2.99553   72.710561  -76.829767   -0.767    0.160  1
RGI60-04.01091     2.99454   66.695308  -62.502185   -0.947    0.187  1
RGI60-04.04967     2.99342   72.550131  -76.476289   -0.758    0.169  1
RGI60-04.02116     2.99278   66.516854  -64.849457   -0.709    0.180  1
RGI60-04.04589     2.99224   66.282282  -63.612625   -0.834    0.158  1
RGI60-04.04489     2.98867   66.077929  -63.676476   -0.716    0.154  1
RGI60-04.03404     2.97952   71.000507  -71.584366   -0.042    0.159  1
RGI60-04.06050     2.97123   68.801716  -69.820574   -0.614    0.206  1
RGI60-04.01375     2.96936   65.863044  -63.237323   -0.218    0.129  1
RGI60-04.03478     2.96856   70.959962  -72.358135   -0.419    0.163  1
RGI60-04.03488     2.96359   70.814238  -73.176324   -0.531    0.149  1
RGI60-04.05865     2.96022   69.097167  -68.737589   -0.812    0.173  1
RGI60-04.06111     2.96014   69.381486  -69.959106   -0.514    0.161  1
RGI60-04.00297     2.95828   64.439072  -65.202840   -0.531    0.139  1
RGI60-04.00721     2.95670   70.005611  -70.687842   -0.159    0.153  1
RGI60-04.04794     2.95496   72.590724  -76.240500   -0.716    0.163  1
RGI60-04.05535     2.95456   67.555929  -65.607064   -0.780    0.155  1
RGI60-04.00616     2.95365   70.554743  -70.155472   -0.677    0.169  1
RGI60-04.06825     2.95259   71.661953  -73.878261   -0.643    0.174  1
RGI60-04.07118     2.95210   73.345249  -78.433060   -0.503    0.161  1
RGI60-04.04795     2.95162   72.580965  -76.201327   -0.661    0.157  1
RGI60-04.04022     2.94914   71.829827  -75.402960   -0.476    0.158  1
RGI60-04.01698     2.94777   66.303284  -65.048581   -0.866    0.210  1
RGI60-04.05937     2.94406   69.152734  -68.852608   -0.396    0.164  1
RGI60-04.02099     2.94298   66.396788  -65.765007   -0.895    0.192  1
RGI60-04.03475     2.94135   71.116947  -73.108796   -0.623    0.148  1
RGI60-04.03840     2.93939   71.589555  -74.880260   -0.617    0.171  1
RGI60-04.01928     2.93724   66.906753  -64.265824   -0.419    0.156  1
RGI60-04.06666     2.93593   71.346394  -73.898657   -0.572    0.147  1
RGI60-04.02912     2.93508   69.812323  -68.679601   -0.671    0.203  1
RGI60-04.03877     2.92383   71.658012  -75.347008   -0.803    0.166  1
RGI60-04.02730     2.92019   68.337881  -68.059546   -0.511    0.152  1
RGI60-04.01055     2.91998   66.357890  -62.629803   -0.863    0.157  1
RGI60-04.01546     2.91459   65.801145  -63.604127   -0.661    0.143  1
RGI60-04.04094     2.91225   72.058764  -75.881295   -0.221    0.143  1
RGI60-04.06049     2.91199   68.842783  -69.977873   -0.423    0.195  1
RGI60-04.00947     2.91168   66.645325  -63.261692   -0.763    0.157  1
RGI60-04.04277     2.90935   66.090898  -64.404658   -0.856    0.175  1
RGI60-04.06872     2.90900   72.917087  -76.340562   -0.623    0.155  1
RGI60-04.04247     2.90313   66.078982  -64.258226   -0.391    0.147  1
RGI60-04.02935     2.89818   69.729517  -69.385649   -0.657    0.182  1
RGI60-04.00778     2.89349   70.155330  -70.080109   -0.346    0.157  1
RGI60-04.03777     2.89046   70.739066  -72.554092   -0.545    0.182  1
RGI60-04.03216     2.88708   70.763267  -72.148347   -0.617    0.185  1
RGI60-04.02775     2.88701   68.447941  -68.257064   -0.564    0.151  1
RGI60-04.04812     2.88700   72.582229  -76.420172   -0.617    0.160  1
RGI60-04.05151     2.88627   73.510983  -81.968775   -0.448    0.152  1
RGI60-04.00051     2.88576   63.674849  -65.277610   -0.659    0.159  1
RGI60-04.01775     2.88518   66.444035  -64.410010   -0.366    0.144  1
RGI60-04.00494     2.88303   70.411556  -70.113673   -0.268    0.165  1
RGI60-04.06313     2.87955   71.709094  -77.097070   -0.127    0.143  1
RGI60-04.04712     2.87771   72.715190  -77.353902   -0.541    0.139  1
RGI60-04.00870     2.87750   66.974740  -62.129792   -0.417    0.147  1
RGI60-04.01040     2.87748   66.518589  -62.085567   -0.409    0.143  1
RGI60-04.05539     2.87426   66.708140  -65.598851   -0.579    0.175  1
RGI60-04.00752     2.86954   70.048003  -70.554231   -0.545    0.156  1
RGI60-04.05136     2.86950   73.301854  -83.275902   -0.366    0.183  1
RGI60-04.02877     2.86781   69.616713  -69.011458   -0.632    0.195  1
RGI60-04.07053     2.86566   73.182801  -77.166228   -0.618    0.141  1
RGI60-04.00280     2.86456   63.971698  -64.818481   -0.979    0.173  1
RGI60-04.05401     2.86286   67.174811  -64.698985   -0.369    0.181  1
RGI60-04.07002     2.86118   72.978751  -78.583634   -0.533    0.183  1
RGI60-04.02799     2.85669   68.492550  -67.677787   -0.384    0.147  1
RGI60-04.04782     2.85502   72.208535  -74.849563   -0.860    0.172  1
RGI60-04.05536     2.85002   67.249649  -64.955632   -0.293    0.177  1
RGI60-04.02507     2.84981   67.972905  -68.003435   -0.375    0.144  1
RGI60-04.06707     2.84706   71.544541  -73.152095   -0.324    0.150  1
RGI60-04.00909     2.84499   66.714398  -62.565172   -0.956    0.196  1
RGI60-04.04035     2.84291   72.046410  -75.934272   -0.257    0.139  1
RGI60-04.04497     2.84229   66.168936  -63.801216   -0.379    0.133  1
RGI60-04.04512     2.84056   66.197331  -63.140517   -0.734    0.161  1
RGI60-04.05868     2.83556   69.008634  -68.667358   -0.529    0.162  1
RGI60-04.06734     2.82837   71.153550  -74.392707   -0.022    0.151  1
RGI60-04.02994     2.82733   69.904212  -69.420081   -0.642    0.197  1
RGI60-04.01527     2.82172   65.765662  -63.303334   -0.590    0.143  1
RGI60-04.05566     2.81872   67.522049  -65.956608   -0.720    0.161  1
RGI60-04.05530     2.81680   66.822945  -64.763130   -0.894    0.196  1
RGI60-04.04540     2.81530   66.446574  -63.344797   -0.562    0.141  1
RGI60-04.02522     2.81425   67.940726  -66.887243   -0.682    0.193  1
RGI60-04.04426     2.81031   66.118985  -63.970178   -0.488    0.142  1
RGI60-04.00255     2.80958   64.329791  -65.268328   -0.570    0.144  1
RGI60-04.03129     2.80791   70.628623  -71.191811   -0.468    0.174  1
RGI60-04.06869     2.80529   73.523406  -77.775378   -0.673    0.182  1
RGI60-04.01093     2.80522   66.669369  -62.055603   -0.626    0.152  1
RGI60-04.05541     2.80493   67.557762  -65.639428   -0.496    0.146  1
RGI60-04.05034     2.80189   72.502853  -76.959284   -0.454    0.134  1
RGI60-04.04152     2.79950   66.637816  -63.677034   -0.807    0.162  1
RGI60-04.03641     2.79821   71.271268  -72.569845   -0.790    0.157  1
RGI60-04.05915     2.79816   69.164550  -69.268432    0.366    0.156  1
RGI60-04.00086     2.79069   63.876316  -65.674477   -0.747    0.181  1
RGI60-04.06764     2.79064   71.468181  -74.211695   -0.572    0.171  1
RGI60-04.05985     2.78932   69.312936  -68.896524   -0.374    0.181  1
RGI60-04.01818     2.78436   66.705109  -64.714888   -0.729    0.208  1
RGI60-04.02047     2.78377   66.398295  -64.809156   -0.854    0.181  1
RGI60-04.00387     2.78365   70.410017  -69.891554   -0.634    0.184  1
RGI60-04.00597     2.78341   70.359256  -71.124645   -0.534    0.167  1
RGI60-04.02777     2.78282   68.064463  -66.739605   -0.727    0.177  1
RGI60-04.02048     2.77983   66.394786  -64.875245   -0.789    0.178  1
RGI60-04.04495     2.77021   66.366513  -63.009769   -0.536    0.139  1
RGI60-04.01047     2.76787   66.473976  -62.667916   -1.212    0.173  1
RGI60-04.02956     2.76107   69.863531  -69.159619   -0.368    0.180  1
RGI60-04.06522     2.75607   71.206420  -73.730321   -0.417    0.146  1
RGI60-04.02770     2.75594   68.459165  -68.199199   -0.303    0.144  1
RGI60-04.04105     2.75021   71.522716  -75.266393   -0.815    0.170  1
RGI60-04.02669     2.74825   68.173246  -67.159718   -0.972    0.200  1
RGI60-04.02042     2.74636   66.380339  -64.939539   -0.746    0.187  1
RGI60-04.01684     2.73999   66.486844  -64.350847   -0.569    0.153  1
RGI60-04.03286     2.73522   70.406382  -71.840474   -0.407    0.175  1
RGI60-04.02604     2.73508   68.035931  -66.770014   -0.726    0.173  1
RGI60-04.03267     2.73485   70.509172  -71.802002   -0.514    0.182  1
RGI60-04.00480     2.73474   70.275557  -70.530611   -0.418    0.195  1
RGI60-04.05206     2.73041   73.561981  -82.245592   -0.543    0.166  1
RGI60-04.07039     2.72766   72.963619  -77.738034   -0.615    0.158  1
RGI60-04.03675     2.72645   71.301196  -72.814294   -0.335    0.144  1
RGI60-04.02969     2.72622   69.964923  -69.710612   -0.339    0.166  1
RGI60-04.03703     2.72358   71.435349  -72.269220   -0.496    0.146  1
RGI60-04.03045     2.71877   70.079816  -69.572041   -0.573    0.183  1
RGI60-04.00918     2.71286   66.579694  -61.920723   -0.868    0.164  1
RGI60-04.02281     2.70292   67.695580  -66.254821   -0.750    0.160  1
RGI60-04.05506     2.70009   67.238169  -66.731502   -0.872    0.169  1
RGI60-04.06173     2.69732   69.574191  -68.618854   -0.810    0.192  1
RGI60-04.00516     2.69368   70.447234  -70.542930   -0.584    0.164  1
RGI60-04.02323     2.69290   67.726900  -66.485888   -0.418    0.160  1
RGI60-04.04529     2.69057   66.426260  -63.143267   -0.693    0.152  1
RGI60-04.03480     2.68914   70.852052  -72.760750   -0.397    0.180  1
RGI60-04.04256     2.68624   66.125287  -64.211662   -0.022    0.143  1
RGI60-04.05445     2.68396   67.509422  -65.549233   -0.557    0.184  1
RGI60-04.04706     2.68378   72.719095  -77.277974   -0.663    0.147  1
RGI60-04.00042     2.68107   64.012196  -65.467231   -0.547    0.140  1
RGI60-04.04906     2.68022   72.051196  -76.171154   -0.020    0.154  1
RGI60-04.01571     2.67903   67.011369  -64.053498   -0.724    0.154  1
RGI60-04.02998     2.67714   69.880959  -69.719429   -0.603    0.178  1
RGI60-04.01803     2.67688   66.238581  -65.153975   -1.182    0.205  1
RGI60-04.05540     2.67217   67.029713  -64.944005   -0.544    0.183  1
RGI60-04.04959     2.67128   72.170761  -75.292234   -0.399    0.156  1
RGI60-04.06406     2.66653   73.795188  -85.712131   -0.480    0.179  1
RGI60-04.07055     2.66428   72.996978  -78.866417   -0.509    0.175  1
RGI60-04.02859     2.65675   69.795519  -69.278319   -0.490    0.189  1
RGI60-04.01717     2.65096   66.573563  -65.232604   -0.863    0.256  1
RGI60-04.01832     2.65035   66.897059  -64.565547   -0.606    0.177  1
RGI60-04.04171     2.64991   66.675473  -63.587133   -0.455    0.148  1
RGI60-04.00279     2.64943   63.962353  -64.805934   -0.482    0.146  1
RGI60-04.00427     2.64293   70.187589  -70.587454   -0.572    0.162  1
RGI60-04.00667     2.64074   70.676082  -70.660766   -0.660    0.177  1
RGI60-04.02159     2.63814   67.634747  -65.485885   -0.653    0.154  1
RGI60-04.03436     2.63743   71.184795  -71.632368   -0.378    0.175  1
RGI60-04.06653     2.63690   71.413368  -74.124706   -0.268    0.165  1
RGI60-04.05460     2.63658   66.727095  -65.995081   -0.807    0.174  1
RGI60-04.00199     2.63492   64.190198  -65.498569   -0.676    0.147  1
RGI60-04.01209     2.63427   66.727904  -61.994063   -0.695    0.157  1
RGI60-04.03328     2.63289   70.376935  -71.358434   -0.654    0.176  1
RGI60-04.06261     2.63228   71.504593  -77.394034   -0.272    0.147  1
RGI60-04.01216     2.62882   66.700465  -61.920290   -0.823    0.164  1
RGI60-04.04960     2.62029   72.050304  -77.584578   -0.825    0.178  1
RGI60-04.05792     2.61976   68.927493  -68.932987   -0.732    0.162  1
RGI60-04.01272     2.61717   66.831071  -62.608437   -0.704    0.165  1
RGI60-04.02439     2.61498   67.903991  -66.769936   -0.450    0.173  1
RGI60-04.05542     2.61367   67.488780  -65.907324   -0.600    0.157  1
RGI60-04.01352     2.61152   65.868770  -63.261549   -0.756    0.151  1
RGI60-04.01713     2.60850   66.272571  -64.964019   -1.013    0.189  1
RGI60-04.01710     2.60800   66.457671  -64.448710   -0.542    0.156  1
RGI60-04.00743     2.60595   70.073936  -70.678666   -0.493    0.160  1
RGI60-04.00720     2.60536   70.020619  -70.723514   -0.743    0.170  1
RGI60-04.02963     2.60472   69.595857  -69.838818   -0.202    0.154  1
RGI60-04.04985     2.60220   72.393388  -76.288507   -0.539    0.157  1
RGI60-04.00390     2.60007   70.399275  -69.868900   -0.480    0.171  1
RGI60-04.01296     2.59693   66.845138  -62.167842   -0.707    0.155  1
RGI60-04.05948     2.59676   68.778479  -69.225053   -0.577    0.175  1
RGI60-04.01139     2.59542   66.749145  -62.473895   -0.654    0.160  1
RGI60-04.04178     2.59245   66.738271  -63.732807   -0.384    0.145  1
RGI60-04.01792     2.58818   66.345082  -65.154041   -0.627    0.218  1
RGI60-04.06848     2.58674   65.834151  -63.964586   -0.324    0.132  1
RGI60-04.01576     2.58673   66.542789  -64.341712   -0.788    0.162  1
RGI60-04.00270     2.58451   64.388782  -65.933512   -0.530    0.147  1
RGI60-04.06749     2.58304   71.570136  -74.131543   -0.219    0.162  1
RGI60-04.00980     2.58242   66.617466  -62.355018   -0.876    0.180  1
RGI60-04.00910     2.57928   66.710271  -62.503322   -0.865    0.181  1
RGI60-04.00055     2.57534   63.699374  -65.222336   -1.099    0.182  1
RGI60-04.01693     2.57467   66.681822  -64.869663   -0.620    0.210  1
RGI60-04.02694     2.57398   68.236327  -66.972309   -0.755    0.177  1
RGI60-04.01741     2.57096   66.436435  -64.622002   -0.758    0.162  1
RGI60-04.02879     2.57071   69.764272  -68.879284   -0.395    0.188  1
RGI60-04.01714     2.56672   66.453225  -64.940910   -0.327    0.165  1
RGI60-04.03056     2.56547   70.063471  -69.074905   -0.572    0.178  1
RGI60-04.06146     2.56534   69.529064  -68.448468   -1.281    0.220  1
RGI60-04.05538     2.56511   67.111139  -64.924069   -0.439    0.181  1
RGI60-04.00422     2.56509   70.344285  -70.365565   -0.333    0.170  1
RGI60-04.01609     2.56192   66.640185  -64.602957   -0.504    0.229  1
RGI60-04.04496     2.56092   66.242984  -63.176490   -1.003    0.178  1
RGI60-04.02169     2.56042   67.627347  -65.679317   -0.514    0.153  1
RGI60-04.04342     2.56016   65.800763  -64.014077   -0.495    0.136  1
RGI60-04.06460     2.56007   73.714618  -85.017244   -0.514    0.176  1
RGI60-04.05361     2.55976   66.997068  -66.399035    0.823    0.161  1
RGI60-04.03215     2.55804   70.815971  -71.745525   -0.285    0.171  1
RGI60-04.00339     2.54842   63.633547  -64.691358   -0.888    0.172  1
RGI60-04.01350     2.54504   65.847410  -63.260037   -0.742    0.156  1
RGI60-04.06139     2.54292   69.515982  -69.649784   -0.692    0.171  1
RGI60-04.04153     2.54100   66.661088  -63.643344   -0.407    0.146  1
RGI60-04.03217     2.54068   70.861576  -71.536319   -0.109    0.160  1
RGI60-04.06079     2.54056   68.678856  -68.392055   -0.290    0.151  1
RGI60-04.02368     2.54017   67.401633  -64.532603   -0.129    0.176  1
RGI60-04.02640     2.54013   68.117934  -67.490804   -0.381    0.152  1
RGI60-04.01021     2.53684   66.596848  -62.674181   -0.663    0.164  1
RGI60-04.05200     2.53654   73.533274  -82.326545   -0.381    0.150  1
RGI60-04.02319     2.53526   67.741794  -66.584360   -0.671    0.167  1
RGI60-04.01623     2.53366   66.165685  -65.010963   -0.750    0.177  1
RGI60-04.02681     2.53256   68.228763  -67.622234   -1.129    0.199  1
RGI60-04.02199     2.52937   67.678088  -65.708771   -0.404    0.156  1
RGI60-04.04580     2.52684   65.890271  -64.088510   -0.675    0.158  1
RGI60-04.04498     2.52530   66.463735  -63.756031   -0.557    0.156  1
RGI60-04.05726     2.52399   66.789549  -65.668593   -0.788    0.187  1
RGI60-04.05703     2.52229   66.752852  -64.931685   -0.525    0.179  1
RGI60-04.06843     2.52103   63.783165  -65.463958   -0.247    0.145  1
RGI60-04.00714     2.51666   70.498630  -71.040328   -0.407    0.176  1
RGI60-04.03282     2.51583   70.781706  -71.887001   -0.428    0.167  1
RGI60-04.04719     2.51391   72.678584  -77.229812   -0.486    0.136  1
RGI60-04.05265     2.51140   73.267034  -81.762992   -0.453    0.158  1
RGI60-04.03917     2.50467   71.898552  -75.497272   -0.328    0.161  1
RGI60-04.00666     2.50378   70.678135  -70.553277   -0.996    0.190  1
RGI60-04.03924     2.49969   71.864300  -75.551427   -0.299    0.157  1
RGI60-04.02021     2.49847   66.377335  -64.742499   -0.402    0.151  1
RGI60-04.05358     2.49485   66.966711  -66.409935   -0.635    0.153  1
RGI60-04.06768     2.49316   71.548078  -74.249846   -0.159    0.162  1
RGI60-04.02880     2.49312   69.756965  -69.737259   -0.595    0.173  1
RGI60-04.07160     2.49241   73.270311  -79.802972   -0.543    0.138  1
RGI60-04.00047     2.49207   63.685311  -65.300663   -0.654    0.160  1
RGI60-04.00329     2.49183   63.617300  -64.678094   -0.836    0.175  1
RGI60-04.02968     2.49092   69.954887  -69.636976   -0.408    0.173  1
RGI60-04.04501     2.48986   66.121099  -63.692029   -0.771    0.159  1
RGI60-04.03055     2.48747   70.095296  -68.991402   -0.836    0.201  1
RGI60-04.06063     2.48703   69.437236  -68.301289   -0.683    0.169  1
RGI60-04.02244     2.48660   67.728800  -65.854225   -0.270    0.166  1
RGI60-04.02888     2.47853   69.586121  -69.385468   -0.641    0.177  1
RGI60-04.01316     2.47668   65.877424  -63.361622   -0.577    0.148  1
RGI60-04.00994     2.47649   66.417701  -62.805124   -1.018    0.168  1
RGI60-04.02558     2.47340   67.992711  -67.197564   -0.756    0.187  1
RGI60-04.01559     2.46995   65.833871  -62.993156   -0.454    0.138  1
RGI60-04.06866     2.46948   73.509859  -78.031557   -0.751    0.172  1
RGI60-04.06105     2.46706   69.402010  -68.995985   -0.357    0.199  1
RGI60-04.02577     2.45767   68.011811  -66.780747   -0.651    0.174  1
RGI60-04.01734     2.45713   66.243815  -65.242252   -0.711    0.175  1
RGI60-04.06683     2.45629   71.460816  -73.730466   -0.148    0.144  1
RGI60-04.04784     2.45531   72.102150  -77.498182   -0.611    0.150  1
RGI60-04.01317     2.45476   65.886347  -63.407856   -0.306    0.134  1
RGI60-04.05823     2.45462   68.962779  -68.407437   -0.382    0.163  1
RGI60-04.03400     2.45421   71.019398  -71.702074   -0.356    0.174  1
RGI60-04.02853     2.45113   69.799432  -69.639842   -0.301    0.159  1
RGI60-04.02608     2.44950   68.042744  -66.866653   -0.512    0.174  1
RGI60-04.01924     2.44752   66.942949  -63.970685   -0.615    0.157  1
RGI60-04.07192     2.44272   72.931832  -77.981800   -0.771    0.178  1
RGI60-04.07149     2.44116   73.039935  -76.743795   -0.759    0.155  1
RGI60-04.06082     2.44087   68.692361  -68.361716   -0.660    0.166  1
RGI60-04.05394     2.44030   67.112983  -64.775277   -0.644    0.182  1
RGI60-04.05532     2.43996   67.525985  -66.389560   -0.476    0.163  1
RGI60-04.05780     2.43936   68.880813  -69.814907   -0.288    0.196  1
RGI60-04.02454     2.43252   67.906182  -66.579095   -0.544    0.160  1
RGI60-04.07056     2.43194   73.344498  -77.504337   -1.074    0.184  1
RGI60-04.04586     2.43014   66.054116  -64.022146   -0.491    0.154  1
RGI60-04.05693     2.42334   67.269020  -64.918321   -0.480    0.184  1
RGI60-04.01555     2.41910   65.788745  -63.569487   -0.794    0.158  1
RGI60-04.04848     2.41711   72.424610  -76.224133   -0.613    0.162  1
RGI60-04.02786     2.41637   68.448628  -68.042476   -0.673    0.164  1
RGI60-04.03911     2.41449   71.478967  -75.232525   -0.578    0.162  1
RGI60-04.04215     2.41367   65.939759  -64.303640   -0.110    0.145  1
RGI60-04.00005     2.41357   62.171274  -66.338928   -0.247    0.163  1
RGI60-04.04963     2.41315   72.391420  -75.453194   -0.729    0.158  1
RGI60-04.01601     2.41172   66.604101  -64.471096   -0.788    0.195  1
RGI60-04.01712     2.41070   66.685579  -64.814359   -0.748    0.185  1
RGI60-04.03965     2.41008   71.941913  -74.697428   -0.340    0.154  1
RGI60-04.03103     2.41006   70.229507  -71.497153   -0.505    0.180  1
RGI60-04.01850     2.40658   66.802059  -64.599965   -0.651    0.190  1
RGI60-04.04244     2.40571   66.099131  -64.228167   -0.605    0.163  1
RGI60-04.00489     2.40416   70.417167  -70.157329   -0.380    0.170  1
RGI60-04.02788     2.40330   68.436758  -67.992230   -0.482    0.152  1
RGI60-04.05698     2.39888   67.044598  -65.103312   -0.657    0.185  1
RGI60-04.05016     2.39563   72.108527  -77.288196   -0.611    0.162  1
RGI60-04.03113     2.39450   70.704774  -71.423705   -0.339    0.170  1
RGI60-04.05397     2.39159   67.170212  -64.789012   -0.422    0.178  1
RGI60-04.05334     2.39101   66.818054  -66.187437   -0.611    0.163  1
RGI60-04.03484     2.39044   70.949519  -72.378408   -0.214    0.164  1
RGI60-04.05452     2.38847   66.661307  -65.207316   -0.622    0.207  1
RGI60-04.00289     2.38747   64.427775  -65.954610   -0.264    0.149  1
RGI60-04.01906     2.38333   66.929612  -63.972915   -0.478    0.152  1
RGI60-04.06891     2.38261   73.605432  -79.476554   -0.593    0.151  1
RGI60-04.05438     2.38259   67.495495  -65.476386   -0.724    0.187  1
RGI60-04.01618     2.37600   66.167884  -64.975391   -0.996    0.218  1
RGI60-04.05388     2.37483   67.122002  -64.795019   -0.866    0.189  1
RGI60-04.02787     2.37456   68.432770  -68.028752   -0.575    0.158  1
RGI60-04.03751     2.37147   71.494526  -72.347856   -0.660    0.156  1
RGI60-04.01646     2.37100   66.427599  -64.545343   -0.771    0.169  1
RGI60-04.04722     2.37043   72.737853  -77.103689   -0.613    0.141  1
RGI60-04.00006     2.36699   62.319787  -66.632813   -0.791    0.166  1
RGI60-04.05143     2.36586   73.502841  -81.812739   -0.532    0.157  1
RGI60-04.03479     2.36319   70.978818  -72.712016   -0.308    0.172  1
RGI60-04.02100     2.36313   66.468174  -65.569770   -0.930    0.191  1
RGI60-04.01720     2.36271   66.479235  -64.960497   -0.648    0.196  1
RGI60-04.06630     2.36220   71.369914  -75.146180   -0.592    0.167  1
RGI60-04.01386     2.34873   66.085331  -63.036010   -0.586    0.139  1
RGI60-04.02930     2.34869   69.744704  -69.622467   -0.561    0.184  1
RGI60-04.01403     2.34697   66.137874  -62.406827   -0.393    0.145  1
RGI60-04.05242     2.34616   73.126189  -82.288864   -0.217    0.163  1
RGI60-04.05552     2.34599   67.207852  -65.038984   -0.485    0.177  1
RGI60-04.05333     2.34486   66.850734  -66.024058   -0.283    0.151  1
RGI60-04.01644     2.34287   66.660982  -64.884497   -0.587    0.180  1
RGI60-04.02082     2.34149   66.502683  -65.647093   -0.725    0.179  1
RGI60-04.05198     2.34092   73.530440  -82.236456   -0.340    0.152  1
RGI60-04.02709     2.33977   68.244273  -67.373257   -0.648    0.165  1
RGI60-04.04509     2.33787   66.439900  -63.117670   -0.750    0.153  1
RGI60-04.04962     2.33779   72.185862  -76.823846   -0.450    0.155  1
RGI60-04.01252     2.33461   66.769456  -61.546412   -0.386    0.149  1
RGI60-04.01891     2.33445   67.035321  -63.964130   -0.758    0.166  1
RGI60-04.04525     2.33187   65.792978  -63.934286   -0.710    0.147  1
RGI60-04.05086     2.33154   72.531524  -75.624141    0.517    0.162  1
RGI60-04.06129     2.33084   69.359341  -69.110352    0.076    0.151  1
RGI60-04.06427     2.32641   73.674471  -85.382509   -0.444    0.172  1
RGI60-04.03795     2.32495   70.806074  -72.342884   -0.763    0.194  1
RGI60-04.00548     2.32335   70.389690  -70.479408   -0.245    0.160  1
RGI60-04.01310     2.32224   65.908086  -63.422374   -0.214    0.131  1
RGI60-04.00224     2.32093   64.236264  -65.712864   -0.665    0.155  1
RGI60-04.02999     2.31999   69.845759  -69.485417   -0.066    0.202  1
RGI60-04.00745     2.31915   70.017212  -70.586855   -1.464    0.219  1
RGI60-04.02162     2.31337   67.640965  -65.502096   -0.951    0.176  1
RGI60-04.03283     2.31223   70.833272  -71.684228   -0.099    0.162  1
RGI60-04.00184     2.31125   62.581925  -66.717461   -0.740    0.215  1
RGI60-04.04507     2.31082   66.448984  -63.079133   -0.706    0.149  1
RGI60-04.03220     2.31073   70.845095  -71.327527   -0.632    0.180  1
RGI60-04.02882     2.30978   69.711199  -68.944100   -0.592    0.187  1
RGI60-04.03971     2.30015   72.038142  -75.077050   -0.704    0.171  1
RGI60-04.04935     2.29190   72.503263  -77.003342   -0.482    0.135  1
RGI60-04.04506     2.29009   66.447658  -63.312701   -0.441    0.141  1
RGI60-04.03030     2.28698   69.868571  -69.743387   -0.129    0.161  1
RGI60-04.01131     2.28597   66.745274  -62.534035   -0.803    0.175  1
RGI60-04.04264     2.28192   66.066663  -64.534888   -0.690    0.159  1
RGI60-04.05554     2.28190   66.605860  -65.576197   -0.314    0.167  1
RGI60-04.06966     2.27976   72.911868  -77.194507   -0.786    0.151  1
RGI60-04.01192     2.27869   66.722218  -62.172083   -0.632    0.162  1
RGI60-04.01381     2.27599   66.095398  -62.939806   -0.731    0.147  1
RGI60-04.06064     2.27368   69.440115  -68.255498   -0.665    0.170  1
RGI60-04.05465     2.27185   66.677373  -65.984470   -0.773    0.172  1
RGI60-04.01359     2.26535   65.942330  -63.263204   -0.498    0.142  1
RGI60-04.02360     2.26344   67.884225  -65.598310   -0.547    0.152  1
RGI60-04.01785     2.26324   66.476541  -65.061848   -1.177    0.237  1
RGI60-04.01995     2.26136   66.274019  -65.424603   -1.402    0.242  1
RGI60-04.05783     2.25762   68.651855  -69.148875   -0.455    0.164  1
RGI60-04.05461     2.25420   66.710526  -66.106190   -0.611    0.167  1
RGI60-04.05428     2.25390   66.664798  -65.638480   -0.721    0.182  1
RGI60-04.00651     2.25334   70.540844  -70.937156   -0.636    0.173  1
RGI60-04.00509     2.25302   69.955176  -71.137600    0.027    0.168  1
RGI60-04.05407     2.25037   67.266461  -64.740704   -0.426    0.183  1
RGI60-04.05390     2.24945   67.143363  -64.812869   -0.438    0.182  1
RGI60-04.01795     2.24905   66.265968  -64.924275   -1.161    0.212  1
RGI60-04.00274     2.24893   64.339103  -65.883150   -0.461    0.149  1
RGI60-04.03431     2.24628   71.129058  -71.980583   -0.358    0.164  1
RGI60-04.03855     2.24463   71.551912  -75.365673   -0.660    0.165  1
RGI60-04.03297     2.24371   70.868720  -71.074664   -0.762    0.181  1
RGI60-04.06772     2.24328   71.706694  -74.169667   -0.312    0.167  1
RGI60-04.06627     2.24323   71.331548  -75.234624   -0.409    0.161  1
RGI60-04.06219     2.23271   72.205093  -77.920139   -0.689    0.146  1
RGI60-04.04302     2.22910   66.163891  -64.258571   -0.499    0.155  1
RGI60-04.06770     2.22847   71.671497  -74.293725   -0.744    0.188  1
RGI60-04.00468     2.22524   70.268815  -69.607556   -0.017    0.181  1
RGI60-04.01456     2.22363   65.649262  -63.847025   -0.461    0.137  1
RGI60-04.00029     2.21708   62.323977  -66.741936   -0.513    0.200  1
RGI60-04.02084     2.21688   66.403811  -65.564660   -0.958    0.209  1
RGI60-04.03825     2.21677   71.580332  -75.029421   -0.438    0.164  1
RGI60-04.00722     2.21387   70.009574  -70.734075   -0.540    0.166  1
RGI60-04.04853     2.21324   72.188558  -76.964224   -0.552    0.157  1
RGI60-04.06767     2.21314   71.721749  -74.186947   -0.645    0.179  1
RGI60-04.01627     2.21256   66.642726  -64.944414   -0.660    0.181  1
RGI60-04.05579     2.21158   67.520362  -65.800266   -0.595    0.155  1
RGI60-04.01708     2.20612   66.295743  -65.013359   -1.132    0.236  1
RGI60-04.04136     2.20370   66.521373  -63.976350    0.022    0.144  1
RGI60-04.06588     2.20079   71.282028  -73.759696   -0.240    0.138  1
RGI60-04.02934     2.20037   69.724057  -69.274648   -0.715    0.194  1
RGI60-04.02831     2.19938   69.718630  -68.601112   -0.582    0.194  1
RGI60-04.03354     2.19752   70.503478  -71.521539   -0.507    0.166  1
RGI60-04.06667     2.19555   71.354891  -73.840050   -0.022    0.139  1
RGI60-04.04842     2.19518   72.272985  -75.317410   -0.027    0.140  1
RGI60-04.04690     2.19508   72.564793  -75.829162   -0.482    0.158  1
RGI60-04.05293     2.19498   72.457352  -81.148408   -0.647    0.147  1
RGI60-04.05796     2.18876   68.929156  -69.183144   -0.415    0.177  1
RGI60-04.06773     2.18769   71.693406  -74.179220   -0.451    0.175  1
RGI60-04.06106     2.18733   69.379733  -69.014907    0.186    0.173  1
RGI60-04.00121     2.18701   64.044098  -65.266481   -0.293    0.138  1
RGI60-04.03264     2.18481   70.527105  -71.783881   -0.627    0.185  1
RGI60-04.01206     2.18372   66.676553  -61.835174   -0.895    0.176  1
RGI60-04.02975     2.18327   70.070542  -69.302165   -0.386    0.180  1
RGI60-04.04252     2.17934   66.128413  -64.621470   -0.666    0.159  1
RGI60-04.03848     2.17900   71.607660  -74.736110   -0.679    0.179  1
RGI60-04.02218     2.17724   67.434576  -64.808421   -0.417    0.175  1
RGI60-04.04278     2.17125   66.019794  -64.500698   -0.323    0.165  1
RGI60-04.05455     2.17124   66.770023  -65.880561   -0.319    0.153  1
RGI60-04.05551     2.17100   67.199009  -64.968391   -0.818    0.194  1
RGI60-04.06561     2.17064   71.208682  -73.552589   -0.375    0.144  1
RGI60-04.03194     2.16897   70.867682  -70.897793   -0.485    0.172  1
RGI60-04.03085     2.16471   69.658659  -70.366948   -0.508    0.163  1
RGI60-04.05185     2.16331   73.477621  -83.324926   -0.369    0.169  1
RGI60-04.00782     2.16304   70.076125  -70.164501   -0.148    0.157  1
RGI60-04.06748     2.15959   71.636139  -74.049236   -0.573    0.183  1
RGI60-04.07292     2.15956   73.440670  -77.486511   -0.414    0.160  1
RGI60-04.06769     2.15863   71.467880  -74.616485   -0.446    0.172  1
RGI60-04.05320     2.15838   66.779541  -66.201997   -0.398    0.156  1
RGI60-04.03920     2.15456   71.849883  -75.547289   -0.393    0.164  1
RGI60-04.03482     2.15294   71.173628  -73.059645   -0.415    0.146  1
RGI60-04.03057     2.15267   70.067584  -69.142142   -0.388    0.182  1
RGI60-04.01784     2.15239   66.559112  -64.930716   -0.667    0.188  1
RGI60-04.03374     2.15180   70.842785  -72.030776   -0.589    0.170  1
RGI60-04.07061     2.15075   73.404904  -78.726692   -0.268    0.147  1
RGI60-04.02066     2.15012   66.497931  -65.415167   -0.615    0.307  1
RGI60-04.06518     2.14765   71.172755  -73.752963   -0.177    0.144  1
RGI60-04.02222     2.14635   67.464955  -64.917246    0.379    0.182  1
RGI60-04.02820     2.14225   67.842703  -66.656798   -0.371    0.149  1
RGI60-04.01085     2.14125   66.680335  -62.332313   -1.111    0.196  1
RGI60-04.00683     2.13910   70.712427  -70.572922   -0.446    0.176  1
RGI60-04.06771     2.13663   71.557528  -74.262491   -0.252    0.168  1
RGI60-04.04827     2.13236   72.260461  -77.243355   -0.160    0.151  1
RGI60-04.04177     2.13036   66.717471  -63.717244   -0.148    0.149  1
RGI60-04.02887     2.13010   69.753549  -69.660009   -0.584    0.172  1
RGI60-04.06903     2.12954   72.952743  -76.691137   -0.600    0.142  1
RGI60-04.06604     2.12918   71.189710  -73.969163   -0.574    0.153  1
RGI60-04.03218     2.12819   70.689005  -72.221638   -0.542    0.191  1
RGI60-04.04852     2.12713   72.060772  -76.145733   -0.193    0.155  1
RGI60-04.05544     2.12623   66.930519  -66.282237   -0.713    0.162  1
RGI60-04.06043     2.12429   69.420019  -68.682756   -0.743    0.197  1
RGI60-04.02977     2.12414   70.081964  -68.942338   -0.418    0.187  1
RGI60-04.00990     2.12202   66.474494  -62.891628   -0.825    0.171  1
RGI60-04.00746     2.12110   70.107320  -70.561377   -0.419    0.162  1
RGI60-04.03483     2.12074   71.149053  -72.640274   -0.772    0.167  1
RGI60-04.04956     2.11808   72.547431  -76.555379   -0.313    0.134  1
RGI60-04.04040     2.11562   71.867144  -76.241832   -0.621    0.152  1
RGI60-04.04279     2.11516   66.101318  -64.381468   -0.581    0.168  1
RGI60-04.03378     2.11121   70.968919  -71.969939   -0.163    0.162  1
RGI60-04.00061     2.11061   63.787310  -65.772527   -0.601    0.156  1
RGI60-04.04100     2.10994   71.456148  -76.504919    0.004    0.133  1
RGI60-04.02561     2.10783   67.890388  -67.083674   -0.374    0.177  1
RGI60-04.02560     2.10739   67.907947  -67.099787   -0.629    0.199  1
RGI60-04.05543     2.10664   66.652895  -65.555431   -0.622    0.183  1
RGI60-04.05914     2.10654   69.150487  -69.196808   -0.157    0.157  1
RGI60-04.01385     2.10587   66.106744  -62.970731   -0.280    0.132  1
RGI60-04.04083     2.10202   71.909565  -75.700470   -0.094    0.141  1
RGI60-04.05722     2.10145   66.699861  -65.483530   -0.904    0.200  1
RGI60-04.02249     2.10045   67.536399  -64.869671   -0.976    0.194  1
RGI60-04.04263     2.10035   66.023810  -64.482456    0.010    0.155  1
RGI60-04.00139     2.10033   63.946267  -65.022918   -0.469    0.142  1
RGI60-04.04359     2.09843   65.857599  -63.761956   -0.915    0.171  1
RGI60-04.01651     2.09381   66.409333  -65.354829   -0.684    0.307  1
RGI60-04.01854     2.09322   66.810966  -64.502055   -0.649    0.189  1
RGI60-04.03856     2.08920   71.659826  -75.024087   -0.588    0.168  1
RGI60-04.03373     2.08867   71.016241  -71.868599   -0.544    0.176  1
RGI60-04.02364     2.08547   67.564565  -65.111574   -1.088    0.304  1
RGI60-04.03845     2.08416   71.668627  -74.677578   -0.376    0.163  1
RGI60-04.02881     2.08245   69.761380  -69.408555   -0.267    0.249  1
RGI60-04.05628     2.08197   66.749325  -65.694040   -0.621    0.184  1
RGI60-04.06840     2.08144   70.970969  -74.700540   -0.749    0.177  1
RGI60-04.02333     2.08057   67.805510  -66.141954   -0.483    0.163  1
RGI60-04.01052     2.07857   66.577645  -62.573485   -0.697    0.153  1
RGI60-04.06853     2.07636   67.799494  -66.045359   -0.525    0.158  1
RGI60-04.01526     2.07299   65.751713  -63.653066   -0.298    0.135  1
RGI60-04.00604     2.07274   70.522884  -70.515756   -0.666    0.180  1
RGI60-04.02575     2.07165   67.797123  -67.155404   -0.528    0.210  1
RGI60-04.06100     2.07111   69.458167  -69.899736   -0.605    0.169  1
RGI60-04.05325     2.06950   66.824116  -65.959018   -1.000    0.187  1
RGI60-04.04620     2.06894   66.280330  -64.118840   -0.697    0.162  1
RGI60-04.02235     2.06674   67.689644  -65.598190   -0.519    0.163  1
RGI60-04.03842     2.06657   71.651357  -74.689738   -0.577    0.184  1
RGI60-04.02043     2.06420   66.412523  -64.764551   -0.353    0.242  1
RGI60-04.04102     2.06261   71.526119  -75.213190   -0.385    0.157  1
RGI60-04.06705     2.06169   71.162327  -73.914693   -0.628    0.155  1
RGI60-04.00922     2.06109   66.636373  -63.334063   -0.800    0.154  1
RGI60-04.01516     2.06077   65.678694  -63.922600   -0.588    0.156  1
RGI60-04.00043     2.06055   64.016661  -65.437658   -0.337    0.141  1
RGI60-04.03222     2.06048   70.519084  -71.767033   -0.573    0.184  1
RGI60-04.04999     2.05981   72.168814  -75.260473   -0.604    0.165  1
RGI60-04.00760     2.05709   70.122329  -70.913531   -0.457    0.175  1
RGI60-04.05372     2.05677   67.079367  -66.504375   -0.428    0.153  1
RGI60-04.05938     2.05382   69.136002  -69.091897   -0.674    0.170  1
RGI60-04.03485     2.05279   71.123866  -73.140606   -0.405    0.147  1
RGI60-04.03435     2.05272   70.757440  -73.317259   -0.025    0.146  1
RGI60-04.03265     2.05266   70.570061  -71.785149   -0.206    0.172  1
RGI60-04.02695     2.05186   68.250545  -67.116440   -0.670    0.168  1
RGI60-04.05042     2.05046   72.262103  -77.475874   -0.491    0.150  1
RGI60-04.04121     2.04914   66.391498  -63.993578   -0.453    0.151  1
RGI60-04.06816     2.04784   71.759360  -73.808212   -0.453    0.158  1
RGI60-04.04333     2.04518   65.865104  -63.703411   -0.654    0.147  1
RGI60-04.03213     2.04471   70.797533  -71.282615   -0.370    0.175  1
RGI60-04.06861     2.04400   64.374243  -65.853709   -0.393    0.154  1
RGI60-04.03375     2.04391   70.970635  -71.449781   -0.440    0.169  1
RGI60-04.00483     2.04323   70.425911  -69.934184   -0.377    0.174  1
RGI60-04.05377     2.04293   67.131373  -66.705124   -0.321    0.149  1
RGI60-04.06081     2.04225   68.673400  -68.572012   -0.734    0.167  1
RGI60-04.02041     2.03862   66.396871  -64.972391   -0.675    0.249  1
RGI60-04.03111     2.03848   70.629392  -72.418492   -0.527    0.182  1
RGI60-04.01405     2.03751   66.074200  -62.630811   -0.434    0.138  1
RGI60-04.06672     2.03678   71.404615  -73.923823   -0.194    0.143  1
RGI60-04.03189     2.03624   70.257371  -71.545065   -0.675    0.182  1
RGI60-04.04986     2.03492   72.431364  -76.001963   -0.416    0.155  1
RGI60-04.06634     2.03483   71.124698  -73.750105   -0.262    0.145  1
RGI60-04.06523     2.03165   71.188461  -73.738943   -0.298    0.154  1
RGI60-04.02527     2.03102   67.955358  -66.800606   -0.438    0.168  1
RGI60-04.00095     2.03029   63.893308  -65.814207   -0.550    0.156  1
RGI60-04.00188     2.02824   62.523080  -66.592032   -0.026    0.168  1
RGI60-04.02113     2.02784   66.489142  -64.864747   -0.703    0.186  1
RGI60-04.07060     2.02497   72.942678  -76.546523   -0.936    0.168  1
RGI60-04.03896     2.02369   71.772653  -74.762796   -0.666    0.168  1
RGI60-04.05730     2.02073   66.729410  -65.709994   -0.788    0.194  1
RGI60-04.04220     2.01922   65.990400  -64.170232    0.145    0.145  1
RGI60-04.01799     2.01675   66.254789  -65.157693   -0.901    0.191  1
RGI60-04.01547     2.01651   65.841938  -63.550950   -0.589    0.143  1
RGI60-04.06826     2.01398   71.714357  -73.767306   -0.802    0.181  1
RGI60-04.06080     2.01385   68.681352  -68.339818   -0.550    0.161  1
RGI60-04.06144     2.01373   69.524087  -68.413481   -0.720    0.200  1
RGI60-04.01159     2.01357   66.733260  -61.739601   -0.930    0.195  1
RGI60-04.01667     2.01351   66.241961  -65.181146   -1.165    0.204  1
RGI60-04.01283     2.01286   66.520329  -62.830227   -0.691    0.156  1
RGI60-04.03223     2.01082   70.764829  -71.870030   -0.391    0.161  1
RGI60-04.06161     2.01080   69.526292  -68.972012   -0.180    0.168  1
RGI60-04.06640     2.01018   71.406297  -73.113487   -0.138    0.140  1
RGI60-04.00294     2.00575   64.428581  -65.647209   -0.494    0.150  1
RGI60-04.01602     2.00493   66.585162  -64.503388   -0.741    0.165  1
RGI60-04.00684     1.99792   70.695837  -70.549930   -0.133    0.170  1
RGI60-04.07280     1.99783   73.589433  -80.695783   -0.502    0.161  1
RGI60-04.05874     1.99605   69.027314  -68.417142   -0.300    0.168  1
RGI60-04.04843     1.99564   72.116448  -77.190886   -0.690    0.168  1
RGI60-04.01808     1.99249   66.352764  -65.282196   -0.868    0.216  1
RGI60-04.04108     1.99041   66.620471  -63.944386    0.028    0.142  1
RGI60-04.04303     1.98537   66.242973  -64.094882   -0.440    0.149  1
RGI60-04.00653     1.98505   70.521330  -70.646599   -0.459    0.170  1
RGI60-04.05169     1.98460   73.545327  -81.975645   -0.298    0.155  1
RGI60-04.02700     1.98189   68.276888  -67.034207   -0.714    0.181  1
RGI60-04.05846     1.98025   69.080953  -68.995909   -0.464    0.183  1
RGI60-04.00979     1.97456   66.563376  -62.319885   -0.567    0.165  1
RGI60-04.03330     1.97275   70.529176  -71.398360   -0.215    0.160  1
RGI60-04.06587     1.97163   71.302582  -73.680487   -0.550    0.161  1
RGI60-04.02918     1.97127   69.640118  -68.948198   -0.541    0.195  1
RGI60-04.02389     1.97064   67.625496  -66.412392   -0.153    0.158  1
RGI60-04.00474     1.96749   70.136518  -70.488347   -0.318    0.159  1
RGI60-04.02526     1.96700   67.960316  -67.012528   -1.050    0.232  1
RGI60-04.04327     1.96650   66.037065  -64.026112   -0.753    0.164  1
RGI60-04.05811     1.96638   68.954573  -68.903918   -0.583    0.166  1
RGI60-04.03878     1.96489   71.666523  -75.250257   -0.647    0.165  1
RGI60-04.06134     1.96295   69.416358  -70.168630   -0.563    0.166  1
RGI60-04.03040     1.96097   69.989298  -69.529616   -0.811    0.199  1
RGI60-04.04846     1.95734   72.405994  -76.261806   -0.442    0.161  1
RGI60-04.04844     1.95273   72.422229  -77.175733   -0.621    0.149  1
RGI60-04.04037     1.95105   71.919588  -75.679102   -0.128    0.144  1
RGI60-04.04107     1.94817   66.640756  -63.961291    0.078    0.144  1
RGI60-04.06625     1.94704   71.112546  -75.018094   -0.528    0.176  1
RGI60-04.03053     1.94664   70.050706  -69.122612   -0.766    0.195  1
RGI60-04.06268     1.94575   71.464742  -77.122329   -0.805    0.174  1
RGI60-04.02886     1.94082   69.756754  -69.689806   -0.588    0.183  1
RGI60-04.00978     1.93893   66.597491  -62.375437   -0.755    0.173  1
RGI60-04.03817     1.93893   71.567122  -75.057007   -0.595    0.167  1
RGI60-04.02142     1.93406   67.657631  -66.369477   -0.560    0.172  1
RGI60-04.01722     1.93328   66.289671  -64.954064   -1.025    0.209  1
RGI60-04.06312     1.93182   71.713929  -77.065918   -0.184    0.147  1
RGI60-04.05548     1.93056   66.727485  -65.801955   -0.412    0.184  1
RGI60-04.03306     1.92974   70.925876  -71.202681   -0.665    0.181  1
RGI60-04.05354     1.92790   66.553841  -65.405776   -0.499    0.267  1
RGI60-04.07068     1.92617   73.510457  -78.299440   -0.400    0.164  1
RGI60-04.05553     1.92424   67.489109  -65.569646   -0.578    0.190  1
RGI60-04.05595     1.92338   66.542020  -65.571250   -0.449    0.171  1
RGI60-04.06735     1.92327   71.627082  -72.812650   -1.104    0.186  1
RGI60-04.03000     1.92241   69.851061  -70.198228   -0.040    0.162  1
RGI60-04.02304     1.92194   67.773888  -65.808974   -0.592    0.164  1
RGI60-04.06702     1.91937   71.501624  -74.136240   -0.574    0.186  1
RGI60-04.05895     1.91913   68.628238  -69.098353   -0.917    0.187  1
RGI60-04.05897     1.91705   68.679755  -68.839361   -0.608    0.167  1
RGI60-04.04044     1.91574   72.071840  -75.825897   -0.334    0.152  1
RGI60-04.05872     1.91412   69.022406  -68.859443   -0.393    0.162  1
RGI60-04.06612     1.91366   71.332342  -73.354573   -0.505    0.154  1
RGI60-04.01809     1.91131   66.400007  -65.378382   -0.322    0.174  1
RGI60-04.02409     1.91086   67.851760  -67.710640   -0.511    0.151  1
RGI60-04.01816     1.90989   66.690509  -64.409574   -0.443    0.152  1
RGI60-04.02078     1.90823   66.381419  -65.729604   -0.911    0.199  1
RGI60-04.01857     1.90724   66.838851  -64.599003   -0.703    0.185  1
RGI60-04.01927     1.90723   66.911139  -64.179660   -0.025    0.154  1
RGI60-04.01072     1.90556   66.752693  -63.096256   -0.936    0.171  1
RGI60-04.05787     1.90259   68.922110  -69.464451   -0.621    0.180  1
RGI60-04.03002     1.90002   69.938204  -70.029206   -0.630    0.172  1
RGI60-04.04851     1.89769   72.474038  -77.077210   -0.349    0.133  1
RGI60-04.04583     1.89695   65.985963  -64.028346   -0.682    0.158  1
RGI60-04.02271     1.89668   67.745175  -66.153886   -0.551    0.162  1
RGI60-04.04975     1.89631   72.378436  -76.728924   -0.139    0.150  1
RGI60-04.06562     1.89475   71.177936  -73.484336   -0.481    0.150  1
RGI60-04.05773     1.89470   67.467638  -66.069089   -0.810    0.191  1
RGI60-04.05257     1.89390   73.253110  -81.914398   -0.368    0.171  1
RGI60-04.03191     1.89283   70.243880  -71.564383   -0.682    0.189  1
RGI60-04.06690     1.89243   71.466214  -73.023112   -0.383    0.160  1
RGI60-04.01876     1.89141   66.204632  -65.405541   -1.566    0.245  1
RGI60-04.03001     1.88889   69.955521  -69.364011   -0.862    0.216  1
RGI60-04.03967     1.88700   72.108650  -75.000276   -0.464    0.166  1
RGI60-04.03224     1.88422   70.668830  -71.674479   -0.470    0.166  1
RGI60-04.02696     1.88350   68.261099  -67.462058   -0.562    0.164  1
RGI60-04.04103     1.88278   71.512182  -75.255890   -0.628    0.171  1
RGI60-04.00360     1.88216   63.700508  -64.810840   -0.462    0.174  1
RGI60-04.02722     1.88077   68.307844  -67.634671   -0.447    0.155  1
RGI60-04.00009     1.88072   62.285118  -66.441606   -0.886    0.194  1
RGI60-04.02022     1.88070   66.370211  -64.770125   -0.276    0.161  1
RGI60-04.00277     1.87984   64.361962  -65.788674   -0.651    0.157  1
RGI60-04.06107     1.87685   69.340964  -69.264562   -0.343    0.158  1
RGI60-04.02606     1.87563   68.046637  -67.039940   -0.417    0.169  1
RGI60-04.03486     1.87470   71.190660  -73.030415   -0.567    0.156  1
RGI60-04.04723     1.87211   72.688783  -76.838673   -0.481    0.140  1
RGI60-04.00948     1.87012   66.628035  -63.209224   -0.662    0.151  1
RGI60-04.05545     1.86953   67.575271  -65.677898   -0.527    0.164  1
RGI60-04.05264     1.86731   73.255418  -81.876016   -0.351    0.167  1
RGI60-04.05778     1.86591   66.794435  -66.078786   -0.213    0.154  1
RGI60-04.04202     1.86493   66.572152  -63.392712   -0.695    0.163  1
RGI60-04.00991     1.86473   66.632100  -62.648080   -0.820    0.161  1
RGI60-04.05558     1.86458   66.921566  -66.286739   -0.411    0.158  1
RGI60-04.03826     1.86246   71.425692  -75.789923   -0.399    0.147  1
RGI60-04.04466     1.86123   65.940988  -63.605229   -0.602    0.154  1
RGI60-04.02077     1.85929   66.510566  -65.731958   -0.909    0.197  1
RGI60-04.01334     1.85860   65.957297  -62.721076   -0.349    0.149  1
RGI60-04.02569     1.85774   68.102062  -67.721381   -0.573    0.155  1
RGI60-04.06677     1.85558   71.373814  -74.892973   -0.367    0.166  1
RGI60-04.03557     1.85557   71.240813  -71.981231   -0.277    0.169  1
RGI60-04.02404     1.85025   67.584017  -65.458020   -0.774    0.189  1
RGI60-04.05400     1.84954   67.174576  -64.730310   -0.783    0.201  1
RGI60-04.04579     1.84912   65.885800  -64.130026   -0.414    0.154  1
RGI60-04.00981     1.84692   66.584766  -62.327378   -0.639    0.161  1
RGI60-04.06052     1.84513   68.826535  -69.783666   -0.316    0.198  1
RGI60-04.06978     1.84496   73.515864  -80.422104   -0.569    0.159  1
RGI60-04.01174     1.84240   66.785842  -62.503640   -0.706    0.183  1
RGI60-04.06152     1.84220   69.556012  -68.858349   -0.353    0.188  1
RGI60-04.00345     1.84173   63.667060  -65.229813   -0.249    0.157  1
RGI60-04.04006     1.84044   71.951974  -74.588706   -0.690    0.167  1
RGI60-04.06660     1.83940   71.388777  -74.227632    0.046    0.170  1
RGI60-04.00584     1.83558   70.470148  -70.832339   -0.721    0.182  1
RGI60-04.06833     1.83403   71.136848  -73.938458   -0.538    0.154  1
RGI60-04.05475     1.83378   67.558715  -66.118100   -0.423    0.152  1
RGI60-04.06792     1.83158   71.614983  -74.456905   -0.569    0.173  1
RGI60-04.06643     1.83126   71.430444  -73.067697    0.164    0.144  1
RGI60-04.01156     1.83048   66.799600  -63.008176   -0.208    0.143  1
RGI60-04.06682     1.82634   71.422728  -74.903361   -0.460    0.174  1
RGI60-04.05300     1.82493   72.545084  -80.854778   -0.276    0.151  1
RGI60-04.06589     1.82387   71.238590  -73.844013   -0.687    0.172  1
RGI60-04.00868     1.82383   66.974609  -62.153381   -0.605    0.170  1
RGI60-04.05395     1.82312   67.146507  -64.843047   -0.760    0.233  1
RGI60-04.03219     1.81870   70.722966  -71.591787   -0.366    0.181  1
RGI60-04.02191     1.81433   67.698341  -66.480548   -0.550    0.166  1
RGI60-04.02293     1.81310   67.773892  -66.300403   -0.518    0.175  1
RGI60-04.00732     1.81299   70.095021  -71.133430   -0.533    0.179  1
RGI60-04.04538     1.81178   66.461020  -63.304055   -0.452    0.146  1
RGI60-04.04463     1.81097   65.962583  -63.774400   -0.422    0.138  1
RGI60-04.01353     1.80810   65.948991  -63.289434   -0.646    0.161  1
RGI60-04.02197     1.80634   67.663084  -65.671698   -0.666    0.158  1
RGI60-04.02894     1.80518   69.614251  -69.522962   -0.613    0.174  1
RGI60-04.06727     1.80487   71.598209  -72.924975   -0.871    0.177  1
RGI60-04.01821     1.80326   66.707126  -64.540100   -0.589    0.190  1
RGI60-04.04618     1.79842   66.266339  -64.127584   -0.550    0.157  1
RGI60-04.04041     1.79748   72.057928  -75.392321   -0.171    0.144  1
RGI60-04.02556     1.79581   67.998221  -67.165389   -0.464    0.178  1
RGI60-04.05833     1.79343   68.997258  -69.272448   -0.228    0.175  1
RGI60-04.03645     1.79305   71.311638  -71.908187   -0.673    0.178  1
RGI60-04.00284     1.79242   64.392336  -65.584327   -0.788    0.159  1
RGI60-04.03582     1.79177   70.787802  -72.932170   -0.692    0.198  1
RGI60-04.07069     1.79158   73.533267  -79.134578   -0.465    0.159  1
RGI60-04.01874     1.78840   66.187894  -65.428426   -1.268    0.240  1
RGI60-04.00286     1.78548   64.402282  -65.653234   -0.322    0.144  1
RGI60-04.01210     1.78514   66.691700  -61.758680   -0.293    0.152  1
RGI60-04.06618     1.78466   71.338581  -73.670579   -0.171    0.147  1
RGI60-04.01303     1.78433   66.827705  -62.191365   -0.600    0.163  1
RGI60-04.07067     1.77984   72.928528  -76.999105   -0.951    0.184  1
RGI60-04.00858     1.77952   66.729974  -62.549360   -0.848    0.196  1
RGI60-04.00975     1.77853   66.585359  -62.499532   -0.543    0.149  1
RGI60-04.06153     1.77722   69.498688  -69.150319   -0.609    0.180  1
RGI60-04.06037     1.77565   68.702111  -68.279735   -0.351    0.164  1
RGI60-04.01870     1.77534   66.168288  -65.435893   -0.832    0.193  1
RGI60-04.05243     1.77499   73.123481  -82.216122   -0.177    0.159  1
RGI60-04.03061     1.77465   70.077994  -69.057847   -0.469    0.181  1
RGI60-04.04042     1.77335   72.105213  -75.601667   -0.448    0.150  1
RGI60-04.04395     1.77139   66.515499  -63.884140   -0.105    0.144  1
RGI60-04.01962     1.77086   67.109872  -64.282313   -0.712    0.198  1
RGI60-04.01415     1.77066   66.180670  -62.796218   -0.485    0.151  1
RGI60-04.01872     1.76855   66.177349  -65.398384   -1.534    0.269  1
RGI60-04.05158     1.76804   73.541784  -81.831645   -0.479    0.155  1
RGI60-04.03221     1.76791   70.704767  -71.962258   -0.198    0.168  1
RGI60-04.01211     1.76511   66.692368  -61.889872   -0.468    0.162  1
RGI60-04.06704     1.76469   71.163825  -73.872308   -0.886    0.180  1
RGI60-04.05966     1.75819   69.215120  -69.139505   -0.903    0.193  1
RGI60-04.04334     1.75683   66.425152  -63.107654   -0.461    0.148  1
RGI60-04.05093     1.75644   71.790713  -77.108768   -0.448    0.162  1
RGI60-04.02399     1.75620   67.606798  -65.497096   -0.749    0.179  1
RGI60-04.01991     1.75537   66.266024  -65.381289   -1.077    0.206  1
RGI60-04.03276     1.75478   70.612525  -72.198827   -0.274    0.185  1
RGI60-04.01270     1.75437   66.812291  -62.248069   -0.606    0.156  1
RGI60-04.01170     1.75414   66.783830  -62.469313   -0.879    0.192  1
RGI60-04.01964     1.74929   66.215898  -65.437663   -1.373    0.265  1
RGI60-04.04210     1.74904   65.957982  -64.338356   -0.219    0.153  1
RGI60-04.04169     1.74778   66.676870  -63.551719   -0.405    0.153  1
RGI60-04.01824     1.74650   66.714752  -64.536575   -0.725    0.197  1
RGI60-04.02510     1.74647   67.948632  -67.922198   -0.712    0.174  1
RGI60-04.05912     1.74602   69.076211  -69.701723   -0.775    0.197  1
RGI60-04.01761     1.74367   66.644960  -64.658612   -0.792    0.249  1
RGI60-04.03381     1.74184   70.982326  -71.420121   -0.645    0.183  1
RGI60-04.05869     1.74074   69.134264  -68.403928   -0.289    0.165  1
RGI60-04.01721     1.74062   66.579441  -64.847566   -0.461    0.178  1
RGI60-04.04643     1.74052   66.223410  -63.875081   -0.476    0.144  1
RGI60-04.03936     1.73975   71.976098  -75.470885   -0.433    0.169  1
RGI60-04.01669     1.73929   66.384311  -65.144125   -0.740    0.207  1
RGI60-04.04101     1.73895   71.496784  -76.057730   -0.363    0.142  1
RGI60-04.00045     1.73863   64.022395  -65.477191   -0.609    0.149  1
RGI60-04.01453     1.73616   65.637433  -63.929266   -0.545    0.147  1
RGI60-04.05870     1.73484   69.014545  -68.490286   -0.529    0.174  1
RGI60-04.04578     1.73264   65.842286  -64.114367   -0.237    0.138  1
RGI60-04.04480     1.73214   66.087972  -63.561334   -0.480    0.152  1
RGI60-04.01725     1.73014   66.289505  -64.927237   -0.492    0.173  1
RGI60-04.04890     1.72980   72.169253  -75.433908   -0.419    0.160  1
RGI60-04.00048     1.72762   63.784447  -65.409714   -0.930    0.182  1
RGI60-04.00919     1.72567   66.595569  -61.918826   -0.790    0.177  1
RGI60-04.01723     1.72559   66.478393  -65.107934   -1.407    0.235  1
RGI60-04.05968     1.72531   69.232833  -69.186600   -0.375    0.164  1
RGI60-04.06720     1.72492   71.585682  -72.799038   -0.733    0.164  1
RGI60-04.05569     1.72301   66.734568  -65.585767   -0.350    0.174  1
RGI60-04.06303     1.72287   71.386817  -78.784158   -0.585    0.178  1
RGI60-04.01702     1.72167   66.530525  -65.232728   -0.659    0.185  1
RGI60-04.05378     1.71977   67.139242  -66.652602   -0.486    0.157  1
RGI60-04.03581     1.71940   70.786242  -73.022461   -0.416    0.184  1
RGI60-04.01605     1.71710   66.597010  -64.525551   -1.008    0.227  1
RGI60-04.04060     1.71225   71.988268  -75.980979   -0.390    0.153  1
RGI60-04.07070     1.71036   73.304275  -79.971011   -0.402    0.137  1
RGI60-04.02628     1.70812   68.018064  -67.302673   -0.740    0.201  1
RGI60-04.02321     1.70797   67.759847  -66.430278   -0.388    0.184  1
RGI60-04.02314     1.70709   67.809606  -66.482297   -0.008    0.146  1
RGI60-04.00214     1.70664   64.056623  -65.460283   -0.484    0.145  1
RGI60-04.05821     1.70561   68.975459  -68.385927   -0.446    0.169  1
RGI60-04.02789     1.70309   68.447633  -67.974735   -0.540    0.159  1
RGI60-04.01831     1.70201   66.909767  -64.542421   -0.567    0.187  1
RGI60-04.02075     1.70061   66.420606  -65.542087   -0.642    0.246  1
RGI60-04.05657     1.70020   66.845915  -64.831638   -0.852    0.209  1
RGI60-04.05759     1.70007   67.549506  -66.445621   -0.612    0.169  1
RGI60-04.04510     1.69937   66.525675  -63.034767   -0.905    0.163  1
RGI60-04.00615     1.69739   70.540557  -70.139287   -0.858    0.189  1
RGI60-04.03688     1.69678   71.415526  -71.955922   -0.722    0.182  1
RGI60-04.03288     1.69659   70.395622  -71.873846   -0.368    0.183  1
RGI60-04.06693     1.69539   71.481455  -73.679460    0.557    0.184  1
RGI60-04.02846     1.69341   69.783092  -69.617234   -0.625    0.176  1
RGI60-04.01119     1.69318   66.730298  -63.198673   -0.698    0.161  1
RGI60-04.05252     1.69318   73.208190  -82.372598   -0.189    0.155  1
RGI60-04.05110     1.69235   73.360144  -83.029439   -0.463    0.208  1
RGI60-04.04306     1.69121   66.198838  -64.326741   -0.557    0.163  1
RGI60-04.05944     1.68945   69.192504  -68.759014   -0.753    0.186  1
RGI60-04.04833     1.68902   72.282748  -76.305521   -0.443    0.169  1
RGI60-04.05234     1.68777   73.172983  -82.602194   -0.102    0.159  1
RGI60-04.01591     1.68711   66.561518  -64.326377   -0.212    0.149  1
RGI60-04.00696     1.68434   70.765373  -70.311579   -0.655    0.191  1
RGI60-04.04869     1.68432   72.374524  -76.635416   -0.367    0.164  1
RGI60-04.05079     1.68247   72.463242  -77.443312   -0.631    0.158  1
RGI60-04.03332     1.68237   70.337044  -71.457259   -0.503    0.178  1
RGI60-04.02268     1.68213   67.520259  -64.973783   -0.685    0.206  1
RGI60-04.02960     1.68087   69.902668  -69.079905   -0.475    0.194  1
RGI60-04.02401     1.67925   67.591378  -65.501479   -0.621    0.159  1
RGI60-04.00779     1.67805   70.089920  -70.249677   -0.135    0.172  1
RGI60-04.04772     1.67759   71.765903  -76.695008   -0.737    0.171  1
RGI60-04.05323     1.67755   66.769236  -65.955050   -0.653    0.175  1
RGI60-04.02864     1.67480   69.786160  -69.318188   -0.506    0.193  1
RGI60-04.06028     1.67427   69.374062  -68.858289   -0.757    0.203  1
RGI60-04.07178     1.67348   72.913626  -77.278359   -0.845    0.169  1
RGI60-04.04005     1.67341   71.934153  -74.673832   -0.684    0.181  1
RGI60-04.01562     1.67262   65.844899  -62.957687   -0.279    0.136  1
RGI60-04.04084     1.67208   71.799388  -75.854984   -0.556    0.164  1
RGI60-04.03610     1.66984   70.810451  -72.598508   -0.668    0.193  1
RGI60-04.02889     1.66942   69.751120  -68.808122   -0.530    0.217  1
RGI60-04.04522     1.66836   66.516244  -63.855219   -0.247    0.147  1
RGI60-04.05855     1.66615   69.048525  -69.111236   -0.574    0.166  1
RGI60-04.03651     1.66571   71.387112  -72.091483   -0.366    0.171  1
RGI60-04.04076     1.66279   72.051645  -75.448836   -0.454    0.158  1
RGI60-04.05560     1.66022   67.118513  -64.892469   -0.839    0.201  1
RGI60-04.03901     1.66014   71.767250  -75.426575   -0.330    0.161  1
RGI60-04.06654     1.65950   71.377844  -74.205517   -0.429    0.178  1
RGI60-04.00568     1.65581   70.351825  -70.992939   -0.253    0.180  1
RGI60-04.02574     1.65457   67.800748  -67.116287   -0.203    0.210  1
RGI60-04.05953     1.65436   69.276665  -68.579133   -0.482    0.212  1
RGI60-04.03809     1.65392   71.414505  -76.206016   -0.535    0.156  1
RGI60-04.00900     1.65349   66.613073  -62.789681   -0.603    0.156  1
RGI60-04.03966     1.65345   72.101219  -75.044509   -0.674    0.173  1
RGI60-04.02833     1.65322   69.713080  -70.261880   -0.882    0.197  1
RGI60-04.03644     1.65263   71.319671  -72.533141   -0.599    0.165  1
RGI60-04.04350     1.65259   66.541386  -63.146100   -0.591    0.150  1
RGI60-04.00759     1.65083   70.143813  -70.930873   -0.416    0.162  1
RGI60-04.05555     1.64978   67.335801  -65.138275   -0.573    0.191  1
RGI60-04.04494     1.64976   66.520570  -63.533349   -0.868    0.172  1
RGI60-04.04283     1.64971   66.087142  -64.614068   -0.428    0.160  1
RGI60-04.01563     1.64918   65.848210  -62.980405   -0.214    0.139  1
RGI60-04.06519     1.64417   71.167903  -73.791087   -0.242    0.146  1
RGI60-04.06524     1.64189   71.233320  -73.721176   -0.291    0.146  1
RGI60-04.05302     1.64139   72.571988  -80.975534   -0.399    0.157  1
RGI60-04.01069     1.64068   66.707435  -63.210418   -0.770    0.162  1
RGI60-04.04516     1.63976   66.533704  -63.118759   -0.671    0.159  1
RGI60-04.06592     1.63950   71.215981  -73.900524   -0.639    0.161  1
RGI60-04.06038     1.63659   69.415534  -68.714298   -0.552    0.188  1
RGI60-04.06647     1.63262   71.392269  -73.104474   -0.023    0.141  1
RGI60-04.04609     1.63119   66.223327  -62.986758   -0.878    0.176  1
RGI60-04.03897     1.62920   71.746076  -75.943616   -0.473    0.151  1
RGI60-04.03875     1.62500   71.560441  -75.335081   -0.374    0.162  1
RGI60-04.07288     1.62436   73.439598  -77.452353   -0.403    0.166  1
RGI60-04.06276     1.62275   71.585649  -77.693055    0.059    0.151  1
RGI60-04.00363     1.62242   63.673364  -64.737936   -0.413    0.154  1
RGI60-04.01515     1.62103   65.648445  -63.987351   -0.194    0.136  1
RGI60-04.04002     1.62098   72.023669  -74.450782   -0.630    0.176  1
RGI60-04.01498     1.62050   65.718806  -62.998631   -0.751    0.172  1
RGI60-04.06805     1.61750   71.570637  -74.264013    0.014    0.169  1
RGI60-04.01833     1.61685   66.198229  -65.473591   -0.971    0.234  1
RGI60-04.06739     1.61549   71.646657  -73.305007   -0.310    0.151  1
RGI60-04.02221     1.61371   67.437042  -64.762550   -0.578    0.186  1
RGI60-04.05423     1.61257   67.405444  -65.094859   -0.777    0.188  1
RGI60-04.03831     1.61240   71.570113  -75.842173   -0.556    0.150  1
RGI60-04.07145     1.60957   73.214660  -77.202195   -0.583    0.159  1
RGI60-04.02844     1.60869   69.777909  -69.148710   -0.065    0.196  1
RGI60-04.04847     1.60619   72.378375  -77.342411   -0.406    0.168  1
RGI60-04.03047     1.60253   70.065496  -69.563927   -0.509    0.191  1
RGI60-04.04051     1.60190   71.915782  -76.114057   -0.448    0.156  1
RGI60-04.01406     1.59838   66.170586  -62.814826   -0.586    0.153  1
RGI60-04.00766     1.59814   70.148124  -70.111353   -0.483    0.173  1
RGI60-04.01230     1.59763   66.462339  -62.217018   -0.374    0.137  1
RGI60-04.06446     1.59692   73.713398  -85.501465   -0.745    0.212  1
RGI60-04.04068     1.59655   71.828892  -76.278351   -0.624    0.154  1
RGI60-04.03066     1.59587   70.107224  -69.423942   -0.807    0.210  1
RGI60-04.06138     1.59524   69.519897  -69.698764   -0.439    0.180  1
RGI60-04.07273     1.59484   73.228235  -79.510634   -0.561    0.149  1
RGI60-04.01620     1.59415   66.152662  -65.006615   -0.599    0.176  1
RGI60-04.04045     1.59286   71.877181  -76.226274   -0.414    0.148  1
RGI60-04.03005     1.59204   69.947643  -69.916541   -0.191    0.161  1
RGI60-04.04684     1.59194   72.551639  -75.955050   -0.761    0.171  1
RGI60-04.05159     1.59067   73.460003  -82.986552   -0.454    0.200  1
RGI60-04.02266     1.58771   67.536641  -65.080067    0.036    0.196  1
RGI60-04.01884     1.58718   67.035441  -64.101311   -0.634    0.187  1
RGI60-04.03521     1.58661   70.854704  -72.704104   -0.659    0.204  1
RGI60-04.07182     1.58603   72.924549  -77.256561   -0.939    0.176  1
RGI60-04.04047     1.58534   71.967278  -75.693209   -0.346    0.150  1
RGI60-04.06846     1.58518   66.519605  -62.120391   -0.398    0.148  1
RGI60-04.03576     1.58456   71.146985  -71.552585   -0.328    0.171  1
RGI60-04.03303     1.58455   70.909376  -71.185624   -0.597    0.185  1
RGI60-04.03918     1.58396   71.863330  -75.512304   -0.139    0.160  1
RGI60-04.02571     1.58297   67.999803  -66.410525   -0.493    0.155  1
RGI60-04.05172     1.58060   73.541117  -81.917160   -0.394    0.163  1
RGI60-04.01766     1.57985   66.573463  -64.604156   -0.720    0.187  1
RGI60-04.05235     1.57883   73.161010  -82.597148    0.019    0.159  1
RGI60-04.05098     1.57802   72.544193  -75.707705   -0.328    0.152  1
RGI60-04.03870     1.57629   71.687605  -75.080892   -0.529    0.169  1
RGI60-04.07291     1.57458   73.451637  -77.424350   -0.861    0.211  1
RGI60-04.06290     1.57333   72.244602  -78.240370   -0.500    0.146  1
RGI60-04.04666     1.57330   66.298618  -62.989882   -0.353    0.142  1
RGI60-04.05462     1.57241   66.767205  -65.854842   -0.460    0.161  1
RGI60-04.02463     1.57150   67.939341  -68.047885   -0.495    0.154  1
RGI60-04.03930     1.57089   71.959814  -75.473671   -0.457    0.168  1
RGI60-04.04231     1.57050   66.577797  -63.690352   -0.321    0.151  1
RGI60-04.04508     1.56886   66.447475  -63.373962   -0.541    0.160  1
RGI60-04.00728     1.56645   70.050756  -70.997015   -0.475    0.179  1
RGI60-04.06743     1.56644   71.579741  -73.987745   -0.231    0.178  1
RGI60-04.02650     1.56525   68.067067  -67.640522   -0.555    0.162  1
RGI60-04.01617     1.56487   66.687328  -64.714295   -0.864    0.197  1
RGI60-04.04920     1.56225   72.343942  -75.278092   -0.037    0.147  1
RGI60-04.02394     1.55962   67.627548  -66.169215   -0.384    0.163  1
RGI60-04.03032     1.55932   69.811643  -69.949142   -0.235    0.166  1
RGI60-04.01027     1.55906   66.607783  -62.330323   -0.316    0.145  1
RGI60-04.03626     1.55526   70.771930  -72.629355   -0.348    0.191  1
RGI60-04.02455     1.55521   67.906965  -66.619825   -0.720    0.166  1
RGI60-04.07274     1.55494   73.243065  -79.449827   -0.554    0.158  1
RGI60-04.01683     1.55348   66.492460  -64.376485   -0.617    0.171  1
RGI60-04.01977     1.55305   66.248230  -65.385980   -1.279    0.219  1
RGI60-04.03970     1.55253   71.830031  -74.752840   -0.429    0.160  1
RGI60-04.03968     1.55030   71.923505  -74.633779   -0.678    0.175  1
RGI60-04.06083     1.54897   68.690295  -68.652025   -0.524    0.167  1
RGI60-04.03077     1.54750   70.162166  -69.253585   -0.719    0.184  1
RGI60-04.01599     1.54710   66.603127  -64.431537   -0.634    0.168  1
RGI60-04.04262     1.54575   66.040475  -64.434497   -0.438    0.156  1
RGI60-04.00878     1.54488   66.588466  -62.843657   -0.800    0.171  1
RGI60-04.03866     1.54351   71.647347  -75.087460   -0.633    0.176  1
RGI60-04.05444     1.54063   67.509997  -65.493296   -0.176    0.182  1
RGI60-04.05091     1.53972   72.513676  -76.322548   -0.688    0.170  1
RGI60-04.01593     1.53713   66.590387  -64.548782   -0.987    0.185  1
RGI60-04.05916     1.53687   69.184719  -68.818997   -0.769    0.202  1
RGI60-04.04599     1.53539   66.509711  -63.633666   -0.646    0.174  1
RGI60-04.03683     1.53502   71.365892  -72.095925   -0.358    0.169  1
RGI60-04.04857     1.53194   72.389656  -75.430153   -0.772    0.168  1
RGI60-04.06365     1.52827   73.778881  -86.064697   -0.547    0.196  1
RGI60-04.05901     1.52420   68.644931  -69.057286   -0.760    0.184  1
RGI60-04.01278     1.52410   66.842963  -62.571093   -0.743    0.176  1
RGI60-04.02073     1.52372   66.391347  -65.696939   -0.643    0.206  1
RGI60-04.04546     1.52347   66.404248  -63.030757   -0.350    0.142  1
RGI60-04.00785     1.52179   70.248573  -70.142230   -0.478    0.172  1
RGI60-04.06023     1.52145   69.384383  -68.786328   -0.841    0.220  1
RGI60-04.00669     1.51906   70.617400  -70.631290   -0.459    0.179  1
RGI60-04.04526     1.51749   66.530669  -63.876393   -0.521    0.163  1
RGI60-04.02080     1.51723   66.397324  -65.729175   -0.610    0.189  1
RGI60-04.00654     1.51640   70.524995  -70.862528   -0.518    0.179  1
RGI60-04.01530     1.51624   65.755400  -63.277315   -0.102    0.136  1
RGI60-04.02803     1.51524   68.480530  -67.670912   -0.522    0.166  1
RGI60-04.02729     1.51470   68.338716  -68.136454   -0.294    0.151  1
RGI60-04.04821     1.51251   72.231239  -77.174020   -0.650    0.159  1
RGI60-04.04551     1.51182   66.173791  -63.096964   -0.374    0.144  1
RGI60-04.04266     1.51145   66.082671  -64.629007   -0.547    0.171  1
RGI60-04.01828     1.51135   66.908783  -64.561204   -0.774    0.196  1
RGI60-04.05118     1.51007   73.254985  -83.178932   -0.184    0.204  1
RGI60-04.06110     1.50994   69.472613  -69.278165   -0.640    0.184  1
RGI60-04.02324     1.50976   67.796762  -66.524263   -0.384    0.157  1
RGI60-04.00619     1.50942   70.562409  -70.252993   -0.325    0.172  1
RGI60-04.00819     1.50939   70.386009  -70.533462   -0.275    0.162  1
RGI60-04.01356     1.50839   65.939141  -63.014047   -0.930    0.171  1
RGI60-04.03496     1.50462   70.942118  -73.313358   -0.367    0.154  1
RGI60-04.04808     1.50402   72.565684  -76.461241   -0.641    0.180  1
RGI60-04.02533     1.50307   67.956207  -66.878714   -0.541    0.180  1
RGI60-04.04230     1.50045   66.595651  -63.753813   -0.504    0.157  1
RGI60-04.00049     1.49941   63.788623  -65.436463   -0.640    0.167  1
RGI60-04.05816     1.49692   68.954862  -68.650072   -0.316    0.159  1
RGI60-04.00528     1.49359   69.972540  -70.471726    0.083    0.161  1
RGI60-04.05478     1.49274   67.548388  -66.099153   -0.637    0.184  1
RGI60-04.00724     1.49058   69.987915  -70.693779    0.176    0.172  1
RGI60-04.03622     1.48926   70.782854  -72.794527   -0.691    0.213  1
RGI60-04.07301     1.48906   73.510213  -77.441152   -0.595    0.207  1
RGI60-04.04868     1.48806   72.101553  -76.029273   -0.222    0.157  1
RGI60-04.05921     1.48741   69.146216  -68.966743   -0.508    0.170  1
RGI60-04.00002     1.48536   62.326138  -66.725374   -0.775    0.201  1
RGI60-04.04720     1.48521   72.694079  -77.225785   -0.695    0.159  1
RGI60-04.04528     1.48430   66.443224  -63.044544   -0.430    0.148  1
RGI60-04.00535     1.48352   70.444526  -71.073751   -0.639    0.192  1
RGI60-04.01407     1.48299   66.062903  -62.645462   -0.164    0.139  1
RGI60-04.01979     1.48066   66.240232  -65.420192   -1.105    0.240  1
RGI60-04.00735     1.47995   70.509609  -70.563071   -0.584    0.178  1
RGI60-04.04849     1.47855   72.304412  -76.548648   -0.471    0.170  1
RGI60-04.06750     1.47757   71.586536  -74.170342   -0.331    0.173  1
RGI60-04.06459     1.47747   73.697854  -85.058790   -0.467    0.174  1
RGI60-04.05689     1.47733   67.340070  -65.110102   -0.586    0.191  1
RGI60-04.01081     1.47673   66.730927  -63.544828   -0.026    0.149  1
RGI60-04.05199     1.47668   73.546552  -82.241444   -0.294    0.165  1
RGI60-04.05463     1.47566   66.782170  -65.857931   -0.683    0.180  1
RGI60-04.04863     1.47541   72.379019  -77.363430   -0.413    0.170  1
RGI60-04.01794     1.47474   66.284804  -64.978720   -1.259    0.231  1
RGI60-04.02626     1.46967   67.931510  -67.460947   -0.529    0.197  1
RGI60-04.06199     1.46558   72.122029  -78.247125   -0.688    0.153  1
RGI60-04.06109     1.46463   69.490113  -69.269678   -0.329    0.168  1
RGI60-04.05957     1.46428   69.271646  -68.535741   -0.322    0.167  1
RGI60-04.00625     1.46232   70.595500  -70.349050   -0.447    0.177  1
RGI60-04.07205     1.46127   73.033437  -76.687086   -0.746    0.156  1
RGI60-04.05342     1.46085   66.932659  -66.421377   -0.270    0.145  1
RGI60-04.02739     1.46030   68.387408  -67.918340   -0.325    0.155  1
RGI60-04.06563     1.45995   71.146763  -73.586868   -0.159    0.147  1
RGI60-04.00705     1.45906   70.005947  -70.229004   -0.130    0.166  1
RGI60-04.00573     1.45905   70.359669  -70.668651    0.121    0.166  1
RGI60-04.01302     1.45857   66.847843  -62.216321   -0.741    0.177  1
RGI60-04.03693     1.45857   71.467527  -72.558574   -0.784    0.182  1
RGI60-04.04519     1.45736   66.408025  -63.174203   -0.980    0.179  1
RGI60-04.06072     1.45399   68.674056  -68.533637   -0.491    0.165  1
RGI60-04.02586     1.45383   68.022049  -66.867362   -0.710    0.193  1
RGI60-04.04569     1.45379   65.857861  -63.726467   -0.528    0.159  1
RGI60-04.04038     1.45318   72.044595  -75.499826   -0.228    0.148  1
RGI60-04.06156     1.45269   69.506914  -69.124775   -0.234    0.177  1
RGI60-04.03843     1.45193   71.629119  -74.812524   -0.329    0.164  1
RGI60-04.02776     1.45112   68.057690  -66.761570   -0.531    0.184  1
RGI60-04.02974     1.44815   70.068599  -69.198112   -0.278    0.190  1
RGI60-04.01228     1.44747   66.800181  -62.248057   -0.483    0.153  1
RGI60-04.01629     1.44567   66.634226  -64.768641   -0.779    0.213  1
RGI60-04.06190     1.44505   72.035104  -77.915272   -0.615    0.175  1
RGI60-04.00623     1.44498   69.968253  -70.721416   -0.666    0.178  1
RGI60-04.00547     1.44405   70.470149  -70.409382   -0.330    0.180  1
RGI60-04.01796     1.44253   66.276403  -64.923657   -1.028    0.212  1
RGI60-04.02351     1.44187   67.557395  -64.915108   -0.437    0.182  1
RGI60-04.04304     1.44165   66.247540  -64.119693   -0.602    0.170  1
RGI60-04.05961     1.43965   69.217999  -69.072699   -0.690    0.183  1
RGI60-04.02114     1.43958   66.499460  -64.849864   -0.817    0.206  1
RGI60-04.07141     1.43727   73.292796  -77.711950   -0.688    0.169  1
RGI60-04.00849     1.43708   66.883614  -62.311826   -0.700    0.168  1
RGI60-04.04336     1.43387   65.813590  -63.908235   -0.431    0.144  1
RGI60-04.01654     1.43299   66.444650  -65.280133   -0.837    0.194  1
RGI60-04.06655     1.43284   71.410152  -74.089646   -0.715    0.203  1
RGI60-04.06529     1.43262   71.222082  -75.450975   -0.492    0.173  1
RGI60-04.05851     1.43122   69.095437  -69.001578   -0.599    0.177  1
RGI60-04.04594     1.43065   66.395261  -63.629342   -0.739    0.172  1
RGI60-04.02057     1.43028   66.413618  -65.098923   -0.838    0.213  1
RGI60-04.02365     1.42982   67.400537  -64.553666   -0.101    0.181  1
RGI60-04.01958     1.42714   67.086510  -63.912439   -0.670    0.171  1
RGI60-04.01774     1.42704   66.450410  -64.389741   -0.636    0.164  1
RGI60-04.04518     1.42632   66.523157  -63.513099   -0.474    0.159  1
RGI60-04.02958     1.42548   69.891225  -69.112807   -0.040    0.185  1
RGI60-04.01538     1.42509   65.805659  -63.508272   -0.526    0.156  1
RGI60-04.00008     1.42459   62.298809  -66.565604   -0.995    0.198  1
RGI60-04.02079     1.42387   66.373555  -65.696577   -0.786    0.197  1
RGI60-04.04731     1.42233   72.579061  -77.250758   -0.607    0.153  1
RGI60-04.07161     1.42187   73.313841  -79.976628   -0.479    0.148  1
RGI60-04.06520     1.42114   71.207036  -73.761639   -0.398    0.155  1
RGI60-04.03989     1.42114   71.912220  -75.331503   -0.273    0.164  1
RGI60-04.03612     1.42081   70.697333  -72.710866   -0.774    0.203  1
RGI60-04.05389     1.42034   67.133552  -64.829053   -0.115    0.183  1
RGI60-04.00738     1.41926   70.103102  -70.526582   -0.145    0.167  1
RGI60-04.01937     1.41924   67.058129  -64.377199   -0.186    0.179  1
RGI60-04.06411     1.41667   73.766762  -85.695368   -0.594    0.196  1
RGI60-04.07300     1.41578   73.507595  -77.684887   -0.913    0.232  1
RGI60-04.01305     1.41523   66.310928  -62.704286   -0.383    0.139  1
RGI60-04.06963     1.41380   72.967713  -76.804686   -0.757    0.157  1
RGI60-04.03336     1.41340   70.318980  -71.559065   -0.193    0.187  1
RGI60-04.04335     1.41117   66.120961  -64.010205   -0.754    0.166  1
RGI60-04.01716     1.40831   66.502419  -65.369689   -0.092    0.359  1
RGI60-04.04845     1.40830   72.547656  -76.974082   -0.626    0.155  1
RGI60-04.02745     1.40818   68.409234  -67.702632   -0.553    0.166  1
RGI60-04.00783     1.40768   70.101794  -70.187251   -0.203    0.167  1
RGI60-04.00946     1.40677   66.664796  -63.224724   -0.804    0.174  1
RGI60-04.04517     1.40472   66.078221  -63.549605   -0.334    0.144  1
RGI60-04.02848     1.40241   69.788852  -69.582790   -0.397    0.178  1
RGI60-04.05986     1.40237   69.299384  -68.799257   -0.473    0.206  1
RGI60-04.03969     1.40204   71.745248  -75.110278   -0.321    0.159  1
RGI60-04.06859     1.39915   72.246432  -76.487843   -0.886    0.185  1
RGI60-04.03547     1.39892   71.258101  -71.754516   -0.583    0.178  1
RGI60-04.05852     1.39869   69.055475  -69.085229   -0.686    0.175  1
RGI60-04.03200     1.39689   70.621607  -71.703932   -0.537    0.186  1
RGI60-04.07286     1.39658   73.471522  -77.516912   -0.738    0.215  1
RGI60-04.04614     1.39630   66.216095  -62.961358   -0.860    0.167  1
RGI60-04.04396     1.39401   66.158206  -63.092463   -0.531    0.152  1
RGI60-04.05214     1.39123   73.513465  -83.295569   -0.660    0.193  1
RGI60-04.01076     1.38920   66.367354  -62.659392   -0.671    0.162  1
RGI60-04.01354     1.38890   65.956913  -63.336714   -0.393    0.144  1
RGI60-04.05101     1.38887   72.541864  -75.920630   -0.942    0.197  1
RGI60-04.00923     1.38596   66.600569  -63.309844   -0.948    0.174  1
RGI60-04.04957     1.38300   72.253265  -77.194919   -0.400    0.163  1
RGI60-04.01224     1.38232   66.788612  -62.251168   -0.453    0.162  1
RGI60-04.04523     1.38138   66.117783  -64.030716   -0.343    0.151  1
RGI60-04.04990     1.37778   72.374008  -75.439039    0.467    0.154  1
RGI60-04.00733     1.37683   70.106915  -70.915174   -0.420    0.170  1
RGI60-04.02151     1.37146   67.633629  -65.026796   -1.571    0.381  1
RGI60-04.07302     1.36974   73.516511  -77.486846   -0.624    0.219  1
RGI60-04.04204     1.36949   66.570726  -63.438434   -0.850    0.185  1
RGI60-04.04167     1.36823   66.681473  -63.735133   -0.861    0.173  1
RGI60-04.00567     1.36749   70.232572  -70.767105   -0.540    0.184  1
RGI60-04.06919     1.36611   72.926490  -76.593906   -0.945    0.169  1
RGI60-04.03673     1.36537   71.272627  -72.702149   -0.398    0.160  1
RGI60-04.01254     1.36375   66.762482  -61.569275   -0.524    0.164  1
RGI60-04.04362     1.36366   65.829874  -63.809672   -0.335    0.146  1
RGI60-04.06615     1.36347   71.340766  -73.641497   -0.265    0.155  1
RGI60-04.01703     1.36247   66.539991  -65.231847   -0.821    0.204  1
RGI60-04.01726     1.36202   66.477122  -64.489110   -0.288    0.153  1
RGI60-04.05270     1.36100   73.185936  -82.032799   -0.420    0.169  1
RGI60-04.03419     1.36048   71.070653  -72.600375   -0.734    0.184  1
RGI60-04.06635     1.35973   71.108492  -73.802079   -0.342    0.152  1
RGI60-04.02001     1.35921   66.278782  -65.241923   -0.630    0.197  1
RGI60-04.04527     1.35796   65.915417  -63.618311   -0.577    0.156  1
RGI60-04.04039     1.35796   72.102483  -75.655483   -0.476    0.167  1
RGI60-04.03108     1.35764   70.633441  -72.374017   -0.569    0.199  1
RGI60-04.04861     1.35671   72.438346  -76.421867   -0.322    0.166  1
RGI60-04.05634     1.35506   67.606781  -65.944756   -0.783    0.199  1
RGI60-04.03606     1.35332   71.409552  -72.218475   -0.358    0.164  1
RGI60-04.03717     1.35281   71.396979  -72.587610   -0.659    0.170  1
RGI60-04.03975     1.35218   72.082076  -75.032797   -0.486    0.168  1
RGI60-04.03175     1.34856   70.608376  -71.216074   -0.188    0.179  1
RGI60-04.05156     1.34812   73.458296  -82.935608   -0.875    0.224  1
RGI60-04.01730     1.34723   66.526968  -64.752832   -1.234    0.238  1
RGI60-04.02943     1.34657   69.836903  -70.222419   -0.763    0.175  1
RGI60-04.01046     1.34566   66.468052  -62.578544   -0.605    0.152  1
RGI60-04.00672     1.34544   70.663681  -70.552601   -0.531    0.188  1
RGI60-04.01586     1.34418   66.592626  -65.832815   -0.411    0.183  1
RGI60-04.03556     1.34405   71.158178  -71.515134   -0.345    0.173  1
RGI60-04.01164     1.34390   66.756917  -61.989248   -0.604    0.156  1
RGI60-04.05464     1.34359   66.750099  -65.865387   -0.473    0.172  1
RGI60-04.01588     1.34325   66.543380  -65.898771   -0.959    0.213  1
RGI60-04.05571     1.34292   66.814704  -64.800089   -0.550    0.184  1
RGI60-04.05586     1.33974   66.964955  -66.308081   -0.310    0.158  1
RGI60-04.00430     1.33949   70.389822  -69.967617   -0.409    0.181  1
RGI60-04.04969     1.33926   72.542770  -76.603426   -0.609    0.152  1
RGI60-04.06016     1.33872   69.317207  -68.446742   -0.578    0.182  1
RGI60-04.01732     1.33861   66.236225  -65.128403   -0.832    0.199  1
RGI60-04.05928     1.33801   69.189629  -68.803354   -0.694    0.192  1
RGI60-04.06709     1.33778   71.532613  -73.125590   -0.540    0.158  1
RGI60-04.03339     1.33754   70.545237  -71.270516   -0.157    0.195  1
RGI60-04.00575     1.33679   70.236619  -70.733084   -0.069    0.163  1
RGI60-04.04383     1.33521   66.185106  -63.699391   -0.805    0.165  1
RGI60-04.01267     1.33379   66.503435  -62.249661   -0.786    0.166  1
RGI60-04.06837     1.33333   71.183846  -74.401481   -0.696    0.186  1
RGI60-04.00429     1.33198   70.150324  -70.361749   -0.415    0.187  1
RGI60-04.05145     1.33039   73.504427  -81.854652   -0.389    0.164  1
RGI60-04.01997     1.32803   66.276254  -65.390975   -1.247    0.224  1
RGI60-04.04752     1.32702   72.649999  -76.964501   -0.364    0.149  1
RGI60-04.02040     1.32662   66.387751  -64.986358   -0.707    0.193  1
RGI60-04.00107     1.32539   63.897008  -65.104586   -0.767    0.163  1
RGI60-04.07237     1.32149   73.143148  -77.367780   -0.632    0.168  1
RGI60-04.03013     1.32092   69.860846  -69.640689    0.074    0.183  1
RGI60-04.01114     1.32047   66.673829  -63.107346   -0.683    0.161  1
RGI60-04.05255     1.32009   73.257415  -81.778363   -0.457    0.165  1
RGI60-04.05347     1.31718   66.952607  -64.798441   -0.183    0.195  1
RGI60-04.06112     1.31317   69.321341  -69.232998   -0.681    0.190  1
RGI60-04.01474     1.31190   65.702408  -63.893357   -0.566    0.158  1
RGI60-04.05962     1.30979   69.293276  -68.820409   -0.593    0.204  1
RGI60-04.03940     1.30849   72.029659  -74.340003   -0.739    0.174  1
RGI60-04.05963     1.30836   69.295318  -68.766741   -0.461    0.185  1
RGI60-04.05917     1.30665   69.109700  -69.371942   -0.129    0.171  1
RGI60-04.01229     1.30658   66.767748  -61.620141   -1.124    0.202  1
RGI60-04.04734     1.30480   72.698018  -76.860361   -0.305    0.138  1
RGI60-04.06258     1.30298   71.559583  -77.593048   -0.481    0.176  1
RGI60-04.02464     1.30147   67.919631  -66.421608   -0.303    0.148  1
RGI60-04.02589     1.30079   68.017539  -67.164487   -0.216    0.171  1
RGI60-04.00920     1.30026   66.598228  -61.956276   -0.516    0.176  1
RGI60-04.04521     1.29863   66.054602  -63.473821   -0.677    0.161  1
RGI60-04.04386     1.29631   66.371530  -63.072800   -0.582    0.157  1
RGI60-04.07223     1.29621   73.082168  -76.620905   -0.882    0.171  1
RGI60-04.03558     1.29119   71.132630  -71.755885   -0.479    0.181  1
RGI60-04.03003     1.29100   69.728961  -70.111282   -0.458    0.179  1
RGI60-04.05924     1.28872   69.124619  -69.112056   -0.278    0.166  1
RGI60-04.04989     1.28870   72.382142  -75.407217   -0.196    0.148  1
RGI60-04.03699     1.28831   71.470214  -72.380250   -0.551    0.159  1
RGI60-04.00703     1.28721   70.007573  -70.348998   -0.252    0.167  1
RGI60-04.04288     1.28719   66.605985  -63.623814   -0.540    0.162  1
RGI60-04.01987     1.28407   66.992081  -64.542231   -0.435    0.179  1
RGI60-04.00432     1.28379   70.287191  -70.530087   -0.161    0.163  1
RGI60-04.01080     1.28339   66.687489  -62.473957   -0.844    0.204  1
RGI60-04.05283     1.28200   72.710401  -84.203963   -0.124    0.194  1
RGI60-04.01892     1.28147   67.030125  -63.994681   -0.737    0.171  1
RGI60-04.06319     1.28084   71.678292  -78.382192   -0.061    0.154  1
RGI60-04.00219     1.28034   64.060623  -65.436512   -0.682    0.171  1
RGI60-04.07155     1.27887   73.036016  -78.697208   -1.562    0.254  1
RGI60-04.03489     1.27867   71.133834  -73.133819   -0.517    0.166  1
RGI60-04.00880     1.27726   66.578103  -62.622371   -0.680    0.166  1
RGI60-04.03672     1.27695   71.272804  -72.633935   -0.573    0.167  1
RGI60-04.00932     1.27683   66.602049  -62.187143   -0.602    0.170  1
RGI60-04.01836     1.27655   66.849592  -64.350917   -0.796    0.210  1
RGI60-04.06694     1.27620   71.486273  -73.689311    0.015    0.162  1
RGI60-04.04212     1.27468   65.974493  -64.351323   -0.056    0.157  1
RGI60-04.00961     1.27451   66.616608  -61.935528   -0.382    0.167  1
RGI60-04.06686     1.27441   71.458710  -72.896708   -0.211    0.147  1
RGI60-04.04867     1.27383   72.182580  -75.587327   -0.058    0.156  1
RGI60-04.05443     1.27157   67.512857  -65.509453   -0.287    0.204  1
RGI60-04.02761     1.27109   68.411908  -68.866534   -0.456    0.174  1
RGI60-04.04179     1.27056   66.738006  -63.760246   -0.338    0.159  1
RGI60-04.06827     1.26819   71.647611  -73.880062   -0.642    0.198  1
RGI60-04.05561     1.26656   66.711934  -65.795023   -0.851    0.202  1
RGI60-04.06614     1.26571   71.309694  -74.486851   -0.611    0.200  1
RGI60-04.01266     1.26459   66.714218  -62.681205   -0.692    0.186  1
RGI60-04.05326     1.26224   66.830469  -65.951727   -0.956    0.215  1
RGI60-04.00825     1.26122   66.857815  -62.284772   -0.525    0.165  1
RGI60-04.00966     1.26088   66.686553  -62.933563    0.068    0.152  1
RGI60-04.01300     1.25977   66.842043  -62.195669   -0.453    0.155  1
RGI60-04.03487     1.25965   71.147256  -72.882827   -0.651    0.181  1
RGI60-04.06642     1.25958   71.423749  -73.090608   -0.231    0.149  1
RGI60-04.03441     1.25890   70.863261  -73.480696    0.152    0.153  1
RGI60-04.07387     1.25823   58.950607  -63.782259   -0.694    0.245  1
RGI60-04.03062     1.25497   70.116503  -69.012539   -0.283    0.197  1
RGI60-04.00710     1.25418   70.014861  -70.630547   -0.820    0.190  1
RGI60-04.00680     1.25068   70.712906  -70.349518   -0.552    0.185  1
RGI60-04.02665     1.25045   68.192490  -67.123440   -0.570    0.192  1
RGI60-04.03872     1.24926   71.662827  -74.952930   -0.281    0.165  1
RGI60-04.02567     1.24888   68.103451  -67.686193   -0.678    0.170  1
RGI60-04.02146     1.24497   67.657059  -66.251826   -0.330    0.167  1
RGI60-04.05146     1.24437   73.493752  -81.833744   -0.447    0.170  1
RGI60-04.05442     1.24409   67.510588  -65.527006   -0.678    0.215  1
RGI60-04.00598     1.24217   70.486550  -70.336983   -0.515    0.178  1
RGI60-04.07072     1.24143   73.469359  -77.676819   -0.839    0.191  1
RGI60-04.02363     1.24088   67.568789  -65.256996   -0.541    0.218  1
RGI60-04.05109     1.23951   73.297516  -82.088816   -0.529    0.189  1
RGI60-04.02436     1.23845   67.908829  -67.705083    0.024    0.144  1
RGI60-04.00435     1.23644   70.177682  -70.594784   -0.324    0.169  1
RGI60-04.02737     1.23484   68.047001  -66.826927   -0.477    0.194  1
RGI60-04.03490     1.23467   71.186020  -73.010085   -0.445    0.157  1
RGI60-04.03537     1.23448   71.199315  -73.085281   -0.462    0.170  1
RGI60-04.06029     1.23416   69.377430  -68.903012    0.100    0.189  1
RGI60-04.00802     1.23361   70.336084  -70.401956   -0.358    0.179  1
RGI60-04.02523     1.23296   67.952822  -66.945136   -0.538    0.183  1
RGI60-04.02529     1.23294   67.971696  -66.785001   -0.712    0.204  1
RGI60-04.02465     1.23132   67.927786  -66.648788   -1.000    0.214  1
RGI60-04.02623     1.23062   68.006851  -67.539058   -0.205    0.163  1
RGI60-04.01554     1.23057   65.790330  -63.504038   -0.271    0.146  1
RGI60-04.03719     1.23004   71.450264  -72.692632   -0.305    0.155  1
RGI60-04.04164     1.22990   66.677654  -63.714650   -0.789    0.174  1
RGI60-04.06778     1.22856   71.664268  -74.358979   -0.391    0.178  1
RGI60-04.06590     1.22628   71.220894  -74.092377   -0.011    0.145  1
RGI60-04.02568     1.22558   68.115739  -67.683304   -0.544    0.167  1
RGI60-04.04860     1.22452   72.543807  -76.918521   -0.568    0.157  1
RGI60-04.04328     1.22065   66.521558  -63.065021   -0.743    0.177  1
RGI60-04.06774     1.21737   71.453332  -74.340187   -0.002    0.174  1
RGI60-04.02843     1.21688   69.764882  -69.187405   -0.397    0.222  1
RGI60-04.06036     1.21528   68.692437  -68.248919   -0.389    0.170  1
RGI60-04.00333     1.21502   63.993629  -65.881941   -0.480    0.155  1
RGI60-04.02855     1.21502   69.808765  -69.891394   -0.188    0.181  1
RGI60-04.05887     1.21339   69.091526  -68.368741   -0.576    0.186  1
RGI60-04.05507     1.21299   67.079918  -64.955668   -0.639    0.198  1
RGI60-04.05822     1.21247   68.973696  -68.361040   -0.484    0.178  1
RGI60-04.00674     1.21005   70.696483  -70.645477   -0.436    0.190  1
RGI60-04.03227     1.20983   70.756198  -72.065265   -0.687    0.200  1
RGI60-04.05197     1.20931   73.552955  -82.410643   -0.469    0.223  1
RGI60-04.05993     1.20885   68.697300  -69.180855   -0.461    0.172  1
RGI60-04.04644     1.20656   66.312345  -63.851818   -0.621    0.164  1
RGI60-04.04530     1.20567   66.025831  -64.010324   -0.479    0.160  1
RGI60-04.05031     1.20539   72.393491  -76.957332   -0.732    0.175  1
RGI60-04.01739     1.20513   66.444866  -65.134750   -0.998    0.243  1
RGI60-04.04854     1.20475   72.279683  -75.234845   -0.622    0.188  1
RGI60-04.01342     1.20399   66.078995  -62.520112   -0.071    0.142  1
RGI60-04.01817     1.20395   66.699089  -64.507631   -0.582    0.191  1
RGI60-04.05284     1.20192   72.717522  -84.277641   -0.528    0.217  1
RGI60-04.05107     1.20120   72.519504  -75.859434   -0.491    0.168  1
RGI60-04.02957     1.20026   69.845721  -69.226606   -0.276    0.195  1
RGI60-04.02721     1.19790   68.297209  -67.698073   -0.603    0.173  1
RGI60-04.02897     1.19777   69.594396  -69.073961   -0.036    0.181  1
RGI60-04.02891     1.19764   69.627493  -69.530175   -0.315    0.168  1
RGI60-04.02757     1.19707   68.078815  -67.733839   -0.558    0.159  1
RGI60-04.00933     1.19655   66.658246  -63.350725   -0.244    0.144  1
RGI60-04.02790     1.19433   68.452176  -68.012686   -0.399    0.161  1
RGI60-04.05875     1.19270   68.997715  -68.594987   -0.197    0.177  1
RGI60-04.00767     1.19226   70.112507  -70.179891   -0.245    0.178  1
RGI60-04.07306     1.18929   73.516329  -77.717750   -0.147    0.200  1
RGI60-04.06238     1.18925   72.292338  -78.581727   -0.460    0.153  1
RGI60-04.04057     1.18866   72.056230  -75.356668   -0.308    0.160  1
RGI60-04.00569     1.18774   70.333109  -70.689756   -0.320    0.171  1
RGI60-04.02802     1.18741   68.494558  -67.841664   -0.487    0.171  1
RGI60-04.03068     1.18491   70.129941  -69.460545   -0.091    0.181  1
RGI60-04.01245     1.18471   66.805896  -62.521824   -0.677    0.182  1
RGI60-04.04646     1.18446   66.199604  -64.012029   -0.248    0.155  1
RGI60-04.03778     1.18236   70.804781  -72.287091   -0.496    0.215  1
RGI60-04.05122     1.18089   73.356870  -83.117672    0.236    0.196  1
RGI60-04.02924     1.17733   69.708397  -69.478221   -0.580    0.202  1
RGI60-04.03320     1.17529   70.402638  -72.051529   -0.423    0.194  1
RGI60-04.04541     1.17524   66.369951  -63.340154   -0.792    0.169  1
RGI60-04.00612     1.17457   70.546161  -70.278754   -0.426    0.185  1
RGI60-04.05096     1.17396   72.508715  -76.168528   -0.585    0.170  1
RGI60-04.01454     1.17123   65.641245  -64.058516   -0.257    0.144  1
RGI60-04.02300     1.17075   67.538086  -65.005744   -0.638    0.208  1
RGI60-04.06464     1.16971   73.755252  -84.996227   -0.643    0.203  1
RGI60-04.03921     1.16928   71.873726  -75.540603   -0.273    0.165  1
RGI60-04.00999     1.16847   66.598391  -62.717838   -0.826    0.184  1
RGI60-04.05563     1.16835   66.620210  -65.291570   -0.511    0.216  1
RGI60-04.05318     1.16781   72.266312  -82.229979   -0.403    0.148  1
RGI60-04.01889     1.16713   67.053536  -64.466352   -0.741    0.202  1
RGI60-04.04983     1.16682   72.323267  -76.334437    0.527    0.176  1
RGI60-04.02069     1.16624   66.489660  -65.445121   -0.401    0.190  1
RGI60-04.03775     1.16574   70.969787  -71.548058   -0.644    0.194  1
RGI60-04.00702     1.16539   69.993408  -70.563433   -0.379    0.173  1
RGI60-04.06829     1.16521   71.678689  -73.989607   -0.576    0.184  1
RGI60-04.00440     1.16493   70.249945  -70.012311   -0.095    0.168  1
RGI60-04.03493     1.16441   70.854521  -72.733910   -1.012    0.226  1
RGI60-04.01155     1.16436   66.741201  -61.687743   -0.867    0.191  1
RGI60-04.04332     1.16427   66.384387  -62.973422   -0.681    0.167  1
RGI60-04.03295     1.16366   70.852626  -70.949353   -0.309    0.180  1
RGI60-04.00350     1.16362   63.698918  -65.384451   -0.490    0.166  1
RGI60-04.00892     1.16347   66.601188  -62.741959   -0.694    0.170  1
RGI60-04.03380     1.16347   70.837081  -72.003636   -0.369    0.176  1
RGI60-04.02083     1.16325   66.422147  -65.651943   -0.526    0.187  1
RGI60-04.05572     1.16188   67.393972  -65.164482   -0.487    0.171  1
RGI60-04.06564     1.16182   71.307726  -73.288964   -0.153    0.159  1
RGI60-04.04991     1.16055   72.353263  -75.523621   -0.210    0.149  1
RGI60-04.04727     1.16024   72.703120  -76.765017   -0.779    0.180  1
RGI60-04.02684     1.15936   68.236373  -67.131140   -0.402    0.176  1
RGI60-04.06536     1.15926   71.250320  -74.269419   -0.176    0.172  1
RGI60-04.02403     1.15904   67.605294  -65.431583   -0.490    0.196  1
RGI60-04.03377     1.15895   70.925320  -71.540953   -0.276    0.173  1
RGI60-04.06035     1.15876   68.692597  -68.291976   -0.336    0.167  1
RGI60-04.01922     1.15757   67.025896  -64.257541   -0.576    0.192  1
RGI60-04.01731     1.15712   66.267311  -65.137377   -1.179    0.213  1
RGI60-04.00996     1.15523   66.641689  -62.489985   -0.980    0.221  1
RGI60-04.02691     1.15168   68.219252  -67.049840   -0.521    0.192  1
RGI60-04.01724     1.15110   66.443063  -64.904662   -0.777    0.255  1
RGI60-04.06905     1.15049   73.324863  -77.497092   -0.698    0.190  1
RGI60-04.00891     1.15038   66.578025  -62.753075   -1.203    0.214  1
RGI60-04.00444     1.14995   70.130363  -70.473730   -0.329    0.173  1
RGI60-04.07263     1.14933   73.227147  -79.458314   -0.463    0.144  1
RGI60-04.04004     1.14684   71.922035  -74.601091   -0.221    0.162  1
RGI60-04.01124     1.14545   66.762027  -63.120850   -0.652    0.165  1
RGI60-04.03408     1.14454   70.883539  -71.830159   -0.236    0.175  1
RGI60-04.03226     1.14445   70.736733  -71.563954   -0.432    0.190  1
RGI60-04.05727     1.14403   66.794138  -65.688995   -0.322    0.188  1
RGI60-04.04341     1.14367   66.144431  -63.875609   -0.231    0.144  1
RGI60-04.05436     1.14340   66.746032  -65.157485   -0.791    0.209  1
RGI60-04.00436     1.14240   70.109525  -70.401145   -0.475    0.186  1
RGI60-04.02371     1.14236   67.573285  -65.231198   -0.457    0.230  1
RGI60-04.06159     1.14210   69.556937  -68.884573   -0.408    0.186  1
RGI60-04.00264     1.14201   64.340511  -65.769813   -0.474    0.152  1
RGI60-04.04183     1.14130   66.736214  -63.707066   -0.189    0.155  1
RGI60-04.05819     1.13919   68.958178  -68.621219   -0.191    0.173  1
RGI60-04.03491     1.13916   70.971299  -73.464831   -0.289    0.160  1
RGI60-04.04462     1.13897   65.955717  -63.727298   -0.547    0.159  1
RGI60-04.05601     1.13524   66.806046  -64.776521   -0.733    0.201  1
RGI60-04.02896     1.13494   69.570800  -69.310955   -0.914    0.223  1
RGI60-04.02375     1.13422   67.578991  -64.972384   -0.727    0.205  1
RGI60-04.03943     1.13377   72.089821  -75.386251   -0.457    0.163  1
RGI60-04.06193     1.13369   72.072578  -77.787792   -0.713    0.171  1
RGI60-04.06567     1.13323   71.298990  -73.286552    0.112    0.150  1
RGI60-04.03919     1.13309   71.883759  -75.532751   -0.010    0.163  1
RGI60-04.01742     1.13288   66.543513  -64.447936   -0.548    0.163  1
RGI60-04.01575     1.13231   66.535019  -64.368200   -0.618    0.166  1
RGI60-04.01145     1.13150   66.758063  -62.442326   -0.287    0.181  1
RGI60-04.02971     1.13117   70.043311  -69.706340   -0.808    0.207  1
RGI60-04.04048     1.13106   71.837354  -75.743954   -0.331    0.166  1
RGI60-04.01719     1.13092   66.338556  -65.267986   -1.013    0.211  1
RGI60-04.05359     1.12863   66.999461  -66.448890   -0.165    0.153  1
RGI60-04.02166     1.12718   67.624639  -65.699713   -0.613    0.167  1
RGI60-04.03625     1.12590   70.718885  -72.706220   -0.743    0.207  1
RGI60-04.02537     1.12574   67.945586  -66.997830   -0.755    0.234  1
RGI60-04.04154     1.12558   66.612956  -63.701183   -0.181    0.152  1
RGI60-04.04858     1.12505   72.327684  -77.105252   -0.415    0.167  1
RGI60-04.05954     1.12481   69.269985  -68.579629   -0.698    0.201  1
RGI60-04.04539     1.12384   66.433110  -63.320482   -0.083    0.141  1
RGI60-04.04778     1.12346   72.201841  -74.795735   -1.194    0.218  1
RGI60-04.00706     1.12298   69.977795  -70.274331   -0.020    0.164  1
RGI60-04.01285     1.12294   66.525273  -62.861653   -0.660    0.180  1
RGI60-04.04632     1.12281   66.277165  -62.917310   -0.444    0.154  1
RGI60-04.05366     1.12225   67.044474  -66.324752   -0.562    0.162  1
RGI60-04.02800     1.12146   68.497896  -67.822577   -0.058    0.157  1
RGI60-04.02511     1.11798   67.962782  -68.008229   -0.518    0.162  1
RGI60-04.03978     1.11737   71.935277  -74.597114   -0.440    0.170  1
RGI60-04.02738     1.11734   68.061195  -66.845100   -0.696    0.205  1
RGI60-04.06158     1.11720   69.574544  -68.695808   -0.434    0.202  1
RGI60-04.00349     1.11713   63.685646  -64.956019   -0.537    0.168  1
RGI60-04.03335     1.11645   70.351163  -71.609880   -0.447    0.204  1
RGI60-04.02123     1.11645   67.417224  -64.719660   -0.316    0.179  1
RGI60-04.03575     1.11584   71.153356  -71.468099   -0.556    0.184  1
RGI60-04.03524     1.11567   70.832546  -73.454738   -0.606    0.169  1
RGI60-04.03546     1.11552   71.250045  -72.133074   -0.530    0.187  1
RGI60-04.04331     1.11496   65.928952  -63.652808   -0.647    0.172  1
RGI60-04.00632     1.11396   70.636691  -70.734115   -0.421    0.183  1
RGI60-04.00903     1.11338   66.638094  -63.115195   -0.321    0.151  1
RGI60-04.00887     1.11293   66.582067  -62.370535   -0.661    0.161  1
RGI60-04.00799     1.11250   70.332330  -69.744933   -0.210    0.174  1
RGI60-04.03420     1.10950   70.763373  -73.196337   -0.487    0.164  1
RGI60-04.04253     1.10819   66.123582  -64.642224   -0.564    0.170  1
RGI60-04.02827     1.10751   67.837297  -66.734684   -0.571    0.204  1
RGI60-04.04859     1.10549   72.156277  -75.376179   -0.603    0.176  1
RGI60-04.00248     1.10502   64.294425  -65.869355   -0.322    0.151  1
RGI60-04.06917     1.10410   73.480546  -80.420793   -0.428    0.149  1
RGI60-04.01759     1.10166   66.441866  -64.945363   -0.029    0.170  1
RGI60-04.01256     1.10105   66.773252  -61.574064   -0.458    0.162  1
RGI60-04.01172     1.10064   66.781400  -62.218360   -0.745    0.187  1
RGI60-04.04642     1.10020   66.275227  -63.826376   -0.363    0.151  1
RGI60-04.00041     1.09963   63.792105  -65.725303   -0.227    0.146  1
RGI60-04.06909     1.09894   73.106630  -76.888242   -0.716    0.166  1
RGI60-04.02585     1.09743   68.015053  -66.607103   -0.616    0.209  1
RGI60-04.04439     1.09700   66.504120  -63.279244   -0.714    0.176  1
RGI60-04.01960     1.09660   67.088536  -63.878201   -0.827    0.184  1
RGI60-04.03130     1.09557   70.676003  -71.146549   -0.498    0.200  1
RGI60-04.04732     1.09504   72.736615  -76.983255   -0.427    0.153  1
RGI60-04.03543     1.09480   71.247727  -72.066481    0.325    0.179  1
RGI60-04.00517     1.09352   70.460876  -70.677228   -0.601    0.177  1
RGI60-04.05398     1.09255   67.165593  -64.814851   -0.624    0.206  1
RGI60-04.06910     1.09254   72.884472  -76.419512   -0.859    0.194  1
RGI60-04.05564     1.09224   66.708261  -65.250241   -0.594    0.218  1
RGI60-04.05099     1.09169   72.549417  -75.666729   -0.370    0.169  1
RGI60-04.04248     1.09035   66.048482  -64.306758   -0.557    0.177  1
RGI60-04.02850     1.08999   69.794238  -69.678747   -0.539    0.178  1
RGI60-04.02841     1.08949   69.769791  -69.437664   -0.173    0.220  1
RGI60-04.03820     1.08930   71.554708  -75.110224   -0.765    0.188  1
RGI60-04.05375     1.08910   67.072216  -66.475024   -0.062    0.163  1
RGI60-04.04557     1.08869   66.064755  -63.678672   -0.361    0.155  1
RGI60-04.04511     1.08839   66.200141  -63.174821   -0.755    0.164  1
RGI60-04.06296     1.08764   71.633394  -78.154307    0.023    0.164  1
RGI60-04.07287     1.08753   73.465490  -77.541515   -0.745    0.224  1
RGI60-04.06860     1.08730   63.869179  -65.888415   -0.405    0.170  1
RGI60-04.03383     1.08729   70.877022  -71.876384   -0.433    0.182  1
RGI60-04.03331     1.08662   70.471298  -71.274424   -0.744    0.207  1
RGI60-04.06710     1.08624   71.540013  -73.204299   -0.373    0.155  1
RGI60-04.00113     1.08513   63.935252  -65.966436   -0.044    0.144  1
RGI60-04.00254     1.08354   64.322441  -65.805880   -0.351    0.147  1
RGI60-04.04866     1.08300   72.195483  -77.003220   -0.007    0.152  1
RGI60-04.03190     1.08297   70.247663  -71.532188   -0.602    0.196  1
RGI60-04.05974     1.08263   69.325684  -68.954924    0.264    0.197  1
RGI60-04.07275     1.08061   73.358015  -77.516853   -0.778    0.185  1
RGI60-04.01815     1.08051   66.695211  -64.435524    0.027    0.157  1
RGI60-04.00851     1.07979   66.877973  -62.271414   -0.701    0.182  1
RGI60-04.02857     1.07958   69.812995  -70.297654   -0.868    0.215  1
RGI60-04.02716     1.07955   68.213288  -67.433386   -0.429    0.172  1
RGI60-04.05244     1.07936   73.186036  -82.384885   -0.426    0.167  1
RGI60-04.00723     1.07876   69.985036  -70.720918   -0.461    0.182  1
RGI60-04.01231     1.07796   66.476086  -62.219761   -0.436    0.156  1
RGI60-04.05085     1.07784   72.541438  -75.623807    0.768    0.195  1
RGI60-04.06639     1.07764   71.447791  -73.031376   -0.345    0.163  1
RGI60-04.01383     1.07711   66.071223  -62.991073   -0.355    0.145  1
RGI60-04.02895     1.07641   69.719345  -68.938664   -0.505    0.198  1
RGI60-04.04862     1.07533   72.361327  -75.498246   -0.383    0.155  1
RGI60-04.07073     1.07497   72.940958  -77.390510   -0.874    0.197  1
RGI60-04.06908     1.07415   73.333893  -77.490032   -0.605    0.173  1
RGI60-04.03355     1.07387   70.520439  -71.411368   -0.083    0.172  1
RGI60-04.06675     1.07382   71.427174  -74.802602   -0.356    0.174  1
RGI60-04.05729     1.07280   66.722222  -65.595963   -0.543    0.221  1
RGI60-04.02340     1.06998   67.676263  -65.657226   -0.590    0.176  1
RGI60-04.02616     1.06994   68.096954  -66.985802   -0.549    0.189  1
RGI60-04.02832     1.06986   69.688631  -70.326665   -0.236    0.171  1
RGI60-04.03564     1.06951   71.168917  -71.926979    0.148    0.166  1
RGI60-04.03492     1.06923   70.806801  -73.130251   -0.230    0.158  1
RGI60-04.00437     1.06851   70.390027  -70.302406   -0.130    0.169  1
RGI60-04.06292     1.06667   71.582640  -78.523134    0.023    0.155  1
RGI60-04.07268     1.06638   73.239889  -79.516301   -0.605    0.156  1
RGI60-04.00490     1.06617   70.426143  -70.122451    0.222    0.176  1
RGI60-04.05408     1.06601   67.239872  -64.814892   -0.343    0.182  1
RGI60-04.03818     1.06416   71.564878  -75.085924   -0.891    0.198  1
RGI60-04.00218     1.06348   64.262082  -65.807456   -0.171    0.141  1
RGI60-04.05087     1.06313   72.494669  -76.359440   -0.638    0.171  1
RGI60-04.06699     1.06181   71.469399  -73.228660   -0.321    0.156  1
RGI60-04.05695     1.06142   67.034890  -65.129202    0.011    0.185  1
RGI60-04.02594     1.05995   68.035566  -68.087895   -0.439    0.180  1
RGI60-04.02330     1.05938   67.799203  -65.838586   -0.309    0.154  1
RGI60-04.03240     1.05935   70.452640  -72.188988   -0.552    0.193  1
RGI60-04.02011     1.05858   66.382975  -65.392578   -0.753    0.206  1
RGI60-04.03432     1.05827   71.116680  -71.985959   -0.186    0.170  1
RGI60-04.00335     1.05798   63.962644  -65.676747   -0.018    0.138  1
RGI60-04.05686     1.05676   67.387349  -65.191206   -0.051    0.163  1
RGI60-04.05094     1.05663   72.523369  -76.184567   -0.540    0.167  1
RGI60-04.05582     1.05653   67.062809  -64.829564   -0.272    0.201  1
RGI60-04.01743     1.05584   66.454147  -64.641417   -0.779    0.202  1
RGI60-04.06619     1.05422   71.101362  -74.785147   -0.989    0.210  1
RGI60-04.01490     1.05341   65.739649  -63.953603   -0.505    0.162  1
RGI60-04.00461     1.05285   70.405710  -70.222490   -0.436    0.182  1
RGI60-04.03611     1.05224   70.809390  -72.634759   -1.308    0.252  1
RGI60-04.05809     1.05208   68.933671  -68.871227   -0.325    0.165  1
RGI60-04.06157     1.05020   69.476349  -68.831493   -0.295    0.203  1
RGI60-04.00508     1.04939   70.442646  -70.998838   -0.148    0.165  1
RGI60-04.00361     1.04935   63.712694  -64.811736   -0.681    0.174  1
RGI60-04.03433     1.04581   71.133540  -72.007098   -0.496    0.185  1
RGI60-04.03533     1.04503   71.076028  -73.187838   -0.452    0.172  1
RGI60-04.02940     1.04483   69.814351  -69.049127   -0.182    0.192  1
RGI60-04.06813     1.04466   71.563671  -74.556231    0.134    0.169  1
RGI60-04.03540     1.04465   71.247013  -72.093565   -0.361    0.191  1
RGI60-04.06888     1.04401   73.546880  -80.551798   -0.809    0.209  1
RGI60-04.03193     1.04290   70.864888  -71.279985   -0.211    0.191  1
RGI60-04.06395     1.04235   73.149003  -86.491103   -0.574    0.216  1
RGI60-04.05565     1.04100   67.286411  -64.922537   -0.291    0.197  1
RGI60-04.00960     1.04062   66.612279  -61.905886   -0.708    0.201  1
RGI60-04.02044     1.04023   66.364166  -64.908917   -0.477    0.185  1
RGI60-04.01430     1.03971   65.559047  -64.050075   -0.307    0.149  1
RGI60-04.06194     1.03874   71.531083  -77.514376   -0.011    0.153  1
RGI60-04.01844     1.03817   66.780288  -64.538131   -0.836    0.231  1
RGI60-04.02741     1.03793   68.379056  -67.952026   -0.431    0.166  1
RGI60-04.00729     1.03764   70.053189  -71.034821   -0.421    0.192  1
RGI60-04.05934     1.03738   69.186520  -68.744384   -0.534    0.193  1
RGI60-04.04203     1.03737   66.577179  -63.421880   -0.817    0.180  1
RGI60-04.04046     1.03672   72.019463  -75.968173   -0.443    0.176  1
RGI60-04.02095     1.03666   66.443564  -65.632646   -0.382    0.184  1
RGI60-04.04271     1.03496   66.137651  -64.390588    0.025    0.153  1
RGI60-04.00156     1.03363   64.073750  -65.306253   -0.572    0.178  1
RGI60-04.01396     1.03276   66.096224  -62.456776   -0.363    0.156  1
RGI60-04.02892     1.03150   69.801620  -69.055694   -0.626    0.214  1
RGI60-04.01248     1.03138   66.781827  -62.113172   -0.452    0.158  1
RGI60-04.04882     1.03122   72.504358  -76.683675   -0.417    0.152  1
RGI60-04.06911     1.03109   73.274308  -79.837873   -0.459    0.149  1
RGI60-04.02211     1.03045   67.673651  -65.058887   -0.974    0.286  1
RGI60-04.02755     1.03012   67.832641  -66.791880   -0.628    0.202  1
RGI60-04.04726     1.02882   72.586831  -76.912830   -0.849    0.174  1
RGI60-04.05402     1.02812   67.207014  -64.631255   -0.515    0.207  1
RGI60-04.01573     1.02728   66.552861  -65.241292   -0.569    0.207  1
RGI60-04.01384     1.02683   66.080744  -62.926148   -0.440    0.154  1
RGI60-04.03228     1.02479   70.782922  -71.946000   -0.683    0.194  1
RGI60-04.03767     1.02469   71.548672  -72.589350   -0.675    0.176  1
RGI60-04.06916     1.02377   73.477059  -78.390037   -0.618    0.184  1
RGI60-04.04779     1.02169   72.135830  -76.771861   -0.640    0.176  1
RGI60-04.05927     1.02137   69.171008  -69.294379   -0.261    0.169  1
RGI60-04.01121     1.01955   66.723167  -63.174779   -0.532    0.159  1
RGI60-04.03816     1.01874   71.526972  -76.559531   -0.722    0.171  1
RGI60-04.03859     1.01811   71.685773  -75.102426   -0.574    0.183  1
RGI60-04.05594     1.01777   66.892788  -64.777766   -0.395    0.211  1
RGI60-04.07074     1.01711   72.965833  -78.613187   -0.534    0.189  1
RGI60-04.00431     1.01645   70.278938  -69.560211   -0.587    0.200  1
RGI60-04.06876     1.01586   72.907780  -76.305125   -0.954    0.191  1
RGI60-04.06084     1.01477   69.463051  -68.069125   -0.951    0.215  1
RGI60-04.05505     1.01444   67.254962  -65.064040   -0.523    0.203  1
RGI60-04.02107     1.01365   66.515447  -64.826769   -0.557    0.217  1
RGI60-04.03844     1.01346   71.639693  -74.798955   -0.439    0.179  1
RGI60-04.03565     1.01286   71.245164  -71.950179    0.104    0.169  1
RGI60-04.06591     1.01204   71.317973  -73.759467   -0.579    0.169  1
RGI60-04.02154     1.01123   67.652904  -65.934273   -0.663    0.217  1
RGI60-04.02165     1.01061   67.653763  -65.654084   -0.865    0.202  1
RGI60-04.04219     1.01017   66.016341  -64.174463    0.085    0.167  1
RGI60-04.05797     1.01001   68.929599  -69.217185   -0.185    0.188  1
RGI60-04.00512     1.00987   70.460416  -69.428624   -0.708    0.198  1
RGI60-04.06775     1.00905   71.607287  -74.489883   -0.608    0.194  1
RGI60-04.06113     1.00797   69.494623  -69.291425   -0.130    0.194  1
RGI60-04.02239     1.00785   67.710927  -64.699096   -0.636    0.218  1
RGI60-04.06543     1.00772   71.225136  -74.296517   -0.563    0.188  1
RGI60-04.03929     1.00738   71.975210  -74.712376   -0.422    0.166  1
RGI60-04.03660     1.00686   71.269262  -72.611087   -0.363    0.158  1
RGI60-04.05102     1.00678   72.526037  -75.886348   -0.828    0.191  1
RGI60-04.05824     1.00615   68.965873  -68.441142    0.106    0.170  1
RGI60-04.04346     1.00518   66.437061  -63.074746   -0.115    0.141  1
RGI60-04.00611     1.00469   70.542832  -70.243991   -0.580    0.190  1
RGI60-04.00768     1.00403   70.112714  -70.140667   -0.249    0.173  1
RGI60-04.02519     1.00392   67.943881  -66.843775   -0.570    0.222  1
RGI60-04.05847     1.00373   69.089575  -69.024399   -0.054    0.170  1
RGI60-04.02379     1.00372   67.619292  -66.502824   -0.381    0.176  1
RGI60-04.03857     1.00347   71.664845  -74.995142   -0.434    0.171  1
RGI60-04.05964     1.00334   69.323590  -68.914484   -0.397    0.210  1
RGI60-04.05368     1.00331   67.112692  -66.355628   -0.402    0.155  1
RGI60-04.00193     1.00276   62.509362  -66.650968    0.108    0.198  1
RGI60-04.03779     1.00217   70.839720  -72.366896   -0.315    0.197  1
RGI60-04.06904     1.00206   72.870820  -76.466519   -0.855    0.200  1
RGI60-04.02184     1.00132   67.683211  -65.884634   -0.372    0.174  1
RGI60-04.06002     1.00076   69.396532  -68.745578   -0.558    0.210  1
RGI60-04.00911     1.00047   66.671890  -62.600920   -0.730    0.182  1
RGI60-04.02440     1.00020   67.908094  -66.757274   -0.349    0.177  1
RGI60-04.02461     0.99754   67.933193  -67.677617   -0.277    0.160  1
RGI60-04.00663     0.99754   70.661493  -70.593189   -0.460    0.204  1
RGI60-04.04657     0.99695   66.189648  -64.084585   -0.397    0.160  1
RGI60-04.00383     0.99601   70.409395  -69.964990   -0.617    0.193  1
RGI60-04.06526     0.99580   71.224963  -73.744091   -0.406    0.155  1
RGI60-04.06334     0.99576   71.479380  -77.115719   -0.476    0.157  1
RGI60-04.00037     0.99429   63.762763  -65.275206   -0.884    0.199  1
RGI60-04.04337     0.99376   65.801509  -63.900752   -0.346    0.160  1
RGI60-04.06633     0.99328   71.446930  -73.089497   -0.697    0.193  1
RGI60-04.01885     0.99250   67.039839  -64.072334   -0.456    0.169  1
RGI60-04.03004     0.99181   69.740188  -69.980041   -0.726    0.207  1
RGI60-04.03046     0.99168   70.056134  -69.587171   -0.593    0.212  1
RGI60-04.00401     0.99142   70.379801  -69.983004   -0.101    0.181  1
RGI60-04.06070     0.99142   69.456815  -70.259512   -0.329    0.175  1
RGI60-04.05994     0.98991   69.333314  -68.586435   -0.644    0.201  1
RGI60-04.04958     0.98951   72.257354  -77.153605   -0.690    0.185  1
RGI60-04.03132     0.98913   70.634468  -71.392448   -0.545    0.201  1
RGI60-04.01621     0.98753   66.156930  -64.964764   -0.746    0.194  1
RGI60-04.00101     0.98732   63.876822  -65.115449   -0.446    0.158  1
RGI60-04.06731     0.98585   71.106079  -74.828628   -0.671    0.217  1
RGI60-04.00834     0.98583   66.866223  -62.178610   -0.720    0.201  1
RGI60-04.06537     0.98547   71.279396  -74.147089   -0.393    0.165  1
RGI60-04.05100     0.98540   72.532366  -76.286552   -0.896    0.197  1
RGI60-04.04019     0.98497   71.827080  -75.540815   -0.520    0.178  1
RGI60-04.07101     0.98418   73.572938  -79.680886   -0.693    0.174  1
RGI60-04.00784     0.98188   70.108428  -70.206231   -0.116    0.182  1
RGI60-04.06222     0.98073   72.133161  -77.713460   -0.120    0.156  1
RGI60-04.01357     0.98066   65.973525  -63.353505   -0.226    0.141  1
RGI60-04.05373     0.98045   67.084547  -66.536586    0.229    0.156  1
RGI60-04.04000     0.97970   72.068359  -74.420042   -0.703    0.181  1
RGI60-04.02699     0.97866   68.272405  -67.127910    0.469    0.170  1
RGI60-04.03334     0.97825   70.361304  -71.614297   -0.276    0.198  1
RGI60-04.05568     0.97800   67.475438  -65.239617   -0.143    0.196  1
RGI60-04.01938     0.97781   66.210371  -65.472889   -0.833    0.214  1
RGI60-04.03514     0.97717   71.019040  -72.376510   -0.859    0.214  1
RGI60-04.01728     0.97716   66.591551  -64.865796   -0.942    0.232  1
RGI60-04.03762     0.97702   71.542748  -72.468217   -0.817    0.177  1
RGI60-04.05581     0.97681   67.052997  -64.820649   -0.586    0.211  1
RGI60-04.01171     0.97652   66.761607  -62.218358   -0.950    0.222  1
RGI60-04.04865     0.97575   72.169661  -75.477151   -0.205    0.167  1
RGI60-04.00144     0.97487   63.983627  -65.216932   -0.707    0.198  1
RGI60-04.02108     0.97481   66.472801  -64.845537   -0.555    0.189  1
RGI60-04.06179     0.97390   68.874404  -69.752619    0.560    0.220  1
RGI60-04.06538     0.97199   71.230026  -74.305578   -0.267    0.178  1
RGI60-04.00769     0.97186   70.102141  -70.233630   -0.336    0.190  1
RGI60-04.03974     0.97158   72.083102  -74.698429   -0.595    0.180  1
RGI60-04.06163     0.97104   69.508701  -68.478898   -1.196    0.245  1
RGI60-04.07247     0.97084   73.247837  -77.100146   -0.662    0.159  1
RGI60-04.05860     0.97079   69.124167  -68.562170   -0.971    0.213  1
RGI60-04.02254     0.97063   67.735376  -66.279147   -0.257    0.158  1
RGI60-04.00944     0.96994   66.659589  -63.019631    0.045    0.146  1
RGI60-04.01587     0.96777   66.592515  -65.807547   -0.311    0.190  1
RGI60-04.06362     0.96773   73.789329  -85.966531   -0.492    0.197  1
RGI60-04.03086     0.96739   69.620740  -70.655208   -0.528    0.189  1
RGI60-04.03131     0.96618   70.637551  -71.431689   -0.384    0.192  1
RGI60-04.03319     0.96605   70.398914  -72.058806   -0.476    0.194  1
RGI60-04.03538     0.96579   71.245102  -71.674748   -0.785    0.196  1
RGI60-04.01234     0.96565   66.493100  -62.238091   -0.169    0.142  1
RGI60-04.02559     0.96548   67.914924  -67.125224   -0.322    0.206  1
RGI60-04.01579     0.96545   66.548156  -64.299920   -0.607    0.169  1
RGI60-04.00327     0.96350   62.303882  -66.789861   -0.483    0.232  1
RGI60-04.00082     0.96286   63.841123  -65.122420   -0.426    0.165  1
RGI60-04.05969     0.96231   69.230696  -69.066080   -0.277    0.170  1
RGI60-04.00605     0.96212   70.531814  -70.494001   -0.561    0.188  1
RGI60-04.00438     0.96135   70.260505  -70.022379   -0.412    0.179  1
RGI60-04.02890     0.96134   69.686764  -69.804085   -0.386    0.188  1
RGI60-04.02539     0.96091   67.947340  -66.903276   -0.559    0.215  1
RGI60-04.01910     0.96053   66.944369  -64.343149   -0.337    0.178  1
RGI60-04.01908     0.95966   67.036545  -64.315297   -0.345    0.191  1
RGI60-04.02286     0.95763   67.760915  -65.862751   -0.239    0.173  1
RGI60-04.06557     0.95729   71.291134  -74.650185   -0.503    0.185  1
RGI60-04.06467     0.95562   73.199718  -86.392809   -0.304    0.176  1
RGI60-04.06341     0.95533   71.720196  -79.073321   -0.195    0.141  1
RGI60-04.01376     0.95443   65.980402  -63.286288   -0.546    0.165  1
RGI60-04.00108     0.95441   63.892289  -65.127107   -0.550    0.167  1
RGI60-04.00902     0.95427   66.633568  -63.091851   -0.440    0.157  1
RGI60-04.05965     0.95329   69.299592  -69.063637   -0.650    0.190  1
RGI60-04.01642     0.95304   66.642147  -64.926896   -0.496    0.187  1
RGI60-04.01264     0.94982   66.726043  -62.723131   -0.596    0.180  1
RGI60-04.03614     0.94969   70.708450  -72.702814   -0.916    0.221  1
RGI60-04.03635     0.94902   71.323905  -72.309000   -0.550    0.193  1
RGI60-04.06621     0.94629   71.308477  -75.079859   -0.712    0.193  1
RGI60-04.04870     0.94582   72.367880  -75.475839   -0.188    0.152  1
RGI60-04.06415     0.94555   73.794853  -85.674622   -0.353    0.193  1
RGI60-04.02627     0.94521   68.112710  -67.494768   -0.845    0.194  1
RGI60-04.00718     0.94390   70.036000  -70.033664   -0.377    0.170  1
RGI60-04.02743     0.94363   68.413769  -68.716532   -0.399    0.175  1
RGI60-04.04112     0.94322   66.331933  -64.194379   -0.512    0.164  1
RGI60-04.04290     0.94298   66.601112  -63.607470   -0.057    0.158  1
RGI60-04.00570     0.94245   70.303917  -70.689159    0.133    0.215  1
RGI60-04.00217     0.94242   64.127498  -65.461142   -0.514    0.164  1
RGI60-04.03362     0.94053   70.724711  -72.914740   -0.408    0.190  1
RGI60-04.03725     0.94033   71.391765  -72.359778   -0.821    0.213  1
RGI60-04.04874     0.93992   72.110601  -76.005058   -0.024    0.161  1
RGI60-04.05119     0.93972   73.361953  -83.083410   -0.393    0.211  1
RGI60-04.03333     0.93867   70.319508  -71.524123   -0.269    0.185  1
RGI60-04.01752     0.93867   66.492877  -64.948050   -0.447    0.184  1
RGI60-04.04200     0.93847   65.950074  -64.146717    0.141    0.158  1
RGI60-04.02292     0.93815   67.782055  -66.144756   -0.503    0.185  1
RGI60-04.03846     0.93710   71.655497  -74.653763   -0.308    0.176  1
RGI60-04.04265     0.93690   66.103336  -64.618878   -0.446    0.167  1
RGI60-04.02289     0.93635   67.766667  -66.246553   -0.155    0.175  1
RGI60-04.00711     0.93522   70.493970  -71.000984   -0.177    0.176  1
RGI60-04.06535     0.93504   71.255590  -74.177192   -0.185    0.157  1
RGI60-04.02345     0.93499   67.826510  -65.818374   -0.369    0.168  1
RGI60-04.02081     0.93289   66.510281  -65.761883   -0.449    0.187  1
RGI60-04.04459     0.93206   65.909050  -63.727618   -0.406    0.171  1
RGI60-04.05894     0.93183   68.619599  -69.076286   -0.247    0.170  1
RGI60-04.00470     0.93135   70.283943  -70.012375   -0.717    0.195  1
RGI60-04.01524     0.93115   65.752454  -63.698277   -0.637    0.171  1
RGI60-04.03973     0.93108   71.990915  -75.169864   -0.566    0.185  1
RGI60-04.05583     0.93033   66.795682  -65.777125   -0.806    0.233  1
RGI60-04.04363     0.92988   66.085208  -63.969454   -0.391    0.153  1
RGI60-04.04061     0.92987   72.070745  -75.859130   -0.153    0.159  1
RGI60-04.03532     0.92982   71.089512  -73.196821   -0.089    0.149  1
RGI60-04.02186     0.92970   67.666306  -65.015968   -1.178    0.285  1
RGI60-04.06818     0.92960   71.744742  -73.937338   -0.518    0.199  1
RGI60-04.00522     0.92929   69.957257  -71.329819   -0.130    0.175  1
RGI60-04.02615     0.92906   68.092513  -67.021393   -0.479    0.190  1
RGI60-04.05591     0.92906   67.571173  -65.659056   -0.448    0.169  1
RGI60-04.02269     0.92799   67.498046  -64.998367    0.006    0.174  1
RGI60-04.01769     0.92762   66.538144  -64.553926   -0.507    0.177  1
RGI60-04.03388     0.92695   70.909530  -71.983998   -0.459    0.183  1
RGI60-04.04818     0.92659   72.279242  -75.171986   -0.758    0.176  1
RGI60-04.01880     0.92581   67.032491  -64.438121   -0.571    0.196  1
RGI60-04.04689     0.92531   72.565615  -75.790898   -0.296    0.173  1
RGI60-04.04864     0.92515   72.107392  -76.044947   -0.021    0.174  1
RGI60-04.04660     0.92446   66.259422  -63.857816   -0.052    0.143  1
RGI60-04.04224     0.92444   66.016153  -64.087960    0.212    0.149  1
RGI60-04.02482     0.92437   67.821492  -67.208934   -0.221    0.214  1
RGI60-04.04598     0.92373   66.511136  -63.655879   -0.761    0.196  1
RGI60-04.03036     0.92334   69.927719  -70.070651   -0.284    0.182  1
RGI60-04.04267     0.92309   66.091332  -64.650952   -0.498    0.176  1
RGI60-04.01781     0.92244   66.494056  -64.738955   -1.145    0.229  1
RGI60-04.01193     0.92235   66.739469  -63.069168   -0.595    0.164  1
RGI60-04.03518     0.92138   70.880120  -72.484616   -0.633    0.238  1
RGI60-04.06211     0.92122   71.544842  -77.435426   -0.282    0.170  1
RGI60-04.03724     0.92050   71.364476  -72.782324   -0.444    0.170  1
RGI60-04.06192     0.92004   72.072666  -77.748712   -0.767    0.184  1
RGI60-04.04636     0.91923   66.251959  -62.921395   -0.839    0.182  1
RGI60-04.06920     0.91825   72.947047  -77.723133   -0.478    0.185  1
RGI60-04.01395     0.91781   66.098414  -62.562313   -0.660    0.180  1
RGI60-04.06117     0.91725   69.331443  -69.242944   -0.164    0.177  1
RGI60-04.04708     0.91616   72.720669  -77.394145   -0.680    0.178  1
RGI60-04.00354     0.91585   63.710059  -65.222295   -0.293    0.162  1
RGI60-04.01398     0.91439   66.091633  -62.428615   -0.179    0.150  1
RGI60-04.05991     0.91394   69.263082  -68.968772   -0.813    0.220  1
RGI60-04.00060     0.91376   63.800421  -65.748542   -0.511    0.169  1
RGI60-04.03828     0.91363   71.577092  -75.526927   -0.810    0.194  1
RGI60-04.04344     0.91295   66.128975  -63.995498   -0.272    0.155  1
RGI60-04.05479     0.91187   67.567957  -66.092532   -0.640    0.190  1
RGI60-04.01144     0.91172   66.773320  -62.562544   -0.594    0.219  1
RGI60-04.02862     0.91115   69.804532  -69.296009   -0.326    0.197  1
RGI60-04.05082     0.91110   72.532983  -75.755145   -0.343    0.163  1
RGI60-04.00167     0.91099   64.167244  -65.474336   -0.303    0.153  1
RGI60-04.04811     0.91079   72.603518  -76.484083    0.540    0.174  1
RGI60-04.00443     0.91010   70.302214  -70.531696   -0.420    0.171  1
RGI60-04.03597     0.90999   71.305233  -71.810337   -0.509    0.181  1
RGI60-04.01380     0.90950   66.086758  -62.927734   -0.857    0.183  1
RGI60-04.02838     0.90829   69.734469  -70.458282   -1.061    0.233  1
RGI60-04.01501     0.90825   65.708801  -63.031173   -0.315    0.151  1
RGI60-04.01805     0.90739   66.314129  -65.152854   -0.962    0.219  1
RGI60-04.07179     0.90652   72.898565  -77.295802   -0.745    0.180  1
RGI60-04.05971     0.90534   69.260376  -69.040478   -0.400    0.186  1
RGI60-04.05576     0.90514   67.490486  -65.879693   -0.126    0.163  1
RGI60-04.05508     0.90480   67.094286  -64.974629   -0.722    0.231  1
RGI60-04.05919     0.90447   69.114315  -69.206568    0.112    0.160  1
RGI60-04.03429     0.90322   71.109050  -72.839718   -0.679    0.180  1
RGI60-04.04733     0.90277   72.724453  -76.892663   -0.724    0.188  1
RGI60-04.05677     0.90272   67.612865  -65.750960   -0.565    0.172  1
RGI60-04.04621     0.90255   66.301444  -64.110801   -0.744    0.186  1
RGI60-04.06531     0.90250   71.235075  -75.444218   -0.408    0.176  1
RGI60-04.00220     0.90193   64.118256  -65.504066   -0.308    0.145  1
RGI60-04.04237     0.90164   66.028039  -63.390280   -0.123    0.138  1
RGI60-04.04049     0.90136   72.040210  -75.967535   -0.072    0.156  1
RGI60-04.04871     0.90086   72.141328  -75.946401   -0.181    0.167  1
RGI60-04.00532     0.90057   70.461888  -71.055983   -0.408    0.192  1
RGI60-04.06154     0.90022   69.463668  -69.100420   -0.665    0.202  1
RGI60-04.04255     0.90005   66.125320  -64.245156   -0.694    0.182  1
RGI60-04.02653     0.89908   68.159815  -67.077940   -0.749    0.204  1
RGI60-04.06684     0.89902   71.462888  -73.702855   -0.553    0.170  1
RGI60-04.06093     0.89881   69.473693  -68.313242   -0.543    0.189  1
RGI60-04.06305     0.89641   71.634369  -78.499889   -0.016    0.159  1
RGI60-04.06583     0.89640   71.281668  -73.851940    0.199    0.152  1
RGI60-04.05007     0.89579   71.899266  -76.407293   -0.089    0.153  1
RGI60-04.06631     0.89558   71.373015  -75.081564   -0.301    0.172  1
RGI60-04.02854     0.89201   69.583048  -70.356788   -0.407    0.196  1
RGI60-04.04961     0.89133   72.169310  -76.871864   -0.535    0.184  1
RGI60-04.00820     0.89015   70.398197  -70.534121   -0.675    0.202  1
RGI60-04.00976     0.88823   66.628929  -62.513751   -0.843    0.173  1
RGI60-04.00937     0.88746   66.607968  -62.221643   -0.838    0.286  1
RGI60-04.06325     0.88671   71.701515  -78.349410   -0.048    0.159  1
RGI60-04.01125     0.88622   66.731552  -62.260816   -0.503    0.163  1
RGI60-04.00593     0.88596   70.395093  -70.902427   -0.181    0.171  1
RGI60-04.06032     0.88571   68.690698  -68.209252   -0.318    0.171  1
RGI60-04.04606     0.88565   66.589336  -63.031170    0.031    0.144  1
RGI60-04.01132     0.88542   66.769331  -63.029889   -0.681    0.172  1
RGI60-04.03551     0.88457   71.201944  -71.815997   -0.444    0.190  1
RGI60-04.05757     0.88448   67.574734  -66.813651   -0.255    0.163  1
RGI60-04.05889     0.88439   69.104882  -68.601923   -0.688    0.194  1
RGI60-04.04155     0.88435   66.624586  -63.667436   -0.302    0.160  1
RGI60-04.03350     0.88367   70.342498  -71.426198   -0.555    0.202  1
RGI60-04.00171     0.88308   62.555586  -66.646791   -0.564    0.189  1
RGI60-04.00764     0.88237   70.144851  -71.057133   -0.433    0.189  1
RGI60-04.05064     0.88228   72.461093  -77.300439   -0.400    0.169  1
RGI60-04.06867     0.88219   73.510388  -78.002246   -0.694    0.200  1
RGI60-04.03095     0.88195   69.715520  -68.649700   -0.221    0.229  1
RGI60-04.03011     0.88124   69.921903  -69.730059   -0.130    0.223  1
RGI60-04.05456     0.87847   66.702107  -66.106093   -0.102    0.162  1
RGI60-04.00673     0.87835   70.625927  -70.558964   -0.496    0.190  1
RGI60-04.03979     0.87700   71.897519  -74.536174   -0.493    0.180  1
RGI60-04.06540     0.87691   71.230144  -74.280196   -0.491    0.191  1
RGI60-04.02759     0.87684   68.431579  -67.535289   -0.680    0.187  1
RGI60-04.03829     0.87676   71.561584  -75.845814   -0.505    0.161  1
RGI60-04.05346     0.87593   66.959970  -64.815820    0.130    0.204  1
RGI60-04.06649     0.87552   71.423627  -74.078629   -0.492    0.192  1
RGI60-04.01696     0.87518   66.310504  -65.069382   -0.663    0.202  1
RGI60-04.04973     0.87517   72.427529  -76.462550   -0.071    0.162  1
RGI60-04.05227     0.87377   73.206359  -81.043661   -0.140    0.144  1
RGI60-04.03756     0.87329   70.900078  -73.799626   -0.783    0.176  1
RGI60-04.06817     0.87257   71.756614  -73.840205   -0.487    0.186  1
RGI60-04.01002     0.87198   66.578369  -62.695025   -0.602    0.179  1
RGI60-04.02659     0.87197   68.186974  -67.239072   -0.378    0.187  1
RGI60-04.02470     0.87081   68.100219  -66.580992   -0.578    0.207  1
RGI60-04.01243     0.87041   66.809218  -62.557571   -0.564    0.181  1
RGI60-04.06674     0.86955   71.110804  -75.518873   -0.416    0.190  1
RGI60-04.02680     0.86905   68.232378  -67.649384   -0.630    0.188  1
RGI60-04.03180     0.86875   70.680525  -71.466584   -0.020    0.178  1
RGI60-04.05487     0.86804   67.600322  -67.214219   -0.332    0.180  1
RGI60-04.00761     0.86749   70.131062  -70.940164   -0.792    0.202  1
RGI60-04.01226     0.86747   66.769907  -61.779625    0.075    0.147  1
RGI60-04.01755     0.86735   66.646483  -65.079150   -0.950    0.223  1
RGI60-04.01606     0.86731   66.615898  -64.484147   -0.967    0.242  1
RGI60-04.04925     0.86680   72.499263  -76.496563   -0.520    0.175  1
RGI60-04.05105     0.86624   72.518043  -75.896527    0.197    0.164  1
RGI60-04.01673     0.86624   66.645064  -64.700853   -0.342    0.200  1
RGI60-04.07062     0.86589   73.152732  -79.338681   -0.587    0.164  1
RGI60-04.02060     0.86534   66.454650  -64.807224   -0.795    0.220  1
RGI60-04.01489     0.86523   65.705301  -62.945437   -0.784    0.185  1
RGI60-04.00899     0.86520   66.574726  -62.784126   -1.075    0.223  1
RGI60-04.00817     0.86466   70.373343  -70.537561   -0.378    0.174  1
RGI60-04.01438     0.86439   65.583931  -63.941379   -0.151    0.146  1
RGI60-04.02419     0.86332   67.875982  -66.508146   -0.462    0.186  1
RGI60-04.06087     0.86217   69.463591  -67.724899   -0.405    0.180  1
RGI60-04.02192     0.86170   67.693663  -66.458595   -0.497    0.182  1
RGI60-04.03770     0.86121   71.561045  -72.328287   -0.826    0.189  1
RGI60-04.04883     0.86116   72.068102  -76.986608   -0.935    0.206  1
RGI60-04.03382     0.86027   71.018055  -71.663548   -0.609    0.222  1
RGI60-04.03253     0.85994   70.759565  -71.457561   -0.075    0.185  1
RGI60-04.05073     0.85940   72.446131  -77.426621   -0.465    0.156  1
RGI60-04.01358     0.85882   65.968246  -63.364943   -0.396    0.149  1
RGI60-04.05138     0.85833   73.478510  -81.835772   -0.274    0.170  1
RGI60-04.00627     0.85817   70.620214  -70.940815   -0.758    0.208  1
RGI60-04.05092     0.85788   72.517001  -76.408307   -0.943    0.211  1
RGI60-04.04872     0.85732   72.349639  -75.293748   -0.479    0.164  1
RGI60-04.05708     0.85633   66.703353  -65.191629   -0.690    0.208  1
RGI60-04.03386     0.85453   70.960782  -71.946626   -0.180    0.184  1
RGI60-04.01753     0.85443   66.237436  -65.195638   -1.068    0.230  1
RGI60-04.01157     0.85431   66.500914  -62.641459    0.015    0.149  1
RGI60-04.01160     0.85409   66.715982  -61.705784   -0.244    0.162  1
RGI60-04.07210     0.85404   73.069211  -76.480008   -0.936    0.199  1
RGI60-04.00626     0.85348   70.605730  -69.843565   -0.367    0.186  1
RGI60-04.04367     0.85347   66.373670  -63.150812   -0.716    0.173  1
RGI60-04.06678     0.85343   71.415482  -74.935220   -0.268    0.176  1
RGI60-04.00504     0.85221   70.531899  -70.198760   -0.434    0.178  1
RGI60-04.00154     0.85086   64.069962  -65.330599   -0.624    0.163  1
RGI60-04.05970     0.85075   69.303070  -68.826878   -0.462    0.210  1
RGI60-04.00118     0.84965   63.946386  -65.762908   -0.018    0.140  1
RGI60-04.02791     0.84952   68.482299  -67.961060   -0.344    0.163  1
RGI60-04.06008     0.84933   69.326185  -68.479881   -0.829    0.210  1
RGI60-04.03679     0.84883   71.318238  -72.321545   -0.515    0.174  1
RGI60-04.06890     0.84843   73.612391  -79.515266   -0.624    0.181  1
RGI60-04.06433     0.84768   73.664737  -85.446062   -0.571    0.194  1
RGI60-04.03364     0.84684   71.029769  -71.735660   -0.036    0.197  1
RGI60-04.03721     0.84628   71.407557  -72.773956   -0.333    0.186  1
RGI60-04.06870     0.84604   73.530024  -77.757784   -0.672    0.207  1
RGI60-04.04856     0.84481   72.038853  -77.646346   -1.002    0.225  1
RGI60-04.02866     0.84452   69.828062  -69.177934   -0.682    0.236  1
RGI60-04.04707     0.84445   72.707934  -77.311988   -0.397    0.153  1
RGI60-04.04601     0.84283   66.542018  -63.600648   -0.591    0.185  1
RGI60-04.03992     0.84190   71.810660  -75.599800   -0.476    0.182  1
RGI60-04.01111     0.84188   66.681516  -62.996278   -0.278    0.151  1
RGI60-04.02587     0.84109   68.024498  -66.839826   -0.587    0.206  1
RGI60-04.05580     0.84104   66.739107  -64.986683   -0.421    0.199  1
RGI60-04.03083     0.84067   69.614056  -69.802839   -0.209    0.184  1
RGI60-04.06527     0.84061   71.029115  -74.183122    0.125    0.151  1
RGI60-04.02177     0.83991   67.676641  -66.104096   -0.352    0.172  1
RGI60-04.04338     0.83860   65.844217  -63.857158   -0.722    0.194  1
RGI60-04.06593     0.83786   71.233671  -74.065770    1.062    0.214  1
RGI60-04.01297     0.83748   66.823282  -62.235570   -0.546    0.172  1
RGI60-04.05570     0.83695   66.738296  -64.971510   -0.589    0.215  1
RGI60-04.01290     0.83523   66.876873  -63.037601   -0.540    0.174  1
RGI60-04.04728     0.83466   72.720344  -76.852119   -0.834    0.186  1
RGI60-04.06657     0.83349   71.405818  -74.161306    0.322    0.191  1
RGI60-04.03229     0.83294   70.444558  -72.064605   -0.864    0.218  1
RGI60-04.02396     0.83261   67.625107  -66.184546   -0.448    0.163  1
RGI60-04.01439     0.83220   65.590265  -64.009578   -0.450    0.154  1
RGI60-04.02027     0.83209   66.416641  -64.796152   -0.571    0.242  1
RGI60-04.04788     0.83180   72.588564  -76.296719   -0.539    0.187  1
RGI60-04.03114     0.83165   70.734656  -71.305553    0.090    0.186  1
RGI60-04.00182     0.83156   62.524767  -66.639224   -0.366    0.191  1
RGI60-04.02497     0.83150   67.973779  -66.629324   -0.360    0.200  1
RGI60-04.02196     0.83108   67.684035  -65.746164   -0.626    0.191  1
RGI60-04.06752     0.83012   71.568532  -74.021190   -0.223    0.185  1
RGI60-04.06662     0.82839   71.347080  -73.870762   -0.410    0.168  1
RGI60-04.03559     0.82806   71.231726  -71.955201   -0.052    0.188  1
RGI60-04.01136     0.82704   66.757897  -62.520216   -0.743    0.197  1
RGI60-04.03977     0.82669   71.961763  -74.550927   -0.445    0.176  1
RGI60-04.01496     0.82591   65.723509  -63.971587   -0.431    0.172  1
RGI60-04.00529     0.82511   70.479435  -69.587338   -0.703    0.207  1
RGI60-04.01598     0.82497   66.622785  -65.141017   -0.631    0.252  1
RGI60-04.04374     0.82415   66.144881  -63.891887   -0.216    0.153  1
RGI60-04.00153     0.82334   64.081086  -65.282180   -0.576    0.169  1
RGI60-04.00507     0.82120   70.447621  -70.655671   -0.190    0.263  1
RGI60-04.01626     0.82072   66.689544  -64.654786   -0.696    0.234  1
RGI60-04.00112     0.81934   63.940212  -65.978425   -0.020    0.145  1
RGI60-04.07058     0.81909   72.962266  -77.876398   -0.929    0.240  1
RGI60-04.01361     0.81820   65.978986  -63.127681   -0.801    0.169  1
RGI60-04.03799     0.81619   71.571534  -72.454625   -0.779    0.193  1
RGI60-04.05477     0.81507   67.569644  -66.104014    0.483    0.175  1
RGI60-04.00533     0.81474   70.456061  -71.031379   -0.213    0.192  1
RGI60-04.02961     0.81376   69.916926  -69.358869   -0.512    0.206  1
RGI60-04.01146     0.81287   66.763269  -62.410705   -0.526    0.179  1
RGI60-04.01493     0.81285   65.751413  -63.949354   -0.277    0.151  1
RGI60-04.06162     0.81151   69.528562  -68.998423   -0.371    0.190  1
RGI60-04.02301     0.81095   67.533006  -64.987587   -0.079    0.200  1
RGI60-04.04910     0.81059   72.598067  -76.605201   -0.196    0.157  1
RGI60-04.01194     0.80913   66.818178  -62.951583   -0.195    0.159  1
RGI60-04.05590     0.80859   67.456058  -65.559682   -0.642    0.210  1
RGI60-04.04104     0.80843   71.530774  -75.178772   -0.558    0.183  1
RGI60-04.03982     0.80779   71.974517  -75.293688   -0.463    0.175  1
RGI60-04.05589     0.80641   66.898628  -64.787136   -0.435    0.230  1
RGI60-04.01308     0.80564   65.847483  -62.432555   -0.444    0.163  1
RGI60-04.04345     0.80483   66.336939  -63.591288   -0.214    0.144  1
RGI60-04.01837     0.80418   66.869025  -64.297063   -0.559    0.193  1
RGI60-04.04054     0.80347   71.886552  -76.206968    0.135    0.150  1
RGI60-04.04320     0.80251   66.145720  -63.340970   -0.525    0.161  1
RGI60-04.03730     0.80199   71.363411  -72.615668   -0.801    0.197  1
RGI60-04.04379     0.80154   66.541731  -63.695853   -0.497    0.169  1
RGI60-04.00442     0.80038   70.266565  -69.954862   -0.548    0.196  1
RGI60-04.02393     0.79970   67.600525  -64.983982   -0.930    0.241  1
RGI60-04.00434     0.79953   70.225330  -69.857738   -0.730    0.200  1
RGI60-04.07269     0.79830   73.234575  -79.545861   -0.406    0.154  1
RGI60-04.03051     0.79797   70.057324  -69.707027   -0.484    0.190  1
RGI60-04.02824     0.79747   67.848568  -66.792356   -0.333    0.191  1
RGI60-04.05186     0.79542   73.423492  -83.207012   -0.040    0.205  1
RGI60-04.00131     0.79395   63.948461  -65.403473   -0.400    0.152  1
RGI60-04.05360     0.79368   66.976500  -66.373484   -0.524    0.181  1
RGI60-04.07234     0.79325   73.106210  -76.523176   -1.289    0.228  1
RGI60-04.05335     0.79248   66.885538  -66.171030   -0.450    0.178  1
RGI60-04.00515     0.79175   70.536233  -70.451261   -0.873    0.255  1
RGI60-04.04397     0.79124   65.912612  -63.591079   -0.244    0.149  1
RGI60-04.06878     0.79044   73.522198  -78.145150   -0.263    0.183  1
RGI60-04.05422     0.79026   67.405995  -65.071498   -0.282    0.195  1
RGI60-04.03609     0.78933   70.752612  -72.678396   -0.601    0.220  1
RGI60-04.00734     0.78928   70.104268  -71.161173   -0.331    0.192  1
RGI60-04.04381     0.78843   66.238707  -63.078545   -0.644    0.165  1
RGI60-04.04984     0.78764   72.317845  -76.377459   -0.391    0.174  1
RGI60-04.03560     0.78763   71.223164  -71.873643   -0.486    0.224  1
RGI60-04.03006     0.78703   69.840472  -69.510481    0.095    0.206  1
RGI60-04.04330     0.78687   66.071984  -63.383258   -0.924    0.193  1
RGI60-04.03315     0.78607   70.305496  -71.524153   -0.468    0.196  1
RGI60-04.05144     0.78572   73.496976  -81.871907   -0.443    0.180  1
RGI60-04.05559     0.78472   67.131605  -66.415441   -0.434    0.163  1
RGI60-04.00090     0.78449   63.890779  -65.885993   -0.123    0.149  1
RGI60-04.02049     0.78389   66.439068  -65.344485   -0.643    0.209  1
RGI60-04.01615     0.78388   66.681353  -64.915125   -0.466    0.206  1
RGI60-04.05574     0.78366   66.705286  -65.128942   -0.114    0.240  1
RGI60-04.01564     0.78349   65.836260  -62.590880   -0.259    0.153  1
RGI60-04.03017     0.78303   70.016557  -69.626128   -0.339    0.191  1
RGI60-04.06287     0.78259   72.252336  -78.159545   -0.635    0.172  1
RGI60-04.02783     0.78214   68.478793  -68.089536   -0.439    0.174  1
RGI60-04.05767     0.78130   66.955142  -66.005093   -0.333    0.166  1
RGI60-04.00731     0.78074   70.097231  -70.319029    0.088    0.171  1
RGI60-04.01934     0.77975   67.049175  -63.876450   -0.779    0.183  1
RGI60-04.04412     0.77952   65.982675  -63.610141   -0.529    0.166  1
RGI60-04.06263     0.77754   71.525510  -77.347594   -0.209    0.158  1
RGI60-04.01558     0.77638   66.063815  -62.777319   -0.037    0.138  1
RGI60-04.06914     0.77580   73.251681  -79.377184   -0.609    0.174  1
RGI60-04.04796     0.77536   72.601172  -76.285585   -0.406    0.183  1
RGI60-04.05612     0.77527   66.711392  -65.150509   -0.200    0.196  1
RGI60-04.04130     0.77494   66.642084  -63.630192   -0.175    0.157  1
RGI60-04.06046     0.77478   69.429608  -68.215009   -0.749    0.204  1
RGI60-04.02257     0.77464   67.753221  -66.292462   -0.572    0.209  1
RGI60-04.00149     0.77404   63.982010  -65.249198   -0.516    0.171  1
RGI60-04.00556     0.77400   70.428557  -70.866421   -0.203    0.181  1
RGI60-04.05593     0.77314   66.740345  -65.702301   -0.428    0.198  1
RGI60-04.06485     0.77268   73.723107  -86.020867   -0.152    0.167  1
RGI60-04.06174     0.77228   69.553590  -68.494486   -0.940    0.257  1
RGI60-04.02024     0.77105   66.433636  -65.536143   -0.612    0.285  1
RGI60-04.03497     0.76986   71.179581  -72.926727   -0.374    0.176  1
RGI60-04.06195     0.76973   71.531614  -77.493266    0.063    0.160  1
RGI60-04.04751     0.76916   72.687945  -76.733446   -0.613    0.175  1
RGI60-04.01790     0.76912   66.371850  -65.139759   -1.220    0.270  1
RGI60-04.04227     0.76885   66.045845  -64.281197   -0.207    0.165  1
RGI60-04.00963     0.76866   66.695229  -63.485973    0.034    0.158  1
RGI60-04.04886     0.76865   72.170241  -76.716858   -1.149    0.221  1
RGI60-04.02919     0.76690   69.614495  -69.228687    0.107    0.189  1
RGI60-04.06200     0.76685   72.135634  -78.359175   -0.520    0.168  1
RGI60-04.02538     0.76641   67.965604  -66.931868   -0.525    0.208  1
RGI60-04.02012     0.76636   66.385182  -65.417058   -0.919    0.240  1
RGI60-04.01834     0.76542   66.779221  -64.603614   -0.812    0.439  1
RGI60-04.04017     0.76533   71.750339  -75.711030   -0.143    0.167  1
RGI60-04.06525     0.76421   71.235382  -73.743573   -0.294    0.160  1
RGI60-04.03119     0.76413   70.224433  -71.600227   -0.448    0.203  1
RGI60-04.01318     0.76402   65.927902  -63.358730   -0.476    0.159  1
RGI60-04.03707     0.76340   70.814901  -73.487513   -0.344    0.164  1
RGI60-04.04358     0.76297   66.157692  -63.809852   -0.244    0.154  1
RGI60-04.05256     0.76296   73.256663  -81.646992   -0.470    0.189  1
RGI60-04.06304     0.76276   71.632091  -78.480885   -0.039    0.161  1
RGI60-04.07057     0.76242   72.957537  -77.836912   -0.387    0.176  1
RGI60-04.01622     0.76216   66.164184  -65.044685   -1.030    0.250  1
RGI60-04.03753     0.76208   71.526004  -72.571478   -0.688    0.194  1
RGI60-04.00526     0.76195   70.451272  -69.425990   -0.514    0.196  1
RGI60-04.04354     0.76088   66.069726  -63.305867   -0.149    0.153  1
RGI60-04.02232     0.76012   67.686249  -65.026545   -1.904    0.342  1
RGI60-04.01068     0.75953   66.708594  -63.237065   -0.531    0.172  1
RGI60-04.02308     0.75949   67.799559  -66.752742    0.137    0.174  1
RGI60-04.05715     0.75881   66.578871  -65.531797   -0.906    0.250  1
RGI60-04.05905     0.75873   69.188770  -68.854626   -0.395    0.175  1
RGI60-04.03815     0.75856   71.520710  -76.629191   -0.521    0.163  1
RGI60-04.05680     0.75846   67.466366  -65.525683   -0.355    0.204  1
RGI60-04.04058     0.75784   71.854770  -75.735703   -0.522    0.181  1
RGI60-04.03367     0.75779   70.990440  -73.986193   -0.010    0.150  1
RGI60-04.06880     0.75776   73.528037  -78.192922   -0.775    0.230  1
RGI60-04.04347     0.75717   66.586088  -63.077905   -0.328    0.157  1
RGI60-04.05592     0.75615   67.497145  -65.926571   -0.310    0.171  1
RGI60-04.06918     0.75587   73.305424  -79.921582   -0.354    0.154  1
RGI60-04.04781     0.75586   72.214393  -74.763912   -0.973    0.204  1
RGI60-04.02652     0.75568   68.080019  -67.635473   -0.657    0.188  1
RGI60-04.07252     0.75560   72.902606  -76.425610   -0.496    0.180  1
RGI60-04.02072     0.75528   66.394273  -65.682966   -0.580    0.197  1
RGI60-04.04050     0.75512   72.055397  -75.301581    0.262    0.168  1
RGI60-04.02679     0.75511   68.225426  -67.663229   -0.509    0.178  1
RGI60-04.01298     0.75508   66.835903  -62.296068   -0.507    0.200  1
RGI60-04.01733     0.75488   66.515176  -65.328177   -0.514    0.291  1
RGI60-04.06712     0.75472   71.570214  -72.899999   -0.211    0.153  1
RGI60-04.04873     0.75466   72.137461  -76.740832   -0.620    0.183  1
RGI60-04.07296     0.75322   73.483170  -77.462685   -0.395    0.218  1
RGI60-04.00243     0.75306   62.650290  -66.796632   -0.673    0.228  1
RGI60-04.05249     0.75271   73.209474  -82.262354   -0.690    0.191  1
RGI60-04.06424     0.75217   73.732329  -84.974232   -0.315    0.184  1
RGI60-04.02818     0.74983   67.843398  -66.679841   -0.277    0.168  1
RGI60-04.05925     0.74961   69.147889  -69.012326    0.874    0.211  1
RGI60-04.04315     0.74939   66.364510  -63.349249   -0.456    0.159  1
RGI60-04.04800     0.74919   72.225038  -75.076018   -0.756    0.180  1
RGI60-04.06922     0.74881   72.879881  -76.657273   -0.479    0.170  1
RGI60-04.00577     0.74869   70.364408  -70.657227   -0.022    0.175  1
RGI60-04.01867     0.74790   66.188650  -65.382585   -1.422    0.307  1
RGI60-04.04201     0.74780   65.969920  -64.488812    0.083    0.158  1
RGI60-04.01066     0.74752   66.718094  -63.512070   -0.022    0.156  1
RGI60-04.02715     0.74656   68.203430  -67.394144   -0.551    0.179  1
RGI60-04.01536     0.74629   65.828217  -63.131482   -0.146    0.144  1
RGI60-04.03065     0.74607   70.132833  -69.444800   -0.302    0.203  1
RGI60-04.01280     0.74515   66.811879  -61.845265   -0.311    0.153  1
RGI60-04.01108     0.74489   66.693596  -62.961621   -0.533    0.182  1
RGI60-04.01746     0.74470   66.475913  -64.696473   -0.331    0.188  1
RGI60-04.02817     0.74465   67.848493  -66.702423   -0.091    0.183  1
RGI60-04.00439     0.74461   70.371502  -69.987312   -0.558    0.197  1
RGI60-04.03384     0.74428   70.937638  -71.445947   -0.074    0.200  1
RGI60-04.02760     0.74264   68.447819  -67.520578   -0.497    0.181  1
RGI60-04.03648     0.74033   71.289091  -72.425298   -0.780    0.189  1
RGI60-04.07122     0.73977   73.373262  -78.626659   -0.617    0.216  1
RGI60-04.04297     0.73942   66.223900  -64.126789   -0.090    0.151  1
RGI60-04.00116     0.73911   63.938085  -65.387403   -0.404    0.153  1
RGI60-04.04052     0.73832   72.041842  -75.534196   -0.363    0.166  1
RGI60-04.07228     0.73796   73.084427  -76.759518   -0.633    0.167  1
RGI60-04.01325     0.73764   65.915620  -63.016479   -0.113    0.140  1
RGI60-04.04913     0.73726   72.104375  -77.099754   -0.656    0.188  1
RGI60-04.06068     0.73709   69.455388  -70.351077   -0.192    0.174  1
RGI60-04.04742     0.73670   72.592093  -77.026622   -0.218    0.144  1
RGI60-04.02917     0.73572   69.649185  -68.930087   -0.457    0.229  1
RGI60-04.00716     0.73569   70.046874  -70.017124   -0.219    0.179  1
RGI60-04.01173     0.73543   66.784275  -62.525235   -0.714    0.218  1
RGI60-04.02180     0.73487   67.658850  -64.990990   -2.475    0.450  1
RGI60-04.03941     0.73422   72.082181  -74.661921   -0.622    0.187  1
RGI60-04.02476     0.73315   67.938139  -66.419059   -0.473    0.168  1
RGI60-04.04384     0.73212   65.971817  -63.577381   -0.491    0.163  1
RGI60-04.06073     0.73200   68.689027  -68.400223   -0.220    0.168  1
RGI60-04.07270     0.73139   73.227067  -79.576005   -0.601    0.162  1
RGI60-04.03946     0.72994   72.084855  -75.353522   -0.545    0.184  1
RGI60-04.01058     0.72993   66.322523  -62.676294   -0.387    0.156  1
RGI60-04.02792     0.72978   68.462194  -67.975918   -0.492    0.177  1
RGI60-04.00924     0.72959   66.616818  -63.386796   -0.392    0.166  1
RGI60-04.04355     0.72944   66.488385  -63.799614   -0.665    0.187  1
RGI60-04.02861     0.72901   69.816555  -69.278802   -0.442    0.206  1
RGI60-04.04356     0.72874   66.376810  -63.624419   -0.339    0.159  1
RGI60-04.04055     0.72821   72.027825  -75.977668   -0.311    0.166  1
RGI60-04.07329     0.72691   58.886534  -63.684964   -1.066    0.256  1
RGI60-04.03501     0.72675   71.069978  -73.203216   -0.303    0.163  1
RGI60-04.06556     0.72635   71.321894  -73.383245   -0.404    0.170  1
RGI60-04.03861     0.72594   71.671934  -75.234753   -0.240    0.169  1
RGI60-04.02172     0.72546   67.513627  -64.823441    0.032    0.193  1
RGI60-04.06428     0.72490   73.697576  -85.418922   -0.613    0.195  1
RGI60-04.04880     0.72485   72.029639  -76.150493   -0.401    0.166  1
RGI60-04.03279     0.72466   70.721881  -72.228850   -0.419    0.223  1
RGI60-04.04681     0.72374   71.803940  -77.130938   -0.533    0.176  1
RGI60-04.01983     0.72323   66.262189  -65.458889   -0.588    0.223  1
RGI60-04.02195     0.72237   67.750177  -66.895872   -0.449    0.218  1
RGI60-04.02978     0.72230   70.072305  -68.924831   -0.488    0.208  1
RGI60-04.03884     0.72171   71.677762  -75.533015   -1.305    0.262  1
RGI60-04.02528     0.72147   67.964070  -66.769489   -0.659    0.206  1
RGI60-04.02233     0.72145   67.704520  -65.735628   -0.607    0.197  1
RGI60-04.00310     0.72037   64.596289  -65.514101   -0.240    0.152  1
RGI60-04.04783     0.72035   72.115165  -77.519791   -0.692    0.186  1
RGI60-04.00106     0.71999   63.897662  -65.138415   -0.551    0.165  1
RGI60-04.07363     0.71982   59.533127  -64.242476   -1.223    0.247  1
RGI60-04.01887     0.71940   67.033863  -64.054365   -0.551    0.186  1
RGI60-04.04593     0.71937   66.370353  -63.636671   -0.739    0.193  1
RGI60-04.02731     0.71746   68.377198  -68.159006   -0.345    0.163  1
RGI60-04.03234     0.71668   70.807141  -71.808849   -0.425    0.185  1
RGI60-04.01345     0.71652   66.005061  -62.901947   -0.518    0.158  1
RGI60-04.04400     0.71614   66.532062  -63.900063    0.069    0.165  1
RGI60-04.01915     0.71535   67.033103  -64.417727   -0.648    0.202  1
RGI60-04.04268     0.71453   66.082562  -64.428414   -0.256    0.164  1
RGI60-04.00634     0.71433   70.656657  -70.515188   -0.831    0.229  1
RGI60-04.04658     0.71399   66.197911  -64.041231   -0.128    0.160  1
RGI60-04.03309     0.71391   70.948569  -71.185204   -1.062    0.238  1
RGI60-04.02462     0.71360   67.930471  -67.658195   -0.256    0.168  1
RGI60-04.07130     0.71311   73.448758  -78.379803   -0.422    0.181  1
RGI60-04.03653     0.71245   71.329414  -72.517543   -0.467    0.171  1
RGI60-04.00028     0.71117   62.327768  -66.790483   -0.509    0.233  1
RGI60-04.06118     0.70909   69.340312  -69.163544   -0.667    0.206  1
RGI60-04.02711     0.70907   68.276600  -67.307977   -0.692    0.192  1
RGI60-04.07177     0.70905   72.897613  -77.172306   -0.677    0.221  1
RGI60-04.02984     0.70899   69.847857  -69.919140   -0.226    0.175  1
RGI60-04.02350     0.70882   67.840555  -65.800772   -0.341    0.207  1
RGI60-04.06636     0.70880   71.114179  -73.839179   -0.169    0.158  1
RGI60-04.06554     0.70876   71.067532  -74.714724   -0.901    0.248  1
RGI60-04.01764     0.70835   66.541658  -64.772634   -0.434    0.210  1
RGI60-04.01549     0.70696   65.786616  -63.537370   -0.927    0.209  1
RGI60-04.02629     0.70651   68.106859  -67.236192   -0.644    0.242  1
RGI60-04.02531     0.70630   67.928729  -66.870813   -0.830    0.222  1
RGI60-04.03414     0.70606   70.705850  -72.414979   -0.481    0.213  1
RGI60-04.03148     0.70594   70.671476  -71.471356    0.188    0.191  1
RGI60-04.02959     0.70564   69.886726  -69.089815   -0.240    0.208  1
RGI60-04.06644     0.70530   71.405658  -73.086546   -0.383    0.171  1
RGI60-04.07193     0.70523   72.945308  -77.921843   -0.437    0.173  1
RGI60-04.01570     0.70507   65.493108  -64.022397   -0.425    0.156  1
RGI60-04.07075     0.70443   72.975483  -78.622743   -0.208    0.187  1
RGI60-04.01120     0.70393   66.728437  -63.220735   -0.735    0.183  1
RGI60-04.05600     0.70366   67.034728  -65.108008   -0.026    0.185  1
RGI60-04.01421     0.70349   65.532694  -63.985703   -0.762    0.182  1
RGI60-04.00272     0.70283   64.330081  -65.707124   -0.142    0.145  1
RGI60-04.01967     0.70279   67.118077  -64.252646   -0.830    0.222  1
RGI60-04.03075     0.70267   70.163391  -69.212580   -0.383    0.183  1
RGI60-04.03814     0.70156   71.514107  -76.538942   -0.325    0.157  1
RGI60-04.04368     0.70099   65.784876  -63.961503   -0.020    0.142  1
RGI60-04.03985     0.70086   71.774993  -74.882307   -0.167    0.165  1
RGI60-04.05341     0.70083   66.918107  -66.573642   -0.037    0.150  1
RGI60-04.07207     0.69955   73.016380  -76.687962   -0.679    0.173  1
RGI60-04.04399     0.69922   66.494794  -63.165340   -0.074    0.147  1
RGI60-04.07349     0.69849   59.314833  -63.923540   -0.873    0.333  1
RGI60-04.05598     0.69777   67.046299  -64.815938   -0.674    0.238  1
RGI60-04.00187     0.69710   62.509764  -66.625501   -0.006    0.188  1
RGI60-04.06926     0.69707   72.992464  -78.810306   -0.480    0.203  1
RGI60-04.04343     0.69667   66.194497  -63.112252   -0.806    0.208  1
RGI60-04.02053     0.69654   66.428860  -64.882124   -0.637    0.217  1
RGI60-04.06582     0.69620   71.297836  -74.550422   -0.414    0.193  1
RGI60-04.01005     0.69572   66.510905  -62.750738   -0.773    0.193  1
RGI60-04.00342     0.69545   63.656053  -65.204904   -0.071    0.153  1
RGI60-04.00640     0.69511   70.534753  -70.891759   -0.707    0.207  1
RGI60-04.00621     0.69458   70.577146  -70.328520   -0.505    0.203  1
RGI60-04.02654     0.69381   67.821329  -67.329996   -0.298    0.223  1
RGI60-04.03525     0.69265   70.840868  -73.422789   -1.035    0.230  1
RGI60-04.01274     0.69224   66.788617  -61.542745   -0.108    0.156  1
RGI60-04.03731     0.69218   71.371452  -72.747726   -0.554    0.193  1
RGI60-04.02372     0.69163   67.572209  -65.082265   -1.349    0.329  1
RGI60-04.04542     0.69124   66.424946  -63.382760   -0.032    0.142  1
RGI60-04.05213     0.69048   73.504495  -83.359425   -0.136    0.182  1
RGI60-04.00190     0.69034   62.517487  -66.578887   -0.003    0.173  1
RGI60-04.06568     0.68975   71.264257  -73.494650    0.414    0.167  1
RGI60-04.07294     0.68974   73.437806  -77.402210   -0.834    0.232  1
RGI60-04.00904     0.68956   66.605908  -62.250064   -0.720    0.183  1
RGI60-04.02019     0.68908   66.398330  -65.328060   -1.104    0.229  1
RGI60-04.01128     0.68825   66.738714  -62.439363   -1.086    0.244  1
RGI60-04.04293     0.68785   66.247102  -64.043862   -0.141    0.157  1
RGI60-04.03144     0.68778   70.758329  -70.822000   -0.392    0.191  1
RGI60-04.05289     0.68719   72.728199  -84.935202   -0.713    0.200  1
RGI60-04.04571     0.68630   65.830359  -63.834608   -0.629    0.179  1
RGI60-04.07042     0.68622   73.562970  -80.253007   -0.366    0.168  1
RGI60-04.06716     0.68596   71.549593  -73.683573   -0.097    0.159  1
RGI60-04.06787     0.68588   71.451802  -74.230379   -0.290    0.189  1
RGI60-04.00965     0.68584   66.649579  -62.096681   -0.408    0.163  1
RGI60-04.03186     0.68571   70.784600  -71.046942   -0.556    0.210  1
RGI60-04.01877     0.68570   66.977691  -64.572538   -0.471    0.199  1
RGI60-04.04366     0.68549   65.842733  -64.136302   -0.027    0.145  1
RGI60-04.05473     0.68542   67.571596  -66.182797   -0.179    0.169  1
RGI60-04.07071     0.68481   73.514132  -79.090194   -0.600    0.207  1
RGI60-04.01511     0.68480   65.714191  -63.900751   -0.374    0.158  1
RGI60-04.03599     0.68480   71.301193  -72.064654   -0.320    0.196  1
RGI60-04.02297     0.68470   67.777632  -66.697297   -0.447    0.182  1
RGI60-04.03659     0.68461   71.303908  -71.939561    0.024    0.174  1
RGI60-04.05936     0.68454   69.185522  -68.874838   -0.470    0.189  1
RGI60-04.04767     0.68453   72.094052  -77.410948   -0.625    0.177  1
RGI60-04.04098     0.68433   71.473616  -76.037955   -0.281    0.153  1
RGI60-04.03495     0.68367   71.026934  -72.567221   -0.588    0.212  1
RGI60-04.06550     0.68312   71.257856  -75.263961   -0.357    0.179  1
RGI60-04.01936     0.68291   67.063900  -64.387709   -0.482    0.213  1
RGI60-04.07330     0.68278   58.886388  -63.725380   -1.141    0.263  1
RGI60-04.06025     0.68266   69.377466  -68.818047   -0.662    0.228  1
RGI60-04.02031     0.68240   66.397435  -64.931358   -0.704    0.203  1
RGI60-04.03007     0.68191   70.062898  -69.427803   -0.667    0.229  1
RGI60-04.00841     0.68188   66.852089  -61.673464   -0.438    0.159  1
RGI60-04.00038     0.68159   63.780997  -65.800866   -0.440    0.171  1
RGI60-04.06729     0.68146   71.615896  -73.363457    0.367    0.170  1
RGI60-04.02976     0.68141   70.081647  -69.340058   -0.699    0.217  1
RGI60-04.00655     0.68078   70.517767  -70.698590   -0.433    0.192  1
RGI60-04.03771     0.68051   71.558285  -72.291948   -0.859    0.200  1
RGI60-04.03835     0.68026   71.571654  -74.840154   -0.858    0.213  1
RGI60-04.05304     0.68016   72.560961  -80.922410   -0.250    0.171  1
RGI60-04.05818     0.67987   68.952357  -68.605580   -0.093    0.166  1
RGI60-04.01233     0.67961   66.485231  -62.238300   -0.287    0.160  1
RGI60-04.03338     0.67955   70.374974  -71.614610   -0.490    0.215  1
RGI60-04.03600     0.67945   71.319161  -71.816090   -0.630    0.214  1
RGI60-04.03073     0.67831   70.147950  -69.324932   -0.697    0.217  1
RGI60-04.03577     0.67822   71.113491  -71.653215   -0.151    0.177  1
RGI60-04.05192     0.67815   73.182123  -82.704913   -0.271    0.173  1
RGI60-04.05450     0.67803   67.561925  -66.622705   -0.844    0.238  1
RGI60-04.00579     0.67743   70.265574  -70.713693   -0.442    0.194  1
RGI60-04.04352     0.67740   66.457588  -63.253491   -0.051    0.156  1
RGI60-04.05990     0.67606   69.247810  -68.853516   -0.670    0.226  1
RGI60-04.04118     0.67606   66.376982  -64.013395   -0.776    0.190  1
RGI60-04.04537     0.67601   66.466934  -63.261094   -0.168    0.160  1
RGI60-04.01472     0.67587   65.698333  -63.863368   -0.284    0.152  1
RGI60-04.03321     0.67552   70.412953  -72.092471   -0.625    0.209  1
RGI60-04.03596     0.67497   71.297155  -72.101138   -0.455    0.194  1
RGI60-04.04357     0.67481   66.450103  -63.100505   -0.173    0.159  1
RGI60-04.06836     0.67469   71.184815  -74.383379   -0.537    0.198  1
RGI60-04.01444     0.67449   65.590556  -63.967410   -0.273    0.159  1
RGI60-04.03232     0.67433   70.766747  -71.415776   -0.461    0.192  1
RGI60-04.03748     0.67290   71.511047  -72.341589   -0.656    0.185  1
RGI60-04.00869     0.67266   66.962931  -62.160685   -0.308    0.177  1
RGI60-04.00660     0.67210   70.700292  -70.349943   -0.319    0.194  1
RGI60-04.05955     0.67056   69.282479  -68.625767   -0.014    0.179  1
RGI60-04.03430     0.67012   71.103325  -73.329044   -0.155    0.163  1
RGI60-04.04378     0.66972   66.583307  -63.093989   -0.534    0.168  1
RGI60-04.02013     0.66954   66.369545  -65.381742   -0.540    0.219  1
RGI60-04.04003     0.66910   72.024520  -74.697160   -0.055    0.164  1
RGI60-04.01314     0.66875   65.922475  -63.348065   -0.347    0.151  1
RGI60-04.00256     0.66841   64.352017  -65.574716   -0.339    0.156  1
RGI60-04.04891     0.66833   72.505205  -76.869740   -0.425    0.157  1
RGI60-04.03136     0.66711   70.775059  -71.133610   -0.297    0.203  1
RGI60-04.06656     0.66601   71.429167  -74.093537   -0.635    0.209  1
RGI60-04.00323     0.66524   64.711620  -65.642781   -0.617    0.208  1
RGI60-04.06756     0.66513   71.675504  -73.885167   -0.759    0.241  1
RGI60-04.04175     0.66513   66.703291  -63.709229   -0.100    0.170  1
RGI60-04.05068     0.66490   72.455818  -77.394519   -0.454    0.155  1
RGI60-04.05808     0.66458   68.951020  -68.924118   -0.311    0.179  1
RGI60-04.05187     0.66369   73.428569  -83.183192    0.181    0.207  1
RGI60-04.02010     0.66326   66.386318  -65.790203   -0.947    0.284  1
RGI60-04.04391     0.66269   65.863345  -63.919622   -0.170    0.153  1
RGI60-04.00837     0.66264   66.887493  -62.607095   -0.475    0.171  1
RGI60-04.00062     0.66236   63.781038  -65.730173   -0.107    0.144  1
RGI60-04.02014     0.66234   66.372763  -65.417594   -0.466    0.265  1
RGI60-04.07360     0.66225   59.521041  -64.056282   -0.546    0.197  1
RGI60-04.01738     0.66157   66.696462  -64.827305   -0.839    0.246  1
RGI60-04.01323     0.66144   65.911610  -63.328476   -0.500    0.160  1
RGI60-04.06751     0.66111   71.594699  -73.932224   -0.221    0.202  1
RGI60-04.04850     0.66049   72.324985  -76.575291   -0.237    0.182  1
RGI60-04.06270     0.66048   71.581086  -77.582664   -0.610    0.196  1
RGI60-04.05245     0.66000   73.174142  -82.405658   -0.784    0.197  1
RGI60-04.05493     0.65954   67.605455  -65.966527   -0.236    0.159  1
RGI60-04.06366     0.65819   73.776310  -86.122969   -0.255    0.157  1
RGI60-04.04534     0.65776   66.514590  -63.029611   -0.956    0.216  1
RGI60-04.05480     0.65686   67.541049  -66.101981   -0.771    0.199  1
RGI60-04.05315     0.65664   72.587150  -84.153553   -0.380    0.206  1
RGI60-04.03623     0.65635   70.806158  -72.586957   -0.814    0.260  1
RGI60-04.04691     0.65560   72.566598  -75.983429   -0.169    0.166  1
RGI60-04.02456     0.65548   67.896050  -66.552902   -0.361    0.169  1
RGI60-04.04123     0.65529   66.384145  -62.945180   -0.819    0.199  1
RGI60-04.00537     0.65514   70.449841  -71.089855   -0.163    0.186  1
RGI60-04.02017     0.65484   66.069847  -65.475023   -1.411    0.304  1
RGI60-04.01341     0.65482   65.989260  -62.819019   -0.105    0.147  1
RGI60-04.03094     0.65472   69.714041  -68.506480   -0.550    0.242  1
RGI60-04.02366     0.65443   67.373636  -64.497602   -0.446    0.201  1
RGI60-04.05926     0.65433   69.191314  -68.732805   -0.449    0.190  1
RGI60-04.07176     0.65424   72.886342  -77.174889   -0.721    0.178  1
RGI60-04.06885     0.65394   73.644151  -80.207305   -0.500    0.176  1
RGI60-04.03147     0.65367   70.628675  -71.417687   -0.035    0.188  1
RGI60-04.05113     0.65352   73.231970  -82.957585   -0.200    0.186  1
RGI60-04.05898     0.65245   68.657582  -68.982680   -0.242    0.177  1
RGI60-04.01312     0.65182   65.915018  -63.345477   -0.828    0.184  1
RGI60-04.07185     0.65178   72.943885  -77.249666   -1.187    0.278  1
RGI60-04.03723     0.65158   71.357938  -72.630937   -0.019    0.157  1
RGI60-04.06753     0.64991   71.623825  -74.101932   -0.319    0.191  1
RGI60-04.06024     0.64864   69.385725  -68.906701   -0.646    0.237  1
RGI60-04.04648     0.64673   66.322648  -63.825107   -0.121    0.160  1
RGI60-04.03048     0.64655   70.069727  -69.703408   -0.639    0.214  1
RGI60-04.01780     0.64455   66.472269  -64.710942   -0.300    0.191  1
RGI60-04.00751     0.64454   70.039029  -70.579879   -0.440    0.191  1
RGI60-04.00756     0.64388   70.131413  -71.082703   -0.457    0.207  1
RGI60-04.05404     0.64327   67.207933  -64.498577   -0.452    0.222  1
RGI60-04.03292     0.64265   70.889269  -70.984716   -0.918    0.220  1
RGI60-04.00826     0.64251   66.843377  -61.854786    0.034    0.150  1
RGI60-04.00629     0.64065   70.632050  -70.894893   -0.504    0.217  1
RGI60-04.06412     0.63993   73.804317  -85.648371   -0.587    0.233  1
RGI60-04.00511     0.63775   70.453982  -70.511259   -0.338    0.181  1
RGI60-04.00801     0.63739   70.344947  -69.745277   -0.553    0.201  1
RGI60-04.06541     0.63715   71.273136  -74.168488   -0.402    0.169  1
RGI60-04.00445     0.63692   70.257372  -69.971382   -0.482    0.209  1
RGI60-04.02605     0.63669   68.047126  -67.008961   -0.689    0.214  1
RGI60-04.02070     0.63660   66.478954  -65.455949   -0.441    0.216  1
RGI60-04.00370     0.63652   63.745739  -65.479192   -0.078    0.153  1
RGI60-04.02525     0.63610   67.961194  -66.984443   -0.368    0.196  1
RGI60-04.06260     0.63585   71.568419  -77.482868   -0.122    0.172  1
RGI60-04.00308     0.63573   64.606452  -65.880622   -0.284    0.161  1
RGI60-04.01196     0.63562   66.698189  -61.773868   -0.041    0.176  1
RGI60-04.05721     0.63549   66.659135  -65.370751   -0.156    0.443  1
RGI60-04.04145     0.63389   66.659304  -63.582672    0.013    0.166  1
RGI60-04.00057     0.63355   63.719556  -65.365451   -0.239    0.161  1
RGI60-04.03993     0.63354   71.777922  -74.851459   -0.357    0.180  1
RGI60-04.02380     0.63334   67.618022  -66.522422   -0.479    0.182  1
RGI60-04.06345     0.63333   71.773646  -78.766617   -0.212    0.149  1
RGI60-04.02212     0.63324   67.676058  -65.083695   -2.739    0.552  1
RGI60-04.03300     0.63304   70.925633  -71.150377   -0.353    0.199  1
RGI60-04.03947     0.63231   72.112476  -74.950665   -0.559    0.193  1
RGI60-04.02860     0.63133   69.815620  -69.259308   -0.114    0.252  1
RGI60-04.00336     0.63105   63.973643  -65.660394    0.030    0.146  1
RGI60-04.03819     0.63051   71.590343  -74.994117   -0.545    0.195  1
RGI60-04.06202     0.63042   72.147033  -78.292444   -0.491    0.176  1
RGI60-04.01020     0.63041   66.598256  -62.648891   -0.674    0.173  1
RGI60-04.02118     0.62914   66.044194  -65.584648   -0.644    0.224  1
RGI60-04.05030     0.62907   72.430742  -77.210561   -0.164    0.160  1
RGI60-04.02128     0.62888   67.642975  -66.291882   -0.354    0.180  1
RGI60-04.03655     0.62806   71.298271  -72.693246   -0.089    0.168  1
RGI60-04.00253     0.62798   64.310818  -65.917789   -0.423    0.174  1
RGI60-04.02474     0.62798   67.944079  -66.626802   -0.057    0.233  1
RGI60-04.04997     0.62782   72.190817  -75.373320   -0.865    0.214  1
RGI60-04.01372     0.62754   65.882146  -63.071268   -0.182    0.151  1
RGI60-04.00677     0.62703   70.662715  -70.670596   -0.348    0.200  1
RGI60-04.02947     0.62661   69.667883  -70.399976   -0.684    0.214  1
RGI60-04.02418     0.62613   67.870951  -66.491965   -0.358    0.170  1
RGI60-04.01328     0.62587   65.967224  -62.923536    0.062    0.160  1
RGI60-04.03780     0.62513   70.850926  -72.311861   -0.624    0.214  1
RGI60-04.02532     0.62436   67.943163  -66.860520   -1.558    0.458  1
RGI60-04.04348     0.62429   66.539812  -63.550357   -0.695    0.198  1
RGI60-04.00309     0.62421   64.601553  -65.542089   -0.758    0.205  1
RGI60-04.05967     0.62408   69.290984  -68.713413   -0.453    0.218  1
RGI60-04.05804     0.62401   68.951756  -68.283779   -0.125    0.180  1
RGI60-04.03312     0.62375   70.417349  -71.868568   -0.555    0.216  1
RGI60-04.05902     0.62348   68.658848  -69.037729   -0.544    0.194  1
RGI60-04.04135     0.62309   66.528050  -63.993539   -0.040    0.166  1
RGI60-04.07194     0.62308   72.940932  -77.958850   -0.451    0.188  1
RGI60-04.06777     0.62270   71.651440  -74.459553   -0.629    0.211  1
RGI60-04.01718     0.62269   66.340900  -65.289758   -1.185    0.254  1
RGI60-04.01819     0.62188   66.745281  -64.608887   -0.700    0.215  1
RGI60-04.04652     0.62170   66.324656  -63.838094   -0.493    0.184  1
RGI60-04.02779     0.62115   68.468238  -68.172069    0.149    0.171  1
RGI60-04.05414     0.62054   66.646917  -65.237909   -0.804    0.314  1
RGI60-04.02397     0.62033   67.627277  -66.138565   -1.009    0.251  1
RGI60-04.01590     0.61997   66.532414  -65.869815   -0.983    0.237  1
RGI60-04.01123     0.61991   66.750500  -63.540137    0.009    0.157  1
RGI60-04.03692     0.61987   71.432274  -72.683806   -0.416    0.192  1
RGI60-04.02417     0.61942   67.871887  -66.456328   -0.824    0.221  1
RGI60-04.02830     0.61931   67.751633  -67.327568   -0.206    0.186  1
RGI60-04.06040     0.61912   69.425686  -68.795728   -0.194    0.201  1
RGI60-04.04238     0.61890   66.026060  -63.397814   -0.023    0.142  1
RGI60-04.03233     0.61879   70.831637  -71.708579    0.005    0.198  1
RGI60-04.03145     0.61841   70.628779  -71.291180   -0.218    0.203  1
RGI60-04.06392     0.61833   73.684062  -85.114529   -0.519    0.220  1
RGI60-04.04408     0.61799   65.840712  -63.833162   -0.189    0.149  1
RGI60-04.03358     0.61794   70.206754  -71.468366   -0.340    0.199  1
RGI60-04.05679     0.61775   67.443223  -65.461639   -0.956    0.303  1
RGI60-04.05386     0.61773   66.623418  -65.354917   -0.798    0.229  1
RGI60-04.02252     0.61709   67.744502  -65.912337   -0.765    0.244  1
RGI60-04.06176     0.61708   69.457441  -69.020003   -0.194    0.197  1
RGI60-04.01112     0.61690   66.689422  -62.999879   -0.126    0.150  1
RGI60-04.06906     0.61672   73.600192  -79.428099   -0.395    0.165  1
RGI60-04.03944     0.61578   72.085760  -75.402235   -0.394    0.172  1
RGI60-04.03262     0.61562   70.673385  -71.644122   -0.324    0.201  1
RGI60-04.01086     0.61478   66.700717  -62.649131   -0.832    0.212  1
RGI60-04.06779     0.61462   71.727280  -74.152395   -0.580    0.217  1
RGI60-04.05379     0.61432   67.130492  -66.656698   -0.116    0.168  1
RGI60-04.05996     0.61380   69.363446  -67.929379   -0.321    0.177  1
RGI60-04.00686     0.61249   69.963540  -71.584211   -0.054    0.162  1
RGI60-04.06058     0.61228   69.442041  -68.168919   -0.438    0.197  1
RGI60-04.03015     0.61123   69.938112  -69.910484   -0.137    0.201  1
RGI60-04.04353     0.60991   66.510265  -63.047529   -0.486    0.165  1
RGI60-04.06155     0.60972   69.468950  -69.072031   -0.216    0.208  1
RGI60-04.01003     0.60970   66.448216  -62.677862   -0.454    0.181  1
RGI60-04.03781     0.60951   70.735326  -72.464581   -0.588    0.237  1
RGI60-04.06142     0.60906   69.517184  -68.443774    0.191    0.194  1
RGI60-04.05782     0.60882   68.923854  -69.502887   -0.328    0.185  1
RGI60-04.06711     0.60835   71.551315  -73.176636   -0.419    0.189  1
RGI60-04.05494     0.60808   67.565812  -65.654968   -0.500    0.194  1
RGI60-04.05814     0.60685   68.951356  -69.376354    0.308    0.192  1
RGI60-04.04624     0.60678   66.299746  -64.127328   -0.657    0.189  1
RGI60-04.02457     0.60676   67.904625  -66.546004   -0.381    0.185  1
RGI60-04.02520     0.60650   67.940911  -67.010978   -0.222    0.218  1
RGI60-04.04340     0.60565   66.543525  -63.563468   -0.790    0.211  1
RGI60-04.02475     0.60497   67.940612  -66.433110   -0.566    0.176  1
RGI60-04.04711     0.60454   72.730890  -77.313196   -0.278    0.161  1
RGI60-04.01420     0.60433   66.251522  -62.658065   -0.228    0.151  1
RGI60-04.01329     0.60417   65.956601  -62.687084   -0.603    0.175  1
RGI60-04.05711     0.60392   66.623703  -65.380743   -0.965    0.239  1
RGI60-04.04394     0.60358   66.495536  -63.129282   -0.061    0.160  1
RGI60-04.03428     0.60352   71.088010  -73.342432   -0.374    0.172  1
RGI60-04.00252     0.60349   64.310392  -65.903072   -0.148    0.155  1
RGI60-04.03726     0.60348   71.397010  -72.321749   -0.532    0.206  1
RGI60-04.02578     0.60342   68.010851  -66.756751   -0.477    0.208  1
RGI60-04.00610     0.60271   69.918053  -70.809782   -0.739    0.196  1
RGI60-04.05828     0.60262   69.014433  -69.566949   -0.413    0.217  1
RGI60-04.05212     0.60233   73.521075  -83.339875   -0.531    0.214  1
RGI60-04.00574     0.60202   70.444878  -70.889755   -0.154    0.184  1
RGI60-04.00707     0.60154   69.980451  -70.250398    0.457    0.187  1
RGI60-04.05190     0.60115   73.562220  -82.499316   -0.403    0.251  1
RGI60-04.03813     0.60103   71.510439  -76.546508   -0.684    0.176  1
RGI60-04.04884     0.59992   72.155962  -75.308492   -0.473    0.178  1
RGI60-04.00148     0.59963   63.975854  -65.218097   -0.279    0.150  1
RGI60-04.02466     0.59886   67.924243  -66.633690   -0.893    0.235  1
RGI60-04.06445     0.59884   73.711762  -85.450468   -0.338    0.185  1
RGI60-04.02811     0.59873   68.520164  -67.720812   -0.667    0.195  1
RGI60-04.03361     0.59864   70.970481  -73.982304    0.035    0.154  1
RGI60-04.07085     0.59860   73.522436  -79.392394   -0.275    0.160  1
RGI60-04.02535     0.59799   67.915755  -66.869599   -0.230    0.243  1
RGI60-04.01637     0.59786   66.442919  -65.265458   -1.595    0.343  1
RGI60-04.01038     0.59781   66.498525  -62.045566   -0.154    0.167  1
RGI60-04.00026     0.59779   62.315889  -66.769815   -0.028    0.193  1
RGI60-04.06921     0.59769   72.978159  -78.314634   -0.226    0.188  1
RGI60-04.01475     0.59683   65.667806  -63.022768   -0.134    0.157  1
RGI60-04.06603     0.59679   71.279488  -73.797836    0.025    0.151  1
RGI60-04.01856     0.59628   66.818985  -64.595796   -0.243    0.196  1
RGI60-04.05798     0.59625   68.936623  -68.473589   -0.071    0.174  1
RGI60-04.02740     0.59526   68.387842  -67.933005   -0.173    0.163  1
RGI60-04.00441     0.59525   70.406267  -70.242838   -0.452    0.217  1
RGI60-04.05585     0.59495   66.751450  -65.000011   -0.583    0.241  1
RGI60-04.04284     0.59489   66.148077  -64.258598   -0.444    0.173  1
RGI60-04.01797     0.59393   66.264976  -65.087495   -0.256    0.184  1
RGI60-04.02424     0.59348   67.764695  -67.397438   -0.114    0.189  1
RGI60-04.02837     0.59336   69.723619  -70.475451   -0.780    0.251  1
RGI60-04.04460     0.59304   65.917825  -63.750517   -0.309    0.180  1
RGI60-04.01754     0.59229   66.494888  -64.506310   -0.896    0.202  1
RGI60-04.07250     0.59207   73.244068  -77.074186   -0.464    0.168  1
RGI60-04.06745     0.59172   71.615842  -74.107982   -0.393    0.190  1
RGI60-04.01786     0.59166   66.514998  -65.070182   -0.893    0.238  1
RGI60-04.04272     0.59140   66.009388  -64.481317    0.036    0.160  1
RGI60-04.05604     0.59110   67.587274  -65.932839   -0.503    0.174  1
RGI60-04.06019     0.59060   69.337763  -68.687036   -0.449    0.224  1
RGI60-04.02416     0.59053   67.871529  -66.471337   -0.240    0.186  1
RGI60-04.01054     0.59024   66.342251  -62.634604   -0.753    0.206  1
RGI60-04.07012     0.58979   72.984024  -78.044958   -0.344    0.173  1
RGI60-04.02273     0.58813   67.748150  -65.704750   -0.788    0.213  1
RGI60-04.04067     0.58751   72.034400  -75.973584   -0.133    0.166  1
RGI60-04.02581     0.58645   68.021851  -67.075535   -0.783    0.268  1
RGI60-04.06045     0.58617   69.440399  -68.204500   -0.488    0.199  1
RGI60-04.02736     0.58541   68.368657  -68.141511   -0.089    0.155  1
RGI60-04.02058     0.58525   67.005166  -64.092088   -0.638    0.185  1
RGI60-04.05106     0.58474   72.513688  -75.840796   -0.575    0.186  1
RGI60-04.07116     0.58358   73.340709  -78.400830   -0.835    0.226  1
RGI60-04.03922     0.58307   71.846577  -75.527192   -0.329    0.180  1
RGI60-04.03652     0.58279   71.348859  -71.906199   -0.581    0.215  1
RGI60-04.06347     0.58250   71.786308  -78.816022   -0.063    0.155  1
RGI60-04.03728     0.58176   71.390489  -72.908130   -0.711    0.201  1
RGI60-04.02808     0.58125   68.509781  -67.679030   -0.334    0.177  1
RGI60-04.07380     0.58105   58.929567  -63.564481   -1.604    0.324  1
RGI60-04.01130     0.57904   66.745067  -62.426383   -0.298    0.164  1
RGI60-04.05219     0.57889   73.231741  -81.226540   -0.345    0.186  1
RGI60-04.06231     0.57757   72.216328  -78.747443   -0.119    0.154  1
RGI60-04.02486     0.57685   67.964287  -66.605228   -0.313    0.197  1
RGI60-04.04735     0.57563   72.711082  -77.121697   -0.570    0.184  1
RGI60-04.03440     0.57430   71.195450  -73.061477   -0.299    0.176  1
RGI60-04.04885     0.57430   72.421612  -76.197433   -0.155    0.167  1
RGI60-04.01999     0.57394   66.284959  -65.451079   -0.769    0.235  1
RGI60-04.03860     0.57387   71.667931  -74.954738    0.027    0.172  1
RGI60-04.00012     0.57360   62.318908  -66.607372   -0.415    0.173  1
RGI60-04.05599     0.57345   66.702824  -65.160201   -0.743    0.257  1
RGI60-04.07303     0.57326   73.519400  -77.454566   -0.879    0.275  1
RGI60-04.02908     0.57302   69.734475  -69.502085   -0.708    0.258  1
RGI60-04.01866     0.57294   66.183879  -65.361348   -0.094    0.188  1
RGI60-04.05817     0.57279   68.963222  -68.658974    0.075    0.176  1
RGI60-04.01074     0.57251   66.694412  -62.634029   -0.509    0.195  1
RGI60-04.01428     0.57237   65.553896  -64.019286   -0.247    0.152  1
RGI60-04.04141     0.57228   66.574679  -63.465844    0.060    0.152  1
RGI60-04.02442     0.57220   67.904646  -66.438009   -0.087    0.188  1
RGI60-04.06041     0.57156   69.416477  -68.826573   -0.478    0.239  1
RGI60-04.06503     0.57112   73.827213  -85.981710   -0.919    0.282  1
RGI60-04.02134     0.57107   67.738167  -66.770222   -0.601    0.219  1
RGI60-04.03797     0.57105   70.848951  -72.344017   -0.492    0.202  1
RGI60-04.03116     0.57043   70.740795  -71.282271   -0.063    0.201  1
RGI60-04.00091     0.57033   63.875490  -65.720023   -0.219    0.169  1
RGI60-04.00347     0.56991   63.672978  -64.920235   -0.306    0.174  1
RGI60-04.02242     0.56967   67.385330  -64.569164   -0.746    0.223  1
RGI60-04.03588     0.56960   71.296582  -71.833406   -0.268    0.180  1
RGI60-04.03417     0.56934   71.006294  -73.927161   -0.594    0.209  1
RGI60-04.02279     0.56899   67.716820  -66.203647   -0.653    0.213  1
RGI60-04.03499     0.56862   70.855661  -72.666585   -0.178    0.207  1
RGI60-04.01610     0.56845   66.626093  -64.616159   -0.992    0.294  1
RGI60-04.01397     0.56798   66.108789  -62.529730   -0.609    0.191  1
RGI60-04.03851     0.56762   71.624184  -76.038847   -0.611    0.180  1
RGI60-04.01608     0.56747   66.634297  -64.597068   -0.267    0.199  1
RGI60-04.01064     0.56707   66.685253  -62.673501   -0.489    0.191  1
RGI60-04.01373     0.56691   65.886391  -63.074971   -0.364    0.165  1
RGI60-04.01143     0.56657   66.438437  -62.199375    0.049    0.149  1
RGI60-04.03236     0.56597   70.780116  -71.368246   -0.444    0.205  1
RGI60-04.05772     0.56596   67.477860  -66.101066   -0.492    0.230  1
RGI60-04.04814     0.56583   72.618781  -76.554528   -0.164    0.162  1
RGI60-04.02451     0.56526   67.922957  -67.588511   -0.224    0.164  1
RGI60-04.02683     0.56517   68.223339  -67.252085   -0.321    0.184  1
RGI60-04.01387     0.56482   65.521428  -63.708669    0.025    0.150  1
RGI60-04.00321     0.56384   64.709479  -65.620529   -0.627    0.200  1
RGI60-04.06544     0.56376   71.022974  -74.055219    0.068    0.150  1
RGI60-04.03009     0.56364   69.836760  -69.474171   -0.053    0.201  1
RGI60-04.05314     0.56355   72.571042  -84.344511   -0.733    0.247  1
RGI60-04.04417     0.56279   66.455770  -63.057464   -0.349    0.181  1
RGI60-04.05578     0.56260   67.522180  -65.755146   -0.557    0.181  1
RGI60-04.06776     0.56205   71.626119  -74.285307   -0.767    0.224  1
RGI60-04.03906     0.56182   71.847307  -74.330216   -1.211    0.239  1
RGI60-04.06658     0.56119   71.400590  -74.233303   -0.601    0.212  1
RGI60-04.00258     0.56066   64.357804  -65.285027   -0.731    0.178  1
RGI60-04.02167     0.55998   67.642239  -65.695622   -0.467    0.195  1
RGI60-04.01868     0.55976   66.196369  -65.388503   -1.275    0.267  1
RGI60-04.06323     0.55959   71.696898  -78.182664    0.050    0.167  1
RGI60-04.06925     0.55921   72.953009  -76.716925   -0.702    0.186  1
RGI60-04.00492     0.55900   70.408261  -70.096070   -0.477    0.218  1
RGI60-04.03808     0.55892   71.540054  -75.450529   -0.764    0.202  1
RGI60-04.04250     0.55880   66.583431  -63.153158   -0.354    0.158  1
RGI60-04.02551     0.55797   67.930712  -67.156524   -0.461    0.216  1
RGI60-04.05550     0.55756   66.729950  -65.319999   -0.236    0.202  1
RGI60-04.00576     0.55668   70.417657  -70.746103   -0.065    0.194  1
RGI60-04.04971     0.55541   72.546205  -76.725862    0.309    0.156  1
RGI60-04.05409     0.55518   67.269033  -64.844972   -0.431    0.219  1
RGI60-04.00661     0.55389   70.638894  -70.656968   -0.333    0.189  1
RGI60-04.00362     0.55355   63.715406  -64.842786   -0.399    0.171  1
RGI60-04.02295     0.55339   67.761244  -66.274808   -0.215    0.194  1
RGI60-04.00207     0.55275   64.074407  -65.802656   -0.147    0.143  1
RGI60-04.02809     0.55228   68.517829  -68.357335   -0.257    0.165  1
RGI60-04.03044     0.55196   69.629800  -70.501482   -0.355    0.182  1
RGI60-04.01014     0.55192   66.429672  -62.409930   -0.406    0.160  1
RGI60-04.06091     0.55180   69.459231  -68.344952   -0.666    0.204  1
RGI60-04.04388     0.55166   66.205489  -63.608499   -0.764    0.185  1
RGI60-04.03986     0.55096   72.071956  -75.036201   -0.296    0.180  1
RGI60-04.02156     0.55043   67.639447  -65.051481   -1.819    0.476  1
RGI60-04.03729     0.55007   71.425238  -72.642052   -0.716    0.192  1
RGI60-04.00393     0.54970   70.417135  -70.629340   -0.357    0.261  1
RGI60-04.00693     0.54959   70.767006  -70.135680   -0.271    0.191  1
RGI60-04.04724     0.54904   72.630798  -76.898185   -1.342    0.296  1
RGI60-04.01572     0.54810   67.014617  -64.089176   -0.562    0.189  1
RGI60-04.06688     0.54799   71.452644  -73.012934   -0.020    0.171  1
RGI60-04.00078     0.54725   63.841605  -65.096677   -0.632    0.197  1
RGI60-04.04887     0.54659   72.546673  -76.768192   -0.347    0.154  1
RGI60-04.03014     0.54657   69.841116  -69.891602   -0.405    0.192  1
RGI60-04.03067     0.54637   70.121832  -69.442658   -0.453    0.215  1
RGI60-04.04382     0.54606   66.065167  -63.657933   -0.331    0.159  1
RGI60-04.06835     0.54580   71.175176  -73.895948   -0.656    0.186  1
RGI60-04.04671     0.54550   66.319826  -62.947113   -0.030    0.145  1
RGI60-04.01528     0.54532   65.776343  -63.290912   -0.077    0.156  1
RGI60-04.05405     0.54474   67.207898  -64.517217   -0.727    0.236  1
RGI60-04.01556     0.54471   65.838778  -63.135332   -0.014    0.141  1
RGI60-04.06781     0.54459   71.709532  -74.273555    0.140    0.186  1
RGI60-04.01827     0.54451   66.914300  -64.633003   -0.051    0.208  1
RGI60-04.02359     0.54438   67.887266  -65.631168   -0.382    0.188  1
RGI60-04.01286     0.54414   66.843617  -62.533560   -0.223    0.170  1
RGI60-04.06679     0.54392   71.378615  -74.864707   -0.491    0.206  1
RGI60-04.04877     0.54387   72.509785  -76.728216   -0.425    0.165  1
RGI60-04.02367     0.54339   67.387599  -64.538944   -0.488    0.214  1
RGI60-04.00763     0.54317   70.151312  -71.078015   -0.429    0.206  1
RGI60-04.03837     0.54193   71.617428  -74.729274   -0.648    0.236  1
RGI60-04.02579     0.54119   67.996604  -66.794244   -0.592    0.242  1
RGI60-04.04413     0.54042   66.548880  -63.586271   -0.178    0.177  1
RGI60-04.06613     0.54019   71.309627  -74.579898   -0.057    0.176  1
RGI60-04.02391     0.53965   67.612052  -65.544074   -0.934    0.270  1
RGI60-04.03613     0.53948   70.816006  -72.555901   -0.804    0.247  1
RGI60-04.05057     0.53928   72.505203  -75.761714    0.044    0.165  1
RGI60-04.00771     0.53841   70.162025  -69.985766    0.260    0.192  1
RGI60-04.06594     0.53808   71.243783  -74.052074   -0.258    0.168  1
RGI60-04.01950     0.53785   67.086566  -64.271178   -0.784    0.224  1
RGI60-04.05403     0.53747   67.209022  -64.473169   -0.164    0.197  1
RGI60-04.06957     0.53659   73.459324  -80.261112   -0.964    0.216  1
RGI60-04.00142     0.53645   63.952843  -64.897431   -0.327    0.164  1
RGI60-04.04258     0.53640   66.141604  -64.597487   -0.858    0.204  1
RGI60-04.02953     0.53623   69.854660  -69.133254   -0.222    0.219  1
RGI60-04.00234     0.53618   62.627978  -66.794023    0.047    0.157  1
RGI60-04.04418     0.53564   66.389165  -63.210074   -0.109    0.147  1
RGI60-04.01339     0.53562   65.984941  -62.775789   -0.223    0.148  1
RGI60-04.02898     0.53497   69.764400  -69.712894   -0.473    0.216  1
RGI60-04.07311     0.53465   72.923636  -76.291682   -0.643    0.191  1
RGI60-04.05610     0.53346   66.696839  -65.511666   -0.740    0.317  1
RGI60-04.06020     0.53343   69.359206  -68.696487   -0.297    0.197  1
RGI60-04.05702     0.53340   66.844928  -64.857106   -1.014    0.255  1
RGI60-04.02384     0.53280   67.423873  -64.320032   -0.828    0.216  1
RGI60-04.07081     0.53212   73.509367  -79.343329   -0.337    0.169  1
RGI60-04.02425     0.53188   67.889346  -66.528577   -0.462    0.229  1
RGI60-04.04059     0.53185   71.778364  -76.293611   -0.095    0.154  1
RGI60-04.06801     0.53153   71.720624  -74.145395   -0.173    0.200  1
RGI60-04.00675     0.53113   70.618991  -70.562318   -0.311    0.190  1
RGI60-04.03150     0.53107   70.645827  -71.175882   -0.606    0.269  1
RGI60-04.04670     0.53094   66.351010  -64.205557   -0.688    0.211  1
RGI60-04.02322     0.53074   67.769722  -66.433926   -0.295    0.193  1
RGI60-04.04696     0.53001   72.551761  -76.890983   -0.457    0.178  1
RGI60-04.02734     0.52919   68.381374  -68.135854   -0.619    0.188  1
RGI60-04.07226     0.52908   73.085633  -76.666481   -0.780    0.214  1
RGI60-04.02619     0.52888   68.128198  -66.477783   -0.271    0.200  1
RGI60-04.02590     0.52884   68.028525  -67.161684   -0.076    0.196  1
RGI60-04.04710     0.52749   72.730605  -77.336679   -0.045    0.158  1
RGI60-04.01495     0.52702   65.718798  -63.961185   -0.323    0.160  1
RGI60-04.01391     0.52626   66.126851  -62.377164   -0.235    0.166  1
RGI60-04.01639     0.52623   66.553645  -64.998945   -0.406    0.204  1
RGI60-04.04147     0.52616   66.639213  -63.806186    0.007    0.164  1
RGI60-04.07158     0.52578   73.265604  -79.771890   -0.374    0.160  1
RGI60-04.05587     0.52562   66.619994  -65.324505   -0.388    0.209  1
RGI60-04.03862     0.52554   71.670925  -75.212183   -0.269    0.176  1
RGI60-04.04077     0.52538   72.046170  -75.608935   -0.460    0.183  1
RGI60-04.00883     0.52523   66.579611  -62.655047   -0.410    0.183  1
RGI60-04.03798     0.52410   71.569700  -72.557590   -0.847    0.220  1
RGI60-04.06115     0.52366   69.342765  -69.140945   -0.412    0.211  1
RGI60-04.01758     0.52330   66.476392  -64.326008   -0.788    0.202  1
RGI60-04.07249     0.52260   73.238248  -77.107054   -0.635    0.177  1
RGI60-04.06879     0.52239   73.529539  -78.162462   -0.496    0.227  1
RGI60-04.06819     0.52222   71.685955  -74.020228   -0.582    0.232  1
RGI60-04.03010     0.52137   69.929254  -69.791307   -0.125    0.198  1
RGI60-04.00133     0.52094   63.960108  -65.623595   -0.324    0.173  1
RGI60-04.03654     0.52089   71.342067  -71.909730   -0.578    0.246  1
RGI60-04.05731     0.52047   66.736295  -65.568416   -0.542    0.215  1
RGI60-04.06737     0.52031   71.626154  -72.836960   -0.739    0.206  1
RGI60-04.02188     0.51902   67.519650  -64.840784   -0.822    0.265  1
RGI60-04.05391     0.51902   67.140829  -64.861865   -0.695    0.235  1
RGI60-04.01508     0.51823   65.710840  -63.857351   -0.147    0.147  1
RGI60-04.03260     0.51818   70.818759  -71.278982    0.095    0.217  1
RGI60-04.00727     0.51781   70.058119  -70.170941   -0.632    0.202  1
RGI60-04.06061     0.51775   69.425999  -68.289355   -0.671    0.221  1
RGI60-04.04651     0.51770   66.224069  -63.922307    0.108    0.172  1
RGI60-04.06033     0.51648   68.694583  -68.227204   -0.027    0.182  1
RGI60-04.01452     0.51644   65.646249  -63.902164   -0.056    0.145  1
RGI60-04.01503     0.51641   65.725348  -63.037095   -0.220    0.157  1
RGI60-04.03412     0.51617   70.900020  -71.936594   -0.106    0.178  1
RGI60-04.04441     0.51541   66.131188  -63.871019    0.058    0.157  1
RGI60-04.01978     0.51504   66.228778  -65.414688   -1.581    0.324  1
RGI60-04.06559     0.51470   71.261836  -73.366239    0.068    0.153  1
RGI60-04.00572     0.51469   70.373286  -70.678659    0.004    0.220  1
RGI60-04.03091     0.51396   69.688161  -68.823359    0.078    0.249  1
RGI60-04.03663     0.51389   71.350308  -72.304851   -0.465    0.201  1
RGI60-04.02902     0.51369   69.662608  -69.646478   -0.404    0.203  1
RGI60-04.02625     0.51336   67.987525  -67.549192   -0.752    0.220  1
RGI60-04.01075     0.51312   66.705941  -62.913594    0.108    0.168  1
RGI60-04.02016     0.51269   66.389762  -65.261780   -1.215    0.263  1
RGI60-04.06780     0.51240   71.721699  -74.252981   -0.532    0.230  1
RGI60-04.06441     0.51226   73.692517  -85.579687   -0.614    0.270  1
RGI60-04.00426     0.51210   70.252421  -69.753846   -0.317    0.185  1
RGI60-04.00092     0.51176   63.860274  -65.832853   -0.046    0.162  1
RGI60-04.04387     0.51164   66.100521  -63.579448   -0.398    0.178  1
RGI60-04.04736     0.51153   72.568777  -77.246152   -0.784    0.206  1
RGI60-04.07262     0.51038   73.208324  -79.530753   -0.396    0.170  1
RGI60-04.03133     0.50959   70.754353  -70.889135   -0.363    0.203  1
RGI60-04.03624     0.50943   70.810978  -72.552471   -0.427    0.230  1
RGI60-04.06031     0.50889   69.433265  -68.694318    0.058    0.201  1
RGI60-04.01001     0.50884   66.501578  -62.746690   -0.165    0.166  1
RGI60-04.07121     0.50884   73.385405  -78.288451   -0.377    0.202  1
RGI60-04.06021     0.50856   69.412087  -68.851200   -0.561    0.242  1
RGI60-04.03852     0.50831   71.633571  -76.042223   -0.098    0.150  1
RGI60-04.00315     0.50805   64.608718  -65.525929   -0.082    0.149  1
RGI60-04.05549     0.50746   66.720149  -65.558994   -0.311    0.194  1
RGI60-04.05217     0.50714   73.237711  -81.293681   -0.444    0.199  1
RGI60-04.06410     0.50703   73.756939  -85.655042   -0.490    0.212  1
RGI60-04.00320     0.50679   64.678426  -65.617779   -0.406    0.181  1
RGI60-04.01169     0.50648   66.797221  -62.569979   -0.927    0.224  1
RGI60-04.04009     0.50606   71.755005  -74.935857   -0.695    0.203  1
RGI60-04.02946     0.50540   69.865740  -69.117239   -0.254    0.220  1
RGI60-04.07289     0.50533   73.456671  -77.515602    0.713    0.266  1
RGI60-04.03447     0.50519   71.026696  -72.359294   -0.564    0.212  1
RGI60-04.02105     0.50508   66.497005  -65.728709   -0.549    0.221  1
RGI60-04.06012     0.50489   69.348731  -68.726717   -0.947    0.298  1
RGI60-04.03058     0.50458   70.082089  -69.023218   -0.226    0.197  1
RGI60-04.02772     0.50408   68.461107  -68.244093   -0.392    0.187  1
RGI60-04.00380     0.50366   70.407235  -70.619806    0.039    0.204  1
RGI60-04.04218     0.50357   65.998145  -64.048326    0.050    0.150  1
RGI60-04.03323     0.50337   70.486464  -72.384742   -0.564    0.210  1
RGI60-04.06215     0.50335   72.124700  -77.701769   -0.641    0.216  1
RGI60-04.05716     0.50331   66.646389  -65.465286   -0.449    0.444  1
RGI60-04.06336     0.50320   71.706713  -78.985222   -0.200    0.156  1
RGI60-04.03019     0.50310   69.842127  -69.445202   -0.327    0.211  1
RGI60-04.07381     0.50308   58.937848  -63.550602   -1.069    0.298  1
RGI60-04.01115     0.50299   66.675955  -63.167098   -0.405    0.177  1
RGI60-04.01917     0.50269   66.963693  -64.516552   -0.068    0.197  1
RGI60-04.04159     0.50196   66.609842  -63.743584   -0.244    0.170  1
RGI60-04.00147     0.50180   63.975076  -65.231126   -0.734    0.214  1
RGI60-04.05410     0.50166   67.239166  -64.847997   -0.311    0.195  1
RGI60-04.03628     0.50159   70.694078  -72.746841   -0.421    0.209  1
RGI60-04.06119     0.50159   69.462100  -69.302748   -0.406    0.219  1
RGI60-04.01897     0.50142   67.064666  -64.442868    0.146    0.191  1
RGI60-04.01182     0.50110   66.728158  -62.140273   -0.004    0.156  1
RGI60-04.05785     0.50081   68.921767  -69.656034   -0.261    0.184  1
RGI60-04.02294     0.50064   67.775104  -66.278091    0.045    0.178  1
RGI60-04.06528     0.50037   71.259367  -74.040871   -0.160    0.162  1
RGI60-04.03337     0.49979   70.422264  -71.290762   -0.168    0.193  1
RGI60-04.06566     0.49968   71.242043  -73.526381   -0.188    0.163  1
RGI60-04.07201     0.49945   72.940832  -78.437772   -0.469    0.205  1
RGI60-04.04429     0.49945   65.961073  -63.540193   -0.529    0.162  1
RGI60-04.04592     0.49941   66.365661  -63.634335   -0.358    0.172  1
RGI60-04.03359     0.49923   71.005992  -71.441085   -0.181    0.200  1
RGI60-04.02907     0.49915   69.787346  -68.699319   -0.235    0.270  1
RGI60-04.03647     0.49899   71.309189  -72.304692   -0.519    0.186  1
RGI60-04.03545     0.49822   71.252923  -72.158067   -0.407    0.209  1
RGI60-04.06547     0.49821   71.255840  -75.229303   -0.498    0.199  1
RGI60-04.03987     0.49793   71.833511  -75.555066   -0.461    0.192  1
RGI60-04.05236     0.49758   73.171523  -82.344640   -0.418    0.184  1
RGI60-04.00192     0.49731   62.507406  -66.607594    0.004    0.207  1
RGI60-04.03931     0.49688   71.944635  -75.494996   -0.494    0.198  1
RGI60-04.02428     0.49524   67.891469  -66.449859   -0.443    0.201  1
RGI60-04.07083     0.49489   73.519092  -79.342818   -0.201    0.161  1
RGI60-04.05141     0.49488   73.499726  -81.939981   -0.315    0.170  1
RGI60-04.01935     0.49456   67.054053  -64.396453    0.127    0.200  1
RGI60-04.05859     0.49402   69.118871  -69.864394   -0.723    0.208  1
RGI60-04.00025     0.49376   62.300758  -66.727007    0.092    0.165  1
RGI60-04.00262     0.49360   64.408359  -65.982191   -0.238    0.172  1
RGI60-04.02849     0.49331   69.776147  -69.586780   -0.119    0.200  1
RGI60-04.04473     0.49292   65.860965  -64.114690   -0.029    0.168  1
RGI60-04.06030     0.49230   69.431796  -68.711572   -0.269    0.201  1
RGI60-04.01260     0.49124   66.796604  -61.922372   -0.251    0.158  1
RGI60-04.02243     0.49020   67.754514  -66.867196   -0.471    0.250  1
RGI60-04.07356     0.49016   59.501588  -63.935718   -0.784    0.284  1
RGI60-04.04065     0.48927   72.056572  -75.755768   -0.428    0.168  1
RGI60-04.03988     0.48921   71.897410  -74.504512   -0.180    0.181  1
RGI60-04.03153     0.48899   70.731270  -70.907688   -0.680    0.238  1
RGI60-04.05139     0.48755   73.481223  -81.883082   -0.494    0.192  1
RGI60-04.06239     0.48734   72.304514  -78.598508   -0.731    0.189  1
RGI60-04.03173     0.48679   70.654419  -71.227259   -0.405    0.220  1
RGI60-04.03360     0.48661   70.965723  -73.854479   -0.055    0.159  1
RGI60-04.03296     0.48616   70.852718  -71.013324   -0.052    0.194  1
RGI60-04.02483     0.48499   67.789477  -67.412524   -0.452    0.218  1
RGI60-04.00793     0.48442   70.286663  -70.099969   -0.236    0.187  1
RGI60-04.06611     0.48331   71.286068  -75.140541   -0.498    0.192  1
RGI60-04.06977     0.48329   73.511998  -80.370915   -0.602    0.214  1
RGI60-04.04259     0.48312   66.142070  -64.580272   -0.499    0.190  1
RGI60-04.04879     0.48283   72.470412  -77.051559   -0.174    0.150  1
RGI60-04.01647     0.48268   66.427665  -64.616084    0.113    0.162  1
RGI60-04.04995     0.48256   72.269151  -75.351669    0.402    0.181  1
RGI60-04.04607     0.48243   66.222688  -62.920018   -0.594    0.204  1
RGI60-04.04790     0.48200   72.599705  -76.261528   -0.042    0.189  1
RGI60-04.00953     0.48175   66.635887  -62.244360   -0.873    0.199  1
RGI60-04.02272     0.48140   67.759567  -66.123929   -0.086    0.195  1
RGI60-04.03074     0.48109   70.148988  -69.169714   -0.713    0.259  1
RGI60-04.00173     0.48100   62.525714  -66.562730    0.305    0.190  1
RGI60-04.05843     0.48050   69.067379  -68.833312   -0.517    0.198  1
RGI60-04.00498     0.48034   70.437262  -69.586453   -0.581    0.216  1
RGI60-04.05413     0.47962   67.286293  -64.991790    0.161    0.223  1
RGI60-04.04611     0.47918   66.238452  -62.978571   -0.337    0.163  1
RGI60-04.06377     0.47879   73.597249  -85.448620   -0.268    0.195  1
RGI60-04.00204     0.47859   64.255547  -65.976125   -0.168    0.159  1
RGI60-04.02033     0.47858   66.417770  -64.900337   -0.830    0.220  1
RGI60-04.03415     0.47832   71.038261  -72.165812   -0.553    0.214  1
RGI60-04.04483     0.47826   66.141679  -63.193726   -0.743    0.200  1
RGI60-04.04572     0.47743   65.881161  -63.985051   -0.630    0.199  1
RGI60-04.01488     0.47728   65.714506  -63.167415   -0.090    0.147  1
RGI60-04.04740     0.47682   72.743516  -77.062563   -0.031    0.177  1
RGI60-04.04056     0.47653   71.973498  -75.664337   -0.410    0.189  1
RGI60-04.00493     0.47597   70.411709  -70.178247   -0.316    0.186  1
RGI60-04.02501     0.47552   67.967999  -66.649822   -0.152    0.216  1
RGI60-04.00244     0.47551   64.288738  -65.705621   -0.193    0.156  1
RGI60-04.05880     0.47502   69.105219  -68.691586   -0.366    0.203  1
RGI60-04.01445     0.47499   65.601046  -63.968663   -0.129    0.167  1
RGI60-04.06324     0.47473   71.694123  -78.323423   -0.161    0.172  1
RGI60-04.00614     0.47463   70.553801  -70.971579   -0.485    0.213  1
RGI60-04.03318     0.47452   70.398669  -72.099844   -0.374    0.196  1
RGI60-04.02661     0.47452   68.192709  -67.224298   -0.538    0.219  1
RGI60-04.00391     0.47434   70.418354  -69.454191   -0.084    0.185  1
RGI60-04.02810     0.47433   68.079179  -66.763087   -0.395    0.208  1
RGI60-04.02202     0.47410   67.675702  -65.004943   -1.061    0.309  1
RGI60-04.05636     0.47354   67.549190  -66.472302   -0.813    0.236  1
RGI60-04.04892     0.47345   72.244131  -77.199759   -0.126    0.168  1
RGI60-04.00098     0.47333   63.901079  -65.927463   -0.318    0.167  1
RGI60-04.02508     0.47269   67.996122  -67.940415   -0.346    0.192  1
RGI60-04.03028     0.47242   69.897454  -69.461415   -0.116    0.199  1
RGI60-04.07229     0.47203   73.077784  -76.752586   -0.640    0.186  1
RGI60-04.01094     0.47116   66.681006  -62.058493   -0.374    0.169  1
RGI60-04.05522     0.47077   66.958793  -65.062558   -0.778    0.273  1
RGI60-04.07103     0.47033   73.609732  -79.682333   -0.505    0.210  1
RGI60-04.02086     0.47029   66.388384  -65.609196   -0.955    0.285  1
RGI60-04.04799     0.47012   72.222074  -75.038305   -0.656    0.217  1
RGI60-04.02298     0.46980   67.787839  -66.698759   -0.280    0.174  1
RGI60-04.00713     0.46948   70.494107  -71.016090   -0.365    0.202  1
RGI60-04.04411     0.46903   65.806475  -63.891505   -0.585    0.184  1
RGI60-04.06832     0.46836   71.664963  -74.056246   -0.317    0.205  1
RGI60-04.00185     0.46802   62.532922  -66.619789   -0.198    0.191  1
RGI60-04.00488     0.46763   70.403303  -70.091041   -0.498    0.227  1
RGI60-04.02331     0.46760   67.806390  -65.844051   -0.562    0.190  1
RGI60-04.02630     0.46721   68.065396  -67.615782   -0.441    0.189  1
RGI60-04.01284     0.46630   66.529827  -62.882549   -0.205    0.160  1
RGI60-04.05154     0.46616   73.510683  -82.027385   -0.250    0.176  1
RGI60-04.07049     0.46602   73.641803  -80.021611   -0.239    0.199  1
RGI60-04.05336     0.46596   66.875085  -66.172507   -0.409    0.184  1
RGI60-04.06788     0.46551   71.458535  -74.200722   -0.486    0.221  1
RGI60-04.02005     0.46485   66.318518  -64.992176   -0.344    0.404  1
RGI60-04.04166     0.46476   66.667322  -63.699020   -0.715    0.207  1
RGI60-04.02147     0.46461   67.635838  -64.996953   -0.832    0.340  1
RGI60-04.02276     0.46411   67.758067  -65.895465   -0.128    0.189  1
RGI60-04.01473     0.46393   65.695142  -63.885350   -0.027    0.157  1
RGI60-04.02407     0.46369   67.859238  -67.700814   -0.233    0.171  1
RGI60-04.03423     0.46359   71.097747  -71.539402   -0.036    0.195  1
RGI60-04.00174     0.46350   62.624985  -66.880106   -0.188    0.170  1
RGI60-04.02756     0.46348   67.828022  -66.757864   -0.184    0.207  1
RGI60-04.06889     0.46281   73.550562  -80.577606   -0.443    0.185  1
RGI60-04.04173     0.46234   66.694745  -63.722825   -0.201    0.174  1
RGI60-04.02536     0.46111   67.923490  -66.896934   -0.605    0.223  1
RGI60-04.06135     0.46097   69.434738  -70.231855   -0.169    0.180  1
RGI60-04.05089     0.46090   72.503969  -76.323128   -0.246    0.170  1
RGI60-04.00798     0.46087   70.306255  -69.762532   -0.347    0.201  1
RGI60-04.02964     0.46080   69.927603  -68.834735   -0.541    0.217  1
RGI60-04.05148     0.46068   73.191410  -80.870777   -0.526    0.211  1
RGI60-04.04070     0.46052   72.054029  -75.330121    0.316    0.185  1
RGI60-04.04393     0.46015   66.049410  -63.444922   -0.742    0.196  1
RGI60-04.06164     0.46014   69.488490  -69.129443   -0.063    0.201  1
RGI60-04.05056     0.45955   72.434249  -77.499013   -0.311    0.157  1
RGI60-04.04125     0.45928   66.372312  -62.933394   -0.427    0.170  1
RGI60-04.04385     0.45913   65.981895  -63.583640   -0.514    0.173  1
RGI60-04.02135     0.45812   67.626213  -65.000858   -0.647    0.226  1
RGI60-04.01288     0.45756   66.828200  -62.096188   -0.006    0.165  1
RGI60-04.00496     0.45655   70.427890  -70.640116   -0.508    0.292  1
RGI60-04.01525     0.45566   65.747904  -63.668890   -0.845    0.211  1
RGI60-04.02607     0.45555   68.058956  -67.753235   -0.102    0.165  1
RGI60-04.01901     0.45551   66.955816  -64.206260   -0.450    0.178  1
RGI60-04.05713     0.45462   66.639721  -65.411812   -0.053    0.203  1
RGI60-04.04431     0.45459   66.437973  -63.050968   -0.034    0.157  1
RGI60-04.02547     0.45452   67.982387  -67.131637   -0.358    0.271  1
RGI60-04.02089     0.45427   66.439385  -65.694734   -0.389    0.210  1
RGI60-04.02804     0.45386   68.440763  -67.773848   -0.630    0.190  1
RGI60-04.06275     0.45375   71.590267  -77.615677   -0.048    0.187  1
RGI60-04.03991     0.45323   71.801341  -75.613170   -0.470    0.192  1
RGI60-04.00658     0.45317   70.511586  -70.652321   -0.562    0.224  1
RGI60-04.04817     0.45288   72.280094  -75.137155   -0.856    0.218  1
RGI60-04.01153     0.45238   66.797200  -62.947792   -0.328    0.180  1
RGI60-04.00484     0.45206   70.426332  -69.967604   -0.430    0.193  1
RGI60-04.01553     0.45204   65.777603  -63.565436   -0.627    0.188  1
RGI60-04.04789     0.45199   72.583460  -76.229702   -0.357    0.176  1
RGI60-04.00093     0.45162   63.871158  -65.823866   -0.354    0.174  1
RGI60-04.00077     0.45155   63.856244  -65.801601   -0.061    0.169  1
RGI60-04.05972     0.45069   69.228119  -69.046218   -0.182    0.194  1
RGI60-04.03863     0.44988   71.624920  -75.457829   -0.643    0.199  1
RGI60-04.02370     0.44945   67.708889  -65.524657    0.185    0.197  1
RGI60-04.05709     0.44895   66.626226  -65.313899   -0.282    0.228  1
RGI60-04.05170     0.44858   73.539183  -82.015208   -0.205    0.169  1
RGI60-04.03542     0.44848   71.251739  -72.174111   -0.463    0.216  1
RGI60-04.00848     0.44847   66.886612  -62.331694   -0.791    0.249  1
RGI60-04.01561     0.44818   65.852632  -63.129881   -0.172    0.148  1
RGI60-04.03782     0.44814   70.775016  -72.516953   -0.570    0.228  1
RGI60-04.02124     0.44780   67.637235  -66.099454   -0.224    0.172  1
RGI60-04.01789     0.44771   66.367498  -65.151096   -0.549    0.198  1
RGI60-04.02498     0.44737   67.960620  -66.637144   -0.219    0.196  1
RGI60-04.06486     0.44640   73.786017  -85.189041   -0.506    0.220  1
RGI60-04.06212     0.44589   72.192915  -78.119855   -0.181    0.147  1
RGI60-04.06645     0.44585   71.403589  -73.153029   -0.469    0.187  1
RGI60-04.02030     0.44578   66.367078  -64.935818   -0.989    0.232  1
RGI60-04.05481     0.44571   67.548027  -66.127442   -0.436    0.215  1
RGI60-04.06248     0.44563   72.350629  -79.223817   -0.347    0.211  1
RGI60-04.06452     0.44560   73.772794  -85.007333   -0.279    0.197  1
RGI60-04.07277     0.44537   73.423087  -77.676070   -0.749    0.210  1
RGI60-04.05922     0.44510   69.137008  -69.052057   -0.573    0.215  1
RGI60-04.01756     0.44487   66.277629  -65.116743   -1.320    0.285  1
RGI60-04.02248     0.44485   67.743865  -66.078999    0.417    0.221  1
RGI60-04.02555     0.44431   67.997599  -67.125720    0.027    0.220  1
RGI60-04.07239     0.44421   73.089432  -79.169032   -0.631    0.190  1
RGI60-04.06622     0.44417   71.320314  -75.157849   -0.185    0.175  1
RGI60-04.05343     0.44416   66.529207  -65.546683   -0.167    0.217  1
RGI60-04.07266     0.44409   72.912775  -76.400347   -0.500    0.194  1
RGI60-04.04425     0.44370   66.124821  -63.949549   -0.068    0.166  1
RGI60-04.04649     0.44347   66.219442  -63.894341    0.042    0.164  1
RGI60-04.06123     0.44340   69.298485  -69.354096   -0.411    0.227  1
RGI60-04.02920     0.44337   69.616194  -69.259108    0.079    0.220  1
RGI60-04.04622     0.44321   66.298413  -64.142822   -0.539    0.187  1
RGI60-04.00620     0.44302   70.578320  -69.957844   -0.692    0.210  1
RGI60-04.07298     0.44296   73.497639  -77.644224   -1.241    0.329  1
RGI60-04.00039     0.44295   63.791725  -65.850038   -0.508    0.226  1
RGI60-04.00115     0.44286   62.500146  -66.676563   -0.241    0.240  1
RGI60-04.05791     0.44268   68.929502  -68.755330   -0.265    0.180  1
RGI60-04.02970     0.44250   69.958168  -69.695376   -0.078    0.193  1
RGI60-04.00307     0.44151   64.593289  -65.554005   -0.385    0.191  1
RGI60-04.01331     0.44138   65.962941  -62.668305   -0.029    0.164  1
RGI60-04.03287     0.44121   70.393596  -71.843904   -0.543    0.238  1
RGI60-04.02447     0.44059   68.079494  -67.188469   -1.477    0.316  1
RGI60-04.02469     0.44034   67.785104  -67.448675   -0.073    0.211  1
RGI60-04.02793     0.43972   68.489236  -67.970482   -0.161    0.165  1
RGI60-04.00829     0.43921   66.868289  -62.325253   -0.606    0.201  1
RGI60-04.02870     0.43911   69.799257  -69.075591   -0.095    0.211  1
RGI60-04.00478     0.43861   70.147963  -70.548237   -0.282    0.192  1
RGI60-04.06274     0.43856   71.514623  -79.145682   -0.117    0.151  1
RGI60-04.06096     0.43787   69.343710  -69.666832   -0.416    0.209  1
RGI60-04.02954     0.43751   69.837336  -69.215239    0.041    0.203  1
RGI60-04.04196     0.43732   65.801612  -64.168387   -0.268    0.166  1
RGI60-04.06203     0.43718   72.155757  -78.323969   -0.281    0.179  1
RGI60-04.00081     0.43670   63.860242  -65.690709   -0.370    0.197  1
RGI60-04.02006     0.43640   66.340053  -65.317938   -0.626    0.221  1
RGI60-04.01757     0.43602   66.406632  -65.404077   -0.412    0.225  1
RGI60-04.01640     0.43574   66.590501  -65.034544   -0.447    0.200  1
RGI60-04.05472     0.43559   67.557712  -65.542874   -0.185    0.191  1
RGI60-04.01154     0.43546   66.782393  -62.555527   -0.602    0.227  1
RGI60-04.00449     0.43487   70.295695  -70.097658    0.085    0.176  1
RGI60-04.07215     0.43373   73.569683  -80.658593   -0.598    0.206  1
RGI60-04.03711     0.43337   71.488044  -72.737814    0.081    0.188  1
RGI60-04.06945     0.43328   73.384663  -79.937416   -0.592    0.197  1
RGI60-04.02282     0.43327   67.674141  -66.271693   -0.245    0.174  1
RGI60-04.05790     0.43326   68.929113  -68.744197   -0.558    0.194  1
RGI60-04.06698     0.43325   71.482559  -73.182035   -0.569    0.208  1
RGI60-04.01450     0.43322   65.628001  -63.834156   -0.123    0.152  1
RGI60-04.05850     0.43306   69.065754  -69.009569   -0.888    0.236  1
RGI60-04.07034     0.43247   73.115828  -79.091538   -0.442    0.175  1
RGI60-04.03016     0.43231   69.856031  -69.601224   -0.246    0.236  1
RGI60-04.02213     0.43203   67.493022  -64.917092   -0.811    0.233  1
RGI60-04.00744     0.43197   70.004865  -70.581861   -0.412    0.193  1
RGI60-04.06595     0.43148   71.229960  -73.854809   -0.340    0.172  1
RGI60-04.05704     0.43141   66.752364  -64.968459   -0.656    0.234  1
RGI60-04.03106     0.43099   70.234800  -71.530651   -0.225    0.190  1
RGI60-04.04421     0.43090   65.902426  -64.074116    0.218    0.223  1
RGI60-04.03945     0.43072   72.080610  -75.411004   -0.238    0.164  1
RGI60-04.02433     0.43038   67.900011  -67.712707    0.108    0.163  1
RGI60-04.05881     0.42999   69.021596  -68.465307   -0.423    0.205  1
RGI60-04.00628     0.42984   70.624597  -70.963211   -0.218    0.191  1
RGI60-04.04597     0.42961   66.513728  -63.620446   -0.370    0.189  1
RGI60-04.06723     0.42960   71.573001  -72.852876   -0.578    0.207  1
RGI60-04.00230     0.42958   64.074463  -65.814635   -0.131    0.146  1
RGI60-04.03143     0.42840   70.637258  -71.529146   -0.050    0.192  1
RGI60-04.02052     0.42825   66.427767  -64.863911   -0.471    0.335  1
RGI60-04.01166     0.42819   66.754630  -61.773528    0.102    0.195  1
RGI60-04.06545     0.42815   71.245991  -75.440392   -0.339    0.191  1
RGI60-04.05140     0.42814   73.477200  -81.933072   -0.536    0.195  1
RGI60-04.02801     0.42808   68.505447  -67.804917   -0.099    0.189  1
RGI60-04.02076     0.42726   66.508146  -65.746437   -0.441    0.203  1
RGI60-04.01645     0.42726   66.480403  -65.146246   -0.876    0.242  1
RGI60-04.03980     0.42722   71.911921  -74.573514   -0.252    0.180  1
RGI60-04.03149     0.42704   70.651889  -71.269868   -0.029    0.221  1
RGI60-04.01183     0.42686   66.711249  -62.212043   -0.627    0.207  1
RGI60-04.03833     0.42662   71.432776  -76.521784   -0.016    0.152  1
RGI60-04.02015     0.42585   66.374952  -65.399870   -0.299    0.218  1
RGI60-04.01013     0.42584   66.465700  -62.547862   -0.175    0.158  1
RGI60-04.00059     0.42542   62.364341  -66.785272   -0.096    0.210  1
RGI60-04.02747     0.42532   68.408155  -67.686538   -0.327    0.184  1
RGI60-04.04503     0.42502   66.486634  -63.435334   -0.054    0.168  1
RGI60-04.05047     0.42459   72.459900  -76.368135   -0.590    0.211  1
RGI60-04.00551     0.42425   70.391105  -70.453590    0.080    0.192  1
RGI60-04.00448     0.42410   70.252320  -69.991202    0.449    0.224  1
RGI60-04.07064     0.42264   73.161990  -79.362209   -0.498    0.204  1
RGI60-04.01481     0.42250   65.689143  -63.159242   -0.222    0.152  1
RGI60-04.04888     0.42232   72.438824  -76.186916    0.020    0.171  1
RGI60-04.06140     0.42229   69.498710  -69.577216   -0.780    0.220  1
RGI60-04.03566     0.42218   71.105075  -71.576719   -0.521    0.231  1
RGI60-04.01008     0.42214   66.554735  -61.972905   -0.715    0.231  1
RGI60-04.05519     0.42197   66.925521  -65.069640   -0.513    0.224  1
RGI60-04.06243     0.42174   71.371892  -78.801510   -0.337    0.190  1
RGI60-04.00514     0.42152   70.454869  -70.896525   -0.295    0.194  1
RGI60-04.02534     0.42144   67.955027  -66.973056   -0.328    0.194  1
RGI60-04.04647     0.42140   66.271342  -63.933396   -0.174    0.167  1
RGI60-04.00852     0.42117   66.889772  -62.281040   -0.521    0.209  1
RGI60-04.02900     0.42116   69.799674  -69.090817    0.283    0.264  1
RGI60-04.05958     0.42113   69.319174  -68.936765   -0.600    0.299  1
RGI60-04.00502     0.42086   70.439805  -69.980037   -0.210    0.205  1
RGI60-04.02306     0.41978   67.796638  -66.734432   -0.068    0.173  1
RGI60-04.06597     0.41967   71.223120  -73.870291   -0.528    0.203  1
RGI60-04.03138     0.41940   70.802666  -71.113847   -0.540    0.239  1
RGI60-04.04738     0.41931   72.733264  -76.951696   -0.195    0.170  1
RGI60-04.00261     0.41923   64.376633  -65.520708   -0.179    0.159  1
RGI60-04.02234     0.41923   67.686073  -65.578964    0.115    0.164  1
RGI60-04.06929     0.41893   72.889425  -76.730061   -0.798    0.260  1
RGI60-04.06349     0.41860   71.799347  -78.908119   -0.330    0.170  1
RGI60-04.04746     0.41851   72.707546  -77.146682   -0.103    0.166  1
RGI60-04.05490     0.41802   67.607134  -67.150869   -0.986    0.285  1
RGI60-04.04415     0.41796   66.075729  -63.317711    0.059    0.181  1
RGI60-04.02037     0.41789   66.405416  -64.787623    0.306    0.199  1
RGI60-04.03192     0.41776   70.256525  -71.591568   -0.389    0.210  1
RGI60-04.01451     0.41761   65.633622  -63.863505   -0.387    0.172  1
RGI60-04.06539     0.41744   71.210312  -74.281864   -0.683    0.210  1
RGI60-04.00967     0.41665   66.651847  -62.077153   -0.778    0.224  1
RGI60-04.04122     0.41621   66.374970  -62.943919   -0.410    0.171  1
RGI60-04.05233     0.41590   73.171420  -82.566569    0.112    0.179  1
RGI60-04.06790     0.41590   71.668657  -74.166404   -0.272    0.221  1
RGI60-04.06706     0.41528   71.557146  -72.877555   -0.876    0.220  1
RGI60-04.04311     0.41429   66.279562  -64.151727   -0.208    0.169  1
RGI60-04.03935     0.41426   72.018694  -74.332624   -0.974    0.244  1
RGI60-04.01672     0.41413   66.583373  -64.830075   -0.528    0.225  1
RGI60-04.02660     0.41386   68.196917  -67.242385   -0.276    0.223  1
RGI60-04.04714     0.41366   71.773222  -76.627790   -0.183    0.169  1
RGI60-04.00943     0.41357   66.644116  -62.640396   -0.235    0.186  1
RGI60-04.06042     0.41314   69.403535  -68.810868   -0.460    0.236  1
RGI60-04.00631     0.41309   70.638320  -70.758986   -0.495    0.201  1
RGI60-04.04375     0.41271   65.766799  -64.141273   -0.366    0.169  1
RGI60-04.02495     0.41268   67.977147  -66.584922   -0.082    0.251  1
RGI60-04.00175     0.41222   62.517757  -66.646912   -0.140    0.212  1
RGI60-04.00242     0.41221   62.632936  -66.807629    0.049    0.164  1
RGI60-04.00927     0.41193   66.630541  -62.691921   -0.512    0.187  1
RGI60-04.04893     0.41168   72.409331  -75.991053   -0.053    0.165  1
RGI60-04.02267     0.41159   67.527964  -65.089161    0.426    0.235  1
RGI60-04.02091     0.41101   66.475097  -65.774667   -1.363    0.309  1
RGI60-04.06343     0.41099   71.741870  -79.159761   -0.271    0.185  1
RGI60-04.06007     0.41089   69.341705  -68.707045   -0.949    0.251  1
RGI60-04.00641     0.41088   70.588524  -70.842633   -0.226    0.188  1
RGI60-04.06742     0.41073   71.605888  -73.919407    0.160    0.209  1
RGI60-04.00157     0.41054   62.281740  -66.743118    0.065    0.166  1
RGI60-04.05863     0.41046   69.119059  -68.485135   -0.331    0.193  1
RGI60-04.05194     0.41042   73.570225  -82.438781    0.152    0.237  1
RGI60-04.02067     0.41030   66.481947  -65.431401   -0.411    0.228  1
RGI60-04.02344     0.41026   67.832995  -66.145751   -0.257    0.201  1
RGI60-04.01140     0.40988   66.747384  -62.022963   -0.601    0.203  1
RGI60-04.05952     0.40952   69.270040  -70.345313   -0.550    0.232  1
RGI60-04.01079     0.40938   66.698900  -62.682995   -0.271    0.172  1
RGI60-04.04365     0.40935   66.044921  -64.032475   -0.363    0.187  1
RGI60-04.02565     0.40906   68.001472  -66.601565   -0.441    0.206  1
RGI60-04.00036     0.40878   63.775106  -65.826958   -0.035    0.152  1
RGI60-04.00399     0.40825   70.359554  -70.095915   -0.250    0.216  1
RGI60-04.03554     0.40798   71.152719  -71.488297   -0.329    0.202  1
RGI60-04.02343     0.40748   67.826323  -65.857504    0.016    0.208  1
RGI60-04.01487     0.40728   65.704937  -63.078680   -0.203    0.155  1
RGI60-04.03081     0.40682   69.610883  -69.746045   -0.022    0.196  1
RGI60-04.06632     0.40670   71.378804  -75.099915   -0.039    0.171  1
RGI60-04.05949     0.40669   69.227970  -69.943001   -0.754    0.229  1
RGI60-04.00534     0.40668   70.459999  -71.074733   -0.264    0.228  1
RGI60-04.04106     0.40640   71.328656  -75.967454   -1.014    0.236  1
RGI60-04.06403     0.40634   73.668320  -85.648235    0.095    0.193  1
RGI60-04.06059     0.40616   69.444963  -68.174201   -0.545    0.228  1
RGI60-04.02185     0.40609   67.679698  -65.914715   -0.143    0.178  1
RGI60-04.05517     0.40606   66.922899  -64.882045   -0.319    0.230  1
RGI60-04.02746     0.40603   68.379770  -67.804655   -0.411    0.177  1
RGI60-04.00013     0.40595   62.311915  -66.492348   -0.459    0.213  1
RGI60-04.03155     0.40594   70.706109  -71.174407   -0.253    0.209  1
RGI60-04.04581     0.40583   65.897104  -64.065835    0.047    0.157  1
RGI60-04.03539     0.40578   71.248431  -71.693463   -0.369    0.211  1
RGI60-04.05393     0.40573   67.144929  -64.878059   -0.332    0.255  1
RGI60-04.01491     0.40565   65.730733  -63.971993   -0.663    0.195  1
RGI60-04.04452     0.40559   66.383560  -62.986003   -0.303    0.173  1
RGI60-04.05427     0.40532   67.500615  -66.225851   -0.352    0.200  1
RGI60-04.06461     0.40527   73.772753  -85.062470    0.096    0.180  1
RGI60-04.01336     0.40526   65.969157  -62.654166   -0.114    0.163  1
RGI60-04.00491     0.40516   70.424282  -70.104387   -0.272    0.209  1
RGI60-04.07138     0.40503   73.427351  -77.777923   -0.607    0.190  1
RGI60-04.06902     0.40486   73.490489  -78.409495   -0.015    0.195  1
RGI60-04.04524     0.40463   65.786916  -63.951852   -0.050    0.147  1
RGI60-04.07221     0.40459   73.086926  -76.412661   -0.198    0.174  1
RGI60-04.01437     0.40458   65.583747  -63.987522   -0.359    0.161  1
RGI60-04.02087     0.40437   66.369605  -65.657583   -0.921    0.245  1
RGI60-04.07111     0.40429   73.487318  -79.033259   -0.491    0.208  1
RGI60-04.01050     0.40426   66.538000  -62.658581   -0.075    0.165  1
RGI60-04.01275     0.40398   66.781791  -61.535100    0.249    0.165  1
RGI60-04.04314     0.40390   66.428470  -63.636707    0.248    0.176  1
RGI60-04.00355     0.40387   63.708387  -64.979211   -0.763    0.254  1
RGI60-04.04403     0.40370   65.906599  -63.610070   -0.095    0.157  1
RGI60-04.05839     0.40362   69.034579  -69.771927   -0.620    0.254  1
RGI60-04.06283     0.40347   71.650609  -76.803966    0.231    0.188  1
RGI60-04.03661     0.40320   71.348108  -72.328237   -0.555    0.191  1
RGI60-04.05038     0.40312   72.249941  -77.388338   -0.452    0.170  1
RGI60-04.03142     0.40228   70.825159  -71.128138   -0.176    0.199  1
RGI60-04.02723     0.40221   68.324020  -67.240284   -0.596    0.186  1
RGI60-04.04138     0.40167   66.549183  -63.395170   -0.402    0.190  1
RGI60-04.00737     0.40159   70.503499  -70.587043   -0.418    0.196  1
RGI60-04.00328     0.40155   62.315451  -66.797732    0.099    0.218  1
RGI60-04.06596     0.40114   71.274723  -73.773917    0.077    0.181  1
RGI60-04.03567     0.40084   71.105024  -71.623366   -0.399    0.190  1
RGI60-04.02494     0.40015   67.962286  -65.694184   -0.207    0.181  1
RGI60-04.01486     0.39982   65.711691  -63.187035   -0.077    0.149  1
RGI60-04.05973     0.39980   69.324732  -68.988591   -0.218    0.212  1
RGI60-04.03805     0.39957   70.683865  -72.606414   -0.238    0.192  1
RGI60-04.01603     0.39894   66.593965  -64.473085   -0.350    0.180  1
RGI60-04.02550     0.39884   68.007644  -67.183172   -0.583    0.210  1
RGI60-04.00863     0.39868   66.915200  -62.614976   -0.288    0.171  1
RGI60-04.06299     0.39836   71.594167  -78.448488    0.017    0.165  1
RGI60-04.05770     0.39818   67.454240  -65.979346   -0.437    0.214  1
RGI60-04.03308     0.39793   70.943584  -71.204976   -0.446    0.203  1
RGI60-04.05349     0.39784   66.997241  -66.484298   -0.384    0.172  1
RGI60-04.01966     0.39777   67.115915  -64.237221   -0.079    0.213  1
RGI60-04.05609     0.39719   66.792637  -65.647659   -0.963    0.324  1
RGI60-04.04211     0.39718   65.974323  -64.371371    0.108    0.172  1
RGI60-04.06629     0.39716   71.366425  -75.326855   -0.360    0.168  1
RGI60-04.05045     0.39589   72.437190  -75.887683   -0.268    0.174  1
RGI60-04.06337     0.39580   71.672869  -79.702185   -0.039    0.154  1
RGI60-04.05312     0.39567   72.561210  -84.385611   -0.383    0.224  1
RGI60-04.04628     0.39548   66.310441  -64.040825   -0.271    0.174  1
RGI60-04.00114     0.39535   63.939828  -65.634500   -0.007    0.162  1
RGI60-04.07114     0.39527   73.396899  -78.761251    0.023    0.168  1
RGI60-04.00206     0.39522   64.080760  -65.796017   -0.573    0.181  1
RGI60-04.00652     0.39503   70.531489  -70.631452   -0.649    0.227  1
RGI60-04.00968     0.39441   66.655457  -62.052430   -0.240    0.163  1
RGI60-04.04553     0.39425   66.149413  -63.349146   -0.497    0.191  1
RGI60-04.04404     0.39412   66.532909  -63.587493   -0.437    0.191  1
RGI60-04.03422     0.39397   71.098673  -71.569229   -0.401    0.218  1
RGI60-04.00332     0.39379   63.950595  -65.728555   -0.000    0.156  1
RGI60-04.00260     0.39361   63.493904  -64.722604   -0.691    0.208  1
RGI60-04.04243     0.39353   66.090301  -64.061513   -0.074    0.161  1
RGI60-04.04185     0.39293   65.767826  -65.022705   -0.355    0.186  1
RGI60-04.00251     0.39279   64.300474  -65.768360   -0.307    0.171  1
RGI60-04.01963     0.39267   67.119279  -64.295622    0.200    0.215  1
RGI60-04.03502     0.39247   70.987041  -73.213583   -0.247    0.180  1
RGI60-04.00600     0.39223   70.490810  -70.358869   -0.432    0.251  1
RGI60-04.05313     0.39210   72.569978  -84.288358   -0.292    0.207  1
RGI60-04.02952     0.39192   69.842930  -69.173237   -0.117    0.221  1
RGI60-04.06814     0.39142   71.757105  -73.921469    0.001    0.192  1
RGI60-04.00780     0.39120   70.092840  -70.070505    0.015    0.174  1
RGI60-04.00794     0.39110   70.289273  -70.079294   -0.539    0.225  1
RGI60-04.02819     0.39090   67.839110  -66.635289   -0.072    0.162  1
RGI60-04.03994     0.39064   71.944087  -74.593578   -0.713    0.214  1
RGI60-04.01340     0.39051   65.988814  -62.793141   -0.737    0.207  1
RGI60-04.06782     0.39046   71.676033  -74.314375   -0.531    0.242  1
RGI60-04.04097     0.39040   71.489180  -75.507434   -0.590    0.185  1
RGI60-04.05285     0.39028   72.724976  -84.283469   -0.418    0.225  1
RGI60-04.02516     0.38997   68.004485  -68.197023   -0.029    0.159  1
RGI60-04.06145     0.38995   69.523597  -68.437740   -0.371    0.219  1
RGI60-04.06786     0.38988   71.527203  -74.300286   -0.207    0.232  1
RGI60-04.07308     0.38973   73.528325  -77.714650   -0.397    0.248  1
RGI60-04.06006     0.38973   69.346343  -68.579479   -0.404    0.205  1
RGI60-04.06086     0.38971   69.462919  -70.338337   -0.018    0.183  1
RGI60-04.00725     0.38965   70.029403  -70.714237   -0.098    0.208  1
RGI60-04.04339     0.38959   66.535067  -63.569342   -0.216    0.208  1
RGI60-04.04165     0.38959   66.663991  -63.710157   -0.412    0.187  1
RGI60-04.06284     0.38873   71.578969  -78.399349   -0.107    0.166  1
RGI60-04.00964     0.38869   66.658083  -62.240955   -0.542    0.201  1
RGI60-04.00603     0.38844   70.515976  -70.535238   -0.284    0.229  1
RGI60-04.05725     0.38837   66.715835  -65.553360   -1.523    0.331  1
RGI60-04.00717     0.38822   70.048289  -70.001543   -0.301    0.196  1
RGI60-04.02236     0.38813   67.697162  -65.563820   -0.486    0.218  1
RGI60-04.01246     0.38812   66.774459  -62.110677   -0.117    0.176  1
RGI60-04.05861     0.38810   69.132269  -68.545491   -0.636    0.211  1
RGI60-04.02948     0.38782   69.870341  -69.383364    0.032    0.278  1
RGI60-04.00348     0.38748   63.685093  -64.922765   -0.384    0.192  1
RGI60-04.04739     0.38725   72.683447  -77.304614   -0.506    0.188  1
RGI60-04.05095     0.38707   72.520651  -76.168299   -0.356    0.174  1
RGI60-04.05310     0.38683   72.565090  -84.339312   -0.059    0.192  1
RGI60-04.03617     0.38657   70.799566  -72.807876   -0.428    0.224  1
RGI60-04.04062     0.38648   71.847272  -75.719175   -0.191    0.181  1
RGI60-04.04222     0.38643   65.986253  -64.179178    0.087    0.177  1
RGI60-04.02677     0.38642   67.823423  -67.310274    0.183    0.266  1
RGI60-04.00023     0.38633   62.264778  -66.679814    0.070    0.167  1
RGI60-04.07100     0.38605   73.565202  -79.670318   -0.332    0.197  1
RGI60-04.01049     0.38539   66.528383  -62.554487   -0.600    0.214  1
RGI60-04.01392     0.38527   66.125875  -62.364290    0.072    0.157  1
RGI60-04.05882     0.38524   69.101735  -68.613502    0.009    0.182  1
RGI60-04.02944     0.38492   69.859701  -69.416021   -0.550    0.285  1
RGI60-04.06298     0.38457   71.619745  -78.440023   -0.058    0.166  1
RGI60-04.02356     0.38449   67.833959  -66.288717   -0.160    0.178  1
RGI60-04.01198     0.38353   66.685507  -61.728141   -0.208    0.183  1
RGI60-04.00446     0.38329   70.212433  -69.879700   -0.408    0.224  1
RGI60-04.01195     0.38280   66.818212  -62.981705   -0.003    0.177  1
RGI60-04.02815     0.38267   68.555739  -68.635175   -0.562    0.214  1
RGI60-04.02063     0.38265   66.495297  -65.559240   -0.463    0.225  1
RGI60-04.04372     0.38258   65.974848  -64.031405   -0.992    0.242  1
RGI60-04.04063     0.38246   71.992704  -76.004023    0.280    0.171  1
RGI60-04.01016     0.38241   66.524975  -62.547237   -0.388    0.171  1
RGI60-04.02752     0.38184   68.427028  -68.629128   -0.375    0.196  1
RGI60-04.00962     0.38183   66.638409  -62.083890   -0.181    0.161  1
RGI60-04.00635     0.38159   70.652352  -70.753913   -0.786    0.278  1
RGI60-04.06310     0.38075   71.653623  -78.562431    0.046    0.167  1
RGI60-04.01455     0.38050   66.055029  -62.930379   -0.063    0.152  1
RGI60-04.03821     0.38027   71.546751  -75.128009   -0.077    0.174  1
RGI60-04.05155     0.38026   73.521941  -81.995861   -0.563    0.207  1
RGI60-04.03646     0.38010   71.300980  -72.317589   -0.516    0.224  1
RGI60-04.02642     0.37939   68.102603  -67.504524   -0.380    0.217  1
RGI60-04.04584     0.37919   66.046332  -63.953243   -0.425    0.175  1
RGI60-04.02662     0.37916   67.813369  -66.856317   -0.262    0.229  1
RGI60-04.01763     0.37885   66.529778  -64.716991   -0.357    0.215  1
RGI60-04.00141     0.37822   63.980852  -65.880864   -0.399    0.163  1
RGI60-04.01770     0.37819   66.545104  -64.566417   -0.965    0.253  1
RGI60-04.04066     0.37818   71.807826  -75.822383    0.278    0.178  1
RGI60-04.00109     0.37799   62.649477  -66.910401    0.025    0.171  1
RGI60-04.01822     0.37795   66.732121  -64.654844   -0.108    0.231  1
RGI60-04.02161     0.37783   67.642472  -65.515683   -0.715    0.225  1
RGI60-04.01807     0.37749   66.345317  -65.286427   -0.810    0.252  1
RGI60-04.03437     0.37744   71.180803  -71.604986   -0.264    0.196  1
RGI60-04.06933     0.37703   73.333675  -77.543345   -0.549    0.225  1
RGI60-04.00949     0.37678   66.667876  -63.195053   -0.337    0.181  1
RGI60-04.01240     0.37673   66.634417  -62.219469   -1.372    0.283  1
RGI60-04.01227     0.37670   66.811834  -62.535571   -0.296    0.197  1
RGI60-04.02782     0.37662   68.474417  -68.096826    0.066    0.180  1
RGI60-04.03504     0.37652   71.153202  -73.130823    0.169    0.178  1
RGI60-04.02973     0.37641   70.051396  -69.052325   -0.620    0.239  1
RGI60-04.02703     0.37636   68.288953  -67.370364   -0.180    0.177  1
RGI60-04.00791     0.37617   69.936618  -70.353938   -0.435    0.224  1
RGI60-04.02459     0.37612   67.917813  -66.614295   -0.091    0.209  1
RGI60-04.00447     0.37598   70.238804  -69.913957   -0.392    0.205  1
RGI60-04.00872     0.37586   66.753196  -63.066856   -0.558    0.193  1
RGI60-04.04245     0.37575   66.058510  -64.333788   -0.101    0.194  1
RGI60-04.05202     0.37572   73.537868  -82.251952    0.030    0.192  1
RGI60-04.04791     0.37569   72.601962  -76.311432   -0.549    0.211  1
RGI60-04.00939     0.37534   66.728296  -62.390280   -0.039    0.176  1
RGI60-04.01760     0.37518   66.483889  -64.328599   -0.382    0.194  1
RGI60-04.05250     0.37515   73.209054  -82.310174   -0.140    0.180  1
RGI60-04.05308     0.37512   72.576152  -84.267518   -0.593    0.262  1
RGI60-04.01459     0.37461   65.642492  -63.833047   -0.200    0.164  1
RGI60-04.01117     0.37424   66.764654  -63.143650   -0.282    0.191  1
RGI60-04.03503     0.37318   70.941885  -72.406728   -0.130    0.201  1
RGI60-04.01239     0.37314   66.636307  -62.142329   -0.509    0.179  1
RGI60-04.07213     0.37311   73.078004  -76.435895   -0.587    0.221  1
RGI60-04.06218     0.37310   72.212880  -77.949496   -0.649    0.195  1
RGI60-04.01281     0.37288   66.729494  -62.701463   -0.007    0.188  1
RGI60-04.06850     0.37288   66.744466  -65.586740   -0.633    0.219  1
RGI60-04.04637     0.37259   66.241542  -62.876369   -0.604    0.190  1
RGI60-04.00908     0.37255   66.718622  -62.545869   -0.933    0.258  1
RGI60-04.02241     0.37204   67.743211  -66.111253   -0.562    0.241  1
RGI60-04.07183     0.37175   72.872449  -77.164635   -0.656    0.205  1
RGI60-04.01838     0.37166   66.776513  -64.555386   -0.904    0.274  1
RGI60-04.07233     0.37150   73.584729  -80.750421   -0.640    0.253  1
RGI60-04.01939     0.37122   67.071514  -64.496379   -0.473    0.215  1
RGI60-04.00916     0.37117   66.580996  -61.949039   -0.665    0.212  1
RGI60-04.03548     0.37104   71.188911  -71.835623    0.060    0.198  1
RGI60-04.01931     0.37073   66.973328  -64.531204   -0.333    0.210  1
RGI60-04.02758     0.37047   68.431223  -67.499404   -0.344    0.181  1
RGI60-04.03807     0.37005   71.523959  -75.738030   -0.639    0.198  1
RGI60-04.00995     0.36981   66.637815  -62.503233   -0.062    0.204  1
RGI60-04.00602     0.36943   70.515896  -70.489578   -0.355    0.213  1
RGI60-04.01875     0.36939   66.195426  -65.403223   -1.144    0.340  1
RGI60-04.02906     0.36934   69.591212  -69.049624   -0.118    0.223  1
RGI60-04.02023     0.36930   66.404019  -65.086146   -0.568    0.289  1
RGI60-04.00955     0.36920   66.622994  -61.972191   -0.186    0.181  1
RGI60-04.00212     0.36903   64.210262  -65.730613   -0.420    0.173  1
RGI60-04.06066     0.36865   69.452637  -68.057914   -0.365    0.208  1
RGI60-04.04205     0.36850   65.972085  -64.437867    0.045    0.166  1
RGI60-04.04087     0.36842   71.769038  -76.267105   -0.235    0.168  1
RGI60-04.06616     0.36819   71.330373  -73.686504    0.237    0.174  1
RGI60-04.04680     0.36776   72.539707  -76.272768   -0.557    0.203  1
RGI60-04.02215     0.36759   67.491015  -64.900415   -0.368    0.205  1
RGI60-04.03766     0.36755   71.555496  -72.454041   -0.256    0.188  1
RGI60-04.04117     0.36721   66.378061  -64.029478    0.052    0.171  1
RGI60-04.02773     0.36717   68.454093  -68.165266   -0.502    0.202  1
RGI60-04.04269     0.36708   66.096457  -64.623333   -0.346    0.175  1
RGI60-04.05090     0.36698   72.492627  -76.393960   -0.154    0.191  1
RGI60-04.04819     0.36697   72.291935  -75.127730   -0.092    0.173  1
RGI60-04.03591     0.36687   71.275708  -71.858666    0.273    0.182  1
RGI60-04.06570     0.36677   71.143602  -73.610409   -0.228    0.174  1
RGI60-04.00843     0.36642   66.852109  -61.701756    0.142    0.171  1
RGI60-04.06255     0.36628   71.525485  -77.905825   -0.054    0.175  1
RGI60-04.05272     0.36584   73.268049  -81.936484   -0.060    0.189  1
RGI60-04.00571     0.36559   70.366323  -70.685208   -0.202    0.189  1
RGI60-04.05165     0.36499   73.558475  -81.786295   -0.499    0.201  1
RGI60-04.02710     0.36469   68.267267  -67.330702   -0.287    0.175  1
RGI60-04.07202     0.36449   72.938333  -78.410741   -0.006    0.224  1
RGI60-04.02158     0.36405   67.641101  -65.461183   -0.423    0.202  1
RGI60-04.05208     0.36400   73.545040  -83.032758   -1.819    0.509  1
RGI60-04.06696     0.36392   71.109298  -74.866496   -0.696    0.248  1
RGI60-04.02238     0.36373   67.739245  -65.876298   -0.255    0.197  1
RGI60-04.01010     0.36347   66.405923  -62.802302   -0.235    0.162  1
RGI60-04.01423     0.36327   66.255420  -62.678575   -0.282    0.165  1
RGI60-04.04143     0.36325   66.573400  -63.251305   -0.225    0.187  1
RGI60-04.01974     0.36324   66.255741  -65.686648   -0.651    0.233  1
RGI60-04.07231     0.36304   73.090542  -76.782704   -0.110    0.163  1
RGI60-04.03008     0.36286   69.894942  -70.016126   -0.470    0.201  1
RGI60-04.06923     0.36266   72.866121  -76.512427   -1.231    0.367  1
RGI60-04.04317     0.36263   66.251506  -63.225469   -0.783    0.197  1
RGI60-04.00283     0.36252   64.392796  -65.653382   -0.165    0.158  1
RGI60-04.05175     0.36216   73.553273  -81.876562   -0.512    0.238  1
RGI60-04.05800     0.36215   68.940367  -68.158971   -0.175    0.202  1
RGI60-04.05292     0.36203   72.745765  -84.994907   -0.185    0.185  1
RGI60-04.02839     0.36191   69.592118  -69.783680   -0.217    0.186  1
RGI60-04.01954     0.36178   66.974750  -64.182765   -0.506    0.213  1
RGI60-04.01004     0.36141   66.471290  -62.922536   -0.465    0.206  1
RGI60-04.00840     0.36110   66.737020  -62.751075    0.044    0.180  1
RGI60-04.01009     0.36088   66.623219  -62.379313   -0.216    0.200  1
RGI60-04.06062     0.36041   69.448347  -68.264432   -0.544    0.215  1
RGI60-04.06664     0.36038   71.351045  -73.927538   -0.113    0.175  1
RGI60-04.06120     0.36021   69.501087  -69.343790   -0.261    0.186  1
RGI60-04.05239     0.36011   73.169848  -82.376068   -0.858    0.243  1
RGI60-04.05682     0.36005   67.453080  -65.348015   -0.119    0.244  1
RGI60-04.07352     0.35984   59.323428  -63.903356   -1.260    0.340  1
RGI60-04.03416     0.35924   71.038415  -72.179005   -0.572    0.227  1
RGI60-04.01531     0.35913   65.770684  -63.281696   -0.183    0.160  1
RGI60-04.06783     0.35873   71.718151  -74.268245    0.111    0.197  1
RGI60-04.05788     0.35829   68.913718  -69.466090   -1.074    0.285  1
RGI60-04.00205     0.35823   64.267333  -65.957439   -0.200    0.170  1
RGI60-04.07090     0.35815   73.551041  -79.415443   -0.138    0.168  1
RGI60-04.03280     0.35796   70.753283  -72.167144   -0.334    0.230  1
RGI60-04.01477     0.35758   65.717358  -64.010122   -0.109    0.160  1
RGI60-04.03783     0.35741   70.850985  -72.328067   -0.803    0.280  1
RGI60-04.00934     0.35734   66.647942  -63.331476   -0.090    0.168  1
RGI60-04.00296     0.35733   64.445607  -65.157570   -0.361    0.174  1
RGI60-04.00501     0.35731   70.437211  -69.959988   -0.312    0.214  1
RGI60-04.02152     0.35728   67.474319  -64.702345   -0.339    0.231  1
RGI60-04.00519     0.35705   70.470789  -69.407890   -0.478    0.229  1
RGI60-04.01255     0.35705   66.759846  -61.593861   -0.084    0.165  1
RGI60-04.00895     0.35693   66.578161  -62.809324   -0.349    0.176  1
RGI60-04.03864     0.35675   71.669594  -74.976564   -0.184    0.185  1
RGI60-04.04013     0.35653   71.738471  -75.092928   -0.197    0.176  1
RGI60-04.07065     0.35637   73.196581  -79.294819   -0.287    0.161  1
RGI60-04.01765     0.35599   66.562829  -64.790008   -0.493    0.238  1
RGI60-04.04127     0.35566   66.398142  -62.972254   -0.127    0.157  1
RGI60-04.00161     0.35564   64.126402  -65.882200   -0.158    0.151  1
RGI60-04.01611     0.35551   66.630486  -64.647985   -0.583    0.237  1
RGI60-04.07251     0.35545   73.262156  -77.465334   -0.321    0.203  1
RGI60-04.02240     0.35519   67.705591  -64.711528   -0.337    0.210  1
RGI60-04.05813     0.35515   68.957264  -69.279380   -0.421    0.254  1
RGI60-04.00578     0.35501   70.437660  -70.879772   -0.374    0.209  1
RGI60-04.04295     0.35495   66.233985  -63.196294   -0.214    0.156  1
RGI60-04.06785     0.35476   71.624978  -74.478980   -0.174    0.192  1
RGI60-04.05288     0.35448   72.726273  -84.921173   -0.475    0.214  1
RGI60-04.01886     0.35436   67.030202  -64.072593    0.163    0.174  1
RGI60-04.00897     0.35403   66.585919  -62.771645   -0.123    0.158  1
RGI60-04.01984     0.35398   66.253293  -65.475327   -0.372    0.296  1
RGI60-04.07063     0.35332   73.159100  -79.293568   -0.416    0.173  1
RGI60-04.00292     0.35257   64.437691  -65.993589    0.000    0.156  1
RGI60-04.01212     0.35240   66.690382  -61.673451   -0.321    0.194  1
RGI60-04.04422     0.35216   66.465917  -63.279201   -0.226    0.169  1
RGI60-04.05616     0.35209   66.897744  -64.882194   -0.667    0.268  1
RGI60-04.04645     0.35166   66.317958  -63.837591   -0.293    0.190  1
RGI60-04.06907     0.35076   73.602811  -79.443063   -0.511    0.199  1
RGI60-04.06794     0.35060   71.667400  -74.332428    0.112    0.198  1
RGI60-04.01271     0.35043   66.795025  -61.746838   -0.531    0.181  1
RGI60-04.00935     0.35010   66.635129  -62.776484   -0.035    0.180  1
RGI60-04.06708     0.34956   71.535915  -73.176751   -0.504    0.196  1
RGI60-04.01855     0.34955   66.835164  -64.473844   -0.388    0.235  1
RGI60-04.05802     0.34954   68.935770  -68.308147   -0.127    0.193  1
RGI60-04.02593     0.34938   68.040976  -68.104232   -0.409    0.214  1
RGI60-04.00213     0.34881   64.219242  -65.737182   -0.234    0.164  1
RGI60-04.04139     0.34860   66.555049  -63.383589   -0.615    0.199  1
RGI60-04.07153     0.34846   72.968977  -78.681185   -0.465    0.219  1
RGI60-04.06842     0.34812   63.696497  -65.252457   -0.305    0.178  1
RGI60-04.00084     0.34805   64.042895  -65.168437   -0.263    0.168  1
RGI60-04.05854     0.34799   69.066685  -68.989079   -0.301    0.215  1
RGI60-04.04287     0.34786   66.203881  -63.927605   -1.182    0.268  1
RGI60-04.05050     0.34784   72.494333  -75.477556    0.238    0.179  1
RGI60-04.03304     0.34775   70.899721  -71.218436   -0.276    0.213  1
RGI60-04.01636     0.34747   66.436522  -65.257568   -0.417    0.206  1
RGI60-04.00151     0.34739   64.101911  -65.825183   -0.123    0.157  1
RGI60-04.04322     0.34734   66.030193  -63.779135    0.156    0.158  1
RGI60-04.00130     0.34707   62.637753  -66.910799   -0.259    0.192  1
RGI60-04.06078     0.34690   68.713515  -68.467214   -0.332    0.203  1
RGI60-04.04536     0.34652   66.507352  -63.219534   -0.321    0.176  1
RGI60-04.04743     0.34652   72.585311  -76.944109   -0.249    0.184  1
RGI60-04.04180     0.34633   66.726068  -63.746635   -0.131    0.176  1
RGI60-04.01668     0.34632   66.379602  -65.107827   -0.465    0.265  1
RGI60-04.07312     0.34626   73.407359  -80.303604   -0.610    0.211  1
RGI60-04.02549     0.34609   67.949086  -67.143824   -0.366    0.224  1
RGI60-04.06532     0.34602   71.264021  -74.674874   -0.435    0.208  1
RGI60-04.04140     0.34582   66.542401  -63.020183   -0.327    0.199  1
RGI60-04.03084     0.34566   69.656056  -68.792995   -0.385    0.239  1
RGI60-04.06116     0.34555   69.352269  -69.125065    0.443    0.240  1
RGI60-04.01151     0.34541   66.732981  -61.542734   -0.455    0.203  1
RGI60-04.04229     0.34509   66.558094  -63.740406   -0.395    0.190  1
RGI60-04.00313     0.34500   64.591310  -65.517860   -0.238    0.160  1
RGI60-04.04769     0.34470   72.095807  -77.383341   -0.454    0.197  1
RGI60-04.02133     0.34468   67.640314  -65.712824   -0.278    0.223  1
RGI60-04.00275     0.34464   64.350687  -65.855030   -0.781    0.223  1
RGI60-04.02026     0.34396   66.407365  -64.836817   -0.720    0.282  1
RGI60-04.01330     0.34372   66.076974  -62.398994   -0.214    0.164  1
RGI60-04.03927     0.34367   71.922774  -76.147543   -0.199    0.189  1
RGI60-04.05231     0.34270   73.188493  -82.680804    0.200    0.201  1
RGI60-04.03439     0.34266   71.189461  -73.127257   -0.132    0.179  1
RGI60-04.02545     0.34263   68.013510  -67.971503   -0.532    0.218  1
RGI60-04.04389     0.34234   66.524387  -63.903860    0.129    0.198  1
RGI60-04.07162     0.34218   73.322963  -79.981918   -0.893    0.204  1
RGI60-04.03427     0.34206   70.881499  -72.078890   -0.165    0.214  1
RGI60-04.02208     0.34151   67.663586  -66.590936   -0.178    0.181  1
RGI60-04.02503     0.34140   68.107894  -67.145031   -0.469    0.244  1
RGI60-04.00322     0.34118   64.705457  -65.623692   -0.669    0.238  1
RGI60-04.02288     0.34099   67.708028  -65.706818    0.230    0.180  1
RGI60-04.04172     0.34088   66.686103  -63.574658    0.013    0.162  1
RGI60-04.01084     0.33994   66.671017  -62.296071   -0.561    0.222  1
RGI60-04.06121     0.33990   69.410442  -68.967810   -0.366    0.382  1
RGI60-04.03124     0.33984   70.709858  -71.263274   -0.351    0.231  1
RGI60-04.05275     0.33977   72.548751  -84.959549   -0.189    0.221  1
RGI60-04.04574     0.33948   65.921252  -63.937648   -0.235    0.162  1
RGI60-04.03301     0.33940   70.296831  -71.530127   -0.646    0.245  1
RGI60-04.02061     0.33911   66.481385  -65.788096   -0.525    0.214  1
RGI60-04.02120     0.33837   67.639946  -66.164930   -0.551    0.265  1
RGI60-04.07369     0.33816   59.611797  -64.215507   -0.418    0.360  1
RGI60-04.00513     0.33809   70.460003  -70.423726   -0.466    0.204  1
RGI60-04.05392     0.33799   67.135046  -64.810698   -0.064    0.224  1
RGI60-04.01441     0.33794   66.035658  -62.945430   -0.115    0.148  1
RGI60-04.07256     0.33781   73.269770  -77.484761   -0.221    0.210  1
RGI60-04.04053     0.33781   71.805732  -76.289293   -0.280    0.170  1
RGI60-04.07195     0.33762   72.922731  -77.882834   -0.079    0.189  1
RGI60-04.03122     0.33755   70.842712  -71.127960   -0.010    0.224  1
RGI60-04.05033     0.33738   72.480846  -77.120453   -0.652    0.215  1
RGI60-04.04064     0.33725   71.929117  -75.669198   -0.330    0.190  1
RGI60-04.02655     0.33703   67.827529  -67.348246   -0.252    0.260  1
RGI60-04.05605     0.33676   66.697560  -65.597560   -0.224    0.201  1
RGI60-04.00889     0.33645   66.436148  -62.646548   -0.296    0.167  1
RGI60-04.05052     0.33601   71.765474  -77.183814   -0.075    0.172  1
RGI60-04.01894     0.33566   67.048665  -64.095789   -0.412    0.243  1
RGI60-04.04407     0.33563   66.125797  -63.266126   -0.119    0.157  1
RGI60-04.01641     0.33548   66.625846  -65.051975   -0.281    0.218  1
RGI60-04.02544     0.33547   68.010881  -67.955310   -0.369    0.199  1
RGI60-04.01706     0.33544   66.283149  -65.018481   -0.632    0.212  1
RGI60-04.03096     0.33516   69.578598  -69.958776   -0.277    0.187  1
RGI60-04.01478     0.33472   65.689081  -63.186042   -0.173    0.154  1
RGI60-04.01955     0.33461   66.972457  -64.179264   -0.528    0.219  1
RGI60-04.02144     0.33452   67.653817  -65.896461   -0.381    0.211  1
RGI60-04.07084     0.33451   73.509299  -79.513389   -0.840    0.256  1
RGI60-04.04630     0.33429   66.614175  -63.642397    0.103    0.163  1
RGI60-04.05853     0.33381   69.097102  -68.974707   -0.628    0.279  1
RGI60-04.02278     0.33365   67.712499  -66.222076   -0.547    0.234  1
RGI60-04.05520     0.33351   66.931349  -65.065548   -0.484    0.278  1
RGI60-04.01063     0.33301   66.322201  -62.733859   -0.455    0.194  1
RGI60-04.00749     0.33265   70.005548  -70.572945   -0.051    0.196  1
RGI60-04.01482     0.33245   65.676479  -62.824357   -0.154    0.174  1
RGI60-04.07331     0.33225   58.891541  -63.706771   -1.088    0.314  1
RGI60-04.05439     0.33198   67.488939  -65.476242   -0.639    0.265  1
RGI60-04.07224     0.33185   73.072159  -76.579536   -0.486    0.197  1
RGI60-04.01783     0.33182   66.553325  -64.978675   -0.991    0.253  1
RGI60-04.07196     0.33180   72.934959  -78.012636   -0.452    0.210  1
RGI60-04.03139     0.33170   70.613728  -71.301815   -0.128    0.197  1
RGI60-04.01168     0.33161   66.795634  -62.585265   -0.833    0.237  1
RGI60-04.04182     0.33123   66.747357  -63.744941   -0.112    0.164  1
RGI60-04.05046     0.33107   72.440054  -75.968124   -0.241    0.191  1
RGI60-04.03995     0.33095   71.910665  -74.595427   -0.355    0.196  1
RGI60-04.04829     0.33089   72.422557  -75.801312   -0.058    0.166  1
RGI60-04.04149     0.33081   66.615296  -63.800431   -0.814    0.253  1
RGI60-04.02671     0.33026   68.208194  -67.116352   -0.820    0.288  1
RGI60-04.02780     0.32994   68.474146  -68.128556   -0.263    0.186  1
RGI60-04.02335     0.32993   67.814165  -65.843889   -0.373    0.189  1
RGI60-04.00833     0.32983   66.888805  -62.585710   -0.061    0.154  1
RGI60-04.01643     0.32982   66.654199  -64.950611   -1.052    0.279  1
RGI60-04.00755     0.32962   70.114964  -71.093212   -0.364    0.229  1
RGI60-04.05999     0.32933   68.828670  -69.439836    0.022    0.207  1
RGI60-04.03710     0.32909   70.895862  -73.757663   -0.253    0.180  1
RGI60-04.04206     0.32903   65.970897  -64.159081    0.166    0.179  1
RGI60-04.05153     0.32890   73.521050  -81.961972   -0.340    0.197  1
RGI60-04.01923     0.32874   66.963214  -63.970292   -0.380    0.196  1
RGI60-04.00269     0.32873   64.379335  -65.972490    0.045    0.162  1
RGI60-04.03584     0.32818   70.797930  -72.955535   -0.143    0.203  1
RGI60-04.06330     0.32809   71.727810  -78.416382   -0.298    0.190  1
RGI60-04.01996     0.32809   66.257260  -65.416098   -1.327    0.291  1
RGI60-04.03158     0.32793   70.644566  -71.272029   -0.288    0.232  1
RGI60-04.03810     0.32786   71.535600  -75.666940   -0.656    0.193  1
RGI60-04.06845     0.32783   63.977201  -65.202438   -0.887    0.227  1
RGI60-04.02951     0.32776   69.837161  -69.181078   -0.125    0.231  1
RGI60-04.05327     0.32746   66.562720  -65.377274    0.421    0.295  1
RGI60-04.00373     0.32732   62.169656  -66.301777   -0.033    0.181  1
RGI60-04.06232     0.32724   72.289030  -78.253765   -0.617    0.202  1
RGI60-04.02764     0.32689   68.449726  -67.465831   -0.394    0.229  1
RGI60-04.05607     0.32683   66.617012  -65.526453   -0.528    0.242  1
RGI60-04.01988     0.32661   66.276717  -65.457103   -1.098    0.310  1
RGI60-04.03630     0.32658   70.729041  -72.764023   -0.384    0.225  1
RGI60-04.03932     0.32640   71.950275  -75.486411   -0.410    0.243  1
RGI60-04.03018     0.32640   69.856731  -69.590045   -0.780    0.353  1
RGI60-04.05756     0.32624   67.553626  -66.647712   -0.193    0.180  1
RGI60-04.04329     0.32587   66.066148  -63.358365   -0.234    0.159  1
RGI60-04.02179     0.32559   67.547289  -65.195712   -1.308    0.421  1
RGI60-04.02071     0.32558   66.393411  -65.560950   -0.704    0.282  1
RGI60-04.05453     0.32552   67.561377  -66.675664   -0.699    0.237  1
RGI60-04.06700     0.32532   71.497819  -73.136443   -0.258    0.204  1
RGI60-04.05419     0.32523   67.396466  -65.035101   -0.085    0.214  1
RGI60-04.03446     0.32522   71.076123  -72.537843   -0.796    0.269  1
RGI60-04.01319     0.32521   65.922483  -63.331264   -0.283    0.188  1
RGI60-04.02430     0.32520   67.898621  -66.812814   -1.176    0.339  1
RGI60-04.06650     0.32519   71.423462  -74.103836   -0.432    0.209  1
RGI60-04.00122     0.32518   63.950229  -65.911368   -0.085    0.158  1
RGI60-04.02851     0.32502   69.800697  -69.601734   -0.378    0.215  1
RGI60-04.05769     0.32492   67.133143  -66.301540   -1.933    0.402  1
RGI60-04.00033     0.32483   63.764985  -65.684551   -0.152    0.158  1
RGI60-04.03250     0.32470   70.784630  -71.921787   -0.190    0.203  1
RGI60-04.02327     0.32446   67.804546  -65.917300   -0.348    0.203  1
RGI60-04.05683     0.32430   67.482689  -65.318549   -0.526    0.332  1
RGI60-04.01389     0.32406   66.116976  -62.597778    0.136    0.168  1
RGI60-04.00040     0.32405   63.788743  -65.644820    0.024    0.168  1
RGI60-04.06984     0.32405   72.874785  -76.522677   -1.024    0.279  1
RGI60-04.00806     0.32390   69.948352  -70.718314    0.202    0.229  1
RGI60-04.04184     0.32383   65.741361  -64.249222   -0.050    0.167  1
RGI60-04.07126     0.32382   73.436017  -78.234660   -0.201    0.198  1
RGI60-04.06253     0.32382   72.408892  -79.530356   -0.707    0.241  1
RGI60-04.06617     0.32226   71.330044  -73.706803   -0.227    0.183  1
RGI60-04.00601     0.32226   70.507162  -69.823198   -0.027    0.208  1
RGI60-04.02842     0.32225   69.767561  -69.424536   -0.026    0.241  1
RGI60-04.01574     0.32189   66.562697  -65.250182   -1.176    0.336  1
RGI60-04.05088     0.32175   72.503713  -76.350770   -0.143    0.182  1
RGI60-04.01294     0.32145   66.832252  -61.767845   -0.431    0.202  1
RGI60-04.01873     0.32130   66.179630  -65.443560   -0.741    0.277  1
RGI60-04.02358     0.32109   67.870849  -65.593196   -0.573    0.234  1
RGI60-04.00011     0.32100   62.330565  -66.769962   -0.222    0.186  1
RGI60-04.06167     0.32092   69.532723  -68.953219   -0.260    0.283  1
RGI60-04.04289     0.32069   66.601156  -63.633318   -0.002    0.167  1
RGI60-04.02090     0.32063   66.441743  -65.535189   -0.113    0.249  1
RGI60-04.02972     0.32062   69.674007  -70.448587   -0.425    0.203  1
RGI60-04.03326     0.32045   70.494535  -71.349874   -0.192    0.219  1
RGI60-04.05491     0.32037   67.593907  -65.960513   -0.119    0.178  1
RGI60-04.06985     0.32034   72.926348  -76.664574   -0.194    0.161  1
RGI60-04.00894     0.32026   66.614103  -62.760170   -0.019    0.178  1
RGI60-04.03755     0.32008   70.823966  -73.490683   -0.592    0.237  1
RGI60-04.03607     0.32005   70.763600  -72.652197   -0.276    0.242  1
RGI60-04.06738     0.32003   71.630685  -73.331246   -0.273    0.186  1
RGI60-04.03583     0.31985   70.753258  -72.908528   -0.409    0.243  1
RGI60-04.01011     0.31953   66.533407  -62.606947   -0.397    0.184  1
RGI60-04.00388     0.31925   70.405946  -69.929056   -0.265    0.198  1
RGI60-04.06322     0.31906   71.692257  -78.295179    0.048    0.171  1
RGI60-04.00097     0.31857   63.903239  -65.907969   -0.108    0.154  1
RGI60-04.02127     0.31840   67.634501  -65.774555   -0.780    0.262  1
RGI60-04.01529     0.31804   65.747892  -63.282837   -0.142    0.158  1
RGI60-04.05204     0.31797   73.539149  -82.404475   -0.370    0.217  1
RGI60-04.00466     0.31787   70.312651  -69.924968   -0.310    0.219  1
RGI60-04.05246     0.31786   73.175854  -82.431228   -0.409    0.203  1
RGI60-04.05276     0.31783   72.556683  -85.304969   -0.327    0.225  1
RGI60-04.02290     0.31780   67.769639  -65.669133    0.042    0.186  1
RGI60-04.05606     0.31774   67.232833  -66.706646   -0.328    0.193  1
RGI60-04.02187     0.31769   67.699394  -66.607164   -0.363    0.204  1
RGI60-04.01258     0.31766   66.781209  -61.586608   -0.437    0.199  1
RGI60-04.00881     0.31748   66.584303  -62.600556   -0.324    0.180  1
RGI60-04.01871     0.31743   66.203267  -65.374971   -0.989    0.291  1
RGI60-04.01540     0.31724   65.787613  -63.518248   -0.437    0.189  1
RGI60-04.01565     0.31723   65.840713  -62.606900    0.179    0.173  1
RGI60-04.07361     0.31721   59.522249  -64.032950   -0.483    0.238  1
RGI60-04.05803     0.31646   68.941732  -68.290787   -0.002    0.190  1
RGI60-04.02183     0.31604   67.683987  -65.853125   -0.458    0.211  1
RGI60-04.04437     0.31597   66.498519  -63.288066    0.055    0.186  1
RGI60-04.02557     0.31576   68.006418  -67.168644   -0.244    0.202  1
RGI60-04.05063     0.31563   72.504852  -76.276866   -0.636    0.223  1
RGI60-04.03657     0.31537   71.305917  -72.783282   -0.585    0.215  1
RGI60-04.07295     0.31530   72.922262  -76.387705   -0.434    0.197  1
RGI60-04.04313     0.31465   66.498653  -63.138260   -0.103    0.183  1
RGI60-04.01355     0.31454   65.928173  -63.033784    0.005    0.159  1
RGI60-04.01829     0.31453   66.898609  -64.535064    0.343    0.211  1
RGI60-04.04198     0.31449   65.934603  -64.006911   -0.378    0.181  1
RGI60-04.06351     0.31413   71.999679  -77.784816   -0.223    0.197  1
RGI60-04.05163     0.31380   73.472854  -83.012062   -0.820    0.301  1
RGI60-04.04011     0.31375   71.726844  -74.947388    0.038    0.167  1
RGI60-04.00146     0.31369   63.975928  -65.263651   -0.249    0.164  1
RGI60-04.05228     0.31367   73.215723  -81.054206   -0.437    0.187  1
RGI60-04.06882     0.31361   73.513393  -79.069341   -0.656    0.252  1
RGI60-04.01279     0.31338   66.834382  -62.557697   -0.395    0.185  1
RGI60-04.00882     0.31325   66.583702  -62.654653   -0.825    0.243  1
RGI60-04.02357     0.31301   67.873777  -66.133510    0.170    0.206  1
RGI60-04.02182     0.31289   67.688904  -66.355660   -0.540    0.250  1
RGI60-04.00804     0.31267   70.350983  -69.712458   -0.230    0.216  1
RGI60-04.01925     0.31240   66.909868  -64.056385   -0.576    0.212  1
RGI60-04.01265     0.31197   66.721888  -62.737098   -0.339    0.186  1
RGI60-04.01113     0.31180   66.695042  -62.925318    0.181    0.200  1
RGI60-04.02814     0.31157   68.550762  -68.681012   -0.001    0.171  1
RGI60-04.00884     0.31153   66.586515  -62.622777   -0.582    0.219  1
RGI60-04.04897     0.31143   72.509234  -76.709372   -0.089    0.168  1
RGI60-04.05995     0.31131   69.364016  -67.993865   -0.577    0.225  1
RGI60-04.05152     0.31124   73.529562  -82.004909   -0.395    0.203  1
RGI60-04.01863     0.31123   66.936255  -64.363780   -0.487    0.243  1
RGI60-04.03910     0.31085   71.875349  -74.801508   -0.295    0.192  1
RGI60-04.05210     0.31073   73.583481  -82.470434    0.078    0.261  1
RGI60-04.05829     0.31062   69.017965  -69.595100    0.094    0.228  1
RGI60-04.04694     0.31016   72.564514  -76.274080   -0.476    0.225  1
RGI60-04.03923     0.30967   71.900900  -75.466157   -0.276    0.203  1
RGI60-04.00518     0.30929   70.457512  -70.661698   -0.354    0.198  1
RGI60-04.02305     0.30927   67.763765  -65.832371   -0.197    0.185  1
RGI60-04.02751     0.30911   68.419495  -67.661328   -0.572    0.218  1
RGI60-04.00971     0.30911   66.608474  -62.471505   -0.007    0.175  1
RGI60-04.06360     0.30908   73.782085  -86.563296   -0.050    0.159  1
RGI60-04.04325     0.30882   65.912131  -63.838317    0.154    0.172  1
RGI60-04.03389     0.30871   71.016595  -71.597665   -0.182    0.236  1
RGI60-04.00487     0.30869   70.427263  -69.899001   -0.658    0.230  1
RGI60-04.06961     0.30862   73.461294  -80.385003   -0.590    0.209  1
RGI60-04.04493     0.30810   66.529181  -63.561799   -0.363    0.214  1
RGI60-04.06760     0.30788   71.710608  -74.202735   -0.146    0.212  1
RGI60-04.02771     0.30762   68.451271  -68.234146   -0.325    0.194  1
RGI60-04.03590     0.30747   71.281597  -71.821841    0.008    0.185  1
RGI60-04.00997     0.30708   66.573430  -62.252689   -0.169    0.210  1
RGI60-04.06368     0.30701   73.800005  -86.037405   -0.492    0.253  1
RGI60-04.00973     0.30692   66.562944  -62.474430   -0.001    0.172  1
RGI60-04.03322     0.30688   70.494832  -71.238215   -0.296    0.297  1
RGI60-04.04701     0.30630   71.921357  -77.409192   -0.098    0.165  1
RGI60-04.05989     0.30628   69.242616  -68.841805   -0.420    0.228  1
RGI60-04.06548     0.30605   71.258244  -75.218269   -0.279    0.202  1
RGI60-04.04027     0.30605   72.098225  -75.630919   -0.075    0.156  1
RGI60-04.03849     0.30590   71.612905  -74.890079   -0.363    0.203  1
RGI60-04.02595     0.30519   68.035947  -67.194814   -0.381    0.294  1
RGI60-04.05476     0.30501   67.568504  -66.136355   -0.499    0.255  1
RGI60-04.05112     0.30466   73.359493  -83.176504    0.312    0.226  1
RGI60-04.01037     0.30460   66.556582  -62.021887   -0.268    0.210  1
RGI60-04.07355     0.30449   59.473987  -63.974854   -0.876    0.298  1
RGI60-04.02460     0.30420   67.917155  -66.230274   -0.529    0.208  1
RGI60-04.07127     0.30417   73.439132  -78.208264   -0.485    0.211  1
RGI60-04.02274     0.30397   67.750769  -65.663590   -0.328    0.197  1
RGI60-04.05429     0.30380   66.629637  -65.702704   -0.566    0.232  1
RGI60-04.06141     0.30355   69.502024  -69.607475   -0.244    0.191  1
RGI60-04.00075     0.30354   63.853828  -65.672150   -0.139    0.195  1
RGI60-04.05876     0.30318   69.007699  -68.521446   -0.769    0.238  1
RGI60-04.05298     0.30309   72.504164  -81.028609   -0.602    0.197  1
RGI60-04.07164     0.30297   73.402622  -80.284522   -0.608    0.218  1
RGI60-04.06868     0.30282   73.534014  -77.737875   -1.840    0.467  1
RGI60-04.00105     0.30274   63.891878  -65.093683   -0.195    0.157  1
RGI60-04.07204     0.30221   73.028410  -76.653534   -0.282    0.170  1
RGI60-04.03836     0.30216   71.573982  -74.874207   -0.104    0.198  1
RGI60-04.02256     0.30178   67.745994  -66.274920   -0.376    0.211  1
RGI60-04.01946     0.30170   67.083913  -64.237108   -1.106    0.311  1
RGI60-04.05483     0.30163   66.717387  -66.217992   -0.037    0.168  1
RGI60-04.02618     0.30120   68.129804  -66.500402   -0.510    0.250  1
RGI60-04.04692     0.30091   72.688347  -77.391695   -0.506    0.189  1
RGI60-04.03670     0.30053   71.300614  -72.128233    0.495    0.221  1
RGI60-04.01697     0.30039   66.315854  -65.082507   -0.839    0.239  1
RGI60-04.01062     0.30036   66.355681  -62.599246   -0.582    0.192  1
RGI60-04.07332     0.30019   58.898995  -63.729516   -1.254    0.375  1
RGI60-04.07345     0.30011   59.241883  -64.315564   -0.161    0.268  1
RGI60-04.02687     0.30003   68.235905  -66.902556   -0.194    0.231  1
RGI60-04.06295     0.29994   71.565021  -79.233603    0.059    0.155  1
RGI60-04.06608     0.29986   71.086885  -75.453419   -0.077    0.174  1
RGI60-04.02336     0.29972   67.535905  -64.827270   -0.229    0.205  1
RGI60-04.03506     0.29966   71.085271  -73.210557   -0.276    0.191  1
RGI60-04.01251     0.29961   66.825941  -62.663960   -0.225    0.221  1
RGI60-04.07375     0.29958   59.637367  -64.306824   -0.603    0.244  1
RGI60-04.03541     0.29957   71.243616  -72.132274   -0.120    0.182  1
RGI60-04.05878     0.29956   69.001472  -68.796899   -0.600    0.228  1
RGI60-04.05176     0.29952   73.228883  -81.186229   -0.469    0.215  1
RGI60-04.05356     0.29945   66.985719  -66.372790    0.031    0.191  1
RGI60-04.02034     0.29943   66.374094  -64.964266   -0.873    0.244  1
RGI60-04.00340     0.29926   63.660193  -65.291864   -0.342    0.187  1
RGI60-04.06165     0.29875   69.542475  -68.517853   -0.259    0.243  1
RGI60-04.00414     0.29866   70.255365  -69.877018   -0.618    0.249  1
RGI60-04.01862     0.29838   66.930898  -64.404526   -0.536    0.241  1
RGI60-04.03616     0.29832   70.813806  -72.613466   -0.513    0.283  1
RGI60-04.00411     0.29808   70.327911  -70.157849    0.288    0.202  1
RGI60-04.02260     0.29801   67.720807  -64.717946   -0.611    0.319  1
RGI60-04.04895     0.29763   72.168748  -75.505465   -0.194    0.172  1
RGI60-04.01262     0.29721   66.801464  -61.946012   -0.228    0.174  1
RGI60-04.01088     0.29714   66.310175  -62.564311   -0.614    0.210  1
RGI60-04.06204     0.29706   72.240602  -78.766821   -0.202    0.168  1
RGI60-04.06246     0.29677   72.343522  -79.236400   -0.411    0.195  1
RGI60-04.00120     0.29663   63.934214  -65.143914   -0.504    0.196  1
RGI60-04.05615     0.29661   66.534589  -65.561212   -0.318    0.219  1
RGI60-04.01993     0.29651   66.261596  -65.409196   -1.382    0.356  1
RGI60-04.00127     0.29645   63.942020  -65.210236   -0.312    0.183  1
RGI60-04.06018     0.29644   69.337567  -68.485481   -0.494    0.240  1
RGI60-04.01532     0.29634   65.775812  -63.269729   -0.488    0.211  1
RGI60-04.02121     0.29596   67.434853  -64.718937   -0.416    0.221  1
RGI60-04.06530     0.29577   71.285390  -73.499668   -0.384    0.203  1
RGI60-04.01138     0.29564   66.759908  -62.489784   -0.611    0.232  1
RGI60-04.06546     0.29563   71.296305  -73.963954   -0.044    0.163  1
RGI60-04.05355     0.29562   66.971055  -64.964073   -0.008    0.190  1
RGI60-04.03561     0.29557   71.106155  -71.589143   -0.273    0.195  1
RGI60-04.02140     0.29553   67.633544  -65.099184   -0.920    0.415  1
RGI60-04.03424     0.29512   71.101267  -71.512338   -0.199    0.195  1
RGI60-04.07341     0.29472   59.166550  -63.449039   -0.828    0.329  1
RGI60-04.04635     0.29467   66.262644  -62.926879   -0.169    0.179  1
RGI60-04.04899     0.29462   72.288031  -75.229361   -0.266    0.180  1
RGI60-04.00959     0.29432   66.364809  -62.564065   -0.419    0.179  1
RGI60-04.00343     0.29422   63.657660  -65.218994   -0.033    0.162  1
RGI60-04.01566     0.29392   65.835156  -62.441859   -0.319    0.176  1
RGI60-04.00657     0.29380   70.598526  -70.681853    0.001    0.219  1
RGI60-04.04717     0.29348   72.644396  -76.990269   -0.599    0.199  1
RGI60-04.01141     0.29308   66.731423  -61.657243   -0.069    0.225  1
RGI60-04.04826     0.29269   72.322596  -75.484906    0.053    0.167  1
RGI60-04.02813     0.29252   68.529007  -67.752205   -0.392    0.215  1
RGI60-04.06026     0.29251   69.371088  -68.908970   -0.161    0.240  1
RGI60-04.01980     0.29233   66.229507  -65.403480   -1.032    0.291  1
RGI60-04.01133     0.29178   66.777152  -63.006605    0.160    0.196  1
RGI60-04.04416     0.29140   65.948853  -63.705970    0.078    0.171  1
RGI60-04.00697     0.29136   70.733942  -70.305130    0.146    0.204  1
RGI60-04.07163     0.29130   73.395570  -80.289417   -0.699    0.222  1
RGI60-04.02904     0.29108   69.625332  -69.080344   -0.429    0.223  1
RGI60-04.00691     0.29068   70.510539  -70.743362   -0.214    0.205  1
RGI60-04.05167     0.29066   73.186282  -82.647376    0.022    0.191  1
RGI60-04.00031     0.29053   63.739879  -65.559397   -0.115    0.168  1
RGI60-04.02405     0.29046   67.373751  -64.190230   -0.488    0.220  1
RGI60-04.04292     0.29012   66.204327  -63.119663   -0.362    0.209  1
RGI60-04.07238     0.29002   73.076457  -79.165226   -0.485    0.185  1
RGI60-04.04896     0.28990   72.386654  -76.536573    0.619    0.216  1
RGI60-04.01485     0.28974   65.698187  -63.016656   -0.631    0.194  1
RGI60-04.04741     0.28962   72.728110  -76.975664   -0.230    0.173  1
RGI60-04.01505     0.28950   66.037285  -62.328898    0.010    0.161  1
RGI60-04.05584     0.28946   66.749068  -64.978468   -1.029    0.337  1
RGI60-04.04567     0.28911   65.884212  -63.781358   -0.046    0.226  1
RGI60-04.06549     0.28902   71.259246  -75.248627   -0.316    0.207  1
RGI60-04.05596     0.28889   67.520128  -66.359439   -0.443    0.206  1
RGI60-04.05602     0.28876   66.698657  -65.712640   -0.294    0.214  1
RGI60-04.01860     0.28870   66.928587  -64.614028    0.016    0.235  1
RGI60-04.06300     0.28851   71.599369  -78.507623   -0.073    0.169  1
RGI60-04.04226     0.28802   66.049007  -64.630308   -0.057    0.160  1
RGI60-04.00608     0.28749   70.546165  -70.458613   -0.434    0.220  1
RGI60-04.05271     0.28734   73.194687  -82.108995   -0.216    0.187  1
RGI60-04.05240     0.28723   73.173102  -82.361845   -0.323    0.183  1
RGI60-04.04756     0.28722   72.571016  -77.179646    0.032    0.144  1
RGI60-04.04492     0.28711   66.522364  -63.553813   -0.385    0.186  1
RGI60-04.00398     0.28711   70.273699  -69.980815   -0.375    0.228  1
RGI60-04.04822     0.28699   72.232390  -77.148449   -0.629    0.239  1
RGI60-04.01333     0.28698   65.966731  -62.637669   -0.422    0.180  1
RGI60-04.04898     0.28696   72.039050  -76.156156   -0.185    0.183  1
RGI60-04.05720     0.28695   66.641528  -65.410516   -0.230    0.294  1
RGI60-04.02597     0.28694   68.033837  -67.079185   -0.061    0.182  1
RGI60-04.01484     0.28690   65.690142  -63.001105   -0.258    0.180  1
RGI60-04.06189     0.28685   72.244423  -78.651667   -0.548    0.209  1
RGI60-04.06937     0.28672   72.946862  -77.552977   -0.285    0.192  1
RGI60-04.03161     0.28667   70.637014  -71.472161   -0.216    0.218  1
RGI60-04.00454     0.28655   70.208987  -70.199556   -0.125    0.221  1
RGI60-04.05474     0.28617   67.560528  -65.562376   -0.094    0.213  1
RGI60-04.00103     0.28570   63.906545  -65.111108   -0.516    0.218  1
RGI60-04.06454     0.28558   73.755658  -85.063176   -0.307    0.218  1
RGI60-04.01492     0.28554   65.730392  -63.957728   -0.151    0.164  1
RGI60-04.04078     0.28549   72.052690  -75.654525   -0.503    0.185  1
RGI60-04.03385     0.28545   70.934424  -71.442642   -0.044    0.222  1
RGI60-04.00617     0.28536   70.571973  -70.167635   -0.728    0.239  1
RGI60-04.04109     0.28534   66.364127  -64.135121   -0.141    0.193  1
RGI60-04.07174     0.28456   72.931225  -77.242679   -0.736    0.220  1
RGI60-04.02175     0.28438   67.677117  -66.071502   -0.166    0.210  1
RGI60-04.00236     0.28434   62.649387  -66.814179   -0.183    0.206  1
RGI60-04.07283     0.28397   73.480499  -77.430330   -0.529    0.277  1
RGI60-04.03069     0.28393   70.116972  -69.473150   -0.286    0.215  1
RGI60-04.04520     0.28390   66.414640  -63.158444   -0.419    0.176  1
RGI60-04.02008     0.28365   66.347187  -65.070995   -0.600    0.245  1
RGI60-04.00777     0.28357   70.124818  -70.094337    0.194    0.198  1
RGI60-04.01882     0.28322   67.042302  -64.481387   -0.609    0.239  1
RGI60-04.07184     0.28294   72.930907  -77.406842   -0.892    0.244  1
RGI60-04.01019     0.28291   66.512747  -62.283665   -0.191    0.174  1
RGI60-04.02225     0.28248   67.715894  -66.857599    0.120    0.237  1
RGI60-04.05248     0.28241   73.208294  -82.234368   -0.130    0.187  1
RGI60-04.00550     0.28208   70.423525  -70.426138   -0.361    0.221  1
RGI60-04.04780     0.28190   72.143140  -76.808688   -0.012    0.196  1
RGI60-04.04406     0.28187   66.133747  -63.886349    0.050    0.159  1
RGI60-04.06695     0.28187   71.512943  -73.307363   -0.126    0.175  1
RGI60-04.07200     0.28152   72.934327  -78.392007    0.288    0.241  1
RGI60-04.07241     0.28146   73.225795  -76.900909   -0.259    0.165  1
RGI60-04.07310     0.28141   73.524285  -77.837046   -0.616    0.256  1
RGI60-04.02246     0.28093   67.716585  -64.738580   -0.418    0.249  1
RGI60-04.03763     0.28091   71.533774  -72.452033   -0.624    0.215  1
RGI60-04.01163     0.28079   66.745696  -63.225196   -0.183    0.183  1
RGI60-04.02263     0.28060   67.529349  -65.061727   -0.700    0.271  1
RGI60-04.02119     0.28043   67.730303  -66.093936   -0.129    0.179  1
RGI60-04.04446     0.27987   65.934571  -63.646209   -0.483    0.196  1
RGI60-04.01073     0.27981   66.705379  -62.949265   -0.062    0.214  1
RGI60-04.05951     0.27926   69.265857  -68.489742   -0.365    0.190  1
RGI60-04.00523     0.27916   70.471708  -70.236747   -0.376    0.229  1
RGI60-04.00068     0.27897   63.787574  -65.680238   -0.116    0.161  1
RGI60-04.04401     0.27878   66.413578  -63.150598   -0.151    0.164  1
RGI60-04.03459     0.27862   70.943795  -73.450835   -0.042    0.191  1
RGI60-04.06229     0.27859   72.203836  -78.676098   -0.293    0.204  1
RGI60-04.01616     0.27855   67.024606  -64.235203   -0.720    0.309  1
RGI60-04.06259     0.27854   71.579551  -77.273519   -0.113    0.184  1
RGI60-04.03934     0.27850   71.498378  -75.191534   -0.627    0.205  1
RGI60-04.00847     0.27807   66.879454  -62.118908   -0.065    0.182  1
RGI60-04.00249     0.27738   64.293342  -65.686977   -0.254    0.168  1
RGI60-04.05209     0.27719   73.518201  -83.417981   -0.726    0.277  1
RGI60-04.06344     0.27709   72.261152  -78.238714   -0.202    0.160  1
RGI60-04.02299     0.27685   67.789424  -66.177750   -0.082    0.254  1
RGI60-04.06871     0.27664   73.545984  -77.641217   -1.192    0.328  1
RGI60-04.00624     0.27658   70.595808  -70.370232   -0.416    0.223  1
RGI60-04.04677     0.27628   72.539563  -76.246012   -0.122    0.188  1
RGI60-04.01017     0.27626   66.619540  -62.333304   -0.749    0.273  1
RGI60-04.02592     0.27619   68.033284  -67.139080   -0.350    0.235  1
RGI60-04.06516     0.27614   71.183311  -74.823498    0.121    0.184  1
RGI60-04.04770     0.27609   72.167222  -75.542134   -0.598    0.230  1
RGI60-04.07147     0.27580   73.108163  -77.163876   -0.669    0.248  1
RGI60-04.00503     0.27571   70.437174  -70.668843   -0.437    0.210  1
RGI60-04.05103     0.27568   72.535169  -75.900995    0.067    0.186  1
RGI60-04.07412     0.27560   59.247633  -64.341486   -0.335    0.211  1
RGI60-04.04434     0.27553   66.451318  -63.053349   -0.696    0.232  1
RGI60-04.03517     0.27487   70.884982  -72.432466   -0.518    0.274  1
RGI60-04.00580     0.27481   70.422939  -70.859110   -0.085    0.228  1
RGI60-04.04142     0.27476   66.569848  -63.483903   -0.298    0.191  1
RGI60-04.01099     0.27470   66.713497  -62.723318   -0.893    0.268  1
RGI60-04.02003     0.27462   66.286169  -65.405991   -0.357    0.233  1
RGI60-04.01972     0.27458   66.236334  -65.379774   -0.836    0.257  1
RGI60-04.01830     0.27451   66.914136  -64.524480    0.061    0.247  1
RGI60-04.01424     0.27430   65.540393  -64.114313   -0.146    0.184  1
RGI60-04.06227     0.27414   72.247409  -78.772934   -0.459    0.189  1
RGI60-04.06950     0.27362   72.944066  -77.512891   -0.485    0.195  1
RGI60-04.00879     0.27331   66.572975  -62.344651   -0.225    0.189  1
RGI60-04.02421     0.27310   67.884073  -66.426050   -0.361    0.233  1
RGI60-04.00071     0.27296   63.813984  -65.645567   -0.072    0.184  1
RGI60-04.03722     0.27289   71.352817  -72.642640   -0.389    0.200  1
RGI60-04.00276     0.27279   64.360034  -65.838470   -0.036    0.171  1
RGI60-04.03152     0.27255   70.757398  -71.103166   -0.294    0.278  1
RGI60-04.02468     0.27251   67.931879  -66.560567   -0.608    0.226  1
RGI60-04.04634     0.27225   66.327860  -64.217101   -0.354    0.184  1
RGI60-04.03544     0.27219   71.239981  -72.088129    0.113    0.196  1
RGI60-04.07211     0.27218   73.076806  -76.464651   -0.304    0.172  1
RGI60-04.04650     0.27205   66.269198  -63.813656    0.093    0.169  1
RGI60-04.06820     0.27199   71.723101  -73.739663   -0.278    0.239  1
RGI60-04.01018     0.27155   66.564411  -61.940333   -0.443    0.223  1
RGI60-04.04156     0.27153   66.627831  -63.765490    0.040    0.166  1
RGI60-04.00365     0.27145   63.707185  -64.796138   -0.446    0.191  1
RGI60-04.06807     0.27099   71.596036  -74.319071   -0.297    0.208  1
RGI60-04.02237     0.27067   67.690083  -65.045955   -1.064    0.321  1
RGI60-04.06444     0.27058   73.723420  -85.382165   -0.452    0.239  1
RGI60-04.04824     0.27058   72.311381  -75.189298   -0.276    0.185  1
RGI60-04.03117     0.27051   70.744134  -71.295125   -0.399    0.285  1
RGI60-04.03912     0.27048   71.884804  -74.837209   -0.734    0.221  1
RGI60-04.06755     0.27046   71.613692  -73.922782   -0.271    0.268  1
RGI60-04.01933     0.27044   67.046895  -63.888479   -0.395    0.196  1
RGI60-04.02647     0.27034   67.959688  -67.555257   -0.131    0.184  1
RGI60-04.06465     0.27028   73.759390  -85.061951   -0.281    0.224  1
RGI60-04.03392     0.27000   71.003542  -71.550461   -0.348    0.235  1
RGI60-04.04715     0.26978   72.716483  -76.960242   -0.668    0.254  1
RGI60-04.05509     0.26970   66.979725  -65.304747   -0.639    0.303  1
RGI60-04.01949     0.26945   66.220147  -65.407626   -1.478    0.361  1
RGI60-04.05072     0.26937   72.451037  -77.407599   -0.486    0.191  1
RGI60-04.01276     0.26912   66.817478  -62.094360   -0.241    0.200  1
RGI60-04.06865     0.26903   73.659850  -79.844381   -0.341    0.213  1
RGI60-04.01649     0.26901   66.442226  -65.314533   -0.865    0.318  1
RGI60-04.03170     0.26900   70.845305  -71.030559   -1.080    0.298  1
RGI60-04.03983     0.26881   71.922971  -74.721497   -0.565    0.220  1
RGI60-04.05527     0.26856   66.769597  -65.160522   -0.632    0.260  1
RGI60-04.03804     0.26845   71.612283  -72.437467   -0.783    0.239  1
RGI60-04.05516     0.26838   66.961388  -66.274424   -0.292    0.212  1
RGI60-04.02325     0.26799   67.787693  -66.416697    0.383    0.246  1
RGI60-04.06784     0.26784   71.616272  -74.486470   -0.102    0.208  1
RGI60-04.01360     0.26770   65.858242  -63.283008   -0.051    0.153  1
RGI60-04.06692     0.26766   71.483852  -73.715339   -0.632    0.218  1
RGI60-04.05306     0.26731   72.575028  -84.208681    0.122    0.190  1
RGI60-04.03357     0.26721   70.547573  -71.361379   -0.176    0.295  1
RGI60-04.03239     0.26716   70.864952  -71.490441   -0.422    0.315  1
RGI60-04.04889     0.26712   72.433106  -77.182478   -0.411    0.235  1
RGI60-04.01006     0.26708   66.539104  -62.639935   -0.080    0.182  1
RGI60-04.06834     0.26705   71.118446  -74.864262   -0.043    0.183  1
RGI60-04.00805     0.26687   70.353427  -69.714870   -0.386    0.217  1
RGI60-04.05215     0.26681   73.603394  -82.289417   -0.615    0.289  1
RGI60-04.06279     0.26670   71.600502  -77.792135    0.088    0.186  1
RGI60-04.01941     0.26656   67.060786  -64.062516   -0.435    0.216  1
RGI60-04.04514     0.26656   66.218328  -63.240974   -0.509    0.179  1
RGI60-04.02259     0.26651   67.747821  -65.860697   -0.261    0.256  1
RGI60-04.06425     0.26643   73.669045  -85.496219   -0.732    0.254  1
RGI60-04.01015     0.26605   66.634204  -62.490329   -0.044    0.175  1
RGI60-04.05978     0.26594   69.258312  -68.831944    0.590    0.275  1
RGI60-04.01748     0.26570   66.375468  -65.163632   -0.544    0.226  1
RGI60-04.00331     0.26563   63.937364  -65.733026    0.087    0.166  1
RGI60-04.00070     0.26560   63.797962  -65.671477   -0.040    0.159  1
RGI60-04.03104     0.26558   70.220225  -71.504478   -0.541    0.247  1
RGI60-04.05877     0.26553   69.011787  -68.506375   -0.236    0.202  1
RGI60-04.00303     0.26507   64.567692  -65.506782   -0.077    0.162  1
RGI60-04.01835     0.26501   66.777595  -64.574520   -0.227    0.222  1
RGI60-04.06088     0.26494   69.499279  -68.268285   -0.357    0.232  1
RGI60-04.01311     0.26476   65.904878  -62.988637    0.067    0.148  1
RGI60-04.04894     0.26441   72.174766  -75.540243   -0.410    0.207  1
RGI60-04.05950     0.26399   69.230941  -70.097772   -0.360    0.204  1
RGI60-04.03418     0.26397   71.048563  -73.605668    0.101    0.175  1
RGI60-04.04809     0.26362   72.619462  -76.539068    0.595    0.228  1
RGI60-04.04071     0.26344   71.934502  -75.665233   -0.236    0.185  1
RGI60-04.01440     0.26335   66.037912  -62.936234   -0.048    0.149  1
RGI60-04.00972     0.26327   66.576132  -62.499035   -0.214    0.210  1
RGI60-04.05556     0.26310   67.569708  -67.526421   -1.272    0.344  1
RGI60-04.05618     0.26308   66.767493  -65.148407   -0.267    0.241  1
RGI60-04.02392     0.26291   67.602560  -65.534856   -0.727    0.244  1
RGI60-04.00486     0.26261   70.421623  -69.908496    0.112    0.210  1
RGI60-04.04405     0.26256   65.765094  -64.175833    0.205    0.178  1
RGI60-04.05322     0.26256   66.811505  -65.917710   -0.376    0.204  1
RGI60-04.07173     0.26251   73.700518  -79.923418   -0.104    0.185  1
RGI60-04.03811     0.26243   71.563336  -74.979072    0.003    0.168  1
RGI60-04.01464     0.26229   65.696609  -63.980230   -0.709    0.267  1
RGI60-04.03284     0.26228   70.822346  -71.698729    0.195    0.225  1
RGI60-04.07220     0.26226   73.085180  -76.515016   -0.473    0.226  1
RGI60-04.02491     0.26216   67.970123  -66.420277   -0.076    0.204  1
RGI60-04.01307     0.26212   65.526421  -64.005872    0.020    0.163  1
RGI60-04.05638     0.26208   67.198094  -66.560199   -0.070    0.167  1
RGI60-04.04475     0.26205   66.118300  -63.504376   -0.227    0.175  1
RGI60-04.01470     0.26189   65.708318  -64.002542   -0.100    0.154  1
RGI60-04.01322     0.26185   65.905140  -63.343922   -0.292    0.169  1
RGI60-04.06838     0.26166   70.972455  -74.732153   -0.450    0.200  1
RGI60-04.06482     0.26139   73.793608  -85.140933   -0.401    0.233  1
RGI60-04.00664     0.26132   70.626398  -70.658409   -0.387    0.231  1
RGI60-04.04685     0.26122   72.555339  -76.249301   -0.529    0.230  1
RGI60-04.06663     0.26112   71.393510  -73.945850   -0.837    0.292  1
RGI60-04.04115     0.26092   66.315810  -64.052205    0.212    0.198  1
RGI60-04.06413     0.26089   73.764794  -85.574835   -0.643    0.264  1
RGI60-04.01012     0.26081   66.433511  -62.759740   -2.164    0.470  1
RGI60-04.07362     0.26052   59.528372  -64.000178   -0.182    0.227  1
RGI60-04.03620     0.26017   70.763461  -72.640504   -0.979    0.328  1
RGI60-04.03895     0.26003   71.726778  -74.893805   -0.353    0.218  1
RGI60-04.05717     0.25980   66.624234  -65.504224   -0.898    0.313  1
RGI60-04.01976     0.25958   66.047538  -65.554539    0.107    0.226  1
RGI60-04.03291     0.25954   70.880463  -70.981576   -0.310    0.226  1
RGI60-04.05784     0.25951   68.925502  -69.657119   -0.437    0.225  1
RGI60-04.03159     0.25946   70.814092  -71.096509   -0.308    0.226  1
RGI60-04.02059     0.25935   66.442081  -64.444086   -0.709    0.252  1
RGI60-04.03340     0.25933   70.542619  -71.255119    0.024    0.200  1
RGI60-04.02967     0.25930   69.942533  -69.680360   -0.297    0.255  1
RGI60-04.06714     0.25919   71.584490  -72.984072   -0.681    0.226  1
RGI60-04.04792     0.25917   72.576315  -76.256673    0.317    0.210  1
RGI60-04.06623     0.25909   71.391527  -73.074095   -0.312    0.193  1
RGI60-04.04687     0.25906   72.571848  -75.804583   -0.227    0.215  1
RGI60-04.03784     0.25899   70.739932  -72.435505   -0.435    0.239  1
RGI60-04.01543     0.25889   65.835234  -63.554654   -0.527    0.208  1
RGI60-04.02524     0.25886   67.918176  -66.900013   -0.216    0.202  1
RGI60-04.06214     0.25852   72.202449  -78.093039   -0.355    0.175  1
RGI60-04.06572     0.25836   71.276520  -73.498268    0.231    0.177  1
RGI60-04.01197     0.25823   66.689109  -61.700140    0.024    0.189  1
RGI60-04.00613     0.25818   70.558248  -70.571602   -0.197    0.229  1
RGI60-04.01078     0.25814   66.368091  -62.688372    0.026    0.201  1
RGI60-04.04132     0.25798   66.526784  -64.015915   -0.607    0.238  1
RGI60-04.03984     0.25789   71.930490  -74.722071    0.276    0.183  1
RGI60-04.07357     0.25767   59.511304  -63.925823   -0.408    0.223  1
RGI60-04.04639     0.25757   66.246299  -62.849837   -0.384    0.174  1
RGI60-04.03662     0.25753   71.332256  -72.497423   -0.478    0.206  1
RGI60-04.03107     0.25747   70.617227  -72.463002   -0.320    0.249  1
RGI60-04.04133     0.25745   66.498460  -63.028210    0.027    0.161  1
RGI60-04.05451     0.25734   67.561098  -66.650392   -0.560    0.254  1
RGI60-04.04457     0.25728   66.444889  -63.677642    0.028    0.172  1
RGI60-04.02110     0.25677   66.468688  -64.824829   -0.687    0.247  1
RGI60-04.02247     0.25666   67.741924  -66.071041   -0.365    0.257  1
RGI60-04.06886     0.25658   73.482701  -80.484200   -0.242    0.210  1
RGI60-04.06646     0.25653   71.408337  -73.138793    0.062    0.168  1
RGI60-04.02865     0.25648   69.594940  -70.361320   -0.111    0.193  1
RGI60-04.06665     0.25641   71.422649  -73.914936    0.162    0.175  1
RGI60-04.00936     0.25595   66.638357  -62.765721   -0.671    0.241  1
RGI60-04.01633     0.25580   66.582091  -64.951720   -0.956    0.265  1
RGI60-04.03649     0.25560   71.301757  -72.422973   -0.112    0.176  1
RGI60-04.04626     0.25547   65.665037  -64.295465    0.121    0.177  1
RGI60-04.01968     0.25539   67.113706  -64.233779   -0.384    0.257  1
RGI60-04.05719     0.25515   66.642351  -65.531547   -0.659    0.274  1
RGI60-04.02829     0.25492   67.861458  -66.485379   -0.373    0.205  1
RGI60-04.04806     0.25468   72.270426  -75.194654   -0.002    0.166  1
RGI60-04.05848     0.25453   69.051582  -69.067968   -0.485    0.219  1
RGI60-04.06874     0.25418   72.894131  -76.321433   -0.376    0.197  1
RGI60-04.00803     0.25412   70.526407  -69.850319   -0.160    0.212  1
RGI60-04.02666     0.25399   68.134958  -67.213702   -0.601    0.242  1
RGI60-04.05977     0.25396   69.240087  -68.810573   -0.267    0.223  1
RGI60-04.00712     0.25388   70.491818  -71.074400   -0.136    0.244  1
RGI60-04.01416     0.25384   66.188720  -62.762592   -0.245    0.196  1
RGI60-04.03933     0.25383   71.983381  -75.263390   -0.362    0.199  1
RGI60-04.06438     0.25382   73.762188  -86.535760    0.001    0.180  1
RGI60-04.04585     0.25377   66.056829  -63.962305   -0.362    0.230  1
RGI60-04.00800     0.25374   70.342253  -69.717630   -0.626    0.239  1
RGI60-04.01628     0.25367   66.637048  -64.780898   -0.656    0.270  1
RGI60-04.01263     0.25360   66.711688  -62.662868   -0.433    0.261  1
RGI60-04.05044     0.25358   72.353307  -77.280642   -0.523    0.216  1
RGI60-04.05037     0.25353   71.769442  -77.225200   -0.465    0.218  1
RGI60-04.05449     0.25347   67.527366  -65.410002   -0.192    0.291  1
RGI60-04.01624     0.25346   66.150479  -64.966387   -0.753    0.251  1
RGI60-04.03937     0.25333   71.967162  -75.483215   -0.280    0.193  1
RGI60-04.04414     0.25328   66.508938  -63.258484   -0.151    0.175  1
RGI60-04.00476     0.25295   70.149671  -70.532378   -0.599    0.281  1
RGI60-04.00357     0.25292   63.732602  -65.983626   -0.122    0.163  1
RGI60-04.05492     0.25255   67.612757  -67.189683   -0.484    0.278  1
RGI60-04.02139     0.25241   67.633369  -65.081973   -0.713    0.416  1
RGI60-04.02093     0.25233   66.428863  -65.644760   -0.404    0.212  1
RGI60-04.00859     0.25206   66.894361  -62.343744   -0.249    0.189  1
RGI60-04.01432     0.25205   65.569253  -63.982237   -0.010    0.159  1
RGI60-04.03376     0.25204   70.978197  -71.439650   -0.261    0.211  1
RGI60-04.00642     0.25201   70.618164  -70.730104   -0.288    0.214  1
RGI60-04.04075     0.25185   72.106141  -75.619442   -0.310    0.221  1
RGI60-04.03604     0.25180   71.379572  -72.905132   -0.079    0.173  1
RGI60-04.04686     0.25172   72.555246  -75.818620    0.619    0.213  1
RGI60-04.04099     0.25156   71.482339  -76.470424   -0.353    0.170  1
RGI60-04.01400     0.25115   66.104201  -62.538550   -0.193    0.174  1
RGI60-04.02036     0.25115   66.389626  -64.999347   -0.443    0.237  1
RGI60-04.07086     0.25099   73.519609  -79.604054   -0.569    0.221  1
RGI60-04.03759     0.25090   71.530515  -72.396982   -0.249    0.181  1
RGI60-04.01813     0.25057   66.441965  -65.393999   -1.012    0.335  1
RGI60-04.02388     0.25055   67.616469  -66.403352   -0.162    0.202  1
RGI60-04.03102     0.25031   70.628337  -71.170341   -0.658    0.280  1
RGI60-04.07272     0.25019   73.239128  -79.476801   -0.073    0.151  1
RGI60-04.07125     0.24986   73.424467  -78.250567   -0.140    0.194  1
RGI60-04.02573     0.24975   67.795486  -67.174740   -0.091    0.294  1
RGI60-04.07370     0.24958   59.600836  -64.223528   -1.166    0.333  1
RGI60-04.05160     0.24953   73.456213  -83.004399   -0.072    0.228  1
RGI60-04.06149     0.24932   69.518258  -68.621006   -0.639    0.279  1
RGI60-04.04807     0.24902   72.571782  -76.440596   -0.887    0.248  1
RGI60-04.06610     0.24889   71.283955  -75.148232   -0.263    0.196  1
RGI60-04.05588     0.24866   66.620811  -65.312348    0.163    0.235  1
RGI60-04.05447     0.24810   67.520879  -65.370765   -1.384    0.494  1
RGI60-04.01292     0.24804   66.868580  -63.012056   -0.134    0.192  1
RGI60-04.01700     0.24785   66.524469  -65.243418   -0.509    0.264  1
RGI60-04.06940     0.24779   73.428888  -77.735457   -0.195    0.182  1
RGI60-04.06225     0.24745   72.216782  -77.975663   -0.275    0.205  1
RGI60-04.07206     0.24744   73.028471  -76.722818    0.047    0.153  1
RGI60-04.01846     0.24728   66.803472  -64.554215   -0.097    0.193  1
RGI60-04.07154     0.24681   73.036210  -78.724150   -1.401    0.395  1
RGI60-04.02284     0.24647   67.552361  -65.087988   -0.310    0.245  1
RGI60-04.03592     0.24642   71.276305  -71.834095    0.542    0.218  1
RGI60-04.00862     0.24637   66.931616  -62.980686    0.047    0.172  1
RGI60-04.07411     0.24602   59.525230  -64.018835   -0.748    0.309  1
RGI60-04.01390     0.24593   66.129332  -62.510222    0.058    0.174  1
RGI60-04.01217     0.24589   66.718831  -61.886173   -0.132    0.179  1
RGI60-04.06936     0.24573   73.326433  -80.031281   -0.274    0.192  1
RGI60-04.03619     0.24554   70.815678  -72.538039   -0.384    0.225  1
RGI60-04.07124     0.24531   73.382657  -78.724197   -0.564    0.234  1
RGI60-04.00150     0.24511   64.093104  -65.450562   -0.359    0.191  1
RGI60-04.02231     0.24509   67.699121  -65.541459   -0.419    0.269  1
RGI60-04.03154     0.24498   70.635187  -71.486363    0.168    0.225  1
RGI60-04.06932     0.24493   73.026229  -78.942556   -0.561    0.206  1
RGI60-04.05629     0.24489   66.711706  -65.219536   -0.502    0.265  1
RGI60-04.01269     0.24484   66.813276  -62.264760   -0.633    0.230  1
RGI60-04.01494     0.24442   65.715067  -63.984135    0.050    0.151  1
RGI60-04.01614     0.24437   66.678047  -64.931124   -0.081    0.227  1
RGI60-04.01729     0.24416   66.534260  -64.764557   -0.411    0.256  1
RGI60-04.03714     0.24409   71.494776  -72.752780    0.042    0.181  1
RGI60-04.02450     0.24386   68.080716  -67.085455   -0.518    0.231  1
RGI60-04.02828     0.24367   67.843700  -66.781662   -0.110    0.213  1
RGI60-04.01309     0.24351   65.871457  -62.688554    0.112    0.173  1
RGI60-04.01674     0.24344   66.656481  -64.689268    0.049    0.407  1
RGI60-04.00993     0.24331   66.460048  -62.791459   -0.680    0.250  1
RGI60-04.04878     0.24318   72.376837  -76.537815   -0.474    0.230  1
RGI60-04.00898     0.24290   66.577126  -62.817768   -0.504    0.214  1
RGI60-04.00790     0.24289   70.267572  -69.542328   -0.563    0.230  1
RGI60-04.03743     0.24269   71.400994  -72.385126   -0.186    0.185  1
RGI60-04.07371     0.24264   59.596980  -64.479988   -0.465    0.262  1
RGI60-04.01200     0.24261   66.713206  -61.979590   -0.228    0.193  1
RGI60-04.02548     0.24248   67.984288  -67.175568   -0.659    0.244  1
RGI60-04.06565     0.24227   71.229725  -73.493993    0.105    0.162  1
RGI60-04.01541     0.24206   65.817365  -63.599452   -0.340    0.184  1
RGI60-04.00067     0.24191   63.783028  -65.695959   -0.212    0.167  1
RGI60-04.00818     0.24184   70.388595  -70.517826   -0.913    0.295  1
RGI60-04.02955     0.24182   69.850155  -69.157075    0.201    0.266  1
RGI60-04.01840     0.24162   66.790203  -64.601792   -0.840    0.335  1
RGI60-04.06757     0.24161   71.644276  -74.372150   -0.462    0.243  1
RGI60-04.02847     0.24108   69.784833  -69.562133   -0.205    0.288  1
RGI60-04.06620     0.24101   71.295813  -75.378855   -0.351    0.190  1
RGI60-04.07181     0.24067   72.884233  -77.159334   -0.869    0.334  1
RGI60-04.01185     0.24049   66.702952  -62.244268   -0.452    0.204  1
RGI60-04.02580     0.24033   68.001078  -66.808139   -0.716    0.260  1
RGI60-04.02164     0.24010   67.666397  -65.915995   -0.255    0.204  1
RGI60-04.04296     0.24002   65.626599  -64.805805   -0.311    0.189  1
RGI60-04.04786     0.23998   72.202848  -75.384450   -0.721    0.276  1
RGI60-04.04737     0.23995   72.574994  -77.223905   -0.340    0.165  1
RGI60-04.00124     0.23980   63.931341  -64.915378   -0.517    0.191  1
RGI60-04.00316     0.23953   63.504369  -64.681406   -0.320    0.190  1
RGI60-04.04771     0.23946   72.195220  -74.764611   -0.666    0.262  1
RGI60-04.04667     0.23937   66.352060  -64.227330   -0.678    0.264  1
RGI60-04.00590     0.23929   70.414300  -70.771241    0.775    0.249  1
RGI60-04.03179     0.23912   70.677092  -71.451856    0.408    0.239  1
RGI60-04.04695     0.23893   72.581122  -75.863595    0.021    0.189  1
RGI60-04.04777     0.23892   72.205201  -74.750158   -0.470    0.235  1
RGI60-04.00549     0.23889   70.409090  -70.416693   -1.270    0.461  1
RGI60-04.05193     0.23884   73.571174  -82.457739   -0.773    0.315  1
RGI60-04.07408     0.23881   58.898333  -63.716448   -1.134    0.331  1
RGI60-04.04839     0.23881   72.138546  -76.684223   -0.250    0.184  1
RGI60-04.05065     0.23880   72.462355  -77.269358   -0.204    0.235  1
RGI60-04.01625     0.23851   66.152699  -64.982538   -0.806    0.270  1
RGI60-04.04349     0.23832   66.536953  -63.209077   -0.726    0.238  1
RGI60-04.01777     0.23810   66.463067  -64.638869   -0.490    0.343  1
RGI60-04.06277     0.23810   71.601838  -77.722282    0.034    0.178  1
RGI60-04.02094     0.23807   66.442009  -65.683873   -0.685    0.246  1
RGI60-04.05396     0.23777   67.204487  -66.521266   -0.041    0.174  1
RGI60-04.00024     0.23758   62.304857  -66.742836    0.254    0.204  1
RGI60-04.06521     0.23730   71.164593  -73.741213    0.694    0.229  1
RGI60-04.00352     0.23724   62.341029  -66.915830   -0.262    0.254  1
RGI60-04.02261     0.23723   67.521517  -65.058812   -0.581    0.271  1
RGI60-04.00245     0.23715   64.292575  -65.889651   -0.480    0.213  1
RGI60-04.03732     0.23713   71.452866  -72.720598   -0.184    0.185  1
RGI60-04.03238     0.23675   70.778442  -71.911636   -0.069    0.207  1
RGI60-04.01864     0.23655   66.941750  -64.430813   -0.290    0.219  1
RGI60-04.05613     0.23646   66.716811  -65.225077   -0.382    0.292  1
RGI60-04.01070     0.23645   66.693128  -62.667694   -0.716    0.233  1
RGI60-04.00740     0.23621   70.030911  -70.438248    0.016    0.248  1
RGI60-04.06628     0.23606   71.363037  -75.196332   -0.445    0.214  1
RGI60-04.00581     0.23597   70.366785  -70.721273   -0.130    0.185  1
RGI60-04.04840     0.23596   72.103300  -77.218369   -0.183    0.202  1
RGI60-04.04831     0.23590   72.343052  -76.057852   -0.293    0.218  1
RGI60-04.02275     0.23544   67.753037  -65.683417   -0.130    0.192  1
RGI60-04.06766     0.23544   71.724888  -74.164372   -0.383    0.243  1
RGI60-04.02822     0.23543   67.859564  -67.280324    0.028    0.198  1
RGI60-04.07230     0.23538   73.091644  -76.691837    0.153    0.185  1
RGI60-04.01134     0.23528   66.430843  -62.625788   -0.292    0.181  1
RGI60-04.03996     0.23512   72.075866  -74.689020   -0.184    0.180  1
RGI60-04.06730     0.23500   71.099991  -74.836330   -0.576    0.270  1
RGI60-04.06065     0.23496   69.449893  -70.173539   -0.240    0.216  1
RGI60-04.06272     0.23495   72.255793  -78.138380   -0.402    0.198  1
RGI60-04.07166     0.23474   73.416959  -80.344762   -0.503    0.256  1
RGI60-04.03942     0.23465   72.107434  -74.978512   -0.570    0.211  1
RGI60-04.03686     0.23428   71.406263  -71.971445   -0.348    0.213  1
RGI60-04.02488     0.23423   67.976498  -67.286158   -0.089    0.250  1
RGI60-04.04168     0.23417   66.688542  -63.707357   -0.137    0.182  1
RGI60-04.05191     0.23414   73.522921  -83.221796   -0.463    0.253  1
RGI60-04.06719     0.23389   71.614666  -72.781849   -1.028    0.287  1
RGI60-04.02514     0.23364   68.000792  -67.848241   -0.417    0.206  1
RGI60-04.02781     0.23313   68.475568  -67.421393   -0.568    0.231  1
RGI60-04.06474     0.23309   73.787227  -85.078698   -0.169    0.202  1
RGI60-04.04321     0.23299   66.074687  -63.311389    0.208    0.229  1
RGI60-04.05512     0.23273   67.148434  -65.336001    0.140    0.217  1
RGI60-04.02448     0.23262   68.070681  -67.107246   -0.436    0.255  1
RGI60-04.00901     0.23256   66.592925  -62.111256   -0.061    0.231  1
RGI60-04.06736     0.23255   71.610368  -72.814270   -0.289    0.195  1
RGI60-04.07299     0.23251   73.506231  -77.629121   -0.164    0.272  1
RGI60-04.07123     0.23234   73.392072  -78.485906   -0.301    0.246  1
RGI60-04.05959     0.23185   69.227792  -69.056362   -0.082    0.207  1
RGI60-04.00958     0.23183   66.672872  -63.147761   -0.431    0.230  1
RGI60-04.02000     0.23137   66.054056  -65.508864   -0.075    0.231  1
RGI60-04.05297     0.23120   72.504072  -81.018360   -0.690    0.226  1
RGI60-04.01802     0.23106   66.212387  -65.093674   -0.509    0.267  1
RGI60-04.01655     0.23084   66.412220  -65.400039    0.121    0.226  1
RGI60-04.03772     0.23082   71.540498  -72.323479   -0.825    0.243  1
RGI60-04.02675     0.23067   68.192958  -67.104780   -0.614    0.285  1
RGI60-04.00176     0.23063   62.610614  -66.767732   -0.047    0.179  1
RGI60-04.01304     0.23051   66.858639  -62.193595   -0.258    0.233  1
RGI60-04.06278     0.23048   71.600952  -77.709241   -0.005    0.180  1
RGI60-04.06637     0.23048   71.119445  -73.737605    0.567    0.239  1
RGI60-04.06689     0.23045   71.474398  -73.017936   -0.618    0.286  1
RGI60-04.00359     0.23033   63.724718  -65.556310    0.098    0.174  1
RGI60-04.01332     0.23030   65.525415  -63.966427    0.038    0.155  1
RGI60-04.03535     0.22939   71.154947  -73.118931    0.126    0.209  1
RGI60-04.02480     0.22916   67.950942  -66.395006   -0.445    0.201  1
RGI60-04.01747     0.22905   66.354262  -65.234243   -1.099    0.374  1
RGI60-04.01506     0.22894   65.761496  -63.881369   -0.098    0.165  1
RGI60-04.02160     0.22885   67.626218  -65.519087   -0.289    0.221  1
RGI60-04.06894     0.22882   73.655483  -80.227093   -0.275    0.198  1
RGI60-04.00035     0.22865   63.772253  -65.756321   -0.066    0.158  1
RGI60-04.06316     0.22855   71.693853  -78.135506    0.028    0.186  1
RGI60-04.06724     0.22853   71.584824  -72.930287   -0.535    0.201  1
RGI60-04.03716     0.22843   71.500974  -72.748354   -0.301    0.216  1
RGI60-04.01205     0.22839   66.682094  -61.858383   -0.199    0.241  1
RGI60-04.02496     0.22828   67.981719  -66.639203   -0.094    0.294  1
RGI60-04.00659     0.22824   70.700378  -70.461410   -0.411    0.221  1
RGI60-04.00198     0.22801   64.178371  -65.497474   -0.203    0.167  1
RGI60-04.02065     0.22792   66.491089  -65.427192   -0.394    0.254  1
RGI60-04.04472     0.22790   66.547438  -63.702210    0.164    0.188  1
RGI60-04.04679     0.22777   72.540531  -76.283017   -0.176    0.203  1
RGI60-04.01737     0.22765   66.689022  -64.837034   -0.494    0.249  1
RGI60-04.06899     0.22675   73.693751  -79.876348   -0.175    0.201  1
RGI60-04.05623     0.22664   66.898972  -64.806533   -0.427    0.252  1
RGI60-04.05984     0.22662   69.328432  -68.976667    0.257    0.243  1
RGI60-04.02631     0.22625   68.110581  -67.633823   -0.532    0.222  1
RGI60-04.00162     0.22609   64.128240  -65.901953   -0.158    0.164  1
RGI60-04.01030     0.22608   66.545622  -62.062432   -0.693    0.246  1
RGI60-04.03438     0.22600   71.202402  -71.765408   -0.157    0.283  1
RGI60-04.00128     0.22573   63.947293  -65.227095   -0.160    0.174  1
RGI60-04.00104     0.22547   63.884309  -65.100960   -0.630    0.219  1
RGI60-04.02109     0.22534   66.495249  -64.827087   -0.613    0.349  1
RGI60-04.06069     0.22516   69.461467  -70.280527   -0.031    0.220  1
RGI60-04.06651     0.22512   71.401170  -74.088406   -0.662    0.267  1
RGI60-04.06935     0.22472   72.962763  -78.586694   -0.446    0.285  1
RGI60-04.01899     0.22446   66.956840  -64.117399   -0.145    0.210  1
RGI60-04.02911     0.22429   69.799863  -68.686252   -0.567    0.334  1
RGI60-04.04907     0.22423   72.141886  -75.832035   -0.562    0.236  1
RGI60-04.06257     0.22418   71.558311  -77.511659   -0.077    0.194  1
RGI60-04.01994     0.22409   66.273575  -65.407956   -0.833    0.302  1
RGI60-04.05104     0.22383   72.532790  -75.922533   -0.162    0.181  1
RGI60-04.00235     0.22377   62.643781  -66.818145   -0.024    0.241  1
RGI60-04.02303     0.22371   67.782717  -65.808592   -0.304    0.260  1
RGI60-04.02490     0.22365   67.986946  -67.805762   -0.217    0.220  1
RGI60-04.05078     0.22340   72.507029  -76.425008   -0.379    0.227  1
RGI60-04.00786     0.22339   70.257434  -70.148090   -0.040    0.248  1
RGI60-04.00941     0.22332   66.660766  -63.183813   -0.024    0.217  1
RGI60-04.00364     0.22317   63.695824  -64.786435   -0.134    0.166  1
RGI60-04.03882     0.22313   71.680875  -75.799688   -0.746    0.249  1
RGI60-04.04745     0.22298   72.739773  -77.008421   -0.163    0.204  1
RGI60-04.03442     0.22290   70.947624  -72.815473   -0.156    0.208  1
RGI60-04.03733     0.22280   71.372049  -72.421704   -0.435    0.211  1
RGI60-04.07219     0.22262   73.083405  -76.489368   -1.127    0.313  1
RGI60-04.01315     0.22202   65.902609  -63.319504    0.050    0.168  1
RGI60-04.06506     0.22200   73.800363  -85.413628   -0.298    0.222  1
RGI60-04.04631     0.22196   66.275963  -62.852501   -0.088    0.219  1
RGI60-04.05805     0.22187   68.932556  -68.316478   -0.160    0.199  1
RGI60-04.05976     0.22180   69.257290  -69.006052   -0.684    0.253  1
RGI60-04.00165     0.22174   64.163269  -65.365870   -0.157    0.160  1
RGI60-04.01956     0.22120   67.089877  -63.931283   -1.053    0.324  1
RGI60-04.02672     0.22112   68.217349  -67.707189    0.016    0.241  1
RGI60-04.02203     0.22088   67.658346  -66.582068   -0.360    0.212  1
RGI60-04.02228     0.22078   67.750677  -66.608795   -0.048    0.205  1
RGI60-04.00189     0.22072   62.513876  -66.592160    0.225    0.229  1
RGI60-04.05280     0.22067   72.700453  -84.300693   -0.303    0.237  1
RGI60-04.00368     0.22055   63.736719  -65.484905    0.011    0.166  1
RGI60-04.02540     0.22048   67.953017  -66.934325   -0.495    0.255  1
RGI60-04.05173     0.22044   73.482553  -83.120044   -1.277    0.435  1
RGI60-04.04766     0.22029   72.124331  -76.731792   -0.209    0.195  1
RGI60-04.04876     0.22025   72.412794  -76.120306    0.337    0.222  1
RGI60-04.00281     0.22021   64.403871  -65.486774   -0.394    0.177  1
RGI60-04.05426     0.22000   67.486978  -66.214996   -0.160    0.216  1
RGI60-04.01219     0.21989   66.743258  -61.976194   -0.288    0.239  1
RGI60-04.00072     0.21980   63.843048  -65.989256    0.088    0.166  1
RGI60-04.00510     0.21948   70.451308  -70.987376   -0.454    0.275  1
RGI60-04.05526     0.21929   66.784690  -65.083669    0.017    0.341  1
RGI60-04.06331     0.21923   71.662702  -79.675668   -0.081    0.153  1
RGI60-04.05471     0.21905   67.557253  -65.528297   -0.787    0.327  1
RGI60-04.04428     0.21870   65.941856  -63.687404   -0.700    0.202  1
RGI60-04.06180     0.21858   68.637974  -69.205645   -0.321    0.202  1
RGI60-04.02349     0.21857   67.835088  -65.844586   -0.263    0.331  1
RGI60-04.07218     0.21832   72.903668  -76.381301   -0.813    0.251  1
RGI60-04.06828     0.21801   71.661789  -73.979301    0.059    0.203  1
RGI60-04.00099     0.21793   63.910395  -65.896235   -0.007    0.151  1
RGI60-04.07180     0.21790   72.888776  -77.293877   -0.427    0.222  1
RGI60-04.07290     0.21777   73.456460  -77.545233   -0.619    0.271  1
RGI60-04.03231     0.21756   70.564549  -71.679410   -0.427    0.240  1
RGI60-04.06947     0.21755   73.413738  -80.183781    0.014    0.190  1
RGI60-04.03594     0.21734   71.288813  -71.809072   -0.484    0.272  1
RGI60-04.01306     0.21699   66.070384  -62.434297   -0.047    0.168  1
RGI60-04.04124     0.21672   66.369270  -62.945772   -0.361    0.179  1
RGI60-04.05741     0.21654   67.294330  -66.932281   -0.385    0.206  1
RGI60-04.05161     0.21646   73.461913  -83.025938   -0.054    0.262  1
RGI60-04.07278     0.21646   73.444677  -77.386924   -0.709    0.318  1
RGI60-04.00246     0.21642   64.297635  -65.880865   -0.142    0.166  1
RGI60-04.04409     0.21636   65.993546  -64.021333   -0.153    0.165  1
RGI60-04.04513     0.21616   66.251459  -63.240600   -0.807    0.238  1
RGI60-04.00397     0.21609   70.185656  -70.327876   -0.418    0.223  1
RGI60-04.02285     0.21603   67.762569  -65.804271   -1.517    0.484  1
RGI60-04.01569     0.21593   65.848879  -62.464162   -0.397    0.198  1
RGI60-04.02697     0.21581   68.268681  -67.157197   -0.392    0.320  1
RGI60-04.00676     0.21562   70.650266  -70.660483   -0.369    0.215  1
RGI60-04.01965     0.21552   67.116831  -64.136139   -0.269    0.242  1
RGI60-04.07092     0.21513   73.542365  -79.599624   -0.445    0.229  1
RGI60-04.01422     0.21510   65.524623  -63.984373   -0.019    0.168  1
RGI60-04.05521     0.21488   66.939597  -65.072269   -0.313    0.250  1
RGI60-04.02051     0.21471   66.417092  -64.416788   -0.228    0.194  1
RGI60-04.00076     0.21469   62.447264  -66.774795   -0.427    0.283  1
RGI60-04.03761     0.21469   71.535766  -72.607016   -0.640    0.219  1
RGI60-04.05340     0.21451   66.903731  -66.546651   -0.224    0.185  1
RGI60-04.05511     0.21448   67.142968  -65.259274   -0.457    0.244  1
RGI60-04.02905     0.21444   69.688911  -68.985762   -0.028    0.276  1
RGI60-04.02638     0.21443   68.125212  -67.266069   -0.127    0.214  1
RGI60-04.01348     0.21424   65.932297  -63.273915   -0.692    0.221  1
RGI60-04.01090     0.21423   66.689418  -62.310216   -0.531    0.295  1
RGI60-04.01344     0.21422   66.007874  -62.931427   -0.268    0.171  1
RGI60-04.03054     0.21421   70.058967  -69.107664   -0.017    0.214  1
RGI60-04.05495     0.21417   67.581554  -65.933719    0.016    0.184  1
RGI60-04.00558     0.21414   70.313036  -70.690548   -0.241    0.245  1
RGI60-04.03682     0.21413   71.362321  -72.047346   -0.389    0.278  1
RGI60-04.03199     0.21406   70.631019  -71.771000   -0.107    0.226  1
RGI60-04.07351     0.21399   59.316589  -63.886015   -0.756    0.290  1
RGI60-04.04623     0.21397   66.292040  -64.122156   -0.426    0.204  1
RGI60-04.04242     0.21355   66.066256  -63.738677   -0.157    0.166  1
RGI60-04.03618     0.21353   70.801196  -72.787732   -0.588    0.323  1
RGI60-04.03393     0.21350   71.006033  -71.595131    0.172    0.271  1
RGI60-04.01025     0.21331   66.442489  -62.494864   -0.357    0.190  1
RGI60-04.02387     0.21325   67.601560  -65.001986   -0.005    0.273  1
RGI60-04.00499     0.21325   70.437347  -69.562334   -0.454    0.275  1
RGI60-04.04433     0.21314   66.151511  -63.795034    0.099    0.182  1
RGI60-04.00191     0.21313   62.502531  -66.621845   -0.099    0.235  1
RGI60-04.00155     0.21310   64.068271  -65.319287   -0.504    0.207  1
RGI60-04.01087     0.21304   66.310507  -62.558638   -0.663    0.235  1
RGI60-04.01959     0.21279   67.103107  -64.119109   -0.154    0.250  1
RGI60-04.04699     0.21268   72.705784  -77.360472   -0.470    0.222  1
RGI60-04.00202     0.21251   64.214720  -65.495195   -0.378    0.182  1
RGI60-04.04028     0.21244   72.055767  -75.728346   -0.262    0.194  1
RGI60-04.01537     0.21234   65.793883  -63.549912   -0.298    0.177  1
RGI60-04.01810     0.21232   66.409058  -65.388983   -0.493    0.271  1
RGI60-04.02945     0.21223   69.862242  -69.421554   -0.424    0.361  1
RGI60-04.05841     0.21218   69.052573  -68.801914   -1.078    0.326  1
RGI60-04.06448     0.21210   73.729540  -85.475809   -0.111    0.205  1
RGI60-04.06648     0.21198   71.393577  -74.147505   -0.535    0.315  1
RGI60-04.01083     0.21193   66.668973  -62.339362   -1.239    0.396  1
RGI60-04.03658     0.21186   71.299045  -71.953348   -0.787    0.260  1
RGI60-04.02045     0.21181   66.398184  -64.861281   -0.973    0.351  1
RGI60-04.01648     0.21163   66.437016  -65.371930   -0.767    0.332  1
RGI60-04.04448     0.21157   66.544416  -63.441030   -0.004    0.205  1
RGI60-04.01394     0.21141   66.096782  -62.539979    0.016    0.181  1
RGI60-04.02713     0.21119   68.209133  -67.444109   -0.305    0.239  1
RGI60-04.01677     0.21112   66.497857  -64.723216   -0.304    0.223  1
RGI60-04.07191     0.21090   72.936857  -76.376082   -0.254    0.199  1
RGI60-04.07227     0.21088   73.078669  -76.680119   -0.046    0.159  1
RGI60-04.05666     0.21082   66.714543  -65.502592   -0.722    0.310  1
RGI60-04.07397     0.21070   58.875616  -63.672651   -1.204    0.444  1
RGI60-04.01327     0.21061   65.969363  -62.936321    0.104    0.183  1
RGI60-04.02785     0.21052   68.469837  -68.105929    0.023    0.178  1
RGI60-04.03164     0.21046   70.744076  -70.993134    0.017    0.236  1
RGI60-04.01287     0.21034   66.839610  -62.519981   -0.030    0.166  1
RGI60-04.01028     0.21034   66.595694  -62.322260   -0.738    0.241  1
RGI60-04.02518     0.21027   67.966235  -66.805673   -0.242    0.206  1
RGI60-04.05166     0.20994   73.475615  -83.131806   -1.058    0.424  1
RGI60-04.01895     0.20992   67.052125  -64.076968    0.133    0.204  1
RGI60-04.02596     0.20989   67.813057  -67.360799   -0.489    0.288  1
RGI60-04.02406     0.20971   68.095797  -67.370298   -0.411    0.229  1
RGI60-04.03787     0.20964   70.834384  -72.388668    0.294    0.272  1
RGI60-04.02255     0.20949   67.748093  -66.263630    0.220    0.293  1
RGI60-04.00739     0.20936   70.069820  -70.397984   -0.376    0.226  1
RGI60-04.05646     0.20907   67.531102  -65.742616   -0.752    0.482  1
RGI60-04.04286     0.20900   66.199061  -64.372330   -0.123    0.229  1
RGI60-04.02176     0.20844   67.649960  -64.718141   -0.204    0.253  1
RGI60-04.01222     0.20843   66.772413  -61.855468   -0.310    0.212  1
RGI60-04.04903     0.20819   72.512718  -76.483167   -0.573    0.284  1
RGI60-04.04570     0.20809   65.834375  -63.846232    0.000    0.216  1
RGI60-04.06329     0.20802   71.724838  -78.281778   -0.229    0.211  1
RGI60-04.02867     0.20777   69.722608  -69.666345   -0.473    0.228  1
RGI60-04.05142     0.20746   73.506292  -81.935538   -0.534    0.216  1
RGI60-04.07113     0.20741   73.393849  -78.781667    0.031    0.222  1
RGI60-04.00291     0.20735   64.431656  -65.990576   -0.136    0.167  1
RGI60-04.07254     0.20731   73.268743  -77.417091   -0.621    0.255  1
RGI60-04.00318     0.20722   64.619017  -65.498335    0.045    0.175  1
RGI60-04.02582     0.20701   68.022035  -67.091992   -0.184    0.267  1
RGI60-04.06326     0.20700   71.688817  -78.709758    0.004    0.176  1
RGI60-04.04875     0.20659   72.399652  -76.144005   -0.047    0.174  1
RGI60-04.02467     0.20655   67.935174  -66.560900   -0.284    0.230  1
RGI60-04.03151     0.20627   70.703992  -71.114504    0.028    0.240  1
RGI60-04.02138     0.20621   67.630104  -65.089454   -0.596    0.328  1
RGI60-04.00875     0.20609   66.570958  -62.715148   -1.023    0.275  1
RGI60-04.03185     0.20580   70.769117  -71.020068   -0.515    0.265  1
RGI60-04.00699     0.20576   70.780935  -70.295973   -0.065    0.209  1
RGI60-04.06401     0.20558   73.703445  -85.123118   -0.421    0.223  1
RGI60-04.07324     0.20558   58.787646  -63.098945   -0.833    0.280  1
RGI60-04.02362     0.20552   67.565769  -65.048688   -0.639    0.375  1
RGI60-04.04450     0.20544   65.880476  -64.003470    0.108    0.154  1
RGI60-04.05705     0.20537   66.774209  -65.164475   -0.257    0.234  1
RGI60-04.01504     0.20525   66.043324  -62.325290    0.182    0.190  1
RGI60-04.06127     0.20508   69.496622  -69.313852   -0.598    0.342  1
RGI60-04.04150     0.20497   66.620406  -63.811419   -1.208    0.314  1
RGI60-04.04246     0.20494   66.054898  -64.294982    0.019    0.178  1
RGI60-04.00520     0.20487   70.462211  -70.985906   -0.565    0.237  1
RGI60-04.06793     0.20477   71.624627  -74.463090   -0.050    0.193  1
RGI60-04.02452     0.20470   67.922885  -67.146108   -0.158    0.341  1
RGI60-04.07010     0.20465   72.974304  -78.051648   -0.064    0.200  1
RGI60-04.02137     0.20463   67.460051  -64.706100   -0.282    0.243  1
RGI60-04.04392     0.20454   66.043259  -63.434447   -0.116    0.160  1
RGI60-04.06432     0.20451   73.654572  -85.403829   -0.352    0.214  1
RGI60-04.01118     0.20443   66.687671  -62.063650   -0.120    0.211  1
RGI60-04.01888     0.20440   66.048583  -65.533408   -0.134    0.224  1
RGI60-04.06504     0.20401   73.765808  -85.805452   -0.205    0.219  1
RGI60-04.02603     0.20396   68.125609  -67.305096   -0.383    0.296  1
RGI60-04.07399     0.20390   58.840460  -63.916317   -0.827    0.399  1
RGI60-04.06895     0.20386   72.949228  -76.571087    0.208    0.179  1
RGI60-04.04610     0.20357   66.222456  -62.932037   -0.796    0.393  1
RGI60-04.01839     0.20357   66.779210  -64.569439   -0.439    0.244  1
RGI60-04.02990     0.20356   69.831105  -70.203207   -0.365    0.232  1
RGI60-04.04364     0.20310   66.091388  -63.956578   -0.156    0.175  1
RGI60-04.06297     0.20300   71.623392  -78.450023   -0.112    0.177  1
RGI60-04.03109     0.20295   70.621680  -72.421653   -1.213    0.381  1
RGI60-04.00873     0.20289   66.510561  -62.038158   -0.726    0.261  1
RGI60-04.05041     0.20288   72.327641  -76.421284   -0.185    0.187  1
RGI60-04.06027     0.20272   69.395394  -68.905933   -0.197    0.280  1
RGI60-04.04760     0.20261   72.665205  -77.382281   -0.041    0.182  1
RGI60-04.06484     0.20255   73.784657  -85.224247   -0.189    0.204  1
RGI60-04.00861     0.20247   66.902818  -62.337443   -0.022    0.180  1
RGI60-04.05071     0.20242   72.442309  -77.411980   -0.467    0.199  1
RGI60-04.06744     0.20234   71.631131  -74.092759   -0.462    0.319  1
RGI60-04.03709     0.20213   70.896626  -73.750192   -0.322    0.216  1
RGI60-04.03700     0.20190   71.472349  -72.323351   -0.258    0.202  1
RGI60-04.01061     0.20165   66.348488  -62.603231   -0.620    0.266  1
RGI60-04.01471     0.20162   65.672836  -62.975435   -0.026    0.167  1
RGI60-04.04073     0.20143   71.938451  -75.674822   -0.251    0.236  1
RGI60-04.07109     0.20123   73.476948  -79.044554   -0.449    0.260  1
RGI60-04.00371     0.20105   63.756601  -65.655473   -0.134    0.176  1
RGI60-04.01630     0.20096   66.649725  -64.771001    0.217    0.260  1
RGI60-04.06959     0.20067   73.459390  -80.333128   -0.876    0.411  1
RGI60-04.00168     0.20055   64.167549  -65.492960   -0.399    0.186  1
RGI60-04.01812     0.20045   66.439927  -65.366544   -0.333    0.248  1
RGI60-04.02481     0.20027   67.943834  -65.564887   -0.103    0.207  1
RGI60-04.05211     0.20018   73.224085  -81.378542   -0.347    0.213  1
RGI60-04.01326     0.20013   65.924880  -62.740744    0.007    0.166  1
RGI60-04.06942     0.20003   73.452128  -77.677165   -0.199    0.181  1
RGI60-04.03823     0.19994   71.577312  -75.059229   -0.419    0.204  1
RGI60-04.04754     0.19990   72.600983  -77.001206   -0.472    0.222  1
RGI60-04.05631     0.19983   66.664408  -65.305002   -1.145    0.566  1
RGI60-04.00472     0.19980   70.164381  -70.318715   -0.195    0.197  1
RGI60-04.07406     0.19975   58.955966  -63.807105   -0.205    0.285  1
RGI60-04.00125     0.19958   63.958260  -65.823455    0.014    0.164  1
RGI60-04.00838     0.19950   66.889882  -62.623750   -0.052    0.213  1
RGI60-04.03822     0.19937   71.591075  -75.012269   -0.247    0.184  1
RGI60-04.01218     0.19922   66.734812  -61.879266    0.017    0.191  1
RGI60-04.02720     0.19921   68.300065  -67.617257   -0.371    0.264  1
RGI60-04.06308     0.19882   71.643415  -78.529324   -0.006    0.179  1
RGI60-04.04239     0.19872   66.032745  -63.420449   -0.022    0.151  1
RGI60-04.04257     0.19868   66.135895  -64.604937   -0.258    0.202  1
RGI60-04.01826     0.19853   67.024243  -64.039087   -0.508    0.237  1
RGI60-04.05049     0.19840   72.632940  -77.344235   -0.238    0.185  1
RGI60-04.01913     0.19824   67.011135  -64.267795   -0.709    0.265  1
RGI60-04.00377     0.19801   70.517608  -70.294336   -0.319    0.240  1
RGI60-04.01567     0.19769   65.885462  -63.595885   -0.068    0.169  1
RGI60-04.01534     0.19765   65.818217  -62.955651   -0.395    0.186  1
RGI60-04.03603     0.19731   71.362570  -71.843792   -0.023    0.211  1
RGI60-04.00832     0.19727   66.876522  -62.341350   -0.202    0.280  1
RGI60-04.05174     0.19710   73.568510  -81.882070   -0.355    0.221  1
RGI60-04.07400     0.19700   59.112839  -64.167428   -0.450    0.277  1
RGI60-04.05205     0.19696   73.566230  -82.205668   -0.101    0.193  1
RGI60-04.02264     0.19672   67.536026  -65.055979   -1.007    0.396  1
RGI60-04.00160     0.19665   64.110409  -65.413776   -0.458    0.209  1
RGI60-04.00930     0.19652   66.590671  -62.220464    0.385    0.263  1
RGI60-04.02181     0.19649   67.684303  -66.342538   -0.322    0.195  1
RGI60-04.01942     0.19624   67.060975  -64.076182   -0.447    0.277  1
RGI60-04.04312     0.19609   66.546622  -63.218370   -0.028    0.172  1
RGI60-04.02130     0.19600   67.637677  -65.884642   -0.049    0.202  1
RGI60-04.02845     0.19596   69.787007  -69.563754   -0.649    0.399  1
RGI60-04.01921     0.19593   67.015647  -64.255260   -0.361    0.246  1
RGI60-04.00063     0.19579   63.805390  -65.853888   -0.167    0.181  1
RGI60-04.00481     0.19566   70.536759  -69.848390   -0.213    0.219  1
RGI60-04.02390     0.19557   67.621757  -66.441639   -0.047    0.216  1
RGI60-04.04801     0.19555   72.150286  -77.221227   -0.471    0.211  1
RGI60-04.03020     0.19554   69.947326  -69.394377   -0.582    0.267  1
RGI60-04.00770     0.19522   70.131936  -69.873860   -0.852    0.311  1
RGI60-04.01634     0.19509   66.526470  -65.239894   -0.638    0.289  1
RGI60-04.02029     0.19507   66.363082  -64.921168   -0.440    0.223  1
RGI60-04.05781     0.19503   68.916145  -68.257069   -0.072    0.244  1
RGI60-04.06378     0.19501   73.609670  -85.482162   -0.210    0.209  1
RGI60-04.01560     0.19501   65.832652  -62.610690   -0.109    0.169  1
RGI60-04.06759     0.19496   71.578662  -74.510298   -0.039    0.241  1
RGI60-04.03123     0.19478   70.756558  -70.840715   -0.012    0.225  1
RGI60-04.00715     0.19453   69.929933  -70.377804   -0.710    0.267  1
RGI60-04.04223     0.19392   65.999908  -64.180424   -0.019    0.188  1
RGI60-04.01656     0.19382   66.483740  -64.727112   -0.270    0.242  1
RGI60-04.03140     0.19377   70.617762  -71.284995    0.304    0.239  1
RGI60-04.07316     0.19375   73.541977  -77.485160   -0.536    0.326  1
RGI60-04.07208     0.19367   72.960789  -78.689953    0.262    0.294  1
RGI60-04.00266     0.19351   64.337656  -65.865528   -0.138    0.170  1
RGI60-04.05108     0.19331   71.761465  -76.735333   -0.230    0.202  1
RGI60-04.01969     0.19326   66.976645  -63.934144   -0.019    0.184  1
RGI60-04.00599     0.19311   70.494861  -70.346754   -0.282    0.291  1
RGI60-04.00259     0.19301   64.376216  -65.682699   -0.075    0.157  1
RGI60-04.02807     0.19297   68.513987  -67.686496   -0.369    0.251  1
RGI60-04.01429     0.19285   65.562999  -64.000320   -0.129    0.166  1
RGI60-04.05992     0.19247   68.695296  -69.156694   -0.362    0.215  1
RGI60-04.06233     0.19238   71.542792  -77.703855    0.018    0.186  1
RGI60-04.02126     0.19235   67.631618  -65.746326   -0.314    0.226  1
RGI60-04.07265     0.19226   72.912033  -76.414725   -0.533    0.232  1
RGI60-04.05892     0.19220   68.653116  -69.022047   -0.211    0.234  1
RGI60-04.00553     0.19212   70.460280  -70.831338   -0.196    0.231  1
RGI60-04.00836     0.19207   66.856396  -61.748625   -0.213    0.274  1
RGI60-04.06924     0.19206   72.871041  -76.497062    0.929    0.289  1
RGI60-04.07358     0.19203   59.508751  -64.040223   -0.412    0.253  1
RGI60-04.01098     0.19193   66.727527  -63.041492   -0.172    0.224  1
RGI60-04.00797     0.19187   70.309705  -69.780233    0.075    0.227  1
RGI60-04.02742     0.19132   68.402083  -67.910259   -0.408    0.210  1
RGI60-04.05762     0.19124   67.406534  -66.065294    0.060    0.181  1
RGI60-04.01458     0.19121   65.641785  -63.861920   -0.041    0.163  1
RGI60-04.06931     0.19099   72.946537  -77.219479   -0.415    0.218  1
RGI60-04.01179     0.19096   66.716500  -62.202695   -0.196    0.218  1
RGI60-04.00396     0.19094   70.351409  -70.213394   -0.365    0.263  1
RGI60-04.01378     0.19093   65.985886  -63.151124   -0.491    0.274  1
RGI60-04.03237     0.19052   70.779719  -71.964602   -0.495    0.258  1
RGI60-04.01658     0.19042   66.444833  -64.638971   -0.117    0.208  1
RGI60-04.01944     0.19038   67.078103  -63.941701   -0.525    0.271  1
RGI60-04.00257     0.19028   64.357629  -65.575466   -0.143    0.161  1
RGI60-04.02753     0.19023   68.430852  -68.882857    0.032    0.194  1
RGI60-04.00138     0.19001   64.086344  -65.394227   -0.086    0.161  1
RGI60-04.05642     0.18982   67.556276  -66.595892   -0.665    0.273  1
RGI60-04.00069     0.18978   63.794036  -65.689560    0.053    0.177  1
RGI60-04.01497     0.18957   65.716110  -63.017487    0.232    0.196  1
RGI60-04.03694     0.18956   71.457206  -72.558332   -0.081    0.184  1
RGI60-04.06280     0.18937   71.533132  -79.207376   -0.137    0.164  1
RGI60-04.00630     0.18930   70.627312  -70.901004   -0.479    0.292  1
RGI60-04.03885     0.18929   71.669370  -75.727453   -0.737    0.278  1
RGI60-04.02941     0.18910   69.763885  -68.775258    0.197    0.297  1
RGI60-04.01177     0.18907   66.725071  -62.126580    0.024    0.188  1
RGI60-04.04419     0.18894   65.950374  -63.615613   -0.381    0.197  1
RGI60-04.04653     0.18885   66.230593  -63.952132   -0.076    0.199  1
RGI60-04.05147     0.18873   73.529574  -81.959109   -0.278    0.195  1
RGI60-04.02517     0.18869   67.990278  -66.437941   -0.348    0.241  1
RGI60-04.06213     0.18865   72.210406  -77.865691   -0.491    0.221  1
RGI60-04.01744     0.18842   66.500508  -65.326512   -1.206    0.384  1
RGI60-04.07172     0.18837   72.869444  -76.813679   -0.235    0.189  1
RGI60-04.05546     0.18819   67.557492  -65.746990   -0.269    0.197  1
RGI60-04.03156     0.18793   70.731099  -70.951579   -0.408    0.251  1
RGI60-04.06475     0.18786   73.740692  -85.733132   -0.092    0.227  1
RGI60-04.02334     0.18776   67.820274  -66.258186   -0.504    0.670  1
RGI60-04.04432     0.18744   66.418044  -63.166122   -0.342    0.190  1
RGI60-04.06515     0.18686   73.155172  -86.430707   -0.208    0.191  1
RGI60-04.05611     0.18661   66.712532  -65.181109    0.109    0.312  1
RGI60-04.01691     0.18654   66.671267  -64.871045   -0.525    0.240  1
RGI60-04.03125     0.18648   70.728034  -70.931989   -0.773    0.312  1
RGI60-04.01940     0.18630   67.073794  -64.512020   -0.080    0.305  1
RGI60-04.05879     0.18624   69.015400  -68.808081   -0.561    0.229  1
RGI60-04.02194     0.18610   67.740718  -66.873133   -0.053    0.220  1
RGI60-04.00341     0.18601   63.665813  -65.202420   -0.705    0.277  1
RGI60-04.02153     0.18600   67.655919  -65.750410   -0.215    0.286  1
RGI60-04.04904     0.18597   72.159068  -75.404661   -0.402    0.213  1
RGI60-04.05918     0.18573   69.106667  -69.196331   -1.100    0.331  1
RGI60-04.04828     0.18567   72.572238  -76.606686    0.349    0.191  1
RGI60-04.02341     0.18567   67.819744  -65.832379   -0.416    0.242  1
RGI60-04.02346     0.18543   67.838268  -66.268926   -0.543    0.415  1
RGI60-04.02035     0.18535   66.389525  -64.775778   -0.105    0.223  1
RGI60-04.00034     0.18530   63.766188  -65.744920   -0.151    0.182  1
RGI60-04.05331     0.18525   66.871861  -66.003021   -0.055    0.200  1
RGI60-04.07244     0.18507   73.247836  -76.845992   -0.040    0.168  1
RGI60-04.04134     0.18500   66.498190  -63.015751    0.027    0.165  1
RGI60-04.04659     0.18484   66.246151  -63.894823    0.237    0.195  1
RGI60-04.01447     0.18453   65.623706  -64.071191   -0.114    0.172  1
RGI60-04.04371     0.18447   65.970108  -64.023130   -0.006    0.176  1
RGI60-04.06974     0.18435   73.496714  -78.378965   -0.850    0.328  1
RGI60-04.01232     0.18434   66.484619  -62.251587   -0.486    0.276  1
RGI60-04.03245     0.18429   70.709687  -71.585827   -0.314    0.253  1
RGI60-04.05350     0.18423   66.999842  -66.472936   -0.409    0.227  1
RGI60-04.07325     0.18422   58.791573  -63.079927   -1.049    0.330  1
RGI60-04.05307     0.18418   72.581346  -84.194958   -1.186    0.394  1
RGI60-04.06481     0.18417   73.791548  -85.119588   -0.586    0.301  1
RGI60-04.07245     0.18401   73.241733  -77.045505   -0.147    0.189  1
RGI60-04.05771     0.18400   67.466832  -66.090500   -0.118    0.202  1
RGI60-04.01663     0.18393   66.259100  -65.191839   -1.198    0.360  1
RGI60-04.06355     0.18370   72.062383  -77.991170   -0.482    0.232  1
RGI60-04.02600     0.18363   68.040408  -66.735349   -0.291    0.289  1
RGI60-04.02009     0.18348   66.345913  -65.079155   -0.596    0.276  1
RGI60-04.02163     0.18331   67.751460  -66.790768   -0.111    0.294  1
RGI60-04.04793     0.18331   72.596165  -76.259729   -0.020    0.199  1
RGI60-04.02064     0.18317   66.485711  -64.743000   -1.771    0.493  1
RGI60-04.02637     0.18269   68.122261  -67.566668   -0.101    0.183  1
RGI60-04.00014     0.18265   62.154155  -66.355178   -0.174    0.184  1
RGI60-04.02796     0.18264   68.507613  -68.099848   -0.212    0.218  1
RGI60-04.01082     0.18258   66.703235  -62.692962   -0.627    0.242  1
RGI60-04.01369     0.18246   65.994518  -63.116754   -0.246    0.172  1
RGI60-04.00159     0.18239   64.108546  -65.399222   -0.280    0.173  1
RGI60-04.00351     0.18239   63.713581  -65.519465    0.041    0.178  1
RGI60-04.07323     0.18227   58.775209  -63.091761   -0.513    0.278  1
RGI60-04.03187     0.18224   70.794424  -71.072752   -0.229    0.251  1
RGI60-04.06013     0.18216   69.352927  -68.709670   -0.590    0.268  1
RGI60-04.03371     0.18194   70.936645  -71.542892   -0.548    0.395  1
RGI60-04.05799     0.18189   68.941806  -69.030016    0.080    0.185  1
RGI60-04.02104     0.18182   66.491971  -65.714797   -0.611    0.263  1
RGI60-04.02402     0.18163   67.593132  -65.440729   -0.136    0.268  1
RGI60-04.06338     0.18161   71.738176  -78.506695   -0.036    0.210  1
RGI60-04.03976     0.18155   72.093600  -75.022843    0.191    0.188  1
RGI60-04.01469     0.18154   66.059605  -62.910544   -0.198    0.185  1
RGI60-04.06732     0.18142   71.636835  -72.777144   -0.547    0.248  1
RGI60-04.07255     0.18137   73.276783  -77.320704   -0.231    0.221  1
RGI60-04.06501     0.18126   73.749193  -85.978456   -0.203    0.223  1
RGI60-04.06490     0.18098   73.825881  -85.896346   -0.486    0.308  1
RGI60-04.02821     0.18096   67.772293  -67.140318    0.453    0.356  1
RGI60-04.07327     0.18094   58.797941  -62.995684   -1.070    0.343  1
RGI60-04.06376     0.18094   73.603869  -85.390370   -0.108    0.189  1
RGI60-04.06641     0.18094   71.448195  -73.056598    0.056    0.187  1
RGI60-04.03764     0.18065   71.553019  -72.222603   -0.394    0.235  1
RGI60-04.00679     0.18048   70.729979  -70.283518   -0.467    0.292  1
RGI60-04.04072     0.18047   71.873726  -76.246020   -0.464    0.234  1
RGI60-04.04148     0.18043   66.606562  -63.776849    0.121    0.185  1
RGI60-04.00247     0.18037   64.291676  -65.898530   -0.127    0.171  1
RGI60-04.06943     0.18031   73.099300  -79.188656   -0.471    0.216  1
RGI60-04.03838     0.18021   71.648414  -74.671824   -0.271    0.218  1
RGI60-04.03090     0.18019   69.689054  -68.832985    0.016    0.358  1
RGI60-04.01989     0.18015   66.275013  -65.270452   -0.610    0.287  1
RGI60-04.07197     0.18014   72.946296  -77.946651   -0.572    0.265  1
RGI60-04.02291     0.18010   67.789756  -66.603771   -0.558    0.324  1
RGI60-04.05795     0.17983   68.640001  -69.259205   -0.511    0.236  1
RGI60-04.07404     0.17982   59.214395  -64.336774   -0.307    0.266  1
RGI60-04.05345     0.17971   66.954957  -64.843145   -0.327    0.323  1
RGI60-04.03346     0.17970   70.533618  -71.269180   -0.664    0.371  1
RGI60-04.04776     0.17967   72.113526  -77.086486   -0.275    0.239  1
RGI60-04.04688     0.17963   72.575022  -75.799915   -0.133    0.225  1
RGI60-04.02515     0.17946   68.001830  -68.197917    0.074    0.174  1
RGI60-04.05500     0.17945   67.461814  -66.094101   -0.314    0.210  1
RGI60-04.07253     0.17943   73.268591  -77.397693   -0.497    0.227  1
RGI60-04.06941     0.17932   73.320529  -79.879263   -0.557    0.251  1
RGI60-04.04080     0.17929   71.996202  -75.635857   -0.703    0.270  1
RGI60-04.01865     0.17899   66.973310  -64.589237   -0.500    0.282  1
RGI60-04.05945     0.17898   69.206599  -70.099875    0.001    0.207  1
RGI60-04.02705     0.17893   68.272823  -67.308855   -0.325    0.225  1
RGI60-04.00117     0.17882   63.949821  -65.820808    0.090    0.184  1
RGI60-04.04310     0.17845   66.279605  -64.175563   -0.347    0.212  1
RGI60-04.05763     0.17843   67.416223  -66.066292   -0.284    0.206  1
RGI60-04.06230     0.17818   72.242816  -77.918021   -0.130    0.197  1
RGI60-04.06372     0.17813   73.456538  -86.107478   -1.131    0.342  1
RGI60-04.01273     0.17808   66.804235  -61.817121   -0.485    0.222  1
RGI60-04.05619     0.17795   67.539429  -65.938295   -0.279    0.235  1
RGI60-04.05420     0.17784   67.399966  -65.046797   -1.375    0.419  1
RGI60-04.06060     0.17778   69.444566  -67.674352   -0.145    0.216  1
RGI60-04.05533     0.17773   67.539165  -66.377629   -0.697    0.293  1
RGI60-04.04535     0.17757   66.504149  -63.189846   -0.145    0.176  1
RGI60-04.03555     0.17753   71.158923  -71.483302    0.128    0.268  1
RGI60-04.06436     0.17753   73.741327  -84.937912   -0.178    0.244  1
RGI60-04.04181     0.17751   66.733046  -63.775973   -0.035    0.191  1
RGI60-04.04116     0.17747   66.384737  -63.963647   -0.216    0.200  1
RGI60-04.02774     0.17730   68.437207  -68.272234   -0.126    0.180  1
RGI60-04.07257     0.17729   73.275654  -77.378044   -0.165    0.259  1
RGI60-04.02572     0.17715   67.788746  -67.151549   -0.750    0.389  1
RGI60-04.00890     0.17712   66.548138  -61.484550   -0.266    0.204  1
RGI60-04.02612     0.17701   67.764818  -67.437254   -0.131    0.216  1
RGI60-04.05858     0.17696   69.104207  -69.240603   -0.642    0.277  1
RGI60-04.00622     0.17686   70.596246  -70.583369   -0.867    0.303  1
RGI60-04.00831     0.17673   66.872990  -62.339043   -0.290    0.214  1
RGI60-04.06147     0.17656   69.506544  -69.019670   -0.198    0.237  1
RGI60-04.00969     0.17650   66.701390  -61.623617    0.056    0.212  1
RGI60-04.06449     0.17632   73.749808  -85.221582    0.270    0.233  1
RGI60-04.04069     0.17579   71.855744  -75.721303    0.029    0.201  1
RGI60-04.05956     0.17575   69.280513  -68.604839   -0.244    0.296  1
RGI60-04.03981     0.17570   71.959554  -75.286659   -0.444    0.247  1
RGI60-04.05510     0.17565   67.043305  -65.244188   -0.171    0.218  1
RGI60-04.00302     0.17553   64.535256  -65.786190   -0.086    0.194  1
RGI60-04.01000     0.17548   66.584059  -62.685111   -0.185    0.176  1
RGI60-04.00983     0.17530   66.411518  -62.785136   -0.428    0.231  1
RGI60-04.02250     0.17526   67.525605  -64.866611   -0.826    0.274  1
RGI60-04.05352     0.17511   66.565314  -65.407518   -0.668    0.375  1
RGI60-04.06457     0.17508   73.714615  -85.178701   -0.291    0.210  1
RGI60-04.06946     0.17504   73.384623  -80.101965   -0.145    0.172  1
RGI60-04.02901     0.17503   69.609595  -69.202312   -0.056    0.261  1
RGI60-04.03021     0.17444   69.874293  -69.759916    0.547    0.314  1
RGI60-04.06353     0.17440   72.062768  -77.891561   -0.642    0.239  1
RGI60-04.07342     0.17430   59.169526  -63.419614   -0.363    0.232  1
RGI60-04.04830     0.17420   72.431096  -75.786462   -0.076    0.190  1
RGI60-04.05752     0.17413   67.603444  -67.073998   -0.103    0.299  1
RGI60-04.01244     0.17410   66.792646  -62.550357   -0.401    0.286  1
RGI60-04.01126     0.17408   66.771944  -63.052784   -0.205    0.217  1
RGI60-04.05627     0.17378   66.699306  -65.173852    0.125    0.335  1
RGI60-04.01092     0.17375   66.677977  -62.071775   -0.597    0.255  1
RGI60-04.03664     0.17365   71.327783  -71.928224   -0.644    0.303  1
RGI60-04.04554     0.17363   66.202823  -63.303731   -0.168    0.195  1
RGI60-04.01652     0.17362   66.430737  -65.292606   -1.261    0.556  1
RGI60-04.03803     0.17358   71.602971  -72.405156   -0.813    0.290  1
RGI60-04.00102     0.17353   63.885979  -65.111189   -0.610    0.253  1
RGI60-04.01596     0.17343   67.021406  -64.220078   -0.319    0.260  1
RGI60-04.06789     0.17332   71.630431  -74.484675   -0.498    0.281  1
RGI60-04.03064     0.17326   69.677686  -70.506261   -0.229    0.272  1
RGI60-04.00643     0.17320   70.560193  -70.948782   -0.426    0.222  1
RGI60-04.00083     0.17312   63.871160  -65.708516   -0.255    0.206  1
RGI60-04.06250     0.17296   72.360133  -79.275813   -0.134    0.190  1
RGI60-04.04163     0.17295   66.679175  -63.654728   -0.235    0.200  1
RGI60-04.02686     0.17269   68.065089  -67.186518   -0.228    0.234  1
RGI60-04.02599     0.17268   68.042809  -67.110786   -0.224    0.350  1
RGI60-04.00877     0.17254   66.581963  -62.855011   -0.463    0.197  1
RGI60-04.06952     0.17243   72.924404  -76.639961   -0.449    0.200  1
RGI60-04.04500     0.17214   66.480518  -63.754166   -0.663    0.233  1
RGI60-04.06209     0.17205   72.205110  -77.812220   -0.230    0.199  1
RGI60-04.01715     0.17201   66.503515  -65.335391   -0.503    0.266  1
RGI60-04.00324     0.17199   63.515163  -64.658940   -0.140    0.177  1
RGI60-04.03802     0.17193   71.603665  -72.420338   -0.284    0.209  1
RGI60-04.04398     0.17181   65.914241  -63.573819   -0.202    0.218  1
RGI60-04.02805     0.17170   68.488464  -67.827444    0.005    0.178  1
RGI60-04.01689     0.17159   66.552632  -64.936761   -0.069    0.206  1
RGI60-04.02617     0.17155   68.108403  -66.976836   -0.057    0.323  1
RGI60-04.06003     0.17149   69.340092  -68.718299   -1.369    0.406  1
RGI60-04.05164     0.17144   73.554489  -81.840695   -0.564    0.240  1
RGI60-04.05281     0.17135   72.704576  -84.246345   -0.252    0.237  1
RGI60-04.03137     0.17124   70.800715  -71.086227   -0.140    0.214  1
RGI60-04.00299     0.17103   63.500276  -64.701273   -0.212    0.170  1
RGI60-04.00552     0.17102   70.434097  -70.528571    0.060    0.216  1
RGI60-04.04420     0.17075   66.530235  -63.087813   -0.249    0.205  1
RGI60-04.04855     0.17056   72.045017  -77.597240   -0.677    0.356  1
RGI60-04.04825     0.17041   72.263500  -77.166846   -0.168    0.183  1
RGI60-04.05075     0.17032   71.780279  -77.202654   -0.316    0.233  1
RGI60-04.05923     0.17032   69.147987  -69.042861   -0.074    0.203  1
RGI60-04.01552     0.17024   65.774377  -63.557869   -0.147    0.182  1
RGI60-04.06754     0.17005   71.606738  -73.930447    0.422    0.236  1
RGI60-04.03916     0.16996   71.922577  -74.685224   -0.111    0.194  1
RGI60-04.00762     0.16991   70.142803  -71.069456   -0.682    0.326  1
RGI60-04.07139     0.16986   73.381332  -77.606189   -0.196    0.222  1
RGI60-04.05707     0.16977   66.703325  -65.172671   -0.790    0.335  1
RGI60-04.04641     0.16966   66.222455  -64.037352   -0.514    0.234  1
RGI60-04.05467     0.16955   67.568699  -66.717258   -0.100    0.287  1
RGI60-04.03633     0.16953   70.793062  -72.731660   -0.032    0.235  1
RGI60-04.04187     0.16943   65.764310  -64.253528    0.070    0.173  1
RGI60-04.07214     0.16940   72.981990  -78.847181   -0.555    0.282  1
RGI60-04.01778     0.16933   66.493564  -64.623518   -0.225    0.213  1
RGI60-04.03063     0.16929   69.678430  -70.493393   -0.121    0.236  1
RGI60-04.02189     0.16925   67.690478  -65.895692   -0.259    0.233  1
RGI60-04.05997     0.16920   68.831062  -69.437543   -0.502    0.271  1
RGI60-04.01907     0.16917   67.025133  -64.327945    0.004    0.199  1
RGI60-04.07040     0.16914   73.544954  -79.958442    0.028    0.194  1
RGI60-04.03754     0.16908   71.530975  -72.483267   -0.514    0.224  1
RGI60-04.04146     0.16906   66.659512  -63.599245   -0.247    0.203  1
RGI60-04.01971     0.16905   66.224561  -65.203502    0.073    0.250  1
RGI60-04.01186     0.16904   66.753001  -62.191339   -0.304    0.213  1
RGI60-04.01985     0.16896   66.269344  -65.447474   -1.261    0.454  1
RGI60-04.07379     0.16895   59.538905  -64.208729   -0.529    0.325  1
RGI60-04.01147     0.16884   66.757595  -62.404452   -0.562    0.262  1
RGI60-04.01951     0.16878   67.095476  -64.279503   -0.162    0.242  1
RGI60-04.03734     0.16877   71.402283  -72.845388   -0.559    0.274  1
RGI60-04.03252     0.16875   70.771857  -71.893620   -0.134    0.210  1
RGI60-04.00871     0.16866   66.985562  -62.068999   -0.483    0.257  1
RGI60-04.06979     0.16852   73.256043  -77.698473   -0.010    0.243  1
RGI60-04.02909     0.16845   69.676413  -68.826355   -0.178    0.318  1
RGI60-04.06400     0.16838   73.700438  -85.156450    0.009    0.191  1
RGI60-04.03913     0.16833   71.919914  -74.706184   -1.200    0.356  1
RGI60-04.01427     0.16827   65.521484  -63.721986   -0.042    0.166  1
RGI60-04.00382     0.16821   69.953698  -70.695573   -0.538    0.253  1
RGI60-04.03203     0.16818   70.750873  -72.143999   -0.411    0.303  1
RGI60-04.00808     0.16817   70.362972  -69.712997   -0.030    0.231  1
RGI60-04.06236     0.16815   72.241958  -79.055221   -0.580    0.293  1
RGI60-04.07359     0.16809   59.515230  -64.074260   -0.543    0.321  1
RGI60-04.00088     0.16801   62.485633  -66.980682   -0.061    0.174  1
RGI60-04.02663     0.16795   68.174665  -67.122469   -0.073    0.228  1
RGI60-04.01499     0.16794   65.701560  -62.966689    0.376    0.210  1
RGI60-04.05177     0.16788   73.496968  -83.090038   -1.415    0.454  1
RGI60-04.06354     0.16786   72.067998  -77.818391   -0.548    0.209  1
RGI60-04.04612     0.16778   66.223427  -62.944566   -0.636    0.302  1
RGI60-04.04709     0.16771   72.728086  -77.323539   -0.234    0.220  1
RGI60-04.02707     0.16754   68.293618  -67.292978   -0.859    0.299  1
RGI60-04.07261     0.16753   73.594905  -80.673845   -0.397    0.238  1
RGI60-04.07388     0.16745   59.174344  -63.433456   -0.801    0.431  1
RGI60-04.05201     0.16742   73.539098  -82.226154   -0.094    0.236  1
RGI60-04.01107     0.16741   66.688825  -62.984293    0.011    0.183  1
RGI60-04.04905     0.16734   72.335030  -77.092907   -0.050    0.168  1
RGI60-04.02598     0.16731   68.045107  -68.015111   -0.088    0.245  1
RGI60-04.00477     0.16716   70.156914  -70.512321    1.324    0.455  1
RGI60-04.00633     0.16714   70.658379  -70.532259   -0.447    0.273  1
RGI60-04.03249     0.16713   70.828313  -71.738906   -0.662    0.762  1
RGI60-04.06044     0.16713   69.433273  -68.225299   -0.393    0.245  1
RGI60-04.02591     0.16712   68.122882  -67.720255   -0.125    0.187  1
RGI60-04.01261     0.16695   66.815300  -62.232081   -0.341    0.221  1
RGI60-04.01457     0.16692   65.648643  -63.869529   -0.119    0.161  1
RGI60-04.02170     0.16674   67.641288  -64.724838   -0.717    0.311  1
RGI60-04.04402     0.16655   66.418809  -63.130826    0.039    0.163  1
RGI60-04.04484     0.16644   65.839978  -64.162270   -0.168    0.207  1
RGI60-04.03242     0.16639   70.792889  -71.313370   -0.157    0.261  1
RGI60-04.04676     0.16633   72.504664  -77.149732   -0.047    0.221  1
RGI60-04.05425     0.16626   67.463725  -65.165723   -0.731    0.356  1
RGI60-04.04129     0.16604   66.484437  -63.835888   -0.424    0.248  1
RGI60-04.04744     0.16602   72.603120  -76.917784   -0.105    0.223  1
RGI60-04.06380     0.16591   73.167785  -86.386462   -0.022    0.184  1
RGI60-04.00864     0.16589   66.901796  -61.778124   -0.443    0.265  1
RGI60-04.01462     0.16559   65.651228  -63.020918   -0.058    0.177  1
RGI60-04.01893     0.16532   67.042264  -63.864192   -0.245    0.218  1
RGI60-04.04316     0.16524   66.368079  -63.327799   -0.185    0.192  1
RGI60-04.05066     0.16519   72.634253  -77.376125   -0.223    0.178  1
RGI60-04.04209     0.16509   65.969762  -64.337975    0.155    0.205  1
RGI60-04.04725     0.16498   72.638376  -76.890230   -0.492    0.260  1
RGI60-04.02378     0.16492   67.615374  -66.205593   -0.373    0.311  1
RGI60-04.03812     0.16482   71.564555  -74.972759    0.014    0.177  1
RGI60-04.07354     0.16479   59.472219  -63.957358   -0.626    0.316  1
RGI60-04.04552     0.16464   66.147169  -63.455118   -0.494    0.211  1
RGI60-04.06511     0.16457   73.803011  -85.604981   -0.542    0.296  1
RGI60-04.02174     0.16450   67.677590  -66.357005   -0.210    0.387  1
RGI60-04.03595     0.16442   71.293548  -71.817977   -0.250    0.263  1
RGI60-04.07190     0.16441   72.899559  -76.356732   -0.633    0.310  1
RGI60-04.03343     0.16440   70.536142  -71.368735   -0.320    0.248  1
RGI60-04.03126     0.16431   70.690943  -71.191283   -0.347    0.291  1
RGI60-04.01521     0.16426   65.691698  -63.993624   -0.144    0.245  1
RGI60-04.02995     0.16416   69.914799  -69.395885   -0.770    0.389  1
RGI60-04.03505     0.16412   70.986298  -72.860641    0.279    0.212  1
RGI60-04.05274     0.16402   73.176002  -80.831621   -0.461    0.270  1
RGI60-04.02020     0.16376   66.996806  -64.100888   -0.154    0.183  1
RGI60-04.02106     0.16376   66.505743  -64.827655   -0.417    0.270  1
RGI60-04.02004     0.16372   67.002283  -64.487589   -1.061    0.322  1
RGI60-04.00298     0.16371   64.468923  -65.234881   -0.344    0.265  1
RGI60-04.02768     0.16369   68.467245  -68.132842   -0.271    0.208  1
RGI60-04.00860     0.16367   66.899694  -62.352161   -0.447    0.256  1
RGI60-04.03059     0.16361   70.082794  -68.986380   -0.074    0.247  1
RGI60-04.07402     0.16361   59.522149  -64.238844   -0.632    0.352  1
RGI60-04.06197     0.16326   72.126550  -77.667553   -0.321    0.201  1
RGI60-04.00166     0.16314   64.168965  -65.385200   -0.180    0.177  1
RGI60-04.01551     0.16306   65.771168  -63.570470   -0.393    0.224  1
RGI60-04.02472     0.16300   67.938875  -66.661158   -0.224    0.222  1
RGI60-04.01032     0.16296   66.559183  -62.017371   -0.510    0.303  1
RGI60-04.03712     0.16289   71.493925  -72.743989    0.174    0.261  1
RGI60-04.03598     0.16273   70.924400  -71.474112   -0.177    0.227  1
RGI60-04.00305     0.16251   64.584294  -65.543372   -0.003    0.173  1
RGI60-04.02754     0.16247   68.434691  -68.618897    0.045    0.305  1
RGI60-04.01577     0.16225   66.530648  -64.336766   -0.186    0.194  1
RGI60-04.07188     0.16219   72.942682  -77.829729   -0.349    0.224  1
RGI60-04.00241     0.16211   62.626804  -66.815088    0.044    0.176  1
RGI60-04.03368     0.16209   71.021575  -71.811527    0.017    0.262  1
RGI60-04.00311     0.16197   64.600003  -65.520048   -0.022    0.161  1
RGI60-04.01152     0.16189   66.794954  -62.917861    0.250    0.251  1
RGI60-04.04901     0.16180   72.551202  -76.927622    0.167    0.178  1
RGI60-04.03889     0.16166   71.670068  -75.525754   -0.250    0.233  1
RGI60-04.02916     0.16133   69.648619  -68.977867    0.040    0.303  1
RGI60-04.03938     0.16125   71.499262  -75.948819   -0.043    0.166  1
RGI60-04.07395     0.16121   58.935352  -63.769134   -0.723    0.321  1
RGI60-04.00893     0.16114   66.616258  -62.870356   -0.025    0.210  1
RGI60-04.02315     0.16096   67.775592  -66.430558   -0.081    0.231  1
RGI60-04.01791     0.16089   66.343962  -65.178254   -0.739    0.280  1
RGI60-04.03899     0.16083   71.459999  -75.866267   -0.739    0.252  1
RGI60-04.07088     0.16064   73.533516  -79.688469   -0.321    0.228  1
RGI60-04.05496     0.16061   67.497926  -65.705114   -0.613    0.515  1
RGI60-04.03243     0.16058   70.824919  -71.723210   -0.114    0.313  1
RGI60-04.06249     0.16045   71.555381  -77.445091   -0.019    0.179  1
RGI60-04.02489     0.16044   67.985141  -67.793479   -0.166    0.215  1
RGI60-04.03720     0.16041   71.402182  -72.792515   -0.451    0.304  1
RGI60-04.02620     0.16036   68.090015  -67.441570   -0.217    0.193  1
RGI60-04.00306     0.16017   64.585770  -65.568410    0.003    0.185  1
RGI60-04.06509     0.16006   73.429697  -85.991596   -0.352    0.222  1
RGI60-04.03246     0.16005   70.742136  -71.548186   -0.672    0.378  1
RGI60-04.01426     0.16001   65.557151  -64.076336    0.027    0.158  1
RGI60-04.00238     0.15983   62.637451  -66.814859   -0.003    0.216  1
RGI60-04.05074     0.15968   72.464719  -77.403194   -0.511    0.243  1
RGI60-04.07271     0.15959   73.236861  -79.428927   -0.420    0.211  1
RGI60-04.02168     0.15952   67.612450  -65.679690   -0.383    0.207  1
RGI60-04.00595     0.15946   70.419744  -70.949923   -0.132    0.251  1
RGI60-04.00233     0.15940   62.631313  -66.789584    0.014    0.199  1
RGI60-04.01970     0.15938   66.975583  -63.925750   -0.167    0.216  1
RGI60-04.02584     0.15931   68.008760  -66.618155   -0.058    0.235  1
RGI60-04.06391     0.15924   73.660421  -85.358084   -0.170    0.205  1
RGI60-04.00325     0.15916   63.516391  -64.642169   -0.102    0.179  1
RGI60-04.03827     0.15898   71.538266  -76.538315   -0.408    0.204  1
RGI60-04.00606     0.15879   70.539949  -70.486506   -0.618    0.317  1
RGI60-04.04704     0.15868   72.732538  -77.278257   -0.743    0.268  1
RGI60-04.05424     0.15866   67.456876  -65.188999   -0.385    0.339  1
RGI60-04.03898     0.15861   71.462196  -75.857127   -0.215    0.177  1
RGI60-04.01408     0.15853   66.083887  -62.638736   -0.128    0.161  1
RGI60-04.00495     0.15849   69.951407  -71.187821   -0.367    0.252  1
RGI60-04.00689     0.15812   70.761451  -70.110786    0.164    0.247  1
RGI60-04.03853     0.15793   71.646705  -76.043760   -0.318    0.194  1
RGI60-04.01568     0.15792   65.855974  -62.692077   -0.196    0.187  1
RGI60-04.04716     0.15773   72.641818  -77.040508   -0.336    0.215  1
RGI60-04.02633     0.15756   68.124294  -67.277115   -0.010    0.200  1
RGI60-04.03324     0.15747   70.540147  -71.417577    0.204    0.285  1
RGI60-04.06001     0.15741   69.392070  -70.122423   -0.072    0.202  1
RGI60-04.07018     0.15741   73.490272  -77.755380   -0.529    0.387  1
RGI60-04.01890     0.15737   67.023265  -63.978081   -0.381    0.218  1
RGI60-04.00956     0.15734   66.708486  -61.925813   -0.564    0.253  1
RGI60-04.00087     0.15726   63.895736  -65.714766    0.188    0.192  1
RGI60-04.01434     0.15724   65.502306  -64.050543   -0.118    0.178  1
RGI60-04.00701     0.15724   69.991806  -70.384221   -0.291    0.270  1
RGI60-04.07343     0.15711   59.172631  -63.665986   -0.819    0.309  1
RGI60-04.01707     0.15699   66.290522  -65.028597   -0.869    0.373  1
RGI60-04.02570     0.15696   68.011180  -67.123508    0.141    0.229  1
RGI60-04.00854     0.15688   66.874286  -62.260006   -0.230    0.210  1
RGI60-04.05067     0.15684   72.454393  -77.410864   -0.300    0.196  1
RGI60-04.00828     0.15668   66.861941  -62.328628    0.003    0.249  1
RGI60-04.02641     0.15668   68.088363  -67.527718   -0.349    0.332  1
RGI60-04.02765     0.15638   68.457125  -67.955439   -0.361    0.283  1
RGI60-04.04190     0.15622   65.795901  -64.780143   -0.724    0.275  1
RGI60-04.04836     0.15608   72.288616  -75.431100    0.275    0.230  1
RGI60-04.07398     0.15606   58.936576  -64.048926   -0.722    0.391  1
RGI60-04.01953     0.15601   67.102877  -64.320735   -0.529    0.351  1
RGI60-04.06930     0.15589   72.912181  -77.595488   -0.938    0.391  1
RGI60-04.03293     0.15585   70.859134  -71.079993   -0.347    0.277  1
RGI60-04.05051     0.15585   72.498296  -75.460915   -0.212    0.244  1
RGI60-04.01898     0.15548   66.961920  -64.053204   -0.446    0.239  1
RGI60-04.07089     0.15527   73.534699  -79.708005   -0.388    0.268  1
RGI60-04.06352     0.15522   72.059286  -77.821875   -0.762    0.255  1
RGI60-04.04324     0.15520   65.942267  -63.680515   -0.573    0.244  1
RGI60-04.00450     0.15517   70.352216  -69.945170   -0.143    0.217  1
RGI60-04.05742     0.15499   67.303705  -66.996420   -0.251    0.203  1
RGI60-04.01129     0.15483   66.744656  -62.446892   -0.442    0.234  1
RGI60-04.05131     0.15464   73.224482  -82.731945    0.007    0.196  1
RGI60-04.01909     0.15460   66.932133  -64.352322   -0.210    0.257  1
RGI60-04.02353     0.15459   67.825590  -66.182625   -0.007    0.239  1
RGI60-04.04902     0.15453   72.110995  -75.969627   -0.351    0.245  1
RGI60-04.02903     0.15442   69.753374  -69.436128   -0.722    0.322  1
RGI60-04.06327     0.15441   71.717470  -78.211760   -0.380    0.240  1
RGI60-04.00500     0.15441   70.441917  -69.140915   -0.449    0.270  1
RGI60-04.02025     0.15438   66.405342  -64.770076   -0.774    0.303  1
RGI60-04.02863     0.15423   69.798036  -69.309036    0.240    0.272  1
RGI60-04.02624     0.15413   67.979211  -67.552020   -0.585    0.260  1
RGI60-04.02223     0.15405   67.505771  -64.957874   -1.229    0.374  1
RGI60-04.05896     0.15389   68.673208  -68.881862   -0.391    0.221  1
RGI60-04.06228     0.15375   72.240557  -77.865021   -0.108    0.228  1
RGI60-04.03172     0.15368   70.649190  -71.234156   -1.360    0.502  1
RGI60-04.02437     0.15364   67.899894  -66.118494   -0.096    0.208  1
RGI60-04.02925     0.15362   69.713891  -69.576547   -0.466    0.345  1
RGI60-04.05504     0.15347   67.394853  -66.059385   -0.027    0.201  1
RGI60-04.03705     0.15336   71.484217  -72.665455   -0.759    0.384  1
RGI60-04.02270     0.15332   67.511129  -64.975336    0.059    0.202  1
RGI60-04.04823     0.15332   72.305655  -75.198499   -0.121    0.206  1
RGI60-04.06954     0.15329   73.318133  -77.716698   -0.423    0.237  1
RGI60-04.03290     0.15317   70.407518  -71.881236   -0.142    0.219  1
RGI60-04.04835     0.15313   72.295269  -75.995536   -0.448    0.229  1
RGI60-04.06389     0.15313   73.640126  -85.545750   -0.102    0.198  1
RGI60-04.06244     0.15310   72.346426  -78.574121   -0.097    0.274  1
RGI60-04.06873     0.15303   72.908782  -76.357227    0.216    0.197  1
RGI60-04.07364     0.15302   59.542634  -64.376524   -0.140    0.369  1
RGI60-04.00369     0.15288   63.742209  -65.494855    0.090    0.175  1
RGI60-04.00111     0.15280   63.932525  -65.572370   -0.020    0.202  1
RGI60-04.00607     0.15267   70.543898  -70.477932   -0.899    0.360  1
RGI60-04.06423     0.15266   73.696283  -85.483541   -0.480    0.247  1
RGI60-04.01692     0.15246   66.688050  -64.851494   -0.479    0.270  1
RGI60-04.02871     0.15245   69.747803  -69.405511   -0.881    0.475  1
RGI60-04.02656     0.15245   68.172595  -67.026673   -0.020    0.204  1
RGI60-04.02937     0.15235   69.742071  -69.285912   -0.351    0.372  1
RGI60-04.06242     0.15228   72.308917  -79.141520   -0.247    0.208  1
RGI60-04.02115     0.15182   66.505063  -64.836534   -0.313    0.223  1
RGI60-04.03760     0.15174   71.529620  -72.620872   -0.580    0.243  1
RGI60-04.05286     0.15170   72.441027  -81.119258   -0.342    0.185  1
RGI60-04.07392     0.15149   58.765693  -63.110191   -0.561    0.316  1
RGI60-04.01366     0.15147   65.907040  -63.262219   -0.013    0.175  1
RGI60-04.01150     0.15142   66.756245  -62.020565    0.095    0.197  1
RGI60-04.07328     0.15127   58.841289  -63.070539   -0.968    0.352  1
RGI60-04.01666     0.15126   66.466810  -64.937529   -0.309    0.209  1
RGI60-04.03157     0.15108   70.667901  -71.179143    0.285    0.328  1
RGI60-04.05486     0.15101   67.602158  -67.176916    0.010    0.193  1
RGI60-04.00917     0.15093   66.577074  -61.890334   -0.157    0.178  1
RGI60-04.06237     0.15079   72.246603  -79.043598   -0.645    0.295  1
RGI60-04.06241     0.15057   72.309917  -79.132561   -0.246    0.214  1
RGI60-04.00886     0.15040   66.317774  -62.603186   -0.211    0.181  1
RGI60-04.04582     0.15030   65.983960  -64.047645   -0.213    0.209  1
RGI60-04.01215     0.15019   66.715373  -61.668156   -0.983    0.398  1
RGI60-04.00816     0.15017   70.383121  -70.518951   -0.518    0.273  1
RGI60-04.03949     0.15013   71.933199  -75.203406   -0.207    0.197  1
RGI60-04.05750     0.15009   67.594891  -67.082609    0.024    0.219  1
RGI60-04.04820     0.15000   72.300868  -75.105715   -0.033    0.195  1
RGI60-04.02205     0.14997   67.667069  -66.470571   -0.288    0.237  1
RGI60-04.02111     0.14995   66.513640  -64.815434   -0.372    0.275  1
RGI60-04.06476     0.14982   73.829464  -85.840163   -0.312    0.292  1
RGI60-04.04615     0.14960   66.293649  -64.215231    0.052    0.176  1
RGI60-04.03444     0.14958   70.932055  -72.659244   -0.110    0.236  1
RGI60-04.07318     0.14946   72.871139  -76.308557   -0.207    0.197  1
RGI60-04.06340     0.14945   71.743396  -78.483057    0.376    0.277  1
RGI60-04.00372     0.14941   63.760123  -65.629122   -0.140    0.184  1
RGI60-04.04096     0.14940   71.493461  -75.499144   -0.466    0.199  1
RGI60-04.02332     0.14938   67.808138  -66.170836   -0.183    0.239  1
RGI60-04.03289     0.14924   70.407783  -71.869570   -0.514    0.294  1
RGI60-04.03750     0.14915   71.516527  -72.556712   -0.523    0.266  1
RGI60-04.05021     0.14906   72.196605  -76.588896    0.102    0.203  1
RGI60-04.01811     0.14897   66.411425  -65.381309    0.490    0.297  1
RGI60-04.05168     0.14876   73.528870  -82.362200   -0.080    0.196  1
RGI60-04.02149     0.14873   67.659087  -65.911059   -0.246    0.212  1
RGI60-04.06251     0.14873   72.374621  -79.286708   -0.662    0.346  1
RGI60-04.01879     0.14862   66.970481  -63.900711   -0.036    0.177  1
RGI60-04.04678     0.14851   72.531285  -76.553057   -0.478    0.263  1
RGI60-04.06948     0.14841   73.423478  -80.127872   -0.331    0.238  1
RGI60-04.05111     0.14826   73.201002  -80.951797   -0.974    0.327  1
RGI60-04.04126     0.14816   66.379619  -62.930511    0.040    0.203  1
RGI60-04.02702     0.14810   68.289440  -67.402438   -0.342    0.297  1
RGI60-04.01479     0.14808   65.510694  -64.008719   -0.150    0.177  1
RGI60-04.02504     0.14806   68.115441  -67.149484   -0.522    0.274  1
RGI60-04.05369     0.14793   66.717172  -65.803225   -0.132    0.289  1
RGI60-04.04254     0.14792   66.122066  -64.254139   -0.498    0.281  1
RGI60-04.05353     0.14784   66.555398  -65.389530   -0.061    0.251  1
RGI60-04.04981     0.14780   72.275161  -76.675633   -0.196    0.243  1
RGI60-04.05171     0.14777   73.536101  -81.873830    0.035    0.190  1
RGI60-04.01425     0.14760   65.553855  -63.997119   -0.048    0.164  1
RGI60-04.00085     0.14740   63.866625  -64.928040   -0.198    0.176  1
RGI60-04.07097     0.14731   73.565478  -79.463521   -0.480    0.299  1
RGI60-04.00010     0.14728   62.330551  -66.764503   -0.282    0.223  1
RGI60-04.03773     0.14723   71.552006  -72.386863   -0.531    0.237  1
RGI60-04.02778     0.14722   67.847719  -67.016444   -0.095    0.285  1
RGI60-04.02382     0.14718   67.621845  -66.109452    0.080    0.197  1
RGI60-04.00458     0.14712   70.157551  -70.291887   -0.224    0.227  1
RGI60-04.00866     0.14712   66.910117  -61.840782   -0.480    0.335  1
RGI60-04.05149     0.14707   73.432422  -83.448986   -0.620    0.310  1
RGI60-04.00687     0.14706   70.747639  -70.033810    0.171    0.212  1
RGI60-04.02148     0.14691   67.743127  -66.823080   -0.020    0.190  1
RGI60-04.02434     0.14690   67.910655  -67.688826    0.008    0.180  1
RGI60-04.03621     0.14689   70.817763  -72.571870   -0.733    0.326  1
RGI60-04.01142     0.14687   66.437717  -62.222696   -0.039    0.157  1
RGI60-04.03691     0.14679   71.429532  -71.959121   -0.368    0.264  1
RGI60-04.00065     0.14662   63.806948  -65.665872   -0.151    0.204  1
RGI60-04.00197     0.14648   64.177184  -65.477069   -0.072    0.179  1
RGI60-04.04189     0.14631   65.771937  -64.236393   -0.127    0.172  1
RGI60-04.02784     0.14611   68.478279  -68.075281   -0.275    0.217  1
RGI60-04.03391     0.14605   70.993397  -71.640639   -0.138    0.279  1
RGI60-04.05124     0.14592   73.339869  -82.809772    0.259    0.247  1
RGI60-04.04765     0.14582   72.107738  -77.058429   -0.208    0.230  1
RGI60-04.06386     0.14577   73.641517  -85.486848   -0.158    0.203  1
RGI60-04.02125     0.14569   67.633638  -65.753795    0.036    0.212  1
RGI60-04.02689     0.14556   68.225370  -66.997250   -0.225    0.278  1
RGI60-04.06944     0.14555   73.487982  -80.445952   -0.324    0.272  1
RGI60-04.06466     0.14535   73.197248  -86.406266   -0.267    0.223  1
RGI60-04.03105     0.14508   70.226734  -71.510596   -0.424    0.269  1
RGI60-04.06839     0.14489   70.965176  -74.709489   -0.594    0.267  1
RGI60-04.04233     0.14475   66.059085  -64.567648   -0.115    0.243  1
RGI60-04.07258     0.14469   73.279676  -77.404187   -0.260    0.207  1
RGI60-04.07353     0.14465   59.439481  -64.092847   -0.187    0.311  1
RGI60-04.01202     0.14460   66.738434  -61.769344   -0.316    0.283  1
RGI60-04.05441     0.14426   67.518202  -65.566478   -0.178    0.240  1
RGI60-04.02018     0.14375   66.402331  -65.422032    0.514    0.877  1
RGI60-04.01122     0.14363   66.662979  -61.410957   -0.509    0.254  1
RGI60-04.03248     0.14360   70.812777  -71.273129   -0.079    0.264  1
RGI60-04.04380     0.14354   66.235714  -63.101716   -0.470    0.231  1
RGI60-04.02701     0.14347   67.829984  -67.230593   -0.073    0.377  1
RGI60-04.01657     0.14340   66.363196  -65.156841   -0.670    0.276  1
RGI60-04.03926     0.14336   71.960042  -74.338022   -0.520    0.225  1
RGI60-04.06624     0.14322   71.118778  -75.047882   -0.339    0.244  1
RGI60-04.00670     0.14316   70.622627  -70.644603    0.425    0.245  1
RGI60-04.07333     0.14316   58.963363  -63.551836   -0.750    0.404  1
RGI60-04.07248     0.14309   73.238223  -77.129744    0.043    0.174  1
RGI60-04.06405     0.14304   73.682221  -85.507438   -0.438    0.262  1
RGI60-04.02868     0.14304   69.678678  -69.261380   -0.311    0.299  1
RGI60-04.01881     0.14301   67.038397  -64.390656   -0.202    0.235  1
RGI60-04.04763     0.14297   72.015574  -77.692464   -0.429    0.240  1
RGI60-04.02443     0.14294   67.782448  -67.369814   -0.047    0.297  1
RGI60-04.02914     0.14294   69.658651  -68.914845   -0.041    0.249  1
RGI60-04.04775     0.14288   72.114060  -77.082066   -0.067    0.246  1
RGI60-04.00506     0.14277   70.447228  -69.401984   -0.368    0.267  1
RGI60-04.03690     0.14271   71.421541  -71.875294   -0.374    0.286  1
RGI60-04.07409     0.14271   58.973989  -63.629128   -0.927    0.369  1
RGI60-04.04174     0.14255   65.557259  -64.687354   -0.097    0.183  1
RGI60-04.04979     0.14255   72.293706  -76.494474   -0.156    0.196  1
RGI60-04.00346     0.14250   63.666549  -64.898638   -0.165    0.188  1
RGI60-04.03041     0.14242   70.023653  -69.553602   -0.475    0.277  1
RGI60-04.03939     0.14240   71.993856  -75.259428   -0.389    0.238  1
RGI60-04.05058     0.14234   72.439738  -77.546946    0.073    0.172  1
RGI60-04.04838     0.14225   72.296039  -75.215051   -0.093    0.213  1
RGI60-04.04616     0.14223   66.254340  -62.844803   -0.227    0.185  1
RGI60-04.00792     0.14206   70.278808  -70.987806   -0.456    0.223  1
RGI60-04.05806     0.14199   68.946507  -68.876815   -0.219    0.259  1
RGI60-04.06385     0.14196   73.641703  -85.366828   -0.331    0.237  1
RGI60-04.03786     0.14171   70.793998  -72.311187   -0.586    0.341  1
RGI60-04.07340     0.14170   59.113268  -64.111689   -0.828    0.387  1
RGI60-04.04797     0.14165   71.786501  -76.679627    0.017    0.190  1
RGI60-04.03230     0.14160   70.587367  -71.692214    0.557    0.288  1
RGI60-04.02445     0.14158   68.084140  -67.180812   -0.676    0.302  1
RGI60-04.01204     0.14151   66.743330  -61.986579   -0.166    0.216  1
RGI60-04.06795     0.14149   71.613066  -74.499446   -0.791    0.301  1
RGI60-04.02704     0.14133   68.061512  -66.576740    0.165    0.255  1
RGI60-04.00293     0.14133   64.418813  -65.635283   -0.178    0.170  1
RGI60-04.06226     0.14131   72.236007  -77.838394   -0.178    0.201  1
RGI60-04.00288     0.14129   64.408439  -65.471541   -0.063    0.168  1
RGI60-04.03900     0.14127   71.742936  -76.202953   -0.225    0.191  1
RGI60-04.06722     0.14125   71.579230  -72.885065   -0.788    0.398  1
RGI60-04.06273     0.14122   71.513643  -79.128872   -0.065    0.172  1
RGI60-04.06210     0.14116   72.209591  -77.837061    0.021    0.200  1
RGI60-04.02479     0.14101   67.964708  -68.038558   -0.292    0.251  1
RGI60-04.03127     0.14099   70.686581  -71.357749   -0.153    0.285  1
RGI60-04.03830     0.14086   71.576689  -75.866467   -0.617    0.237  1
RGI60-04.05528     0.14065   66.747448  -65.791844   -0.382    0.262  1
RGI60-04.05329     0.14064   66.860663  -66.358799   -0.135    0.257  1
RGI60-04.05518     0.14059   66.913805  -65.005614   -0.058    0.375  1
RGI60-04.02129     0.14051   67.641247  -65.887154   -0.100    0.187  1
RGI60-04.03181     0.14043   70.741429  -71.198595   -0.730    0.321  1
RGI60-04.02732     0.14033   67.830350  -66.605342    0.156    0.197  1
RGI60-04.06067     0.14032   69.454204  -67.736238    0.115    0.229  1
RGI60-04.02088     0.14023   66.372200  -65.644594   -0.207    0.329  1
RGI60-04.06440     0.14021   73.710706  -85.386986   -0.428    0.256  1
RGI60-04.01110     0.14008   66.670064  -63.044116   -0.242    0.189  1
RGI60-04.04987     0.14000   72.212556  -75.729533   -0.621    0.254  1
RGI60-04.05562     0.13999   66.724399  -65.785110   -0.982    0.380  1
RGI60-04.07225     0.13994   73.097673  -76.380919   -0.775    0.318  1
RGI60-04.00736     0.13988   70.500508  -70.588636   -0.415    0.239  1
RGI60-04.01701     0.13986   66.523215  -65.231171   -0.711    0.373  1
RGI60-04.01077     0.13962   66.358641  -62.662608   -0.514    0.245  1
RGI60-04.01299     0.13951   66.847756  -62.274297    0.007    0.231  1
RGI60-04.02530     0.13941   67.978527  -66.780211   -0.447    0.419  1
RGI60-04.04566     0.13919   65.884107  -63.801207   -0.369    0.221  1
RGI60-04.05157     0.13904   73.214373  -81.381853   -0.255    0.200  1
RGI60-04.07091     0.13904   73.544018  -79.582348   -0.418    0.249  1
RGI60-04.00671     0.13884   70.625361  -70.610925   -0.441    0.256  1
RGI60-04.07366     0.13883   59.565767  -63.987339   -0.553    0.294  1
RGI60-04.00543     0.13880   70.428453  -70.459632   -0.487    0.296  1
RGI60-04.03394     0.13874   70.915144  -71.650522   -0.533    0.265  1
RGI60-04.00788     0.13869   70.513578  -71.040914   -0.549    0.280  1
RGI60-04.05417     0.13866   67.433814  -67.581232   -0.027    0.267  1
RGI60-04.05672     0.13857   67.504543  -66.272444   -0.214    0.248  1
RGI60-04.06938     0.13848   72.966362  -77.527588   -0.336    0.252  1
RGI60-04.00358     0.13842   63.729575  -65.522142   -0.012    0.177  1
RGI60-04.06269     0.13837   71.578296  -77.635269   -0.019    0.205  1
RGI60-04.01947     0.13837   67.095633  -64.403280   -0.287    0.303  1
RGI60-04.03735     0.13829   71.359507  -72.647414    0.695    0.299  1
RGI60-04.05525     0.13821   66.794163  -64.980673   -1.154    0.546  1
RGI60-04.01466     0.13817   65.692094  -63.818426   -0.139    0.229  1
RGI60-04.07043     0.13816   73.575703  -80.159621   -0.219    0.277  1
RGI60-04.01035     0.13812   66.520677  -61.970870   -0.395    0.249  1
RGI60-04.04170     0.13810   66.683254  -63.567886    0.125    0.215  1
RGI60-04.02499     0.13788   67.955758  -66.650008   -0.506    0.378  1
RGI60-04.00536     0.13786   70.456080  -71.049231   -0.163    0.275  1
RGI60-04.00301     0.13770   63.983341  -64.809244   -0.161    0.185  1
RGI60-04.01190     0.13769   66.754915  -62.146555   -0.144    0.198  1
RGI60-04.04747     0.13760   72.577271  -77.210631   -0.201    0.183  1
RGI60-04.00066     0.13759   63.813692  -65.719369   -0.076    0.193  1
RGI60-04.07189     0.13758   72.928135  -78.409441   -0.324    0.244  1
RGI60-04.00145     0.13754   63.977649  -65.250687   -0.344    0.202  1
RGI60-04.06281     0.13748   71.520933  -79.489891   -0.114    0.179  1
RGI60-04.06143     0.13722   69.516707  -68.475549   -0.219    0.219  1
RGI60-04.00384     0.13714   70.400041  -69.962829    0.017    0.242  1
RGI60-04.07212     0.13662   73.074695  -76.631523   -0.186    0.198  1
RGI60-04.05810     0.13653   68.957764  -68.943734   -0.153    0.200  1
RGI60-04.04815     0.13648   71.789668  -76.709902    0.032    0.184  1
RGI60-04.01776     0.13640   66.447476  -64.622654   -0.401    0.276  1
RGI60-04.07059     0.13639   72.969973  -77.868775   -0.152    0.217  1
RGI60-04.02609     0.13631   68.122447  -66.976176   -0.109    0.269  1
RGI60-04.01443     0.13625   65.595581  -64.092088   -0.120    0.180  1
RGI60-04.02749     0.13612   68.421851  -68.697296   -0.160    0.251  1
RGI60-04.01223     0.13609   66.773662  -61.861205    0.075    0.196  1
RGI60-04.06900     0.13598   72.931032  -76.553767   -0.584    0.251  1
RGI60-04.02214     0.13565   67.494073  -64.938892   -0.030    0.215  1
RGI60-04.05020     0.13565   72.124309  -76.554144   -0.027    0.205  1
RGI60-04.00381     0.13559   70.404382  -70.632064    0.516    0.235  1
RGI60-04.05626     0.13540   66.705921  -65.708365   -0.351    0.293  1
RGI60-04.00394     0.13538   70.414193  -70.643677   -0.285    0.412  1
RGI60-04.05856     0.13526   68.783579  -69.122269   -0.340    0.236  1
RGI60-04.06571     0.13520   71.289041  -73.402860   -0.117    0.185  1
RGI60-04.00914     0.13515   66.680054  -62.595270   -0.323    0.264  1
RGI60-04.00639     0.13505   70.535279  -70.871386   -0.158    0.238  1
RGI60-04.06951     0.13496   73.481400  -80.381940   -0.662    0.261  1
RGI60-04.05279     0.13490   72.716209  -84.120158   -0.105    0.286  1
RGI60-04.01176     0.13487   66.758574  -62.158437   -0.293    0.241  1
RGI60-04.04805     0.13481   72.256315  -75.028887   -0.025    0.191  1
RGI60-04.04633     0.13476   66.275970  -62.906289   -0.509    0.252  1
RGI60-04.01510     0.13469   65.654273  -64.006623   -0.147    0.185  1
RGI60-04.00554     0.13444   70.424459  -70.959718   -0.239    0.327  1
RGI60-04.00555     0.13414   70.429148  -70.835248   -0.480    0.277  1
RGI60-04.02201     0.13398   67.710831  -66.660755   -0.271    0.259  1
RGI60-04.06960     0.13381   73.459006  -80.406087   -0.374    0.227  1
RGI60-04.01533     0.13379   65.822922  -63.540195   -0.067    0.167  1
RGI60-04.03325     0.13376   70.530085  -71.373204   -0.279    0.277  1
RGI60-04.01022     0.13369   66.613660  -62.552599   -0.309    0.250  1
RGI60-04.01257     0.13361   66.786687  -61.716124   -0.542    0.255  1
RGI60-04.06877     0.13335   73.410927  -80.576486   -0.304    0.233  1
RGI60-04.04816     0.13301   72.276979  -75.137390   -0.603    0.326  1
RGI60-04.06318     0.13298   71.684986  -78.362797   -0.003    0.183  1
RGI60-04.03785     0.13296   70.765227  -72.357010    0.052    0.236  1
RGI60-04.00353     0.13296   63.991209  -64.803189   -0.429    0.262  1
RGI60-04.04834     0.13286   72.295717  -76.333537   -0.259    0.214  1
RGI60-04.05060     0.13283   72.491992  -76.308320   -0.100    0.191  1
RGI60-04.05232     0.13282   73.185192  -82.670680    0.084    0.200  1
RGI60-04.05150     0.13274   73.512001  -82.007968   -0.045    0.224  1
RGI60-04.01338     0.13258   65.982707  -62.717160    0.183    0.215  1
RGI60-04.00867     0.13255   66.939810  -61.783082   -0.062    0.200  1
RGI60-04.02493     0.13243   67.975942  -66.426609   -0.050    0.217  1
RGI60-04.03498     0.13226   71.032135  -72.421740   -0.682    0.523  1
RGI60-04.04544     0.13220   66.394179  -63.087205   -0.390    0.258  1
RGI60-04.03110     0.13215   70.625715  -72.397650   -0.273    0.275  1
RGI60-04.06384     0.13211   73.645166  -85.278184   -0.079    0.223  1
RGI60-04.02055     0.13202   66.136580  -64.966839   -0.083    0.177  1
RGI60-04.04260     0.13197   65.623864  -64.760064   -0.111    0.206  1
RGI60-04.03650     0.13195   71.282146  -72.436596   -0.380    0.244  1
RGI60-04.01849     0.13184   66.804371  -64.578056   -0.383    0.248  1
RGI60-04.07281     0.13174   73.464819  -77.567115   -0.100    0.267  1
RGI60-04.00957     0.13166   66.714733  -61.931534    0.111    0.251  1
RGI60-04.00074     0.13164   63.849740  -65.716461    0.048    0.228  1
RGI60-04.00644     0.13147   70.566250  -70.954304   -0.204    0.246  1
RGI60-04.01902     0.13147   66.961822  -64.048278   -0.253    0.225  1
RGI60-04.00319     0.13120   64.656707  -65.676368   -0.194    0.217  1
RGI60-04.05134     0.13109   73.274250  -83.220655    0.386    0.326  1
RGI60-04.04221     0.13107   66.007742  -64.171540    0.087    0.236  1
RGI60-04.06178     0.13104   68.761476  -69.225818   -0.303    0.247  1
RGI60-04.00754     0.13104   69.930946  -70.334457   -0.233    0.264  1
RGI60-04.01178     0.13092   66.731343  -62.131573   -0.156    0.203  1
RGI60-04.05309     0.13087   72.570838  -84.260343   -0.314    0.242  1
RGI60-04.04294     0.13083   66.265424  -64.171088    0.049    0.178  1
RGI60-04.07246     0.13070   73.590437  -80.733157   -0.702    0.324  1
RGI60-04.07386     0.13066   58.953990  -63.538155   -0.397    0.347  1
RGI60-04.03093     0.13058   69.696272  -68.431669   -0.713    0.421  1
RGI60-04.05524     0.13041   66.811174  -64.983022   -1.209    0.535  1
RGI60-04.00823     0.13028   66.752177  -63.137251   -0.222    0.229  1
RGI60-04.03305     0.13026   70.903717  -71.207303   -0.435    0.307  1
RGI60-04.05906     0.13020   69.148920  -69.299006   -0.142    0.192  1
RGI60-04.03832     0.13011   71.577139  -75.888423   -0.489    0.216  1
RGI60-04.07279     0.13007   73.459475  -77.682629    0.086    0.212  1
RGI60-04.00406     0.12995   70.332618  -70.352957   -0.673    0.351  1
RGI60-04.01542     0.12976   65.825619  -63.558835    0.095    0.238  1
RGI60-04.01188     0.12974   66.730685  -62.170429   -0.365    0.216  1
RGI60-04.02226     0.12966   67.720848  -66.952543   -0.040    0.276  1
RGI60-04.02227     0.12905   67.720804  -66.931604   -0.117    0.407  1
RGI60-04.06388     0.12896   73.658634  -85.322695   -0.401    0.251  1
RGI60-04.00540     0.12895   70.479018  -70.385909   -0.307    0.238  1
RGI60-04.07337     0.12893   58.935230  -64.029074    0.013    0.201  1
RGI60-04.04191     0.12890   65.794443  -64.783359   -0.308    0.233  1
RGI60-04.01604     0.12882   66.590168  -64.506280   -0.754    0.310  1
RGI60-04.05751     0.12877   67.603000  -67.054036    0.048    0.341  1
RGI60-04.07198     0.12873   72.938877  -77.922632   -1.672    0.558  1
RGI60-04.07334     0.12864   58.961012  -63.567744   -0.436    0.274  1
RGI60-04.04798     0.12851   72.217454  -75.154221   -0.776    0.288  1
RGI60-04.05622     0.12847   66.733792  -65.810270   -0.872    0.353  1
RGI60-04.02200     0.12839   67.694270  -65.732118   -0.173    0.256  1
RGI60-04.06491     0.12836   73.799575  -85.196572   -0.037    0.208  1
RGI60-04.00080     0.12829   63.858742  -65.648914   -0.174    0.210  1
RGI60-04.04565     0.12815   65.872842  -63.765793   -0.037    0.166  1
RGI60-04.03255     0.12777   70.786254  -71.967470    0.015    0.245  1
RGI60-04.00338     0.12774   63.644663  -64.912216    0.113    0.204  1
RGI60-04.04602     0.12771   66.554195  -63.276436    0.582    0.291  1
RGI60-04.00203     0.12757   64.262567  -65.974386    0.134    0.196  1
RGI60-04.00538     0.12756   70.428742  -70.481625    0.077    0.209  1
RGI60-04.06397     0.12747   73.686665  -85.162861    0.370    0.236  1
RGI60-04.00123     0.12745   63.938157  -65.177915   -0.120    0.162  1
RGI60-04.04240     0.12736   66.074128  -64.654049   -0.142    0.201  1
RGI60-04.03341     0.12709   70.549062  -71.293771   -0.428    0.418  1
RGI60-04.02435     0.12703   67.913455  -67.679407   -0.155    0.198  1
RGI60-04.02651     0.12696   68.084700  -67.653687   -0.388    0.244  1
RGI60-04.04768     0.12693   72.091942  -77.395525   -0.315    0.227  1
RGI60-04.01711     0.12686   66.686812  -64.837361   -0.378    0.287  1
RGI60-04.05273     0.12682   73.304863  -82.044021   -0.364    0.287  1
RGI60-04.06374     0.12677   73.569585  -85.460803   -0.517    0.270  1
RGI60-04.04194     0.12672   65.566930  -64.820632   -0.335    0.213  1
RGI60-04.01943     0.12664   67.065912  -63.886579   -0.040    0.198  1
RGI60-04.00469     0.12659   70.277100  -69.579113   -0.189    0.231  1
RGI60-04.00119     0.12643   63.947248  -65.604772   -0.025    0.201  1
RGI60-04.07128     0.12641   73.437431  -78.392628   -0.173    0.249  1
RGI60-04.02361     0.12640   67.562163  -65.064979   -0.849    0.456  1
RGI60-04.04932     0.12640   72.390834  -77.474822   -0.259    0.197  1
RGI60-04.05779     0.12631   66.523614  -65.535614    0.181    0.268  1
RGI60-04.01986     0.12618   66.988666  -64.561505   -0.358    0.262  1
RGI60-04.05416     0.12616   67.404251  -67.586086   -0.153    0.217  1
RGI60-04.03908     0.12593   71.872481  -74.738100   -0.523    0.257  1
RGI60-04.06306     0.12579   72.254365  -78.258366   -0.391    0.259  1
RGI60-04.06893     0.12577   73.646403  -80.356838   -0.586    0.329  1
RGI60-04.00846     0.12573   66.504892  -62.025476   -0.195    0.202  1
RGI60-04.02933     0.12564   69.727489  -69.436142   -0.123    0.341  1
RGI60-04.07372     0.12564   59.599560  -64.495229   -0.797    0.357  1
RGI60-04.01502     0.12564   65.522016  -64.057693   -0.380    0.277  1
RGI60-04.01911     0.12554   66.987282  -64.146901   -0.220    0.214  1
RGI60-04.00835     0.12550   66.863044  -62.154834   -0.328    0.255  1
RGI60-04.05069     0.12547   72.463672  -77.384019   -0.631    0.260  1
RGI60-04.03687     0.12546   71.382836  -71.992904    0.004    0.276  1
RGI60-04.00110     0.12532   63.930714  -65.545564    0.017    0.161  1
RGI60-04.06382     0.12530   73.614397  -85.567871   -0.484    0.314  1
RGI60-04.04672     0.12513   65.532696  -64.833597   -0.657    0.275  1
RGI60-04.07222     0.12509   73.074290  -76.599936    0.067    0.174  1
RGI60-04.00637     0.12507   70.591016  -70.656033   -0.219    0.237  1
RGI60-04.02145     0.12506   67.651346  -66.246944   -0.023    0.219  1
RGI60-04.05871     0.12503   69.023152  -68.489908   -0.103    0.230  1
RGI60-04.01158     0.12495   66.733681  -61.757806   -0.351    0.291  1
RGI60-04.00163     0.12479   62.654040  -66.895873    0.349    0.338  1
RGI60-04.04251     0.12474   66.128781  -64.377045    0.215    0.206  1
RGI60-04.02664     0.12473   68.196711  -67.143476   -0.300    0.312  1
RGI60-04.07350     0.12467   59.308932  -63.896046   -0.524    0.283  1
RGI60-04.05247     0.12466   73.177278  -82.366972   -0.484    0.249  1
RGI60-04.01631     0.12461   66.626501  -65.059868   -0.898    0.416  1
RGI60-04.01660     0.12449   66.439476  -65.395667   -0.676    0.350  1
RGI60-04.05317     0.12445   72.548382  -84.894795   -0.117    0.242  1
RGI60-04.04373     0.12443   65.978748  -64.019603   -0.270    0.302  1
RGI60-04.04323     0.12414   65.970637  -63.779982   -0.171    0.175  1
RGI60-04.02613     0.12412   68.125943  -66.906029   -0.051    0.319  1
RGI60-04.06332     0.12412   72.260692  -78.207318   -0.152    0.176  1
RGI60-04.01480     0.12398   65.517581  -64.020625   -0.130    0.206  1
RGI60-04.00839     0.12392   66.735673  -62.744832   -0.043    0.221  1
RGI60-04.04764     0.12379   72.087869  -77.012995   -1.304    0.435  1
RGI60-04.07373     0.12379   59.633278  -64.153681   -0.662    0.327  1
RGI60-04.07119     0.12374   73.352782  -78.610704   -0.716    0.355  1
RGI60-04.04490     0.12361   66.089861  -63.709175   -0.267    0.245  1
RGI60-04.06740     0.12358   71.603773  -73.966098    0.764    0.320  1
RGI60-04.00807     0.12353   70.352888  -70.364513   -0.022    0.252  1
RGI60-04.02566     0.12345   68.098018  -67.700748   -0.151    0.230  1
RGI60-04.04137     0.12343   66.534999  -63.998097    0.065    0.232  1
RGI60-04.02173     0.12336   67.672224  -66.346400   -0.008    0.234  1
RGI60-04.05418     0.12330   66.768098  -66.115397   -0.014    0.218  1
RGI60-04.05849     0.12321   69.058457  -69.015946   -0.970    0.509  1
RGI60-04.01594     0.12320   66.600108  -64.402703    0.118    0.211  1
RGI60-04.03951     0.12315   71.776209  -74.865204   -0.205    0.204  1
RGI60-04.05754     0.12310   67.595015  -67.066381   -0.217    0.236  1
RGI60-04.02458     0.12295   67.911395  -66.602149   -0.348    0.222  1
RGI60-04.05621     0.12293   67.544671  -65.638055   -0.111    0.199  1
RGI60-04.06898     0.12288   73.653878  -80.401293   -0.333    0.271  1
RGI60-04.05624     0.12283   66.727699  -65.447674   -0.879    0.514  1
RGI60-04.00850     0.12264   66.883436  -62.288055   -0.045    0.247  1
RGI60-04.07309     0.12263   73.524137  -77.853761    0.063    0.318  1
RGI60-04.00079     0.12259   63.844658  -65.071621   -0.017    0.172  1
RGI60-04.06309     0.12242   71.674582  -78.018700   -0.168    0.217  1
RGI60-04.00456     0.12236   70.381405  -70.337911   -0.369    0.332  1
RGI60-04.02840     0.12229   69.750714  -68.450472   -0.706    0.352  1
RGI60-04.01100     0.12218   66.679332  -63.127010   -0.537    0.328  1
RGI60-04.05687     0.12209   67.320498  -65.532594   -0.500    0.302  1
RGI60-04.03201     0.12206   70.578031  -71.870668   -0.193    0.303  1
RGI60-04.07095     0.12204   73.546770  -79.810415   -0.458    0.347  1
RGI60-04.04197     0.12199   65.830843  -64.109279   -0.535    0.268  1
RGI60-04.00952     0.12196   66.593223  -61.409834   -0.164    0.234  1
RGI60-04.01476     0.12193   65.680744  -63.002835    0.084    0.218  1
RGI60-04.06875     0.12166   72.901217  -76.321521   -0.182    0.208  1
RGI60-04.04787     0.12164   72.198642  -75.376540   -0.048    0.208  1
RGI60-04.01109     0.12156   66.695508  -62.939836    0.187    0.214  1
RGI60-04.05743     0.12153   67.156726  -66.934705    0.096    0.190  1
RGI60-04.05328     0.12151   66.857895  -66.359219   -0.077    0.243  1
RGI60-04.01578     0.12142   66.541220  -64.324103   -0.146    0.203  1
RGI60-04.01981     0.12137   66.260328  -65.372685   -0.408    0.264  1
RGI60-04.01399     0.12130   66.103030  -62.555956   -0.655    0.254  1
RGI60-04.07047     0.12127   73.624458  -80.012295   -0.595    0.305  1
RGI60-04.03631     0.12126   70.737689  -72.782865   -0.791    0.404  1
RGI60-04.03794     0.12121   70.797050  -72.309128   -0.570    0.324  1
RGI60-04.05801     0.12113   68.658515  -69.204158   -0.429    0.245  1
RGI60-04.00367     0.12111   63.692017  -64.781816   -0.083    0.172  1
RGI60-04.01161     0.12104   66.724226  -61.687788   -0.174    0.205  1
RGI60-04.03092     0.12095   69.695213  -68.428596   -1.086    0.508  1
RGI60-04.02287     0.12095   67.762142  -65.665303    0.102    0.235  1
RGI60-04.02097     0.12093   66.459391  -65.716775   -0.842    0.377  1
RGI60-04.02190     0.12088   67.691330  -65.913671   -0.296    0.259  1
RGI60-04.06830     0.12085   71.721228  -73.778032   -0.396    0.292  1
RGI60-04.05929     0.12084   69.159676  -69.071660   -0.401    0.250  1
RGI60-04.02883     0.12083   69.678833  -69.097107   -0.110    0.292  1
RGI60-04.00824     0.12080   66.854694  -62.268096   -0.336    0.307  1
RGI60-04.03134     0.12068   70.761357  -70.866248   -0.188    0.224  1
RGI60-04.05744     0.12065   67.158994  -66.946222   -0.110    0.192  1
RGI60-04.00665     0.12051   70.618226  -70.659774   -0.065    0.224  1
RGI60-04.01071     0.12046   66.648936  -61.634463   -0.200    0.224  1
RGI60-04.00929     0.12037   66.629524  -62.533269   -0.604    0.275  1
RGI60-04.03656     0.12015   71.297386  -72.791827    0.124    0.215  1
RGI60-04.03680     0.12009   71.345701  -72.320869   -0.282    0.291  1
RGI60-04.02431     0.12006   67.900493  -66.835652   -0.813    0.548  1
RGI60-04.02352     0.12003   67.732316  -66.963494   -0.159    0.332  1
RGI60-04.03806     0.11983   71.533863  -75.408310   -0.164    0.190  1
RGI60-04.07243     0.11980   73.222529  -76.879377   -0.086    0.186  1
RGI60-04.01952     0.11980   67.088307  -63.947811   -0.503    0.302  1
RGI60-04.00137     0.11974   64.080865  -65.393689   -0.203    0.194  1
RGI60-04.02869     0.11972   69.568996  -69.289622    0.139    0.296  1
RGI60-04.01238     0.11965   66.664425  -62.221834   -0.415    0.276  1
RGI60-04.00314     0.11964   64.607708  -65.536733   -0.021    0.163  1
RGI60-04.01509     0.11962   65.647849  -64.015171   -0.203    0.184  1
RGI60-04.03568     0.11958   71.213902  -71.898742   -0.054    0.236  1
RGI60-04.05385     0.11951   67.182962  -66.479428   -0.413    0.254  1
RGI60-04.00237     0.11951   62.627305  -66.780913   -0.023    0.275  1
RGI60-04.01661     0.11948   66.690317  -64.852053   -0.226    0.263  1
RGI60-04.00019     0.11937   62.295381  -66.437748   -0.895    0.325  1
RGI60-04.03758     0.11934   71.515937  -72.376106   -0.425    0.270  1
RGI60-04.03997     0.11929   71.818363  -75.590063   -0.339    0.220  1
RGI60-04.02712     0.11927   68.201707  -67.437792   -0.509    0.281  1
RGI60-04.07129     0.11926   73.439861  -78.379746   -0.125    0.267  1
RGI60-04.05857     0.11923   68.782724  -69.133573   -0.468    0.262  1
RGI60-04.04318     0.11923   66.183088  -63.358044   -0.177    0.234  1
RGI60-04.03165     0.11915   70.748467  -71.062749   -0.294    0.350  1
RGI60-04.07307     0.11904   73.498789  -78.399598   -0.121    0.214  1
RGI60-04.04562     0.11898   65.948640  -63.625891   -0.609    0.294  1
RGI60-04.02423     0.11891   67.776788  -67.402269   -0.047    0.242  1
RGI60-04.05907     0.11884   69.113461  -69.846160    0.015    0.230  1
RGI60-04.03928     0.11878   71.972968  -74.734416    0.049    0.197  1
RGI60-04.06455     0.11878   73.761892  -85.030213    0.107    0.206  1
RGI60-04.06982     0.11871   73.450769  -77.684233   -0.058    0.194  1
RGI60-04.03801     0.11860   71.593490  -72.407748   -0.469    0.233  1
RGI60-04.03749     0.11841   71.509979  -72.360923   -0.553    0.267  1
RGI60-04.01102     0.11838   66.675971  -63.208818   -0.030    0.201  1
RGI60-04.00457     0.11836   70.211294  -69.916974   -0.052    0.234  1
RGI60-04.07305     0.11833   73.473220  -78.676842    0.076    0.205  1
RGI60-04.07344     0.11833   59.185422  -63.833725   -0.397    0.297  1
RGI60-04.06256     0.11829   71.533187  -78.115537   -0.092    0.197  1
RGI60-04.03225     0.11815   70.739660  -71.550774   -0.591    0.355  1
RGI60-04.03070     0.11810   70.121742  -69.464705   -0.009    0.218  1
RGI60-04.02492     0.11808   67.973032  -66.435564   -0.263    0.271  1
RGI60-04.01135     0.11804   66.754276  -62.425000   -0.361    0.199  1
RGI60-04.05430     0.11804   66.635386  -65.669269   -0.400    0.275  1
RGI60-04.01180     0.11803   66.705853  -62.242348   -0.173    0.200  1
RGI60-04.03370     0.11800   70.969320  -71.678846    0.035    0.344  1
RGI60-04.00876     0.11798   66.541744  -61.972515   -0.333    0.240  1
RGI60-04.05437     0.11777   67.493812  -65.438885   -0.194    0.270  1
RGI60-04.04369     0.11773   65.800835  -63.952683   -0.085    0.201  1
RGI60-04.05316     0.11765   72.589595  -84.264825   -0.743    0.372  1
RGI60-04.07240     0.11763   73.224440  -76.906259   -0.268    0.197  1
RGI60-04.01347     0.11756   65.976504  -63.266836   -0.057    0.183  1
RGI60-04.00645     0.11752   70.606089  -70.723090   -0.518    0.418  1
RGI60-04.07235     0.11744   72.914185  -76.287202   -0.231    0.212  1
RGI60-04.07390     0.11742   59.528055  -64.353190   -0.431    0.484  1
RGI60-04.02386     0.11738   67.629612  -66.450681    0.008    0.243  1
RGI60-04.02602     0.11736   68.054617  -67.617639   -0.150    0.248  1
RGI60-04.04900     0.11733   72.266289  -75.290975    0.151    0.215  1
RGI60-04.01034     0.11719   66.514907  -61.997581   -0.463    0.261  1
RGI60-04.00386     0.11709   70.418065  -69.047139   -0.514    0.316  1
RGI60-04.01236     0.11705   66.650905  -62.215632    0.023    0.224  1
RGI60-04.06726     0.11705   71.587677  -72.856272   -0.193    0.209  1
RGI60-04.06510     0.11702   73.799847  -85.485323    0.143    0.227  1
RGI60-04.06934     0.11696   72.959560  -78.575876    0.286    0.332  1
RGI60-04.05287     0.11694   72.697754  -84.728667   -0.125    0.240  1
RGI60-04.01638     0.11674   66.336406  -65.150581   -0.336    0.247  1
RGI60-04.04236     0.11665   65.614451  -64.742105   -0.215    0.224  1
RGI60-04.02258     0.11647   67.744205  -65.860496   -0.093    0.300  1
RGI60-04.01320     0.11645   65.838558  -63.367623   -0.075    0.191  1
RGI60-04.03299     0.11643   70.901023  -70.992425   -0.494    0.268  1
RGI60-04.01619     0.11638   66.141438  -65.042212   -0.253    0.233  1
RGI60-04.04619     0.11633   66.274195  -64.132669    0.097    0.179  1
RGI60-04.00064     0.11633   63.805130  -65.723240   -0.068    0.176  1
RGI60-04.01253     0.11632   66.758253  -61.588603   -0.030    0.183  1
RGI60-04.07077     0.11612   73.662520  -79.761623   -0.495    0.283  1
RGI60-04.06034     0.11600   68.689564  -68.255899   -0.171    0.270  1
RGI60-04.00688     0.11598   70.757862  -70.126018   -0.111    0.269  1
RGI60-04.01861     0.11589   66.918613  -63.981847   -0.430    0.262  1
RGI60-04.03865     0.11578   71.689464  -75.050019   -0.213    0.198  1
RGI60-04.04176     0.11572   66.711808  -63.721057   -0.071    0.196  1
RGI60-04.03160     0.11559   70.607994  -71.195583   -0.254    0.245  1
RGI60-04.00668     0.11558   70.689800  -70.642103   -0.549    0.369  1
RGI60-04.00988     0.11557   66.424898  -62.740476   -0.575    0.247  1
RGI60-04.02245     0.11548   67.756259  -66.837126    0.145    0.310  1
RGI60-04.06990     0.11542   73.508901  -79.052176   -0.237    0.310  1
RGI60-04.04144     0.11541   66.664292  -63.601859   -0.316    0.244  1
RGI60-04.05827     0.11538   68.995092  -69.668084    0.801    0.337  1
RGI60-04.05448     0.11515   67.528557  -65.393863   -0.201    0.294  1
RGI60-04.00326     0.11475   63.520017  -64.682770   -0.055    0.174  1
RGI60-04.04881     0.11475   72.507239  -76.699551   -0.001    0.220  1
RGI60-04.02852     0.11468   69.793783  -69.620892    0.130    0.252  1
RGI60-04.01436     0.11464   65.581717  -63.920052    0.015    0.180  1
RGI60-04.05077     0.11464   72.513366  -76.210488   -0.060    0.197  1
RGI60-04.04160     0.11463   66.642524  -63.695285   -0.151    0.195  1
RGI60-04.02932     0.11462   69.676536  -69.251355   -0.366    0.381  1
RGI60-04.00410     0.11453   70.320892  -70.115174   -0.238    0.227  1
RGI60-04.06108     0.11443   69.352378  -69.294736    0.080    0.292  1
RGI60-04.04478     0.11427   66.158603  -63.459995   -0.781    0.391  1
RGI60-04.03605     0.11426   71.411180  -71.917012    0.130    0.261  1
RGI60-04.01681     0.11402   66.500825  -64.423454    0.032    0.281  1
RGI60-04.04216     0.11401   65.953169  -64.321704    0.161    0.195  1
RGI60-04.01431     0.11398   65.571397  -63.988425   -0.141    0.228  1
RGI60-04.01446     0.11393   65.620565  -64.074294   -0.147    0.184  1
RGI60-04.05946     0.11384   69.209996  -70.133766    0.075    0.229  1
RGI60-04.00385     0.11362   70.419353  -69.048055   -0.708    0.348  1
RGI60-04.05431     0.11324   66.661725  -65.622104   -0.038    0.239  1
RGI60-04.05608     0.11323   66.717031  -65.489073   -0.944    0.462  1
RGI60-04.06897     0.11302   73.654788  -80.382760   -0.160    0.258  1
RGI60-04.00240     0.11298   62.647360  -66.781135   -0.817    1.004  1
RGI60-04.07170     0.11295   73.593291  -80.535567   -0.042    0.192  1
RGI60-04.04832     0.11290   72.332159  -75.592502   -0.554    0.289  1
RGI60-04.04837     0.11288   72.301925  -75.449600    0.154    0.204  1
RGI60-04.01043     0.11288   66.484483  -62.395528   -0.733    0.411  1
RGI60-04.05840     0.11283   68.672200  -68.431938   -0.239    0.224  1
RGI60-04.00974     0.11280   66.559850  -62.472412   -0.008    0.215  1
RGI60-04.04774     0.11269   72.171881  -75.583292   -0.689    0.318  1
RGI60-04.05097     0.11267   72.487327  -77.310140   -0.417    0.290  1
RGI60-04.03247     0.11263   70.746702  -71.519655    0.025    0.311  1
RGI60-04.02157     0.11258   67.677736  -66.829115    0.074    0.196  1
RGI60-04.06000     0.11256   69.391328  -70.104977    0.005    0.296  1
RGI60-04.04193     0.11253   65.784252  -64.215947    0.018    0.198  1
RGI60-04.05620     0.11247   67.540697  -65.640853   -0.298    0.253  1
RGI60-04.02414     0.11245   67.872706  -66.426968   -0.302    0.228  1
RGI60-04.04282     0.11228   66.065103  -64.612225    0.017    0.207  1
RGI60-04.05083     0.11223   72.529200  -76.023607   -0.202    0.249  1
RGI60-04.03197     0.11212   70.846593  -71.537602    0.017    0.230  1
RGI60-04.07393     0.11209   58.828082  -63.125983   -0.665    0.422  1
RGI60-04.00530     0.11202   70.473524  -69.597260   -0.305    0.243  1
RGI60-04.05291     0.11201   72.728948  -85.019440   -0.309    0.231  1
RGI60-04.00164     0.11195   64.133051  -65.367873   -0.567    0.262  1
RGI60-04.04499     0.11173   66.474280  -63.762634   -0.188    0.181  1
RGI60-04.01635     0.11171   66.498805  -64.738133   -0.930    0.357  1
RGI60-04.04461     0.11166   65.964142  -63.936637   -0.027    0.200  1
RGI60-04.04241     0.11165   66.084505  -64.694515   -0.378    0.243  1
RGI60-04.06881     0.11164   73.528241  -78.214244    0.090    0.314  1
RGI60-04.06317     0.11156   71.670547  -78.392232   -0.128    0.200  1
RGI60-04.06342     0.11154   71.732263  -79.133996   -0.371    0.199  1
RGI60-04.04195     0.11148   65.805856  -64.872514   -0.343    0.218  1
RGI60-04.03706     0.11146   71.480202  -72.665488   -0.100    0.196  1
RGI60-04.07093     0.11140   73.555966  -79.415067   -0.491    0.300  1
RGI60-04.00132     0.11133   63.952726  -65.221126   -0.125    0.186  1
RGI60-04.02685     0.11112   68.230636  -67.150046    0.045    0.298  1
RGI60-04.02230     0.11109   67.725521  -66.986975   -0.128    0.284  1
RGI60-04.05076     0.11106   72.503480  -76.465138   -0.085    0.218  1
RGI60-04.00541     0.11104   70.434260  -70.380002   -0.249    0.320  1
RGI60-04.02513     0.11103   67.796013  -67.452860   -0.197    0.292  1
RGI60-04.02856     0.11098   69.806245  -69.908567    0.072    0.206  1
RGI60-04.03112     0.11097   70.693992  -71.448360   -0.160    0.230  1
RGI60-04.05625     0.11087   67.337293  -65.160426   -0.164    0.263  1
RGI60-04.02487     0.11087   67.964697  -66.563448    0.018    0.281  1
RGI60-04.05123     0.11082   73.353600  -83.080464    0.229    0.298  1
RGI60-04.03202     0.11070   70.483186  -71.986216   -0.963    0.442  1
RGI60-04.07418     0.11062   58.791412  -63.053929   -0.679    0.375  1
RGI60-04.02500     0.11062   67.969762  -66.673278   -0.301    0.354  1
RGI60-04.04326     0.11049   65.918142  -63.917373   -0.421    0.220  1
RGI60-04.05120     0.11039   73.368696  -83.098498   -0.011    0.321  1
RGI60-04.01337     0.11033   65.981291  -62.734693   -0.584    0.279  1
RGI60-04.00505     0.11020   70.447476  -69.142509    0.390    0.384  1
RGI60-04.01137     0.11014   66.745289  -62.105576   -0.139    0.248  1
RGI60-04.04533     0.10996   66.556503  -63.075151   -0.284    0.241  1
RGI60-04.06247     0.10986   72.352878  -79.213100   -0.245    0.302  1
RGI60-04.06758     0.10985   71.630211  -74.450258    0.345    0.254  1
RGI60-04.00290     0.10983   64.436647  -65.970318   -0.147    0.192  1
RGI60-04.02735     0.10968   68.362221  -68.117329   -0.059    0.207  1
RGI60-04.03251     0.10946   70.774413  -71.387390    0.439    0.279  1
RGI60-04.07285     0.10936   73.473860  -77.489750   -1.379    0.454  1
RGI60-04.01167     0.10930   66.790841  -62.532758   -0.493    0.297  1
RGI60-04.02253     0.10928   67.744911  -66.288409   -0.083    0.228  1
RGI60-04.05573     0.10923   66.706585  -65.154078   -0.103    0.316  1
RGI60-04.05515     0.10916   66.967912  -65.146143   -0.406    0.413  1
RGI60-04.00787     0.10913   70.252657  -70.943704   -0.178    0.248  1
RGI60-04.01843     0.10907   66.889814  -64.503191   -0.150    0.225  1
RGI60-04.00931     0.10903   66.593843  -62.212779   -0.354    0.247  1
RGI60-04.00815     0.10881   70.403302  -69.408700    0.012    0.236  1
RGI60-04.07242     0.10878   73.228172  -76.875559   -0.167    0.214  1
RGI60-04.04669     0.10878   66.342911  -64.210788   -0.284    0.236  1
RGI60-04.07384     0.10873   58.941908  -63.533254   -0.724    0.381  1
RGI60-04.01095     0.10873   66.670881  -61.794276   -0.091    0.207  1
RGI60-04.07416     0.10859   59.098216  -64.162727   -0.221    0.383  1
RGI60-04.01990     0.10856   66.273877  -65.096509   -0.574    0.339  1
RGI60-04.00100     0.10842   63.918556  -65.943006   -0.159    0.193  1
RGI60-04.05040     0.10837   72.280885  -77.571309   -0.022    0.164  1
RGI60-04.00853     0.10827   66.883721  -62.258568   -0.183    0.239  1
RGI60-04.02726     0.10827   68.335680  -67.391327   -0.173    0.267  1
RGI60-04.02427     0.10821   68.096246  -67.170681   -0.817    0.399  1
RGI60-04.05081     0.10804   72.536407  -75.747345   -0.343    0.236  1
RGI60-04.02102     0.10800   66.461922  -65.724325   -0.690    0.468  1
RGI60-04.02583     0.10799   68.017281  -66.390840   -0.019    0.242  1
RGI60-04.00796     0.10798   70.303981  -69.773593    0.151    0.290  1
RGI60-04.03198     0.10796   70.805260  -71.719105   -0.235    0.229  1
RGI60-04.05577     0.10768   67.492511  -65.621319   -0.384    0.378  1
RGI60-04.00134     0.10767   63.918781  -64.976646   -0.284    0.206  1
RGI60-04.06431     0.10767   73.651239  -85.426675   -0.111    0.209  1
RGI60-04.04186     0.10764   65.779720  -64.839156   -0.046    0.221  1
RGI60-04.03698     0.10763   71.450176  -72.312005   -0.795    0.512  1
RGI60-04.02032     0.10750   66.403570  -64.907212   -0.441    0.271  1
RGI60-04.03593     0.10747   71.286771  -71.820757   -0.894    0.328  1
RGI60-04.00140     0.10739   63.972419  -65.609544   -0.043    0.204  1
RGI60-04.05764     0.10736   67.435707  -66.143599    0.654    0.396  1
RGI60-04.06198     0.10730   72.107082  -78.186308   -0.309    0.196  1
RGI60-04.03665     0.10727   71.367246  -71.959560   -0.211    0.260  1
RGI60-04.04548     0.10718   66.315994  -63.152486   -0.230    0.213  1
RGI60-04.06999     0.10707   73.009410  -78.520627   -0.439    0.420  1
RGI60-04.06196     0.10687   72.072748  -78.589804    0.149    0.200  1
RGI60-04.02485     0.10684   67.961713  -66.399535   -0.113    0.307  1
RGI60-04.07396     0.10664   58.941022  -63.752852   -0.847    0.504  1
RGI60-04.01600     0.10662   66.596458  -64.478765   -0.524    0.289  1
RGI60-04.07304     0.10662   73.633720  -80.375091   -0.080    0.218  1
RGI60-04.03902     0.10658   71.762244  -76.314623   -0.167    0.240  1
RGI60-04.02885     0.10653   69.760104  -69.707866   -0.052    0.297  1
RGI60-04.06483     0.10653   73.340201  -86.031659   -0.129    0.237  1
RGI60-04.00239     0.10634   62.643154  -66.809783    0.014    0.248  1
RGI60-04.02198     0.10629   67.669567  -65.689417   -0.065    0.203  1
RGI60-04.05468     0.10618   67.577126  -66.863066   -0.215    0.231  1
RGI60-04.03162     0.10616   70.699488  -71.043111   -0.288    0.322  1
RGI60-04.05497     0.10608   67.508291  -65.631401   -0.414    0.292  1
RGI60-04.01945     0.10604   67.087134  -64.228124   -0.519    0.334  1
RGI60-04.05489     0.10601   67.607395  -67.144672   -0.825    0.533  1
RGI60-04.04970     0.10599   72.549303  -76.600567   -0.009    0.182  1
RGI60-04.03254     0.10596   70.830654  -71.718338    0.659    0.410  1
RGI60-04.07217     0.10583   72.902024  -76.399869   -0.242    0.253  1
RGI60-04.05649     0.10579   66.578733  -65.552298   -0.362    0.246  1
RGI60-04.04476     0.10578   66.143160  -63.490232   -0.299    0.310  1
RGI60-04.04430     0.10568   66.485395  -63.786581   -0.676    0.327  1
RGI60-04.07203     0.10553   73.027699  -76.643817   -0.157    0.199  1
RGI60-04.00845     0.10540   66.313976  -62.534708   -0.002    0.171  1
RGI60-04.04424     0.10538   66.237427  -63.144917   -0.249    0.241  1
RGI60-04.01184     0.10536   66.760069  -62.192980   -0.683    0.307  1
RGI60-04.04157     0.10536   66.634600  -63.808667    0.018    0.199  1
RGI60-04.07094     0.10527   73.541060  -79.806528   -0.385    0.331  1
RGI60-04.00855     0.10517   66.862615  -61.705204    0.240    0.189  1
RGI60-04.06418     0.10517   73.697044  -85.356412   -0.170    0.209  1
RGI60-04.03915     0.10514   71.477174  -76.446318   -0.329    0.211  1
RGI60-04.05301     0.10504   72.555027  -80.996322   -0.048    0.206  1
RGI60-04.06494     0.10503   73.739387  -86.064649   -0.289    0.226  1
RGI60-04.03259     0.10495   70.815357  -71.301732    0.374    0.398  1
RGI60-04.05485     0.10491   67.594278  -66.954927    0.237    0.302  1
RGI60-04.06234     0.10489   72.251465  -79.149281   -0.296    0.202  1
RGI60-04.05502     0.10481   67.433762  -65.460671    0.587    0.350  1
RGI60-04.05421     0.10479   67.453631  -67.577247   -0.083    0.243  1
RGI60-04.05002     0.10478   72.218083  -75.775686   -0.353    0.258  1
RGI60-04.00356     0.10462   63.727881  -65.576841   -0.080    0.212  1
RGI60-04.00636     0.10443   70.648769  -70.769495   -0.328    0.284  1
RGI60-04.00455     0.10442   70.111424  -70.439370    0.252    0.273  1
RGI60-04.02750     0.10436   68.421108  -67.649189   -0.015    0.231  1
RGI60-04.04802     0.10431   72.232694  -75.101365   -0.182    0.233  1
RGI60-04.04162     0.10425   65.760894  -65.049637   -0.189    0.221  1
RGI60-04.02949     0.10417   69.832783  -69.210549    0.485    0.351  1
RGI60-04.07087     0.10411   73.542512  -79.381553   -0.250    0.237  1
RGI60-04.04627     0.10404   66.298060  -63.603662   -0.080    0.228  1
RGI60-04.00951     0.10393   66.596240  -61.472163   -0.212    0.241  1
RGI60-04.04938     0.10387   72.412749  -76.495325    0.480    0.351  1
RGI60-04.04029     0.10382   71.855006  -75.865081   -0.344    0.237  1
RGI60-04.01597     0.10368   66.190818  -65.486240   -0.239    0.239  1
RGI60-04.07383     0.10367   59.040719  -64.126373   -0.334    0.323  1
RGI60-04.04435     0.10366   66.442692  -63.324696   -0.127    0.222  1
RGI60-04.05278     0.10319   72.449699  -81.042466   -0.199    0.201  1
RGI60-04.00700     0.10313   69.990963  -70.380924   -0.175    0.306  1
RGI60-04.05415     0.10312   67.342158  -65.018401    0.283    0.316  1
RGI60-04.00646     0.10306   70.593386  -70.664678   -0.022    0.228  1
RGI60-04.06733     0.10305   71.147608  -74.436724   -0.236    0.220  1
RGI60-04.03426     0.10284   71.117247  -71.929663   -0.048    0.227  1
RGI60-04.06004     0.10282   69.371889  -68.543352   -0.281    0.277  1
RGI60-04.04563     0.10275   65.965155  -63.707270   -0.249    0.240  1
RGI60-04.04549     0.10270   66.325180  -63.109100   -0.717    0.278  1
RGI60-04.07282     0.10255   73.416028  -78.701308    0.163    0.233  1
RGI60-04.02068     0.10252   66.488004  -65.422334   -0.354    0.337  1
RGI60-04.03905     0.10241   71.839021  -74.373475   -0.173    0.236  1
RGI60-04.06721     0.10235   71.603220  -72.806353   -0.968    0.357  1
RGI60-04.04192     0.10234   65.751453  -65.031694   -0.538    0.259  1
RGI60-04.06240     0.10217   72.303433  -78.638048   -0.860    0.310  1
RGI60-04.05011     0.10216   72.035981  -76.851254   -0.316    0.229  1
RGI60-04.05842     0.10215   69.059506  -67.948301   -0.277    0.233  1
RGI60-04.03363     0.10209   71.025823  -71.899990   -0.624    0.567  1
RGI60-04.05179     0.10207   73.582463  -81.961528    0.191    0.199  1
RGI60-04.03311     0.10206   70.952702  -71.210923   -0.208    0.257  1
RGI60-04.06394     0.10206   73.640299  -85.723696   -0.426    0.284  1
RGI60-04.01289     0.10199   66.853627  -62.550276   -0.020    0.209  1
RGI60-04.01749     0.10185   66.410237  -65.289162   -0.777    0.363  1
RGI60-04.02543     0.10153   67.996367  -66.580617    0.195    0.317  1
RGI60-04.04188     0.10145   65.770450  -64.262805    0.083    0.192  1
RGI60-04.02155     0.10142   67.670993  -66.370151   -0.363    0.294  1
RGI60-04.05499     0.10140   67.448245  -66.090427   -0.144    0.203  1
RGI60-04.00865     0.10118   66.517507  -62.179954   -0.293    0.211  1
RGI60-04.03713     0.10117   71.483103  -72.753599   -0.037    0.229  1
RGI60-04.03115     0.10113   70.728765  -71.299295    0.483    0.314  1
RGI60-04.04234     0.10110   66.060942  -64.623581   -0.095    0.191  1
RGI60-04.03800     0.10101   71.578323  -72.572951   -1.284    0.466  1
RGI60-04.06419     0.10090   73.180086  -86.397908   -0.105    0.205  1
RGI60-04.05282     0.10090   72.706432  -84.266575   -0.162    0.267  1
RGI60-04.01250     0.10086   66.803560  -62.140846   -0.252    0.214  1
RGI60-04.01548     0.10078   65.776906  -63.551224   -0.087    0.173  1
RGI60-04.04561     0.10063   65.939055  -63.626470   -0.389    0.295  1
RGI60-04.04968     0.10060   72.559672  -76.507495    0.006    0.184  1
RGI60-04.01662     0.10049   66.534037  -65.025307   -0.938    0.540  1
RGI60-04.05048     0.10048   72.425516  -77.445176   -0.002    0.164  1
RGI60-04.00905     0.10044   66.342524  -62.773121    0.009    0.224  1
RGI60-04.02766     0.10029   68.460529  -68.785581   -0.376    0.279  1
RGI60-04.01467     0.10024   65.696148  -63.837808   -0.088    0.226  1
RGI60-04.04625     0.10019   66.311177  -64.067151    0.111    0.221  1
RGI60-04.04531     0.10001   66.237123  -63.103705   -0.600    0.285  1
RGI60-04.02251     0.09995   67.738595  -65.906803   -0.316    0.824  1
RGI60-04.01067     0.09982   66.664127  -62.033812   -0.420    0.327  1
RGI60-04.05501     0.09967   67.484015  -66.082731    0.623    0.636  1
RGI60-04.07209     0.09964   72.991681  -78.196922   -1.220    0.584  1
RGI60-04.06348     0.09930   71.796933  -78.865652   -0.162    0.188  1
RGI60-04.00888     0.09928   66.437133  -62.658016   -0.238    0.221  1
RGI60-04.02444     0.09900   67.904826  -66.126333   -0.548    0.396  1
RGI60-04.05059     0.09900   72.505651  -75.837065    0.060    0.250  1
RGI60-04.01419     0.09895   66.252162  -62.624048   -0.071    0.187  1
RGI60-04.04235     0.09841   66.071790  -64.698970   -0.948    0.374  1
RGI60-04.00129     0.09837   62.640684  -66.905537   -0.022    0.183  1
RGI60-04.01535     0.09833   65.822882  -63.141338   -0.099    0.183  1
RGI60-04.01825     0.09817   66.913871  -64.582581    0.226    0.321  1
RGI60-04.05387     0.09808   67.185782  -66.506400   -0.010    0.219  1
RGI60-04.05597     0.09794   67.522697  -66.352231   -0.367    0.269  1
RGI60-04.04713     0.09771   72.737754  -77.292131   -0.086    0.199  1
RGI60-04.04128     0.09769   65.678940  -64.172578   -0.209    0.213  1
RGI60-04.03244     0.09747   70.827604  -71.724908   -1.702    0.688  1
RGI60-04.06245     0.09700   72.323472  -79.152175    0.177    0.209  1
RGI60-04.00158     0.09690   64.100435  -65.302171   -0.205    0.238  1
RGI60-04.00692     0.09689   70.766452  -70.012877    0.300    0.257  1
RGI60-04.00304     0.09687   64.577218  -65.850281   -0.110    0.290  1
RGI60-04.06472     0.09680   73.742676  -85.684136    0.098    0.270  1
RGI60-04.00842     0.09667   66.857729  -61.715042    0.125    0.295  1
RGI60-04.04079     0.09665   71.989995  -75.684486   -0.095    0.219  1
RGI60-04.03907     0.09664   71.864739  -74.730640    0.056    0.183  1
RGI60-04.05904     0.09659   69.160583  -68.830878   -0.489    0.298  1
RGI60-04.02471     0.09654   67.936245  -66.592148   -0.266    0.396  1
RGI60-04.01557     0.09646   65.517928  -63.767228   -0.052    0.222  1
RGI60-04.02262     0.09636   67.526276  -65.048648   -0.611    0.393  1
RGI60-04.01982     0.09629   66.261953  -65.470800   -0.228    0.265  1
RGI60-04.06451     0.09580   73.712463  -85.786245   -0.148    0.264  1
RGI60-04.01878     0.09579   66.969854  -63.955527   -0.154    0.246  1
RGI60-04.02767     0.09573   68.465693  -68.743828   -0.227    0.239  1
RGI60-04.07365     0.09571   59.563627  -64.001200   -0.260    0.323  1
RGI60-04.03589     0.09567   71.281787  -71.808158   -0.683    0.401  1
RGI60-04.07009     0.09556   72.967943  -77.924320   -0.047    0.250  1
RGI60-04.05777     0.09529   66.714499  -65.816634   -0.173    0.277  1
RGI60-04.02441     0.09522   67.915022  -66.800440   -0.523    0.596  1
RGI60-04.02477     0.09508   67.946344  -66.529360    0.215    0.210  1
RGI60-04.07421     0.09439   59.574952  -64.164442    0.226    0.362  1
RGI60-04.00874     0.09431   66.514778  -62.029578   -0.482    0.297  1
RGI60-04.00143     0.09402   63.983302  -65.663193    0.001    0.180  1
RGI60-04.05305     0.09377   72.575059  -84.223723   -0.093    0.224  1
RGI60-04.01975     0.09371   66.241879  -64.978369   -0.188    0.248  1
RGI60-04.06321     0.09370   72.252646  -78.382849   -0.194    0.202  1
RGI60-04.05303     0.09312   72.576895  -80.997094   -0.115    0.202  1
RGI60-04.00521     0.09307   70.472891  -70.255609   -0.148    0.243  1
RGI60-04.00195     0.09302   62.502255  -66.827463    0.067    0.234  1
RGI60-04.02693     0.09302   68.243301  -66.984459   -0.377    0.401  1
RGI60-04.01800     0.09294   66.204627  -65.097952   -0.203    0.238  1
RGI60-04.06369     0.09293   73.805452  -86.033336   -0.134    0.241  1
RGI60-04.01883     0.09270   67.038998  -63.950805    0.068    0.247  1
RGI60-04.04638     0.09262   66.243028  -62.861860   -0.221    0.214  1
RGI60-04.05440     0.09252   67.528943  -66.353887   -0.656    0.386  1
RGI60-04.02381     0.09241   67.609546  -65.652435   -0.105    0.350  1
RGI60-04.01149     0.09226   66.753496  -62.013524   -0.047    0.211  1
RGI60-04.07346     0.09219   59.253179  -64.328595   -1.450    0.771  1
RGI60-04.06396     0.09216   73.165877  -86.538434   -0.010    0.196  1
RGI60-04.03914     0.09190   71.921080  -74.751013   -0.147    0.202  1
RGI60-04.06294     0.09181   71.561385  -79.169829    0.109    0.178  1
RGI60-04.02420     0.09178   67.884766  -66.524939    0.060    0.257  1
RGI60-04.01148     0.09146   66.683053  -61.787622   -0.116    0.237  1
RGI60-04.06447     0.09130   73.729233  -85.442005   -0.222    0.241  1
RGI60-04.07110     0.09089   73.485058  -79.017894   -0.508    0.356  1
RGI60-04.05998     0.09043   68.835814  -69.439275    0.383    0.443  1
RGI60-04.03141     0.09033   70.830027  -71.143119    0.634    0.471  1
RGI60-04.06478     0.09030   73.743292  -85.658848   -0.219    0.235  1
RGI60-04.07313     0.09027   73.488090  -78.631735    0.085    0.260  1
RGI60-04.05080     0.09009   72.517770  -76.280845   -0.184    0.246  1
RGI60-04.04208     0.09008   65.970733  -64.008128   -0.124    0.234  1
RGI60-04.04291     0.09001   66.204255  -63.102919   -0.449    0.380  1
RGI60-04.02193     0.08976   67.711604  -66.952993   -0.170    0.291  1
RGI60-04.00609     0.08947   70.551978  -70.117864   -0.174    0.235  1
RGI60-04.04285     0.08905   66.190229  -64.444892   -0.206    0.232  1
RGI60-04.06356     0.08895   71.371614  -78.830499   -0.269    0.249  1
RGI60-04.07136     0.08894   73.375978  -77.667653   -0.567    0.406  1
RGI60-04.02658     0.08886   68.199156  -67.423065   -0.414    0.274  1
RGI60-04.07413     0.08880   59.186897  -63.788446   -1.254    0.621  1
RGI60-04.06892     0.08875   73.615587  -79.484678   -0.436    0.292  1
RGI60-04.01247     0.08859   66.778345  -62.101806   -0.022    0.278  1
RGI60-04.01801     0.08858   66.213528  -65.101888   -1.066    0.436  1
RGI60-04.02054     0.08838   66.435174  -64.882146    0.214    0.383  1
RGI60-04.00856     0.08831   66.867162  -61.702367    0.114    0.310  1
RGI60-04.03601     0.08830   71.319799  -71.848931   -0.263    0.270  1
RGI60-04.03909     0.08781   71.877973  -74.821845    0.064    0.275  1
RGI60-04.05344     0.08771   66.956262  -64.860170    0.302    0.294  1
RGI60-04.05794     0.08766   68.932063  -68.218527   -0.223    0.255  1
RGI60-04.00312     0.08764   64.584961  -65.504656    0.208    0.240  1
RGI60-04.06383     0.08763   73.611723  -85.635742   -0.105    0.208  1
RGI60-04.04308     0.08758   66.277170  -64.314754   -0.025    0.226  1
RGI60-04.01096     0.08730   66.690996  -62.172214   -0.211    0.213  1
RGI60-04.05482     0.08726   67.594154  -67.192687   -0.007    0.207  1
RGI60-04.00940     0.08721   66.345520  -62.567051   -0.517    0.255  1
RGI60-04.01324     0.08714   65.911125  -62.997786   -0.110    0.170  1
RGI60-04.03708     0.08711   71.502568  -72.343701   -0.449    0.282  1
RGI60-04.04803     0.08709   72.237352  -75.112760   -0.983    0.393  1
RGI60-04.03120     0.08701   70.823868  -71.386643   -0.141    0.241  1
RGI60-04.06307     0.08682   71.670191  -77.987285   -0.003    0.192  1
RGI60-04.03313     0.08680   70.952593  -71.125543   -0.247    0.276  1
RGI60-04.07320     0.08668   58.884375  -63.707711   -1.035    0.579  1
RGI60-04.02002     0.08665   66.278940  -65.003107   -0.080    0.260  1
RGI60-04.01522     0.08661   65.766514  -63.195264   -0.151    0.188  1
RGI60-04.01402     0.08658   65.503408  -64.101784   -0.047    0.217  1
RGI60-04.02576     0.08640   68.012252  -66.380513    0.068    0.277  1
RGI60-04.01463     0.08625   65.686295  -63.830220    0.035    0.183  1
RGI60-04.02141     0.08620   67.652674  -65.799633    0.085    0.233  1
RGI60-04.01089     0.08603   66.751105  -62.719798    0.086    0.258  1
RGI60-04.04444     0.08599   65.959760  -63.959462   -0.381    0.246  1
RGI60-04.00885     0.08561   66.604169  -62.866324    0.267    0.256  1
RGI60-04.00485     0.08560   70.416579  -69.910415    0.043    0.289  1
RGI60-04.07044     0.08542   73.586901  -80.250904   -0.322    0.299  1
RGI60-04.00073     0.08529   64.010427  -64.791913   -0.503    0.372  1
RGI60-04.01998     0.08499   66.294110  -65.751622   -0.239    0.344  1
RGI60-04.03195     0.08473   70.871164  -71.361939   -0.281    0.313  1
RGI60-04.06402     0.08470   73.657286  -85.739789    0.046    0.249  1
RGI60-04.02413     0.08454   67.870570  -66.439149   -0.310    0.241  1
RGI60-04.06953     0.08452   73.000586  -78.173398    0.217    0.335  1
RGI60-04.00317     0.08442   63.999726  -65.284219   -0.097    0.183  1
RGI60-04.06479     0.08432   73.748985  -85.673188    0.098    0.244  1
RGI60-04.07414     0.08431   59.527261  -64.373686    0.640    0.414  1
RGI60-04.01896     0.08422   66.207024  -65.056201   -0.210    0.233  1
RGI60-04.04309     0.08412   66.280964  -64.307483   -0.242    0.261  1
RGI60-04.06469     0.08409   73.723735  -85.763303    0.234    0.331  1
RGI60-04.05446     0.08404   67.517188  -65.363690   -0.221    0.316  1
RGI60-04.01065     0.08373   66.631830  -61.406594   -0.023    0.192  1
RGI60-04.06685     0.08355   71.451303  -75.070046   -0.020    0.212  1
RGI60-04.07368     0.08334   59.588804  -64.163912    0.677    0.459  1
RGI60-04.01613     0.08329   66.675723  -64.891819   -0.095    0.227  1
RGI60-04.02724     0.08296   68.333921  -68.169412    0.090    0.198  1
RGI60-04.04604     0.08294   66.569518  -63.184934    0.101    0.253  1
RGI60-04.01903     0.08274   66.967047  -64.003720   -0.376    0.346  1
RGI60-04.01448     0.08249   65.631535  -63.997316   -0.100    0.240  1
RGI60-04.00001     0.08245   64.001766  -64.794491   -0.303    0.329  1
RGI60-04.00300     0.08240   64.532920  -65.765261   -0.514    0.284  1
RGI60-04.01550     0.08232   65.766718  -63.563988   -0.204    0.279  1
RGI60-04.06471     0.08216   73.728417  -85.828417   -0.345    0.298  1
RGI60-04.02438     0.08215   67.912695  -66.739575   -0.239    0.378  1
RGI60-04.06439     0.08213   73.727571  -85.182293   -0.119    0.215  1
RGI60-04.00789     0.08211   70.258714  -70.938645   -0.191    0.242  1
RGI60-04.07394     0.08202   58.926872  -63.579103   -0.662    0.576  1
RGI60-04.06201     0.08201   72.167144  -77.991670   -0.287    0.206  1
RGI60-04.02601     0.08200   68.053274  -67.641431   -0.012    0.264  1
RGI60-04.07407     0.08194   58.793205  -63.060203   -0.506    0.382  1
RGI60-04.05399     0.08191   66.724262  -64.986678   -0.252    0.261  1
RGI60-04.07096     0.08134   73.554433  -79.735007    0.003    0.204  1
RGI60-04.04131     0.08133   66.499175  -63.196895    0.150    0.264  1
RGI60-04.02050     0.08125   66.420135  -64.432468   -0.213    0.233  1
RGI60-04.01435     0.08118   65.584692  -64.026925   -0.046    0.231  1
RGI60-04.02398     0.08115   67.606610  -65.478943    0.128    0.289  1
RGI60-04.02373     0.08096   67.609927  -66.402601   -0.148    0.244  1
RGI60-04.00395     0.08093   70.354326  -70.101364   -0.146    0.226  1
RGI60-04.07382     0.08086   58.931620  -63.612917   -0.443    0.384  1
RGI60-04.01059     0.08080   66.366345  -62.729881   -0.699    0.390  1
RGI60-04.01041     0.08074   66.496563  -62.174114   -1.229    0.665  1
RGI60-04.01225     0.08065   66.762272  -61.504931   -0.708    0.389  1
RGI60-04.06470     0.08060   73.709043  -86.001260   -0.042    0.201  1
RGI60-04.02348     0.08051   67.833669  -65.856124   -0.509    0.587  1
RGI60-04.02542     0.08039   67.992992  -66.562921    0.024    0.313  1
RGI60-04.06328     0.08022   71.690243  -78.937038   -0.268    0.217  1
RGI60-04.07417     0.07932   59.210842  -64.328143    0.102    0.550  1
RGI60-04.06335     0.07931   71.734561  -78.382400   -0.187    0.266  1
RGI60-04.04697     0.07929   72.565433  -77.204516   -0.155    0.186  1
RGI60-04.05432     0.07871   66.666566  -65.609867    0.046    0.235  1
RGI60-04.00525     0.07867   70.477367  -69.632088   -0.169    0.224  1
RGI60-04.05348     0.07842   66.943491  -64.786496    0.333    0.371  1
RGI60-04.06252     0.07831   72.375607  -79.310252    0.153    0.309  1
RGI60-04.01116     0.07823   66.692389  -62.141154   -0.205    0.236  1
RGI60-04.01213     0.07807   66.694288  -61.662327   -0.046    0.266  1
RGI60-04.01293     0.07787   66.846431  -62.038840    0.001    0.321  1
RGI60-04.02150     0.07783   67.676554  -66.863879   -0.278    0.284  1
RGI60-04.06350     0.07767   71.964503  -77.736519   -0.054    0.239  1
RGI60-04.04668     0.07757   65.671646  -64.202268   -0.210    0.266  1
RGI60-04.06495     0.07742   73.759795  -85.793308   -0.196    0.231  1
RGI60-04.02117     0.07726   66.160561  -65.498471    0.199    0.284  1
RGI60-04.00497     0.07709   70.434137  -70.548578   -0.508    0.304  1
RGI60-04.06884     0.07707   73.482212  -80.447517   -0.131    0.222  1
RGI60-04.01418     0.07705   66.248128  -62.689746    0.050    0.201  1
RGI60-04.07322     0.07697   58.591165  -63.149125   -0.916    0.427  1
RGI60-04.07405     0.07689   59.288435  -64.457610    0.382    0.483  1
RGI60-04.02588     0.07672   68.007341  -67.143270    0.133    0.248  1
RGI60-04.04319     0.07647   66.139805  -63.354276   -0.137    0.197  1
RGI60-04.00811     0.07625   70.390857  -69.821610   -0.238    0.280  1
RGI60-04.01961     0.07612   67.109578  -64.305332   -0.103    0.321  1
RGI60-04.00200     0.07600   64.172362  -65.495752    0.058    0.173  1
RGI60-04.01948     0.07581   66.216252  -65.401063   -0.259    0.292  1
RGI60-04.04629     0.07570   66.320448  -64.193362   -0.256    0.215  1
RGI60-04.01291     0.07555   66.876239  -63.014936   -0.131    0.249  1
RGI60-04.03258     0.07553   70.814946  -71.291448   -0.072    0.394  1
RGI60-04.04575     0.07508   65.768590  -64.088193   -0.101    0.200  1
RGI60-04.00821     0.07478   69.866703  -71.110519    0.015    0.367  1
RGI60-04.02143     0.07462   67.656105  -65.873973   -0.248    0.315  1
RGI60-04.07326     0.07437   58.795891  -63.115064   -0.918    0.427  1
RGI60-04.03602     0.07419   71.322600  -71.834378   -0.128    0.301  1
RGI60-04.07260     0.07415   73.209967  -79.449772    0.061    0.306  1
RGI60-04.06500     0.07414   73.791813  -85.459130   -0.164    0.242  1
RGI60-04.07348     0.07407   59.303331  -63.939643   -0.553    0.434  1
RGI60-04.06443     0.07403   73.730723  -85.192103   -0.341    0.283  1
RGI60-04.04207     0.07360   65.602622  -64.760977   -0.158    0.368  1
RGI60-04.03765     0.07343   71.549233  -72.563041   -0.688    0.366  1
RGI60-04.02383     0.07325   67.738407  -66.851137    0.107    0.240  1
RGI60-04.05484     0.07305   66.791812  -65.857412   -0.439    0.275  1
RGI60-04.00970     0.07281   66.698569  -62.988049    0.075    0.261  1
RGI60-04.04199     0.07276   65.958517  -64.361267   -0.216    0.220  1
RGI60-04.01973     0.07275   66.255960  -65.702097   -0.162    0.275  1
RGI60-04.04423     0.07258   66.235953  -63.130893   -0.429    0.293  1
RGI60-04.02132     0.07252   67.643274  -65.762855   -0.104    0.379  1
RGI60-04.03549     0.07250   71.179281  -71.806009   -0.640    0.452  1
RGI60-04.02131     0.07243   67.653654  -66.416728   -0.268    0.266  1
RGI60-04.03903     0.07231   71.832003  -74.348694   -0.063    0.239  1
RGI60-04.02502     0.07231   67.973384  -66.680569   -0.400    0.531  1
RGI60-04.04675     0.07223   72.681083  -77.415149   -0.004    0.212  1
RGI60-04.01162     0.07176   66.764389  -62.009328    0.213    0.258  1
RGI60-04.06311     0.07156   71.728863  -77.217948   -0.258    0.222  1
RGI60-04.07338     0.07149   58.949478  -64.036263   -0.426    0.481  1
RGI60-04.00857     0.07141   66.872541  -61.724481   -0.290    0.350  1
RGI60-04.00827     0.07125   66.497849  -62.021417   -0.350    0.280  1
RGI60-04.01277     0.07122   66.819697  -62.106041   -0.020    0.198  1
RGI60-04.07106     0.07115   73.554578  -79.156689   -0.524    0.378  1
RGI60-04.06468     0.07089   73.718464  -85.767691   -0.141    0.240  1
RGI60-04.06387     0.07072   73.645716  -85.487417   -0.143    0.231  1
RGI60-04.07377     0.07055   59.696683  -64.334738   -0.228    0.395  1
RGI60-04.01199     0.07046   66.691037  -61.720026   -0.028    0.209  1
RGI60-04.06997     0.07028   73.451218  -78.901507   -0.661    0.545  1
RGI60-04.06499     0.07015   73.745895  -86.026632   -0.032    0.241  1
RGI60-04.07391     0.07006   59.844093  -64.303852   -0.818    0.518  1
RGI60-04.06488     0.07005   73.720564  -86.177919   -0.228    0.232  1
RGI60-04.01736     0.07000   66.237606  -65.227599   -0.176    0.272  1
RGI60-04.02307     0.06981   67.803307  -66.732749   -0.154    0.444  1
RGI60-04.00830     0.06935   66.870203  -62.286495   -0.368    0.272  1
RGI60-04.01201     0.06926   66.699401  -61.645775   -0.248    0.263  1
RGI60-04.00392     0.06913   70.425631  -69.551740   -0.379    0.308  1
RGI60-04.00524     0.06879   70.474996  -69.540916   -0.149    0.296  1
RGI60-04.02374     0.06875   67.608227  -66.221056   -0.388    0.399  1
RGI60-04.06896     0.06871   73.662066  -80.219190   -0.213    0.264  1
RGI60-04.01904     0.06849   66.978073  -64.002680   -0.375    0.400  1
RGI60-04.00813     0.06837   70.398827  -69.428201   -0.073    0.264  1
RGI60-04.04700     0.06823   72.725877  -76.938635   -0.337    0.266  1
RGI60-04.02478     0.06813   67.950493  -66.667866   -0.479    0.381  1
RGI60-04.00844     0.06812   66.861093  -61.688820   -0.222    0.295  1
RGI60-04.02473     0.06803   67.939321  -66.552900   -0.253    0.291  1
RGI60-04.07297     0.06779   73.493185  -77.643839   -0.583    0.436  1
RGI60-04.02395     0.06725   67.623705  -66.198103    0.158    0.385  1
RGI60-04.01900     0.06710   66.953579  -64.190691   -0.708    0.494  1
RGI60-04.01388     0.06701   66.098721  -62.499531    0.164    0.241  1
RGI60-04.06508     0.06689   73.791431  -85.608504   -0.228    0.357  1
RGI60-04.01268     0.06668   66.811971  -62.083745    0.056    0.263  1
RGI60-04.01992     0.06653   66.273602  -65.374325   -0.219    0.244  1
RGI60-04.01165     0.06584   66.777392  -62.241444   -0.086    0.275  1
RGI60-04.07335     0.06547   58.982646  -63.966638   -0.560    0.454  1
RGI60-04.01612     0.06526   66.673428  -64.904119   -0.094    0.224  1
RGI60-04.07420     0.06517   59.094593  -64.200813    0.219    0.655  1
RGI60-04.00928     0.06508   66.579465  -61.430234   -0.501    0.453  1
RGI60-04.06422     0.06478   73.675546  -85.737876    0.187    0.250  1
RGI60-04.07347     0.06458   59.285289  -64.511727    0.081    0.460  1
RGI60-04.06489     0.06406   73.802497  -85.168472   -0.035    0.294  1
RGI60-04.01442     0.06364   65.592500  -63.934902   -0.002    0.211  1
RGI60-04.07186     0.06357   72.905530  -78.226466    0.423    0.283  1
RGI60-04.02484     0.06323   67.961148  -66.411477   -0.275    0.275  1
RGI60-04.00942     0.06319   66.588657  -61.414396   -0.391    0.314  1
RGI60-04.05178     0.06309   73.588477  -81.993560   -0.120    0.227  1
RGI60-04.05766     0.06306   66.843435  -65.545665   -0.901    0.437  1
RGI60-04.06404     0.06289   73.709605  -85.159972    0.449    0.301  1
RGI60-04.04705     0.06265   72.725031  -77.263067   -0.727    0.409  1
RGI60-04.02312     0.06241   67.767476  -66.485770   -0.261    0.227  1
RGI60-04.06346     0.06230   71.496250  -78.012787   -0.178    0.221  1
RGI60-04.06373     0.06228   73.541961  -85.538929    0.162    0.231  1
RGI60-04.02429     0.06216   67.897991  -66.824559   -0.614    0.584  1
RGI60-04.07321     0.06187   59.676495  -64.401510   -0.153    0.461  1
RGI60-04.05203     0.06184   73.537906  -82.383148    0.029    0.275  1
RGI60-04.07015     0.06160   73.615753  -80.384468    0.012    0.223  1
RGI60-04.06339     0.06147   71.715105  -79.026300    0.327    0.265  1
RGI60-04.02342     0.06113   67.832774  -66.310927    0.222    0.572  1
RGI60-04.06989     0.06106   73.491156  -79.045560    0.037    0.311  1
RGI60-04.07076     0.06106   73.650964  -79.768123   -0.458    0.354  1
RGI60-04.07082     0.06096   73.517007  -79.352326   -0.023    0.263  1
RGI60-04.01465     0.06095   65.512040  -63.779094    0.096    0.222  1
RGI60-04.06375     0.06084   73.539891  -85.918712   -0.117    0.216  1
RGI60-04.05180     0.06040   73.583682  -81.975895   -0.024    0.196  1
RGI60-04.03118     0.06040   70.811933  -70.833192   -0.165    0.387  1
RGI60-04.00938     0.06033   66.611374  -61.973903   -0.451    0.360  1
RGI60-04.01282     0.06015   66.848507  -62.544085   -0.044    0.255  1
RGI60-04.02415     0.06008   67.879763  -66.481248   -0.070    0.648  1
RGI60-04.05488     0.05996   67.588877  -66.210385   -0.605    0.487  1
RGI60-04.07376     0.05961   59.675089  -64.217142   -1.642    0.936  1
RGI60-04.07120     0.05956   73.360449  -78.514163    0.311    0.347  1
RGI60-04.00462     0.05947   70.383497  -69.923712   -0.152    0.408  1
RGI60-04.02062     0.05937   66.497828  -65.748130    0.008    0.243  1
RGI60-04.00812     0.05903   70.396889  -69.436996   -0.039    0.258  1
RGI60-04.07403     0.05865   59.102414  -64.193507   -0.192    0.460  1
RGI60-04.07336     0.05864   58.805088  -63.116068   -0.812    0.518  1
RGI60-04.05084     0.05859   72.680625  -76.722137   -0.335    0.248  1
RGI60-04.07410     0.05833   59.113922  -64.149824   -0.111    0.331  1
RGI60-04.06912     0.05821   73.284984  -79.456393   -0.231    0.312  1
RGI60-04.07401     0.05798   59.330218  -64.023306   -1.020    1.035  1
RGI60-04.06987     0.05775   73.464704  -79.107491   -0.220    0.253  1
RGI60-04.00814     0.05749   70.398697  -69.457508   -0.170    0.266  1
RGI60-04.06398     0.05732   73.692518  -85.128695    0.099    0.242  1
RGI60-04.07317     0.05717   73.497519  -78.644287   -0.316    0.395  1
RGI60-04.07011     0.05689   72.976699  -78.041176   -0.222    0.330  1
RGI60-04.06514     0.05686   73.815160  -85.632081   -0.895    0.574  1
RGI60-04.07419     0.05682   58.943601  -64.047588    0.126    0.415  1
RGI60-04.07187     0.05662   72.918410  -78.004833    0.046    0.348  1
RGI60-04.01483     0.05641   66.039214  -62.316416    0.032    0.201  1
RGI60-04.05053     0.05634   71.769329  -77.202625    0.010    0.209  1
RGI60-04.07339     0.05616   58.961904  -64.126249   -0.181    0.511  1
RGI60-04.01957     0.05557   67.092937  -63.891078   -0.272    0.276  1
RGI60-04.06399     0.05553   73.693338  -85.139338   -0.661    0.374  1
RGI60-04.06901     0.05453   73.489352  -78.432433    0.329    0.346  1
RGI60-04.06320     0.05432   71.422861  -78.848839    0.137    0.251  1
RGI60-04.07041     0.05423   73.550671  -80.107068   -0.126    0.290  1
RGI60-04.07016     0.05418   73.616888  -80.395533   -0.100    0.257  1
RGI60-04.06421     0.05410   73.711719  -85.210268   -0.213    0.250  1
RGI60-04.01259     0.05379   66.809425  -62.124812   -0.013    0.248  1
RGI60-04.06955     0.05366   72.994383  -78.217615    0.154    0.446  1
RGI60-04.07046     0.05349   73.621831  -80.025470   -0.270    0.246  1
RGI60-04.00954     0.05298   66.617147  -61.972531    0.135    0.293  1
RGI60-04.01595     0.05270   66.638454  -65.733471   -0.684    0.426  1
RGI60-04.01735     0.05262   66.234190  -65.230204   -0.254    0.293  1
RGI60-04.02858     0.05187   69.822940  -69.004807    0.191    0.273  1
RGI60-04.04682     0.05187   72.512157  -77.147709    0.005    0.273  1
RGI60-04.06473     0.05146   73.792255  -85.072545    0.641    0.605  1
RGI60-04.06512     0.05118   73.777283  -86.013858   -0.287    0.281  1
RGI60-04.05061     0.05107   72.500042  -76.202666    0.078    0.232  1
RGI60-04.01912     0.05104   66.994598  -64.185765   -0.574    0.568  1
RGI60-04.02347     0.05040   67.844310  -66.122674    0.023    0.216  1
RGI60-04.01097     0.05011   66.655282  -61.391420   -0.170    0.229  1
RGI60-04.06487     0.05005   73.791401  -85.213670   -0.125    0.296  1
RGI60-04.07284     0.04964   73.484306  -77.412022   -0.182    0.322  1
RGI60-04.04804     0.04953   72.251248  -74.975071   -0.008    0.255  1
RGI60-04.05434     0.04950   67.506738  -66.238083   -0.413    0.353  1
RGI60-04.00389     0.04939   70.398841  -69.910505   -0.041    0.324  1
RGI60-04.06477     0.04919   73.733511  -85.829193   -0.252    0.338  1
RGI60-04.06429     0.04903   73.648688  -85.420877   -0.173    0.248  1
RGI60-04.01468     0.04863   65.702614  -63.854397   -0.097    0.230  1
RGI60-04.03314     0.04831   70.966958  -71.191793    0.049    0.456  1
RGI60-04.07001     0.04826   72.981557  -78.553196   -2.090    0.922  1
RGI60-04.03214     0.04756   70.809543  -71.290833    0.057    0.460  1
RGI60-04.03402     0.04748   71.016951  -71.639104    0.187    0.559  1
RGI60-04.03316     0.04746   70.343790  -72.364497   -0.535    0.417  1
RGI60-04.02426     0.04727   67.899617  -66.853180   -0.508    0.581  1
RGI60-04.01175     0.04724   66.487023  -62.214821   -0.359    0.376  1
RGI60-04.07102     0.04711   73.578055  -79.702771   -0.185    0.236  1
RGI60-04.07389     0.04653   59.196711  -64.259301   -0.048    0.415  1
RGI60-04.03310     0.04640   70.950492  -71.148618   -0.122    0.306  1
RGI60-04.06927     0.04637   73.328164  -79.691004   -0.604    0.371  1
RGI60-04.06434     0.04633   73.676691  -85.614467   -0.320    0.317  1
RGI60-04.02377     0.04630   67.618676  -66.455568    0.202    0.462  1
RGI60-04.02229     0.04627   67.723980  -66.880957    0.121    0.485  1
RGI60-04.02007     0.04590   66.346317  -65.311149   -0.360    0.381  1
RGI60-04.06450     0.04557   73.791487  -86.247414   -0.016    0.225  1
RGI60-04.06381     0.04516   73.174946  -86.410542    0.254    0.288  1
RGI60-04.06498     0.04492   73.742324  -86.033274    0.152    0.271  1
RGI60-04.07276     0.04476   73.365621  -77.533142   -0.056    0.356  1
RGI60-04.07264     0.04474   73.332171  -77.571935   -0.125    0.400  1
RGI60-04.07032     0.04419   73.506428  -80.610330    0.066    0.262  1
RGI60-04.06496     0.04416   73.763866  -85.788813   -0.052    0.276  1
RGI60-04.03372     0.04415   71.014954  -71.885447   -0.497    0.528  1
RGI60-04.05469     0.04394   67.579050  -66.848251   -0.115    0.230  1
RGI60-04.01449     0.04376   65.514730  -63.956886   -0.148    0.226  1
RGI60-04.06361     0.04364   73.779918  -85.988540   -0.498    0.359  1
RGI60-04.01869     0.04319   66.159521  -65.468313   -0.285    0.335  1
RGI60-04.00379     0.04314   70.407505  -69.438090   -0.198    0.344  1
RGI60-04.06970     0.04293   73.657600  -79.898070    0.080    0.247  1
RGI60-04.00250     0.04275   63.997316  -65.498461    0.062    0.202  1
RGI60-04.07367     0.04266   59.569407  -63.998402   -0.834    0.805  1
RGI60-04.00810     0.04235   70.377770  -69.119876   -0.279    0.332  1
RGI60-04.05290     0.04205   72.728457  -85.004874   -0.145    0.271  1
RGI60-04.07378     0.04191   59.582009  -64.450069    0.920    0.962  1
RGI60-04.07385     0.04177   58.929469  -63.746307    0.055    0.616  1
RGI60-04.06437     0.04164   73.709685  -85.413377   -0.153    0.268  1
RGI60-04.02453     0.04152   67.915283  -66.577339    0.027    0.622  1
RGI60-04.07079     0.04087   73.476140  -79.243054   -0.274    0.357  1
RGI60-04.06883     0.04068   73.521525  -79.061785   -0.794    0.577  1
RGI60-04.06958     0.04038   73.458657  -80.386985   -0.001    0.247  1
RGI60-04.05258     0.03967   73.253191  -82.086261    0.050    0.289  1
RGI60-04.05724     0.03931   66.710695  -65.564009   -0.030    0.365  1
RGI60-04.07117     0.03928   73.354480  -78.595268   -0.735    0.572  1
RGI60-04.07232     0.03913   73.583647  -80.724933    0.026    0.248  1
RGI60-04.06505     0.03870   73.758597  -85.941014   -0.087    0.300  1
RGI60-04.06492     0.03868   73.719820  -86.216468   -0.224    0.297  1
RGI60-04.07108     0.03806   73.476450  -78.972078   -0.433    0.418  1
RGI60-04.07374     0.03805   59.657680  -64.223727   -0.396    0.750  1
RGI60-04.06493     0.03737   73.754393  -85.855031    0.037    0.427  1
RGI60-04.06497     0.03706   73.758086  -85.880850   -0.761    0.507  1
RGI60-04.07030     0.03683   73.376241  -77.603465    0.138    0.364  1
RGI60-04.06513     0.03673   73.812349  -85.639430   -0.293    0.387  1
RGI60-04.02136     0.03656   67.659660  -66.416775   -0.165    0.508  1
RGI60-04.00618     0.03633   69.965149  -71.616932   -0.018    0.262  1
RGI60-04.05435     0.03550   67.516164  -66.336533    0.015    0.299  1
RGI60-04.07165     0.03430   73.416268  -80.357109   -0.185    0.288  1
RGI60-04.02432     0.03370   67.902752  -66.825966   -0.061    0.460  1
RGI60-04.07115     0.03362   73.251027  -78.375446   -0.693    0.612  1
RGI60-04.06417     0.03347   73.675155  -85.645646   -0.232    0.291  1
RGI60-04.04759     0.03299   72.666411  -77.364943    0.273    0.256  1
RGI60-04.07133     0.03245   73.488559  -77.831392    0.127    0.454  1
RGI60-04.02385     0.03236   67.629134  -66.379391   -0.131    0.364  1
RGI60-04.00482     0.03199   70.433240  -69.536761   -0.053    0.275  1
RGI60-04.06988     0.03168   73.488629  -79.060069    0.104    0.391  1
RGI60-04.06379     0.03158   73.618204  -85.506965   -0.077    0.251  1
RGI60-04.06915     0.03152   73.485331  -78.397388    0.059    0.250  1
RGI60-04.04703     0.03128   72.727612  -77.291278   -0.117    0.342  1
RGI60-04.03196     0.03086   70.877276  -71.351492    0.117    0.309  1
RGI60-04.07415     0.03079   58.599685  -63.720402   -0.083    0.328  1
RGI60-04.06390     0.03071   73.657995  -85.355217   -0.058    0.247  1
RGI60-04.06480     0.03070   73.709268  -86.197942   -0.062    0.251  1
RGI60-04.04698     0.03053   72.572802  -77.110107   -0.068    0.213  1
RGI60-04.00044     0.03053   64.025153  -65.498594    0.091    0.195  1
RGI60-04.02825     0.03039   67.852200  -66.799958    0.975    0.985  1
RGI60-04.01433     0.03036   65.575634  -63.984807   -0.040    0.214  1
RGI60-04.06973     0.03000   73.466481  -78.332033   -0.122    0.267  1
RGI60-04.07098     0.02954   73.557074  -79.747219   -0.194    0.388  1
RGI60-04.03401     0.02947   71.012170  -71.623276    0.314    0.562  1
RGI60-04.03397     0.02943   71.009254  -71.938832   -0.073    0.497  1
RGI60-04.07028     0.02930   73.365778  -77.611548    0.181    0.304  1
RGI60-04.07314     0.02913   73.489881  -78.641064   -0.184    0.523  1
RGI60-04.06887     0.02862   73.594168  -79.402390    0.617    0.592  1
RGI60-04.04702     0.02835   72.733898  -76.931410   -0.138    0.429  1
RGI60-04.02816     0.02831   67.853767  -66.725295    0.264    0.729  1
RGI60-04.03168     0.02829   70.820107  -70.895838   -0.144    0.449  1
RGI60-04.05470     0.02809   67.583567  -66.835351    0.193    0.270  1
RGI60-04.02826     0.02802   67.840033  -66.777366   -0.012    0.269  1
RGI60-04.06430     0.02742   73.653908  -85.415556   -0.099    0.276  1
RGI60-04.00690     0.02681   70.767783  -70.098658   -0.115    0.441  1
RGI60-04.00694     0.02680   70.774112  -70.083380    0.194    0.326  1
RGI60-04.04693     0.02592   72.691061  -77.409200   -0.002    0.252  1
RGI60-04.06358     0.02569   73.736883  -85.445283    0.179    0.387  1
RGI60-04.06453     0.02525   73.749023  -85.043332   -0.192    0.372  1
RGI60-04.05641     0.02503   67.548022  -66.619107   -0.098    0.270  1
RGI60-04.05311     0.02448   72.566798  -84.351550   -0.532    0.411  1
RGI60-04.06359     0.02441   73.779140  -85.957185    0.222    0.313  1
RGI60-04.06969     0.02432   73.627945  -79.911147   -0.166    0.412  1
RGI60-04.06502     0.02430   73.755357  -85.954104   -0.565    0.525  1
RGI60-04.03399     0.02410   71.032635  -71.952215   -0.278    0.362  1
RGI60-04.07422     0.02398   59.799851  -64.487124   -0.641    0.626  1
RGI60-04.07048     0.02351   73.635454  -80.017840   -0.011    0.272  1
RGI60-04.07167     0.02342   73.549483  -80.622938   -0.012    0.311  1
RGI60-04.06507     0.02295   73.756028  -86.016862   -0.067    0.271  1
RGI60-04.07099     0.02216   73.563149  -79.661289   -0.293    0.486  1
RGI60-04.00375     0.02216   70.313457  -69.894138   -0.082    0.357  1
RGI60-04.06864     0.02209   73.494869  -78.658087    0.068    0.268  1
RGI60-04.07315     0.02207   73.493420  -78.642768   -0.225    0.537  1
RGI60-04.01460     0.02164   65.674905  -64.170854   -0.040    0.253  1
RGI60-04.07029     0.02161   73.373676  -77.605346    0.071    0.377  1
RGI60-04.03135     0.02160   70.768459  -71.135119    0.070    0.375  1
RGI60-04.06996     0.02148   73.415437  -78.897293    0.167    0.334  1
RGI60-04.04674     0.02084   72.263950  -77.516423   -0.012    0.214  1
RGI60-04.07050     0.02079   73.635013  -80.356657   -0.207    0.282  1
RGI60-04.06357     0.02078   73.397984  -85.997697    0.027    0.249  1
RGI60-04.04933     0.02054   72.412130  -77.440352   -0.040    0.232  1
RGI60-04.00451     0.01952   70.355300  -69.959137    0.021    0.303  1
RGI60-04.07169     0.01923   73.577524  -80.607748   -0.126    0.334  1
RGI60-04.02207     0.01913   67.670819  -66.487412   -0.069    0.247  1
RGI60-04.05253     0.01840   73.249820  -81.749819   -0.056    0.229  1
RGI60-04.06980     0.01761   73.287810  -77.879901    0.385    0.518  1
RGI60-04.05070     0.01723   72.437069  -77.406376    0.040    0.246  1
RGI60-04.03257     0.01705   70.812054  -71.300177    0.527    0.892  1
RGI60-04.06420     0.01690   73.712173  -85.202215   -0.049    0.295  1
RGI60-04.07216     0.01665   73.574876  -80.643136    0.043    0.277  1
RGI60-04.06964     0.01622   72.975138  -76.999199   -0.142    0.378  1
RGI60-04.06968     0.01591   73.437639  -78.928135    0.234    0.312  1
RGI60-04.06363     0.01586   73.782115  -86.058687    0.022    0.256  1
RGI60-04.06991     0.01586   73.513718  -79.037671   -0.408    0.569  1
RGI60-04.07080     0.01586   73.477266  -79.240017    0.208    0.548  1
RGI60-04.00402     0.01534   70.318928  -69.871136   -0.166    0.419  1
RGI60-04.04936     0.01491   72.514197  -77.059642   -0.059    0.351  1
RGI60-04.00822     0.01453   66.427264  -62.528503   -0.489    0.697  1
RGI60-04.00809     0.01321   70.377311  -69.109573   -0.360    0.442  1
RGI60-04.07259     0.01066   73.280937  -77.419325    0.088    0.276  1
RGI60-04.03098     0.15817   70.573275  -71.453234   -0.648    0.125  2
RGI60-04.02329     0.15697   67.814258  -66.260013   -0.648    0.125  2
RGI60-04.03099     0.15266   70.571127  -71.461190   -0.648    0.125  2
RGI60-04.03101     0.14797   70.575047  -71.482171   -0.648    0.125  2
RGI60-04.03100     0.12420   70.571335  -71.448214   -0.648    0.125  2
RGI60-04.03121     0.12101   70.825424  -71.757961   -0.648    0.125  2
RGI60-04.03365     0.11622   71.035491  -71.759341   -0.648    0.125  2
RGI60-04.05712     0.10414   66.631983  -65.371702   -0.648    0.125  2
RGI60-04.06367     0.02634   73.800515  -85.996731   -0.648    0.125  2
RGI60-04.07159     0.02382   73.260318  -79.808244   -0.648    0.125  2
RGI60-04.00376     0.02043   70.315597  -69.885436   -0.648    0.125  2
RGI60-04.03307     0.01927   70.946455  -71.109348   -0.648    0.125  2
RGI60-04.06364     0.01738   73.787791  -86.075403   -0.648    0.125  2
RGI60-04.06956     0.01676   73.481587  -79.894092   -0.648    0.125  2
RGI60-04.05055     0.01596   72.437709  -77.488137   -0.648    0.125  2
RGI60-04.05062     0.01552   72.504588  -76.253339   -0.648    0.125  2
RGI60-04.05162     0.01521   73.476458  -82.997841   -0.648    0.125  2
RGI60-04.02988     0.01472   69.765793  -69.997763   -0.648    0.125  2
RGI60-04.04683     0.01438   72.512946  -77.156916   -0.648    0.125  2
RGI60-04.03097     0.01416   70.904846  -71.227675   -0.648    0.125  2
RGI60-04.03562     0.01374   71.115170  -71.629834   -0.648    0.125  2
RGI60-04.00374     0.01305   69.968544  -71.628785   -0.648    0.125  2
RGI60-04.07135     0.01257   73.348151  -77.656223   -0.648    0.125  2
RGI60-04.04978     0.01199   72.286436  -76.516850   -0.648    0.125  2
RGI60-04.06713     0.01195   71.585894  -73.001051   -0.648    0.125  2
RGI60-04.03241     0.01143   70.792088  -71.319647   -0.648    0.125  2
RGI60-04.00403     0.01121   70.335756  -69.929659   -0.648    0.125  2
RGI60-04.04673     0.01113   72.250236  -75.023211   -0.648    0.125  2
RGI60-04.03425     0.01091   71.114968  -71.921142   -0.648    0.125  2
RGI60-04.06456     0.01087   73.714123  -85.167143   -0.648    0.125  2
RGI60-04.07005     0.01016   73.578188  -79.324187   -0.648    0.125  2
