Glacier-specific geodetic mass balance (m w.e. a-1) 2000_2020/ according to Hugonnet et al. (2021)
ID=1: measured, ID=2: regional mean
RGI-ID  Area  lat  lon  B  errB  ID
RGI60-07.00027  1317.49285   79.579186   24.620051   -1.331    0.116  1
RGI60-07.00025  1095.04979   79.401386   23.512138   -0.218    0.058  1
RGI60-07.01506   963.15939   78.679793   18.473501   -0.196    0.057  1
RGI60-07.01559   875.96952   78.925452   18.348951    0.080    0.062  1
RGI60-07.00062   692.12454   80.013157   26.018186    0.204    0.074  1
RGI60-07.00029   662.37162   79.741809   25.601000   -0.071    0.082  1
RGI60-07.01394   645.28790   80.184334   32.470621   -0.712    0.076  1
RGI60-07.00681   640.53850   79.687482   22.842309    0.200    0.074  1
RGI60-07.01560   594.41717   78.864012   19.824351   -0.056    0.069  1
RGI60-07.01554   581.35717   77.810795   23.718443   -0.718    0.090  1
RGI60-07.00425   472.14193   80.037615   24.731568    0.255    0.077  1
RGI60-07.01494   394.03346   79.355254   12.655243   -0.384    0.081  1
RGI60-07.01482   378.47868   79.050186   12.971400   -0.579    0.083  1
RGI60-07.00551   356.17727   79.997993   24.126940    0.441    0.084  1
RGI60-07.01510   333.09872   79.858871   19.714616   -0.311    0.087  1
RGI60-07.01449   330.87823   80.058242   20.238377   -0.126    0.083  1
RGI60-07.01564   330.76146   79.056052   18.236653    0.107    0.075  1
RGI60-07.00552   329.99979   79.964673   23.576680    0.390    0.084  1
RGI60-07.01487   326.25662   78.855917   16.996062   -0.336    0.083  1
RGI60-07.01500   318.59368   79.182997   17.878792    0.113    0.065  1
RGI60-07.00873   317.34931   79.200619   17.171413   -0.076    0.063  1
RGI60-07.00301   312.28345   77.285702   14.994920   -0.495    0.080  1
RGI60-07.01464   295.28209   78.991582   13.384514   -0.414    0.071  1
RGI60-07.00728   291.20676   79.519710   22.280029    0.108    0.082  1
RGI60-07.00854   288.33196   79.735105   17.542994   -0.034    0.090  1
RGI60-07.01474   252.56880   77.570438   16.796513   -0.232    0.086  1
RGI60-07.00028   248.93901   79.607258   25.275187   -0.689    0.108  1
RGI60-07.00661   247.48171   79.412862   11.717558   -1.148    0.118  1
RGI60-07.00608   242.49237   79.806815   22.974749    0.231    0.088  1
RGI60-07.00424   241.19169   80.030213   25.167131    0.392    0.087  1
RGI60-07.00035   224.55895   80.037117   21.341813   -0.093    0.087  1
RGI60-07.00892   222.43423   78.745302   20.106368   -0.344    0.076  1
RGI60-07.00322   218.92743   77.323522   16.594985   -1.175    0.122  1
RGI60-07.00031   218.41807   79.872236   26.607354   -0.297    0.093  1
RGI60-07.00238   206.37575   77.164367   16.280878   -0.314    0.084  1
RGI60-07.00570   206.16331   78.702317   17.291631   -0.128    0.086  1
RGI60-07.01488   200.67628   79.882515   20.364591   -0.280    0.090  1
RGI60-07.00727   190.66193   79.562632   21.430375   -0.005    0.089  1
RGI60-07.01546   186.83515   77.603966   23.305311   -0.382    0.098  1
RGI60-07.00861   184.62687   79.721964   16.861483    0.135    0.091  1
RGI60-07.00871   182.86161   79.432335   16.949227   -0.087    0.072  1
RGI60-07.01499   179.31790   79.893951   20.876647   -0.226    0.082  1
RGI60-07.00030   175.86431   79.807213   26.348217   -0.320    0.101  1
RGI60-07.00324   173.27705   77.140622   16.788663   -0.649    0.085  1
RGI60-07.01454   168.07369   78.449336   17.819818   -0.220    0.078  1
RGI60-07.00474   165.03237   78.651099   13.820239   -0.643    0.088  1
RGI60-07.01458   163.31454   78.567156   17.610906   -0.393    0.085  1
RGI60-07.00026   162.36940   79.363135   24.456035   -0.983    0.106  1
RGI60-07.00041   158.86831   80.119949   20.986520    0.001    0.088  1
RGI60-07.00891   156.14370   78.682729   19.496200   -0.319    0.076  1
RGI60-07.00302   144.14462   78.420156   13.276492   -0.567    0.097  1
RGI60-07.00237   142.60426   77.317560   16.116506   -0.686    0.101  1
RGI60-07.00242   140.98764   77.211211   15.389386   -0.871    0.103  1
RGI60-07.01472   136.80587   77.435335   16.876230    0.052    0.095  1
RGI60-07.00299   136.75270   76.775438   16.774868   -0.530    0.077  1
RGI60-07.00228   136.30910   77.401310   15.001477   -0.353    0.081  1
RGI60-07.00533   134.53984   78.978655   14.151831   -0.377    0.076  1
RGI60-07.00529   132.63846   78.748092   13.891072   -0.439    0.079  1
RGI60-07.00682   129.04032   79.629853   21.854928   -0.114    0.099  1
RGI60-07.00296   127.50554   77.649242   17.590341   -0.552    0.096  1
RGI60-07.00857   127.26145   79.569153   16.961364   -0.026    0.090  1
RGI60-07.00502   126.48967   78.649867   12.646018   -0.536    0.090  1
RGI60-07.00235   125.72191   77.358491   15.914806   -0.791    0.104  1
RGI60-07.01505   122.12189   78.472501   21.480986   -0.209    0.071  1
RGI60-07.01425   119.93732   77.030590   17.007189   -0.782    0.096  1
RGI60-07.00813   119.15306   79.086743   14.327463   -0.400    0.077  1
RGI60-07.00465   118.98516   78.545155   13.895263   -0.901    0.111  1
RGI60-07.01477   118.76075   80.012221   19.763897   -0.265    0.095  1
RGI60-07.01511   117.82350   78.485287   18.499453   -0.274    0.074  1
RGI60-07.00859   117.46083   79.625193   16.393518   -0.071    0.093  1
RGI60-07.00265   114.86247   76.760755   16.505081   -1.095    0.108  1
RGI60-07.00870   113.55606   79.725631   16.361896    0.249    0.098  1
RGI60-07.00037   111.97409   79.983850   21.872360   -0.196    0.080  1
RGI60-07.00531   111.69145   78.859166   13.776586   -0.367    0.080  1
RGI60-07.00607   111.60469   79.895139   23.089830    0.549    0.094  1
RGI60-07.01504   111.18439   79.165480   18.315118    0.077    0.087  1
RGI60-07.00464   110.16417   78.464040   13.796535   -0.315    0.087  1
RGI60-07.00042   109.75282   79.893575   21.496789   -0.619    0.088  1
RGI60-07.00874   108.63235   79.280396   17.745394    0.064    0.074  1
RGI60-07.00703   108.51003   79.582636   11.632478   -0.802    0.112  1
RGI60-07.01481   108.21114   78.787197   13.148083   -0.206    0.080  1
RGI60-07.01495   103.08722   79.129874   13.716316   -0.183    0.074  1
RGI60-07.00423   101.23473   80.093009   25.585222    0.363    0.095  1
RGI60-07.01498    99.23815   79.452985   16.416149   -0.111    0.081  1
RGI60-07.00244    99.18925   77.168959   15.696145   -1.323    0.130  1
RGI60-07.01534    98.94924   79.821347   18.957529   -0.318    0.104  1
RGI60-07.00832    98.45561   78.990665   16.947508   -0.124    0.080  1
RGI60-07.00773    95.81374   79.303489   13.320395   -0.116    0.080  1
RGI60-07.01508    95.28990   78.411444   18.349659   -0.343    0.076  1
RGI60-07.00556    94.61086   79.011834   14.641190   -0.412    0.084  1
RGI60-07.00945    92.95865   77.646651   23.655710   -0.158    0.104  1
RGI60-07.00532    90.57359   78.921447   14.030863   -0.381    0.082  1
RGI60-07.00898    89.64104   78.346177   21.571432   -0.291    0.080  1
RGI60-07.00558    89.08213   79.073007   12.369699   -0.771    0.115  1
RGI60-07.00241    88.31870   77.404380   15.650971   -0.400    0.093  1
RGI60-07.01514    87.20709   77.622250   21.843537   -0.526    0.093  1
RGI60-07.00899    86.46592   78.387007   21.125489   -0.235    0.075  1
RGI60-07.00061    84.58316   79.997128   26.792756    0.277    0.096  1
RGI60-07.00849    84.23603   79.528599   16.436391   -0.080    0.092  1
RGI60-07.00482    82.34749   78.664076   13.109516   -0.701    0.106  1
RGI60-07.00034    82.10975   80.151878   20.170786    0.273    0.099  1
RGI60-07.00065    80.14652   79.426374   21.345135   -0.028    0.096  1
RGI60-07.00060    79.84011   79.932862   26.792364   -0.084    0.101  1
RGI60-07.01466    77.89853   78.841214   13.317877   -0.480    0.087  1
RGI60-07.00845    77.52708   79.327276   16.634694   -0.039    0.078  1
RGI60-07.00986    77.36892   79.040296   19.471034    0.037    0.093  1
RGI60-07.01507    77.10085   78.829219   20.858100   -0.340    0.082  1
RGI60-07.01561    76.83334   79.114988   19.491563   -0.377    0.098  1
RGI60-07.01492    76.27878   79.129389   12.257729   -0.610    0.112  1
RGI60-07.00275    75.06957   77.821094   17.955237   -0.179    0.080  1
RGI60-07.00422    74.58748   77.554968   17.305171   -0.243    0.091  1
RGI60-07.00476    74.37147   78.654370   13.368364   -0.395    0.093  1
RGI60-07.00501    73.21205   78.698670   12.292333   -1.003    0.117  1
RGI60-07.01478    69.85927   78.336642   18.105854   -0.280    0.082  1
RGI60-07.00903    69.81777   78.404124   18.804373   -0.429    0.080  1
RGI60-07.01463    69.22385   77.482846   17.411581   -1.290    0.141  1
RGI60-07.00064    69.03712   79.418708   20.961698   -0.183    0.095  1
RGI60-07.01558    68.99993   78.493047   21.800301   -0.076    0.076  1
RGI60-07.00036    67.33416   80.185532   20.565208    0.094    0.092  1
RGI60-07.00421    67.02249   78.272610   18.623033   -0.442    0.082  1
RGI60-07.01544    66.43000   77.897669   23.103475   -0.486    0.105  1
RGI60-07.00506    66.09066   78.779650   12.499948   -0.281    0.093  1
RGI60-07.00710    66.09046   79.457789   11.236969   -0.811    0.115  1
RGI60-07.00514    64.49878   78.776037   12.842718   -0.272    0.094  1
RGI60-07.00313    64.21284   77.854116   17.791032   -0.200    0.081  1
RGI60-07.00240    64.15999   77.074840   15.579894   -1.080    0.122  1
RGI60-07.00298    63.10164   77.367274   16.610339   -0.957    0.123  1
RGI60-07.00872    63.09941   79.410515   18.349392   -0.030    0.080  1
RGI60-07.00856    61.75628   79.629742   17.343760   -0.031    0.101  1
RGI60-07.00038    61.61915   79.952485   19.402279   -0.037    0.105  1
RGI60-07.00274    61.14326   77.880732   17.576216   -0.208    0.082  1
RGI60-07.00429    60.39476   78.227099   18.486844   -0.328    0.082  1
RGI60-07.01470    60.08015   77.695819   17.366133    0.073    0.085  1
RGI60-07.00511    59.72611   78.769399   12.185434   -0.522    0.101  1
RGI60-07.00070    58.44714   79.516985   20.136216   -0.419    0.098  1
RGI60-07.00683    57.52878   79.657184   21.280334   -0.296    0.105  1
RGI60-07.01496    57.38197   79.210174   13.419113   -0.263    0.089  1
RGI60-07.00263    56.49345   76.867299   16.401964   -0.549    0.103  1
RGI60-07.00040    56.24914   79.883572   21.854293   -0.298    0.091  1
RGI60-07.01461    55.95683   77.766902   17.540392   -0.073    0.093  1
RGI60-07.00794    55.59172   79.584500   11.998167   -0.454    0.103  1
RGI60-07.01503    55.34487   79.336582   18.487769    0.162    0.083  1
RGI60-07.00039    54.74058   79.890654   19.004708   -0.140    0.110  1
RGI60-07.00250    54.34480   77.151641   17.167059   -1.113    0.116  1
RGI60-07.00524    53.94800   79.025397   12.706062   -0.288    0.101  1
RGI60-07.00319    53.53081   77.364167   17.198977   -0.505    0.097  1
RGI60-07.00888    53.28934   79.556622   18.451158   -0.043    0.084  1
RGI60-07.00239    53.04447   77.153420   15.923222   -0.867    0.116  1
RGI60-07.01186    53.04196   79.078428   14.971957   -0.162    0.082  1
RGI60-07.00295    51.12820   77.664823   16.525781   -0.340    0.097  1
RGI60-07.00893    50.84328   78.736945   21.011636   -0.108    0.088  1
RGI60-07.00645    50.70883   79.204837   12.536154   -0.477    0.114  1
RGI60-07.01100    50.36800   77.835848   14.407716   -0.976    0.118  1
RGI60-07.01471    49.78506   78.355841   13.401976   -0.553    0.101  1
RGI60-07.00285    48.26671   78.345596   13.741635   -0.654    0.107  1
RGI60-07.00977    48.04073   78.384823   21.755965   -0.226    0.086  1
RGI60-07.00253    47.89375   76.836954   16.117225   -0.347    0.106  1
RGI60-07.00283    46.86792   77.690806   16.964087   -0.017    0.088  1
RGI60-07.00909    46.74505   79.503021   21.298021   -0.089    0.107  1
RGI60-07.00470    46.55584   78.623769   12.916979   -0.891    0.111  1
RGI60-07.00879    45.69535   79.352605   18.094493   -0.081    0.084  1
RGI60-07.00043    44.92507   79.851668   21.160066   -0.200    0.089  1
RGI60-07.00791    43.12109   79.504944   12.131255   -0.756    0.114  1
RGI60-07.00321    42.32974   77.247151   17.147910   -0.622    0.098  1
RGI60-07.00942    42.08665   77.815564   22.928649   -0.364    0.102  1
RGI60-07.00448    42.02047   76.889916   16.920140   -1.591    0.149  1
RGI60-07.00733    41.81723   79.710112   11.634829   -0.972    0.128  1
RGI60-07.00910    41.59381   79.496622   21.039817   -0.252    0.105  1
RGI60-07.01542    41.48714   77.760727   23.035464   -0.659    0.106  1
RGI60-07.00847    40.91670   79.379380   16.305685   -0.131    0.089  1
RGI60-07.00428    39.96782   78.185049   18.206382   -0.180    0.090  1
RGI60-07.00409    39.00464   78.107087   17.697781   -0.552    0.097  1
RGI60-07.00033    38.72677   80.205523   20.063641    0.219    0.106  1
RGI60-07.00512    38.42787   78.917923   14.695722   -0.419    0.091  1
RGI60-07.01493    38.06142   79.253840   12.446070   -0.523    0.120  1
RGI60-07.00463    38.05911   78.377711   13.869007   -0.595    0.108  1
RGI60-07.00664    37.91466   79.378234   11.111671   -0.725    0.117  1
RGI60-07.00066    37.73802   79.490381   20.428135   -0.401    0.102  1
RGI60-07.00294    37.53043   77.618843   17.930940   -0.175    0.093  1
RGI60-07.00440    37.46143   76.962802   16.789188   -0.777    0.119  1
RGI60-07.00984    37.40807   78.958617   19.901507   -0.220    0.100  1
RGI60-07.00902    37.01447   78.482413   21.186056   -0.257    0.088  1
RGI60-07.01396    36.61726   76.921806   16.609124   -0.832    0.121  1
RGI60-07.00715    36.55314   79.513459   11.356860   -1.364    0.155  1
RGI60-07.00844    36.35028   79.260930   16.624885   -0.027    0.087  1
RGI60-07.00932    36.23449   77.667679   22.110555   -0.538    0.104  1
RGI60-07.00344    36.05903   77.971224   16.553813   -0.294    0.096  1
RGI60-07.00883    35.85549   79.387631   18.646023    0.005    0.088  1
RGI60-07.01512    35.69224   78.539246   18.626299   -0.162    0.086  1
RGI60-07.01136    35.14587   78.357657   17.646842   -0.203    0.099  1
RGI60-07.01469    34.94921   77.726501   17.973545   -0.184    0.093  1
RGI60-07.01541    34.61851   77.721244   23.131807   -0.258    0.104  1
RGI60-07.00840    34.50995   79.188217   16.795001   -0.059    0.088  1
RGI60-07.00231    34.01301   77.460986   15.237767   -0.292    0.101  1
RGI60-07.00896    33.98475   78.804418   21.151741   -0.025    0.096  1
RGI60-07.01528    33.79052   77.922325   22.261699   -0.160    0.102  1
RGI60-07.00887    32.86776   79.501759   18.506823   -0.170    0.089  1
RGI60-07.00293    32.68777   77.573092   18.056703   -0.388    0.092  1
RGI60-07.00233    31.72340   77.424257   15.472188   -0.144    0.101  1
RGI60-07.01556    31.59841   78.412472   21.928150   -0.377    0.093  1
RGI60-07.00318    30.78689   77.421628   17.253097   -0.702    0.115  1
RGI60-07.00124    30.58454   77.506960   14.347573   -0.695    0.118  1
RGI60-07.00530    30.50695   78.768909   14.218549   -0.498    0.098  1
RGI60-07.01468    29.83993   77.747309   18.188491   -0.598    0.112  1
RGI60-07.00068    29.79980   79.570133   20.189000   -0.112    0.102  1
RGI60-07.01476    29.76126   78.329188   18.491873   -0.499    0.093  1
RGI60-07.00315    29.75565   77.626745   18.167922   -0.451    0.097  1
RGI60-07.01526    29.63659   77.878263   22.144004   -0.127    0.102  1
RGI60-07.00366    29.39568   77.968057   17.964634   -0.492    0.096  1
RGI60-07.00277    29.37269   77.795929   18.266077   -0.093    0.091  1
RGI60-07.00468    29.31484   78.579113   13.566521   -0.495    0.111  1
RGI60-07.00982    29.11376   79.065007   20.466282   -0.189    0.108  1
RGI60-07.00836    28.84172   79.120753   16.724707   -0.344    0.096  1
RGI60-07.01523    28.73025   79.793937   19.186262   -0.213    0.112  1
RGI60-07.00527    28.44756   78.669128   14.092935   -0.568    0.102  1
RGI60-07.00659    28.11221   79.321340   12.332242   -0.440    0.117  1
RGI60-07.01530    27.58230   77.858180   22.375338   -0.390    0.109  1
RGI60-07.00584    27.11157   78.739031   16.944136   -0.377    0.105  1
RGI60-07.00227    27.09203   77.625851   16.098382   -0.459    0.110  1
RGI60-07.00229    27.07660   77.472186   14.996817   -0.484    0.109  1
RGI60-07.00246    26.70103   77.079939   15.394043   -0.513    0.104  1
RGI60-07.01535    25.69941   77.549701   21.430341   -0.655    0.111  1
RGI60-07.00784    25.66417   79.431469   12.942622   -0.123    0.101  1
RGI60-07.00307    25.64117   78.492897   13.404885   -0.513    0.116  1
RGI60-07.00895    25.59298   78.765832   21.217799    0.094    0.100  1
RGI60-07.00437    25.56504   78.187724   18.527670   -0.430    0.094  1
RGI60-07.00911    25.08656   79.496239   20.844221   -0.323    0.115  1
RGI60-07.00276    24.42280   77.813246   18.126915   -0.609    0.106  1
RGI60-07.00657    24.32516   79.294037   11.209146   -0.502    0.114  1
RGI60-07.00279    23.85603   77.675705   18.112919   -0.818    0.114  1
RGI60-07.01475    23.41521   78.114218   16.778474   -0.282    0.098  1
RGI60-07.00262    23.24564   76.667268   16.648795   -0.490    0.096  1
RGI60-07.00949    22.53706   77.492297   23.393768   -0.396    0.108  1
RGI60-07.00067    22.30681   79.548611   20.395007   -0.278    0.111  1
RGI60-07.00815    22.20999   79.119348   14.065660   -0.171    0.093  1
RGI60-07.00858    22.02378   79.581049   16.225662    0.007    0.111  1
RGI60-07.00565    22.00170   78.759686   16.230731   -0.476    0.124  1
RGI60-07.00266    21.88271   77.865596   17.168653   -0.214    0.097  1
RGI60-07.00951    21.80078   77.549043   23.599868   -0.142    0.125  1
RGI60-07.01450    21.43422   78.316007   13.418155   -0.966    0.127  1
RGI60-07.00471    21.24555   78.572564   12.838053   -0.529    0.108  1
RGI60-07.01366    21.08352   79.431353   17.570815   -0.125    0.095  1
RGI60-07.00985    21.07969   79.004469   19.700934   -0.009    0.105  1
RGI60-07.00261    21.05491   76.774698   16.269779   -0.469    0.104  1
RGI60-07.00877    20.84005   79.529108   18.217328   -0.079    0.095  1
RGI60-07.00587    20.32891   78.795801   16.352578   -0.644    0.122  1
RGI60-07.00834    20.11523   79.066608   16.760451   -0.275    0.099  1
RGI60-07.01187    20.10863   78.975847   15.322800   -0.380    0.101  1
RGI60-07.00890    20.06242   78.653314   19.885421   -0.445    0.099  1
RGI60-07.00405    19.96095   78.140221   17.527017   -0.428    0.098  1
RGI60-07.00897    19.84379   78.750316   20.722686   -0.123    0.099  1
RGI60-07.00226    19.51797   77.665939   16.202566   -0.381    0.108  1
RGI60-07.01180    19.23332   79.193551   14.920575   -0.210    0.096  1
RGI60-07.00663    19.08814   79.329420   11.132781   -0.767    0.127  1
RGI60-07.00259    18.83707   76.896228   16.218377   -0.896    0.135  1
RGI60-07.01480    18.78292   78.279106   18.289046   -0.113    0.098  1
RGI60-07.00280    18.75666   77.712647   17.200173   -2.022    0.195  1
RGI60-07.00439    18.56684   77.292116   17.186254   -0.366    0.099  1
RGI60-07.00781    18.54302   79.493395   12.882377   -0.224    0.103  1
RGI60-07.00297    18.35897   77.605602   16.303485   -0.435    0.116  1
RGI60-07.01532    18.33189   77.708776   21.892980   -0.277    0.112  1
RGI60-07.01130    18.17665   78.087288   16.469168   -0.359    0.107  1
RGI60-07.01082    18.08577   77.911170   14.231802   -0.943    0.141  1
RGI60-07.00880    17.54560   79.389431   17.215408   -0.218    0.099  1
RGI60-07.00411    17.48004   78.156196   17.749000   -0.465    0.111  1
RGI60-07.00063    17.27471   78.064807   21.472510   -0.368    0.110  1
RGI60-07.00717    17.26469   79.603025   11.223467   -0.476    0.121  1
RGI60-07.00878    17.02226   79.489113   18.260132   -0.046    0.097  1
RGI60-07.00658    16.89432   79.328839   12.012747   -0.582    0.124  1
RGI60-07.01569    16.86324   71.043318   -8.269595   -0.065    0.100  1
RGI60-07.00790    16.64894   79.645933   11.904666   -0.356    0.118  1
RGI60-07.00251    16.55277   77.204600   17.203322   -0.513    0.105  1
RGI60-07.01533    16.49190   77.705405   22.169627   -0.724    0.124  1
RGI60-07.00032    16.26410   80.241853   20.228425    0.112    0.110  1
RGI60-07.00933    16.01992   77.616662   22.125697   -0.662    0.117  1
RGI60-07.00860    15.87670   79.785765   16.538769    0.164    0.119  1
RGI60-07.00224    15.80017   77.340667   17.309094   -0.401    0.104  1
RGI60-07.01357    15.72989   78.616597   11.071853   -0.915    0.142  1
RGI60-07.01432    15.69629   79.155612   14.992740   -0.238    0.100  1
RGI60-07.00848    15.43515   79.414556   16.241567   -0.106    0.102  1
RGI60-07.01568    15.38686   71.041847   -8.183586   -0.015    0.101  1
RGI60-07.00320    15.33325   77.087042   17.198805   -0.693    0.109  1
RGI60-07.00606    15.24134   78.607861   16.112500   -0.498    0.125  1
RGI60-07.00054    15.21050   80.237546   20.452501    0.109    0.104  1
RGI60-07.01513    15.19955   77.890994   22.442599   -0.276    0.114  1
RGI60-07.00644    15.18229   79.148795   12.084464   -0.354    0.125  1
RGI60-07.00341    15.11494   78.001595   16.747153   -0.242    0.099  1
RGI60-07.00940    14.96635   77.860763   22.803745   -0.532    0.125  1
RGI60-07.00884    14.86328   79.429972   18.704131    0.020    0.100  1
RGI60-07.01527    14.81089   77.954712   22.125469   -0.188    0.115  1
RGI60-07.01326    14.74332   79.737816   11.769019   -0.453    0.122  1
RGI60-07.00304    14.50675   78.468898   12.648700   -0.814    0.132  1
RGI60-07.00247    14.33197   77.099282   16.093234   -0.440    0.122  1
RGI60-07.00983    14.23790   78.965407   20.217263   -0.204    0.115  1
RGI60-07.00270    14.17723   77.893606   17.397623   -0.033    0.101  1
RGI60-07.01328    14.13137   79.775872   11.704399   -0.598    0.126  1
RGI60-07.00862    14.08670   79.784521   17.136561    0.112    0.109  1
RGI60-07.00006    13.60798   76.937512   16.428919   -0.448    0.121  1
RGI60-07.00053    13.56228   80.255162   20.090191    0.080    0.122  1
RGI60-07.00610    13.43371   78.538878   15.712987   -0.604    0.146  1
RGI60-07.00300    13.42154   76.931776   17.062811   -0.526    0.120  1
RGI60-07.00973    13.22822   77.571377   21.313420   -0.480    0.117  1
RGI60-07.00452    13.12138   76.634338   16.784097   -0.528    0.105  1
RGI60-07.00311    13.10522   78.452206   12.740568   -1.050    0.145  1
RGI60-07.01531    13.05083   77.721307   22.028577   -0.426    0.122  1
RGI60-07.00775    12.92449   79.599907   12.207670   -1.146    0.143  1
RGI60-07.00413    12.89702   78.180000   17.781185   -0.521    0.114  1
RGI60-07.00392    12.73808   78.128932   17.269615   -0.381    0.105  1
RGI60-07.01323    12.71332   79.794930   12.282378   -0.071    0.119  1
RGI60-07.00513    12.56652   78.649870   12.253037   -0.648    0.119  1
RGI60-07.00316    12.48924   77.613150   17.780811   -0.177    0.108  1
RGI60-07.00927    12.34838   77.934281   21.986242   -0.059    0.112  1
RGI60-07.00069    12.34157   79.605086   20.069027   -0.343    0.117  1
RGI60-07.00586    12.31255   78.924254   16.698951   -0.218    0.109  1
RGI60-07.01479    12.29733   78.357882   18.387828   -0.386    0.103  1
RGI60-07.00436    12.27836   78.165441   18.507471   -0.264    0.100  1
RGI60-07.01501    12.23398   79.292881   18.618691   -0.048    0.106  1
RGI60-07.00161    12.13008   77.670142   15.584114   -0.618    0.121  1
RGI60-07.01218    11.93114   79.124832   15.095080   -0.293    0.105  1
RGI60-07.01211    11.87677   79.276987   14.510656   -0.303    0.107  1
RGI60-07.00075    11.76439   80.122027   22.592446   -0.012    0.119  1
RGI60-07.01521    11.74626   78.081159   21.571882   -0.373    0.117  1
RGI60-07.01209    11.70087   79.327066   14.673673   -0.173    0.110  1
RGI60-07.00550    11.59832   78.844554   12.984605   -0.182    0.107  1
RGI60-07.00993    11.52751   79.117730   19.253208   -0.093    0.124  1
RGI60-07.00362    11.50390   78.016823   17.964735   -0.599    0.113  1
RGI60-07.00578    11.37172   78.605314   17.346758   -0.449    0.121  1
RGI60-07.00808    11.30326   79.216102   14.741464   -0.149    0.104  1
RGI60-07.01177    11.26438   79.273827   14.752756   -0.249    0.105  1
RGI60-07.00077    11.18596   80.121541   22.792601    0.065    0.118  1
RGI60-07.00256    11.17087   76.907667   16.003915   -0.240    0.124  1
RGI60-07.01219    11.16320   79.101843   15.293271   -0.273    0.104  1
RGI60-07.00130    11.07756   77.537429   16.424878   -0.346    0.125  1
RGI60-07.01459    11.05418   78.520139   17.200780   -0.342    0.117  1
RGI60-07.00305    11.03873   78.474100   13.030682   -0.708    0.133  1
RGI60-07.00990    10.96177   79.190407   18.769743   -0.163    0.120  1
RGI60-07.00342    10.95053   77.946016   16.694453   -0.390    0.111  1
RGI60-07.01192    10.81921   79.580535   14.632161    0.092    0.124  1
RGI60-07.00930    10.77798   77.694273   21.748360   -0.305    0.116  1
RGI60-07.00777    10.77080   79.552070   12.201283   -0.439    0.122  1
RGI60-07.00312    10.76415   78.457917   12.905923   -0.873    0.139  1
RGI60-07.00154    10.59224   77.653123   15.906743   -0.471    0.121  1
RGI60-07.01205    10.43983   79.389028   14.653156   -0.092    0.106  1
RGI60-07.00427    10.38030   78.239007   18.134018   -0.144    0.109  1
RGI60-07.00273    10.35998   77.798861   17.377758   -0.226    0.110  1
RGI60-07.00714    10.34453   79.525698   10.993946   -1.141    0.168  1
RGI60-07.00665    10.20178   79.314446   11.379600   -0.582    0.129  1
RGI60-07.00236    10.19616   77.325742   16.168369   -0.026    0.114  1
RGI60-07.00466    10.13244   78.535642   13.442124   -0.551    0.132  1
RGI60-07.00169    10.07628   77.706195   16.338117   -0.278    0.112  1
RGI60-07.01515    10.07215   78.137009   21.684183   -0.462    0.123  1
RGI60-07.00254     9.94589   76.941862   16.067428   -0.670    0.136  1
RGI60-07.00816     9.91190   79.144409   13.928618   -0.258    0.107  1
RGI60-07.00950     9.87226   77.506336   23.241183   -0.337    0.132  1
RGI60-07.01547     9.80758   77.387015   22.855474   -0.681    0.138  1
RGI60-07.00504     9.80428   78.887603   11.830907   -0.557    0.131  1
RGI60-07.00222     9.74398   78.267697   13.599081   -0.985    0.139  1
RGI60-07.00866     9.69305   79.816796   17.212066    0.135    0.116  1
RGI60-07.01537     9.62067   77.588614   21.518447   -0.587    0.125  1
RGI60-07.01552     9.59671   77.467542   23.077520   -0.872    0.144  1
RGI60-07.00852     9.51078   79.022057   16.700950   -0.438    0.118  1
RGI60-07.01353     9.45866   78.727528   10.970702   -0.924    0.143  1
RGI60-07.00243     9.45515   77.129596   15.338898   -0.375    0.110  1
RGI60-07.01158     9.39278   79.655726   14.641256    0.097    0.120  1
RGI60-07.00071     9.38814   80.082180   27.983840    0.203    0.123  1
RGI60-07.01354     9.38259   78.669031   10.979441   -0.362    0.129  1
RGI60-07.00073     9.35877   80.086834   28.125981    0.257    0.124  1
RGI60-07.01168     9.34926   79.393509   14.836628   -0.011    0.114  1
RGI60-07.00941     9.23343   77.839198   22.834198   -0.259    0.127  1
RGI60-07.00721     9.19103   79.703170   11.424075   -0.661    0.141  1
RGI60-07.00838     9.18843   79.164960   16.474065   -0.238    0.111  1
RGI60-07.01570     9.04609   71.067216   -8.280697    0.000    0.110  1
RGI60-07.01586     9.00919   71.040745   -8.094467    0.034    0.109  1
RGI60-07.00072     8.97802   80.062433   28.088892    0.435    0.130  1
RGI60-07.01579     8.97199   71.127052   -8.055862   -0.107    0.109  1
RGI60-07.01081     8.96469   77.875607   14.100392   -0.759    0.140  1
RGI60-07.01563     8.86799   79.155808   18.720655   -0.119    0.123  1
RGI60-07.01557     8.72793   79.835964   18.676101   -0.193    0.135  1
RGI60-07.00449     8.70217   77.389833   16.558317   -0.278    0.119  1
RGI60-07.01433     8.68686   79.245270   14.849948   -0.196    0.109  1
RGI60-07.00785     8.64482   79.424726   13.169544   -0.149    0.113  1
RGI60-07.00045     8.59379   79.892835   18.695819   -0.321    0.128  1
RGI60-07.00076     8.55909   80.102282   22.679165    0.061    0.121  1
RGI60-07.01489     8.52600   78.769150   16.788623   -0.542    0.134  1
RGI60-07.00434     8.44917   78.222951   18.019273   -0.341    0.113  1
RGI60-07.01416     8.41302   77.903800   14.352901   -1.116    0.157  1
RGI60-07.01193     8.35420   79.549177   14.725575    0.029    0.124  1
RGI60-07.00886     8.31119   79.456064   18.607992   -0.205    0.110  1
RGI60-07.00723     8.21027   79.741792   11.343608   -0.783    0.145  1
RGI60-07.00323     8.18692   77.313200   17.284388   -0.332    0.114  1
RGI60-07.00767     8.18534   79.638225   12.549087   -0.133    0.111  1
RGI60-07.01575     8.18491   71.106458   -8.183609    0.074    0.115  1
RGI60-07.01516     8.12373   78.133374   21.793339   -0.438    0.125  1
RGI60-07.01215     8.08531   79.230635   15.036647   -0.248    0.111  1
RGI60-07.01163     8.02228   79.561329   14.480854    0.127    0.129  1
RGI60-07.01071     8.01504   77.960835   15.090840   -0.867    0.139  1
RGI60-07.00223     8.00801   78.300884   13.634286   -0.957    0.142  1
RGI60-07.00946     7.98427   77.591295   23.702106    0.241    0.138  1
RGI60-07.00363     7.91179   78.007899   18.099260   -0.428    0.114  1
RGI60-07.01224     7.84557   78.945211   15.691508   -0.317    0.112  1
RGI60-07.00389     7.84271   78.087856   16.876726   -0.170    0.111  1
RGI60-07.00935     7.83795   77.582531   22.028391   -0.566    0.124  1
RGI60-07.01519     7.80805   78.106445   21.642932   -0.315    0.122  1
RGI60-07.00364     7.77372   77.984452   18.152264   -0.376    0.113  1
RGI60-07.00662     7.63460   79.269499   11.305238   -0.565    0.134  1
RGI60-07.00712     7.62498   79.493866   11.002710   -0.927    0.163  1
RGI60-07.00272     7.61636   77.822403   17.283257   -0.054    0.111  1
RGI60-07.00444     7.61484   76.722530   17.046635   -0.769    0.124  1
RGI60-07.00882     7.60723   79.354140   18.747455   -0.122    0.111  1
RGI60-07.00450     7.48146   76.656736   16.894543   -0.746    0.122  1
RGI60-07.00768     7.47431   79.616693   12.465974   -0.085    0.113  1
RGI60-07.00943     7.39523   77.881063   22.773537   -0.685    0.136  1
RGI60-07.00809     7.39473   79.148019   14.799597   -0.181    0.111  1
RGI60-07.00549     7.38668   79.027352   12.483360   -0.150    0.125  1
RGI60-07.01529     7.37618   77.914054   22.418698   -0.285    0.122  1
RGI60-07.00352     7.35716   77.993694   17.015495   -0.250    0.120  1
RGI60-07.01204     7.30724   79.358552   14.572131   -0.061    0.112  1
RGI60-07.01465     7.30165   79.214427   18.750662   -0.098    0.128  1
RGI60-07.00580     7.24684   78.584119   17.108643   -0.466    0.129  1
RGI60-07.00812     7.16107   79.246664   14.634245   -0.202    0.112  1
RGI60-07.00980     7.15769   78.460653   21.973670   -0.001    0.106  1
RGI60-07.00770     7.11214   79.524154   12.932958   -0.067    0.116  1
RGI60-07.00554     7.09158   79.019419   15.028928   -0.302    0.115  1
RGI60-07.00234     7.08913   77.387266   15.915530   -0.182    0.121  1
RGI60-07.00408     7.08533   78.061839   17.483776   -0.160    0.110  1
RGI60-07.00798     7.05719   79.707486   12.644093   -0.058    0.120  1
RGI60-07.00595     7.04810   78.720359   16.144378   -0.535    0.137  1
RGI60-07.01548     6.98716   77.363833   22.952021   -0.779    0.142  1
RGI60-07.01543     6.97069   77.696086   23.097194   -0.214    0.129  1
RGI60-07.00922     6.95385   78.095266   21.951207   -0.472    0.127  1
RGI60-07.01566     6.91795   77.926579   14.968560   -0.781    0.141  1
RGI60-07.01080     6.91680   77.897808   14.017585   -0.916    0.148  1
RGI60-07.00788     6.87476   79.384558   13.211801    0.125    0.118  1
RGI60-07.01138     6.84268   78.473630   17.079633   -0.560    0.133  1
RGI60-07.00900     6.84000   78.434359   20.959231    0.103    0.118  1
RGI60-07.00221     6.78672   78.237428   13.666790   -0.885    0.147  1
RGI60-07.01079     6.73173   77.971404   14.069105   -1.013    0.149  1
RGI60-07.00787     6.66984   79.399533   13.175757    0.041    0.119  1
RGI60-07.00148     6.63774   77.643454   15.527000   -0.781    0.137  1
RGI60-07.00350     6.61959   78.020592   17.024684   -0.301    0.116  1
RGI60-07.01455     6.56117   78.488997   17.285406   -0.258    0.124  1
RGI60-07.00925     6.42264   78.027415   21.791092   -0.275    0.125  1
RGI60-07.01157     6.40143   79.605758   14.484000    0.057    0.126  1
RGI60-07.00403     6.32436   78.182799   17.585245   -0.335    0.119  1
RGI60-07.00931     6.27762   77.681362   21.646559   -0.362    0.125  1
RGI60-07.00284     6.25896   77.737470   16.716576   -0.125    0.121  1
RGI60-07.00497     6.24482   78.856987   12.286140   -0.203    0.123  1
RGI60-07.01545     6.24243   79.839967   18.532884   -0.349    0.139  1
RGI60-07.00351     6.19263   78.010717   16.932639   -0.074    0.114  1
RGI60-07.00081     6.17268   80.414584   23.152309   -0.257    0.126  1
RGI60-07.00592     6.13093   78.772037   16.043901   -0.616    0.129  1
RGI60-07.00135     6.12361   77.595399   15.907223   -0.548    0.133  1
RGI60-07.00936     6.09410   77.639867   21.609805   -0.415    0.125  1
RGI60-07.00764     6.07102   79.688016   12.579018   -0.012    0.121  1
RGI60-07.00901     6.06558   78.457343   20.995345   -0.072    0.112  1
RGI60-07.00704     5.97184   79.672978   11.472503    0.027    0.135  1
RGI60-07.01538     5.95209   77.535913   21.261585   -0.467    0.126  1
RGI60-07.01417     5.93831   77.944489   14.141198   -0.892    0.152  1
RGI60-07.00343     5.89821   77.966591   16.821556   -0.344    0.126  1
RGI60-07.01355     5.88909   78.699146   10.875123   -0.598    0.140  1
RGI60-07.00835     5.88253   79.081560   16.544900   -0.286    0.122  1
RGI60-07.00325     5.87361   77.949455   16.419730   -0.351    0.122  1
RGI60-07.00499     5.86912   78.838823   12.436411   -0.301    0.122  1
RGI60-07.00248     5.82942   77.065586   16.129228   -0.079    0.141  1
RGI60-07.00944     5.78127   77.889927   22.869700   -0.288    0.130  1
RGI60-07.01456     5.76210   78.494184   17.124526   -0.391    0.129  1
RGI60-07.01364     5.73070   79.303052   17.510661   -0.131    0.116  1
RGI60-07.00763     5.64589   79.741915   12.604205   -0.081    0.129  1
RGI60-07.01174     5.63755   79.348257   14.408661   -0.085    0.117  1
RGI60-07.01376     5.63605   78.082706   16.220925   -0.466    0.125  1
RGI60-07.00555     5.57663   79.032047   14.887197   -0.030    0.114  1
RGI60-07.01585     5.47093   71.055484   -8.062004   -0.012    0.116  1
RGI60-07.00397     5.47023   78.182398   17.126671   -0.164    0.127  1
RGI60-07.00232     5.40678   77.447837   15.443263   -0.420    0.138  1
RGI60-07.00924     5.40055   78.043608   21.898024   -0.295    0.129  1
RGI60-07.00118     5.38611   77.503951   15.103527   -0.495    0.137  1
RGI60-07.00737     5.37765   79.665814   12.459550   -0.067    0.122  1
RGI60-07.00406     5.36859   78.044257   17.564672   -0.598    0.129  1
RGI60-07.01571     5.36248   71.081433   -8.264026    0.049    0.118  1
RGI60-07.01183     5.35813   79.070229   15.359477   -0.198    0.116  1
RGI60-07.01567     5.34628   78.121664   16.550194   -0.306    0.119  1
RGI60-07.00766     5.32223   79.677126   11.931913   -0.086    0.129  1
RGI60-07.01490     5.30874   78.771686   16.648620   -0.508    0.137  1
RGI60-07.00928     5.28882   77.870268   22.567445   -0.769    0.142  1
RGI60-07.01517     5.28670   78.107625   21.519157   -0.430    0.134  1
RGI60-07.00722     5.28011   79.717579   11.309233   -0.448    0.149  1
RGI60-07.01110     5.27064   78.121096   16.445427   -0.463    0.125  1
RGI60-07.01577     5.26396   71.120207   -8.130586   -0.073    0.122  1
RGI60-07.00516     5.26241   78.618321   12.315163   -0.553    0.130  1
RGI60-07.01191     5.24855   79.616692   14.656950    0.074    0.131  1
RGI60-07.00915     5.23589   78.061275   21.863138   -0.295    0.128  1
RGI60-07.01497     5.22094   79.453569   16.172205   -0.075    0.119  1
RGI60-07.00414     5.21163   78.201485   17.646409   -0.407    0.125  1
RGI60-07.00249     5.20227   77.045149   16.203218   -0.425    0.150  1
RGI60-07.00493     5.20150   78.877853   12.031128   -0.364    0.133  1
RGI60-07.00913     5.19453   78.124108   22.012228   -0.437    0.134  1
RGI60-07.01426     5.14002   79.848291   17.221113    0.066    0.130  1
RGI60-07.00404     5.13998   78.111184   17.428146   -0.285    0.116  1
RGI60-07.00106     5.13887   77.445144   14.441852   -0.652    0.148  1
RGI60-07.01065     5.13173   78.010135   15.028901   -0.902    0.155  1
RGI60-07.01195     5.11275   79.523858   14.614971    0.061    0.131  1
RGI60-07.00709     5.10271   79.414597   11.026470   -0.784    0.153  1
RGI60-07.01502     5.06006   79.333897   18.766480   -0.088    0.117  1
RGI60-07.00046     5.04947   80.408627   19.588598   -0.008    0.127  1
RGI60-07.00496     5.01253   78.871039   12.161447   -0.289    0.131  1
RGI60-07.00855     4.92549   79.665683   16.159702   -0.010    0.132  1
RGI60-07.01484     4.91541   78.878200   15.633965   -0.486    0.128  1
RGI60-07.00837     4.91356   79.162196   16.355443   -0.079    0.128  1
RGI60-07.01584     4.90488   71.070141   -8.075343    0.056    0.122  1
RGI60-07.00947     4.86887   77.451811   22.913261   -0.410    0.145  1
RGI60-07.00590     4.86278   78.807308   16.067914   -0.636    0.147  1
RGI60-07.00948     4.84832   77.469883   23.333959   -0.113    0.123  1
RGI60-07.01369     4.83578   79.446056   17.532250   -0.090    0.117  1
RGI60-07.01169     4.81163   79.419878   14.849265    0.010    0.128  1
RGI60-07.00656     4.78779   79.169859   11.987872   -0.557    0.148  1
RGI60-07.00396     4.77623   78.159680   17.107915   -0.292    0.122  1
RGI60-07.01229     4.75223   78.928216   15.572263   -0.259    0.123  1
RGI60-07.00160     4.74128   77.663270   15.365870   -0.680    0.139  1
RGI60-07.00151     4.73481   77.660465   15.771131   -0.354    0.127  1
RGI60-07.01222     4.72875   78.998800   15.647316   -0.171    0.116  1
RGI60-07.00128     4.70605   77.543016   14.361577   -0.880    0.150  1
RGI60-07.00507     4.68996   78.768371   11.953757   -0.515    0.136  1
RGI60-07.00833     4.66304   78.996044   16.587744    0.098    0.127  1
RGI60-07.00491     4.64626   78.731915   12.070130   -0.612    0.137  1
RGI60-07.00503     4.63416   78.907773   11.695108   -0.599    0.144  1
RGI60-07.00147     4.61236   77.646643   15.674771   -0.530    0.134  1
RGI60-07.00447     4.60097   77.186675   17.341337   -0.413    0.121  1
RGI60-07.01378     4.59348   77.356320   22.880068   -0.368    0.135  1
RGI60-07.00544     4.57276   78.869010   14.841375   -0.414    0.125  1
RGI60-07.01153     4.56456   79.744870   14.649138   -0.024    0.128  1
RGI60-07.00140     4.56194   77.617947   15.846741   -0.518    0.138  1
RGI60-07.00923     4.50656   78.116035   22.058090   -0.364    0.135  1
RGI60-07.01436     4.46629   77.624232   21.635781   -0.375    0.131  1
RGI60-07.01583     4.46181   71.082354   -8.067765    0.018    0.124  1
RGI60-07.01214     4.45121   79.254366   15.086203   -0.174    0.119  1
RGI60-07.00627     4.45099   78.726525   16.278348   -0.284    0.144  1
RGI60-07.00376     4.44730   78.089179   17.471581   -0.162    0.116  1
RGI60-07.00451     4.42981   76.618711   16.686432   -0.509    0.125  1
RGI60-07.00388     4.38992   78.110962   17.003314   -0.234    0.118  1
RGI60-07.01185     4.37913   79.015880   15.647600   -0.127    0.117  1
RGI60-07.00688     4.35568   79.534425   11.138274   -0.512    0.144  1
RGI60-07.01108     4.31806   78.116458   16.134920   -0.227    0.122  1
RGI60-07.00163     4.30466   77.696458   16.203709   -0.197    0.129  1
RGI60-07.01431     4.26676   79.157096   15.147726   -0.076    0.119  1
RGI60-07.01212     4.23313   79.276011   15.161598   -0.281    0.123  1
RGI60-07.00472     4.22487   78.555928   12.659155   -0.666    0.139  1
RGI60-07.00559     4.17336   78.857366   16.072012   -0.239    0.133  1
RGI60-07.00761     4.13692   79.726368   12.628810   -0.058    0.139  1
RGI60-07.00050     4.11780   80.409358   19.934648   -0.275    0.133  1
RGI60-07.00360     4.10121   77.933178   17.828969   -0.258    0.125  1
RGI60-07.01525     4.06219   77.977005   22.010936   -0.382    0.142  1
RGI60-07.01573     4.02983   71.098626   -8.245653    0.104    0.125  1
RGI60-07.01154     4.02389   79.679071   14.551641    0.067    0.131  1
RGI60-07.00921     4.01363   78.046869   21.575256   -0.329    0.134  1
RGI60-07.01176     4.00051   79.304306   14.857700   -0.264    0.123  1
RGI60-07.00166     3.94885   77.707788   15.659989   -0.501    0.133  1
RGI60-07.01375     3.93161   78.107781   16.319283   -0.533    0.132  1
RGI60-07.01162     3.92530   79.629913   14.559570    0.090    0.133  1
RGI60-07.01114     3.90233   78.252140   16.170159   -0.499    0.133  1
RGI60-07.00800     3.88819   79.654388   12.720038    0.011    0.124  1
RGI60-07.01358     3.85877   78.568310   11.085434   -0.953    0.161  1
RGI60-07.00100     3.85344   77.431460   15.930561   -0.536    0.140  1
RGI60-07.00173     3.84507   77.723663   16.187858   -0.269    0.126  1
RGI60-07.00850     3.82668   79.243203   16.447267   -0.029    0.122  1
RGI60-07.01109     3.81925   78.112666   16.221473   -0.205    0.124  1
RGI60-07.00593     3.81665   78.698163   16.258023   -0.578    0.146  1
RGI60-07.00382     3.81047   78.085980   18.808873   -0.329    0.123  1
RGI60-07.00937     3.80374   77.547853   21.188393   -0.452    0.131  1
RGI60-07.00410     3.79834   78.131158   17.897591   -0.255    0.126  1
RGI60-07.01123     3.78707   78.267874   16.714029   -0.415    0.136  1
RGI60-07.01210     3.75734   79.301902   14.555692   -0.322    0.129  1
RGI60-07.01196     3.74085   79.500224   14.418484    0.042    0.135  1
RGI60-07.01522     3.71026   78.067667   22.285011   -0.300    0.132  1
RGI60-07.00164     3.71010   77.708329   16.714868   -0.333    0.128  1
RGI60-07.00074     3.68475   80.140741   22.687470    0.089    0.136  1
RGI60-07.00588     3.65833   78.809240   15.966304   -0.338    0.146  1
RGI60-07.00841     3.65800   79.226203   16.736937    0.083    0.121  1
RGI60-07.01587     3.62061   71.042671   -8.133875   -0.139    0.125  1
RGI60-07.00487     3.61583   78.853913   12.113079   -0.369    0.139  1
RGI60-07.00051     3.61226   80.283778   20.094255   -0.045    0.144  1
RGI60-07.00789     3.60729   79.691464   11.871505   -0.042    0.131  1
RGI60-07.00875     3.59737   79.594192   18.217527    0.016    0.121  1
RGI60-07.01325     3.58594   79.712571   11.865865    0.082    0.142  1
RGI60-07.00490     3.58315   78.665070   12.124861   -0.693    0.143  1
RGI60-07.00453     3.55331   76.675211   16.918392   -1.140    0.158  1
RGI60-07.00535     3.54315   78.839761   14.866379   -0.329    0.127  1
RGI60-07.00576     3.53360   78.530371   16.674343   -0.438    0.141  1
RGI60-07.00399     3.50280   78.170027   17.523309   -0.168    0.123  1
RGI60-07.01562     3.47271   79.156467   19.282986   -0.248    0.141  1
RGI60-07.01121     3.46089   78.299270   16.044771   -0.526    0.143  1
RGI60-07.01132     3.46029   78.128113   15.626669   -0.435    0.139  1
RGI60-07.00954     3.46027   77.827093   22.250300   -0.317    0.137  1
RGI60-07.00165     3.45820   77.710877   16.107081   -0.319    0.126  1
RGI60-07.00420     3.44608   78.232854   18.779097   -0.356    0.122  1
RGI60-07.01340     3.44214   78.702319   10.971483   -0.638    0.151  1
RGI60-07.00574     3.43662   78.576224   16.922843   -0.534    0.143  1
RGI60-07.00779     3.41219   79.532763   12.782507    0.033    0.125  1
RGI60-07.01582     3.40939   71.094767   -8.072358    0.005    0.129  1
RGI60-07.00765     3.34827   79.662396   12.552495   -0.003    0.122  1
RGI60-07.00374     3.33840   78.067447   17.972507   -0.319    0.123  1
RGI60-07.00290     3.33261   78.486212   13.131488   -0.765    0.161  1
RGI60-07.01207     3.29402   79.437486   14.753670   -0.098    0.137  1
RGI60-07.00724     3.27447   79.561768   11.332091   -0.402    0.148  1
RGI60-07.00528     3.27142   78.642613   14.249270   -0.665    0.152  1
RGI60-07.01181     3.26153   79.197690   15.429619   -0.071    0.121  1
RGI60-07.00407     3.25905   78.065453   17.686958   -0.418    0.128  1
RGI60-07.00093     3.25672   77.403769   15.976290   -0.581    0.146  1
RGI60-07.01050     3.25004   78.095712   15.917933   -0.498    0.139  1
RGI60-07.00303     3.23476   78.481082   13.224067   -0.489    0.148  1
RGI60-07.01111     3.23259   78.135265   16.704149   -0.361    0.130  1
RGI60-07.00520     3.22899   78.856495   14.965213   -0.488    0.135  1
RGI60-07.01451     3.22516   78.250771   16.727660   -0.351    0.136  1
RGI60-07.00667     3.22285   79.284346   11.432783   -0.295    0.142  1
RGI60-07.01023     3.21407   78.139673   16.157727   -0.286    0.127  1
RGI60-07.00842     3.20138   79.229178   16.622525    0.046    0.123  1
RGI60-07.00431     3.19246   78.289355   18.770959   -0.416    0.128  1
RGI60-07.00599     3.15582   78.688749   15.877992   -0.456    0.152  1
RGI60-07.00810     3.15183   79.163395   14.760957   -0.057    0.122  1
RGI60-07.01221     3.14843   78.984516   15.531494   -0.226    0.126  1
RGI60-07.00638     3.11466   79.218713   11.504653   -0.713    0.157  1
RGI60-07.01572     3.11160   71.092343   -8.273655    0.156    0.135  1
RGI60-07.00843     3.10859   79.233811   16.473678   -0.007    0.123  1
RGI60-07.01164     3.09414   79.520224   14.456283    0.067    0.137  1
RGI60-07.00926     3.08695   77.956934   21.907002   -0.142    0.130  1
RGI60-07.00572     3.07822   78.601588   16.941832   -0.292    0.137  1
RGI60-07.01197     3.07807   79.495915   14.528400    0.130    0.138  1
RGI60-07.00981     3.06934   78.484324   21.952967   -0.126    0.119  1
RGI60-07.00435     3.06898   78.319335   18.632737   -0.351    0.124  1
RGI60-07.00442     3.05916   77.212010   15.103547   -0.475    0.144  1
RGI60-07.00120     3.04617   77.526867   15.031488   -0.408    0.143  1
RGI60-07.00157     3.04148   77.678504   15.424508   -0.442    0.133  1
RGI60-07.00585     3.03725   78.750159   16.815654   -0.233    0.135  1
RGI60-07.01300     3.02897   79.002982   15.195342   -0.115    0.125  1
RGI60-07.00132     3.00897   77.565406   16.321284   -0.238    0.138  1
RGI60-07.00863     2.99109   79.872445   17.188018    0.061    0.140  1
RGI60-07.00735     2.98091   79.785501   11.591121   -0.085    0.139  1
RGI60-07.00365     2.97131   77.990483   18.287218   -0.236    0.126  1
RGI60-07.00952     2.95905   77.651494   23.034750   -0.305    0.138  1
RGI60-07.00177     2.95747   77.739372   16.305662   -0.360    0.142  1
RGI60-07.01055     2.95727   78.071083   15.739359   -0.455    0.143  1
RGI60-07.00317     2.95442   77.516677   17.458863   -0.445    0.146  1
RGI60-07.00783     2.94814   79.454820   13.013667   -0.053    0.130  1
RGI60-07.01107     2.94774   78.172826   15.465735   -0.466    0.146  1
RGI60-07.01201     2.94634   79.422587   14.530210   -0.120    0.126  1
RGI60-07.01462     2.92353   77.427703   22.959396   -0.524    0.153  1
RGI60-07.01137     2.91513   78.383011   17.661585   -0.418    0.139  1
RGI60-07.00418     2.91317   78.145035   18.356626   -0.348    0.126  1
RGI60-07.00230     2.91155   77.465621   15.335241   -0.457    0.137  1
RGI60-07.01194     2.88637   79.541554   14.489851    0.123    0.142  1
RGI60-07.00876     2.88569   79.572821   18.210858    0.051    0.124  1
RGI60-07.01091     2.88143   77.953132   14.964836   -0.552    0.145  1
RGI60-07.00492     2.86672   78.677365   12.069152   -0.774    0.150  1
RGI60-07.00677     2.85614   79.281824   12.234389   -0.193    0.152  1
RGI60-07.01327     2.84737   79.811462   11.759516   -0.124    0.140  1
RGI60-07.00131     2.84638   77.550875   16.276349   -0.053    0.137  1
RGI60-07.00589     2.83130   78.803155   16.147359   -0.274    0.132  1
RGI60-07.00894     2.81999   78.733756   21.229118   -0.189    0.123  1
RGI60-07.01374     2.81812   78.067432   16.317940   -0.433    0.143  1
RGI60-07.00711     2.81412   79.477014   11.039231   -0.805    0.165  1
RGI60-07.00906     2.81002   80.284275   23.046130   -0.263    0.141  1
RGI60-07.01086     2.79527   77.911089   14.687076   -0.857    0.158  1
RGI60-07.00367     2.77527   77.990177   17.815884   -0.361    0.131  1
RGI60-07.00839     2.76445   79.180951   16.554195   -0.043    0.126  1
RGI60-07.00219     2.75684   78.259618   13.484827   -0.809    0.164  1
RGI60-07.00113     2.74667   77.480890   15.379854   -0.405    0.136  1
RGI60-07.01576     2.73811   71.117487   -8.161661   -0.172    0.137  1
RGI60-07.00666     2.73654   79.301160   11.436900   -0.556    0.153  1
RGI60-07.00646     2.73388   79.180313   12.254132   -0.332    0.155  1
RGI60-07.01539     2.73086   77.521099   21.358401   -0.440    0.133  1
RGI60-07.00582     2.72933   78.518884   16.756317   -0.349    0.142  1
RGI60-07.00314     2.71766   77.760530   18.357040   -0.235    0.127  1
RGI60-07.01213     2.71758   79.255069   15.277525   -0.234    0.127  1
RGI60-07.01485     2.71590   78.869072   15.761791   -0.240    0.139  1
RGI60-07.01090     2.69539   77.915204   14.600976   -0.999    0.175  1
RGI60-07.00557     2.66223   79.025817   12.321326   -0.399    0.148  1
RGI60-07.00679     2.66169   79.609487   10.973676   -0.335    0.190  1
RGI60-07.00175     2.65465   77.732585   17.127874   -0.194    0.129  1
RGI60-07.00641     2.65408   79.176468   12.146130   -0.439    0.163  1
RGI60-07.00741     2.65049   79.342061   13.646522   -0.216    0.130  1
RGI60-07.01024     2.63496   78.282288   16.124624   -0.466    0.140  1
RGI60-07.00519     2.63038   78.873635   14.961774   -0.445    0.137  1
RGI60-07.00568     2.62567   78.679866   15.842402   -0.520    0.159  1
RGI60-07.00987     2.62031   79.224600   18.697146   -0.026    0.140  1
RGI60-07.00824     2.61647   79.136898   16.534754   -0.233    0.129  1
RGI60-07.01216     2.61133   79.246215   15.326037   -0.108    0.125  1
RGI60-07.00806     2.60364   79.164899   14.428549   -0.031    0.125  1
RGI60-07.01189     2.57326   79.697787   14.514342    0.039    0.136  1
RGI60-07.01198     2.57311   79.479369   14.592990   -0.019    0.140  1
RGI60-07.01540     2.57231   77.582578   21.641135   -0.558    0.148  1
RGI60-07.01581     2.57112   71.101995   -8.058138   -0.154    0.133  1
RGI60-07.00547     2.56889   78.809516   14.064885   -0.165    0.129  1
RGI60-07.00340     2.55895   78.012088   16.611478   -0.116    0.133  1
RGI60-07.00349     2.55540   78.027253   17.121207   -0.125    0.123  1
RGI60-07.00591     2.55394   78.748544   16.044139   -0.434    0.144  1
RGI60-07.01037     2.55371   77.907223   14.124358   -0.786    0.164  1
RGI60-07.01051     2.55074   78.083323   15.967281   -0.311    0.133  1
RGI60-07.01217     2.54610   79.210259   15.164186   -0.203    0.127  1
RGI60-07.00907     2.53040   80.054910   27.053178    0.029    0.134  1
RGI60-07.01059     2.52556   78.047573   15.636137   -0.462    0.145  1
RGI60-07.00517     2.52328   78.632206   12.297054   -0.432    0.135  1
RGI60-07.00939     2.52266   77.571756   21.601478   -0.395    0.138  1
RGI60-07.00432     2.52052   78.242803   17.948020   -0.239    0.127  1
RGI60-07.01359     2.51631   78.560701   11.153191   -0.799    0.171  1
RGI60-07.00281     2.51257   77.718968   17.170430   -0.309    0.134  1
RGI60-07.01188     2.50943   79.748585   14.550337   -0.197    0.138  1
RGI60-07.00919     2.46770   78.124082   21.604145   -0.434    0.145  1
RGI60-07.00078     2.46107   80.354875   22.884993   -0.046    0.136  1
RGI60-07.01578     2.45725   71.127255   -8.104445   -0.042    0.132  1
RGI60-07.00196     2.45154   77.897874   16.009464   -0.769    0.158  1
RGI60-07.00207     2.45126   77.930935   16.363704   -0.254    0.130  1
RGI60-07.01118     2.44343   78.264897   16.055609   -0.432    0.143  1
RGI60-07.00133     2.44261   77.582901   17.784844   -0.453    0.149  1
RGI60-07.00647     2.44117   79.225177   12.148476   -0.210    0.157  1
RGI60-07.00258     2.43983   76.933696   16.183027   -0.152    0.145  1
RGI60-07.00171     2.43768   77.714830   17.080731   -0.008    0.128  1
RGI60-07.01144     2.43301   77.776409   14.419653   -0.660    0.155  1
RGI60-07.00793     2.41092   79.628102   12.352409    0.110    0.132  1
RGI60-07.00908     2.41052   79.375887   21.474741   -0.670    0.145  1
RGI60-07.00678     2.40961   79.619440   11.061343   -0.258    0.147  1
RGI60-07.01044     2.40853   78.173632   15.550378   -0.524    0.145  1
RGI60-07.01362     2.39695   78.470331   11.485532   -0.879    0.165  1
RGI60-07.00762     2.38620   79.720459   12.470307    0.173    0.134  1
RGI60-07.01549     2.38508   77.420739   23.009290   -0.770    0.161  1
RGI60-07.01329     2.37868   79.763256   11.848272    0.085    0.143  1
RGI60-07.00807     2.37047   79.154706   14.286277   -0.144    0.126  1
RGI60-07.00085     2.35835   80.375105   22.446766    0.107    0.132  1
RGI60-07.00380     2.35508   78.098594   17.203966    0.006    0.124  1
RGI60-07.00208     2.35438   77.367329   14.713965   -0.462    0.140  1
RGI60-07.00771     2.35243   79.519646   12.720556    0.005    0.129  1
RGI60-07.00191     2.35135   77.882225   17.060988   -0.287    0.132  1
RGI60-07.00744     2.34913   79.480770   13.038907   -0.173    0.127  1
RGI60-07.00594     2.34913   78.791205   15.991011   -0.483    0.147  1
RGI60-07.01200     2.34672   79.434406   14.437206   -0.164    0.129  1
RGI60-07.01409     2.33671   78.805309   14.895915   -0.512    0.138  1
RGI60-07.00402     2.33538   78.040002   17.363284   -0.162    0.128  1
RGI60-07.01387     2.33151   78.952708   15.559909   -0.042    0.128  1
RGI60-07.00546     2.33081   78.787961   14.294550   -0.429    0.134  1
RGI60-07.01483     2.32751   78.875294   15.523936   -0.352    0.136  1
RGI60-07.00084     2.32716   80.387059   22.469371    0.044    0.131  1
RGI60-07.01095     2.32415   78.013700   14.956863   -0.634    0.153  1
RGI60-07.01178     2.32338   79.251778   14.971156   -0.206    0.129  1
RGI60-07.00271     2.31497   77.850053   16.953424    0.394    0.136  1
RGI60-07.01075     2.30742   77.913024   15.080907   -0.760    0.168  1
RGI60-07.01155     2.28991   79.695513   14.430063    0.023    0.137  1
RGI60-07.00705     2.28935   79.547910   10.816831   -0.635    0.164  1
RGI60-07.01574     2.27201   71.105491   -8.227070    0.065    0.131  1
RGI60-07.00395     2.26969   78.155916   17.205265   -0.311    0.130  1
RGI60-07.00825     2.25731   79.141250   16.393239   -0.413    0.137  1
RGI60-07.00205     2.24566   77.920333   16.164654   -0.327    0.133  1
RGI60-07.01004     2.22751   78.063146   15.975828   -0.298    0.139  1
RGI60-07.01388     2.21762   77.544628   14.289930   -0.942    0.173  1
RGI60-07.00098     2.21531   77.412112   16.569557   -0.419    0.151  1
RGI60-07.00203     2.20992   77.907228   17.294296   -0.322    0.132  1
RGI60-07.00537     2.20676   78.872041   14.682712   -0.211    0.130  1
RGI60-07.01555     2.20173   78.165281   21.802704   -0.368    0.146  1
RGI60-07.00885     2.19153   79.463914   18.719087   -0.223    0.131  1
RGI60-07.01203     2.18089   79.363879   14.767256   -0.021    0.129  1
RGI60-07.00467     2.17941   78.558869   13.452439   -0.605    0.163  1
RGI60-07.00197     2.17575   77.892098   15.951108   -0.497    0.143  1
RGI60-07.00689     2.17407   79.584767   11.253780   -0.404    0.152  1
RGI60-07.00746     2.17338   79.709637   12.453787    0.154    0.135  1
RGI60-07.00690     2.16853   79.583998   11.117960   -0.359    0.150  1
RGI60-07.00426     2.16750   78.179975   18.054058   -0.384    0.133  1
RGI60-07.01116     2.16262   78.244543   16.061128   -0.475    0.146  1
RGI60-07.01113     2.15838   78.240077   16.560557   -0.254    0.132  1
RGI60-07.00126     2.15095   77.532786   16.239079   -0.077    0.139  1
RGI60-07.00561     2.14393   78.919160   15.663511   -0.292    0.134  1
RGI60-07.01259     2.13417   79.577482   14.768259    0.064    0.150  1
RGI60-07.00361     2.12848   78.008707   17.832165   -0.665    0.145  1
RGI60-07.00139     2.10362   77.616106   15.542961   -0.286    0.140  1
RGI60-07.00769     2.09031   79.547860   12.918463   -0.106    0.131  1
RGI60-07.00538     2.08460   78.853130   14.601684   -0.392    0.135  1
RGI60-07.01363     2.08342   78.457311   11.487035   -0.695    0.162  1
RGI60-07.01460     2.07981   77.400679   22.946532   -0.753    0.165  1
RGI60-07.00817     2.06987   79.250574   13.540283    0.117    0.131  1
RGI60-07.00706     2.06238   79.530640   10.813943   -0.866    0.177  1
RGI60-07.00188     2.05777   77.866876   15.851447   -0.210    0.134  1
RGI60-07.01156     2.03160   79.674393   14.826498   -0.041    0.141  1
RGI60-07.01049     2.02810   78.111961   15.714826   -0.306    0.141  1
RGI60-07.00083     2.01140   80.437327   23.078748   -0.047    0.136  1
RGI60-07.00119     2.00500   77.524223   16.316771   -0.122    0.141  1
RGI60-07.01225     1.99828   78.948223   15.841692   -0.281    0.132  1
RGI60-07.00640     1.99811   79.175142   12.071926   -0.502    0.165  1
RGI60-07.01395     1.99489   76.964275   16.685341   -0.139    0.142  1
RGI60-07.01135     1.98928   78.421758   16.739513   -0.336    0.150  1
RGI60-07.00353     1.98599   77.995938   17.160665   -0.332    0.149  1
RGI60-07.00920     1.98183   78.090288   21.348213   -0.343    0.141  1
RGI60-07.00441     1.98154   76.833958   15.986844   -0.245    0.143  1
RGI60-07.01268     1.98014   79.262453   15.178343   -0.015    0.127  1
RGI60-07.00457     1.97980   78.527368   13.304689   -0.517    0.154  1
RGI60-07.00633     1.95617   78.698571   14.924563   -0.617    0.160  1
RGI60-07.00193     1.95067   77.899390   16.220190   -0.782    0.159  1
RGI60-07.01040     1.94879   78.255034   16.601533   -0.217    0.133  1
RGI60-07.01299     1.94806   79.017468   15.143986   -0.204    0.131  1
RGI60-07.00176     1.94670   77.750202   16.228395   -0.191    0.144  1
RGI60-07.00108     1.94464   77.470299   14.406448   -0.866    0.174  1
RGI60-07.00718     1.93579   79.656802   11.508387    0.097    0.144  1
RGI60-07.01220     1.93185   79.055911   15.321184   -0.159    0.128  1
RGI60-07.01437     1.92402   77.537528   17.458588   -0.240    0.140  1
RGI60-07.01370     1.92113   78.444964   11.564397   -1.079    0.185  1
RGI60-07.01104     1.91408   78.138153   15.332231   -0.479    0.157  1
RGI60-07.00347     1.91262   78.027687   16.807295   -0.002    0.128  1
RGI60-07.00094     1.90243   77.402678   16.651972   -0.420    0.155  1
RGI60-07.01551     1.88310   77.453775   23.069332   -0.681    0.163  1
RGI60-07.01077     1.88176   77.959551   13.906799   -0.579    0.155  1
RGI60-07.00257     1.88074   76.952886   16.147411   -0.368    0.150  1
RGI60-07.00797     1.87939   79.567043   12.275232   -0.186    0.134  1
RGI60-07.01202     1.87219   79.407681   14.492845   -0.036    0.130  1
RGI60-07.01103     1.86472   78.142192   15.209602   -0.556    0.151  1
RGI60-07.01115     1.86229   78.230050   16.113873   -0.407    0.143  1
RGI60-07.00687     1.85920   79.509891   10.917888   -0.820    0.173  1
RGI60-07.00522     1.85875   78.813344   14.776186   -0.415    0.138  1
RGI60-07.00195     1.85831   77.893011   16.086085   -0.341    0.140  1
RGI60-07.01206     1.85356   79.443995   14.871629    0.012    0.143  1
RGI60-07.00378     1.85040   78.085858   17.207415   -0.018    0.129  1
RGI60-07.00150     1.84564   77.641766   15.761582   -0.402    0.146  1
RGI60-07.00598     1.83976   78.701270   15.742931   -0.397    0.150  1
RGI60-07.01054     1.83212   78.071297   13.894646   -0.603    0.174  1
RGI60-07.00964     1.81345   78.033542   21.535510   -0.066    0.138  1
RGI60-07.00104     1.80106   77.451092   15.787806   -0.226    0.137  1
RGI60-07.00934     1.79563   77.596345   22.122507   -0.509    0.149  1
RGI60-07.01041     1.75285   78.238385   16.662852   -0.475    0.145  1
RGI60-07.00740     1.75061   79.546778   12.854550   -0.174    0.133  1
RGI60-07.01025     1.74938   78.270778   16.595604   -0.317    0.137  1
RGI60-07.00178     1.74740   77.744683   16.793334   -0.038    0.139  1
RGI60-07.01160     1.73907   79.656736   14.462623    0.197    0.144  1
RGI60-07.00187     1.73216   77.830673   17.189291   -0.064    0.130  1
RGI60-07.00358     1.73167   78.004084   18.218209   -0.202    0.131  1
RGI60-07.00772     1.73146   79.364273   13.609358    0.116    0.133  1
RGI60-07.00052     1.72597   80.277359   20.223532    0.129    0.140  1
RGI60-07.00579     1.72518   78.588958   17.222109   -0.218    0.144  1
RGI60-07.01124     1.72238   77.813706   14.954522   -0.644    0.163  1
RGI60-07.00419     1.72048   78.256652   18.161999   -0.156    0.133  1
RGI60-07.00458     1.71996   78.513988   14.215621   -0.584    0.154  1
RGI60-07.00745     1.71137   79.467703   13.042117   -0.134    0.135  1
RGI60-07.00560     1.70081   78.856115   15.669449   -0.679    0.166  1
RGI60-07.01338     1.69153   78.517408   11.327951   -0.610    0.163  1
RGI60-07.00267     1.68985   77.863426   16.964465   -0.304    0.138  1
RGI60-07.00509     1.68691   78.749650   11.931946   -0.672    0.165  1
RGI60-07.00600     1.68589   78.905386   15.573708   -0.348    0.139  1
RGI60-07.00583     1.68209   78.702070   16.859969   -0.047    0.142  1
RGI60-07.00719     1.66230   79.675896   11.380862   -0.285    0.154  1
RGI60-07.00198     1.66221   77.901297   16.130488   -0.353    0.141  1
RGI60-07.00384     1.66065   78.100509   18.880446   -0.259    0.132  1
RGI60-07.01230     1.66007   79.581676   14.471053    0.207    0.148  1
RGI60-07.00430     1.64863   78.309521   18.720978   -0.404    0.137  1
RGI60-07.01161     1.64464   79.651552   14.762695    0.183    0.146  1
RGI60-07.01083     1.64082   77.888796   14.469889   -0.678    0.160  1
RGI60-07.00455     1.63824   76.636480   16.899168   -0.349    0.137  1
RGI60-07.01524     1.63395   78.052404   22.267116   -0.234    0.142  1
RGI60-07.00056     1.63370   80.426251   19.795542    0.052    0.145  1
RGI60-07.00521     1.63180   78.832846   15.012264   -0.393    0.142  1
RGI60-07.01098     1.62333   78.016799   15.542309   -0.359    0.150  1
RGI60-07.01120     1.62064   78.283949   15.992046   -0.309    0.142  1
RGI60-07.00134     1.61432   77.603550   16.144076   -0.165    0.144  1
RGI60-07.00080     1.61075   80.433339   23.178346   -0.091    0.136  1
RGI60-07.00469     1.60680   78.562345   13.012135   -0.639    0.162  1
RGI60-07.01047     1.59669   78.147112   15.427701   -0.305    0.147  1
RGI60-07.00743     1.59323   79.535460   12.275839   -0.385    0.150  1
RGI60-07.01486     1.58088   78.861010   15.858928   -0.339    0.157  1
RGI60-07.01403     1.58009   78.132163   18.059729   -2.042    0.246  1
RGI60-07.00357     1.57781   77.934924   17.953350   -0.380    0.139  1
RGI60-07.00008     1.57587   77.037859   16.103477   -0.102    0.159  1
RGI60-07.00822     1.57179   79.179614   14.732505   -0.036    0.130  1
RGI60-07.01022     1.56850   77.873825   14.466856   -0.606    0.155  1
RGI60-07.01580     1.56525   71.108414   -8.066156   -0.135    0.136  1
RGI60-07.01092     1.56194   77.952312   14.891752   -0.408    0.151  1
RGI60-07.00049     1.55902   80.381232   20.116804   -0.465    0.165  1
RGI60-07.00102     1.55677   77.450093   15.866544   -0.426    0.147  1
RGI60-07.01173     1.55298   79.368465   14.876230   -0.051    0.141  1
RGI60-07.00643     1.55047   79.063375   11.959340   -0.353    0.156  1
RGI60-07.00387     1.54400   78.078082   16.639071   -0.227    0.146  1
RGI60-07.01145     1.53616   78.083296   15.656067   -0.271    0.144  1
RGI60-07.00214     1.53372   76.951937   17.220151   -0.415    0.150  1
RGI60-07.01228     1.52720   78.922979   15.787906   -0.192    0.132  1
RGI60-07.00523     1.52666   78.777593   14.892634   -0.363    0.143  1
RGI60-07.01380     1.52522   77.410750   22.906913   -0.812    0.181  1
RGI60-07.01171     1.50886   79.379478   15.122741   -0.168    0.147  1
RGI60-07.01550     1.49485   77.443412   23.028555   -0.328    0.155  1
RGI60-07.01294     1.49475   79.093701   15.493496   -0.252    0.134  1
RGI60-07.00204     1.49031   77.930483   16.228414   -0.260    0.134  1
RGI60-07.01015     1.47893   77.896318   15.144411   -0.630    0.158  1
RGI60-07.00827     1.47691   79.094333   16.579379   -0.256    0.135  1
RGI60-07.01223     1.46794   78.975076   15.630580   -0.102    0.132  1
RGI60-07.01234     1.46360   78.916979   15.057298   -0.152    0.136  1
RGI60-07.00805     1.46263   79.177163   13.908755   -0.267    0.139  1
RGI60-07.01112     1.45925   78.231882   16.516818   -0.049    0.136  1
RGI60-07.00010     1.45533   77.042979   15.780097   -0.239    0.148  1
RGI60-07.00518     1.45029   78.907094   14.881192   -0.266    0.137  1
RGI60-07.01536     1.45013   77.659525   21.644339   -0.128    0.143  1
RGI60-07.00691     1.44263   79.598488   11.040549   -0.546    0.166  1
RGI60-07.01048     1.43409   78.142706   16.375273   -0.270    0.140  1
RGI60-07.00774     1.43189   79.641588   12.366645   -0.011    0.135  1
RGI60-07.01237     1.42925   79.471932   14.461676    0.053    0.147  1
RGI60-07.00355     1.42625   78.038141   17.442390   -0.264    0.132  1
RGI60-07.00634     1.42488   78.689363   15.006989   -0.732    0.175  1
RGI60-07.01452     1.41851   78.238611   16.784706   -0.155    0.143  1
RGI60-07.00220     1.41659   78.237843   13.575063   -0.854    0.184  1
RGI60-07.00612     1.41071   78.624156   15.832471   -0.518    0.162  1
RGI60-07.01128     1.40730   77.902450   14.994982   -0.660    0.166  1
RGI60-07.00044     1.39578   80.016980   19.182758   -0.470    0.153  1
RGI60-07.00510     1.39431   78.745739   11.989688   -0.450    0.148  1
RGI60-07.01372     1.38889   78.490129   11.427500   -0.966    0.190  1
RGI60-07.00819     1.38720   79.187942   14.208555    0.016    0.136  1
RGI60-07.00393     1.37772   78.113906   17.158268   -0.165    0.133  1
RGI60-07.01127     1.37711   77.828380   14.972764   -0.682    0.164  1
RGI60-07.01119     1.37655   78.267070   16.185917   -0.216    0.136  1
RGI60-07.01129     1.37535   78.015110   15.610115   -0.624    0.160  1
RGI60-07.00536     1.37263   78.887486   14.636496   -0.150    0.134  1
RGI60-07.00306     1.37083   78.475984   12.553077   -0.771    0.169  1
RGI60-07.00780     1.36943   79.507593   12.712549   -0.052    0.137  1
RGI60-07.00597     1.36464   78.696879   15.907980   -0.372    0.167  1
RGI60-07.00979     1.36088   78.441203   21.999166    0.124    0.130  1
RGI60-07.00159     1.35914   77.687484   15.688410   -0.666    0.157  1
RGI60-07.00881     1.34020   79.268760   17.416156   -0.033    0.133  1
RGI60-07.00814     1.32353   79.162555   14.261028   -0.244    0.138  1
RGI60-07.01321     1.32318   79.530741   14.489906    0.178    0.148  1
RGI60-07.00660     1.32094   79.245016   12.170544    0.062    0.172  1
RGI60-07.00567     1.30667   78.774473   16.532726   -0.498    0.157  1
RGI60-07.00539     1.30087   78.866664   14.058887   -0.157    0.134  1
RGI60-07.00639     1.30037   79.194826   11.487523   -0.515    0.179  1
RGI60-07.00180     1.28120   77.752449   16.839501   -0.003    0.137  1
RGI60-07.01341     1.27996   78.501392   11.383326   -0.812    0.184  1
RGI60-07.01159     1.27930   79.661343   14.811012    0.180    0.147  1
RGI60-07.00707     1.26623   79.397820   11.051216   -0.810    0.186  1
RGI60-07.01072     1.26331   77.963922   15.173129   -0.657    0.170  1
RGI60-07.01356     1.25967   78.625565   10.966869   -0.292    0.163  1
RGI60-07.00377     1.25408   78.088959   17.262716   -0.298    0.139  1
RGI60-07.00804     1.25206   79.198387   13.906093   -0.137    0.140  1
RGI60-07.00626     1.24995   78.710280   16.301255   -0.418    0.161  1
RGI60-07.00331     1.24788   77.984375   17.185961   -0.423    0.156  1
RGI60-07.00168     1.24488   77.703432   18.125583   -0.224    0.140  1
RGI60-07.01001     1.24436   78.139887   15.688494   -0.323    0.148  1
RGI60-07.00811     1.24149   79.257737   14.531670    0.047    0.132  1
RGI60-07.00802     1.23725   79.540897   13.009844   -0.140    0.138  1
RGI60-07.00905     1.23541   78.446874   18.897617   -0.212    0.132  1
RGI60-07.00288     1.22868   78.313333   13.747467   -0.859    0.184  1
RGI60-07.00818     1.22829   79.194558   14.160530    0.137    0.134  1
RGI60-07.00865     1.22708   79.883988   17.135532    0.068    0.147  1
RGI60-07.00730     1.22650   80.452475   19.757163   -0.157    0.154  1
RGI60-07.00494     1.21675   78.901606   11.920604   -0.434    0.158  1
RGI60-07.01271     1.20965   79.220294   15.020832   -0.125    0.133  1
RGI60-07.00201     1.20822   77.911900   17.344103    0.044    0.136  1
RGI60-07.01208     1.20793   79.355594   14.701791    0.052    0.136  1
RGI60-07.01008     1.20540   77.995513   15.653653   -0.700    0.171  1
RGI60-07.00328     1.20263   77.974309   16.911743   -0.408    0.159  1
RGI60-07.00668     1.20212   79.272530   11.375276   -0.228    0.152  1
RGI60-07.00329     1.20177   77.961610   18.325900   -0.091    0.132  1
RGI60-07.00339     1.20029   77.924304   16.619838   -0.432    0.157  1
RGI60-07.00213     1.19455   77.558414   18.187800   -0.306    0.140  1
RGI60-07.01182     1.18808   79.161340   15.239310    0.018    0.134  1
RGI60-07.00443     1.18187   77.344664   14.642915   -0.494    0.155  1
RGI60-07.00488     1.18133   78.781267   11.933351   -0.445    0.150  1
RGI60-07.00713     1.17838   79.522414   10.880955   -0.651    0.176  1
RGI60-07.01199     1.16619   79.456048   14.539257   -0.066    0.151  1
RGI60-07.01233     1.16459   78.912995   15.503958   -0.387    0.148  1
RGI60-07.00680     1.16200   79.602748   10.907110   -0.521    0.194  1
RGI60-07.00515     1.15501   78.607765   12.378003   -0.654    0.166  1
RGI60-07.00138     1.15422   77.601010   15.565235   -0.687    0.182  1
RGI60-07.01093     1.15205   78.019930   14.692704   -0.359    0.152  1
RGI60-07.00616     1.14670   78.672141   15.810600   -0.575    0.175  1
RGI60-07.00867     1.14566   79.877582   17.019184    0.161    0.149  1
RGI60-07.00092     1.14528   77.409978   16.439511   -0.124    0.151  1
RGI60-07.00125     1.13951   77.482117   14.400325   -0.692    0.184  1
RGI60-07.01265     1.13913   79.416487   14.720442   -0.135    0.150  1
RGI60-07.01060     1.13630   78.040878   13.953499   -0.892    0.185  1
RGI60-07.01309     1.13163   79.323589   14.780002   -0.141    0.139  1
RGI60-07.00826     1.12751   79.124588   16.412299   -0.382    0.146  1
RGI60-07.01002     1.12490   78.125800   15.738448   -0.276    0.150  1
RGI60-07.00820     1.12396   79.183691   13.591827   -0.211    0.138  1
RGI60-07.01324     1.11226   79.700969   11.945451   -0.433    0.168  1
RGI60-07.00731     1.11155   79.766414   11.579676   -0.022    0.147  1
RGI60-07.01021     1.10701   77.841379   14.116041   -0.774    0.174  1
RGI60-07.00611     1.10337   78.614748   15.724896   -0.559    0.176  1
RGI60-07.00210     1.10165   77.900489   17.150412   -0.069    0.141  1
RGI60-07.01179     1.10075   79.256477   15.438446   -0.149    0.136  1
RGI60-07.01061     1.09730   78.032900   14.985972   -0.673    0.171  1
RGI60-07.01491     1.09656   78.866661   15.574350   -0.181    0.139  1
RGI60-07.01267     1.09407   79.408440   15.006337   -0.030    0.140  1
RGI60-07.00142     1.07852   77.628333   15.490971   -0.251    0.147  1
RGI60-07.01106     1.07826   78.189795   15.452949   -0.334    0.151  1
RGI60-07.00803     1.07288   79.215834   13.944761   -0.197    0.138  1
RGI60-07.00184     1.06742   77.776894   16.720129   -0.252    0.144  1
RGI60-07.00391     1.06115   78.137450   18.257588   -0.292    0.142  1
RGI60-07.00438     1.04939   77.001519   17.161061   -0.400    0.147  1
RGI60-07.00456     1.04872   78.550889   12.727578   -0.437    0.151  1
RGI60-07.00619     1.04844   78.689496   15.998438   -0.583    0.174  1
RGI60-07.00969     1.04352   77.741517   22.143448   -0.516    0.161  1
RGI60-07.00004     1.04346   76.942262   15.993235   -0.085    0.153  1
RGI60-07.01389     1.04200   77.519430   14.161027   -0.783    0.179  1
RGI60-07.01043     1.04108   78.221863   16.280902   -0.262    0.150  1
RGI60-07.00720     1.03868   79.681691   11.330904   -0.057    0.153  1
RGI60-07.00386     1.03138   78.080565   16.778662   -0.359    0.147  1
RGI60-07.00111     1.02728   77.484689   14.163700   -1.191    0.232  1
RGI60-07.00799     1.02511   79.698430   12.436009    0.081    0.142  1
RGI60-07.01445     1.02511   78.830149   12.565453   -0.198    0.143  1
RGI60-07.00370     1.02446   78.043206   17.657988   -0.286    0.139  1
RGI60-07.00024     1.02397   77.348905   16.095963    0.006    0.137  1
RGI60-07.00473     1.02277   78.622904   14.222499   -0.340    0.157  1
RGI60-07.01084     1.02256   77.899519   14.564437   -0.907    0.196  1
RGI60-07.00596     1.01990   78.678310   15.949609   -0.417    0.159  1
RGI60-07.00153     1.01641   77.657713   16.038818   -0.089    0.143  1
RGI60-07.01134     1.01438   78.437132   16.877394   -0.065    0.146  1
RGI60-07.01190     1.01134   79.631556   14.778250    0.214    0.151  1
RGI60-07.00146     1.01080   77.654690   14.877618   -0.562    0.157  1
RGI60-07.00079     1.00128   80.344753   22.869843    0.001    0.140  1
RGI60-07.00498     1.00024   78.863789   11.936780   -0.481    0.164  1
RGI60-07.00577     0.99807   78.534421   15.885270   -0.565    0.184  1
RGI60-07.00742     0.99673   79.319180   13.621191   -0.209    0.140  1
RGI60-07.00739     0.99346   79.552944   12.979687   -0.283    0.145  1
RGI60-07.00282     0.99001   77.708985   17.018336   -0.239    0.139  1
RGI60-07.01279     0.98970   79.259252   14.419922    0.011    0.135  1
RGI60-07.00635     0.98735   79.237767   11.541660   -0.584    0.179  1
RGI60-07.00462     0.98582   78.445041   14.287683   -0.344    0.159  1
RGI60-07.00747     0.97411   79.687541   12.441655    0.101    0.142  1
RGI60-07.00929     0.97328   77.830022   22.143181    0.063    0.136  1
RGI60-07.01150     0.97251   78.546009   17.279707   -0.246    0.153  1
RGI60-07.00692     0.97105   79.614687   11.364092   -0.368    0.167  1
RGI60-07.01280     0.96941   79.313157   14.563415   -0.185    0.148  1
RGI60-07.01253     0.96653   79.605240   14.919402    0.079    0.158  1
RGI60-07.00190     0.96616   77.886850   16.184225   -0.504    0.162  1
RGI60-07.01392     0.96536   77.526467   14.114139   -0.761    0.180  1
RGI60-07.01149     0.96138   78.369810   17.419954   -0.316    0.150  1
RGI60-07.00211     0.95808   77.366287   16.564969   -0.079    0.139  1
RGI60-07.00609     0.95776   78.932539   11.689744   -0.321    0.160  1
RGI60-07.01175     0.95705   79.323573   14.852443   -0.138    0.143  1
RGI60-07.01042     0.95664   78.236596   16.209807   -0.300    0.153  1
RGI60-07.00335     0.95648   78.017479   16.541923   -0.240    0.156  1
RGI60-07.00167     0.95405   77.721230   15.607696   -0.319    0.145  1
RGI60-07.00202     0.95361   77.915439   17.581842   -0.398    0.149  1
RGI60-07.01293     0.95286   79.214676   15.085743    0.036    0.133  1
RGI60-07.00976     0.95201   77.532198   21.164834   -0.395    0.151  1
RGI60-07.00023     0.95047   77.324060   17.366332   -0.478    0.154  1
RGI60-07.01184     0.94874   79.029172   15.849024    0.061    0.136  1
RGI60-07.00999     0.94440   78.267064   15.841890   -0.184    0.156  1
RGI60-07.01262     0.93974   79.552333   15.005418   -0.031    0.160  1
RGI60-07.01226     0.93968   78.953307   15.920026   -0.207    0.141  1
RGI60-07.00571     0.93491   78.621577   15.776450   -0.476    0.180  1
RGI60-07.01412     0.93471   78.911081   14.500316   -0.175    0.138  1
RGI60-07.01272     0.92843   79.062490   15.253019   -0.183    0.138  1
RGI60-07.01026     0.92670   78.471958   17.199103   -0.536    0.162  1
RGI60-07.00686     0.92337   79.519765   10.777155   -0.799    0.204  1
RGI60-07.00372     0.92301   78.066307   17.878551   -0.482    0.150  1
RGI60-07.00103     0.91971   77.444955   15.910133   -0.588    0.167  1
RGI60-07.01027     0.91793   78.429041   16.899325   -0.096    0.148  1
RGI60-07.00112     0.91583   77.461448   15.442097   -0.331    0.151  1
RGI60-07.00563     0.91534   78.920021   11.617886   -0.651    0.187  1
RGI60-07.00446     0.91484   76.868092   15.968743   -0.610    0.165  1
RGI60-07.00829     0.91363   79.056008   16.512485   -0.204    0.141  1
RGI60-07.00292     0.91319   78.487444   12.848366   -0.770    0.187  1
RGI60-07.00333     0.91291   78.008759   17.134304   -0.356    0.152  1
RGI60-07.01006     0.91136   78.055996   16.243308   -0.296    0.154  1
RGI60-07.00433     0.91077   78.196592   18.026152   -0.172    0.137  1
RGI60-07.01297     0.90746   78.960423   15.983732   -0.082    0.137  1
RGI60-07.00268     0.90612   77.905333   17.218110   -0.099    0.138  1
RGI60-07.00912     0.90303   79.350252   17.938601    0.072    0.141  1
RGI60-07.01167     0.89627   79.463629   14.851049    0.016    0.152  1
RGI60-07.00618     0.89621   78.857494   15.928407   -0.490    0.162  1
RGI60-07.00543     0.89454   78.837545   14.780968   -0.099    0.143  1
RGI60-07.00956     0.89062   77.978279   22.139558   -0.647    0.189  1
RGI60-07.00566     0.88998   78.806363   15.830944   -0.372    0.173  1
RGI60-07.01074     0.88905   77.935403   14.707485   -0.629    0.189  1
RGI60-07.01166     0.88534   79.487668   14.373439    0.132    0.154  1
RGI60-07.00105     0.88494   77.461444   14.363170   -0.606    0.176  1
RGI60-07.01283     0.88458   79.328308   14.424687   -0.132    0.144  1
RGI60-07.00369     0.88329   78.045605   17.122510   -0.093    0.136  1
RGI60-07.01314     0.88028   79.408387   14.703503    0.039    0.147  1
RGI60-07.00697     0.87192   79.773851   11.344662   -0.510    0.175  1
RGI60-07.00225     0.87183   77.735630   18.348551   -0.252    0.143  1
RGI60-07.00117     0.86486   77.507764   16.427220    0.041    0.152  1
RGI60-07.01430     0.86456   79.164680   15.104680    0.032    0.135  1
RGI60-07.00252     0.86433   76.797779   16.192370   -0.243    0.160  1
RGI60-07.01073     0.86280   77.981232   15.555448   -0.308    0.154  1
RGI60-07.00088     0.86057   77.366084   14.457798   -0.481    0.160  1
RGI60-07.00338     0.85989   78.020979   17.427240   -0.339    0.143  1
RGI60-07.00828     0.85868   79.060817   16.459189   -0.380    0.155  1
RGI60-07.00495     0.85768   78.891216   11.967236   -0.118    0.159  1
RGI60-07.01352     0.85451   78.746984   10.912556   -0.328    0.168  1
RGI60-07.00192     0.85276   77.893340   17.109532   -0.096    0.142  1
RGI60-07.01258     0.84983   79.670815   14.736030   -0.046    0.151  1
RGI60-07.00989     0.84924   79.056938   18.797321    0.059    0.152  1
RGI60-07.00864     0.84876   79.897596   17.044973    0.102    0.151  1
RGI60-07.01010     0.83856   77.980980   13.801089   -0.571    0.181  1
RGI60-07.00823     0.83780   79.185118   14.783132   -0.265    0.146  1
RGI60-07.00916     0.83543   78.031392   21.331125   -0.215    0.141  1
RGI60-07.00642     0.83426   79.138223   11.448030   -0.516    0.191  1
RGI60-07.01143     0.83418   77.882005   14.594705   -0.476    0.170  1
RGI60-07.01172     0.82692   79.370837   14.283991    0.004    0.144  1
RGI60-07.00152     0.82682   77.667722   15.176360   -0.381    0.150  1
RGI60-07.00525     0.82518   78.710928   15.009822   -0.484    0.167  1
RGI60-07.00291     0.82478   78.487709   12.921918   -0.633    0.190  1
RGI60-07.00189     0.82348   77.879155   16.126105   -0.440    0.168  1
RGI60-07.01231     0.82091   79.522862   14.124001    0.053    0.162  1
RGI60-07.00359     0.81913   77.967509   18.106192   -0.068    0.136  1
RGI60-07.01131     0.81458   78.058128   16.179353   -0.115    0.147  1
RGI60-07.00602     0.81265   78.824413   16.262890   -0.221    0.151  1
RGI60-07.00336     0.81146   78.019311   17.356761    0.005    0.140  1
RGI60-07.00622     0.81140   78.731553   16.022246   -0.591    0.166  1
RGI60-07.00734     0.81129   79.799946   11.658051   -0.025    0.155  1
RGI60-07.00212     0.81110   77.432768   17.473167   -0.431    0.154  1
RGI60-07.00129     0.80841   77.551075   16.196365   -0.116    0.154  1
RGI60-07.00371     0.80137   78.050317   17.669705   -0.364    0.147  1
RGI60-07.01337     0.80006   78.609912   10.981454   -0.205    0.160  1
RGI60-07.00581     0.79924   78.541985   16.788858   -0.074    0.157  1
RGI60-07.00725     0.79176   79.757884   10.819312   -0.527    0.206  1
RGI60-07.00636     0.78883   79.235394   12.131294   -0.251    0.178  1
RGI60-07.00143     0.78532   77.645329   15.122782   -0.421    0.162  1
RGI60-07.01240     0.78453   79.349316   14.269745   -0.055    0.152  1
RGI60-07.01122     0.78232   78.308875   16.117227   -0.428    0.169  1
RGI60-07.00831     0.77931   79.002969   16.517711   -0.525    0.165  1
RGI60-07.00776     0.76540   79.581255   12.257609   -0.203    0.148  1
RGI60-07.00416     0.76449   78.216180   17.600077   -0.318    0.158  1
RGI60-07.00830     0.76270   79.056894   16.571993   -0.159    0.146  1
RGI60-07.00090     0.76002   77.374152   14.373605   -0.537    0.179  1
RGI60-07.01330     0.75945   79.718544   11.932701   -0.047    0.174  1
RGI60-07.00778     0.75770   79.284795   13.649562   -0.193    0.143  1
RGI60-07.01457     0.75699   77.904963   14.942451   -0.471    0.169  1
RGI60-07.00700     0.75676   79.650001   11.542315    0.001    0.158  1
RGI60-07.00481     0.75620   78.524633   14.201335   -0.456    0.164  1
RGI60-07.00255     0.75578   76.923266   15.985721   -0.291    0.182  1
RGI60-07.01391     0.75368   77.519825   14.199769   -0.688    0.181  1
RGI60-07.01039     0.75353   78.453019   16.836046   -0.723    0.191  1
RGI60-07.01000     0.74958   78.223561   16.223502   -0.243    0.150  1
RGI60-07.00183     0.74770   77.775238   16.599877   -0.233    0.146  1
RGI60-07.01094     0.74738   78.018609   14.747892   -0.332    0.164  1
RGI60-07.00545     0.74574   78.870627   14.752115   -0.391    0.150  1
RGI60-07.01446     0.73978   78.797536   14.224561   -0.143    0.146  1
RGI60-07.00534     0.73816   78.777372   14.832480   -0.179    0.151  1
RGI60-07.00114     0.73536   77.468871   15.444035   -0.495    0.170  1
RGI60-07.01411     0.73533   78.682146   15.031211   -0.455    0.175  1
RGI60-07.01029     0.73491   77.961802   15.245550   -0.601    0.179  1
RGI60-07.00149     0.73207   77.667669   15.987780   -0.399    0.157  1
RGI60-07.00914     0.73169   78.075984   21.238432   -0.164    0.144  1
RGI60-07.01239     0.72695   79.389236   14.239042   -0.005    0.145  1
RGI60-07.00726     0.72462   79.539666   11.038888   -0.510    0.180  1
RGI60-07.00575     0.72322   78.572583   17.387771   -0.344    0.156  1
RGI60-07.00174     0.72205   77.746571   16.935929   -0.016    0.143  1
RGI60-07.00868     0.72074   79.579947   17.389672    0.042    0.150  1
RGI60-07.00379     0.71357   78.102368   17.284955   -0.396    0.152  1
RGI60-07.01414     0.71262   78.071693   18.811391   -0.212    0.146  1
RGI60-07.00141     0.71211   77.632019   15.150486   -0.577    0.174  1
RGI60-07.01310     0.71207   79.269513   14.244759   -0.173    0.146  1
RGI60-07.01099     0.71144   77.863467   14.487715   -0.632    0.179  1
RGI60-07.01003     0.70984   78.097102   16.150332   -0.320    0.151  1
RGI60-07.00749     0.70662   79.744133   12.925879   -0.074    0.156  1
RGI60-07.00047     0.70490   80.334051   20.231178   -0.098    0.163  1
RGI60-07.00136     0.70257   77.612764   15.779239   -0.272    0.166  1
RGI60-07.00110     0.70179   77.486260   14.117657   -1.072    0.211  1
RGI60-07.01565     0.69885   77.928169   15.058637   -0.589    0.186  1
RGI60-07.00181     0.69859   77.759700   16.939924    0.128    0.147  1
RGI60-07.01390     0.69843   77.535559   14.240891   -0.689    0.175  1
RGI60-07.00564     0.69793   78.861833   15.983795   -0.152    0.149  1
RGI60-07.01236     0.69702   79.267846   14.288920   -0.256    0.150  1
RGI60-07.00162     0.69543   77.693265   16.479361   -0.431    0.156  1
RGI60-07.00017     0.68704   77.116782   15.289046   -0.101    0.149  1
RGI60-07.00185     0.68580   77.782494   16.668959   -0.195    0.143  1
RGI60-07.01302     0.68235   79.082622   15.379533   -0.208    0.139  1
RGI60-07.00699     0.68049   79.770892   11.244162   -0.298    0.168  1
RGI60-07.00620     0.67797   78.708987   15.972452   -0.568    0.171  1
RGI60-07.00489     0.67284   78.755716   11.888255   -0.270    0.153  1
RGI60-07.01165     0.67232   79.526039   14.074333   -0.003    0.160  1
RGI60-07.01419     0.67216   77.608539   15.561292   -0.391    0.159  1
RGI60-07.00958     0.67207   77.927297   21.923936    0.100    0.141  1
RGI60-07.00383     0.67136   78.123988   16.979698   -0.169    0.145  1
RGI60-07.01227     0.66861   78.971057   15.987570   -0.371    0.153  1
RGI60-07.00137     0.66811   77.602875   15.504150   -0.713    0.185  1
RGI60-07.01097     0.66748   78.025443   15.459442   -0.068    0.158  1
RGI60-07.00348     0.66675   78.035991   17.039154   -0.037    0.142  1
RGI60-07.01306     0.66494   79.269669   15.240412   -0.196    0.148  1
RGI60-07.00953     0.66473   77.825452   22.438999   -0.616    0.181  1
RGI60-07.00675     0.66189   79.296179   11.114872   -0.906    0.218  1
RGI60-07.00107     0.66096   77.461200   15.832751   -0.261    0.152  1
RGI60-07.01007     0.65969   78.039127   14.655531   -0.270    0.166  1
RGI60-07.01281     0.65932   79.325804   14.537593   -0.058    0.141  1
RGI60-07.00011     0.65886   77.049846   16.091596    0.055    0.167  1
RGI60-07.01245     0.65751   79.705955   14.589786    0.023    0.155  1
RGI60-07.00753     0.65741   79.343144   13.758874    0.105    0.147  1
RGI60-07.00356     0.65322   77.976963   17.809988   -0.215    0.143  1
RGI60-07.01064     0.65210   78.029831   14.723709   -0.320    0.169  1
RGI60-07.00200     0.65167   77.911657   16.259155   -0.235    0.152  1
RGI60-07.01335     0.65124   79.816793   11.669714   -0.234    0.169  1
RGI60-07.01263     0.65027   79.488109   14.944421    0.001    0.160  1
RGI60-07.00573     0.65023   78.593623   16.810694   -0.384    0.169  1
RGI60-07.00009     0.64998   77.047178   15.271418   -0.543    0.173  1
RGI60-07.00500     0.64853   78.796789   11.843396   -0.422    0.172  1
RGI60-07.01361     0.64774   78.493882   11.295426   -0.623    0.185  1
RGI60-07.01005     0.64542   78.052716   15.563029   -0.256    0.161  1
RGI60-07.00459     0.64339   78.450806   14.228846   -0.444    0.167  1
RGI60-07.00670     0.64327   79.282830   11.752512   -0.675    0.201  1
RGI60-07.00676     0.64299   79.301548   12.230613   -0.281    0.179  1
RGI60-07.00156     0.64184   77.678969   15.943709    0.052    0.156  1
RGI60-07.01260     0.64140   79.542509   15.059207   -0.033    0.163  1
RGI60-07.00851     0.64128   79.071583   16.432901   -0.294    0.154  1
RGI60-07.01012     0.64049   77.956977   14.659100   -0.427    0.178  1
RGI60-07.01322     0.63965   79.637888   14.763320    0.320    0.164  1
RGI60-07.01377     0.63689   78.070096   16.165830   -0.292    0.154  1
RGI60-07.00960     0.63280   78.041482   22.374891   -0.640    0.174  1
RGI60-07.00846     0.63274   79.291775   16.395092   -0.092    0.147  1
RGI60-07.00330     0.63228   77.981721   17.123255   -0.231    0.168  1
RGI60-07.00548     0.63225   78.807586   14.157322   -0.179    0.151  1
RGI60-07.00963     0.63209   78.055768   21.748474   -0.049    0.151  1
RGI60-07.01360     0.62856   78.503338   11.307957   -0.372    0.165  1
RGI60-07.00684     0.62561   79.552114   10.743191   -0.823    0.215  1
RGI60-07.01257     0.62528   79.604393   14.986566    0.089    0.166  1
RGI60-07.01244     0.62491   79.671371   14.442864    0.283    0.160  1
RGI60-07.00738     0.62201   79.657466   12.405294    0.123    0.142  1
RGI60-07.00540     0.62081   78.897717   14.935230   -0.304    0.153  1
RGI60-07.00155     0.62062   77.681146   15.294854   -0.544    0.172  1
RGI60-07.01254     0.61866   79.664226   14.906738   -0.019    0.154  1
RGI60-07.00955     0.61725   77.822893   22.343147   -0.021    0.143  1
RGI60-07.01334     0.61704   79.752512   11.888953   -0.171    0.162  1
RGI60-07.00109     0.61424   77.472962   15.798054   -0.221    0.161  1
RGI60-07.00553     0.61043   78.690694   14.147367   -0.352    0.152  1
RGI60-07.01418     0.60625   78.018888   15.498559   -0.051    0.158  1
RGI60-07.01296     0.59970   78.954879   15.777277   -0.024    0.143  1
RGI60-07.00485     0.59960   78.361136   13.211269   -0.649    0.183  1
RGI60-07.00400     0.59942   78.197768   17.756282   -0.104    0.156  1
RGI60-07.00732     0.59763   79.765926   11.384672   -0.108    0.177  1
RGI60-07.00001     0.59668   76.705195   17.034666   -0.327    0.154  1
RGI60-07.01250     0.59641   79.699151   14.648864    0.004    0.159  1
RGI60-07.00756     0.59383   79.734528   12.489356    0.104    0.148  1
RGI60-07.01429     0.59352   78.698147   15.004847   -0.590    0.183  1
RGI60-07.00179     0.59266   77.761830   16.691864   -0.194    0.148  1
RGI60-07.00959     0.59081   78.058340   22.310342   -0.198    0.153  1
RGI60-07.00206     0.59066   77.925672   17.550330    0.052    0.146  1
RGI60-07.01247     0.59021   79.727420   14.712418    0.109    0.158  1
RGI60-07.01170     0.58892   79.396177   15.026481   -0.239    0.163  1
RGI60-07.01336     0.58761   79.774928   11.834105    0.112    0.171  1
RGI60-07.00089     0.58702   77.371279   14.328842   -0.634    0.184  1
RGI60-07.00673     0.58457   79.283427   12.152618   -0.385    0.193  1
RGI60-07.00002     0.58058   76.787198   16.189086   -0.007    0.158  1
RGI60-07.00869     0.57903   79.633778   17.633454   -0.094    0.160  1
RGI60-07.01034     0.57900   77.939645   14.759012   -0.581    0.184  1
RGI60-07.01036     0.57898   77.925691   14.111084   -0.610    0.175  1
RGI60-07.01410     0.57879   78.709008   14.973850   -0.449    0.175  1
RGI60-07.01270     0.57823   79.292632   14.912265   -0.115    0.150  1
RGI60-07.01066     0.57746   78.002804   15.596335   -0.677    0.195  1
RGI60-07.00417     0.57744   78.251486   17.986674   -0.200    0.149  1
RGI60-07.00685     0.57643   79.548526   11.041697   -0.429    0.188  1
RGI60-07.00390     0.57236   78.148791   17.388655   -0.075    0.142  1
RGI60-07.00096     0.57224   77.418145   16.007875   -0.272    0.169  1
RGI60-07.01371     0.57036   78.487707   11.467993   -0.716    0.192  1
RGI60-07.00217     0.56999   78.321964   13.261719   -0.801    0.199  1
RGI60-07.00260     0.56683   76.886857   15.992012   -0.306    0.168  1
RGI60-07.00385     0.56670   78.099943   18.824947   -0.151    0.145  1
RGI60-07.01331     0.56399   79.820592   11.714013   -0.031    0.157  1
RGI60-07.00087     0.56347   77.362369   14.410327   -0.838    0.197  1
RGI60-07.00569     0.56213   78.684357   16.361746   -0.125    0.179  1
RGI60-07.00158     0.56147   77.689139   15.335341   -0.330    0.162  1
RGI60-07.00623     0.55961   78.738210   16.052668   -0.541    0.183  1
RGI60-07.00101     0.55902   77.453729   14.646045   -0.267    0.156  1
RGI60-07.00007     0.55834   76.966118   16.426318   -0.033    0.165  1
RGI60-07.00018     0.55809   77.153241   15.263465   -0.309    0.162  1
RGI60-07.00904     0.55731   78.456690   18.899802   -0.176    0.139  1
RGI60-07.01317     0.55647   79.528109   14.032573    0.156    0.159  1
RGI60-07.00373     0.55532   78.077867   16.714821   -0.263    0.161  1
RGI60-07.00057     0.55483   80.419761   19.659434   -0.222    0.193  1
RGI60-07.01339     0.55330   78.741924   10.873538   -0.346    0.183  1
RGI60-07.00021     0.55187   77.313707   14.674903   -0.610    0.184  1
RGI60-07.01289     0.54973   79.451504   14.496840    0.121    0.162  1
RGI60-07.00415     0.54940   78.048232   17.469768   -0.354    0.151  1
RGI60-07.01273     0.54838   79.075461   15.163633   -0.007    0.140  1
RGI60-07.01238     0.54650   79.443448   14.456987    0.149    0.148  1
RGI60-07.01292     0.54497   79.323263   14.907396   -0.072    0.146  1
RGI60-07.00782     0.54385   79.498427   13.071120   -0.250    0.152  1
RGI60-07.01052     0.54033   78.077962   15.994906   -0.393    0.160  1
RGI60-07.01252     0.53644   79.739651   14.729394    0.082    0.157  1
RGI60-07.00099     0.53501   77.423095   16.507912   -0.188    0.170  1
RGI60-07.00454     0.53357   76.683574   16.878947   -0.601    0.168  1
RGI60-07.00795     0.53327   79.624837   12.282104   -0.223    0.156  1
RGI60-07.00381     0.53054   78.107348   17.321427   -0.350    0.149  1
RGI60-07.00526     0.52925   78.619014   14.405963   -0.551    0.187  1
RGI60-07.00562     0.52906   78.917893   11.539366   -0.657    0.217  1
RGI60-07.00199     0.52713   77.907441   15.904185   -0.333    0.166  1
RGI60-07.01402     0.52684   77.634696   15.600771   -0.346    0.157  1
RGI60-07.00394     0.52657   78.140752   18.193334   -0.248    0.153  1
RGI60-07.00637     0.52308   79.224660   11.593945   -0.751    0.238  1
RGI60-07.00123     0.52191   77.504456   14.198698   -0.582    0.173  1
RGI60-07.00716     0.52118   79.553498   11.323953   -0.230    0.172  1
RGI60-07.00048     0.51659   80.467372   19.733756   -0.343    0.188  1
RGI60-07.00086     0.51606   77.355579   14.467701   -0.686    0.186  1
RGI60-07.00012     0.51284   77.068257   15.892974   -0.262    0.168  1
RGI60-07.01269     0.51282   79.293987   15.171993   -0.250    0.157  1
RGI60-07.00334     0.51207   78.003511   18.283653   -0.255    0.150  1
RGI60-07.00144     0.51082   77.655659   15.146273   -0.453    0.161  1
RGI60-07.00194     0.50943   77.902645   15.845941   -0.154    0.159  1
RGI60-07.01379     0.50818   77.382445   22.811842   -0.329    0.172  1
RGI60-07.00701     0.50708   79.633363   11.035886   -0.367    0.192  1
RGI60-07.00216     0.50554   78.219724   13.786662   -0.870    0.228  1
RGI60-07.00005     0.49947   76.956372   16.496584   -0.017    0.171  1
RGI60-07.01146     0.49868   78.088138   15.706002   -0.014    0.160  1
RGI60-07.00375     0.49670   78.071712   18.731651   -0.235    0.150  1
RGI60-07.00604     0.49640   78.539440   16.737146   -0.120    0.169  1
RGI60-07.00245     0.49408   77.053276   15.358991   -0.346    0.171  1
RGI60-07.00091     0.49256   77.379286   14.721958   -0.078    0.154  1
RGI60-07.00127     0.49247   77.534508   17.512408   -0.238    0.166  1
RGI60-07.00938     0.49230   77.513639   21.396185   -0.445    0.161  1
RGI60-07.01033     0.48748   77.896789   14.918732   -0.274    0.165  1
RGI60-07.01509     0.48575   78.464202   18.897134   -0.365    0.154  1
RGI60-07.00917     0.48572   78.011342   21.415735   -0.292    0.152  1
RGI60-07.01062     0.48451   78.037035   15.207109   -0.359    0.177  1
RGI60-07.00736     0.48438   79.759945   11.408499    0.004    0.175  1
RGI60-07.00308     0.48334   78.429163   12.639873   -0.714    0.201  1
RGI60-07.00145     0.47840   77.654817   15.088918   -0.287    0.165  1
RGI60-07.01291     0.47710   79.313282   14.772645   -0.083    0.141  1
RGI60-07.01398     0.47487   77.365680   17.493205   -0.366    0.172  1
RGI60-07.00327     0.47365   77.973456   17.003523   -0.302    0.176  1
RGI60-07.00755     0.47237   79.743652   12.541168   -0.137    0.172  1
RGI60-07.00022     0.46869   77.324616   14.647375   -0.212    0.158  1
RGI60-07.00653     0.46855   79.191807   11.421036   -0.166    0.183  1
RGI60-07.00097     0.46722   77.430336   14.642170   -0.489    0.175  1
RGI60-07.00170     0.46606   77.719232   17.433460   -0.101    0.148  1
RGI60-07.00055     0.46462   80.427436   19.603086    0.063    0.198  1
RGI60-07.01141     0.46227   77.936876   15.079813   -0.669    0.211  1
RGI60-07.00601     0.46140   78.873181   16.009069   -0.496    0.171  1
RGI60-07.00801     0.46063   79.553923   13.018992   -0.250    0.155  1
RGI60-07.00326     0.45756   77.962636   16.979703    0.087    0.157  1
RGI60-07.01448     0.45490   78.469097   18.887779   -0.259    0.150  1
RGI60-07.00480     0.45331   78.460730   14.191115   -0.363    0.164  1
RGI60-07.01423     0.45249   76.896146   16.009474   -0.244    0.162  1
RGI60-07.01232     0.45041   79.454412   14.437094    0.065    0.157  1
RGI60-07.00853     0.44993   79.018274   16.518433   -0.136    0.160  1
RGI60-07.00186     0.44990   77.821182   17.155924   -0.014    0.141  1
RGI60-07.01384     0.44927   79.472883   17.698303   -0.264    0.151  1
RGI60-07.01316     0.44914   79.464425   14.540092   -0.077    0.167  1
RGI60-07.01102     0.44682   77.827411   14.919568   -0.186    0.157  1
RGI60-07.00759     0.44530   79.308558   13.593088    0.055    0.153  1
RGI60-07.00172     0.44263   77.733664   16.062546   -0.266    0.168  1
RGI60-07.00020     0.43916   77.171093   17.332491   -0.017    0.155  1
RGI60-07.00215     0.43761   78.325899   14.036793   -0.531    0.189  1
RGI60-07.01017     0.43748   77.886754   15.159880   -0.465    0.176  1
RGI60-07.01088     0.43542   77.898189   14.696874   -0.412    0.172  1
RGI60-07.00669     0.43326   79.297196   11.729902   -0.624    0.195  1
RGI60-07.00368     0.43326   78.045394   17.079238   -0.132    0.159  1
RGI60-07.01126     0.43281   77.836871   14.981369   -0.542    0.195  1
RGI60-07.00182     0.43160   77.767202   17.370225    0.392    0.172  1
RGI60-07.01413     0.43037   78.795426   11.902447   -0.310    0.167  1
RGI60-07.01443     0.42989   78.863129   12.383150   -0.120    0.181  1
RGI60-07.00542     0.42873   78.833118   14.747099   -0.002    0.162  1
RGI60-07.00729     0.42770   80.435476   19.843033    0.000    0.169  1
RGI60-07.01381     0.42719   77.456417   23.131965   -0.482    0.178  1
RGI60-07.00337     0.42608   78.019073   17.572102   -0.368    0.157  1
RGI60-07.00483     0.41854   78.568680   13.042202   -0.301    0.169  1
RGI60-07.00209     0.41800   77.027230   15.485426   -0.784    0.218  1
RGI60-07.01148     0.41683   78.280775   16.677493   -0.041    0.161  1
RGI60-07.00346     0.41500   78.033032   16.749086   -0.224    0.168  1
RGI60-07.00475     0.41494   78.568613   13.466738   -0.362    0.179  1
RGI60-07.01105     0.41439   78.140441   15.261125   -0.294    0.178  1
RGI60-07.00671     0.41290   79.297114   12.212966    0.051    0.198  1
RGI60-07.01241     0.41263   79.679876   14.451676    0.110    0.161  1
RGI60-07.01266     0.40938   79.386232   15.096047   -0.271    0.173  1
RGI60-07.01070     0.40894   77.985539   14.029290   -0.827    0.211  1
RGI60-07.01282     0.40806   79.332348   14.351515   -0.076    0.152  1
RGI60-07.00821     0.40757   79.226733   13.843573   -0.087    0.158  1
RGI60-07.00918     0.40661   77.659891   21.418545   -0.018    0.156  1
RGI60-07.01365     0.40640   79.459815   17.691839   -0.104    0.152  1
RGI60-07.01275     0.40586   79.006259   15.548573    0.015    0.157  1
RGI60-07.00505     0.40395   78.808092   12.192527   -0.132    0.160  1
RGI60-07.01251     0.40393   79.708520   14.648389   -0.024    0.166  1
RGI60-07.01278     0.40322   78.911690   15.139300   -0.334    0.178  1
RGI60-07.00603     0.40104   78.499634   16.525907   -0.667    0.201  1
RGI60-07.00332     0.39979   78.010713   17.433885   -0.142    0.158  1
RGI60-07.00541     0.39928   78.865577   15.045677   -0.353    0.163  1
RGI60-07.01290     0.39755   79.261634   14.836416   -0.019    0.144  1
RGI60-07.00967     0.39746   78.154786   21.854721   -0.479    0.175  1
RGI60-07.00460     0.39584   78.453854   14.177980   -0.317    0.158  1
RGI60-07.01408     0.39520   78.811274   15.889534   -0.246    0.181  1
RGI60-07.01276     0.39479   78.963198   15.650333   -0.213    0.167  1
RGI60-07.01067     0.39294   77.993385   15.578736   -0.519    0.195  1
RGI60-07.01285     0.39219   79.338021   14.237548   -0.061    0.171  1
RGI60-07.00058     0.39088   80.439743   19.780791    0.116    0.158  1
RGI60-07.01053     0.39067   78.084326   15.583351   -0.148    0.166  1
RGI60-07.01256     0.39055   79.596076   14.810716    0.083    0.175  1
RGI60-07.00003     0.38770   76.919405   16.391509    0.299    0.174  1
RGI60-07.00786     0.38575   79.411670   13.219829   -0.134    0.184  1
RGI60-07.00757     0.38574   79.661240   12.001813   -0.301    0.195  1
RGI60-07.01009     0.38539   78.001258   13.986452   -0.485    0.194  1
RGI60-07.00115     0.38451   77.499684   15.013093   -0.531    0.186  1
RGI60-07.01313     0.38394   79.360318   14.921688    0.020    0.157  1
RGI60-07.01315     0.38038   79.444389   14.511289   -0.049    0.173  1
RGI60-07.01298     0.37827   78.957943   16.035426   -0.224    0.162  1
RGI60-07.01422     0.37592   76.891176   15.937167   -0.994    0.235  1
RGI60-07.01147     0.37408   77.926947   14.664041   -0.544    0.189  1
RGI60-07.00605     0.37394   78.517785   16.691314   -0.081    0.159  1
RGI60-07.00398     0.37332   78.207328   17.529809   -0.219    0.166  1
RGI60-07.00461     0.37178   78.453361   14.104233   -0.349    0.167  1
RGI60-07.00971     0.37111   77.643461   22.191784   -0.316    0.162  1
RGI60-07.01030     0.37101   78.087405   15.747799   -0.276    0.169  1
RGI60-07.01301     0.36870   79.008516   15.303553   -0.129    0.181  1
RGI60-07.01139     0.36761   78.442603   16.927558   -0.761    0.222  1
RGI60-07.01382     0.36733   79.332728   17.587579   -0.113    0.162  1
RGI60-07.01242     0.36679   79.638431   14.243849    0.011    0.161  1
RGI60-07.01434     0.36564   79.293824   13.595023    0.079    0.161  1
RGI60-07.01399     0.36444   77.432595   17.424819   -0.661    0.206  1
RGI60-07.01028     0.36419   78.054923   15.803208   -0.188    0.166  1
RGI60-07.00445     0.36398   76.703226   16.969046   -0.396    0.174  1
RGI60-07.01295     0.36239   78.999608   15.273218    0.240    0.156  1
RGI60-07.00672     0.36056   79.291012   12.185036   -0.498    0.231  1
RGI60-07.01018     0.35994   77.871549   14.641243   -0.680    0.196  1
RGI60-07.01255     0.35934   79.603179   14.861700    0.091    0.174  1
RGI60-07.00345     0.35806   78.032074   16.868808   -0.043    0.150  1
RGI60-07.00972     0.35787   77.607979   21.577187   -0.195    0.153  1
RGI60-07.01140     0.35696   78.434422   16.935992   -0.172    0.187  1
RGI60-07.01261     0.35484   79.535061   14.834929    0.131    0.170  1
RGI60-07.01235     0.35087   79.283833   14.172785   -0.003    0.156  1
RGI60-07.00758     0.34621   79.655127   11.969560   -0.008    0.191  1
RGI60-07.01305     0.34613   79.206398   15.439467   -0.213    0.177  1
RGI60-07.00287     0.34545   78.280196   13.831464   -0.687    0.212  1
RGI60-07.01246     0.34511   79.751301   14.735952    0.087    0.175  1
RGI60-07.01383     0.34413   79.321422   17.629104    0.064    0.147  1
RGI60-07.00760     0.34369   79.300453   13.597245    0.020    0.166  1
RGI60-07.01069     0.34339   77.988180   14.069021   -0.950    0.238  1
RGI60-07.00401     0.34230   78.215881   17.678299   -0.098    0.164  1
RGI60-07.01368     0.34146   79.435764   17.147432   -0.213    0.157  1
RGI60-07.01332     0.34127   79.804039   11.792023   -0.003    0.169  1
RGI60-07.01444     0.34055   78.857778   12.401724   -0.157    0.187  1
RGI60-07.01056     0.34009   78.060658   15.776671   -0.214    0.176  1
RGI60-07.00750     0.33821   79.606318   12.462571   -0.122    0.164  1
RGI60-07.01274     0.33499   79.028301   15.123204   -0.102    0.167  1
RGI60-07.00996     0.33489   79.039886   20.416931   -0.087    0.168  1
RGI60-07.00968     0.33475   78.163807   21.660102   -0.448    0.186  1
RGI60-07.01427     0.33431   78.654908   15.967178   -0.247    0.191  1
RGI60-07.01014     0.33314   77.922712   14.727462   -0.709    0.212  1
RGI60-07.01151     0.33100   77.894790   14.536020   -0.467    0.183  1
RGI60-07.01307     0.33007   79.302346   15.257816   -0.132    0.158  1
RGI60-07.00508     0.32994   78.763716   11.872580   -0.318    0.182  1
RGI60-07.01447     0.32956   78.469757   18.842384   -0.091    0.143  1
RGI60-07.00702     0.32953   79.734754   11.230165   -0.147    0.183  1
RGI60-07.00019     0.32869   77.164549   15.266647   -0.206    0.170  1
RGI60-07.00748     0.32867   79.653264   12.378399   -0.013    0.161  1
RGI60-07.00978     0.32569   78.426805   22.036449   -0.577    0.194  1
RGI60-07.00693     0.32445   79.550276   10.889605   -0.555    0.217  1
RGI60-07.01405     0.32036   79.303828   18.695967    0.093    0.149  1
RGI60-07.00082     0.31846   80.398766   23.110090   -0.142    0.169  1
RGI60-07.00957     0.31601   77.963943   21.820363   -0.070    0.160  1
RGI60-07.01420     0.31530   77.265022   14.529461   -0.430    0.186  1
RGI60-07.01133     0.31419   78.445873   16.874238   -0.323    0.174  1
RGI60-07.01045     0.31339   78.151961   15.752958   -0.127    0.167  1
RGI60-07.00625     0.31285   78.702558   16.330836    0.042    0.183  1
RGI60-07.00015     0.31216   77.081295   15.745599    0.035    0.210  1
RGI60-07.01407     0.31125   78.491585   16.996324   -0.389    0.190  1
RGI60-07.01435     0.30894   78.055847   15.580724   -0.215    0.175  1
RGI60-07.01032     0.30322   77.991233   15.698921   -0.469    0.204  1
RGI60-07.01031     0.30293   78.008978   15.650028   -0.344    0.183  1
RGI60-07.01058     0.30290   78.050775   15.289795   -0.113    0.171  1
RGI60-07.01428     0.30148   78.650320   15.933079   -0.296    0.185  1
RGI60-07.00997     0.30093   79.042800   20.480822   -0.102    0.170  1
RGI60-07.00615     0.29941   78.636686   15.766215   -0.651    0.228  1
RGI60-07.01087     0.29527   77.901912   14.627374   -0.600    0.215  1
RGI60-07.01424     0.29473   76.962469   16.468319   -0.036    0.183  1
RGI60-07.01249     0.29391   79.694782   14.607570   -0.024    0.167  1
RGI60-07.01401     0.29372   77.419252   16.595755    0.477    0.203  1
RGI60-07.00617     0.29133   78.679152   16.019773   -0.356    0.184  1
RGI60-07.01243     0.29018   79.559157   14.138385    0.157    0.175  1
RGI60-07.00965     0.28884   78.101866   21.379688   -0.126    0.165  1
RGI60-07.01046     0.28859   78.145779   15.161956   -0.415    0.186  1
RGI60-07.00286     0.28810   78.290635   13.813637   -0.598    0.216  1
RGI60-07.00310     0.28800   78.479121   12.493474   -0.628    0.212  1
RGI60-07.00059     0.28581   80.444555   19.810713   -0.072    0.239  1
RGI60-07.01421     0.28405   76.880033   15.947172   -0.485    0.188  1
RGI60-07.00975     0.28364   77.515247   21.447244   -0.340    0.163  1
RGI60-07.01288     0.28223   79.527483   14.774879    0.305    0.179  1
RGI60-07.00796     0.28085   79.662289   12.429789    0.115    0.150  1
RGI60-07.00994     0.28059   79.073520   19.701362    0.015    0.174  1
RGI60-07.01320     0.27803   79.563317   14.087712    0.088    0.175  1
RGI60-07.00095     0.27747   77.422351   14.486557   -0.714    0.234  1
RGI60-07.01311     0.27690   79.281955   14.220179    0.007    0.164  1
RGI60-07.01011     0.27079   77.961952   14.853030   -0.265    0.193  1
RGI60-07.01035     0.26864   77.790012   14.334265   -0.592    0.219  1
RGI60-07.01440     0.26843   78.884925   12.000406   -0.227    0.227  1
RGI60-07.00655     0.26565   79.151685   11.928070   -0.758    0.252  1
RGI60-07.00477     0.26389   78.550694   12.969973   -0.569    0.208  1
RGI60-07.01286     0.26220   79.588685   14.850105    0.192    0.186  1
RGI60-07.00116     0.26145   77.505142   14.863973   -0.200    0.183  1
RGI60-07.01277     0.26100   78.923646   15.126523   -0.299    0.190  1
RGI60-07.01284     0.25978   79.330552   14.285910   -0.018    0.156  1
RGI60-07.00698     0.25520   79.774679   11.290800   -0.662    0.267  1
RGI60-07.01438     0.25471   77.076908   15.934323   -0.315    0.224  1
RGI60-07.00961     0.25462   78.072898   22.363171   -0.437    0.192  1
RGI60-07.01367     0.25443   79.449307   17.181257    0.028    0.161  1
RGI60-07.00792     0.25224   79.631938   12.050266   -0.155    0.210  1
RGI60-07.00309     0.24709   78.464237   12.518857   -0.683    0.231  1
RGI60-07.00974     0.24051   77.515946   21.419395   -0.444    0.176  1
RGI60-07.01264     0.23760   79.485251   14.876066   -0.053    0.184  1
RGI60-07.00654     0.23656   79.084355   11.873528   -0.596    0.219  1
RGI60-07.00995     0.23128   78.969604   20.268931    0.054    0.192  1
RGI60-07.01406     0.22947   77.075108   15.880333   -0.366    0.209  1
RGI60-07.01096     0.22936   78.014127   14.899019   -0.429    0.215  1
RGI60-07.00016     0.22832   77.084247   15.858535   -0.663    0.241  1
RGI60-07.00412     0.22788   78.139215   17.835236   -0.245    0.173  1
RGI60-07.01342     0.22587   78.443891   11.512137   -0.541    0.217  1
RGI60-07.01344     0.22534   78.728747   10.839926   -0.171    0.216  1
RGI60-07.01013     0.22295   77.948188   14.717755   -0.273    0.201  1
RGI60-07.00624     0.22270   78.679438   16.230433   -0.432    0.239  1
RGI60-07.01287     0.22250   79.562406   14.916213    0.010    0.189  1
RGI60-07.01588     0.22240   71.051095   -8.370743    0.248    0.216  1
RGI60-07.01142     0.22047   77.820996   14.960507   -0.492    0.235  1
RGI60-07.00751     0.21724   79.576984   12.282597   -0.382    0.210  1
RGI60-07.00966     0.21448   78.108613   21.412692   -0.124    0.174  1
RGI60-07.01304     0.21331   79.098582   15.443201   -0.095    0.169  1
RGI60-07.01089     0.21160   77.898529   14.669989   -0.033    0.162  1
RGI60-07.00696     0.20907   79.385214   10.976720   -0.631    0.284  1
RGI60-07.00628     0.20794   78.780407   15.958824   -0.497    0.210  1
RGI60-07.01318     0.20757   79.533980   14.000594    0.114    0.191  1
RGI60-07.01442     0.20640   78.883023   11.685837   -0.655    0.242  1
RGI60-07.01404     0.20634   79.227712   17.984090    0.179    0.167  1
RGI60-07.01350     0.20584   78.527599   11.351512   -0.781    0.270  1
RGI60-07.00354     0.20528   78.024414   17.093932    0.014    0.171  1
RGI60-07.00269     0.20519   77.903384   17.367547   -0.135    0.187  1
RGI60-07.01019     0.20518   77.877560   15.169343   -0.362    0.200  1
RGI60-07.00889     0.20474   79.320797   18.799062   -0.285    0.178  1
RGI60-07.01076     0.20357   77.909234   15.145392   -0.181    0.181  1
RGI60-07.01057     0.20322   78.047262   15.325278   -0.242    0.194  1
RGI60-07.01101     0.20024   77.828385   14.880922   -0.303    0.208  1
RGI60-07.00122     0.19977   77.490459   14.199014   -0.622    0.258  1
RGI60-07.01308     0.19797   79.331062   14.818220   -0.167    0.174  1
RGI60-07.01333     0.19702   79.776151   11.892776   -0.345    0.269  1
RGI60-07.01248     0.19664   79.720882   14.626783    0.072    0.187  1
RGI60-07.00695     0.19498   79.591182   10.965287   -0.557    0.256  1
RGI60-07.00484     0.19401   78.550415   12.793463   -0.254    0.175  1
RGI60-07.00014     0.19386   77.080031   15.876687   -0.239    0.214  1
RGI60-07.00674     0.19367   79.318909   12.105009   -0.299    0.243  1
RGI60-07.00988     0.19287   79.137932   18.734386    0.156    0.200  1
RGI60-07.01400     0.19115   77.408929   16.800906    0.075    0.159  1
RGI60-07.01612     0.18931   71.012916   -8.302385   -0.334    0.270  1
RGI60-07.01312     0.18791   79.371281   14.339551    0.112    0.202  1
RGI60-07.00648     0.18573   79.152394   11.981803   -0.306    0.233  1
RGI60-07.00754     0.18500   79.329090   13.758262   -0.150    0.190  1
RGI60-07.01373     0.18232   78.737486   10.913668   -0.335    0.216  1
RGI60-07.01385     0.18215   79.479471   17.654098   -0.149    0.171  1
RGI60-07.00614     0.18156   78.635990   15.809865   -0.478    0.227  1
RGI60-07.00289     0.18153   78.305040   13.699847   -0.453    0.218  1
RGI60-07.01020     0.18076   77.859853   14.077536   -0.328    0.202  1
RGI60-07.00486     0.17855   78.881554   12.229444   -0.017    0.185  1
RGI60-07.01601     0.17746   71.027884   -8.048731    0.150    0.228  1
RGI60-07.00621     0.17735   78.711985   16.014995   -0.380    0.226  1
RGI60-07.01346     0.17711   78.653469   10.935874    0.192    0.225  1
RGI60-07.00752     0.17272   79.297051   13.268353    0.069    0.203  1
RGI60-07.00649     0.17149   79.214681   12.152877   -0.024    0.237  1
RGI60-07.01085     0.17125   77.897677   14.439299   -0.404    0.204  1
RGI60-07.00708     0.16939   79.389433   11.017966   -0.416    0.277  1
RGI60-07.01613     0.16760   71.022642   -8.290793   -0.141    0.195  1
RGI60-07.00651     0.16347   79.244400   11.567521   -0.828    0.266  1
RGI60-07.01348     0.16243   78.517402   11.127373   -0.895    0.302  1
RGI60-07.00970     0.16084   77.737263   22.208427   -0.182    0.189  1
RGI60-07.01393     0.16040   77.531808   14.085481   -0.635    0.245  1
RGI60-07.01386     0.15522   78.924829   15.069630   -0.142    0.179  1
RGI60-07.00652     0.15511   79.234769   11.588547   -1.085    0.395  1
RGI60-07.01441     0.15454   78.890956   12.002995   -0.360    0.267  1
RGI60-07.01453     0.15247   77.897219   14.964487   -0.073    0.186  1
RGI60-07.01152     0.15163   77.905587   14.639642   -0.096    0.171  1
RGI60-07.01610     0.14603   71.012742   -8.245386   -0.072    0.250  1
RGI60-07.01598     0.13921   71.042623   -8.027122   -0.078    0.217  1
RGI60-07.00218     0.13908   78.272256   13.845014   -0.139    0.205  1
RGI60-07.01602     0.13870   71.018348   -8.047262    0.220    0.275  1
RGI60-07.00694     0.13812   79.545406   11.180484   -0.067    0.259  1
RGI60-07.01038     0.13697   78.454362   16.933920   -0.384    0.211  1
RGI60-07.00479     0.13446   78.464897   14.175354   -0.384    0.238  1
RGI60-07.00632     0.13242   78.817886   16.197397   -0.361    0.233  1
RGI60-07.00998     0.13020   79.078267   20.486115    0.014    0.201  1
RGI60-07.01343     0.12897   78.482964   11.372228   -0.898    0.315  1
RGI60-07.01604     0.12607   71.015471   -8.132397   -0.359    0.314  1
RGI60-07.01125     0.12600   77.841713   14.946437   -0.206    0.188  1
RGI60-07.00962     0.12370   78.052677   22.180588   -0.034    0.183  1
RGI60-07.01063     0.12176   78.031760   15.225049   -0.372    0.255  1
RGI60-07.01397     0.12024   77.363804   17.449595   -0.127    0.207  1
RGI60-07.01068     0.11878   77.991517   14.001123   -0.906    0.294  1
RGI60-07.01605     0.11724   71.025081   -8.144567   -0.058    0.199  1
RGI60-07.00121     0.11604   77.471054   14.301543   -0.546    0.275  1
RGI60-07.00278     0.11586   77.803099   18.166377    0.029    0.176  1
RGI60-07.01117     0.11555   78.271929   16.048786   -0.026    0.181  1
RGI60-07.01600     0.11349   71.033017   -8.038617    0.015    0.199  1
RGI60-07.01351     0.11273   78.532560   11.370538   -0.663    0.279  1
RGI60-07.01590     0.11222   71.078610   -8.338252    0.013    0.200  1
RGI60-07.00991     0.11201   78.998253   18.835171    0.200    0.209  1
RGI60-07.01603     0.11180   71.015393   -8.102707    0.298    0.274  1
RGI60-07.00478     0.11158   78.460790   14.095829   -0.677    0.255  1
RGI60-07.00992     0.11149   78.996865   18.856941    0.007    0.198  1
RGI60-07.01347     0.11019   78.668605   10.901713   -0.659    0.372  1
RGI60-07.01078     0.10887   77.958843   13.868854   -0.200    0.229  1
RGI60-07.01349     0.10589   78.517949   11.149251   -0.223    0.249  1
RGI60-07.01345     0.10459   78.646113   10.929848   -0.532    0.384  1
RGI60-07.00631     0.10407   78.815942   16.025483   -0.314    0.218  1
RGI60-07.01607     0.10313   71.005768   -8.170389   -0.126    0.302  1
RGI60-07.01615     0.09815   71.014986   -8.342146   -0.055    0.221  1
RGI60-07.01439     0.09627   77.458626   14.649342   -0.410    0.237  1
RGI60-07.00629     0.08744   78.867607   16.037416   -0.283    0.263  1
RGI60-07.00013     0.08249   77.078894   15.759783   -0.699    0.529  1
RGI60-07.01016     0.07856   77.884532   14.619640   -0.328    0.307  1
RGI60-07.00650     0.07849   79.251834   11.564689   -0.882    0.390  1
RGI60-07.01589     0.07411   71.055367   -8.353730    0.363    0.336  1
RGI60-07.01611     0.07353   71.004516   -8.303047    0.357    0.324  1
RGI60-07.01608     0.06687   71.007551   -8.227701   -0.270    0.266  1
RGI60-07.01595     0.06451   71.090864   -8.040353   -0.104    0.425  1
RGI60-07.00613     0.06219   78.640672   15.795295   -0.156    0.274  1
RGI60-07.01319     0.05671   79.536430   14.027861    0.270    0.268  1
RGI60-07.01594     0.05657   71.119417   -8.008611   -0.448    0.399  1
RGI60-07.01614     0.05544   71.019990   -8.317972    0.135    0.301  1
RGI60-07.01592     0.05412   71.145745   -8.077611   -0.197    0.471  1
RGI60-07.01415     0.05355   78.058176   18.783702   -0.100    0.203  1
RGI60-07.01303     0.04931   79.064002   15.352840    0.248    0.259  1
RGI60-07.01591     0.04734   71.143733   -8.093003   -0.008    0.528  1
RGI60-07.00630     0.04640   78.695193   16.843912   -0.055    0.246  1
RGI60-07.01597     0.04253   71.064296   -8.017049    0.193    0.331  1
RGI60-07.01606     0.04202   71.023297   -8.163437   -0.033    0.248  1
RGI60-07.01596     0.03986   71.089769   -8.044600    0.055    0.354  1
RGI60-07.01609     0.03814   71.019869   -8.241701   -0.555    0.442  1
RGI60-07.01599     0.03314   71.036875   -8.029650   -0.022    0.377  1
RGI60-07.01467     0.03243   77.771086   18.126053    0.016    0.292  1
RGI60-07.01553     0.02955   77.894462   23.379132   -0.078    0.228  1
RGI60-07.01593     0.02729   71.145265   -8.067852   -1.691    1.315  1
RGI60-07.01520     0.01828   78.063021   21.647471    0.083    0.301  1
RGI60-07.00264     0.01766   76.798872   16.622921    0.008    0.324  1
RGI60-07.01473     0.02124   77.568311   17.148777   -0.308    0.092  2
RGI60-07.01518     0.01282   78.095085   21.594214   -0.308    0.092  2
