Glacier-specific geodetic mass balance (m w.e. a-1) 2000_2020/ according to Hugonnet et al. (2021)
ID=1: measured, ID=2: regional mean
RGI-ID  Area  lat  lon  B  errB  ID
RGI60-08.00281    55.40545   66.566018   14.136137   -0.500    0.107  1
RGI60-08.00434    47.44673   61.612365    7.054278   -0.834    0.120  1
RGI60-08.01126    41.84866   61.709916    7.126382   -0.472    0.106  1
RGI60-08.00287    41.20423   66.672711   13.981652   -0.358    0.096  1
RGI60-08.01657    36.02203   66.658146   13.849769   -0.334    0.099  1
RGI60-08.02969    22.99352   59.978370    6.355649   -0.481    0.131  1
RGI60-08.02918    22.59148   59.970964    6.305106   -0.556    0.132  1
RGI60-08.00005    21.45405   67.132113   16.375523   -0.630    0.113  1
RGI60-08.01490    20.89751   66.623041   14.292003   -0.970    0.137  1
RGI60-08.02382    20.34961   67.270615   16.133404   -0.905    0.131  1
RGI60-08.01133    20.21429   61.726934    7.222307   -0.410    0.115  1
RGI60-08.00314    20.03336   61.687779    6.953876   -0.468    0.115  1
RGI60-08.01106    19.76859   61.621504    6.938604   -0.516    0.119  1
RGI60-08.01127    18.99150   61.706656    7.025558   -0.378    0.114  1
RGI60-08.02383    18.79077   67.248274   16.043235   -0.435    0.123  1
RGI60-08.01779    17.37244   60.537599    7.384935   -0.675    0.132  1
RGI60-08.00279    17.09746   66.646610   14.253515   -0.763    0.135  1
RGI60-08.02920    16.10875   59.981205    6.260610   -0.858    0.150  1
RGI60-08.01641    15.90229   66.660965   14.034052   -0.620    0.117  1
RGI60-08.02967    14.36376   60.039081    6.392775   -0.600    0.136  1
RGI60-08.03416    14.14057   66.014220   14.298084   -0.693    0.122  1
RGI60-08.01614    13.86747   66.649495   13.755270   -0.388    0.114  1
RGI60-08.01103    13.83764   61.523306    6.759198   -0.196    0.117  1
RGI60-08.01099    12.81657   61.513480    6.805577   -0.305    0.121  1
RGI60-08.00290    12.53110   66.600457   13.866119   -0.673    0.129  1
RGI60-08.01185    12.44891   61.802396    7.318619   -0.761    0.136  1
RGI60-08.01590    12.03620   66.592049   14.289624   -0.471    0.122  1
RGI60-08.02514    11.93391   70.153563   22.074683   -0.313    0.137  1
RGI60-08.00318    11.74564   61.706222    6.691372   -0.767    0.131  1
RGI60-08.01097    11.67986   61.658644    6.925060   -0.458    0.123  1
RGI60-08.02103    11.43493   68.224424   17.222376   -0.524    0.131  1
RGI60-08.01217    11.30667   61.690566    7.678370   -0.818    0.146  1
RGI60-08.00015    11.29810   67.128733   16.477324   -0.628    0.119  1
RGI60-08.02960    11.27709   60.003276    6.244263   -0.702    0.150  1
RGI60-08.02384    11.11486   67.291744   16.053425   -0.862    0.134  1
RGI60-08.01124    11.10165   61.652215    7.048912   -0.208    0.120  1
RGI60-08.02916    10.85597   60.036005    6.322049   -0.696    0.146  1
RGI60-08.01123    10.80801   61.746658    7.101467   -0.511    0.125  1
RGI60-08.01636    10.50051   66.701750   13.936335   -0.310    0.119  1
RGI60-08.01286    10.33980   61.818202    7.353277   -0.730    0.136  1
RGI60-08.01166    10.27744   61.808496    7.271350   -0.724    0.137  1
RGI60-08.00146    10.21801   67.172632   17.645001   -0.978    0.141  1
RGI60-08.00298     9.92976   60.570960    7.383566   -1.032    0.159  1
RGI60-08.01110     9.92781   61.677152    6.712953   -0.594    0.132  1
RGI60-08.01247     9.63094   61.849025    7.563330   -0.724    0.149  1
RGI60-08.02597     9.50368   69.705502   20.147801   -0.857    0.138  1
RGI60-08.02252     9.46663   65.986263   14.124871   -0.693    0.126  1
RGI60-08.00090     9.38462   67.303233   17.604082   -0.788    0.128  1
RGI60-08.00319     9.31469   61.602788    6.871902   -0.104    0.123  1
RGI60-08.01131     9.27935   61.782716    7.217314   -0.822    0.149  1
RGI60-08.00289     9.23232   66.613752   13.824262   -0.166    0.120  1
RGI60-08.01060     8.85608   61.531521    6.706409   -0.386    0.127  1
RGI60-08.00835     8.75788   61.760561    7.941167   -0.664    0.142  1
RGI60-08.02963     8.72251   60.082828    6.398280   -1.084    0.162  1
RGI60-08.00966     8.55629   61.534552    8.456825   -0.533    0.133  1
RGI60-08.00332     8.52505   61.870384    7.403486   -0.701    0.137  1
RGI60-08.02483     8.49514   70.409859   23.253482   -1.214    0.173  1
RGI60-08.01128     8.37701   61.768566    7.129037   -0.473    0.129  1
RGI60-08.02511     8.17713   70.174183   22.002188   -0.502    0.141  1
RGI60-08.01781     7.97094   60.511039    7.438267   -0.678    0.144  1
RGI60-08.00320     7.71528   61.548328    6.834681   -0.447    0.130  1
RGI60-08.02922     7.61180   59.978892    6.415686   -0.917    0.160  1
RGI60-08.02924     7.58490   60.016361    6.396425   -0.446    0.145  1
RGI60-08.03412     7.46533   60.052249    6.356347   -0.847    0.157  1
RGI60-08.01214     7.44736   61.852766    7.351298   -0.638    0.138  1
RGI60-08.01100     7.30314   61.522702    6.838578   -0.475    0.134  1
RGI60-08.00103     7.20203   67.469636   17.574194   -0.768    0.132  1
RGI60-08.02968     7.09011   59.998815    6.421941   -0.697    0.153  1
RGI60-08.01147     7.04206   61.616949    7.492577   -0.684    0.146  1
RGI60-08.01012     6.96975   61.580081    8.504095   -0.714    0.145  1
RGI60-08.02639     6.87688   68.002367   16.821306   -0.590    0.134  1
RGI60-08.02374     6.80714   67.228921   16.125181   -0.825    0.142  1
RGI60-08.01098     6.77668   61.585118    6.830352   -0.209    0.131  1
RGI60-08.01780     6.76810   60.558093    7.442336   -0.746    0.151  1
RGI60-08.01125     6.76472   61.672552    7.104389   -0.460    0.134  1
RGI60-08.02144     6.72937   61.547765    8.096043   -0.598    0.150  1
RGI60-08.00121     6.72735   67.415139   17.695960   -0.805    0.140  1
RGI60-08.01778     6.67592   60.518797    7.475086   -0.594    0.147  1
RGI60-08.02031     6.61337   61.483841    6.508580   -0.524    0.137  1
RGI60-08.00819     6.57687   61.755283    7.873204   -0.606    0.148  1
RGI60-08.00323     6.55220   61.638109    6.872294   -0.511    0.135  1
RGI60-08.01091     6.54999   61.624806    6.838194   -0.269    0.130  1
RGI60-08.01783     6.53348   60.547702    7.480592   -0.863    0.156  1
RGI60-08.01104     6.49624   61.609199    6.806893   -0.509    0.139  1
RGI60-08.02640     6.42018   68.005867   16.875778   -0.691    0.141  1
RGI60-08.00455     6.33174   69.525320   19.877650   -0.720    0.153  1
RGI60-08.01049     6.11461   61.714961    6.896216   -0.795    0.145  1
RGI60-08.01597     6.08457   66.581401   13.784370   -0.463    0.132  1
RGI60-08.01152     6.05623   61.603516    7.453337   -0.713    0.147  1
RGI60-08.00322     6.03463   61.717632    6.954283   -0.609    0.140  1
RGI60-08.01245     6.02838   61.870313    7.613598   -0.851    0.160  1
RGI60-08.02458     6.00844   68.218309   17.910702   -0.653    0.137  1
RGI60-08.02778     5.94680   61.916936    7.337500   -0.840    0.159  1
RGI60-08.01650     5.88885   66.721648   14.028101   -0.367    0.129  1
RGI60-08.01013     5.88583   61.553783    8.491010   -0.705    0.146  1
RGI60-08.02930     5.83614   60.197122    6.481638   -0.505    0.154  1
RGI60-08.01716     5.83219   60.751126    7.315891   -0.789    0.172  1
RGI60-08.01598     5.61714   66.557295   13.761139   -0.808    0.152  1
RGI60-08.00021     5.58779   67.410083   17.450666   -1.014    0.157  1
RGI60-08.02940     5.56427   60.204437    6.438291   -0.730    0.162  1
RGI60-08.01108     5.52764   61.746645    6.691314   -0.615    0.140  1
RGI60-08.00137     5.52243   67.330474   17.617430   -0.874    0.143  1
RGI60-08.02928     5.41141   60.219082    6.460572   -0.626    0.157  1
RGI60-08.01656     5.39879   66.625515   13.775610   -0.337    0.131  1
RGI60-08.02636     5.34674   68.023108   16.843051   -0.510    0.134  1
RGI60-08.00875     5.33845   61.599272    8.301721   -0.649    0.149  1
RGI60-08.01489     5.28774   66.631411   14.188611   -0.415    0.139  1
RGI60-08.02961     5.28736   60.035813    6.284153   -0.689    0.162  1
RGI60-08.02392     5.22686   67.118461   16.343157   -0.569    0.134  1
RGI60-08.00312     5.20640   61.574838    8.140913   -0.620    0.154  1
RGI60-08.00324     5.14825   61.554928    6.744919   -0.260    0.135  1
RGI60-08.01816     5.13869   69.392826   19.861093   -0.952    0.166  1
RGI60-08.01165     5.11298   61.751132    7.223322   -0.438    0.138  1
RGI60-08.00335     5.10426   69.488968   19.957752   -0.501    0.143  1
RGI60-08.02780     5.08715   61.931772    7.597663   -0.763    0.159  1
RGI60-08.00876     5.06431   61.622694    8.321928   -0.514    0.152  1
RGI60-08.01178     5.01548   61.826061    7.132406   -0.603    0.142  1
RGI60-08.02972     4.97297   60.184388    6.441910   -0.672    0.159  1
RGI60-08.02567     4.94515   69.877959   20.282881   -0.887    0.165  1
RGI60-08.02355     4.93882   67.209514   16.106948   -0.653    0.141  1
RGI60-08.00872     4.90272   61.642910    8.340307   -0.591    0.155  1
RGI60-08.00006     4.88406   68.082051   18.047199   -0.619    0.140  1
RGI60-08.01551     4.84780   66.831022   14.471050   -0.612    0.135  1
RGI60-08.02375     4.77249   67.245894   16.155268   -0.520    0.143  1
RGI60-08.02160     4.74496   61.565710    8.103019   -0.867    0.165  1
RGI60-08.01288     4.71913   61.562929    6.827339   -0.239    0.135  1
RGI60-08.01587     4.71205   66.613290   14.123112   -0.353    0.133  1
RGI60-08.00132     4.62589   67.414374   17.780455   -0.542    0.132  1
RGI60-08.00095     4.59151   67.448273   17.657048   -0.775    0.142  1
RGI60-08.01015     4.58277   61.583707    8.261110   -0.805    0.163  1
RGI60-08.01107     4.56086   61.595808    6.933459   -0.435    0.140  1
RGI60-08.01287     4.54004   61.742901    6.725265   -0.630    0.151  1
RGI60-08.02513     4.52339   70.179651   22.092527   -0.398    0.151  1
RGI60-08.02973     4.51217   60.218476    6.502590   -0.558    0.158  1
RGI60-08.00860     4.47817   61.642467    8.289268   -0.574    0.155  1
RGI60-08.00435     4.44522   60.101201    6.421990   -0.872    0.173  1
RGI60-08.02232     4.43686   65.980303   14.284185   -0.647    0.158  1
RGI60-08.01655     4.40774   66.643741   14.066482   -0.441    0.136  1
RGI60-08.01441     4.37356   66.619627   14.156031   -0.437    0.135  1
RGI60-08.01231     4.36353   61.665485    7.660190   -0.711    0.149  1
RGI60-08.02201     4.32135   70.168027   22.146015   -0.285    0.148  1
RGI60-08.02372     4.31914   67.273894   15.975548   -0.420    0.147  1
RGI60-08.02254     4.31629   65.990234   14.203615   -0.528    0.138  1
RGI60-08.02984     4.30489   61.041811    6.777820   -0.619    0.162  1
RGI60-08.03195     4.28904   69.449348   19.894391   -1.378    0.209  1
RGI60-08.02070     4.24629   68.223385   17.158936   -0.622    0.148  1
RGI60-08.00446     4.13797   69.688134   20.140295   -1.139    0.166  1
RGI60-08.02643     4.07648   60.066387    6.427184   -0.727    0.162  1
RGI60-08.03383     4.06501   69.423342   19.381762   -1.017    0.177  1
RGI60-08.01566     4.02769   66.553682   13.808919   -0.524    0.141  1
RGI60-08.01485     4.00087   66.666672   14.293652   -1.028    0.182  1
RGI60-08.01776     3.98204   60.512607    7.400940   -0.624    0.155  1
RGI60-08.02666     3.97055   61.752520    5.645062   -0.621    0.161  1
RGI60-08.01129     3.95534   61.704477    7.208529   -0.490    0.144  1
RGI60-08.00657     3.85272   65.344408   13.814478   -0.851    0.155  1
RGI60-08.00278     3.81011   66.563389   13.831307   -0.295    0.136  1
RGI60-08.01623     3.79536   66.658004   14.078353   -0.548    0.141  1
RGI60-08.02104     3.78598   68.242409   17.142829   -0.412    0.142  1
RGI60-08.00109     3.72883   67.441944   17.697923   -0.697    0.140  1
RGI60-08.00188     3.69393   67.909702   18.496319   -0.610    0.162  1
RGI60-08.02396     3.68878   67.167121   16.298485   -0.843    0.159  1
RGI60-08.00199     3.68649   68.081634   18.684933   -0.709    0.143  1
RGI60-08.01483     3.66255   66.702862   14.383310   -0.481    0.134  1
RGI60-08.01230     3.66075   61.867408    7.556090   -0.335    0.154  1
RGI60-08.02971     3.64316   60.132988    6.480326   -0.864    0.190  1
RGI60-08.02582     3.63047   69.690138   20.054255   -0.492    0.151  1
RGI60-08.01142     3.62412   61.547181    7.066254   -0.433    0.142  1
RGI60-08.01195     3.60211   61.770127    7.371785   -0.696    0.153  1
RGI60-08.00452     3.59371   65.975245   14.237052   -0.607    0.158  1
RGI60-08.00331     3.56864   61.859851    7.469583   -0.686    0.157  1
RGI60-08.00818     3.54459   61.749143    8.064975   -0.483    0.148  1
RGI60-08.02255     3.53967   65.973321   14.187320   -0.447    0.136  1
RGI60-08.02962     3.53171   60.075026    6.366261   -1.202    0.190  1
RGI60-08.02202     3.51399   69.504894   19.885717   -0.405    0.144  1
RGI60-08.02693     3.49308   61.733873    5.652892   -0.769    0.172  1
RGI60-08.00476     3.49068   61.470475    6.904748   -1.017    0.176  1
RGI60-08.00963     3.48080   61.552733    8.571691   -0.832    0.166  1
RGI60-08.01258     3.45188   70.131010   21.740386   -0.861    0.179  1
RGI60-08.02908     3.44433   60.023420    6.255505   -0.812    0.171  1
RGI60-08.02760     3.43549   61.842208    7.093686   -0.638    0.155  1
RGI60-08.01186     3.41326   61.837975    7.268793   -1.002    0.169  1
RGI60-08.01586     3.41247   66.581305   13.887919   -0.519    0.152  1
RGI60-08.01782     3.40674   60.529643    7.486813   -0.684    0.169  1
RGI60-08.00213     3.40362   67.904273   18.566015   -0.315    0.132  1
RGI60-08.01594     3.40287   66.570009   14.035177   -0.398    0.143  1
RGI60-08.00440     3.38126   61.716501    6.729856   -0.393    0.144  1
RGI60-08.01556     3.37924   66.840158   14.496476   -0.787    0.152  1
RGI60-08.02779     3.37687   61.956014    7.472189   -0.890    0.168  1
RGI60-08.01552     3.37252   66.826130   14.436456   -0.655    0.148  1
RGI60-08.00321     3.36957   61.501809    6.519574   -0.513    0.150  1
RGI60-08.00821     3.34733   61.749558    8.107308   -0.369    0.149  1
RGI60-08.01658     3.33861   66.741536   14.039440   -0.440    0.143  1
RGI60-08.01336     3.32218   61.523928    7.930489   -0.816    0.168  1
RGI60-08.01573     3.31231   66.570162   13.863191   -0.476    0.145  1
RGI60-08.01114     3.29287   61.668116    7.065089   -0.482    0.145  1
RGI60-08.00126     3.29209   67.298354   17.508058   -1.034    0.171  1
RGI60-08.02777     3.22441   61.914164    7.373663   -0.841    0.163  1
RGI60-08.03058     3.20308   61.432978    8.186339   -0.785    0.164  1
RGI60-08.00873     3.19743   61.615988    8.272931   -0.814    0.165  1
RGI60-08.01558     3.19714   66.576863   14.245882   -0.092    0.137  1
RGI60-08.00085     3.19176   67.402877   17.815943   -0.634    0.144  1
RGI60-08.00154     3.18262   67.338483   17.969928   -0.828    0.151  1
RGI60-08.00045     3.16473   67.353984   17.415711   -0.866    0.159  1
RGI60-08.00040     3.13506   67.239366   17.386702   -0.552    0.139  1
RGI60-08.00827     3.09764   61.729227    7.723990   -0.985    0.172  1
RGI60-08.02970     3.09716   60.157977    6.489188   -0.625    0.176  1
RGI60-08.01102     3.09624   61.526564    6.911194   -0.602    0.155  1
RGI60-08.01488     3.08747   66.726359   14.449182   -0.562    0.142  1
RGI60-08.01213     3.05256   61.840633    7.367541   -0.638    0.149  1
RGI60-08.00386     3.02626   62.100666    8.083039   -0.782    0.172  1
RGI60-08.02507     3.00669   70.154536   22.009007   -0.634    0.171  1
RGI60-08.01555     3.00274   66.842631   14.427338   -0.665    0.146  1
RGI60-08.02775     3.00042   61.934269    7.417324   -0.988    0.170  1
RGI60-08.02219     2.99449   66.001068   14.371044   -0.609    0.149  1
RGI60-08.00297     2.96926   66.432793   13.634401   -0.776    0.163  1
RGI60-08.00042     2.96681   67.258620   17.395860   -0.694    0.150  1
RGI60-08.01059     2.94731   61.671217    6.667556   -0.626    0.152  1
RGI60-08.03008     2.93961   61.482186    7.123817   -0.575    0.151  1
RGI60-08.03049     2.93674   61.421636    8.167591   -0.972    0.185  1
RGI60-08.00958     2.91914   61.583773    8.314624   -0.533    0.163  1
RGI60-08.01607     2.91848   66.624370   14.018891   -0.188    0.139  1
RGI60-08.00296     2.91648   66.418179   13.645486   -0.239    0.139  1
RGI60-08.02650     2.90732   61.747729    5.677769   -0.992    0.186  1
RGI60-08.01774     2.90466   60.553125    7.358764   -0.788    0.169  1
RGI60-08.02942     2.85614   60.148795    6.461480   -0.605    0.165  1
RGI60-08.01329     2.85393   66.885793   14.542109   -0.903    0.157  1
RGI60-08.01592     2.84075   66.534904   14.238490   -0.397    0.137  1
RGI60-08.00122     2.83933   67.319185   17.519091   -0.926    0.160  1
RGI60-08.00325     2.83276   66.488846   14.568145   -0.416    0.141  1
RGI60-08.00967     2.81963   61.665268    8.539980   -0.702    0.164  1
RGI60-08.00398     2.80693   61.493393    6.550052   -0.333    0.145  1
RGI60-08.01240     2.79822   61.659054    7.632906   -0.664    0.157  1
RGI60-08.00449     2.79722   61.560291    8.438997   -0.759    0.165  1
RGI60-08.02493     2.78207   70.236385   21.945462   -0.594    0.157  1
RGI60-08.01076     2.75847   61.611809    7.001791   -0.490    0.151  1
RGI60-08.02772     2.75736   61.933298    7.355326   -0.718    0.156  1
RGI60-08.00828     2.72520   61.722012    8.008534   -0.536    0.154  1
RGI60-08.01014     2.70018   61.665645    8.570507   -0.665    0.169  1
RGI60-08.01466     2.69569   66.739179   14.475584   -0.651    0.149  1
RGI60-08.01577     2.69300   66.601611   14.078486   -0.446    0.145  1
RGI60-08.02381     2.68637   67.221629   16.064445   -0.748    0.156  1
RGI60-08.00418     2.66701   61.737492    7.701563   -0.531    0.164  1
RGI60-08.00680     2.65785   65.220233   13.813365   -0.351    0.151  1
RGI60-08.00333     2.63039   69.788892   20.191177   -0.857    0.192  1
RGI60-08.03043     2.62799   61.435909    7.845805   -0.216    0.148  1
RGI60-08.02451     2.62679   68.238782   17.862213   -0.383    0.145  1
RGI60-08.01644     2.61560   66.631215   13.734671   -0.335    0.144  1
RGI60-08.01424     2.59143   61.427656    8.582017   -0.881    0.182  1
RGI60-08.02256     2.58200   65.997790   14.232946   -0.599    0.153  1
RGI60-08.00136     2.57793   67.428424   17.754027   -0.588    0.141  1
RGI60-08.00307     2.57308   66.469103   13.629512   -0.298    0.142  1
RGI60-08.00416     2.57220   68.129307   17.834492   -0.667    0.154  1
RGI60-08.00953     2.57178   61.574431    8.557292   -0.529    0.153  1
RGI60-08.00295     2.57133   66.453679   13.632498   -0.488    0.154  1
RGI60-08.00105     2.55921   67.391305   17.747600   -0.776    0.162  1
RGI60-08.02759     2.55557   61.829483    7.077971   -0.512    0.157  1
RGI60-08.00767     2.55196   66.584055   14.775838   -0.580    0.147  1
RGI60-08.00024     2.54603   67.302879   17.442354   -0.923    0.174  1
RGI60-08.01042     2.52309   61.503819    6.701972   -0.727    0.162  1
RGI60-08.01999     2.51641   61.480329    6.550198   -0.141    0.143  1
RGI60-08.00134     2.51614   67.291146   17.920772   -0.809    0.164  1
RGI60-08.00458     2.51254   61.637766    7.474877   -0.712    0.172  1
RGI60-08.00605     2.47820   69.562281   20.802312   -0.770    0.164  1
RGI60-08.01120     2.43869   61.767535    7.215651   -0.545    0.152  1
RGI60-08.01553     2.43726   66.852074   14.527770   -0.637    0.145  1
RGI60-08.02748     2.42635   61.835258    7.052799   -0.380    0.148  1
RGI60-08.01122     2.42512   61.808900    7.214634   -0.446    0.153  1
RGI60-08.00072     2.41956   67.580735   17.432583   -0.537    0.149  1
RGI60-08.00156     2.38615   67.346030   17.941323   -0.777    0.164  1
RGI60-08.00501     2.38397   61.799944    6.905633   -0.416    0.147  1
RGI60-08.02459     2.37938   68.236440   17.905785   -0.532    0.143  1
RGI60-08.01290     2.37821   61.535622    8.590650   -0.219    0.150  1
RGI60-08.03020     2.36699   61.455825    7.918471   -0.454    0.172  1
RGI60-08.02016     2.35570   61.471319    6.656030   -0.588    0.156  1
RGI60-08.02149     2.35459   61.539744    8.136918   -0.926    0.187  1
RGI60-08.02776     2.35132   61.917126    7.407341   -0.884    0.178  1
RGI60-08.00245     2.34251   68.147703   18.576905   -0.693    0.157  1
RGI60-08.00499     2.33027   61.791416    6.926820   -0.390    0.148  1
RGI60-08.01482     2.32325   66.687808   14.394739   -0.309    0.139  1
RGI60-08.03209     2.31013   69.467220   19.929201   -0.733    0.165  1
RGI60-08.01640     2.30812   66.617787   13.985474   -0.347    0.145  1
RGI60-08.02370     2.30498   67.256010   15.968272   -0.725    0.171  1
RGI60-08.02357     2.30270   67.289078   16.131083   -0.698    0.158  1
RGI60-08.00291     2.28728   66.724680   13.990607   -0.513    0.151  1
RGI60-08.02235     2.28723   65.987280   14.330651   -0.543    0.163  1
RGI60-08.01215     2.28610   61.878292    7.460969   -0.642    0.157  1
RGI60-08.03200     2.28244   69.481479   19.892333   -0.225    0.148  1
RGI60-08.01072     2.27415   61.535443    6.887254   -0.578    0.155  1
RGI60-08.00830     2.26931   61.731584    8.041426   -0.757    0.173  1
RGI60-08.01082     2.26700   61.549937    6.697763   -0.446    0.153  1
RGI60-08.00147     2.26016   67.182784   17.586536   -0.770    0.168  1
RGI60-08.02982     2.25862   61.032344    6.752901   -0.902    0.178  1
RGI60-08.03218     2.25503   69.456710   19.834628   -0.589    0.169  1
RGI60-08.00427     2.24229   61.789534    5.853614   -0.672    0.182  1
RGI60-08.02692     2.22954   61.795499    5.876930   -0.507    0.176  1
RGI60-08.00450     2.22882   69.451234   19.387075   -0.658    0.171  1
RGI60-08.02457     2.21546   68.227939   17.951481   -0.505    0.142  1
RGI60-08.02399     2.21538   67.161628   16.343629   -0.196    0.143  1
RGI60-08.01095     2.17628   61.572671    6.789944   -0.392    0.149  1
RGI60-08.02683     2.17470   61.737626    5.613888   -0.970    0.189  1
RGI60-08.02263     2.16911   67.625208   16.165137   -0.773    0.173  1
RGI60-08.01606     2.16653   66.746155   14.007275   -1.117    0.200  1
RGI60-08.00987     2.16379   61.655897    8.596675   -0.343    0.152  1
RGI60-08.01292     2.16357   61.739952    6.660507   -0.710    0.165  1
RGI60-08.00175     2.15438   67.573066   18.269929   -0.426    0.146  1
RGI60-08.01486     2.15152   66.659696   14.330547   -1.278    0.196  1
RGI60-08.01093     2.14545   61.508635    6.727049   -0.201    0.144  1
RGI60-08.00432     2.13990   61.780706    7.154584   -0.594    0.158  1
RGI60-08.03362     2.13441   69.612730   20.146118   -0.581    0.160  1
RGI60-08.00285     2.09340   66.634223   14.066356   -0.278    0.144  1
RGI60-08.01046     2.08881   61.724315    6.669009   -0.605    0.153  1
RGI60-08.02500     2.08771   70.185106   22.019736   -0.605    0.168  1
RGI60-08.00075     2.06115   67.713328   17.789637   -0.383    0.147  1
RGI60-08.00502     2.05224   61.772820    6.906290   -0.362    0.153  1
RGI60-08.01491     2.04526   66.692375   14.346361   -0.189    0.144  1
RGI60-08.01157     2.04414   61.623177    7.445209   -0.560    0.180  1
RGI60-08.01139     2.02271   61.628177    7.087380   -0.432    0.150  1
RGI60-08.02258     2.01399   61.474623    7.881640   -0.394    0.167  1
RGI60-08.00838     2.01129   61.607159    8.124125   -0.539    0.176  1
RGI60-08.03010     2.00607   61.416512    6.890812   -0.708    0.165  1
RGI60-08.01192     2.00303   61.801626    7.501413   -0.236    0.167  1
RGI60-08.03161     1.99476   68.067775   17.183591   -0.734    0.169  1
RGI60-08.03205     1.99345   69.461177   19.867378   -0.130    0.145  1
RGI60-08.00483     1.97442   61.451013    6.901169   -0.691    0.167  1
RGI60-08.01384     1.96944   67.419015   16.089304   -0.581    0.151  1
RGI60-08.02850     1.96741   62.693298    8.663256   -0.622    0.185  1
RGI60-08.02739     1.95268   61.866263    7.017400   -0.650    0.160  1
RGI60-08.02376     1.95211   67.285193   16.000213   -0.373    0.146  1
RGI60-08.02017     1.94871   61.413214    6.547294   -0.904    0.180  1
RGI60-08.01516     1.93732   66.671141   14.523099   -0.180    0.136  1
RGI60-08.02595     1.93487   69.737294   20.245098   -0.654    0.161  1
RGI60-08.02193     1.92657   69.498619   19.461940   -0.939    0.182  1
RGI60-08.02798     1.92656   62.064498    7.651772   -0.634    0.166  1
RGI60-08.02573     1.92291   69.641695   19.988117   -0.751    0.176  1
RGI60-08.01162     1.91806   61.508438    7.080863   -0.433    0.155  1
RGI60-08.01047     1.91099   61.559104    6.776808   -0.316    0.151  1
RGI60-08.02445     1.89979   68.255839   17.803102   -0.393    0.148  1
RGI60-08.02388     1.89876   67.134864   16.284938   -0.226    0.149  1
RGI60-08.02596     1.89632   69.741296   20.154628   -0.913    0.196  1
RGI60-08.01596     1.87360   66.614047   13.928941   -0.086    0.147  1
RGI60-08.02966     1.86830   60.084109    6.441630   -0.992    0.201  1
RGI60-08.01248     1.85339   61.738573    7.661671   -1.089    0.220  1
RGI60-08.02763     1.85258   61.944169    7.403801   -1.036    0.184  1
RGI60-08.00191     1.85166   68.099390   18.684497   -0.690    0.148  1
RGI60-08.01136     1.84681   61.589578    7.415896   -1.035    0.194  1
RGI60-08.01112     1.84028   61.729227    6.914161   -0.336    0.152  1
RGI60-08.01479     1.83947   66.672578   14.356865   -0.563    0.158  1
RGI60-08.01058     1.83798   61.559889    6.705289   -0.457    0.155  1
RGI60-08.01637     1.83561   66.641987   13.697920   -0.824    0.179  1
RGI60-08.00300     1.82280   60.536280    7.507992   -0.729    0.191  1
RGI60-08.02199     1.81897   65.985361   14.372269   -0.397    0.153  1
RGI60-08.00032     1.80957   67.391301   17.489799   -0.593    0.158  1
RGI60-08.01081     1.80896   61.662369    6.680009   -0.700    0.176  1
RGI60-08.00157     1.80433   67.273618   17.955177   -0.392    0.146  1
RGI60-08.01613     1.80411   66.621699   13.953508   -0.236    0.148  1
RGI60-08.00215     1.79820   67.968187   18.396871   -0.658    0.177  1
RGI60-08.02436     1.79717   68.341273   17.853982   -0.980    0.193  1
RGI60-08.00128     1.79656   67.345196   17.902953   -0.725    0.167  1
RGI60-08.00053     1.78723   67.798256   17.919219   -0.529    0.153  1
RGI60-08.02095     1.77861   68.210151   17.177317   -0.377    0.156  1
RGI60-08.02983     1.77298   60.965102    7.308501   -0.568    0.176  1
RGI60-08.01189     1.76978   61.792223    7.375769   -0.414    0.157  1
RGI60-08.02251     1.76716   65.971941   14.146256   -0.360    0.146  1
RGI60-08.00368     1.76323   61.599663    7.499531   -0.674    0.163  1
RGI60-08.02965     1.75127   60.098923    6.451580   -0.866    0.191  1
RGI60-08.00824     1.73911   61.733906    7.856813   -0.740    0.171  1
RGI60-08.01011     1.73685   61.595194    8.482653   -0.747    0.181  1
RGI60-08.01855     1.73576   66.430780   13.706488   -0.163    0.147  1
RGI60-08.01105     1.73019   61.636627    6.802102   -0.576    0.164  1
RGI60-08.00538     1.72573   62.001777    7.115048   -0.574    0.168  1
RGI60-08.01659     1.72211   66.755755   14.028771   -0.885    0.202  1
RGI60-08.01857     1.72074   66.430757   13.678195   -0.356    0.153  1
RGI60-08.01216     1.71796   61.723045    7.538040   -0.781    0.187  1
RGI60-08.01484     1.70778   66.716069   14.437437   -0.578    0.153  1
RGI60-08.01851     1.70648   66.443884   13.663177   -0.136    0.146  1
RGI60-08.00209     1.69979   67.933356   18.181158   -0.557    0.160  1
RGI60-08.01414     1.69420   61.396793    8.639420   -0.552    0.171  1
RGI60-08.01549     1.69415   66.865859   14.537481   -0.581    0.151  1
RGI60-08.03088     1.68865   68.553493   18.031530   -0.523    0.158  1
RGI60-08.02758     1.68787   61.854870    7.054006   -0.701    0.186  1
RGI60-08.01187     1.68623   61.873830    7.234278   -0.620    0.169  1
RGI60-08.02012     1.67596   61.425435    6.590256   -0.717    0.176  1
RGI60-08.01771     1.66933   60.570439    7.426031   -0.917    0.199  1
RGI60-08.01564     1.66530   66.548168   14.235710   -0.302    0.147  1
RGI60-08.01646     1.66310   66.691381   13.844941   -0.529    0.157  1
RGI60-08.00087     1.65794   67.383719   17.797160   -0.703    0.164  1
RGI60-08.00708     1.65476   60.032197    6.960639   -0.868    0.210  1
RGI60-08.01244     1.65193   61.854099    7.610478   -0.764    0.183  1
RGI60-08.02155     1.65162   61.593826    8.130673   -0.618    0.185  1
RGI60-08.00419     1.65041   61.653284    6.288447   -1.044    0.200  1
RGI60-08.01595     1.64784   66.587930   14.038542   -0.487    0.158  1
RGI60-08.00658     1.64621   65.359910   13.813982   -0.472    0.168  1
RGI60-08.02198     1.64510   69.520524   19.389655   -0.818    0.194  1
RGI60-08.00864     1.64026   61.643142    8.247982   -0.735    0.200  1
RGI60-08.00037     1.63212   67.248898   17.424492   -0.552    0.148  1
RGI60-08.01201     1.62467   61.775935    7.305958   -0.321    0.155  1
RGI60-08.01249     1.62187   61.679837    7.644338   -0.680    0.183  1
RGI60-08.02094     1.61765   68.160692   17.233822   -0.676    0.170  1
RGI60-08.00031     1.61593   67.425245   17.427426   -1.085    0.185  1
RGI60-08.01904     1.60400   68.668138   18.395197   -1.225    0.230  1
RGI60-08.00423     1.60020   61.777944    7.923691   -0.304    0.160  1
RGI60-08.00837     1.59209   61.806772    8.047258   -0.445    0.170  1
RGI60-08.00424     1.58957   68.289852   17.933447   -0.755    0.171  1
RGI60-08.00444     1.57389   66.464882   13.578930   -0.837    0.183  1
RGI60-08.02638     1.57026   68.024266   16.796517   -0.383    0.152  1
RGI60-08.01543     1.56158   66.856579   14.495893   -0.493    0.145  1
RGI60-08.03017     1.56078   61.471298    7.909486   -0.147    0.166  1
RGI60-08.01338     1.54931   61.504213    7.959801   -0.840    0.194  1
RGI60-08.01221     1.54926   61.601159    7.706081   -0.559    0.165  1
RGI60-08.00233     1.54886   67.945387   18.554520   -0.463    0.176  1
RGI60-08.00227     1.54438   67.893699   18.536450   -0.340    0.144  1
RGI60-08.02661     1.54113   61.808910    5.862396   -0.526    0.180  1
RGI60-08.00329     1.52901   61.778668    7.272728   -0.338    0.152  1
RGI60-08.01176     1.52633   61.736831    7.303868   -0.340    0.156  1
RGI60-08.02027     1.52583   61.421515    6.525863   -0.414    0.170  1
RGI60-08.02253     1.52383   65.999429   14.148483   -0.491    0.155  1
RGI60-08.00161     1.51810   67.291528   17.969193   -1.166    0.195  1
RGI60-08.01021     1.51679   68.139681   17.814611   -0.713    0.175  1
RGI60-08.00292     1.51476   66.696713   13.879691   -0.381    0.155  1
RGI60-08.02461     1.51463   68.263513   17.735989   -0.637    0.158  1
RGI60-08.01150     1.50054   61.538461    7.064469   -0.524    0.160  1
RGI60-08.02215     1.49644   69.288632   19.694590   -0.994    0.208  1
RGI60-08.00208     1.49632   67.975676   18.434925   -0.611    0.165  1
RGI60-08.01379     1.49589   67.400603   16.000763   -0.696    0.178  1
RGI60-08.00350     1.49578   61.579194    6.948313   -0.598    0.171  1
RGI60-08.02363     1.49561   67.292136   15.950587   -0.346    0.145  1
RGI60-08.03215     1.49352   69.472096   19.819473   -0.098    0.155  1
RGI60-08.01052     1.49007   61.493510    6.475976   -0.506    0.166  1
RGI60-08.01146     1.48985   61.597904    7.476786   -0.454    0.166  1
RGI60-08.02308     1.47982   67.672431   15.387593   -0.440    0.150  1
RGI60-08.01862     1.47932   66.419391   13.605116   -0.046    0.147  1
RGI60-08.00107     1.47514   67.475630   17.517416   -0.908    0.179  1
RGI60-08.01366     1.46755   62.264942    6.591895   -0.486    0.183  1
RGI60-08.01075     1.46547   61.734014    6.889520   -0.592    0.163  1
RGI60-08.01574     1.46426   66.584124   14.287459   -0.522    0.156  1
RGI60-08.00251     1.43702   67.914589   18.567090   -0.270    0.143  1
RGI60-08.00214     1.42744   68.051124   18.388434   -0.543    0.162  1
RGI60-08.02761     1.42224   61.873870    7.005058   -0.636    0.179  1
RGI60-08.00771     1.42015   62.382811    7.506280   -0.702    0.174  1
RGI60-08.02577     1.41881   69.705212   20.061308   -0.499    0.173  1
RGI60-08.00554     1.40615   62.088707    8.059463   -0.765    0.177  1
RGI60-08.02644     1.40258   69.509659   19.927875   -0.429    0.168  1
RGI60-08.00102     1.39953   67.455414   17.626398   -0.787    0.160  1
RGI60-08.00955     1.39949   61.454193    8.638096   -0.787    0.195  1
RGI60-08.02401     1.38729   67.155693   16.277002   -0.449    0.156  1
RGI60-08.01628     1.38538   66.849162   13.909791   -0.753    0.168  1
RGI60-08.01579     1.37808   66.523912   14.213745    0.144    0.141  1
RGI60-08.00816     1.37251   61.737344    8.009198   -0.517    0.172  1
RGI60-08.01062     1.36762   61.695630    6.741327   -0.544    0.171  1
RGI60-08.03299     1.36492   59.748384    6.894708   -0.409    0.176  1
RGI60-08.01408     1.36292   68.076081   17.007137   -0.766    0.181  1
RGI60-08.02009     1.36177   61.452106    6.653201   -0.334    0.162  1
RGI60-08.02364     1.34982   67.281163   15.940710   -0.340    0.150  1
RGI60-08.00183     1.34482   68.050402   18.425746   -0.528    0.161  1
RGI60-08.01161     1.33883   61.563639    7.066900   -0.810    0.195  1
RGI60-08.01269     1.33456   66.456923   14.666612   -0.785    0.214  1
RGI60-08.02075     1.33245   68.258717   17.163513   -0.495    0.173  1
RGI60-08.02964     1.33155   60.111969    6.442430   -0.898    0.247  1
RGI60-08.01645     1.32673   66.856042   13.939286   -0.743    0.170  1
RGI60-08.00430     1.32631   66.600907   14.054361   -0.199    0.152  1
RGI60-08.00220     1.32405   68.050766   18.351802   -0.810    0.182  1
RGI60-08.03217     1.32191   69.463242   19.807204   -0.503    0.176  1
RGI60-08.00283     1.31947   66.607072   14.314038   -0.227    0.150  1
RGI60-08.01138     1.31273   61.576577    7.197632   -0.632    0.177  1
RGI60-08.02429     1.31051   68.304072   17.733469   -0.461    0.154  1
RGI60-08.02460     1.30084   68.245964   17.828430   -0.295    0.156  1
RGI60-08.00210     1.28270   67.934269   18.648618   -0.154    0.139  1
RGI60-08.00986     1.28204   61.513550    8.263141   -0.848    0.195  1
RGI60-08.02014     1.26650   61.419340    6.563774   -0.554    0.176  1
RGI60-08.03056     1.26449   61.360595    8.136378   -0.915    0.193  1
RGI60-08.02029     1.26154   61.435248    6.577403   -0.553    0.183  1
RGI60-08.02159     1.26070   61.555198    8.141818   -0.553    0.183  1
RGI60-08.00492     1.26061   61.762335    6.926108   -0.545    0.175  1
RGI60-08.02814     1.25590   62.349297    7.768683   -1.047    0.205  1
RGI60-08.02781     1.25404   61.940002    7.662198   -0.540    0.179  1
RGI60-08.02007     1.25257   61.430008    6.607983   -0.522    0.164  1
RGI60-08.00340     1.25219   66.440723   13.703821   -0.139    0.150  1
RGI60-08.02099     1.24978   68.148871   17.234276   -0.245    0.157  1
RGI60-08.00999     1.24664   61.446938    8.671058   -0.370    0.155  1
RGI60-08.02662     1.24300   61.745346    5.595277   -0.718    0.188  1
RGI60-08.01167     1.24293   61.814205    7.174520   -0.455    0.163  1
RGI60-08.01814     1.23812   69.413460   19.748408   -0.444    0.187  1
RGI60-08.01065     1.23771   61.584511    6.923746   -0.541    0.184  1
RGI60-08.02988     1.23385   61.023467    6.771532   -0.769    0.192  1
RGI60-08.00797     1.22991   61.717655    7.698192   -0.362    0.163  1
RGI60-08.00997     1.22945   61.535712    8.341618   -0.613    0.181  1
RGI60-08.01164     1.22831   61.643447    7.447522   -0.455    0.176  1
RGI60-08.02402     1.22144   67.187009   16.265678   -0.391    0.166  1
RGI60-08.00497     1.21881   61.801315    6.888155   -0.521    0.167  1
RGI60-08.03028     1.21694   61.447226    7.826996   -0.532    0.191  1
RGI60-08.02574     1.21421   69.761817   20.168520   -0.661    0.190  1
RGI60-08.01134     1.20866   61.577847    7.065204   -0.422    0.168  1
RGI60-08.00608     1.20711   69.691915   20.663157   -0.808    0.226  1
RGI60-08.02656     1.20622   61.752791    5.805689   -0.251    0.173  1
RGI60-08.01193     1.19207   61.808143    7.457579   -0.592    0.175  1
RGI60-08.03054     1.18960   61.440420    8.143620   -1.147    0.233  1
RGI60-08.01101     1.18949   61.522595    6.882176   -0.585    0.168  1
RGI60-08.00259     1.18860   68.358894   18.321657   -0.807    0.189  1
RGI60-08.00057     1.18816   67.584470   17.468958   -0.567    0.164  1
RGI60-08.00096     1.18443   67.345103   17.632616   -0.413    0.147  1
RGI60-08.03045     1.17629   61.389210    8.109000   -0.841    0.196  1
RGI60-08.01255     1.17392   70.133713   21.698867   -0.628    0.176  1
RGI60-08.00611     1.17389   69.567629   20.768800   -0.663    0.179  1
RGI60-08.02412     1.17077   68.784508   19.171644   -0.578    0.175  1
RGI60-08.02743     1.17077   61.870249    7.052655   -0.519    0.174  1
RGI60-08.01457     1.16944   66.759145   14.500397   -0.442    0.150  1
RGI60-08.02508     1.16702   70.193886   21.975666   -0.217    0.182  1
RGI60-08.01241     1.16691   61.728899    7.656382   -0.824    0.192  1
RGI60-08.01464     1.16670   66.697486   14.414951   -0.304    0.146  1
RGI60-08.01487     1.16484   66.759156   14.331193   -0.282    0.158  1
RGI60-08.02635     1.16141   67.987153   16.884824   -0.506    0.167  1
RGI60-08.02866     1.15650   62.678506    8.663275   -0.939    0.224  1
RGI60-08.02787     1.15488   62.070863    7.628223   -0.714    0.174  1
RGI60-08.03105     1.14901   59.896678    7.142481   -0.377    0.169  1
RGI60-08.03055     1.14210   61.448725    8.166248   -0.602    0.181  1
RGI60-08.01190     1.14152   61.781312    7.357689   -0.337    0.156  1
RGI60-08.02290     1.13205   67.704274   16.282374   -0.933    0.220  1
RGI60-08.00926     1.13150   62.246013    7.577339   -0.820    0.218  1
RGI60-08.02023     1.11464   61.429882    6.555785   -0.601    0.174  1
RGI60-08.01773     1.11275   60.520712    7.362410   -0.775    0.184  1
RGI60-08.02069     1.10587   68.243928   17.246681   -0.353    0.159  1
RGI60-08.01153     1.10524   61.549611    7.039693   -0.396    0.162  1
RGI60-08.02347     1.10390   67.258913   16.177106   -0.649    0.169  1
RGI60-08.02550     1.09984   69.783248   20.232968   -1.152    0.248  1
RGI60-08.02214     1.09982   69.289473   19.743176   -0.276    0.162  1
RGI60-08.01205     1.09792   61.730716    7.537077   -0.656    0.194  1
RGI60-08.02609     1.09478   68.133005   17.740038   -0.787    0.215  1
RGI60-08.02774     1.09445   61.929203    7.320657   -0.680    0.189  1
RGI60-08.02132     1.09171   61.407760    8.523418   -0.423    0.169  1
RGI60-08.00226     1.08931   67.946006   18.176845   -0.623    0.178  1
RGI60-08.00327     1.08845   61.632111    7.892409   -0.480    0.177  1
RGI60-08.00568     1.08728   62.106157    8.046800   -0.723    0.212  1
RGI60-08.02408     1.07489   68.807988   19.184659   -0.193    0.156  1
RGI60-08.00779     1.07403   62.372328    7.473157   -1.222    0.304  1
RGI60-08.00588     1.07347   69.729575   20.636820   -1.113    0.239  1
RGI60-08.00552     1.07311   62.037875    7.186191   -1.198    0.264  1
RGI60-08.01537     1.07141   66.620625   14.331704   -0.541    0.165  1
RGI60-08.00195     1.07032   67.971855   18.566617   -0.228    0.141  1
RGI60-08.01534     1.06879   66.587256   14.594423   -0.398    0.170  1
RGI60-08.00019     1.06861   67.365153   17.311354   -0.843    0.176  1
RGI60-08.00081     1.06860   67.227401   17.780047   -0.754    0.171  1
RGI60-08.02622     1.06642   68.009749   16.767581   -0.333    0.148  1
RGI60-08.00399     1.06561   61.395993    8.679714   -0.749    0.192  1
RGI60-08.03247     1.06152   68.551742   18.063065   -0.584    0.172  1
RGI60-08.02218     1.06091   66.013602   14.357286   -0.693    0.186  1
RGI60-08.02138     1.05391   61.404268    8.458605   -0.529    0.179  1
RGI60-08.01238     1.05276   61.737791    7.583876   -0.348    0.175  1
RGI60-08.00236     1.05171   68.137792   18.620625   -0.727    0.176  1
RGI60-08.02398     1.04821   67.192388   16.301626   -0.342    0.161  1
RGI60-08.00415     1.04761   66.762652   14.363610   -0.230    0.168  1
RGI60-08.00013     1.04743   68.543743   18.332407   -0.600    0.155  1
RGI60-08.01130     1.04607   61.788416    7.173205   -0.643    0.204  1
RGI60-08.02668     1.04588   61.797494    5.838582   -0.271    0.180  1
RGI60-08.00280     1.04071   66.753208   14.468272   -0.491    0.157  1
RGI60-08.00925     1.04036   62.286603    7.455240   -1.122    0.225  1
RGI60-08.01618     1.03887   66.701067   13.846500   -0.404    0.165  1
RGI60-08.01328     1.03743   66.922912   14.594474   -0.438    0.163  1
RGI60-08.00246     1.03707   68.003287   18.502010   -0.386    0.145  1
RGI60-08.00284     1.03480   66.545642   14.496618   -0.425    0.167  1
RGI60-08.01444     1.03402   66.682879   14.367640   -0.185    0.150  1
RGI60-08.02907     1.03074   62.311501    9.267694   -0.673    0.196  1
RGI60-08.00196     1.03030   67.985423   18.409023   -0.391    0.167  1
RGI60-08.01327     1.02976   66.950114   14.538017   -0.544    0.164  1
RGI60-08.01647     1.02593   66.634316   13.708119   -0.638    0.177  1
RGI60-08.02985     1.02580   61.042073    6.751021   -0.850    0.190  1
RGI60-08.00056     1.02354   67.709249   17.830454   -0.934    0.197  1
RGI60-08.01312     1.02014   66.944232   14.507274   -0.664    0.166  1
RGI60-08.01310     1.01847   66.882736   14.564316   -0.607    0.168  1
RGI60-08.01911     1.01748   68.839147   18.855147    0.112    0.149  1
RGI60-08.01184     1.01723   61.742699    7.267836   -0.033    0.157  1
RGI60-08.01084     1.01042   61.527931    6.867769   -0.522    0.171  1
RGI60-08.02021     1.00604   61.478019    6.472400   -1.163    0.236  1
RGI60-08.01273     1.00305   66.466562   14.646473   -0.626    0.197  1
RGI60-08.02152     1.00118   61.544922    8.076268   -0.618    0.180  1
RGI60-08.03178     0.99653   69.188934   19.439628   -0.682    0.190  1
RGI60-08.01421     0.99096   61.398405    8.613875   -1.255    0.289  1
RGI60-08.00874     0.98644   61.741286    8.139888   -0.634    0.190  1
RGI60-08.01580     0.98605   66.580988   13.737627   -0.343    0.160  1
RGI60-08.03192     0.98313   69.511551   19.837652   -0.642    0.191  1
RGI60-08.03042     0.98245   61.437482    7.781605   -0.552    0.195  1
RGI60-08.02564     0.98183   69.857809   20.310330   -0.288    0.185  1
RGI60-08.02485     0.98009   70.451178   23.103109   -0.346    0.183  1
RGI60-08.00477     0.97993   61.493344    6.897736   -0.491    0.172  1
RGI60-08.00920     0.97693   62.245492    7.617985   -1.140    0.232  1
RGI60-08.00560     0.97514   62.093976    8.049331   -0.590    0.191  1
RGI60-08.02481     0.97390   70.421953   23.223066   -0.532    0.185  1
RGI60-08.00981     0.97177   61.597820    8.455303   -0.405    0.175  1
RGI60-08.00080     0.96954   67.351261   17.576886   -0.508    0.176  1
RGI60-08.02945     0.96613   59.978228    6.215455   -1.165    0.233  1
RGI60-08.01270     0.96571   66.497868   14.609872   -0.242    0.153  1
RGI60-08.00474     0.96276   61.461727    6.885970   -0.699    0.173  1
RGI60-08.00542     0.95781   61.960066    7.199298   -0.582    0.198  1
RGI60-08.00800     0.95691   61.731285    7.880986   -0.412    0.163  1
RGI60-08.01955     0.95688   62.535549    7.986639   -0.944    0.210  1
RGI60-08.02766     0.95471   61.954160    7.448497   -0.471    0.168  1
RGI60-08.01236     0.95402   61.622887    7.836499   -0.414    0.174  1
RGI60-08.02470     0.95235   68.354910   17.824500   -0.556    0.199  1
RGI60-08.02799     0.95202   62.137919    7.667849   -0.599    0.180  1
RGI60-08.02390     0.94927   67.118387   16.287388   -0.431    0.156  1
RGI60-08.00261     0.94871   68.373508   18.321457   -0.022    0.147  1
RGI60-08.00463     0.93795   68.282473   18.057344   -0.772    0.193  1
RGI60-08.02204     0.92828   66.899283   14.479552   -0.600    0.161  1
RGI60-08.02141     0.92608   61.527597    8.125171   -0.258    0.180  1
RGI60-08.00223     0.92334   68.050554   18.456925   -0.634    0.193  1
RGI60-08.02503     0.92091   70.150945   22.138476   -0.361    0.181  1
RGI60-08.00313     0.92071   66.560070   14.613448   -0.526    0.176  1
RGI60-08.00437     0.91323   60.227859    6.808712   -0.320    0.181  1
RGI60-08.00217     0.91317   68.019133   18.331928   -0.436    0.172  1
RGI60-08.00842     0.91260   61.641068    8.224542   -0.528    0.198  1
RGI60-08.01409     0.90956   68.073361   16.979075   -0.106    0.151  1
RGI60-08.00016     0.90576   67.153782   16.445138   -0.329    0.178  1
RGI60-08.01629     0.90341   66.848706   13.945732   -0.791    0.176  1
RGI60-08.00097     0.90302   67.446246   17.585996   -0.322    0.155  1
RGI60-08.01040     0.90121   68.114975   17.826389   -0.571    0.176  1
RGI60-08.01565     0.89966   66.580029   13.673954   -0.176    0.161  1
RGI60-08.01232     0.89784   61.611969    7.703587   -0.550    0.178  1
RGI60-08.00162     0.89380   67.446355   17.968852   -0.439    0.161  1
RGI60-08.00752     0.88504   69.133820   19.872222   -0.481    0.231  1
RGI60-08.02809     0.88344   62.367344    7.739485   -0.804    0.187  1
RGI60-08.01163     0.88294   61.555955    7.188105   -0.311    0.164  1
RGI60-08.00026     0.87922   67.291848   17.343971   -0.408    0.158  1
RGI60-08.00521     0.87792   62.012631    7.259827   -0.793    0.200  1
RGI60-08.01557     0.87534   66.852509   14.447738   -0.994    0.242  1
RGI60-08.00549     0.87494   61.973438    7.195871   -0.665    0.195  1
RGI60-08.02839     0.87301   62.587271    8.085725   -0.832    0.208  1
RGI60-08.03089     0.87155   68.609194   18.035871   -0.233    0.159  1
RGI60-08.02876     0.87120   62.709311    8.647290   -1.146    0.287  1
RGI60-08.02060     0.86993   68.359569   14.813851   -1.496    0.263  1
RGI60-08.02447     0.86821   68.299383   17.757205   -0.733    0.214  1
RGI60-08.02369     0.86785   67.210240   16.073729   -0.607    0.185  1
RGI60-08.03060     0.86274   61.390079    8.083738   -0.691    0.203  1
RGI60-08.01228     0.86078   61.603587    7.843535   -0.364    0.165  1
RGI60-08.01803     0.85965   69.437869   19.916252   -0.866    0.211  1
RGI60-08.00485     0.85879   61.456958    6.918772   -0.383    0.167  1
RGI60-08.02428     0.85621   68.232771   17.830144   -0.736    0.188  1
RGI60-08.02784     0.85314   62.110322    7.574530   -0.535    0.181  1
RGI60-08.02143     0.85304   61.501044    8.190323   -0.546    0.207  1
RGI60-08.00548     0.85123   61.997110    7.185599   -0.519    0.171  1
RGI60-08.00127     0.84999   67.275801   17.928668   -0.660    0.172  1
RGI60-08.02216     0.84667   66.007560   14.258875   -0.331    0.159  1
RGI60-08.01371     0.84649   67.404621   15.987906   -0.592    0.176  1
RGI60-08.02102     0.84577   68.206207   17.237100   -0.557    0.180  1
RGI60-08.01532     0.84420   66.737654   14.734016   -0.177    0.152  1
RGI60-08.01801     0.84304   69.427191   19.887105   -0.412    0.175  1
RGI60-08.01294     0.84248   66.173867   14.839612   -0.774    0.207  1
RGI60-08.03039     0.84240   61.448223    7.856942   -0.274    0.185  1
RGI60-08.01850     0.84148   66.459555   13.606733   -0.448    0.167  1
RGI60-08.00790     0.83970   61.291415    6.829010   -0.715    0.182  1
RGI60-08.02492     0.83812   70.242703   21.979391   -0.345    0.194  1
RGI60-08.02134     0.83450   61.406245    8.489591   -0.987    0.228  1
RGI60-08.02723     0.83227   62.072395    6.582019   -0.678    0.244  1
RGI60-08.00456     0.83174   65.964717   13.566081   -0.739    0.235  1
RGI60-08.02109     0.83135   68.066364   17.057222   -0.415    0.164  1
RGI60-08.02989     0.82938   60.951251    7.284446   -0.362    0.180  1
RGI60-08.00747     0.82817   69.101837   19.923187   -0.351    0.177  1
RGI60-08.02420     0.82739   68.242278   17.741806   -0.482    0.179  1
RGI60-08.01461     0.82637   66.706563   14.426644   -1.124    0.225  1
RGI60-08.00050     0.82632   67.908501   17.472110   -0.524    0.176  1
RGI60-08.02953     0.82504   59.938442    6.813857   -0.768    0.236  1
RGI60-08.01578     0.82350   66.586153   13.652227   -0.371    0.169  1
RGI60-08.00038     0.82205   67.359439   17.364000   -0.560    0.175  1
RGI60-08.03031     0.82064   61.459474    7.850031   -0.649    0.198  1
RGI60-08.00083     0.81923   67.295783   17.884170   -0.664    0.184  1
RGI60-08.01506     0.81900   66.769028   14.515828   -0.481    0.161  1
RGI60-08.01291     0.81747   61.632662    6.779653   -0.943    0.255  1
RGI60-08.00099     0.81445   67.460950   17.602962   -1.283    0.223  1
RGI60-08.00293     0.81255   66.763723   13.974343   -0.658    0.191  1
RGI60-08.00017     0.80772   67.185833   16.696729   -0.402    0.174  1
RGI60-08.01203     0.80602   61.873566    7.350001   -0.611    0.186  1
RGI60-08.00211     0.80515   68.044253   18.477540   -0.258    0.160  1
RGI60-08.01137     0.80435   61.609541    7.420158   -0.950    0.242  1
RGI60-08.01026     0.80332   68.106587   17.995457   -0.253    0.161  1
RGI60-08.01239     0.80257   61.726548    7.577617   -0.763    0.202  1
RGI60-08.02269     0.80234   67.631729   16.149495   -0.371    0.165  1
RGI60-08.00861     0.79944   61.664044    8.348881   -0.392    0.186  1
RGI60-08.02380     0.79496   67.290051   15.980809   -0.737    0.215  1
RGI60-08.02931     0.79343   60.125600    6.467589   -0.843    0.221  1
RGI60-08.02744     0.79128   61.857349    7.067967   -0.549    0.218  1
RGI60-08.02387     0.79109   67.243996   16.336384   -0.177    0.155  1
RGI60-08.03175     0.78966   69.183351   19.461422   -0.561    0.177  1
RGI60-08.01453     0.78720   66.791184   14.418080   -0.215    0.159  1
RGI60-08.00118     0.78702   67.345099   17.591509   -0.437    0.166  1
RGI60-08.00445     0.78447   67.265009   15.976806   -0.239    0.159  1
RGI60-08.02642     0.77989   67.977378   16.930997   -0.032    0.151  1
RGI60-08.02757     0.77962   61.867013    6.986841   -0.598    0.177  1
RGI60-08.01620     0.77596   66.865430   13.965704   -0.209    0.149  1
RGI60-08.02024     0.77423   61.445731    6.638639   -0.473    0.181  1
RGI60-08.01121     0.77228   61.672756    7.154144   -0.444    0.171  1
RGI60-08.01051     0.77165   61.723322    6.866868   -0.538    0.183  1
RGI60-08.02598     0.77036   69.709395   20.037836   -0.312    0.184  1
RGI60-08.02089     0.76829   68.211911   17.147742   -0.771    0.190  1
RGI60-08.01197     0.76823   61.769496    7.411093   -0.418    0.184  1
RGI60-08.00173     0.76705   67.542558   18.276645   -0.166    0.149  1
RGI60-08.00061     0.76483   67.579590   17.504665   -0.160    0.149  1
RGI60-08.02205     0.76404   67.661561   15.387830   -0.365    0.172  1
RGI60-08.01111     0.76368   61.684686    6.754858   -0.620    0.195  1
RGI60-08.02997     0.76356   61.425575    7.011059   -1.001    0.229  1
RGI60-08.01151     0.75781   61.537251    7.099929   -0.342    0.164  1
RGI60-08.03038     0.75553   61.447456    7.803270   -0.321    0.240  1
RGI60-08.00855     0.75392   61.752309    8.172209   -0.325    0.169  1
RGI60-08.03051     0.74610   61.349516    8.139196   -0.793    0.205  1
RGI60-08.02800     0.74564   62.492182    7.715007   -1.242    0.247  1
RGI60-08.00257     0.74267   68.351478   18.347967   -0.452    0.168  1
RGI60-08.00034     0.74164   67.390870   17.434831   -0.789    0.192  1
RGI60-08.02599     0.74111   69.688284   20.095570   -0.522    0.187  1
RGI60-08.02691     0.73971   61.808955    5.883280   -0.292    0.192  1
RGI60-08.01755     0.73797   60.609752    7.727743   -0.417    0.177  1
RGI60-08.00009     0.73316   68.119213   18.208648   -0.454    0.169  1
RGI60-08.02753     0.73092   61.898883    6.957306   -0.765    0.258  1
RGI60-08.00202     0.73068   67.923596   18.565900   -0.256    0.161  1
RGI60-08.01237     0.72837   61.742575    7.571879   -0.171    0.190  1
RGI60-08.01433     0.72803   61.425645    8.621095   -0.586    0.191  1
RGI60-08.02742     0.72726   61.901083    6.983746   -0.145    0.182  1
RGI60-08.01777     0.72719   60.527174    7.351115   -0.816    0.205  1
RGI60-08.00582     0.72610   62.078461    8.088402   -0.441    0.186  1
RGI60-08.01605     0.72506   66.853003   13.966630   -0.538    0.160  1
RGI60-08.02010     0.72204   61.471979    6.689262   -0.401    0.197  1
RGI60-08.01909     0.72158   68.902145   18.605122   -0.372    0.166  1
RGI60-08.01068     0.72015   61.686764    6.881773   -2.753    0.583  1
RGI60-08.01593     0.71893   66.560952   14.237288   -0.146    0.160  1
RGI60-08.00877     0.71858   69.102162   19.966873   -0.589    0.227  1
RGI60-08.02217     0.71813   66.021300   14.340946   -0.394    0.166  1
RGI60-08.03005     0.71663   61.425904    6.871842   -0.593    0.188  1
RGI60-08.02764     0.71657   61.948811    7.616324   -0.609    0.218  1
RGI60-08.01169     0.71635   61.866764    7.259796   -0.279    0.178  1
RGI60-08.02746     0.71324   61.897105    6.921357   -0.489    0.207  1
RGI60-08.00781     0.71321   61.290517    6.806736   -0.714    0.188  1
RGI60-08.01086     0.71258   61.730520    6.660619   -0.656    0.187  1
RGI60-08.02411     0.71167   68.743741   19.462229   -0.786    0.208  1
RGI60-08.02817     0.70978   62.458669    7.614119   -0.537    0.217  1
RGI60-08.01135     0.70431   61.543159    7.208790   -0.584    0.185  1
RGI60-08.02584     0.70406   69.745439   20.115959   -0.634    0.227  1
RGI60-08.01531     0.70400   66.748184   14.668783   -0.154    0.148  1
RGI60-08.01439     0.70370   66.648999   14.355706   -0.453    0.165  1
RGI60-08.01960     0.70201   62.502784    8.020071   -0.891    0.239  1
RGI60-08.01064     0.69936   61.765995    6.763393   -0.703    0.202  1
RGI60-08.02845     0.69658   62.563701    8.062773   -0.911    0.264  1
RGI60-08.01226     0.69607   61.753040    7.633926   -0.325    0.183  1
RGI60-08.00316     0.69536   61.784725    6.767210   -0.722    0.210  1
RGI60-08.01149     0.69486   61.522953    7.049801   -0.335    0.178  1
RGI60-08.00212     0.69312   68.038434   18.474986   -0.490    0.176  1
RGI60-08.00033     0.69255   67.313151   17.412578   -0.884    0.202  1
RGI60-08.02316     0.68981   66.920835   15.730339   -0.191    0.147  1
RGI60-08.00229     0.68821   68.207399   18.828891   -0.625    0.179  1
RGI60-08.00672     0.68700   65.206694   13.809455   -0.024    0.165  1
RGI60-08.02006     0.68654   61.468026    6.532606   -0.411    0.171  1
RGI60-08.00365     0.68524   66.891306   14.496375   -0.369    0.166  1
RGI60-08.01145     0.68470   61.515664    7.055842   -0.728    0.200  1
RGI60-08.01141     0.68393   61.593711    7.179689   -0.418    0.167  1
RGI60-08.00027     0.68324   67.297402   17.314799   -0.638    0.182  1
RGI60-08.03266     0.68291   67.016992   14.345982   -0.159    0.152  1
RGI60-08.02647     0.68285   59.923952    7.054644   -0.312    0.193  1
RGI60-08.01251     0.68246   70.143682   21.729574   -0.134    0.167  1
RGI60-08.02449     0.68240   68.235865   17.746015   -0.532    0.176  1
RGI60-08.01527     0.68045   66.533417   14.528429   -0.050    0.177  1
RGI60-08.02785     0.67992   62.105079    7.597153   -0.678    0.193  1
RGI60-08.03127     0.67951   59.898174    7.162267   -0.662    0.236  1
RGI60-08.03321     0.67827   68.601168   17.955487   -0.442    0.167  1
RGI60-08.00791     0.67778   61.297796    6.811316   -0.400    0.188  1
RGI60-08.01007     0.67722   61.580690    8.539165   -0.769    0.194  1
RGI60-08.01337     0.67708   61.519586    7.962685   -0.489    0.193  1
RGI60-08.01772     0.67680   60.585468    7.420474   -0.297    0.179  1
RGI60-08.00854     0.67413   61.784918    8.211889   -0.445    0.195  1
RGI60-08.02019     0.67349   61.462466    6.655771   -0.591    0.190  1
RGI60-08.02286     0.67300   67.701825   16.319368   -0.239    0.163  1
RGI60-08.00158     0.67191   67.319539   17.965857   -0.670    0.186  1
RGI60-08.00219     0.67164   68.120461   18.670356   -1.005    0.219  1
RGI60-08.01505     0.66959   66.614299   14.607091   -0.373    0.175  1
RGI60-08.01229     0.66843   61.618573    7.869313   -0.206    0.164  1
RGI60-08.01172     0.66766   61.922836    7.280539   -0.660    0.192  1
RGI60-08.01567     0.66629   66.567835   13.727986   -0.631    0.233  1
RGI60-08.00482     0.66144   61.450014    6.881056   -0.648    0.194  1
RGI60-08.00736     0.66110   69.207343   20.056850   -0.491    0.194  1
RGI60-08.03059     0.65825   61.398920    8.061488   -0.683    0.215  1
RGI60-08.00720     0.65790   62.521449    8.263547   -0.942    0.259  1
RGI60-08.00845     0.65753   61.605413    8.249333   -0.394    0.189  1
RGI60-08.00155     0.65743   67.280148   17.992956   -0.205    0.152  1
RGI60-08.03014     0.65706   61.434665    7.014761   -0.613    0.202  1
RGI60-08.00973     0.65698   61.527429    8.349633   -0.715    0.193  1
RGI60-08.02632     0.65697   67.988278   16.923742   -0.344    0.174  1
RGI60-08.00267     0.65597   65.899375   15.247351   -0.741    0.181  1
RGI60-08.02993     0.65053   61.426121    6.977144   -0.619    0.192  1
RGI60-08.00197     0.64825   67.970958   18.512863   -0.289    0.163  1
RGI60-08.02608     0.64774   68.153204   17.741899   -0.668    0.206  1
RGI60-08.02271     0.64769   67.639310   16.164968   -0.242    0.170  1
RGI60-08.01010     0.64710   61.562348    8.534645   -0.624    0.202  1
RGI60-08.01171     0.64646   61.821158    7.176558   -0.296    0.195  1
RGI60-08.02981     0.64620   60.927714    7.021850   -0.289    0.190  1
RGI60-08.01283     0.64497   66.460665   14.626870   -0.282    0.167  1
RGI60-08.00030     0.64476   67.509651   17.316092   -0.550    0.183  1
RGI60-08.02001     0.64450   61.350324    6.610814   -0.441    0.194  1
RGI60-08.03064     0.64275   61.200100    7.905363   -0.300    0.182  1
RGI60-08.01760     0.63991   60.627012    7.638151   -0.478    0.217  1
RGI60-08.03404     0.63971   66.370444   13.803568   -0.040    0.159  1
RGI60-08.03402     0.63931   69.602617   20.147173   -0.587    0.182  1
RGI60-08.00640     0.63789   65.356461   13.776078   -0.488    0.183  1
RGI60-08.01415     0.63726   61.420469    8.611641   -0.141    0.157  1
RGI60-08.00372     0.63681   68.137972   16.929849   -0.110    0.164  1
RGI60-08.02389     0.63527   67.148103   16.258223    0.023    0.163  1
RGI60-08.03133     0.63438   65.418256   13.184019   -0.708    0.226  1
RGI60-08.03199     0.63327   69.479619   19.845860   -0.834    0.221  1
RGI60-08.03018     0.63181   61.414246    7.849826   -0.401    0.189  1
RGI60-08.00850     0.63089   61.662439    8.281420   -0.255    0.182  1
RGI60-08.01092     0.63003   61.674181    6.741612   -0.474    0.182  1
RGI60-08.00112     0.62908   67.394877   17.537320   -0.251    0.159  1
RGI60-08.00286     0.62891   66.857794   13.977334   -0.556    0.173  1
RGI60-08.01356     0.62856   62.237324    6.708687   -0.755    0.223  1
RGI60-08.01948     0.62852   68.617134   18.521738   -0.416    0.182  1
RGI60-08.00352     0.62820   61.523832    8.701581   -0.325    0.167  1
RGI60-08.00068     0.62816   67.577240   17.385109   -0.398    0.184  1
RGI60-08.01524     0.62812   66.576246   14.596711   -0.389    0.170  1
RGI60-08.00808     0.62730   61.791632    8.009929   -0.399    0.180  1
RGI60-08.00756     0.62652   66.547644   14.813989   -0.421    0.166  1
RGI60-08.00447     0.62176   65.407258   13.237210   -0.495    0.209  1
RGI60-08.01726     0.61828   60.651587    7.554367   -1.048    0.253  1
RGI60-08.00753     0.61722   69.267534   20.117412   -0.555    0.222  1
RGI60-08.03397     0.61651   61.614516    8.723352   -0.728    0.216  1
RGI60-08.00163     0.61597   67.329543   18.006806   -0.104    0.147  1
RGI60-08.01069     0.61569   61.799663    6.698198   -0.548    0.183  1
RGI60-08.01401     0.61254   68.139926   16.915217   -0.243    0.169  1
RGI60-08.00993     0.61061   61.505538    8.273163   -0.499    0.182  1
RGI60-08.01872     0.60935   68.653664   18.438377   -0.175    0.157  1
RGI60-08.01583     0.60802   66.535348   14.209915   -0.045    0.145  1
RGI60-08.00814     0.60750   61.751185    7.827444   -0.476    0.193  1
RGI60-08.00960     0.60553   61.459107    8.664950   -0.548    0.198  1
RGI60-08.03316     0.60357   62.093727    7.721321   -0.544    0.198  1
RGI60-08.01362     0.60354   62.230080    6.714052   -0.801    0.206  1
RGI60-08.02107     0.60163   68.282554   17.116455   -0.581    0.204  1
RGI60-08.02926     0.59992   59.931155    6.810082   -0.561    0.203  1
RGI60-08.00153     0.59983   67.323244   17.988718   -0.451    0.162  1
RGI60-08.03188     0.59954   69.487677   19.916446   -0.069    0.165  1
RGI60-08.00093     0.59924   67.222791   17.830745   -0.832    0.227  1
RGI60-08.00453     0.59888   69.536493   19.935391   -0.804    0.253  1
RGI60-08.00550     0.59863   62.051295    7.181994   -0.539    0.196  1
RGI60-08.01158     0.59854   61.616617    7.129603   -0.656    0.206  1
RGI60-08.02714     0.59850   62.055955    6.578954   -0.814    0.215  1
RGI60-08.02220     0.59727   65.968337   14.376032   -0.288    0.183  1
RGI60-08.01456     0.59620   66.741844   14.429906   -0.516    0.175  1
RGI60-08.02267     0.59544   67.621919   16.197033   -0.099    0.162  1
RGI60-08.01471     0.59486   66.751070   14.339922   -0.483    0.185  1
RGI60-08.01526     0.59467   66.659517   14.536033    0.087    0.147  1
RGI60-08.00630     0.59454   65.313126   13.782609   -0.218    0.188  1
RGI60-08.01795     0.59434   69.401093   19.773600   -0.592    0.218  1
RGI60-08.02011     0.59252   61.470480    6.464249   -0.849    0.213  1
RGI60-08.01179     0.58980   61.776122    7.293262   -0.318    0.170  1
RGI60-08.00342     0.58949   61.608461    8.749080   -0.984    0.241  1
RGI60-08.02113     0.58875   68.336775   17.380508   -0.378    0.204  1
RGI60-08.02003     0.58838   61.465459    6.634832   -0.473    0.189  1
RGI60-08.02646     0.58823   61.947091    7.490034   -0.389    0.187  1
RGI60-08.02569     0.58800   69.691678   20.007281   -0.869    0.298  1
RGI60-08.02262     0.58687   67.619177   16.175966   -0.667    0.211  1
RGI60-08.01509     0.58359   66.783700   14.540134   -0.419    0.168  1
RGI60-08.00070     0.58354   67.570086   17.472759   -0.250    0.160  1
RGI60-08.00192     0.58205   68.065147   18.706086   -0.023    0.170  1
RGI60-08.01257     0.58157   70.141623   21.762084   -0.208    0.184  1
RGI60-08.01747     0.57959   60.616449    7.677231   -0.595    0.204  1
RGI60-08.02433     0.57759   68.304325   17.806842   -0.548    0.177  1
RGI60-08.00919     0.57752   62.295349    7.682097   -1.011    0.246  1
RGI60-08.00115     0.57669   67.422076   17.532262   -0.404    0.173  1
RGI60-08.01191     0.57555   61.765432    7.401833   -0.447    0.173  1
RGI60-08.02816     0.57446   62.449723    7.618806   -0.927    0.259  1
RGI60-08.00733     0.57205   69.286503   20.142397   -0.038    0.169  1
RGI60-08.00956     0.57198   61.649605    8.626706   -0.310    0.173  1
RGI60-08.00405     0.57149   61.804311    8.283906   -0.353    0.190  1
RGI60-08.01304     0.57095   66.931349   14.592723   -0.386    0.162  1
RGI60-08.00294     0.57085   66.758910   13.936162   -0.832    0.216  1
RGI60-08.02995     0.57022   61.407777    6.902534   -0.550    0.188  1
RGI60-08.00310     0.56946   68.829095   18.844117   -0.261    0.165  1
RGI60-08.00441     0.56790   62.229965    6.687858   -0.889    0.262  1
RGI60-08.03074     0.56770   65.952306   13.572532   -0.475    0.210  1
RGI60-08.00522     0.56760   62.006971    7.096610   -0.988    0.255  1
RGI60-08.02339     0.56747   66.861348   15.952289   -0.268    0.183  1
RGI60-08.00900     0.56718   62.240422    7.615864   -1.063    0.253  1
RGI60-08.03094     0.56701   59.948023    7.123921   -0.368    0.182  1
RGI60-08.00975     0.56511   61.569783    8.428724   -0.782    0.225  1
RGI60-08.03278     0.56490   67.001604   14.334246   -0.091    0.153  1
RGI60-08.00543     0.56461   62.000028    7.279555   -0.291    0.184  1
RGI60-08.03084     0.56354   68.868195   17.397466   -0.488    0.198  1
RGI60-08.02762     0.56344   61.904639    7.375935   -0.468    0.193  1
RGI60-08.00043     0.56340   67.314851   17.475297   -0.673    0.191  1
RGI60-08.03206     0.56230   69.472474   19.895358   -0.106    0.182  1
RGI60-08.00014     0.56224   67.775763   16.816317   -0.142    0.183  1
RGI60-08.01830     0.56219   62.184012    7.204485   -0.918    0.262  1
RGI60-08.03176     0.56206   69.047365   19.704748   -0.823    0.228  1
RGI60-08.01375     0.56123   67.405442   15.859970   -0.299    0.169  1
RGI60-08.02797     0.56071   62.054215    7.680684   -0.661    0.215  1
RGI60-08.00811     0.56070   61.708860    7.992918   -0.572    0.203  1
RGI60-08.03009     0.55981   61.409352    6.880445   -0.606    0.192  1
RGI60-08.00799     0.55891   61.790890    7.987584   -0.298    0.177  1
RGI60-08.00249     0.55858   67.937426   18.604803   -0.276    0.164  1
RGI60-08.02188     0.55838   69.520429   19.549321   -0.401    0.179  1
RGI60-08.01367     0.55833   67.424249   16.074967   -0.701    0.216  1
RGI60-08.00651     0.55817   65.374666   13.811266   -0.470    0.194  1
RGI60-08.00904     0.55814   62.275521    7.469533   -0.832    0.222  1
RGI60-08.02325     0.55619   66.666854   15.246664   -0.043    0.160  1
RGI60-08.01949     0.55559   68.595255   18.496787   -0.199    0.159  1
RGI60-08.00194     0.55456   67.948450   18.610446   -0.116    0.162  1
RGI60-08.03156     0.55372   65.420660   13.224213   -0.511    0.206  1
RGI60-08.00639     0.55354   65.352450   13.733633   -0.361    0.189  1
RGI60-08.01318     0.55267   66.894959   14.598770   -0.222    0.164  1
RGI60-08.03046     0.55262   61.399189    8.078391   -0.382    0.194  1
RGI60-08.01182     0.55260   61.873560    7.198782   -0.605    0.232  1
RGI60-08.01828     0.55117   62.130138    7.241963   -0.880    0.247  1
RGI60-08.00869     0.55081   61.612595    8.244405   -0.911    0.249  1
RGI60-08.00590     0.55072   69.681619   20.730684   -1.204    0.323  1
RGI60-08.00878     0.55071   62.186786    7.743937   -0.529    0.192  1
RGI60-08.01326     0.55028   66.958096   14.526124   -0.396    0.164  1
RGI60-08.01397     0.55003   68.068578   17.005186   -0.841    0.227  1
RGI60-08.00141     0.54631   67.198712   17.635877   -0.291    0.186  1
RGI60-08.00849     0.54629   61.625429    8.140654   -0.337    0.215  1
RGI60-08.01766     0.54629   60.617686    7.743439   -0.546    0.209  1
RGI60-08.00058     0.54577   67.571639   17.493723   -0.334    0.164  1
RGI60-08.03302     0.54542   67.160151   16.377663   -1.095    0.268  1
RGI60-08.00934     0.54460   69.723137   21.466094   -0.298    0.196  1
RGI60-08.02906     0.54450   62.289152    9.197408   -1.039    0.281  1
RGI60-08.01562     0.54447   66.587168   13.745827   -0.252    0.171  1
RGI60-08.00170     0.54387   67.615712   18.473216   -0.460    0.165  1
RGI60-08.02158     0.54180   61.536373    8.171671   -0.552    0.215  1
RGI60-08.00041     0.54117   67.217523   17.349888   -0.032    0.161  1
RGI60-08.00982     0.54005   61.512657    8.415742   -0.589    0.237  1
RGI60-08.00461     0.53899   68.316807   18.076036   -0.179    0.158  1
RGI60-08.00218     0.53828   68.004052   18.320221   -0.437    0.184  1
RGI60-08.00433     0.53617   68.093865   18.011900   -0.630    0.220  1
RGI60-08.02261     0.53577   69.608851   20.106708   -0.133    0.179  1
RGI60-08.02329     0.53549   66.582101   15.229442   -0.475    0.188  1
RGI60-08.02499     0.53423   70.188245   21.949892   -0.548    0.201  1
RGI60-08.00301     0.53372   60.724911    7.477392   -0.438    0.195  1
RGI60-08.00709     0.53277   60.079569    7.034348   -0.367    0.191  1
RGI60-08.02999     0.53250   61.413777    6.919311   -0.574    0.182  1
RGI60-08.02284     0.53236   67.705089   16.341876   -0.360    0.187  1
RGI60-08.01243     0.53190   61.627656    7.730758   -0.319    0.173  1
RGI60-08.00074     0.53153   67.694919   17.858367   -0.801    0.218  1
RGI60-08.01961     0.53099   62.540851    8.109276   -0.788    0.304  1
RGI60-08.00008     0.53051   68.144083   18.166862   -0.181    0.171  1
RGI60-08.02539     0.52979   69.957139   20.851520   -2.034    0.599  1
RGI60-08.02504     0.52957   70.183652   22.178697   -0.515    0.195  1
RGI60-08.03180     0.52827   68.992492   20.024724   -0.572    0.240  1
RGI60-08.01810     0.52801   69.401787   19.736911   -0.103    0.221  1
RGI60-08.00317     0.52776   61.741405    6.918574   -0.406    0.198  1
RGI60-08.00125     0.52758   67.406893   17.494009   -0.799    0.204  1
RGI60-08.01260     0.52591   70.094978   21.721303   -0.336    0.183  1
RGI60-08.02314     0.52489   67.666979   15.409617   -0.436    0.175  1
RGI60-08.02811     0.52384   62.342484    7.787880   -0.672    0.195  1
RGI60-08.00778     0.52283   62.387277    7.488030   -0.659    0.211  1
RGI60-08.00306     0.52275   68.664403   18.361862   -0.264    0.163  1
RGI60-08.00716     0.52199   62.533756    8.311529   -1.651    0.366  1
RGI60-08.02957     0.52107   60.215959    6.821121   -0.271    0.180  1
RGI60-08.02213     0.52060   69.278698   19.725684   -0.588    0.202  1
RGI60-08.00442     0.51966   66.454100   14.698552   -0.423    0.217  1
RGI60-08.01267     0.51957   68.580689   16.978323   -0.385    0.172  1
RGI60-08.01256     0.51898   70.124143   21.708654   -0.587    0.208  1
RGI60-08.02654     0.51884   61.746909    5.473147   -0.668    0.219  1
RGI60-08.00613     0.51776   69.718888   20.641851   -1.069    0.317  1
RGI60-08.01429     0.51571   61.402922    8.544987   -0.432    0.188  1
RGI60-08.03232     0.51522   65.777879   13.674420   -0.185    0.224  1
RGI60-08.01536     0.51506   66.620468   14.358416   -0.029    0.170  1
RGI60-08.00896     0.51329   62.248294    7.753555   -0.730    0.253  1
RGI60-08.00131     0.51320   67.488061   17.543221   -0.443    0.190  1
RGI60-08.01297     0.51264   66.318126   15.005638   -0.538    0.178  1
RGI60-08.02987     0.51246   61.023300    6.792783   -0.974    0.251  1
RGI60-08.00106     0.51217   67.403023   17.519197   -0.746    0.196  1
RGI60-08.02098     0.50867   68.073435   17.157526   -0.537    0.194  1
RGI60-08.01299     0.50760   66.269312   15.077945   -0.287    0.160  1
RGI60-08.00742     0.50723   69.253882   20.191484   -0.785    0.251  1
RGI60-08.00303     0.50686   68.560263   18.708950   -0.235    0.189  1
RGI60-08.01034     0.50679   68.134854   17.783218   -0.553    0.186  1
RGI60-08.00184     0.50663   68.220163   18.773570   -1.039    0.236  1
RGI60-08.02112     0.50587   68.343726   17.365668   -0.574    0.233  1
RGI60-08.00843     0.50580   61.772940    8.219851   -0.199    0.182  1
RGI60-08.00891     0.50433   62.295923    7.701229   -0.744    0.218  1
RGI60-08.01388     0.50416   68.066507   16.910926   -0.074    0.161  1
RGI60-08.02211     0.50360   69.275341   19.762723   -0.591    0.227  1
RGI60-08.01198     0.50231   61.718437    7.518336   -0.301    0.174  1
RGI60-08.00391     0.50131   60.568137    7.986318   -0.157    0.168  1
RGI60-08.02901     0.50130   62.298266    9.187945   -1.028    0.263  1
RGI60-08.02568     0.50082   69.865567   20.306407   -0.862    0.293  1
RGI60-08.00480     0.50062   61.495375    6.920357   -0.517    0.196  1
RGI60-08.02441     0.49930   68.278366   17.916522   -0.688    0.204  1
RGI60-08.02898     0.49859   62.325858    9.267941   -0.868    0.241  1
RGI60-08.02414     0.49744   68.771580   19.180978   -0.521    0.211  1
RGI60-08.01544     0.49624   66.831386   14.417043   -0.744    0.195  1
RGI60-08.01600     0.49552   66.570397   13.746294   -0.262    0.181  1
RGI60-08.02795     0.49550   62.099260    7.336034   -0.626    0.196  1
RGI60-08.02783     0.49545   62.104698    7.311251   -0.747    0.239  1
RGI60-08.02729     0.49545   61.638396    6.318757   -0.554    0.200  1
RGI60-08.01253     0.49467   70.142208   21.706003   -0.456    0.183  1
RGI60-08.01425     0.49455   61.379429    8.637433   -0.312    0.169  1
RGI60-08.00871     0.49410   61.759749    8.196081   -0.518    0.199  1
RGI60-08.01591     0.49327   66.576764   14.274962   -0.174    0.172  1
RGI60-08.00909     0.49303   62.146296    7.654493   -0.971    0.276  1
RGI60-08.03154     0.49257   65.408169   13.264706   -0.439    0.219  1
RGI60-08.01096     0.49084   61.664071    6.590836   -1.135    0.309  1
RGI60-08.00743     0.49069   69.328070   20.185181   -0.549    0.195  1
RGI60-08.00049     0.49012   67.778700   17.924231   -0.398    0.168  1
RGI60-08.00660     0.48984   65.338778   13.707985   -0.542    0.217  1
RGI60-08.02000     0.48955   61.455611    6.632865   -0.464    0.192  1
RGI60-08.00088     0.48819   67.274089   17.902732   -0.717    0.226  1
RGI60-08.03179     0.48791   69.172523   19.539746   -0.624    0.238  1
RGI60-08.00475     0.48743   61.488702    6.915913   -0.320    0.167  1
RGI60-08.02111     0.48723   68.296207   17.476021   -0.374    0.190  1
RGI60-08.01750     0.48715   60.657823    7.530508   -0.298    0.191  1
RGI60-08.01559     0.48638   66.527143   14.193475    0.188    0.160  1
RGI60-08.01078     0.48561   61.757815    6.716120   -0.834    0.240  1
RGI60-08.00159     0.48560   67.278633   18.076319   -0.931    0.228  1
RGI60-08.01812     0.48147   69.362459   19.771422   -0.618    0.214  1
RGI60-08.00426     0.48097   66.990720   14.339474   -0.466    0.186  1
RGI60-08.00265     0.48034   62.905261   12.460367   -0.419    0.212  1
RGI60-08.02771     0.47982   61.929275    7.302542   -0.409    0.198  1
RGI60-08.01302     0.47915   66.976826   14.548363   -0.243    0.157  1
RGI60-08.00063     0.47903   67.568465   17.399866   -0.368    0.177  1
RGI60-08.00466     0.47761   68.340773   18.065147   -0.365    0.176  1
RGI60-08.01089     0.47724   61.625102    6.774906   -0.501    0.185  1
RGI60-08.02501     0.47681   70.181567   22.145185   -0.122    0.182  1
RGI60-08.01513     0.47675   66.745596   14.685537   -0.398    0.166  1
RGI60-08.03354     0.47534   65.738835   14.303278   -0.188    0.173  1
RGI60-08.02186     0.47456   69.528058   19.549885   -0.782    0.295  1
RGI60-08.01675     0.47430   60.518723    7.084155   -0.302    0.189  1
RGI60-08.01900     0.47354   68.618337   18.472885   -0.401    0.174  1
RGI60-08.00757     0.47342   66.560530   14.760735   -0.347    0.179  1
RGI60-08.01790     0.47339   69.375519   19.830108   -0.565    0.206  1
RGI60-08.02340     0.47269   66.809951   15.866900   -0.294    0.168  1
RGI60-08.01612     0.47258   66.773945   13.866296   -0.418    0.177  1
RGI60-08.01320     0.47160   66.941799   14.557795   -0.460    0.173  1
RGI60-08.03013     0.47107   61.364897    6.829994   -0.343    0.185  1
RGI60-08.03104     0.47090   59.908909    7.144967   -0.559    0.202  1
RGI60-08.00959     0.47071   61.490959    8.329286   -0.700    0.228  1
RGI60-08.01957     0.46876   62.536092    8.001717   -1.042    0.257  1
RGI60-08.03320     0.46639   65.744201   14.276313   -0.010    0.174  1
RGI60-08.00649     0.46586   65.301502   13.875399   -0.351    0.191  1
RGI60-08.01044     0.46546   61.799638    6.735460   -0.271    0.191  1
RGI60-08.00755     0.46307   69.134185   19.910697   -0.201    0.188  1
RGI60-08.00055     0.46306   67.579207   17.405061   -0.488    0.194  1
RGI60-08.00496     0.46260   61.748485    6.908725   -0.376    0.191  1
RGI60-08.01813     0.46147   69.364108   19.755832   -0.255    0.198  1
RGI60-08.01478     0.46102   66.628475   14.332673    0.136    0.176  1
RGI60-08.01087     0.46053   61.555715    6.620263   -0.214    0.185  1
RGI60-08.00066     0.45995   67.684449   17.875387   -0.771    0.210  1
RGI60-08.01132     0.45960   61.796575    7.204785   -0.508    0.218  1
RGI60-08.02805     0.45898   62.413262    7.561785   -0.673    0.212  1
RGI60-08.00255     0.45776   68.357080   18.238229   -0.331    0.179  1
RGI60-08.01080     0.45761   61.667023    6.749228   -0.549    0.213  1
RGI60-08.00533     0.45717   62.012962    7.246719   -0.947    0.234  1
RGI60-08.01370     0.45646   67.416414   16.026901   -0.181    0.154  1
RGI60-08.03167     0.45567   68.926906   19.892724   -0.691    0.215  1
RGI60-08.00812     0.45542   61.796616    8.051426   -0.440    0.193  1
RGI60-08.00514     0.45535   61.943929    7.362754   -1.063    0.283  1
RGI60-08.01373     0.45350   67.398376   15.940237   -0.081    0.151  1
RGI60-08.02086     0.45263   68.236772   17.241888   -0.215    0.179  1
RGI60-08.00439     0.45237   68.255558   17.743839   -0.492    0.195  1
RGI60-08.02130     0.45230   68.297759   17.447617   -0.607    0.226  1
RGI60-08.00044     0.45196   67.227442   17.340067   -0.517    0.203  1
RGI60-08.01669     0.45180   60.635055    6.936085   -0.430    0.195  1
RGI60-08.01839     0.45165   62.189471    7.289960   -0.883    0.258  1
RGI60-08.00221     0.45103   67.923674   18.523751   -0.553    0.201  1
RGI60-08.00772     0.44999   62.368730    7.486343   -0.625    0.211  1
RGI60-08.00515     0.44999   62.014241    7.109524   -0.278    0.204  1
RGI60-08.00761     0.44871   66.599222   14.774038   -0.182    0.151  1
RGI60-08.02150     0.44730   61.482338    8.120635   -0.246    0.202  1
RGI60-08.01406     0.44619   68.131936   16.923709   -0.018    0.160  1
RGI60-08.01768     0.44550   60.683612    7.479882   -0.311    0.192  1
RGI60-08.00535     0.44509   61.942970    7.378747   -0.784    0.208  1
RGI60-08.00203     0.44425   67.963387   18.451608   -0.362    0.184  1
RGI60-08.02306     0.44378   67.781989   15.721506   -0.199    0.175  1
RGI60-08.02512     0.44362   70.186951   22.051434   -0.422    0.196  1
RGI60-08.02105     0.44330   68.246168   17.213076    0.005    0.259  1
RGI60-08.00507     0.44317   61.963117    7.103872   -0.576    0.213  1
RGI60-08.00277     0.44172   66.716994   14.621444   -0.000    0.165  1
RGI60-08.00022     0.44021   67.363773   17.391439   -0.494    0.208  1
RGI60-08.00431     0.44011   60.374261    6.956170   -0.483    0.228  1
RGI60-08.01807     0.43957   69.407582   19.768252   -0.684    0.288  1
RGI60-08.01066     0.43934   61.772904    6.749402   -0.662    0.204  1
RGI60-08.02337     0.43813   66.654930   15.575401    0.061    0.160  1
RGI60-08.01314     0.43677   66.981876   14.539243   -0.807    0.210  1
RGI60-08.00035     0.43662   67.298370   17.276599   -0.101    0.163  1
RGI60-08.02409     0.43618   68.747646   19.502154   -1.511    0.352  1
RGI60-08.01427     0.43559   61.387864    8.657082   -0.321    0.180  1
RGI60-08.03212     0.43525   69.469540   19.860446    0.131    0.186  1
RGI60-08.01308     0.43504   66.970537   14.549268   -0.075    0.156  1
RGI60-08.01868     0.43457   68.574164   18.339277   -0.176    0.169  1
RGI60-08.00846     0.43291   61.769779    8.167016   -0.253    0.178  1
RGI60-08.01434     0.43291   66.632963   14.435925   -0.151    0.161  1
RGI60-08.00164     0.43261   67.676640   18.360543   -0.267    0.168  1
RGI60-08.03210     0.43251   69.556726   19.993108   -0.884    0.306  1
RGI60-08.00268     0.43222   65.896628   15.279146   -0.409    0.187  1
RGI60-08.02289     0.43065   67.759974   16.224420   -0.138    0.164  1
RGI60-08.01987     0.43060   62.498372    7.848431   -0.489    0.235  1
RGI60-08.00635     0.42806   65.339801   13.697776   -0.222    0.178  1
RGI60-08.00479     0.42799   61.455418    6.950536   -0.460    0.182  1
RGI60-08.00852     0.42751   61.820226    8.314150   -0.622    0.226  1
RGI60-08.00898     0.42643   62.245751    7.645978   -0.308    0.193  1
RGI60-08.02410     0.42636   68.939736   19.145161   -0.467    0.207  1
RGI60-08.00231     0.42598   67.957653   18.432711   -0.366    0.188  1
RGI60-08.03348     0.42570   61.694940    8.563072   -0.309    0.202  1
RGI60-08.00540     0.42518   62.019390    7.253069   -1.353    0.286  1
RGI60-08.03241     0.42508   69.724397   18.450282   -0.542    0.236  1
RGI60-08.00176     0.42494   67.565227   18.263630   -0.242    0.170  1
RGI60-08.00029     0.42463   67.357946   17.459650   -0.168    0.191  1
RGI60-08.00765     0.42446   66.540749   14.823160   -0.180    0.155  1
RGI60-08.02510     0.42321   70.158588   21.987876   -0.223    0.188  1
RGI60-08.02118     0.42231   68.224000   17.575256   -0.448    0.199  1
RGI60-08.01767     0.42211   60.680561    7.454929   -0.602    0.222  1
RGI60-08.00584     0.42163   69.575155   20.798774   -0.137    0.174  1
RGI60-08.00931     0.42076   69.721100   21.446162   -0.569    0.237  1
RGI60-08.01155     0.42064   61.534791    7.212022   -0.440    0.185  1
RGI60-08.02438     0.41994   68.298669   17.810446   -0.534    0.184  1
RGI60-08.01002     0.41976   61.610551    8.458054   -0.355    0.191  1
RGI60-08.02889     0.41939   62.627955    9.182216   -1.094    0.279  1
RGI60-08.02732     0.41930   61.649855    6.314919   -0.505    0.215  1
RGI60-08.02751     0.41782   61.907730    6.976353   -0.500    0.216  1
RGI60-08.01417     0.41632   61.440143    8.602243   -0.491    0.220  1
RGI60-08.00551     0.41416   62.050865    7.150892   -0.874    0.276  1
RGI60-08.00171     0.41243   67.885489   18.569071   -0.320    0.168  1
RGI60-08.00718     0.41218   62.611807    8.218021   -0.477    0.221  1
RGI60-08.01296     0.41162   66.166785   14.834801   -0.492    0.196  1
RGI60-08.02727     0.41100   62.261317    6.316596   -0.430    0.243  1
RGI60-08.00240     0.41075   68.125040   18.652586   -0.476    0.192  1
RGI60-08.01529     0.41038   66.775735   14.533036   -0.237    0.173  1
RGI60-08.03086     0.41032   68.630698   17.443358   -0.180    0.182  1
RGI60-08.01225     0.40999   61.637661    7.725838   -0.060    0.168  1
RGI60-08.02979     0.40938   60.963300    7.276688   -0.949    0.283  1
RGI60-08.02257     0.40911   69.630199   20.177828   -0.116    0.174  1
RGI60-08.02741     0.40825   61.879489    6.992088   -0.401    0.197  1
RGI60-08.00185     0.40804   68.037144   18.360407   -1.490    0.305  1
RGI60-08.01090     0.40779   61.647907    6.700836   -0.412    0.197  1
RGI60-08.01841     0.40746   62.135515    7.282438   -0.940    0.283  1
RGI60-08.02559     0.40729   69.770041   20.270037   -0.805    0.285  1
RGI60-08.00270     0.40523   65.928428   15.235703   -0.369    0.166  1
RGI60-08.00831     0.40500   61.808962    8.092615   -0.093    0.203  1
RGI60-08.00108     0.40469   67.322016   17.584883   -0.132    0.149  1
RGI60-08.01246     0.40438   61.628469    7.864494   -0.450    0.190  1
RGI60-08.01282     0.40410   66.500052   14.658557    0.031    0.162  1
RGI60-08.00094     0.40319   67.332372   17.916824   -0.362    0.180  1
RGI60-08.00448     0.40317   65.936610   14.181880   -0.410    0.209  1
RGI60-08.03181     0.40227   69.481215   19.927488   -0.017    0.198  1
RGI60-08.03311     0.40208   69.450949   19.187045   -0.370    0.215  1
RGI60-08.00836     0.40140   61.718528    7.857301   -0.581    0.217  1
RGI60-08.02439     0.40122   68.267887   17.793039   -0.068    0.164  1
RGI60-08.00762     0.40079   66.540617   14.774662   -0.298    0.164  1
RGI60-08.00139     0.39971   67.175727   17.546077   -0.676    0.220  1
RGI60-08.00759     0.39960   66.551308   14.777808   -0.084    0.184  1
RGI60-08.00962     0.39871   61.539651    8.354129   -0.371    0.201  1
RGI60-08.02560     0.39832   69.796095   20.157611   -0.776    0.244  1
RGI60-08.02571     0.39735   69.683894   20.023482   -0.303    0.210  1
RGI60-08.01412     0.39691   61.390364    8.558507   -0.566    0.194  1
RGI60-08.01315     0.39665   66.878058   14.577560   -0.122    0.161  1
RGI60-08.03356     0.39623   67.008978   14.338947   -0.119    0.172  1
RGI60-08.01815     0.39604   69.380926   19.818703   -0.157    0.172  1
RGI60-08.00511     0.39552   62.030375    7.202750   -0.661    0.214  1
RGI60-08.01200     0.39524   61.765227    7.427210   -0.243    0.189  1
RGI60-08.01088     0.39476   61.645643    6.787633   -0.334    0.190  1
RGI60-08.01077     0.39395   61.545043    6.613872   -0.554    0.206  1
RGI60-08.01474     0.39196   66.680606   14.349849   -0.080    0.159  1
RGI60-08.02035     0.39155   62.399897    9.008815   -0.413    0.212  1
RGI60-08.03065     0.39150   61.214159    7.816305   -0.662    0.268  1
RGI60-08.02190     0.39002   69.520422   19.528067   -0.005    0.175  1
RGI60-08.00576     0.38996   62.106599    8.071415   -0.566    0.225  1
RGI60-08.01497     0.38881   66.748197   14.707132    0.063    0.151  1
RGI60-08.03414     0.38839   66.590118   15.213269   -0.037    0.187  1
RGI60-08.00536     0.38740   61.971038    7.326472   -0.643    0.210  1
RGI60-08.02067     0.38725   68.229405   17.242269   -0.377    0.191  1
RGI60-08.00754     0.38659   69.279026   20.278872   -0.141    0.202  1
RGI60-08.01864     0.38644   66.410295   13.610086   -0.115    0.162  1
RGI60-08.02789     0.38429   62.104670    7.287124   -0.425    0.205  1
RGI60-08.02680     0.38269   61.739997    5.631434   -0.111    0.182  1
RGI60-08.00787     0.38258   61.330373    6.811277   -1.099    0.284  1
RGI60-08.02319     0.38250   66.594979   15.171400   -0.320    0.177  1
RGI60-08.00460     0.38176   68.264305   18.085385   -0.277    0.178  1
RGI60-08.01204     0.38139   61.832697    7.432784   -0.429    0.183  1
RGI60-08.02020     0.38107   61.377621    6.514604   -0.553    0.205  1
RGI60-08.02992     0.38064   61.417254    6.872811   -0.433    0.189  1
RGI60-08.02695     0.37926   62.158396    6.662188   -0.461    0.212  1
RGI60-08.00918     0.37844   62.283384    7.469641   -0.607    0.219  1
RGI60-08.01431     0.37757   61.430222    8.561083   -0.428    0.239  1
RGI60-08.01148     0.37692   61.594476    7.169018   -0.250    0.173  1
RGI60-08.02484     0.37677   70.419452   23.305209   -1.265    0.370  1
RGI60-08.00028     0.37652   67.351604   16.999661   -0.424    0.179  1
RGI60-08.01888     0.37573   68.665075   18.374581   -0.328    0.198  1
RGI60-08.03369     0.37502   69.439291   19.388011   -0.853    0.251  1
RGI60-08.00011     0.37390   68.106200   18.099815   -0.351    0.166  1
RGI60-08.00092     0.37305   67.321404   17.605320   -0.259    0.173  1
RGI60-08.02977     0.37260   60.876561    6.973857   -0.299    0.217  1
RGI60-08.02690     0.37193   61.745151    5.808625   -0.214    0.196  1
RGI60-08.02749     0.37123   61.864422    6.969030   -0.470    0.206  1
RGI60-08.01709     0.37080   60.698791    7.367785   -0.306    0.208  1
RGI60-08.00648     0.36997   65.402095   13.862547   -0.477    0.206  1
RGI60-08.01071     0.36950   61.743136    6.981585   -0.145    0.193  1
RGI60-08.01714     0.36946   60.681927    7.113084   -0.302    0.193  1
RGI60-08.01730     0.36899   60.618541    7.721629   -0.628    0.225  1
RGI60-08.00940     0.36833   69.725733   21.485322   -0.302    0.200  1
RGI60-08.00738     0.36730   69.298780   20.257435   -0.433    0.197  1
RGI60-08.02317     0.36640   66.622626   15.221722   -0.028    0.160  1
RGI60-08.01769     0.36614   60.655320    7.482622   -0.490    0.224  1
RGI60-08.02054     0.36582   62.385527    9.027477   -0.288    0.209  1
RGI60-08.02712     0.36472   62.090247    6.714715   -0.331    0.208  1
RGI60-08.00565     0.36309   62.117234    8.105888   -0.682    0.241  1
RGI60-08.00867     0.36270   61.770146    8.143865   -0.301    0.202  1
RGI60-08.02482     0.36210   70.441672   23.111045   -0.285    0.230  1
RGI60-08.00667     0.35988   65.229345   13.805331   -0.126    0.195  1
RGI60-08.01502     0.35940   66.571141   14.605940   -0.861    0.245  1
RGI60-08.00060     0.35923   67.715948   17.737548   -0.314    0.192  1
RGI60-08.01571     0.35840   66.558905   13.729821   -0.270    0.191  1
RGI60-08.03024     0.35836   61.435241    7.801453   -0.175    0.199  1
RGI60-08.01472     0.35830   66.755355   14.361933   -0.232    0.186  1
RGI60-08.02802     0.35814   62.404966    7.567830   -0.653    0.244  1
RGI60-08.02326     0.35728   66.675090   15.228329   -0.302    0.175  1
RGI60-08.01786     0.35705   69.366878   19.791559   -0.791    0.327  1
RGI60-08.02300     0.35695   67.724856   15.627523   -0.372    0.190  1
RGI60-08.01788     0.35674   69.407494   19.893297   -0.578    0.221  1
RGI60-08.03063     0.35641   61.213451    7.882743   -0.257    0.217  1
RGI60-08.00544     0.35632   61.950258    7.181750   -0.649    0.260  1
RGI60-08.02755     0.35627   61.874070    7.029506   -0.214    0.218  1
RGI60-08.00655     0.35618   65.347830   13.755670   -0.841    0.307  1
RGI60-08.01396     0.35554   68.135278   16.945752   -0.099    0.178  1
RGI60-08.00784     0.35496   61.313733    6.803694   -0.478    0.220  1
RGI60-08.01572     0.35430   66.582288   13.927275   -0.066    0.180  1
RGI60-08.01462     0.35424   66.705557   14.281489   -0.363    0.192  1
RGI60-08.00169     0.35414   67.863120   18.170231   -0.170    0.174  1
RGI60-08.00206     0.35384   67.969466   18.460558   -0.576    0.211  1
RGI60-08.00844     0.35347   61.663653    8.264884   -0.677    0.271  1
RGI60-08.00375     0.35340   61.502306    6.481182   -0.635    0.220  1
RGI60-08.02853     0.35281   62.720484    8.647215   -1.055    0.301  1
RGI60-08.01234     0.35266   61.721640    7.654780   -0.561    0.209  1
RGI60-08.03057     0.35252   61.391554    8.064374   -0.653    0.251  1
RGI60-08.01174     0.35245   61.860565    7.231507   -0.427    0.203  1
RGI60-08.02645     0.35190   59.961594    6.864541   -0.465    0.208  1
RGI60-08.00114     0.35154   67.484867   17.592689   -0.741    0.263  1
RGI60-08.00472     0.35137   68.322622   18.063390   -0.097    0.159  1
RGI60-08.00353     0.35127   68.522319   15.443106   -0.526    0.239  1
RGI60-08.01809     0.34966   69.395664   19.737636   -1.131    0.325  1
RGI60-08.01495     0.34884   66.695018   14.592444   -0.078    0.173  1
RGI60-08.01181     0.34872   61.734312    7.292969   -0.234    0.163  1
RGI60-08.00142     0.34849   67.187911   17.685183   -0.266    0.209  1
RGI60-08.02174     0.34810   69.850316   19.242821   -0.816    0.258  1
RGI60-08.00258     0.34735   68.349919   18.307504   -0.406    0.196  1
RGI60-08.00364     0.34719   69.535790   19.387413   -0.553    0.242  1
RGI60-08.02391     0.34662   67.124686   16.291033    0.096    0.182  1
RGI60-08.00602     0.34606   69.633948   20.824924   -0.221    0.176  1
RGI60-08.00119     0.34550   67.228263   17.751450   -0.281    0.177  1
RGI60-08.00947     0.34534   69.715668   21.542389   -0.366    0.210  1
RGI60-08.03092     0.34519   59.889923    7.118195   -0.492    0.254  1
RGI60-08.01611     0.34487   66.765534   13.955822   -0.654    0.253  1
RGI60-08.02540     0.34334   70.005131   20.810236   -0.722    0.340  1
RGI60-08.00989     0.34290   61.454411    8.687204   -0.249    0.180  1
RGI60-08.01653     0.34285   66.778972   13.912893   -0.862    0.252  1
RGI60-08.02157     0.34282   61.525465    8.108364   -0.424    0.213  1
RGI60-08.02101     0.34125   68.171055   17.244165   -0.320    0.192  1
RGI60-08.01950     0.34115   68.729515   18.490898   -0.232    0.195  1
RGI60-08.02071     0.34064   68.250801   17.122968   -0.389    0.192  1
RGI60-08.01893     0.34033   68.737119   18.472038   -0.267    0.170  1
RGI60-08.00346     0.34019   62.594732    8.648133   -0.220    0.207  1
RGI60-08.02804     0.33895   62.375646    7.727397   -0.469    0.200  1
RGI60-08.01173     0.33873   61.852334    7.283734   -0.284    0.183  1
RGI60-08.02637     0.33761   68.031762   16.828043   -0.555    0.181  1
RGI60-08.01827     0.33633   62.131966    7.266726   -0.354    0.190  1
RGI60-08.01202     0.33628   61.723161    7.473519   -0.557    0.231  1
RGI60-08.03378     0.33442   62.315662    7.759804   -0.473    0.220  1
RGI60-08.01599     0.33408   66.587878   13.720754   -0.316    0.222  1
RGI60-08.01918     0.33376   68.810141   18.914000    0.082    0.181  1
RGI60-08.01787     0.33271   69.370463   19.909893   -0.585    0.260  1
RGI60-08.00186     0.33185   68.040895   18.341243   -0.508    0.192  1
RGI60-08.00356     0.33168   66.541825   14.549800   -0.135    0.180  1
RGI60-08.00813     0.33153   61.750615    7.802409   -0.011    0.196  1
RGI60-08.00216     0.33127   68.227989   18.758682   -0.687    0.207  1
RGI60-08.02002     0.33080   61.449554    6.629112   -0.317    0.180  1
RGI60-08.01845     0.33030   60.530574    7.095362   -0.254    0.195  1
RGI60-08.00734     0.32997   69.170937   20.141432   -0.221    0.177  1
RGI60-08.00116     0.32988   67.215246   17.797863   -0.426    0.202  1
RGI60-08.00991     0.32941   61.559500    8.285859   -0.357    0.218  1
RGI60-08.02323     0.32850   66.770196   15.223496   -0.252    0.164  1
RGI60-08.00256     0.32848   68.343477   18.282285   -0.334    0.181  1
RGI60-08.01473     0.32845   66.714322   14.286345   -0.164    0.199  1
RGI60-08.01400     0.32749   68.084194   16.980184   -0.027    0.195  1
RGI60-08.01854     0.32745   66.382996   13.505881   -0.182    0.219  1
RGI60-08.01043     0.32726   61.538991    6.642340   -0.526    0.229  1
RGI60-08.01259     0.32700   70.141505   21.689201   -0.605    0.241  1
RGI60-08.01879     0.32630   68.680470   18.473096   -0.289    0.184  1
RGI60-08.00764     0.32531   66.589851   14.790082   -0.417    0.174  1
RGI60-08.02404     0.32516   68.551082   19.364665   -0.914    0.271  1
RGI60-08.00120     0.32504   67.369492   17.792712   -0.544    0.189  1
RGI60-08.01928     0.32489   68.573697   18.686759   -0.622    0.227  1
RGI60-08.02085     0.32484   68.152568   17.218382   -0.267    0.170  1
RGI60-08.00961     0.32474   61.648983    8.579187    0.082    0.186  1
RGI60-08.02156     0.32376   61.544546    8.188910   -0.578    0.224  1
RGI60-08.00079     0.32368   67.283770   17.481038   -0.189    0.179  1
RGI60-08.02925     0.32309   60.045515    6.783606   -0.277    0.202  1
RGI60-08.01507     0.32283   66.595351   14.567741   -0.454    0.201  1
RGI60-08.01610     0.32279   66.846686   13.927460   -0.431    0.176  1
RGI60-08.01575     0.32273   66.587707   13.662759   -0.060    0.178  1
RGI60-08.00604     0.32270   69.641908   20.833441   -0.284    0.204  1
RGI60-08.01908     0.32218   68.951345   18.576416   -0.291    0.201  1
RGI60-08.01990     0.32206   61.402468    6.617759   -0.497    0.230  1
RGI60-08.02358     0.32164   67.268008   15.936059   -1.453    0.354  1
RGI60-08.01168     0.32077   61.845433    7.290946   -0.462    0.198  1
RGI60-08.01413     0.32040   61.437404    8.544234   -0.283    0.198  1
RGI60-08.03019     0.32039   61.426100    7.795638   -0.341    0.219  1
RGI60-08.01969     0.32038   62.383511    8.199466   -1.473    0.369  1
RGI60-08.02182     0.32015   69.510486   19.484024   -0.653    0.233  1
RGI60-08.01154     0.31989   61.591849    7.401398   -1.215    0.326  1
RGI60-08.01662     0.31952   62.447696    8.752675   -0.197    0.214  1
RGI60-08.00059     0.31925   67.722206   17.713397   -0.405    0.192  1
RGI60-08.02140     0.31860   61.375050    8.436438   -0.500    0.220  1
RGI60-08.00558     0.31858   62.180204    7.995705   -0.317    0.206  1
RGI60-08.02108     0.31825   68.055554   17.090932   -0.328    0.194  1
RGI60-08.02379     0.31822   67.303793   15.836900   -0.340    0.174  1
RGI60-08.00133     0.31809   67.441032   17.730604   -0.840    0.245  1
RGI60-08.00793     0.31769   61.816995    8.035979   -0.223    0.206  1
RGI60-08.01843     0.31757   62.178270    7.220325   -0.949    0.380  1
RGI60-08.02145     0.31737   61.496428    8.204330   -0.752    0.264  1
RGI60-08.03286     0.31685   62.474821    7.254229   -1.014    0.311  1
RGI60-08.02576     0.31594   69.645205   19.957565   -0.288    0.198  1
RGI60-08.00519     0.31552   62.003227    7.251557   -0.320    0.183  1
RGI60-08.00806     0.31486   61.728793    7.979715   -0.631    0.254  1
RGI60-08.00355     0.31470   66.407778   13.636051   -0.071    0.170  1
RGI60-08.02631     0.31468   67.981068   16.912332    0.141    0.166  1
RGI60-08.00817     0.31410   61.754651    8.039767   -0.461    0.203  1
RGI60-08.00763     0.31326   66.599545   14.787511   -0.183    0.158  1
RGI60-08.00190     0.31285   68.215700   18.676764   -0.622    0.210  1
RGI60-08.00500     0.31271   61.801217    6.933921   -0.581    0.258  1
RGI60-08.01053     0.31270   61.547428    6.634688   -0.584    0.215  1
RGI60-08.00071     0.31174   67.721898   17.811859   -0.373    0.231  1
RGI60-08.03293     0.31131   69.506455   18.620355   -0.574    0.238  1
RGI60-08.00745     0.31088   69.275453   20.141480   -0.610    0.238  1
RGI60-08.01912     0.31037   68.839764   18.865817   -0.504    0.246  1
RGI60-08.02228     0.31033   65.958318   14.197397   -0.507    0.226  1
RGI60-08.01539     0.31029   66.854792   14.475427   -0.080    0.156  1
RGI60-08.00247     0.31016   67.990425   18.310836   -0.080    0.173  1
RGI60-08.03292     0.31005   66.373171   13.784101   -0.022    0.170  1
RGI60-08.02641     0.30962   67.980817   16.869257   -0.226    0.188  1
RGI60-08.01451     0.30865   66.724000   14.294630   -0.302    0.213  1
RGI60-08.02291     0.30757   67.708644   16.315075   -0.223    0.192  1
RGI60-08.01560     0.30727   66.590190   13.735804   -0.664    0.229  1
RGI60-08.02998     0.30715   61.357522    6.836003   -0.477    0.223  1
RGI60-08.00443     0.30702   68.094291   17.870048   -0.389    0.201  1
RGI60-08.01921     0.30679   68.818659   18.745152   -0.119    0.185  1
RGI60-08.00414     0.30675   68.944395   18.575346   -0.491    0.209  1
RGI60-08.03227     0.30544   62.297730    6.568833   -0.777    0.348  1
RGI60-08.03110     0.30515   59.943624    7.114725   -0.307    0.199  1
RGI60-08.01449     0.30452   66.784798   14.427166   -0.439    0.221  1
RGI60-08.00968     0.30331   61.602134    8.476136   -0.789    0.279  1
RGI60-08.03047     0.30330   61.443813    8.189401   -0.116    0.207  1
RGI60-08.01634     0.30330   66.859032   13.908913   -0.137    0.236  1
RGI60-08.01463     0.30323   66.752765   14.500840   -0.023    0.179  1
RGI60-08.01481     0.30261   66.708941   14.362458   -0.107    0.194  1
RGI60-08.01576     0.30252   66.566237   13.890452    0.002    0.161  1
RGI60-08.00010     0.30239   68.121359   18.086020   -0.276    0.175  1
RGI60-08.01554     0.30173   66.910102   14.343923   -0.115    0.153  1
RGI60-08.00425     0.30150   60.045707    7.038512   -0.228    0.198  1
RGI60-08.00760     0.30142   66.618028   14.750978   -0.312    0.186  1
RGI60-08.01263     0.30040   68.587641   16.960762   -0.673    0.277  1
RGI60-08.01209     0.29986   61.852626    7.458745   -0.416    0.189  1
RGI60-08.01642     0.29984   66.774427   13.845026   -0.772    0.264  1
RGI60-08.02681     0.29971   61.742939    6.017305   -0.343    0.205  1
RGI60-08.01842     0.29860   62.126517    7.247271   -0.912    0.317  1
RGI60-08.01233     0.29771   61.602253    7.826990   -0.298    0.188  1
RGI60-08.02497     0.29687   70.232609   21.971532   -0.133    0.186  1
RGI60-08.01284     0.29611   66.447555   14.724068   -0.464    0.247  1
RGI60-08.00490     0.29590   61.774102    6.884576   -0.367    0.245  1
RGI60-08.01530     0.29520   66.556808   14.490974   -0.145    0.177  1
RGI60-08.00841     0.29519   61.617994    8.434912   -0.528    0.210  1
RGI60-08.01581     0.29443   66.579619   13.649747   -0.415    0.196  1
RGI60-08.00207     0.29434   68.213873   18.802105   -0.515    0.216  1
RGI60-08.02534     0.29377   70.154816   20.715591   -0.714    0.307  1
RGI60-08.03035     0.29341   61.428562    7.784854   -0.537    0.225  1
RGI60-08.01380     0.29250   67.404471   15.955034   -0.254    0.176  1
RGI60-08.02148     0.29250   61.502784    8.168631   -0.558    0.273  1
RGI60-08.01974     0.29241   62.503658    7.842079   -0.271    0.229  1
RGI60-08.00046     0.29182   67.159171   17.218960   -0.704    0.237  1
RGI60-08.00737     0.29180   69.272498   20.150397   -0.530    0.247  1
RGI60-08.03034     0.29161   61.458717    7.878598   -0.181    0.218  1
RGI60-08.02684     0.29155   61.783725    5.875069   -0.316    0.215  1
RGI60-08.01952     0.29082   62.494615    7.840036   -0.774    0.262  1
RGI60-08.01764     0.29074   60.636835    7.486176   -0.363    0.197  1
RGI60-08.00299     0.29070   60.578247    7.324587   -0.231    0.210  1
RGI60-08.01749     0.28982   60.741944    7.457487   -0.236    0.195  1
RGI60-08.03193     0.28958   69.474220   19.783360   -0.435    0.259  1
RGI60-08.00052     0.28918   67.784540   17.917307   -0.810    0.259  1
RGI60-08.02672     0.28903   61.742669    5.579130   -0.360    0.220  1
RGI60-08.02243     0.28901   66.070026   14.127028   -0.372    0.197  1
RGI60-08.00048     0.28872   66.991922   17.069136   -0.613    0.217  1
RGI60-08.00870     0.28844   61.760413    8.181009    0.046    0.176  1
RGI60-08.03109     0.28832   59.999081    7.092281   -0.342    0.195  1
RGI60-08.00704     0.28828   60.080784    7.010977   -0.122    0.185  1
RGI60-08.02841     0.28800   62.582164    8.101165   -0.462    0.214  1
RGI60-08.01632     0.28783   66.705038   13.828498    0.198    0.233  1
RGI60-08.00036     0.28740   67.314654   17.431887   -0.221    0.197  1
RGI60-08.02165     0.28730   69.565999   19.354485   -0.360    0.219  1
RGI60-08.03077     0.28702   68.640107   17.455216   -0.207    0.176  1
RGI60-08.02287     0.28650   67.762075   16.215633   -0.088    0.166  1
RGI60-08.00025     0.28607   67.370121   17.332185   -0.298    0.192  1
RGI60-08.00023     0.28587   67.261834   17.353209   -0.031    0.207  1
RGI60-08.02986     0.28582   61.087221    7.230194   -0.636    0.277  1
RGI60-08.01713     0.28530   60.690404    7.340961   -0.440    0.224  1
RGI60-08.02790     0.28511   62.095457    7.351545   -0.347    0.218  1
RGI60-08.00078     0.28498   67.399591   17.713636   -0.750    0.227  1
RGI60-08.01826     0.28464   62.142004    7.271942   -0.625    0.252  1
RGI60-08.00201     0.28447   68.211200   18.690290   -0.352    0.192  1
RGI60-08.00644     0.28445   65.353443   13.848128   -0.092    0.166  1
RGI60-08.02879     0.28441   62.760458    9.319808   -0.468    0.221  1
RGI60-08.01508     0.28440   66.698116   14.579349   -0.064    0.171  1
RGI60-08.01798     0.28381   69.428106   19.856544   -0.178    0.176  1
RGI60-08.00064     0.28310   67.686021   17.931878   -0.134    0.189  1
RGI60-08.01000     0.28171   61.562389    8.275027   -0.662    0.254  1
RGI60-08.02733     0.28104   61.666162    6.308017   -0.530    0.244  1
RGI60-08.01789     0.27987   69.432449   19.858118   -0.148    0.189  1
RGI60-08.00189     0.27940   68.041319   18.318103   -0.426    0.209  1
RGI60-08.00374     0.27900   61.425525    7.906349   -0.071    0.185  1
RGI60-08.02153     0.27899   61.561519    8.156022   -0.370    0.220  1
RGI60-08.01859     0.27810   66.440645   13.635047   -0.206    0.180  1
RGI60-08.01991     0.27781   61.400949    6.638663   -0.187    0.210  1
RGI60-08.00829     0.27761   61.739853    8.031709   -0.311    0.187  1
RGI60-08.00631     0.27748   65.270441   13.750594   -0.215    0.220  1
RGI60-08.02346     0.27711   67.290763   15.918775   -0.598    0.225  1
RGI60-08.03168     0.27692   69.051740   19.735376   -0.611    0.274  1
RGI60-08.00638     0.27666   65.441416   13.830933   -0.373    0.185  1
RGI60-08.02796     0.27660   62.098726    7.599188   -0.480    0.225  1
RGI60-08.00276     0.27645   66.793207   14.440805   -0.489    0.219  1
RGI60-08.03330     0.27606   68.019419   17.714061   -0.278    0.224  1
RGI60-08.00675     0.27589   65.237021   13.672577   -0.085    0.176  1
RGI60-08.01627     0.27572   66.763330   13.948528   -0.683    0.225  1
RGI60-08.01806     0.27531   69.428128   19.868553   -0.069    0.202  1
RGI60-08.02724     0.27457   62.060486    6.590783   -0.472    0.249  1
RGI60-08.01876     0.27454   68.677469   18.349871   -0.067    0.199  1
RGI60-08.00865     0.27450   61.756838    8.134687   -0.161    0.181  1
RGI60-08.01188     0.27446   61.856664    7.432049   -0.481    0.195  1
RGI60-08.03169     0.27414   69.110637   19.517623   -0.641    0.306  1
RGI60-08.00739     0.27413   69.160230   20.168168   -0.714    0.284  1
RGI60-08.03183     0.27382   69.503110   19.950142   -0.748    0.270  1
RGI60-08.00260     0.27378   68.380163   18.522667   -0.200    0.171  1
RGI60-08.03201     0.27336   69.427956   20.018744   -0.777    0.313  1
RGI60-08.00775     0.27299   62.371850    7.509774   -0.793    0.273  1
RGI60-08.01832     0.27295   62.162631    7.281365   -0.892    0.276  1
RGI60-08.00950     0.27272   69.770691   21.523521   -0.317    0.211  1
RGI60-08.00250     0.27263   67.967308   18.538268    0.025    0.163  1
RGI60-08.01175     0.27215   61.835881    7.147935   -0.389    0.198  1
RGI60-08.02793     0.27211   62.144903    7.584861   -0.730    0.264  1
RGI60-08.03285     0.27210   68.653611   17.979196   -0.637    0.288  1
RGI60-08.00735     0.27193   69.141837   19.946733   -0.584    0.284  1
RGI60-08.01525     0.27180   66.638982   14.615996   -0.016    0.156  1
RGI60-08.02038     0.27180   62.362943    8.955128   -0.428    0.219  1
RGI60-08.01540     0.27180   66.852542   14.407070   -0.293    0.222  1
RGI60-08.00135     0.27171   67.391683   17.809342   -0.456    0.204  1
RGI60-08.02767     0.27134   61.920180    7.519622   -0.532    0.215  1
RGI60-08.02948     0.27091   59.922988    6.801287   -0.439    0.235  1
RGI60-08.02956     0.27076   60.281812    6.515271   -0.279    0.239  1
RGI60-08.01067     0.27076   61.503747    6.783252   -0.180    0.188  1
RGI60-08.01450     0.27068   66.641956   14.431404   -0.447    0.211  1
RGI60-08.00676     0.27064   65.177536   13.676480   -0.003    0.207  1
RGI60-08.00073     0.27049   67.588110   17.511306   -0.385    0.177  1
RGI60-08.02835     0.27002   62.661109    8.225392   -0.754    0.279  1
RGI60-08.00979     0.27000   61.492018    8.255460   -0.112    0.205  1
RGI60-08.00417     0.26991   66.887008   14.479961   -0.185    0.171  1
RGI60-08.00585     0.26988   69.701912   20.657879   -0.815    0.299  1
RGI60-08.03220     0.26975   69.422769   20.055379   -0.557    0.254  1
RGI60-08.02531     0.26960   70.006717   20.791526   -0.738    0.295  1
RGI60-08.00436     0.26939   66.656742   14.645993   -0.064    0.154  1
RGI60-08.01883     0.26869   68.575804   18.437648   -0.090    0.175  1
RGI60-08.01878     0.26837   68.719999   18.384692   -0.960    0.298  1
RGI60-08.00795     0.26820   61.740626    7.875997   -0.298    0.191  1
RGI60-08.01224     0.26748   61.616751    7.849555   -0.156    0.170  1
RGI60-08.03139     0.26706   65.489974   13.195499   -0.637    0.260  1
RGI60-08.01295     0.26639   66.327460   14.982569   -0.208    0.171  1
RGI60-08.01796     0.26624   69.361325   19.796438   -0.508    0.215  1
RGI60-08.01410     0.26587   61.434753    8.615755   -0.250    0.187  1
RGI60-08.02794     0.26482   62.094694    7.332662   -0.726    0.239  1
RGI60-08.03306     0.26480   68.579344   18.106550   -0.402    0.237  1
RGI60-08.03391     0.26461   62.330951    8.328211   -0.646    0.252  1
RGI60-08.01817     0.26460   59.797836    6.646353   -0.169    0.201  1
RGI60-08.00580     0.26405   62.171975    7.934594   -0.432    0.247  1
RGI60-08.02498     0.26394   70.225045   22.004307   -0.943    0.374  1
RGI60-08.02247     0.26328   66.050530   14.178832   -0.055    0.192  1
RGI60-08.00181     0.26323   67.993606   18.490505   -0.109    0.178  1
RGI60-08.00413     0.26316   68.636968   18.087671   -0.275    0.178  1
RGI60-08.02270     0.26290   67.644050   16.147734   -0.210    0.239  1
RGI60-08.02437     0.26236   68.336403   17.833572   -0.302    0.220  1
RGI60-08.00574     0.26191   62.187180    8.018105   -0.484    0.233  1
RGI60-08.01372     0.26171   67.406220   15.921292   -0.267    0.175  1
RGI60-08.00272     0.26047   65.930979   15.190119   -0.109    0.187  1
RGI60-08.00129     0.26044   67.389290   17.583153   -0.299    0.206  1
RGI60-08.01498     0.25920   66.777015   14.679564   -0.050    0.173  1
RGI60-08.00484     0.25912   61.485339    6.902899   -0.387    0.187  1
RGI60-08.01383     0.25889   67.358736   15.881944   -0.208    0.165  1
RGI60-08.00624     0.25888   69.590116   20.867916   -0.082    0.205  1
RGI60-08.00944     0.25845   69.736640   21.448267   -0.386    0.229  1
RGI60-08.00879     0.25827   62.288075    7.697552   -0.452    0.204  1
RGI60-08.02185     0.25813   69.515488   19.506498   -0.383    0.210  1
RGI60-08.02570     0.25805   69.715086   20.092272   -0.363    0.307  1
RGI60-08.01361     0.25746   62.224988    6.704924   -0.583    0.226  1
RGI60-08.00851     0.25740   61.823196    8.352305   -0.404    0.255  1
RGI60-08.00311     0.25736   68.065729   17.037927    0.031    0.163  1
RGI60-08.01863     0.25636   66.388689   13.499094   -0.166    0.226  1
RGI60-08.02416     0.25636   68.886124   19.220313   -0.014    0.186  1
RGI60-08.02064     0.25583   61.252004    6.432725   -0.228    0.226  1
RGI60-08.00077     0.25570   67.327732   17.495414   -0.228    0.192  1
RGI60-08.00571     0.25496   62.044845    8.090610   -0.331    0.207  1
RGI60-08.00749     0.25448   69.174859   19.893871   -0.974    0.304  1
RGI60-08.02434     0.25421   68.217091   17.871794   -0.335    0.190  1
RGI60-08.02659     0.25420   61.749677    5.612312   -0.280    0.205  1
RGI60-08.02664     0.25414   61.788043    5.757875   -0.684    0.275  1
RGI60-08.02880     0.25392   62.742812    9.250268   -0.682    0.243  1
RGI60-08.00305     0.25392   68.723290   18.384980   -1.290    0.351  1
RGI60-08.01500     0.25380   66.726586   14.691041    0.189    0.164  1
RGI60-08.01276     0.25288   66.456666   14.640898   -0.335    0.209  1
RGI60-08.02579     0.25268   69.751057   20.062661   -1.003    0.375  1
RGI60-08.00564     0.25262   62.072290    8.153999   -0.223    0.192  1
RGI60-08.01254     0.25214   70.127008   21.694031   -0.601    0.248  1
RGI60-08.01277     0.25199   66.501224   14.581517   -0.072    0.190  1
RGI60-08.00243     0.25148   68.151511   18.629309   -0.275    0.225  1
RGI60-08.03349     0.25111   62.851140    9.096887   -1.211    0.368  1
RGI60-08.00905     0.25091   62.152863    7.573512   -0.555    0.237  1
RGI60-08.00263     0.25077   63.021425   12.204757   -0.625    0.243  1
RGI60-08.01271     0.25052   66.497787   14.556269   -0.021    0.191  1
RGI60-08.03184     0.25032   69.477995   19.800385   -0.115    0.190  1
RGI60-08.00124     0.25023   67.381326   17.725006   -0.699    0.235  1
RGI60-08.00746     0.24993   69.261585   20.258384   -0.791    0.364  1
RGI60-08.03401     0.24943   69.482702   19.196146   -0.308    0.252  1
RGI60-08.00577     0.24937   62.172190    7.868979   -0.595    0.244  1
RGI60-08.01808     0.24933   69.426401   19.905403   -0.860    0.267  1
RGI60-08.01459     0.24931   66.736268   14.417496   -0.290    0.188  1
RGI60-08.03152     0.24919   65.383254   13.123713   -0.359    0.210  1
RGI60-08.01963     0.24855   62.509959    7.849584   -1.130    0.345  1
RGI60-08.00974     0.24841   61.523074    8.580141   -0.506    0.235  1
RGI60-08.03317     0.24841   61.776482    8.734212   -0.641    0.320  1
RGI60-08.01160     0.24810   61.593210    7.047867   -0.341    0.185  1
RGI60-08.02131     0.24767   68.270157   17.506390   -0.344    0.246  1
RGI60-08.00252     0.24760   67.964750   18.428820   -0.357    0.189  1
RGI60-08.00625     0.24744   69.614579   20.871853   -0.351    0.254  1
RGI60-08.02195     0.24738   69.457277   19.301279   -0.630    0.275  1
RGI60-08.00248     0.24668   68.061659   18.461559   -0.612    0.251  1
RGI60-08.02910     0.24626   59.933036    6.825701   -0.467    0.240  1
RGI60-08.00912     0.24624   62.271186    7.642293   -1.083    0.336  1
RGI60-08.03335     0.24612   68.598346   18.022827    0.085    0.216  1
RGI60-08.00051     0.24609   67.899526   17.499979   -0.310    0.202  1
RGI60-08.00776     0.24524   62.409765    7.508916   -0.825    0.314  1
RGI60-08.01601     0.24510   66.570080   14.354960   -0.228    0.208  1
RGI60-08.00089     0.24509   67.444027   17.613386   -0.510    0.208  1
RGI60-08.03327     0.24415   68.604089   17.935787   -0.508    0.203  1
RGI60-08.01004     0.24391   61.545018    8.206859   -0.316    0.222  1
RGI60-08.02846     0.24390   62.700668    8.734328   -0.931    0.323  1
RGI60-08.00684     0.24359   69.639850   20.801149   -0.182    0.173  1
RGI60-08.03373     0.24333   69.603021   20.085764   -0.335    0.232  1
RGI60-08.02059     0.24312   68.345174   14.871777   -0.443    0.266  1
RGI60-08.00274     0.24307   66.086828   15.693746   -0.339    0.184  1
RGI60-08.01418     0.24299   61.395247    8.545950   -0.729    0.251  1
RGI60-08.00067     0.24298   67.694369   17.912704   -0.216    0.182  1
RGI60-08.01403     0.24284   68.072007   16.890491   -0.367    0.204  1
RGI60-08.03228     0.24211   62.272434    6.544931   -0.931    0.359  1
RGI60-08.02151     0.24209   61.531601    8.095504   -0.313    0.198  1
RGI60-08.02229     0.24172   65.932980   14.313841   -0.172    0.232  1
RGI60-08.01811     0.24155   69.428692   19.831263   -0.334    0.345  1
RGI60-08.00244     0.24083   68.002826   18.439964   -0.149    0.235  1
RGI60-08.00766     0.24030   66.602180   14.798269   -0.309    0.210  1
RGI60-08.03062     0.24030   61.211498    7.899959   -0.236    0.209  1
RGI60-08.02049     0.24030   62.312868    8.815232   -0.928    0.345  1
RGI60-08.00308     0.24024   68.930902   18.580346   -0.444    0.259  1
RGI60-08.03282     0.24018   69.455377   19.180677   -0.768    0.267  1
RGI60-08.01024     0.24011   68.102444   17.893234   -0.181    0.196  1
RGI60-08.02367     0.23993   67.208039   16.204171   -0.089    0.180  1
RGI60-08.00084     0.23934   67.429226   17.644740   -0.753    0.242  1
RGI60-08.03174     0.23922   69.122147   19.634511   -0.280    0.279  1
RGI60-08.00599     0.23911   69.483248   20.729044   -0.619    0.272  1
RGI60-08.01523     0.23905   66.597857   14.553474   -0.590    0.231  1
RGI60-08.02735     0.23886   61.871401    6.968945   -0.183    0.308  1
RGI60-08.01411     0.23841   61.376881    8.574832   -0.558    0.279  1
RGI60-08.00091     0.23804   67.298864   17.911769   -0.970    0.281  1
RGI60-08.01901     0.23799   68.719254   18.419714   -0.223    0.194  1
RGI60-08.02657     0.23792   61.733407    5.581694   -1.179    0.421  1
RGI60-08.01626     0.23609   66.761737   13.995594   -0.345    0.207  1
RGI60-08.00047     0.23602   67.186827   17.321808   -0.248    0.187  1
RGI60-08.03087     0.23557   68.828716   17.629180   -0.275    0.209  1
RGI60-08.02698     0.23538   62.082658    6.730415   -0.336    0.239  1
RGI60-08.00174     0.23487   67.542475   18.300307   -0.103    0.206  1
RGI60-08.00732     0.23458   69.148606   20.148570   -0.044    0.242  1
RGI60-08.00148     0.23414   67.154826   17.680911   -0.352    0.211  1
RGI60-08.00347     0.23400   61.467212    8.327191   -0.381    0.247  1
RGI60-08.03284     0.23400   68.567285   18.124697   -0.185    0.164  1
RGI60-08.00863     0.23333   61.756040    8.158403   -0.128    0.182  1
RGI60-08.01910     0.23313   68.583511   18.729649   -0.522    0.272  1
RGI60-08.00866     0.23310   61.819662    8.379024   -0.681    0.276  1
RGI60-08.00546     0.23304   62.016118    7.197873   -0.341    0.216  1
RGI60-08.03333     0.23268   68.041696   17.674240   -0.352    0.203  1
RGI60-08.00557     0.23235   62.041968    8.034165   -0.418    0.230  1
RGI60-08.01687     0.23221   60.693988    7.388349   -0.351    0.224  1
RGI60-08.00998     0.23220   61.541119    8.620341   -0.562    0.244  1
RGI60-08.02039     0.23220   62.392602    8.866889   -0.444    0.253  1
RGI60-08.00409     0.23193   69.841305   20.618751   -1.003    0.371  1
RGI60-08.01393     0.23135   68.093860   16.927926   -0.143    0.207  1
RGI60-08.02417     0.23117   68.797286   19.170788    0.121    0.207  1
RGI60-08.00520     0.23059   61.987298    6.979391   -0.535    0.266  1
RGI60-08.00880     0.22985   62.279565    7.489598   -0.475    0.249  1
RGI60-08.02677     0.22978   61.746850    5.445293   -1.025    0.349  1
RGI60-08.03197     0.22930   69.525049   19.936236   -0.497    0.252  1
RGI60-08.00358     0.22913   61.607272    8.467349   -0.986    0.358  1
RGI60-08.00532     0.22908   61.995734    7.095074   -0.896    0.316  1
RGI60-08.02728     0.22902   62.022684    6.261415   -0.614    0.267  1
RGI60-08.02618     0.22890   68.112546   16.629196   -0.242    0.225  1
RGI60-08.02233     0.22872   66.097844   14.386455   -0.259    0.206  1
RGI60-08.02139     0.22860   61.396170    8.484093   -0.339    0.201  1
RGI60-08.01835     0.22819   62.152969    7.284067   -1.403    0.501  1
RGI60-08.00062     0.22812   67.702764   17.841116   -0.224    0.240  1
RGI60-08.00086     0.22801   67.471932   17.653164   -0.328    0.187  1
RGI60-08.02162     0.22778   69.562511   19.367284   -0.461    0.267  1
RGI60-08.01430     0.22770   61.416313    8.598675   -0.220    0.178  1
RGI60-08.00809     0.22770   61.735112    8.073634   -0.209    0.177  1
RGI60-08.03177     0.22755   69.198595   19.423950   -0.497    0.246  1
RGI60-08.02479     0.22723   70.416034   23.198075   -0.105    0.199  1
RGI60-08.02092     0.22678   68.208631   17.216691   -0.455    0.231  1
RGI60-08.01325     0.22634   66.913467   14.597501   -0.097    0.211  1
RGI60-08.01045     0.22608   61.765465    6.752675   -0.746    0.294  1
RGI60-08.03189     0.22569   69.420959   20.000688   -0.571    0.259  1
RGI60-08.01935     0.22543   68.896190   18.945073   -0.393    0.242  1
RGI60-08.03136     0.22518   65.427198   13.175438   -0.717    0.350  1
RGI60-08.00275     0.22472   66.092328   15.697908   -0.581    0.204  1
RGI60-08.02236     0.22468   66.024038   14.325816   -0.107    0.169  1
RGI60-08.01227     0.22434   61.741167    7.637064   -0.290    0.203  1
RGI60-08.02133     0.22411   61.383846    8.441963   -0.141    0.222  1
RGI60-08.02830     0.22410   62.580009    8.071072   -1.476    0.389  1
RGI60-08.03287     0.22379   61.426368    5.522629   -0.606    0.328  1
RGI60-08.02065     0.22343   61.255679    6.420330   -0.289    0.206  1
RGI60-08.00101     0.22340   67.253049   17.782838   -0.501    0.294  1
RGI60-08.00304     0.22336   68.574759   18.493598   -0.604    0.298  1
RGI60-08.01702     0.22322   60.737780    7.297536   -0.416    0.240  1
RGI60-08.00748     0.22230   69.330062   20.155004   -1.334    0.420  1
RGI60-08.01677     0.22229   60.635687    7.028355   -0.409    0.242  1
RGI60-08.02586     0.22210   69.702475   20.020560   -0.680    0.330  1
RGI60-08.00666     0.22149   65.201453   13.822655   -0.069    0.193  1
RGI60-08.01953     0.22140   62.378342    8.203766   -1.241    0.365  1
RGI60-08.01715     0.22140   60.650068    7.122242   -0.052    0.174  1
RGI60-08.00172     0.22021   67.585421   18.267887   -0.152    0.158  1
RGI60-08.02170     0.21948   69.892926   19.327279   -0.907    0.422  1
RGI60-08.00603     0.21932   69.653048   20.830800   -0.181    0.178  1
RGI60-08.02360     0.21915   67.209275   16.192676   -0.005    0.174  1
RGI60-08.01521     0.21903   66.749094   14.727346    0.125    0.167  1
RGI60-08.02341     0.21900   66.803601   15.843659   -0.183    0.173  1
RGI60-08.00262     0.21863   67.488275   17.485792   -0.401    0.220  1
RGI60-08.00917     0.21851   62.271620    7.677981   -0.335    0.208  1
RGI60-08.02187     0.21745   69.483115   19.436742   -1.042    0.349  1
RGI60-08.00273     0.21729   65.852436   15.271502   -0.328    0.213  1
RGI60-08.01494     0.21715   66.542539   14.526215    0.085    0.180  1
RGI60-08.03259     0.21692   59.763191    6.912627   -0.210    0.201  1
RGI60-08.00225     0.21690   67.937804   18.452962   -0.759    0.275  1
RGI60-08.02008     0.21689   61.406388    6.508946   -0.424    0.207  1
RGI60-08.03375     0.21624   68.032446   17.678562   -0.395    0.221  1
RGI60-08.00929     0.21618   69.763983   21.529835   -0.087    0.173  1
RGI60-08.02600     0.21602   68.143014   17.733750   -0.479    0.226  1
RGI60-08.02840     0.21599   62.654867    8.230583   -0.475    0.295  1
RGI60-08.00937     0.21584   69.732369   21.467793   -0.040    0.195  1
RGI60-08.00895     0.21517   62.202342    7.691363   -0.618    0.255  1
RGI60-08.01719     0.21511   60.643402    7.523458   -0.336    0.202  1
RGI60-08.02343     0.21510   66.823349   15.853270   -0.059    0.207  1
RGI60-08.00823     0.21507   61.744629    7.832009   -0.222    0.193  1
RGI60-08.00239     0.21403   68.072524   18.420609   -0.393    0.211  1
RGI60-08.02444     0.21358   68.279223   17.944338   -0.400    0.214  1
RGI60-08.00957     0.21343   61.522863    8.362492   -0.735    0.279  1
RGI60-08.02333     0.21331   66.658778   15.277777   -0.063    0.184  1
RGI60-08.00985     0.21240   61.464627    8.342966   -0.517    0.255  1
RGI60-08.03021     0.21240   61.435876    7.881522   -0.294    0.268  1
RGI60-08.02062     0.21204   61.259980    6.392667   -0.409    0.216  1
RGI60-08.00330     0.21196   61.884532    7.177336   -0.664    0.310  1
RGI60-08.03262     0.21167   68.600445   17.930156   -0.207    0.162  1
RGI60-08.01722     0.21151   60.617197    7.765391   -0.186    0.187  1
RGI60-08.00810     0.21150   61.844684    8.091870   -0.403    0.224  1
RGI60-08.00530     0.21121   61.991643    7.114617   -0.318    0.223  1
RGI60-08.00573     0.21110   62.053026    8.074761   -0.448    0.248  1
RGI60-08.00623     0.21074   69.581015   20.769320   -0.286    0.238  1
RGI60-08.02625     0.21055   68.146005   16.626107   -0.007    0.230  1
RGI60-08.00938     0.20991   69.728885   21.565490   -0.595    0.292  1
RGI60-08.02331     0.20971   66.793402   15.251387   -0.226    0.195  1
RGI60-08.01710     0.20969   60.771487    7.449926   -0.418    0.226  1
RGI60-08.00594     0.20942   69.622162   20.746283   -1.101    0.355  1
RGI60-08.01324     0.20917   66.905429   14.558180   -0.295    0.233  1
RGI60-08.01903     0.20916   68.694876   18.335398   -0.221    0.247  1
RGI60-08.00408     0.20878   61.693032    8.588009   -1.051    0.358  1
RGI60-08.02206     0.20864   69.300627   19.677704   -0.073    0.291  1
RGI60-08.01331     0.20849   61.529600    7.903742   -0.169    0.244  1
RGI60-08.03036     0.20790   61.465738    7.937268   -0.314    0.220  1
RGI60-08.02722     0.20785   62.079338    6.565261   -0.855    0.341  1
RGI60-08.00144     0.20747   67.192944   17.604773   -0.759    0.256  1
RGI60-08.01005     0.20700   61.551675    8.621416   -0.097    0.186  1
RGI60-08.00758     0.20656   66.608540   14.780082   -0.168    0.205  1
RGI60-08.02450     0.20627   68.312166   17.722422   -0.538    0.246  1
RGI60-08.02827     0.20625   62.624534    7.894778   -0.816    0.299  1
RGI60-08.01279     0.20611   66.470264   14.757001    0.044    0.196  1
RGI60-08.03322     0.20609   61.757128    8.750417   -0.642    0.272  1
RGI60-08.01109     0.20604   61.650256    6.689109   -0.352    0.254  1
RGI60-08.01144     0.20585   61.539395    7.034488   -0.301    0.187  1
RGI60-08.01281     0.20578   66.458316   14.712073   -0.465    0.284  1
RGI60-08.02397     0.20568   67.171728   16.270375   -0.089    0.161  1
RGI60-08.02937     0.20541   60.246363    6.492781   -0.280    0.219  1
RGI60-08.00152     0.20532   67.271886   17.982122   -0.129    0.221  1
RGI60-08.01861     0.20492   66.394502   13.491783   -0.353    0.277  1
RGI60-08.02025     0.20465   61.445664    6.617897   -0.382    0.225  1
RGI60-08.01374     0.20437   67.419382   16.057555   -0.171    0.160  1
RGI60-08.02222     0.20434   65.961210   14.281364   -0.240    0.228  1
RGI60-08.01289     0.20430   61.543476    8.606211   -0.531    0.284  1
RGI60-08.01929     0.20395   68.612092   18.666529   -0.347    0.247  1
RGI60-08.00683     0.20383   62.063233    7.352363   -0.111    0.214  1
RGI60-08.01019     0.20374   68.100729   17.853190   -0.265    0.224  1
RGI60-08.01721     0.20340   60.670098    7.578873   -0.424    0.255  1
RGI60-08.02702     0.20322   62.123668    6.637720   -0.816    0.342  1
RGI60-08.00930     0.20258   69.726172   21.453474   -0.502    0.246  1
RGI60-08.01993     0.20224   61.390943    6.613589   -0.104    0.234  1
RGI60-08.00100     0.20219   67.335106   17.892197   -0.599    0.259  1
RGI60-08.03115     0.20160   59.883775    7.118220   -0.517    0.228  1
RGI60-08.03172     0.20145   69.055053   19.655554   -0.459    0.306  1
RGI60-08.00143     0.20141   67.170619   17.575702   -0.956    0.286  1
RGI60-08.00498     0.20140   61.821698    6.880777   -0.512    0.249  1
RGI60-08.02630     0.20128   67.999282   16.920716   -0.058    0.166  1
RGI60-08.02495     0.20108   70.228866   21.946508   -0.440    0.228  1
RGI60-08.00237     0.20107   68.128372   18.702496   -0.075    0.176  1
RGI60-08.02900     0.20070   62.321987    9.295066   -0.426    0.262  1
RGI60-08.02332     0.20070   66.578099   15.167811   -0.100    0.184  1
RGI60-08.02018     0.20060   61.406550    6.535731   -0.195    0.208  1
RGI60-08.02448     0.20048   68.214159   17.965803   -0.140    0.171  1
RGI60-08.00385     0.20008   68.269915   17.486456   -0.887    0.387  1
RGI60-08.01382     0.20001   67.366413   15.876894    0.020    0.163  1
RGI60-08.03011     0.19970   61.370635    6.823163   -0.346    0.267  1
RGI60-08.00467     0.19920   68.290433   18.045068   -0.132    0.179  1
RGI60-08.00380     0.19844   67.364370   15.888838   -0.642    0.253  1
RGI60-08.01920     0.19819   68.754775   18.396667   -0.169    0.169  1
RGI60-08.01235     0.19817   61.748116    7.587071   -0.647    0.249  1
RGI60-08.01057     0.19817   61.496221    6.713317   -0.280    0.209  1
RGI60-08.02878     0.19800   62.444006    9.218325   -0.267    0.200  1
RGI60-08.02334     0.19790   66.616527   15.224429   -0.255    0.182  1
RGI60-08.02200     0.19773   68.297707   17.794336   -0.492    0.223  1
RGI60-08.00222     0.19720   68.196252   18.870782   -0.106    0.196  1
RGI60-08.00344     0.19710   66.492824   14.668315   -0.080    0.158  1
RGI60-08.02594     0.19696   69.653651   20.090075   -0.718    0.376  1
RGI60-08.02575     0.19692   69.652526   19.998123   -0.753    0.313  1
RGI60-08.03185     0.19689   69.420040   20.023074   -0.780    0.305  1
RGI60-08.02634     0.19645   67.978180   16.902493   -0.304    0.207  1
RGI60-08.00815     0.19620   61.776717    7.956343   -0.225    0.183  1
RGI60-08.03338     0.19619   68.570679   18.094056   -0.408    0.223  1
RGI60-08.03170     0.19602   69.022818   20.032445   -0.022    0.202  1
RGI60-08.03171     0.19576   69.042003   19.631904   -0.831    0.313  1
RGI60-08.03300     0.19548   65.737373   14.272354   -0.318    0.218  1
RGI60-08.02607     0.19519   68.137396   17.713490   -0.377    0.214  1
RGI60-08.01039     0.19506   68.100773   17.864827   -0.273    0.196  1
RGI60-08.01925     0.19495   68.590448   18.519987   -0.493    0.233  1
RGI60-08.02655     0.19488   61.803453    5.735725   -0.576    0.297  1
RGI60-08.00113     0.19487   67.309651   17.491104   -0.157    0.219  1
RGI60-08.00612     0.19416   69.620112   20.831369   -0.035    0.171  1
RGI60-08.02520     0.19411   69.968403   21.437233    0.008    0.237  1
RGI60-08.03410     0.19341   65.445235   13.139945   -0.349    0.214  1
RGI60-08.02091     0.19322   68.252249   17.194525   -1.331    0.469  1
RGI60-08.01390     0.19313   68.118068   16.849719   -0.005    0.178  1
RGI60-08.01689     0.19278   60.656703    7.135363   -0.231    0.205  1
RGI60-08.02147     0.19260   61.547862    8.150138   -0.298    0.265  1
RGI60-08.00730     0.19251   69.255609   20.311578   -0.335    0.276  1
RGI60-08.00526     0.19246   62.058473    7.110521   -0.298    0.208  1
RGI60-08.01342     0.19246   62.121551    6.804901   -0.566    0.332  1
RGI60-08.03070     0.19231   65.956405   13.563494   -0.344    0.271  1
RGI60-08.03237     0.19229   65.774836   13.774334   -0.283    0.230  1
RGI60-08.00360     0.19170   59.765171    7.135963   -0.478    0.250  1
RGI60-08.02936     0.19170   60.381709    6.941002   -0.307    0.203  1
RGI60-08.00992     0.19168   61.473278    8.308250   -0.737    0.311  1
RGI60-08.02653     0.19161   61.747484    5.433392   -0.627    0.342  1
RGI60-08.03066     0.19150   65.936801   13.609502   -0.092    0.274  1
RGI60-08.00076     0.19137   67.301767   17.847329   -0.703    0.272  1
RGI60-08.01582     0.19133   66.560858   14.015609   -0.408    0.225  1
RGI60-08.01528     0.19080   66.758587   14.696305   -0.587    0.280  1
RGI60-08.02813     0.19010   62.415472    7.761618   -0.602    0.294  1
RGI60-08.00168     0.19002   67.685579   18.412284   -0.172    0.177  1
RGI60-08.02556     0.18994   69.841201   20.286008   -1.123    0.494  1
RGI60-08.02330     0.18991   66.723406   15.243332   -0.141    0.189  1
RGI60-08.01538     0.18991   66.531645   14.453261    0.049    0.218  1
RGI60-08.01055     0.18977   61.774127    6.758228   -0.633    0.284  1
RGI60-08.01278     0.18933   66.481793   14.519613   -0.031    0.182  1
RGI60-08.01416     0.18899   61.428938    8.647229   -0.182    0.183  1
RGI60-08.00980     0.18899   61.539437    8.494353   -0.429    0.205  1
RGI60-08.02541     0.18876   69.962300   20.838750   -0.464    0.289  1
RGI60-08.00392     0.18858   61.763308    7.506430   -0.337    0.247  1
RGI60-08.03214     0.18854   69.507427   19.995353   -0.601    0.339  1
RGI60-08.03202     0.18839   69.485511   19.789674   -0.469    0.291  1
RGI60-08.02061     0.18830   68.302398   14.786418   -0.098    0.337  1
RGI60-08.03275     0.18811   59.745387    6.913119   -0.371    0.213  1
RGI60-08.02421     0.18809   68.227160   17.817174   -0.525    0.285  1
RGI60-08.01031     0.18806   68.109072   17.814062   -0.353    0.205  1
RGI60-08.00302     0.18805   68.871648   18.749572   -0.369    0.298  1
RGI60-08.03186     0.18794   69.511692   19.985769   -0.723    0.311  1
RGI60-08.02128     0.18758   68.264507   17.476885   -0.172    0.202  1
RGI60-08.03144     0.18751   65.406173   12.989972   -0.365    0.207  1
RGI60-08.01533     0.18719   66.589079   14.612250   -0.222    0.204  1
RGI60-08.03134     0.18671   65.429699   13.163388   -0.562    0.324  1
RGI60-08.03040     0.18646   61.463117    7.835051    0.157    0.279  1
RGI60-08.03022     0.18544   61.470561    7.926107   -0.209    0.287  1
RGI60-08.01906     0.18530   68.845628   19.022857   -0.144    0.239  1
RGI60-08.02207     0.18527   69.282515   19.775968   -0.206    0.235  1
RGI60-08.03163     0.18511   68.038954   17.113645   -0.277    0.191  1
RGI60-08.01946     0.18467   68.547345   18.710897   -0.226    0.215  1
RGI60-08.00794     0.18450   61.733234    8.091512   -0.605    0.276  1
RGI60-08.02443     0.18434   68.209097   17.900762   -0.222    0.204  1
RGI60-08.03387     0.18429   68.298918   16.968188   -0.785    0.295  1
RGI60-08.00117     0.18386   67.245559   17.808072   -0.008    0.359  1
RGI60-08.01143     0.18354   61.575155    7.363069   -0.506    0.238  1
RGI60-08.02791     0.18348   62.047752    7.411832   -0.633    0.263  1
RGI60-08.03353     0.18274   62.323358    7.733377   -0.220    0.216  1
RGI60-08.03164     0.18212   69.121942   19.515707   -0.795    0.383  1
RGI60-08.01266     0.18186   68.553440   16.936392   -0.116    0.192  1
RGI60-08.01009     0.18180   61.573395    8.467663   -0.171    0.232  1
RGI60-08.03236     0.18174   65.753863   13.815417   -0.243    0.223  1
RGI60-08.00857     0.18091   61.604967    8.139103   -0.109    0.262  1
RGI60-08.02581     0.18073   69.738988   20.185048   -0.626    0.328  1
RGI60-08.01212     0.18056   61.831651    7.442831   -0.438    0.214  1
RGI60-08.03274     0.18048   68.646482   18.016615    0.044    0.215  1
RGI60-08.00908     0.18024   62.193150    7.687076   -0.500    0.259  1
RGI60-08.00366     0.18000   61.410522    8.720691   -0.253    0.190  1
RGI60-08.01694     0.17971   60.702265    7.429484   -0.300    0.219  1
RGI60-08.02126     0.17945   68.262825   17.507759   -0.125    0.207  1
RGI60-08.03053     0.17911   61.354641    8.121073   -0.728    0.311  1
RGI60-08.00856     0.17905   61.671075    8.346299   -1.326    0.453  1
RGI60-08.01784     0.17899   69.433022   19.872347   -0.014    0.272  1
RGI60-08.01027     0.17877   68.062961   17.909447   -0.244    0.214  1
RGI60-08.02991     0.17873   61.387266    6.947670   -0.310    0.211  1
RGI60-08.01631     0.17870   66.780774   13.887835   -0.391    0.223  1
RGI60-08.01896     0.17866   68.659226   18.379488   -0.259    0.197  1
RGI60-08.02674     0.17841   61.744756    5.797991   -0.447    0.233  1
RGI60-08.01512     0.17819   66.793119   14.544035   -0.396    0.210  1
RGI60-08.02773     0.17789   61.917179    7.534276   -0.403    0.206  1
RGI60-08.01621     0.17744   66.735816   13.992735   -0.462    0.224  1
RGI60-08.01391     0.17737   68.073951   16.897684   -0.651    0.323  1
RGI60-08.00952     0.17730   61.565535    8.513870   -0.698    0.274  1
RGI60-08.01219     0.17730   61.623070    7.927367   -0.287    0.212  1
RGI60-08.02552     0.17713   69.832039   20.307223   -0.509    0.317  1
RGI60-08.01866     0.17707   68.732297   18.315462   -0.168    0.235  1
RGI60-08.00506     0.17630   62.069186    7.172334   -0.581    0.256  1
RGI60-08.02810     0.17625   62.418829    7.818580   -0.537    0.281  1
RGI60-08.00269     0.17622   65.847497   15.258498   -0.216    0.191  1
RGI60-08.00140     0.17618   67.201542   17.835039   -0.321    0.217  1
RGI60-08.01355     0.17617   62.248545    6.625011   -0.655    0.305  1
RGI60-08.00254     0.17611   68.425681   19.476253   -0.051    0.218  1
RGI60-08.00165     0.17601   67.839773   18.554936   -0.092    0.177  1
RGI60-08.02990     0.17577   61.057284    6.754785   -0.461    0.284  1
RGI60-08.01844     0.17570   62.208221    7.204965   -0.911    0.377  1
RGI60-08.01285     0.17563   66.469048   14.619162   -0.260    0.246  1
RGI60-08.03336     0.17545   62.470813    7.267466   -0.358    0.323  1
RGI60-08.02386     0.17482   67.305536   15.827188   -0.192    0.172  1
RGI60-08.02030     0.17462   61.458763    6.642402   -0.320    0.199  1
RGI60-08.03326     0.17459   59.756573    7.130039   -0.272    0.213  1
RGI60-08.01678     0.17369   60.771033    7.018451   -0.373    0.246  1
RGI60-08.01703     0.17369   60.697608    7.176802   -0.277    0.235  1
RGI60-08.01570     0.17357   66.586485   13.919999   -0.130    0.257  1
RGI60-08.02465     0.17297   68.404595   17.577689   -0.361    0.279  1
RGI60-08.03150     0.17287   65.454396   13.169135   -1.085    0.349  1
RGI60-08.03239     0.17282   65.768974   13.758318   -0.125    0.215  1
RGI60-08.01673     0.17281   60.699873    7.045339   -0.485    0.243  1
RGI60-08.01923     0.17274   68.884034   18.698363   -0.315    0.238  1
RGI60-08.00677     0.17273   65.145725   14.161891    0.151    0.237  1
RGI60-08.03315     0.17225   68.573376   18.097826   -0.294    0.236  1
RGI60-08.00539     0.17225   62.015420    7.128427   -0.703    0.292  1
RGI60-08.02074     0.17214   68.141878   17.229392   -0.686    0.287  1
RGI60-08.02623     0.17210   68.136438   16.689083   -0.049    0.226  1
RGI60-08.00198     0.17201   68.205408   18.718689   -0.176    0.214  1
RGI60-08.01357     0.17184   62.245210    6.652241   -0.105    0.379  1
RGI60-08.00600     0.17169   69.615832   20.819978   -0.143    0.197  1
RGI60-08.02344     0.17159   66.893479   15.625327   -0.354    0.209  1
RGI60-08.01856     0.17155   66.465351   13.596542   -0.215    0.222  1
RGI60-08.02315     0.17118   67.708914   15.669910   -0.410    0.271  1
RGI60-08.00238     0.17089   68.061703   18.620864   -0.600    0.338  1
RGI60-08.01679     0.17089   60.527430    7.062219   -0.599    0.296  1
RGI60-08.00271     0.17087   65.934619   15.164523   -0.054    0.216  1
RGI60-08.00562     0.17057   62.144920    7.792470   -0.307    0.231  1
RGI60-08.00518     0.17046   62.022258    7.246022   -0.731    0.322  1
RGI60-08.02292     0.17044   67.657558   16.400782    0.041    0.225  1
RGI60-08.02225     0.17035   65.930559   14.173278   -0.259    0.216  1
RGI60-08.01899     0.17025   68.690521   18.315363   -0.079    0.172  1
RGI60-08.01298     0.17010   66.325170   15.007354   -0.867    0.307  1
RGI60-08.03204     0.16995   69.503878   19.977761   -0.066    0.157  1
RGI60-08.03187     0.16994   69.500940   20.010106   -0.214    0.286  1
RGI60-08.02585     0.16994   69.714589   20.112211   -0.333    0.308  1
RGI60-08.03213     0.16994   69.431815   20.011079   -0.803    0.352  1
RGI60-08.01435     0.16977   66.679764   14.414998   -0.002    0.237  1
RGI60-08.03113     0.16973   59.939183    7.126534   -0.457    0.241  1
RGI60-08.01994     0.16972   61.396661    6.644242   -0.220    0.222  1
RGI60-08.00792     0.16957   61.296795    6.829858   -0.175    0.213  1
RGI60-08.02242     0.16956   66.008762   14.143144   -0.332    0.198  1
RGI60-08.02909     0.16944   60.121012    6.415288   -0.263    0.205  1
RGI60-08.01609     0.16939   66.764304   13.936670   -0.453    0.226  1
RGI60-08.00994     0.16920   61.558129    8.456481   -0.326    0.209  1
RGI60-08.01480     0.16920   66.714653   14.356019   -0.339    0.271  1
RGI60-08.03281     0.16920   59.786294    7.123094   -0.506    0.239  1
RGI60-08.01651     0.16919   66.838666   14.079526   -0.021    0.183  1
RGI60-08.02349     0.16912   67.296209   15.830204   -0.222    0.175  1
RGI60-08.01054     0.16894   61.764822    6.733449   -0.702    0.282  1
RGI60-08.02403     0.16887   68.433472   19.489228   -0.434    0.328  1
RGI60-08.00932     0.16886   69.702760   21.533128   -0.083    0.192  1
RGI60-08.00740     0.16878   69.278124   20.168823   -0.747    0.337  1
RGI60-08.01301     0.16876   66.916793   14.611142   -0.150    0.226  1
RGI60-08.00182     0.16868   68.111001   18.607556   -0.318    0.228  1
RGI60-08.02996     0.16813   61.366731    6.957288   -0.429    0.240  1
RGI60-08.02587     0.16805   69.728020   20.209200   -0.186    0.208  1
RGI60-08.00230     0.16804   67.944117   18.521111   -0.451    0.256  1
RGI60-08.02230     0.16791   65.936458   14.206504   -0.345    0.279  1
RGI60-08.01585     0.16757   66.559351   14.030729    0.062    0.178  1
RGI60-08.02869     0.16740   62.697104    8.639360   -1.110    0.390  1
RGI60-08.01672     0.16740   60.635702    6.807818   -0.142    0.215  1
RGI60-08.01351     0.16732   62.209393    6.755850   -0.985    0.439  1
RGI60-08.02605     0.16730   68.133180   17.765474   -0.288    0.232  1
RGI60-08.02589     0.16726   69.682028   19.992635    0.205    0.282  1
RGI60-08.03219     0.16725   69.533704   20.015343   -0.596    0.300  1
RGI60-08.02544     0.16720   69.968054   20.831574   -1.360    0.555  1
RGI60-08.02538     0.16720   69.997469   20.806603   -0.533    0.393  1
RGI60-08.00180     0.16709   68.113499   18.686595   -0.128    0.189  1
RGI60-08.01635     0.16686   66.758317   13.972577   -0.193    0.229  1
RGI60-08.03166     0.16674   69.047530   19.650769   -0.902    0.408  1
RGI60-08.00228     0.16667   68.201574   18.848471   -0.330    0.218  1
RGI60-08.02051     0.16650   62.366643    8.862509   -0.245    0.238  1
RGI60-08.01907     0.16646   68.895067   18.621624   -0.584    0.263  1
RGI60-08.02934     0.16644   60.247183    6.477971   -0.141    0.224  1
RGI60-08.03003     0.16641   61.428394    7.035148   -0.317    0.251  1
RGI60-08.01940     0.16621   68.546048   18.912055    0.003    0.208  1
RGI60-08.01115     0.16575   61.789600    7.196242   -0.089    0.223  1
RGI60-08.00913     0.16567   62.237099    7.597991   -0.947    0.340  1
RGI60-08.02854     0.16560   62.549431    8.739665   -0.285    0.256  1
RGI60-08.03319     0.16554   69.408404   18.820677   -0.524    0.294  1
RGI60-08.01333     0.16547   61.522969    7.876890   -0.249    0.310  1
RGI60-08.02769     0.16487   61.915851    7.495755   -0.379    0.215  1
RGI60-08.00902     0.16487   62.201448    7.660539   -0.431    0.249  1
RGI60-08.00889     0.16476   62.288444    7.547584   -0.365    0.264  1
RGI60-08.00990     0.16471   61.579548    8.291917   -0.353    0.249  1
RGI60-08.02950     0.16470   60.229127    6.841462   -0.386    0.222  1
RGI60-08.01180     0.16414   61.871088    7.184386   -0.254    0.190  1
RGI60-08.02028     0.16411   61.385201    6.520937   -0.410    0.257  1
RGI60-08.03231     0.16390   65.775106   13.762777   -0.215    0.256  1
RGI60-08.03026     0.16381   61.464097    7.863212   -0.494    0.271  1
RGI60-08.03395     0.16377   65.158796   13.599379   -0.107    0.225  1
RGI60-08.00567     0.16325   62.076899    8.114504   -0.196    0.210  1
RGI60-08.01688     0.16315   60.700812    7.442167   -0.296    0.218  1
RGI60-08.02342     0.16304   66.797934   15.849497   -0.193    0.186  1
RGI60-08.01265     0.16298   68.583296   16.959991   -0.378    0.212  1
RGI60-08.01670     0.16289   60.627726    7.018641   -0.392    0.269  1
RGI60-08.00629     0.16279   65.351508   13.703730   -0.408    0.219  1
RGI60-08.00527     0.16277   61.944399    7.176335   -0.452    0.257  1
RGI60-08.01348     0.16251   62.154312    6.880534   -0.957    0.373  1
RGI60-08.03381     0.16249   62.486404    7.238211   -0.861    0.384  1
RGI60-08.00151     0.16214   67.277363   18.013089   -0.402    0.201  1
RGI60-08.01937     0.16194   68.934541   18.721005   -0.238    0.228  1
RGI60-08.00627     0.16180   69.478284   20.742218   -0.377    0.283  1
RGI60-08.01785     0.16147   69.409495   19.851143   -0.534    0.355  1
RGI60-08.01739     0.16126   60.648351    7.484126   -0.468    0.230  1
RGI60-08.03108     0.16110   60.008183    7.125422   -0.354    0.243  1
RGI60-08.02770     0.16074   61.917021    7.548042   -0.484    0.237  1
RGI60-08.00610     0.16002   69.672536   20.675396   -0.704    0.321  1
RGI60-08.00193     0.15970   68.037742   18.426611   -0.299    0.249  1
RGI60-08.01887     0.15937   68.671934   18.362149   -0.099    0.169  1
RGI60-08.02050     0.15930   62.430863    8.988060   -0.174    0.224  1
RGI60-08.00234     0.15911   67.885583   18.519894   -0.327    0.229  1
RGI60-08.01275     0.15863   66.446574   14.627974   -0.693    0.347  1
RGI60-08.01884     0.15853   68.631465   18.386005   -0.174    0.195  1
RGI60-08.02888     0.15841   62.451308    9.240944   -0.454    0.242  1
RGI60-08.00954     0.15840   61.492498    8.221405   -0.173    0.239  1
RGI60-08.03357     0.15840   69.305788   17.398995    0.103    0.206  1
RGI60-08.01725     0.15839   60.633772    7.528434   -0.267    0.203  1
RGI60-08.03117     0.15839   60.027316    7.108497   -0.438    0.242  1
RGI60-08.02927     0.15832   60.175778    6.474297   -1.068    0.413  1
RGI60-08.02302     0.15821   67.632468   15.833220   -0.126    0.244  1
RGI60-08.01041     0.15759   68.097181   17.970490   -0.189    0.187  1
RGI60-08.01934     0.15756   68.943814   19.047014   -0.306    0.285  1
RGI60-08.01732     0.15752   60.609175    7.911011   -0.250    0.241  1
RGI60-08.00224     0.15748   68.049509   18.491227   -0.297    0.260  1
RGI60-08.02768     0.15743   61.939640    7.460685   -0.451    0.234  1
RGI60-08.03331     0.15742   66.380969   13.820281    0.030    0.182  1
RGI60-08.00669     0.15725   65.237159   13.790246    0.040    0.184  1
RGI60-08.01705     0.15660   60.747522    7.279829   -0.381    0.241  1
RGI60-08.00964     0.15660   61.525714    8.567283   -0.446    0.248  1
RGI60-08.00731     0.15647   69.193272   19.855223    0.058    0.261  1
RGI60-08.02468     0.15639   68.357462   17.800494   -0.122    0.204  1
RGI60-08.00204     0.15597   68.192920   18.840272   -0.080    0.223  1
RGI60-08.00241     0.15588   67.936652   18.578839   -0.431    0.271  1
RGI60-08.02943     0.15571   59.927530    6.783597   -0.406    0.241  1
RGI60-08.02453     0.15528   68.233791   17.814604   -0.456    0.261  1
RGI60-08.01871     0.15514   68.677856   18.292071   -0.243    0.190  1
RGI60-08.01668     0.15481   60.637587    7.044656   -0.309    0.228  1
RGI60-08.00160     0.15473   67.337061   18.011308   -0.083    0.202  1
RGI60-08.00924     0.15432   62.223258    7.586896   -0.740    0.302  1
RGI60-08.01398     0.15424   68.122010   16.903433   -0.138    0.208  1
RGI60-08.02226     0.15413   65.946452   14.133812   -0.026    0.257  1
RGI60-08.00110     0.15412   67.292684   17.505601   -0.223    0.233  1
RGI60-08.00123     0.15402   67.451224   17.595737   -0.473    0.258  1
RGI60-08.02899     0.15390   62.359886    9.413100   -0.094    0.213  1
RGI60-08.03044     0.15390   61.369802    8.085676   -0.822    0.360  1
RGI60-08.00359     0.15390   62.522047    8.249946   -0.437    0.229  1
RGI60-08.01984     0.15389   62.439713    8.081729   -0.954    0.364  1
RGI60-08.01965     0.15389   62.430507    8.069028   -0.753    0.361  1
RGI60-08.02756     0.15340   61.820393    7.044925   -0.403    0.226  1
RGI60-08.02385     0.15303   67.290985   16.176987   -0.111    0.173  1
RGI60-08.01003     0.15300   61.491085    8.241836   -0.058    0.232  1
RGI60-08.00807     0.15300   61.808324    8.106303    0.036    0.219  1
RGI60-08.02978     0.15300   60.880328    6.960699   -0.122    0.206  1
RGI60-08.01029     0.15269   68.157272   17.828532   -0.242    0.217  1
RGI60-08.01407     0.15262   68.083497   16.961095    0.053    0.176  1
RGI60-08.01319     0.15240   66.886142   14.591467   -0.132    0.194  1
RGI60-08.03198     0.15215   69.415826   20.026673   -1.090    0.414  1
RGI60-08.00098     0.15210   67.398782   17.727320   -0.318    0.196  1
RGI60-08.00796     0.15210   61.845907    8.118711   -0.210    0.217  1
RGI60-08.02699     0.15196   62.061473    6.574771   -0.876    0.306  1
RGI60-08.00645     0.15192   65.407232   13.841340   -0.011    0.170  1
RGI60-08.03141     0.15177   65.415871   13.262171    0.040    0.248  1
RGI60-08.01541     0.15170   66.873960   14.586220    0.171    0.203  1
RGI60-08.01499     0.15147   66.687083   14.583304    0.040    0.187  1
RGI60-08.00652     0.15146   65.312653   13.880541   -0.176    0.213  1
RGI60-08.02947     0.15120   59.945001    6.854025   -0.437    0.249  1
RGI60-08.01223     0.15120   61.599579    7.813996   -0.123    0.213  1
RGI60-08.02881     0.15119   62.448985    9.211438   -0.078    0.196  1
RGI60-08.02543     0.15114   70.010495   20.775612   -1.148    0.509  1
RGI60-08.02551     0.15105   69.886913   20.263827   -0.645    0.346  1
RGI60-08.00396     0.15099   61.308072    6.805513   -0.401    0.269  1
RGI60-08.01452     0.15070   66.654436   14.355854   -0.216    0.232  1
RGI60-08.00039     0.15065   67.210097   17.382991   -0.634    0.264  1
RGI60-08.02348     0.15061   67.326332   16.076235   -0.121    0.176  1
RGI60-08.02146     0.15030   61.593517    8.086988   -0.236    0.239  1
RGI60-08.00971     0.15029   61.603029    8.364544   -0.668    0.426  1
RGI60-08.01919     0.15026   68.619863   18.683429   -0.307    0.220  1
RGI60-08.03222     0.15016   62.317239    6.345837   -0.588    0.431  1
RGI60-08.03148     0.15015   65.436068   13.126827   -0.291    0.200  1
RGI60-08.02259     0.15011   67.621914   16.089055   -0.367    0.303  1
RGI60-08.03417     0.15007   65.922192   14.220166   -0.113    0.252  1
RGI60-08.00471     0.14979   68.328916   18.056681   -0.256    0.191  1
RGI60-08.02063     0.14951   61.241840    6.403044   -0.166    0.205  1
RGI60-08.00570     0.14948   62.120255    8.094427   -0.067    0.201  1
RGI60-08.03329     0.14945   68.589098   17.997543   -0.220    0.201  1
RGI60-08.00868     0.14940   61.677244    8.350834   -0.112    0.230  1
RGI60-08.03258     0.14940   60.582074    7.980695   -0.117    0.212  1
RGI60-08.01520     0.14940   66.603188   14.604935   -0.030    0.229  1
RGI60-08.03129     0.14940   59.988615    7.102593   -0.244    0.211  1
RGI60-08.02593     0.14927   69.629201   19.994678   -0.126    0.271  1
RGI60-08.00387     0.14926   69.621789   19.981079   -0.079    0.253  1
RGI60-08.00751     0.14918   69.280529   20.149118   -0.074    0.301  1
RGI60-08.01690     0.14888   60.735621    7.274938   -0.462    0.274  1
RGI60-08.02975     0.14870   61.006433    6.799280   -0.377    0.266  1
RGI60-08.02294     0.14853   67.717157   16.584285   -0.118    0.222  1
RGI60-08.01753     0.14851   60.619373    7.708035   -0.568    0.267  1
RGI60-08.01465     0.14850   66.651117   14.377369   -0.156    0.235  1
RGI60-08.01748     0.14850   60.618530    7.798093    0.091    0.204  1
RGI60-08.00996     0.14849   61.521476    8.405450   -0.172    0.212  1
RGI60-08.02203     0.14849   59.926498    6.803657   -0.276    0.238  1
RGI60-08.01802     0.14839   69.420819   19.722664   -0.453    0.285  1
RGI60-08.03207     0.14836   69.415932   20.007833   -0.817    0.360  1
RGI60-08.02164     0.14832   69.608484   19.651932   -0.471    0.382  1
RGI60-08.02004     0.14793   61.436142    6.684445    0.131    0.385  1
RGI60-08.00395     0.14784   61.388326    6.648515   -0.340    0.230  1
RGI60-08.01117     0.14779   61.783956    7.179201   -0.104    0.179  1
RGI60-08.00633     0.14766   65.403350   13.786715   -0.150    0.221  1
RGI60-08.01720     0.14761   60.663617    7.484334   -0.684    0.295  1
RGI60-08.03380     0.14755   69.414226   18.814481   -0.299    0.262  1
RGI60-08.01568     0.14722   66.571399   13.651563   -0.051    0.214  1
RGI60-08.00406     0.14700   61.423466    6.987017   -0.470    0.219  1
RGI60-08.01313     0.14698   66.930961   14.547131    0.026    0.263  1
RGI60-08.01354     0.14695   62.245037    6.633731   -0.338    0.257  1
RGI60-08.03143     0.14691   65.495554   13.162174   -0.416    0.273  1
RGI60-08.02336     0.14675   66.889831   15.624739   -0.140    0.189  1
RGI60-08.01895     0.14672   68.683299   18.347286   -0.465    0.312  1
RGI60-08.02847     0.14671   62.618894    8.762017   -0.480    0.307  1
RGI60-08.00976     0.14670   61.554799    8.381228   -0.850    0.377  1
RGI60-08.01685     0.14669   60.715082    7.367812   -0.150    0.237  1
RGI60-08.01335     0.14660   61.515384    7.935336   -1.043    0.433  1
RGI60-08.01274     0.14640   66.501898   14.545885   -0.419    0.281  1
RGI60-08.00531     0.14627   62.014607    7.164873   -0.688    0.284  1
RGI60-08.01976     0.14618   62.475059    7.854075   -0.411    0.452  1
RGI60-08.02974     0.14580   60.920459    7.028242   -0.524    0.326  1
RGI60-08.00724     0.14578   62.533214    8.256726   -1.088    0.457  1
RGI60-08.01930     0.14575   68.899242   18.652796   -0.444    0.257  1
RGI60-08.01305     0.14543   66.937674   14.581240   -0.396    0.232  1
RGI60-08.03099     0.14491   59.870915    7.084118   -0.266    0.224  1
RGI60-08.01699     0.14489   60.700178    7.350368   -0.116    0.190  1
RGI60-08.01475     0.14487   66.740280   14.442238   -0.252    0.223  1
RGI60-08.02100     0.14481   68.248761   17.215059   -0.886    0.369  1
RGI60-08.03158     0.14446   65.418308   13.244963   -0.185    0.243  1
RGI60-08.02345     0.14419   66.824039   15.885293   -0.077    0.225  1
RGI60-08.00840     0.14401   61.778797    8.226146   -0.459    0.250  1
RGI60-08.01751     0.14400   60.665325    7.521761   -0.390    0.286  1
RGI60-08.00232     0.14390   68.207018   18.697383   -0.300    0.209  1
RGI60-08.00253     0.14385   68.098627   18.633382   -0.381    0.224  1
RGI60-08.02602     0.14374   68.142378   17.682474   -0.122    0.198  1
RGI60-08.01982     0.14311   62.537944    8.083494   -0.844    0.294  1
RGI60-08.00351     0.14310   60.674969    7.341924   -0.191    0.196  1
RGI60-08.03359     0.14303   69.199597   18.893623   -0.405    0.301  1
RGI60-08.03268     0.14296   68.595051   18.108332   -0.357    0.263  1
RGI60-08.02106     0.14289   68.251322   17.181329   -0.522    0.430  1
RGI60-08.00130     0.14277   67.350841   17.885660   -0.582    0.323  1
RGI60-08.03374     0.14244   61.707321    8.595095   -0.667    0.401  1
RGI60-08.03309     0.14222   62.090999    7.699311   -0.611    0.271  1
RGI60-08.02873     0.14220   62.682685    8.681169   -0.547    0.286  1
RGI60-08.00805     0.14219   61.765138    8.085897   -0.202    0.284  1
RGI60-08.00166     0.14219   67.835548   18.546200   -0.102    0.198  1
RGI60-08.02689     0.14213   61.799831    5.717356   -0.271    0.262  1
RGI60-08.02268     0.14202   67.634442   16.177425   -0.194    0.266  1
RGI60-08.01376     0.14170   67.405218   15.889135   -0.137    0.168  1
RGI60-08.01932     0.14145   68.953750   18.560413   -0.875    0.377  1
RGI60-08.01436     0.14137   66.652227   14.328243   -0.423    0.210  1
RGI60-08.02610     0.14120   68.507243   16.033034   -0.399    0.243  1
RGI60-08.01794     0.14119   69.358025   19.808447   -0.494    0.319  1
RGI60-08.02526     0.14109   69.973580   21.358703   -0.398    0.310  1
RGI60-08.00177     0.14068   67.557001   18.268559   -0.032    0.265  1
RGI60-08.00541     0.14053   62.047064    7.192182   -0.642    0.314  1
RGI60-08.01624     0.14042   66.707052   13.811252    0.118    0.330  1
RGI60-08.03097     0.14041   60.023233    7.183176   -0.326    0.235  1
RGI60-08.01519     0.14040   66.665252   14.653141   -0.051    0.176  1
RGI60-08.00469     0.14030   68.300066   18.069158   -0.150    0.192  1
RGI60-08.00596     0.14004   69.740333   20.657446   -0.521    0.617  1
RGI60-08.00887     0.13965   62.180765    7.733563   -0.801    0.321  1
RGI60-08.01989     0.13964   61.390119    6.660677   -0.452    0.329  1
RGI60-08.01674     0.13952   60.529587    7.077553   -0.262    0.257  1
RGI60-08.01330     0.13950   61.531482    7.889924   -0.394    0.308  1
RGI60-08.02563     0.13938   69.805262   20.189994   -0.443    0.334  1
RGI60-08.02365     0.13922   67.297700   15.822632   -0.005    0.163  1
RGI60-08.02076     0.13887   68.264940   17.145571   -0.291    0.259  1
RGI60-08.03085     0.13885   68.840352   17.306482   -0.692    0.350  1
RGI60-08.00315     0.13881   61.802374    6.667636   -0.564    0.392  1
RGI60-08.02478     0.13879   70.453022   23.077744   -0.497    0.300  1
RGI60-08.00689     0.13859   60.046366    6.991406   -0.233    0.230  1
RGI60-08.01927     0.13855   68.948547   18.596112   -0.331    0.322  1
RGI60-08.02361     0.13828   67.284706   16.169533   -0.161    0.187  1
RGI60-08.00921     0.13811   62.244317    7.781906   -0.565    0.312  1
RGI60-08.02115     0.13804   68.301748   17.433171   -0.256    0.240  1
RGI60-08.00145     0.13797   67.202705   17.738124   -0.662    0.333  1
RGI60-08.00671     0.13789   65.166616   14.086620    0.093    0.174  1
RGI60-08.02489     0.13789   70.234281   21.998949    0.135    0.243  1
RGI60-08.00726     0.13769   62.604600    8.230910   -0.529    0.304  1
RGI60-08.00007     0.13741   68.103772   18.152644   -0.135    0.185  1
RGI60-08.00636     0.13711   65.392062   13.869209   -0.303    0.299  1
RGI60-08.00650     0.13692   65.321951   13.766897   -0.231    0.255  1
RGI60-08.01718     0.13681   60.691388    7.491339   -0.361    0.213  1
RGI60-08.00882     0.13644   62.216362    7.734267   -0.073    0.225  1
RGI60-08.02786     0.13634   62.045495    7.423220   -0.478    0.267  1
RGI60-08.00069     0.13632   67.592482   17.506890    0.103    0.205  1
RGI60-08.02868     0.13591   62.540404    8.757471   -0.485    0.282  1
RGI60-08.02154     0.13590   61.615454    8.097573   -0.216    0.264  1
RGI60-08.01492     0.13590   66.620700   14.588194   -0.090    0.210  1
RGI60-08.03270     0.13589   59.754672    6.923751   -0.291    0.219  1
RGI60-08.01023     0.13564   68.104557   17.876704   -0.274    0.267  1
RGI60-08.00012     0.13537   68.567180   18.444999   -0.477    0.254  1
RGI60-08.03007     0.13508   61.409543    6.915601   -0.498    0.236  1
RGI60-08.01954     0.13500   62.505588    8.109010   -0.144    0.268  1
RGI60-08.00382     0.13500   61.754402    7.846135   -0.550    0.264  1
RGI60-08.01608     0.13477   66.774997   13.915002   -0.266    0.210  1
RGI60-08.03073     0.13471   65.961150   13.507093   -0.048    0.212  1
RGI60-08.03332     0.13412   62.099808    7.699429   -0.150    0.254  1
RGI60-08.00701     0.13411   60.053873    6.988958   -0.286    0.234  1
RGI60-08.00362     0.13410   60.631857    7.607457   -0.502    0.296  1
RGI60-08.03303     0.13406   61.480802    6.390360   -0.485    0.257  1
RGI60-08.00555     0.13403   62.166389    7.871594   -0.545    0.293  1
RGI60-08.02578     0.13341   69.642844   20.025728   -0.034    0.295  1
RGI60-08.03082     0.13320   68.983868   17.908883    0.242    0.244  1
RGI60-08.02082     0.13315   68.126096   17.289899   -0.187    0.212  1
RGI60-08.00020     0.13312   67.217290   16.915162   -0.131    0.236  1
RGI60-08.03155     0.13312   65.369560   13.132053   -0.179    0.217  1
RGI60-08.03151     0.13308   65.399069   13.459322   -0.036    0.224  1
RGI60-08.02231     0.13304   65.927097   14.190372   -0.133    0.230  1
RGI60-08.00678     0.13303   65.200653   14.099550    0.166    0.190  1
RGI60-08.00468     0.13240   68.308174   18.077483   -0.163    0.190  1
RGI60-08.02249     0.13234   66.000365   14.197015   -0.232    0.236  1
RGI60-08.03160     0.13232   65.467572   13.076595   -0.490    0.284  1
RGI60-08.01970     0.13229   62.460037    8.011900   -0.240    0.261  1
RGI60-08.03147     0.13229   65.443007   13.127322   -0.538    0.285  1
RGI60-08.01938     0.13225   68.894798   18.718943    0.049    0.192  1
RGI60-08.01894     0.13160   68.683164   18.315304   -0.246    0.204  1
RGI60-08.02080     0.13153   68.156878   17.207145   -0.049    0.193  1
RGI60-08.00647     0.13144   65.344648   13.782448    0.073    0.266  1
RGI60-08.00422     0.13140   61.789491    8.244760   -0.254    0.229  1
RGI60-08.00617     0.13125   69.738950   20.631153   -0.223    0.232  1
RGI60-08.00065     0.13122   67.682776   17.944375   -0.578    0.312  1
RGI60-08.01902     0.13076   68.634358   18.402761   -0.211    0.254  1
RGI60-08.00910     0.13074   62.174294    7.729522   -0.422    0.232  1
RGI60-08.02264     0.13064   67.637549   16.132218    0.143    0.218  1
RGI60-08.02955     0.13050   59.922409    7.022717   -0.275    0.238  1
RGI60-08.03398     0.13043   69.406250   19.333772   -0.453    0.311  1
RGI60-08.03194     0.13036   69.476142   19.917584   -0.067    0.305  1
RGI60-08.00673     0.12981   65.235199   13.800869   -0.102    0.216  1
RGI60-08.00486     0.12974   61.789315    6.895505   -0.113    0.188  1
RGI60-08.00682     0.12962   65.164497   14.096642    0.165    0.226  1
RGI60-08.02362     0.12960   67.250265   15.943873    0.056    0.246  1
RGI60-08.01619     0.12952   66.780947   13.900228   -0.131    0.283  1
RGI60-08.01962     0.12949   62.544401    8.090638   -0.841    0.376  1
RGI60-08.00513     0.12913   61.959670    7.181680   -0.476    0.269  1
RGI60-08.00343     0.12913   62.111864    8.011321   -0.286    0.291  1
RGI60-08.00537     0.12908   61.980066    6.989683   -0.545    0.263  1
RGI60-08.00699     0.12903   60.022494    6.952770   -0.268    0.238  1
RGI60-08.00104     0.12859   67.331174   17.511327   -0.439    0.296  1
RGI60-08.01208     0.12843   61.854109    7.404177   -0.360    0.211  1
RGI60-08.02765     0.12834   61.944947    7.643752   -0.675    0.391  1
RGI60-08.02301     0.12817   67.713840   15.629665    0.079    0.263  1
RGI60-08.00615     0.12816   69.578695   20.778525   -0.629    0.349  1
RGI60-08.00620     0.12799   69.682033   20.674475   -0.669    0.427  1
RGI60-08.03242     0.12777   69.723220   18.419320    0.084    0.272  1
RGI60-08.02525     0.12761   69.974444   21.442185   -0.482    0.268  1
RGI60-08.02057     0.12758   68.352791   14.824631    0.308    0.428  1
RGI60-08.00894     0.12751   62.237048    7.691548   -0.686    0.322  1
RGI60-08.02580     0.12746   69.753081   20.040746   -0.344    0.294  1
RGI60-08.03048     0.12737   61.393636    8.054378   -0.146    0.224  1
RGI60-08.01303     0.12717   66.946769   14.553206   -0.299    0.213  1
RGI60-08.01671     0.12690   60.637452    6.763966   -0.199    0.279  1
RGI60-08.03103     0.12690   60.000574    7.125824   -0.262    0.221  1
RGI60-08.00822     0.12689   61.712581    7.846475   -0.108    0.206  1
RGI60-08.01926     0.12684   68.761966   18.951549   -0.678    0.347  1
RGI60-08.00786     0.12680   61.296102    6.854845   -0.415    0.257  1
RGI60-08.03182     0.12680   69.432829   20.046041   -0.115    0.213  1
RGI60-08.03006     0.12674   61.463339    7.130072   -0.580    0.374  1
RGI60-08.01875     0.12672   68.656292   18.411315   -0.020    0.168  1
RGI60-08.00770     0.12669   62.392206    7.467359   -0.706    0.340  1
RGI60-08.01550     0.12648   66.881606   14.280005   -0.252    0.201  1
RGI60-08.00205     0.12642   67.974826   18.469905   -0.147    0.238  1
RGI60-08.03067     0.12640   65.972386   13.555189   -0.559    0.322  1
RGI60-08.02603     0.12633   68.128380   17.767232   -0.258    0.256  1
RGI60-08.03334     0.12620   67.012814   14.319210   -0.209    0.430  1
RGI60-08.02208     0.12617   69.286825   19.763027   -0.015    0.436  1
RGI60-08.02191     0.12604   69.533130   19.363163   -0.888    0.423  1
RGI60-08.02135     0.12601   61.412586    8.513496   -0.428    0.279  1
RGI60-08.01738     0.12601   60.633415    7.629459   -0.474    0.267  1
RGI60-08.01951     0.12600   62.485344    8.017126   -0.669    0.298  1
RGI60-08.00376     0.12600   60.547032    7.511460   -0.742    0.354  1
RGI60-08.01707     0.12599   60.673779    7.111877   -0.061    0.191  1
RGI60-08.02678     0.12592   61.751714    5.740756   -0.085    0.238  1
RGI60-08.01917     0.12590   68.627008   18.657761   -0.306    0.256  1
RGI60-08.02073     0.12586   68.154937   17.263706   -0.405    0.273  1
RGI60-08.02736     0.12566   61.896297    6.983663   -0.122    0.275  1
RGI60-08.02244     0.12529   66.045411   14.161629   -0.068    0.169  1
RGI60-08.00700     0.12511   60.055731    7.021316   -0.089    0.191  1
RGI60-08.02848     0.12510   62.578267    8.645643   -0.441    0.310  1
RGI60-08.01924     0.12510   68.610006   18.487618   -0.343    0.265  1
RGI60-08.02883     0.12510   62.639316    9.404297    0.137    0.233  1
RGI60-08.00637     0.12472   65.353972   13.712863   -0.353    0.278  1
RGI60-08.00338     0.12470   61.510391    7.941434   -0.422    0.249  1
RGI60-08.00167     0.12462   67.681675   18.404242   -0.110    0.226  1
RGI60-08.03221     0.12454   62.313734    6.545664   -0.587    0.363  1
RGI60-08.01496     0.12448   66.691390   14.576750    0.059    0.165  1
RGI60-08.00488     0.12426   61.817468    6.896408   -0.179    0.210  1
RGI60-08.01972     0.12421   62.551094    8.077481   -0.465    0.270  1
RGI60-08.01711     0.12420   60.695780    7.096821   -0.345    0.245  1
RGI60-08.02917     0.12419   59.962174    6.890534   -0.338    0.265  1
RGI60-08.00334     0.12398   62.209046    7.196617   -1.039    0.461  1
RGI60-08.00438     0.12352   61.786202    7.080996   -0.705    0.386  1
RGI60-08.01468     0.12351   66.649116   14.394137    0.072    0.218  1
RGI60-08.02718     0.12338   62.117114    6.656683   -0.707    0.341  1
RGI60-08.00804     0.12330   61.737079    8.124093   -0.270    0.258  1
RGI60-08.02877     0.12330   62.441624    9.198529   -0.225    0.228  1
RGI60-08.00939     0.12304   69.724462   21.431756   -0.359    0.243  1
RGI60-08.01030     0.12287   68.130351   17.808694   -0.725    0.345  1
RGI60-08.00328     0.12270   61.890559    7.159650   -0.551    0.316  1
RGI60-08.00054     0.12267   67.719269   17.833803   -0.141    0.297  1
RGI60-08.00481     0.12267   61.466847    6.970242   -0.242    0.213  1
RGI60-08.03137     0.12256   65.481094   13.158461   -0.527    0.247  1
RGI60-08.01712     0.12240   60.773154    7.321585   -0.374    0.246  1
RGI60-08.01728     0.12240   60.601219    7.854523   -0.259    0.246  1
RGI60-08.02897     0.12239   62.294330    9.157034   -0.554    0.381  1
RGI60-08.02562     0.12228   69.775341   20.257192   -0.206    0.257  1
RGI60-08.00487     0.12186   61.826400    6.889240   -0.284    0.335  1
RGI60-08.01874     0.12184   68.676247   18.374252   -0.299    0.252  1
RGI60-08.01350     0.12179   62.201239    6.740669   -0.502    0.268  1
RGI60-08.01340     0.12178   62.160322    6.877418   -0.670    0.333  1
RGI60-08.02090     0.12177   68.258882   17.140782   -0.006    0.206  1
RGI60-08.03068     0.12172   65.988212   13.547414   -0.320    0.278  1
RGI60-08.02614     0.12170   68.524903   15.634962   -0.589    0.312  1
RGI60-08.02180     0.12170   69.844129   19.249741   -0.311    0.378  1
RGI60-08.01638     0.12161   66.757032   13.948409    0.067    0.230  1
RGI60-08.01369     0.12154   67.404198   15.942121   -0.205    0.185  1
RGI60-08.00839     0.12152   61.812346    8.276176   -0.248    0.254  1
RGI60-08.02040     0.12150   62.379717    8.887328   -0.210    0.233  1
RGI60-08.02566     0.12138   69.769776   20.175779   -0.682    0.453  1
RGI60-08.02114     0.12114   68.291218   17.505949   -0.170    0.318  1
RGI60-08.01848     0.12111   66.378893   13.519416   -0.024    0.270  1
RGI60-08.01696     0.12105   60.657281    7.153819   -0.330    0.242  1
RGI60-08.02406     0.12103   68.560640   19.337191   -0.544    0.341  1
RGI60-08.02651     0.12096   61.757513    5.494554   -0.270    0.271  1
RGI60-08.00654     0.12090   65.354389   13.680817   -0.581    0.352  1
RGI60-08.03128     0.12069   59.908328    7.090097   -0.348    0.233  1
RGI60-08.02053     0.12060   62.360621    8.784497   -0.000    0.244  1
RGI60-08.00729     0.12059   62.543095    8.297272   -0.593    0.342  1
RGI60-08.03409     0.12022   68.583311   18.094080   -0.106    0.243  1
RGI60-08.02240     0.11998   66.049621   14.196315   -0.095    0.276  1
RGI60-08.00478     0.11994   61.454402    6.872576   -0.327    0.236  1
RGI60-08.02377     0.11978   67.323736   16.085727   -0.361    0.215  1
RGI60-08.02047     0.11971   62.318468    8.793544    0.110    0.337  1
RGI60-08.02373     0.11970   67.302485   16.105353   -0.266    0.205  1
RGI60-08.01332     0.11970   61.520591    7.902828   -0.412    0.251  1
RGI60-08.03405     0.11964   62.318507    8.398012   -0.788    0.355  1
RGI60-08.00495     0.11942   61.812335    6.900558   -0.164    0.255  1
RGI60-08.01853     0.11886   66.376418   13.516941   -0.353    0.346  1
RGI60-08.01432     0.11880   61.397917    8.707483   -0.011    0.229  1
RGI60-08.03116     0.11880   59.882025    7.133408   -0.342    0.262  1
RGI60-08.01365     0.11867   62.277012    6.571100   -0.770    0.421  1
RGI60-08.01915     0.11859   68.553807   18.707760   -0.224    0.202  1
RGI60-08.02430     0.11858   68.242630   17.941659   -0.260    0.226  1
RGI60-08.01038     0.11850   68.069225   17.907626    0.030    0.206  1
RGI60-08.00138     0.11834   67.323083   17.489410    0.185    0.245  1
RGI60-08.02393     0.11820   67.176685   16.270582   -0.010    0.267  1
RGI60-08.00622     0.11795   69.605857   20.871526   -0.219    0.286  1
RGI60-08.01501     0.11789   66.602781   14.541584    0.088    0.213  1
RGI60-08.02648     0.11786   61.741270    5.457058   -0.681    0.326  1
RGI60-08.01997     0.11784   61.413892    6.525121    0.446    0.228  1
RGI60-08.02738     0.11782   61.852537    7.112255   -0.425    0.361  1
RGI60-08.02737     0.11779   61.892394    6.937810   -0.586    0.262  1
RGI60-08.03280     0.11777   68.579045   18.084379   -0.327    0.205  1
RGI60-08.00516     0.11765   61.960149    7.096428   -0.403    0.269  1
RGI60-08.00659     0.11764   65.367039   13.792073   -0.090    0.219  1
RGI60-08.02296     0.11762   67.879370   15.605214   -0.301    0.265  1
RGI60-08.01775     0.11761   60.564645    7.338207   -0.685    0.296  1
RGI60-08.02413     0.11724   68.778474   19.172666    0.231    0.261  1
RGI60-08.02471     0.11709   70.438502   23.081587   -0.368    0.288  1
RGI60-08.01118     0.11706   61.737077    6.986633   -0.784    0.377  1
RGI60-08.01680     0.11700   60.635756    6.947480   -0.377    0.252  1
RGI60-08.00694     0.11700   60.030833    6.984776   -0.314    0.230  1
RGI60-08.01986     0.11700   62.453650    8.025568   -0.922    0.410  1
RGI60-08.03273     0.11684   65.253752   13.576400   -0.313    0.330  1
RGI60-08.02628     0.11677   67.987525   16.831045   -0.081    0.196  1
RGI60-08.03230     0.11646   65.776630   13.651612   -0.011    0.308  1
RGI60-08.01447     0.11633   66.708334   14.270513   -0.202    0.201  1
RGI60-08.01339     0.11616   62.167056    6.774401   -0.651    0.309  1
RGI60-08.01025     0.11615   68.073117   17.919275   -0.145    0.222  1
RGI60-08.00547     0.11614   61.968811    7.186697   -0.330    0.212  1
RGI60-08.02324     0.11611   66.799101   15.245921   -0.221    0.188  1
RGI60-08.02044     0.11610   62.382110    9.098471   -0.339    0.233  1
RGI60-08.02041     0.11609   62.395427    9.015212   -0.491    0.319  1
RGI60-08.00646     0.11601   65.412735   13.871726    0.006    0.175  1
RGI60-08.02274     0.11561   67.571062   16.376514   -0.412    0.243  1
RGI60-08.01349     0.11534   62.172355    6.776761   -0.857    0.471  1
RGI60-08.00451     0.11521   62.360491    8.827382   -0.613    0.342  1
RGI60-08.02882     0.11520   62.460199    9.195021   -0.249    0.263  1
RGI60-08.01546     0.11520   66.903831   14.350291   -0.112    0.224  1
RGI60-08.03037     0.11520   61.449751    7.783959   -0.195    0.323  1
RGI60-08.00853     0.11520   61.630637    8.346993   -0.231    0.266  1
RGI60-08.03041     0.11519   61.441058    7.796067   -0.217    0.230  1
RGI60-08.02557     0.11509   69.767801   20.241421   -0.243    0.267  1
RGI60-08.02558     0.11508   69.814080   20.184213   -0.895    0.526  1
RGI60-08.02532     0.11487   70.148184   20.711862   -0.376    0.370  1
RGI60-08.03289     0.11485   66.376395   13.806509    0.042    0.181  1
RGI60-08.01881     0.11453   68.690119   18.347265   -0.247    0.255  1
RGI60-08.00901     0.11452   62.166207    7.662915   -0.520    0.321  1
RGI60-08.02619     0.11446   68.146468   16.607814    0.050    0.246  1
RGI60-08.02052     0.11431   62.310693    8.971685   -0.546    0.369  1
RGI60-08.03050     0.11430   61.367750    8.133089   -0.600    0.384  1
RGI60-08.02572     0.11420   69.652832   20.021013   -0.553    0.402  1
RGI60-08.02328     0.11417   66.600396   15.212746   -0.108    0.198  1
RGI60-08.03248     0.11384   68.560810   18.026865   -0.604    0.352  1
RGI60-08.01272     0.11373   66.505604   14.590460   -0.348    0.307  1
RGI60-08.03325     0.11372   68.541171   18.134661   -0.141    0.195  1
RGI60-08.00404     0.11345   66.996600   14.325386   -0.138    0.222  1
RGI60-08.01510     0.11340   66.550830   14.476594    0.067    0.168  1
RGI60-08.00995     0.11340   61.530911    8.609921   -0.694    0.399  1
RGI60-08.03251     0.11334   69.430984   19.354509   -0.279    0.292  1
RGI60-08.03190     0.11330   69.418432   19.988195   -0.313    0.227  1
RGI60-08.01183     0.11300   61.887400    7.167000   -0.457    0.280  1
RGI60-08.00559     0.11297   62.081364    8.153100   -0.217    0.225  1
RGI60-08.01395     0.11286   68.124490   16.848533   -0.052    0.231  1
RGI60-08.02658     0.11285   61.801145    5.711866   -0.399    0.310  1
RGI60-08.03025     0.11282   61.400829    7.894568   -0.141    0.205  1
RGI60-08.00454     0.11278   65.339752   13.745432   -0.033    0.179  1
RGI60-08.00698     0.11250   60.019124    6.933664   -0.218    0.205  1
RGI60-08.01744     0.11250   60.671124    7.450842   -0.311    0.221  1
RGI60-08.00591     0.11238   69.707542   20.618864   -0.381    0.277  1
RGI60-08.01316     0.11236   66.974908   14.533076   -0.248    0.215  1
RGI60-08.00339     0.11208   62.198130    7.693744   -0.194    0.283  1
RGI60-08.00393     0.11205   67.630812   16.215150   -0.148    0.230  1
RGI60-08.01194     0.11203   61.869232    7.341727   -0.307    0.214  1
RGI60-08.02350     0.11200   67.296172   16.122147   -0.020    0.257  1
RGI60-08.02905     0.11160   62.255220    8.931490   -0.450    0.301  1
RGI60-08.00345     0.11160   60.628629    7.489537   -0.221    0.230  1
RGI60-08.00407     0.11156   69.400139   19.177938   -0.215    0.297  1
RGI60-08.01757     0.11142   60.641938    7.480793   -0.498    0.302  1
RGI60-08.00916     0.11135   62.288027    7.556475   -0.317    0.299  1
RGI60-08.01865     0.11128   68.603553   18.365210   -0.214    0.191  1
RGI60-08.01032     0.11127   68.138898   17.853843   -0.095    0.260  1
RGI60-08.03340     0.11119   65.259576   12.971309   -0.156    0.221  1
RGI60-08.02711     0.11118   62.164855    6.492573   -0.379    0.492  1
RGI60-08.00363     0.11084   69.676852   19.499824   -0.582    0.411  1
RGI60-08.02829     0.11070   62.569445    8.041856   -0.443    0.302  1
RGI60-08.01980     0.11070   62.402260    8.158742   -0.491    0.269  1
RGI60-08.03261     0.11069   61.612086    8.764173   -0.241    0.299  1
RGI60-08.03196     0.11060   69.563486   20.070157   -0.382    0.262  1
RGI60-08.02313     0.11048   67.710367   15.640804   -0.395    0.388  1
RGI60-08.00788     0.11046   61.336482    6.791542   -0.390    0.247  1
RGI60-08.03235     0.11036   65.766363   13.689170    0.123    0.309  1
RGI60-08.02171     0.10972   69.682366   19.498989   -0.521    0.304  1
RGI60-08.03173     0.10972   69.042794   19.665720   -0.302    0.279  1
RGI60-08.00579     0.10962   62.046006    8.027876   -0.336    0.245  1
RGI60-08.03159     0.10957   65.450135   13.176447   -0.402    0.292  1
RGI60-08.02686     0.10957   61.785307    5.825132   -0.468    0.338  1
RGI60-08.00595     0.10949   69.623558   20.765740   -0.700    0.403  1
RGI60-08.02624     0.10936   68.124268   16.661445    0.129    0.286  1
RGI60-08.00018     0.10930   67.227498   16.893096   -0.390    0.330  1
RGI60-08.00587     0.10926   69.643664   20.573094   -0.479    0.613  1
RGI60-08.01867     0.10897   68.582219   18.365411   -0.275    0.217  1
RGI60-08.00862     0.10890   61.632041    8.139651   -0.041    0.226  1
RGI60-08.00668     0.10871   65.236377   13.821078   -0.348    0.251  1
RGI60-08.01437     0.10851   66.707229   14.466700   -0.002    0.203  1
RGI60-08.01448     0.10850   66.719770   14.273532   -0.105    0.194  1
RGI60-08.00179     0.10849   67.934232   18.562587   -0.060    0.293  1
RGI60-08.01877     0.10803   68.727723   18.379094   -0.022    0.221  1
RGI60-08.01873     0.10802   68.712723   18.427555   -0.126    0.193  1
RGI60-08.02912     0.10801   59.936869    7.020268   -0.179    0.253  1
RGI60-08.01428     0.10800   61.380725    8.657321   -0.092    0.255  1
RGI60-08.00858     0.10800   61.792498    8.251062   -0.354    0.247  1
RGI60-08.01914     0.10747   68.909406   18.603561   -0.100    0.322  1
RGI60-08.01836     0.10734   62.147114    7.281219   -0.932    0.411  1
RGI60-08.03029     0.10733   61.440943    7.818517   -0.334    0.235  1
RGI60-08.01344     0.10725   62.177830    6.774766   -0.779    0.367  1
RGI60-08.03307     0.10722   68.601307   18.018585    0.071    0.223  1
RGI60-08.01343     0.10722   62.163284    6.867758   -0.875    0.385  1
RGI60-08.00473     0.10721   61.459761    6.947038   -0.034    0.232  1
RGI60-08.01563     0.10721   66.583454   13.715325    0.061    0.227  1
RGI60-08.02122     0.10719   68.257468   17.495831   -0.018    0.240  1
RGI60-08.00933     0.10717   69.727957   21.508331   -0.413    0.353  1
RGI60-08.01389     0.10716   68.083626   16.894956   -0.261    0.223  1
RGI60-08.01399     0.10716   68.089218   16.951433   -0.050    0.193  1
RGI60-08.02295     0.10714   67.789597   16.624229   -0.212    0.252  1
RGI60-08.01352     0.10710   62.220882    6.794351   -0.691    0.440  1
RGI60-08.00381     0.10710   61.613153    8.107181   -0.221    0.370  1
RGI60-08.02293     0.10705   67.893336   16.126982   -0.428    0.444  1
RGI60-08.03386     0.10704   65.862812   14.587683    0.061    0.226  1
RGI60-08.01422     0.10649   61.380412    8.560746   -0.123    0.184  1
RGI60-08.02788     0.10642   62.091036    7.325405   -0.499    0.267  1
RGI60-08.01423     0.10620   61.395455    8.716181   -0.188    0.206  1
RGI60-08.03203     0.10611   69.413306   19.990516   -1.094    0.501  1
RGI60-08.00420     0.10573   67.983998   16.835192   -0.020    0.195  1
RGI60-08.01743     0.10559   60.752676    7.516331   -0.376    0.314  1
RGI60-08.00820     0.10556   61.759542    7.747224   -0.206    0.306  1
RGI60-08.02079     0.10554   68.268073   17.142268    0.032    0.188  1
RGI60-08.02055     0.10547   68.347004   14.905519   -0.087    0.366  1
RGI60-08.01731     0.10531   60.642295    7.559031   -0.514    0.291  1
RGI60-08.03365     0.10530   59.763518    7.121586   -0.107    0.205  1
RGI60-08.00826     0.10528   61.750005    8.128701   -0.082    0.185  1
RGI60-08.01504     0.10489   66.780634   14.520061   -0.113    0.206  1
RGI60-08.01020     0.10479   68.116645   17.801629   -0.210    0.241  1
RGI60-08.03233     0.10466   65.760754   13.812123   -0.441    0.359  1
RGI60-08.00713     0.10439   62.613323    8.423070   -0.294    0.250  1
RGI60-08.02554     0.10429   69.849016   20.300698    0.129    0.304  1
RGI60-08.02667     0.10400   61.758592    5.823203   -0.307    0.279  1
RGI60-08.01341     0.10394   62.133317    6.869202   -0.641    0.423  1
RGI60-08.02649     0.10392   61.756402    5.503927   -0.615    0.333  1
RGI60-08.02093     0.10355   68.242210   17.216868    0.182    0.262  1
RGI60-08.00848     0.10351   61.655950    8.357818    0.049    0.246  1
RGI60-08.01729     0.10351   60.617155    7.894557   -0.262    0.239  1
RGI60-08.01741     0.10350   60.650354    7.465911   -0.244    0.227  1
RGI60-08.01426     0.10350   61.437642    8.635129   -0.332    0.256  1
RGI60-08.00859     0.10350   61.608630    8.439523   -0.877    0.375  1
RGI60-08.01698     0.10349   60.668558    7.104292   -0.155    0.208  1
RGI60-08.01300     0.10342   66.901905   14.605134   -0.138    0.209  1
RGI60-08.01615     0.10326   66.874794   13.959714   -0.104    0.194  1
RGI60-08.00421     0.10320   62.175796    7.078976   -0.702    0.360  1
RGI60-08.02671     0.10316   61.748282    5.422681   -1.722    0.694  1
RGI60-08.02124     0.10313   68.240907   17.515968   -0.215    0.300  1
RGI60-08.02129     0.10313   68.302539   17.543410   -0.017    0.206  1
RGI60-08.02096     0.10313   68.080313   17.186519   -0.068    0.192  1
RGI60-08.02720     0.10310   62.152681    6.515329   -0.880    0.395  1
RGI60-08.02663     0.10309   61.779357    5.529164    0.196    0.294  1
RGI60-08.01387     0.10309   68.115829   16.792733   -0.229    0.334  1
RGI60-08.01493     0.10284   66.720302   14.613381    0.109    0.183  1
RGI60-08.00710     0.10260   60.069644    7.052822    0.008    0.207  1
RGI60-08.00457     0.10260   66.538315   14.853926   -0.175    0.268  1
RGI60-08.00397     0.10260   60.653837    7.118033   -0.289    0.232  1
RGI60-08.01630     0.10260   66.842336   13.940992   -0.626    0.287  1
RGI60-08.02590     0.10253   69.752858   20.081353   -0.458    0.364  1
RGI60-08.01063     0.10240   61.678621    6.588357   -0.225    0.308  1
RGI60-08.00572     0.10234   62.150681    7.788819   -0.479    0.331  1
RGI60-08.02976     0.10232   60.960960    7.261753   -0.476    0.369  1
RGI60-08.00489     0.10222   61.770351    6.888311   -0.321    0.229  1
RGI60-08.02740     0.10186   61.862481    6.997911   -0.974    0.404  1
RGI60-08.00983     0.10181   61.566419    8.419452   -0.253    0.312  1
RGI60-08.01701     0.10171   60.676860    7.424715   -0.216    0.218  1
RGI60-08.00354     0.10170   66.653968   13.685890   -0.066    0.211  1
RGI60-08.00348     0.10155   61.405608    6.833393    0.026    0.305  1
RGI60-08.00783     0.10155   61.338758    6.800043   -0.049    0.253  1
RGI60-08.00508     0.10149   62.038060    6.870234   -0.310    0.250  1
RGI60-08.03153     0.10145   65.439201   13.163620   -0.594    0.354  1
RGI60-08.03392     0.10101   66.379832   13.829802    0.033    0.213  1
RGI60-08.00773     0.10093   62.389684    7.450429   -0.544    0.255  1
RGI60-08.01222     0.10080   61.645845    7.718868   -0.046    0.228  1
RGI60-08.02415     0.10074   68.794194   19.258644   -0.198    0.245  1
RGI60-08.00529     0.10072   62.009767    7.080988   -1.433    0.660  1
RGI60-08.02750     0.10070   61.876844    6.979840   -0.409    0.443  1
RGI60-08.02117     0.10069   68.291286   17.532012   -0.300    0.357  1
RGI60-08.02078     0.10066   68.273349   17.132854   -0.255    0.262  1
RGI60-08.00834     0.09991   61.796388    7.975653   -0.333    0.251  1
RGI60-08.00462     0.09991   68.272812   18.092310   -0.202    0.240  1
RGI60-08.01445     0.09990   66.727076   14.277699   -0.171    0.222  1
RGI60-08.02046     0.09990   62.407141    8.996974   -0.265    0.280  1
RGI60-08.01206     0.09982   61.836535    7.446993    0.032    0.256  1
RGI60-08.02278     0.09982   67.567231   16.412111    0.012    0.192  1
RGI60-08.00470     0.09910   68.277234   18.071858   -0.130    0.216  1
RGI60-08.01210     0.09907   61.864310    7.516272   -0.153    0.280  1
RGI60-08.03140     0.09901   65.490639   13.178055   -0.180    0.273  1
RGI60-08.00803     0.09900   61.728672    7.950149    0.066    0.321  1
RGI60-08.03371     0.09897   65.490790   13.940643   -0.126    0.283  1
RGI60-08.02555     0.09890   69.810440   20.189304   -0.857    0.402  1
RGI60-08.02705     0.09842   62.086290    6.726607   -0.444    0.376  1
RGI60-08.02015     0.09830   61.398686    6.439279   -0.693    0.315  1
RGI60-08.03413     0.09820   68.163958   16.603195   -0.305    0.374  1
RGI60-08.00702     0.09811   60.014621    6.951733   -0.184    0.219  1
RGI60-08.00970     0.09811   61.653019    8.536397    0.054    0.196  1
RGI60-08.01322     0.09810   66.977510   14.565581   -0.516    0.325  1
RGI60-08.00847     0.09810   61.634646    8.136032    0.082    0.308  1
RGI60-08.03016     0.09809   61.449325    7.770780   -0.384    0.319  1
RGI60-08.02546     0.09791   70.180192   20.753946   -0.571    0.455  1
RGI60-08.03075     0.09789   68.823214   17.636277   -0.313    0.320  1
RGI60-08.02354     0.09752   67.292660   16.201390   -0.193    0.233  1
RGI60-08.01849     0.09751   66.389769   13.489765   -0.235    0.303  1
RGI60-08.01405     0.09731   68.132488   16.847143    0.343    0.412  1
RGI60-08.01700     0.09720   60.681453    7.341296   -0.206    0.234  1
RGI60-08.00149     0.09694   67.174083   17.558485   -0.700    0.348  1
RGI60-08.00282     0.09685   66.600099   13.790733   -0.264    0.317  1
RGI60-08.02032     0.09667   61.490849    6.700181   -0.226    0.237  1
RGI60-08.01056     0.09667   61.548531    6.649268   -0.592    0.425  1
RGI60-08.03146     0.09659   65.375474   13.121268   -0.255    0.227  1
RGI60-08.01177     0.09658   61.874527    7.260092   -0.254    0.414  1
RGI60-08.03083     0.09644   68.821129   17.692478   -0.040    0.213  1
RGI60-08.01617     0.09630   66.892015   13.972079   -0.268    0.219  1
RGI60-08.02896     0.09630   62.375323    9.387320   -0.219    0.289  1
RGI60-08.00969     0.09630   61.514794    8.395711   -0.542    0.324  1
RGI60-08.02921     0.09605   59.929854    6.764519   -0.266    0.242  1
RGI60-08.01933     0.09585   68.574840   18.716781   -0.244    0.302  1
RGI60-08.01922     0.09585   68.617354   18.658341    0.051    0.205  1
RGI60-08.01998     0.09582   61.462181    6.522262   -0.362    0.232  1
RGI60-08.00832     0.09581   61.893371    7.703195   -0.486    0.340  1
RGI60-08.00503     0.09581   62.043816    7.315494   -0.230    0.295  1
RGI60-08.00663     0.09571   65.157705   14.172660    0.075    0.268  1
RGI60-08.02238     0.09570   66.099205   14.445632    0.049    0.205  1
RGI60-08.00972     0.09540   61.537480    8.423029   -0.192    0.259  1
RGI60-08.03027     0.09539   61.414905    7.868721    0.026    0.247  1
RGI60-08.01280     0.09535   66.471799   14.632820   -0.601    0.382  1
RGI60-08.02687     0.09498   61.778238    5.878560   -0.237    0.236  1
RGI60-08.00589     0.09485   69.739595   20.613657   -0.944    0.526  1
RGI60-08.01939     0.09456   68.849777   18.862490    0.093    0.212  1
RGI60-08.01758     0.09450   60.679715    7.512835   -0.206    0.208  1
RGI60-08.01692     0.09450   60.661885    7.148152   -0.094    0.245  1
RGI60-08.01460     0.09449   66.642438   14.203796   -0.143    0.175  1
RGI60-08.01916     0.09446   68.865605   18.720600   -0.136    0.231  1
RGI60-08.01797     0.09442   69.377764   19.789125   -0.132    0.263  1
RGI60-08.00429     0.09419   62.212552    6.776643   -0.801    0.489  1
RGI60-08.00242     0.09401   68.132302   18.653379   -0.227    0.245  1
RGI60-08.01156     0.09374   61.513469    7.067833   -0.509    0.248  1
RGI60-08.02297     0.09360   67.440671   15.204459   -0.497    0.476  1
RGI60-08.02932     0.09360   60.061456    6.818130   -0.247    0.233  1
RGI60-08.02838     0.09360   62.664386    8.218303   -0.411    0.356  1
RGI60-08.01978     0.09359   62.404450    8.150246   -0.358    0.376  1
RGI60-08.02353     0.09352   67.294822   16.015929   -0.550    0.385  1
RGI60-08.01116     0.09342   61.781205    7.125624   -0.096    0.189  1
RGI60-08.02716     0.09342   62.077821    6.739813   -1.003    0.512  1
RGI60-08.03090     0.09341   68.571691   18.072102   -0.407    0.255  1
RGI60-08.01242     0.09340   61.750294    7.600005   -0.120    0.374  1
RGI60-08.01264     0.09288   68.599441   17.034979   -0.180    0.430  1
RGI60-08.01847     0.09270   66.499321   13.467836   -0.119    0.255  1
RGI60-08.00833     0.09270   61.839831    8.083994   -0.023    0.205  1
RGI60-08.01971     0.09269   62.489850    8.028818   -0.331    0.227  1
RGI60-08.03367     0.09261   68.727135   17.995801   -0.487    0.288  1
RGI60-08.02697     0.09259   62.146593    6.543166   -0.872    0.516  1
RGI60-08.02747     0.09258   61.892847    6.981023   -0.015    0.276  1
RGI60-08.01261     0.09256   68.595090   17.114125   -0.223    0.277  1
RGI60-08.00681     0.09249   65.167594   13.960961    0.147    0.218  1
RGI60-08.00881     0.09184   62.271782    7.657704   -0.690    0.315  1
RGI60-08.00411     0.09181   62.186505    7.759228   -0.459    0.290  1
RGI60-08.01745     0.09181   60.602668    7.838115   -1.299    0.592  1
RGI60-08.01419     0.09180   61.382261    8.700239   -0.117    0.190  1
RGI60-08.02312     0.09180   67.408291   14.988104   -0.155    0.296  1
RGI60-08.02685     0.09176   61.740961    5.697621   -0.921    0.436  1
RGI60-08.02084     0.09175   68.279807   17.096210   -0.089    0.214  1
RGI60-08.03138     0.09172   65.449091   13.187216   -0.443    0.281  1
RGI60-08.03130     0.09169   65.381302   13.517275   -0.207    0.265  1
RGI60-08.00361     0.09164   67.298706   16.119507   -0.428    0.284  1
RGI60-08.02488     0.09148   70.243981   21.926373   -0.221    0.273  1
RGI60-08.02371     0.09147   67.314627   15.806440   -0.436    0.267  1
RGI60-08.01979     0.09106   62.494245    7.865158   -0.479    0.376  1
RGI60-08.01897     0.09097   68.574852   18.292311   -0.298    0.238  1
RGI60-08.02682     0.09094   61.755102    5.839011   -0.446    0.300  1
RGI60-08.03312     0.09092   68.294868   16.964827   -0.234    0.360  1
RGI60-08.00691     0.09091   60.068403    7.031665   -0.054    0.197  1
RGI60-08.02821     0.09090   62.728274    8.223202   -0.858    0.517  1
RGI60-08.03305     0.09090   59.741500    6.884126   -0.047    0.187  1
RGI60-08.01514     0.09090   66.642579   14.654787   -0.167    0.307  1
RGI60-08.03411     0.09090   60.879256    6.933683    0.092    0.347  1
RGI60-08.02241     0.09090   66.069955   14.097081   -0.083    0.172  1
RGI60-08.02212     0.09090   69.286252   19.662725   -0.505    0.337  1
RGI60-08.00082     0.09087   67.209188   17.831529    0.104    0.266  1
RGI60-08.00601     0.09078   69.452821   20.821369   -0.217    0.244  1
RGI60-08.02305     0.09058   67.660713   15.404058   -0.659    0.333  1
RGI60-08.00664     0.09051   65.241324   13.690676   -0.269    0.326  1
RGI60-08.02005     0.09047   61.410864    6.527738    0.150    0.210  1
RGI60-08.01378     0.09031   67.407013   15.937490   -0.271    0.265  1
RGI60-08.00575     0.09017   62.105106    7.988883   -0.716    0.360  1
RGI60-08.02959     0.09001   60.372530    6.907390   -0.207    0.227  1
RGI60-08.00977     0.08934   61.571724    8.585760   -0.095    0.341  1
RGI60-08.03078     0.08932   68.652677   17.456353    0.095    0.246  1
RGI60-08.01211     0.08932   61.845254    7.487605    0.204    0.269  1
RGI60-08.01085     0.08932   61.568346    6.588943   -0.243    0.283  1
RGI60-08.03112     0.08912   59.921866    7.097810   -0.322    0.291  1
RGI60-08.01207     0.08910   61.829868    7.370437   -0.103    0.278  1
RGI60-08.02837     0.08909   62.569976    8.053174   -0.296    0.241  1
RGI60-08.02553     0.08900   69.881180   20.333690   -1.086    0.610  1
RGI60-08.00569     0.08855   62.030783    8.086826   -0.417    0.279  1
RGI60-08.00897     0.08855   62.236374    7.608573   -0.397    0.229  1
RGI60-08.00464     0.08828   68.250453   18.108691   -0.106    0.192  1
RGI60-08.01821     0.08821   59.796490    6.565866   -0.166    0.241  1
RGI60-08.01649     0.08820   66.842092   13.925113   -0.160    0.215  1
RGI60-08.03101     0.08820   60.022754    7.123873   -0.470    0.325  1
RGI60-08.02163     0.08815   69.901989   19.361007   -0.190    0.356  1
RGI60-08.02703     0.08772   62.054749    6.634665   -0.758    0.380  1
RGI60-08.01022     0.08772   68.062150   17.898560   -0.190    0.215  1
RGI60-08.03358     0.08771   68.653370   18.085274   -0.066    0.252  1
RGI60-08.02066     0.08769   68.150995   17.412876    0.353    0.290  1
RGI60-08.02707     0.08768   62.097474    6.711499   -0.492    0.551  1
RGI60-08.02675     0.08763   61.744592    5.454933   -0.047    0.265  1
RGI60-08.03363     0.08762   65.494238   13.882296   -0.266    0.232  1
RGI60-08.01584     0.08757   66.573386   13.669087   -0.096    0.259  1
RGI60-08.02949     0.08731   60.061013    6.699016   -0.096    0.199  1
RGI60-08.03370     0.08730   59.698252    6.936200   -0.408    0.276  1
RGI60-08.00951     0.08730   61.533593    8.364624   -0.503    0.381  1
RGI60-08.01667     0.08730   60.625657    7.026595   -0.246    0.265  1
RGI60-08.03256     0.08730   62.370040    8.199515   -0.400    0.331  1
RGI60-08.03119     0.08730   59.929606    7.037133   -0.463    0.281  1
RGI60-08.03346     0.08727   69.190153   18.835750   -0.799    0.492  1
RGI60-08.00798     0.08696   61.752625    7.762996   -0.324    0.340  1
RGI60-08.01250     0.08693   70.100663   21.739856   -1.075    0.546  1
RGI60-08.00607     0.08692   69.677666   20.678224   -1.315    0.643  1
RGI60-08.03355     0.08681   61.457698    6.270076   -0.235    0.263  1
RGI60-08.02245     0.08679   66.008499   14.163260   -0.171    0.232  1
RGI60-08.02223     0.08679   65.950751   14.126575   -0.035    0.360  1
RGI60-08.00592     0.08670   69.829457   20.612001   -1.358    0.633  1
RGI60-08.00349     0.08639   59.772729    6.639025   -0.013    0.221  1
RGI60-08.01752     0.08636   60.610597    7.904183   -0.324    0.333  1
RGI60-08.02176     0.08635   69.711836   19.527819   -0.015    0.231  1
RGI60-08.02583     0.08632   69.721455   20.142032   -1.374    0.665  1
RGI60-08.02792     0.08616   62.120017    7.551639   -0.398    0.289  1
RGI60-08.03260     0.08604   65.247947   13.091050   -0.274    0.346  1
RGI60-08.02272     0.08591   67.564891   16.344138    0.026    0.187  1
RGI60-08.00459     0.08589   68.265178   18.127067   -0.148    0.211  1
RGI60-08.00583     0.08582   69.612027   20.894778   -0.772    0.470  1
RGI60-08.02275     0.08580   67.564961   16.385130   -0.015    0.182  1
RGI60-08.03002     0.08552   61.371749    6.836739   -0.811    0.472  1
RGI60-08.02395     0.08550   67.204024   16.295712   -0.174    0.213  1
RGI60-08.02043     0.08549   62.442722    9.099536   -0.308    0.331  1
RGI60-08.00566     0.08536   62.134411    7.806262   -0.170    0.239  1
RGI60-08.00782     0.08530   61.299484    6.840736   -0.532    0.300  1
RGI60-08.00886     0.08528   62.236679    7.771674   -0.150    0.223  1
RGI60-08.02426     0.08499   68.209647   17.913760   -0.309    0.249  1
RGI60-08.03361     0.08460   66.999334   14.351926   -0.212    0.233  1
RGI60-08.01113     0.08451   61.789756    7.075580   -0.325    0.333  1
RGI60-08.00336     0.08445   61.753360    5.705024   -0.195    0.279  1
RGI60-08.03229     0.08438   65.748574   13.820998    0.151    0.275  1
RGI60-08.03102     0.08370   59.926980    7.143826   -0.421    0.276  1
RGI60-08.02933     0.08369   59.920586    6.828950   -0.324    0.309  1
RGI60-08.00524     0.08368   62.011371    7.069384   -0.517    0.434  1
RGI60-08.02604     0.08366   68.124913   17.727304   -0.379    0.286  1
RGI60-08.02601     0.08365   68.147598   17.734097    0.226    0.234  1
RGI60-08.02535     0.08361   70.014460   20.767847   -0.333    0.458  1
RGI60-08.02283     0.08358   67.753890   16.196345    0.077    0.185  1
RGI60-08.00903     0.08356   62.287782    7.629815   -0.510    0.271  1
RGI60-08.03052     0.08350   61.387143    8.069040   -1.379    0.599  1
RGI60-08.03276     0.08282   62.103512    7.678883   -0.210    0.326  1
RGI60-08.00721     0.08281   62.599343    8.218698   -0.382    0.260  1
RGI60-08.02938     0.08281   60.217748    6.924992   -0.349    0.260  1
RGI60-08.01734     0.08280   60.650052    7.531558   -0.295    0.248  1
RGI60-08.00383     0.08280   61.614140    6.308300   -0.448    0.314  1
RGI60-08.01691     0.08280   60.775637    7.298515   -0.627    0.362  1
RGI60-08.01455     0.08280   66.665584   14.377231   -0.023    0.291  1
RGI60-08.01008     0.08279   61.531997    8.371812   -0.638    0.443  1
RGI60-08.01309     0.08247   66.988810   14.503394   -0.472    0.414  1
RGI60-08.01061     0.08212   61.677768    6.755031   -0.136    0.207  1
RGI60-08.00885     0.08212   62.248802    7.780647   -0.490    0.303  1
RGI60-08.00899     0.08205   62.280414    7.423839   -0.617    0.340  1
RGI60-08.01905     0.08203   68.623054   18.678603   -0.212    0.246  1
RGI60-08.03142     0.08199   65.402559   12.963645   -0.152    0.208  1
RGI60-08.03069     0.08196   65.943187   13.590945   -0.756    0.540  1
RGI60-08.00656     0.08194   65.372186   13.827270   -0.089    0.195  1
RGI60-08.02615     0.08194   68.521948   15.460551   -0.197    0.544  1
RGI60-08.01381     0.08190   67.414613   16.105118    0.017    0.176  1
RGI60-08.03408     0.08188   65.732974   14.294822   -0.097    0.240  1
RGI60-08.02184     0.08188   69.492191   19.494935   -1.006    0.502  1
RGI60-08.02178     0.08185   69.557645   19.367556   -0.588    0.444  1
RGI60-08.01792     0.08183   69.386305   19.878590   -0.835    0.584  1
RGI60-08.00927     0.08148   69.788480   21.578411   -0.295    0.531  1
RGI60-08.02427     0.08147   68.313834   17.740278   -0.254    0.289  1
RGI60-08.00922     0.08126   62.269886    7.626432   -0.053    0.298  1
RGI60-08.01569     0.08123   66.569864   13.758224   -0.211    0.264  1
RGI60-08.00264     0.08118   62.998899   12.225724   -0.295    0.404  1
RGI60-08.02679     0.08116   61.736838    5.421716   -1.824    0.794  1
RGI60-08.02221     0.08111   65.994189   14.393451    0.164    0.304  1
RGI60-08.02175     0.08104   69.790516   19.641536   -1.015    0.542  1
RGI60-08.02952     0.08099   60.102291    7.013068   -0.087    0.213  1
RGI60-08.01522     0.08096   66.538309   14.561202   -0.450    0.288  1
RGI60-08.03076     0.08039   68.622991   17.347132    0.064    0.245  1
RGI60-08.00563     0.08037   62.182005    7.870365   -0.546    0.456  1
RGI60-08.00628     0.08031   65.268074   13.850286    0.017    0.214  1
RGI60-08.02224     0.08030   65.939818   14.193286   -0.136    0.280  1
RGI60-08.02621     0.08016   67.939196   16.677667   -0.176    0.209  1
RGI60-08.01420     0.08010   61.413984    8.584511   -0.659    0.373  1
RGI60-08.01708     0.08010   60.709197    7.179887   -0.313    0.292  1
RGI60-08.01723     0.08009   60.619422    7.804525   -0.379    0.388  1
RGI60-08.01942     0.08006   68.802701   18.925304   -0.531    0.481  1
RGI60-08.02177     0.08005   69.555553   19.340622   -0.688    0.475  1
RGI60-08.01889     0.07960   68.579810   18.294419   -0.135    0.198  1
RGI60-08.02464     0.07959   68.343555   17.819964    0.044    0.220  1
RGI60-08.02322     0.07953   66.795217   15.134528   -0.013    0.258  1
RGI60-08.03238     0.07952   65.767064   13.678068   -0.646    0.469  1
RGI60-08.02285     0.07952   67.732134   16.151778    0.118    0.253  1
RGI60-08.00706     0.07921   60.037497    6.982720   -0.279    0.261  1
RGI60-08.02474     0.07920   70.425727   23.298821   -0.771    0.580  1
RGI60-08.01724     0.07919   60.729907    7.457121   -0.480    0.278  1
RGI60-08.01945     0.07917   68.903873   18.664241   -0.408    0.360  1
RGI60-08.00621     0.07910   69.570856   20.859112   -0.414    0.295  1
RGI60-08.02730     0.07881   61.689632    6.291196   -0.598    0.319  1
RGI60-08.02994     0.07880   61.376629    6.948152   -0.267    0.292  1
RGI60-08.00428     0.07880   61.726780    6.950337   -1.986    0.947  1
RGI60-08.01892     0.07879   68.657450   18.366331   -0.196    0.225  1
RGI60-08.01035     0.07879   68.076971   17.998670   -0.209    0.220  1
RGI60-08.02463     0.07851   68.351364   17.842172   -0.187    0.265  1
RGI60-08.02234     0.07851   66.104487   14.382997   -0.121    0.210  1
RGI60-08.00394     0.07835   69.720128   18.447735   -0.044    0.285  1
RGI60-08.02368     0.07832   67.280509   15.920879   -0.049    0.214  1
RGI60-08.01977     0.07831   62.415961    8.075466   -0.762    0.489  1
RGI60-08.00695     0.07831   60.026109    6.997947   -0.259    0.262  1
RGI60-08.00696     0.07831   60.060060    7.047800   -0.200    0.212  1
RGI60-08.01511     0.07830   66.647627   14.626176   -0.098    0.190  1
RGI60-08.02036     0.07830   62.330210    8.960482   -0.149    0.289  1
RGI60-08.03396     0.07829   60.562738    8.037334   -0.069    0.205  1
RGI60-08.02704     0.07828   62.066179    6.581991   -0.252    0.220  1
RGI60-08.02209     0.07824   69.279977   19.649648   -0.356    0.421  1
RGI60-08.02527     0.07818   69.945439   21.456003   -0.243    0.457  1
RGI60-08.03393     0.07799   68.642100   18.022071   -0.103    0.287  1
RGI60-08.02734     0.07796   61.825763    7.105331   -0.212    0.264  1
RGI60-08.02477     0.07796   70.433174   23.085020   -0.341    0.369  1
RGI60-08.02116     0.07795   68.331824   17.359170    0.350    0.340  1
RGI60-08.00581     0.07789   62.084586    8.125114   -0.574    0.462  1
RGI60-08.00634     0.07789   65.349345   13.776835   -0.112    0.220  1
RGI60-08.01001     0.07780   61.569676    8.581425   -0.451    0.354  1
RGI60-08.02547     0.07766   70.095207   19.789162   -0.820    0.620  1
RGI60-08.00178     0.07749   68.054373   18.617316   -0.196    0.268  1
RGI60-08.00978     0.07740   61.458988    8.352720   -0.291    0.281  1
RGI60-08.01735     0.07740   60.688157    7.504953   -0.252    0.272  1
RGI60-08.02318     0.07740   66.758954   15.222813   -0.088    0.264  1
RGI60-08.02843     0.07740   62.661612    8.280574   -0.484    0.416  1
RGI60-08.01800     0.07733   69.419485   19.834673   -0.193    0.343  1
RGI60-08.01805     0.07733   69.400536   19.802495   -0.616    0.331  1
RGI60-08.01006     0.07731   61.527526    8.361542   -0.632    0.420  1
RGI60-08.03360     0.07716   68.591726   17.982815   -0.716    0.406  1
RGI60-08.02673     0.07715   61.730128    5.416376   -1.983    1.054  1
RGI60-08.00505     0.07714   61.999883    6.875862   -0.709    0.450  1
RGI60-08.00685     0.07708   65.244799   13.847984   -0.097    0.344  1
RGI60-08.02239     0.07705   66.100074   14.432369   -0.126    0.228  1
RGI60-08.01736     0.07672   60.605801    7.828991   -0.472    0.476  1
RGI60-08.02136     0.07650   61.397290    8.531496   -0.340    0.308  1
RGI60-08.01220     0.07650   61.601601    7.807739   -0.321    0.397  1
RGI60-08.02941     0.07650   60.046702    6.802991   -0.252    0.238  1
RGI60-08.01733     0.07650   60.749339    7.488628   -0.320    0.249  1
RGI60-08.00632     0.07648   65.328285   13.681839   -0.163    0.255  1
RGI60-08.03211     0.07643   69.496139   20.004887   -0.119    0.378  1
RGI60-08.03001     0.07641   61.395785    6.941658   -0.385    0.282  1
RGI60-08.01823     0.07633   61.836328    6.740049    0.114    0.428  1
RGI60-08.02303     0.07627   67.626587   15.812525   -0.286    0.318  1
RGI60-08.03403     0.07614   68.597450   17.938185   -0.009    0.171  1
RGI60-08.02087     0.07609   68.116502   17.296263   -0.113    0.235  1
RGI60-08.03364     0.07567   65.489221   13.926522    0.070    0.181  1
RGI60-08.03123     0.07561   59.927138    7.058853   -0.349    0.269  1
RGI60-08.02867     0.07560   62.624357    8.626101   -0.364    0.314  1
RGI60-08.01648     0.07560   66.774764   13.887006   -0.170    0.415  1
RGI60-08.02833     0.07560   62.559938    8.054816   -0.337    0.227  1
RGI60-08.03114     0.07560   59.903504    7.169940   -0.470    0.354  1
RGI60-08.01695     0.07559   60.690639    7.107013   -0.274    0.253  1
RGI60-08.02834     0.07559   62.667640    8.290703   -0.208    0.302  1
RGI60-08.01542     0.07552   66.885215   14.277660    0.048    0.250  1
RGI60-08.01385     0.07551   68.078556   16.965663    0.119    0.213  1
RGI60-08.01402     0.07551   68.109941   16.990338   -0.375    0.302  1
RGI60-08.02633     0.07549   68.039411   16.839439   -0.304    0.280  1
RGI60-08.02529     0.07549   69.931439   21.413223   -0.089    0.259  1
RGI60-08.03149     0.07547   65.396604   13.490734   -0.189    0.205  1
RGI60-08.02473     0.07547   70.427202   23.115558   -0.713    0.441  1
RGI60-08.03290     0.07543   70.283615   22.037653   -0.338    0.452  1
RGI60-08.00187     0.07501   67.940030   18.540904   -0.544    0.355  1
RGI60-08.02617     0.07477   68.114309   16.684340   -0.434    0.506  1
RGI60-08.03093     0.07476   59.832279    7.068771   -0.397    0.256  1
RGI60-08.03347     0.07475   62.349843    7.196187   -0.976    0.665  1
RGI60-08.00705     0.07471   60.061701    7.005977   -0.092    0.207  1
RGI60-08.02895     0.07471   62.365580    9.407851    0.018    0.204  1
RGI60-08.03125     0.07470   59.931816    7.180501   -0.184    0.260  1
RGI60-08.02037     0.07469   62.377943    8.935856   -0.466    0.330  1
RGI60-08.02281     0.07466   67.519140   16.169244   -0.125    0.237  1
RGI60-08.03071     0.07437   65.977703   13.553553   -0.276    0.306  1
RGI60-08.00907     0.07393   62.289556    7.572633   -0.711    0.487  1
RGI60-08.00653     0.07391   65.264330   13.768623    0.200    0.294  1
RGI60-08.02423     0.07391   68.272012   17.730306   -0.382    0.413  1
RGI60-08.03135     0.07385   65.429943   13.204197   -0.715    0.427  1
RGI60-08.00906     0.07385   62.165196    7.653642   -1.041    0.613  1
RGI60-08.00692     0.07381   60.031530    6.934661   -0.386    0.253  1
RGI60-08.01818     0.07380   59.800757    6.553771   -0.090    0.249  1
RGI60-08.01311     0.07380   66.905631   14.474981   -0.155    0.270  1
RGI60-08.01820     0.07380   59.767750    6.623155   -0.238    0.273  1
RGI60-08.01477     0.07380   66.765511   14.493894   -0.050    0.224  1
RGI60-08.00266     0.07330   62.999941   12.237513   -0.178    0.388  1
RGI60-08.00741     0.07330   69.136784   19.951308   -0.396    0.405  1
RGI60-08.01443     0.07320   66.721991   14.309102   -0.348    0.374  1
RGI60-08.01996     0.07316   61.393888    6.652465   -0.458    0.339  1
RGI60-08.01083     0.07313   61.681616    6.580945   -0.557    0.350  1
RGI60-08.00309     0.07310   68.646733   18.722487   -0.106    0.267  1
RGI60-08.01966     0.07295   62.541238    7.962127   -0.570    0.372  1
RGI60-08.01706     0.07291   60.701997    7.386992   -0.175    0.252  1
RGI60-08.01704     0.07291   60.676687    7.433925   -0.314    0.296  1
RGI60-08.01759     0.07290   60.746754    7.519492   -0.284    0.257  1
RGI60-08.01458     0.07290   66.660056   14.492222   -0.013    0.173  1
RGI60-08.02929     0.07290   60.203413    6.842648   -0.083    0.209  1
RGI60-08.02923     0.07289   60.057099    6.797518   -0.259    0.246  1
RGI60-08.01469     0.07281   66.769218   14.494653    0.160    0.203  1
RGI60-08.01394     0.07260   68.092624   16.948114   -0.442    0.428  1
RGI60-08.02505     0.07237   70.131376   22.064412   -0.336    0.407  1
RGI60-08.00384     0.07202   69.383149   19.885166   -0.417    0.463  1
RGI60-08.02826     0.07201   62.578169    8.081495   -1.075    0.497  1
RGI60-08.02359     0.07200   67.181861   16.243376   -0.310    0.266  1
RGI60-08.01665     0.07200   62.456632    8.697818   -0.013    0.260  1
RGI60-08.01985     0.07199   62.509373    8.020419   -0.278    0.255  1
RGI60-08.02537     0.07192   70.020011   20.774741   -0.535    0.481  1
RGI60-08.03388     0.07150   61.933055    7.676067   -0.314    0.267  1
RGI60-08.01983     0.07149   62.540954    7.971923   -0.836    0.444  1
RGI60-08.01016     0.07148   68.091348   17.939292   -0.288    0.325  1
RGI60-08.03257     0.07137   65.746681   14.215565    0.047    0.268  1
RGI60-08.00578     0.07110   62.187399    7.991879   -0.126    0.231  1
RGI60-08.02452     0.07065   68.243361   17.755121   -0.182    0.288  1
RGI60-08.00341     0.07062   65.545228   13.035204   -0.063    0.196  1
RGI60-08.00377     0.07060   65.262831   13.579719   -0.052    0.254  1
RGI60-08.01852     0.07052   66.468093   13.604395    0.009    0.206  1
RGI60-08.00984     0.07042   61.558726    8.302235   -0.391    0.412  1
RGI60-08.01819     0.07022   59.792321    6.543320   -0.072    0.209  1
RGI60-08.01770     0.07021   60.548010    7.292820   -0.221    0.232  1
RGI60-08.03015     0.07020   61.478095    7.873593   -0.272    0.396  1
RGI60-08.03095     0.07020   59.827789    7.085751   -0.082    0.251  1
RGI60-08.01762     0.07019   60.675133    7.560049   -0.991    0.545  1
RGI60-08.02422     0.06997   68.301268   17.794760   -0.565    0.379  1
RGI60-08.03308     0.06988   70.273362   22.020740    0.112    0.415  1
RGI60-08.02706     0.06988   62.073797    6.599353   -1.446    0.714  1
RGI60-08.00378     0.06988   62.247457    7.707130   -0.584    0.353  1
RGI60-08.02455     0.06986   68.239751   17.952173   -0.083    0.225  1
RGI60-08.01941     0.06985   68.592589   18.698677   -0.023    0.298  1
RGI60-08.02462     0.06985   68.334149   17.876402   -0.173    0.244  1
RGI60-08.01036     0.06985   68.075177   17.898989   -0.178    0.218  1
RGI60-08.02097     0.06983   68.151276   17.205698   -0.029    0.217  1
RGI60-08.00888     0.06981   62.183927    7.721740   -0.384    0.315  1
RGI60-08.03368     0.06930   62.844516    9.093621   -1.096    0.551  1
RGI60-08.01377     0.06930   67.410203   15.894106    0.089    0.200  1
RGI60-08.01964     0.06930   62.494503    8.031287   -0.591    0.337  1
RGI60-08.01686     0.06929   60.649804    7.134724   -0.130    0.221  1
RGI60-08.02911     0.06929   59.933803    6.834691   -0.666    0.409  1
RGI60-08.02166     0.06927   69.865807   19.197497   -0.396    0.383  1
RGI60-08.02194     0.06925   69.511948   19.502621   -0.551    0.423  1
RGI60-08.02533     0.06905   70.106793   20.609086   -0.035    0.304  1
RGI60-08.02731     0.06904   61.653479    6.212622   -0.581    0.413  1
RGI60-08.00915     0.06903   62.293248    7.424717    0.038    0.301  1
RGI60-08.00389     0.06902   66.734461   14.648888    0.030    0.182  1
RGI60-08.00768     0.06886   62.373707    7.498898   -0.925    0.498  1
RGI60-08.02321     0.06840   66.730297   15.181662    0.103    0.200  1
RGI60-08.03191     0.06834   69.472987   19.838459    0.402    0.536  1
RGI60-08.00593     0.06831   69.617568   20.846690   -0.360    0.407  1
RGI60-08.00884     0.06823   62.241476    7.688472   -0.690    0.354  1
RGI60-08.02068     0.06821   68.250271   17.236958   -0.223    0.277  1
RGI60-08.02627     0.06819   67.982933   16.846769    0.081    0.222  1
RGI60-08.00943     0.06810   69.724884   21.526815   -0.697    0.537  1
RGI60-08.00235     0.06803   67.969609   18.476139   -0.253    0.383  1
RGI60-08.00494     0.06789   61.748027    6.919540   -0.109    0.222  1
RGI60-08.03394     0.06787   62.321830    7.741913   -0.157    0.366  1
RGI60-08.01931     0.06753   68.633770   18.707531    0.280    0.336  1
RGI60-08.00725     0.06751   62.568691    8.248093   -1.225    0.614  1
RGI60-08.01754     0.06751   60.591799    7.863826   -0.036    0.212  1
RGI60-08.02935     0.06751   60.141946    6.923408   -0.072    0.217  1
RGI60-08.01321     0.06751   66.984292   14.519269   -0.306    0.373  1
RGI60-08.02852     0.06750   62.682878    8.733463   -0.915    0.560  1
RGI60-08.03304     0.06750   60.568251    8.019351   -0.230    0.241  1
RGI60-08.01737     0.06750   60.680011    7.591171   -0.138    0.267  1
RGI60-08.02870     0.06750   62.691815    8.644560   -0.882    0.488  1
RGI60-08.03111     0.06749   59.912393    7.093371   -0.424    0.328  1
RGI60-08.02161     0.06745   69.694844   19.604745   -0.212    0.229  1
RGI60-08.02121     0.06740   68.295207   17.531000   -0.200    0.455  1
RGI60-08.01347     0.06735   62.169333    6.811807   -0.145    0.215  1
RGI60-08.03343     0.06732   65.484514   13.902578    0.040    0.192  1
RGI60-08.02013     0.06663   61.357296    6.596003   -0.400    0.285  1
RGI60-08.03004     0.06660   61.430942    6.890270   -0.800    0.424  1
RGI60-08.01891     0.06660   68.579487   18.339772   -0.189    0.222  1
RGI60-08.00553     0.06660   62.187158    8.030080   -0.724    0.452  1
RGI60-08.03265     0.06659   62.311367    7.882202   -0.464    0.302  1
RGI60-08.02123     0.06659   68.300458   17.530336   -0.208    0.222  1
RGI60-08.00401     0.06657   61.959201    7.522700   -0.516    0.379  1
RGI60-08.02282     0.06655   67.709446   16.334156    0.069    0.206  1
RGI60-08.03298     0.06632   66.381109   13.809972    0.008    0.235  1
RGI60-08.03296     0.06583   68.046485   17.678005   -0.155    0.230  1
RGI60-08.00523     0.06582   61.995228    7.122120   -0.675    0.451  1
RGI60-08.03081     0.06578   68.694168   17.877635    0.073    0.220  1
RGI60-08.02620     0.06575   68.152183   16.613927   -0.384    0.366  1
RGI60-08.01386     0.06575   68.111511   16.851667   -0.013    0.213  1
RGI60-08.00642     0.06572   65.355542   13.867568   -0.045    0.220  1
RGI60-08.02034     0.06570   62.358133    8.965335   -0.383    0.403  1
RGI60-08.00690     0.06569   60.027151    6.936132   -0.418    0.297  1
RGI60-08.03124     0.06569   59.937654    7.207426   -0.158    0.241  1
RGI60-08.02407     0.06565   68.739792   19.489246   -1.020    0.559  1
RGI60-08.00373     0.06564   69.110526   19.952191   -0.520    0.452  1
RGI60-08.03208     0.06564   69.528023   20.027859   -0.845    0.571  1
RGI60-08.02476     0.06563   70.432517   23.245201   -0.356    0.287  1
RGI60-08.02517     0.06561   69.950217   21.457442    0.369    0.387  1
RGI60-08.01885     0.06499   68.596496   18.267888    0.102    0.238  1
RGI60-08.01943     0.06498   68.693025   18.500367   -0.143    0.347  1
RGI60-08.01880     0.06498   68.602672   18.394015   -0.124    0.309  1
RGI60-08.01870     0.06498   68.585419   18.292222   -0.053    0.312  1
RGI60-08.01170     0.06498   61.838606    7.245809    0.031    0.336  1
RGI60-08.03072     0.06492   65.991817   13.551127   -0.526    0.455  1
RGI60-08.00670     0.06490   65.207718   13.830271    0.130    0.286  1
RGI60-08.03291     0.06490   65.483877   13.925805   -0.184    0.240  1
RGI60-08.01947     0.06487   68.953898   19.030378   -0.426    0.541  1
RGI60-08.02440     0.06482   68.229594   17.910866   -0.038    0.222  1
RGI60-08.01293     0.06480   66.184093   14.803508   -0.411    0.360  1
RGI60-08.03061     0.06480   61.204363    7.923084   -0.079    0.278  1
RGI60-08.02033     0.06480   62.340404    8.951143   -0.413    0.331  1
RGI60-08.00693     0.06480   60.050694    6.932704   -0.418    0.367  1
RGI60-08.03407     0.06479   59.754241    7.141938   -0.339    0.322  1
RGI60-08.02181     0.06476   69.708174   19.528918   -0.214    0.270  1
RGI60-08.02524     0.06470   69.921148   21.495210   -0.397    0.411  1
RGI60-08.02237     0.06426   66.091300   14.381154   -0.086    0.192  1
RGI60-08.00525     0.06421   62.022208    6.882818   -0.854    0.496  1
RGI60-08.00402     0.06415   61.950874    7.393682   -0.423    0.437  1
RGI60-08.00400     0.06410   62.118666    6.640300   -0.201    0.239  1
RGI60-08.03234     0.06409   65.744641   13.656151    0.132    0.348  1
RGI60-08.01643     0.06394   66.775738   13.935747   -0.091    0.318  1
RGI60-08.03264     0.06390   62.855279    9.098540   -0.815    0.542  1
RGI60-08.02045     0.06390   62.320486    8.778046   -0.290    0.563  1
RGI60-08.00556     0.06389   62.191271    7.851452    0.404    0.346  1
RGI60-08.03100     0.06385   59.930490    7.130487   -0.078    0.206  1
RGI60-08.00883     0.06339   62.159239    7.656590   -0.382    0.296  1
RGI60-08.02710     0.06336   62.051435    6.622943   -0.208    0.245  1
RGI60-08.01913     0.06336   68.606417   18.503143   -0.318    0.280  1
RGI60-08.01074     0.06335   61.649092    6.767520    0.020    0.343  1
RGI60-08.02754     0.06335   61.843153    7.131720    0.168    0.609  1
RGI60-08.01073     0.06335   61.791623    6.725063   -0.154    0.207  1
RGI60-08.03263     0.06335   68.030092   17.704861   -0.139    0.281  1
RGI60-08.00150     0.06330   67.292441   18.058909   -0.540    0.421  1
RGI60-08.00598     0.06328   69.745668   20.650728   -0.807    0.661  1
RGI60-08.02366     0.06300   67.335828   16.071301    0.052    0.173  1
RGI60-08.02307     0.06300   67.479085   15.133459    0.301    0.478  1
RGI60-08.01660     0.06299   62.456915    8.728170   -0.248    0.281  1
RGI60-08.02173     0.06296   69.558541   19.346657   -0.626    0.385  1
RGI60-08.02592     0.06293   69.676620   20.066303   -0.537    0.398  1
RGI60-08.00769     0.06290   62.397067    7.456069   -0.384    0.470  1
RGI60-08.00512     0.06258   61.971527    7.169405   -0.152    0.338  1
RGI60-08.00545     0.06256   61.953832    7.177621   -0.659    0.397  1
RGI60-08.00802     0.06255   61.739388    7.742659    0.027    0.229  1
RGI60-08.01882     0.06255   68.635664   18.392168    0.205    0.278  1
RGI60-08.00465     0.06254   68.295857   18.076890   -0.084    0.265  1
RGI60-08.02611     0.06249   68.570912   16.032483   -0.041    0.234  1
RGI60-08.02250     0.06247   65.990761   14.060219   -0.006    0.193  1
RGI60-08.02894     0.06210   62.452684    9.210501   -0.333    0.325  1
RGI60-08.02946     0.06210   60.200054    6.829333   -0.095    0.213  1
RGI60-08.03107     0.06210   59.941598    7.203409   -0.082    0.221  1
RGI60-08.01440     0.06210   66.764084   14.481540    0.066    0.204  1
RGI60-08.01588     0.06210   66.577715   13.723207   -0.428    0.311  1
RGI60-08.03342     0.06205   69.356649   19.490017   -0.279    0.409  1
RGI60-08.02548     0.06188   70.092846   19.918681   -0.937    0.646  1
RGI60-08.00510     0.06173   62.070580    7.161745   -0.377    0.295  1
RGI60-08.03267     0.06173   68.562829   18.014191   -0.314    0.315  1
RGI60-08.02083     0.06170   68.204298   17.222406   -0.077    0.231  1
RGI60-08.03279     0.06120   62.297509    8.419764   -0.133    0.247  1
RGI60-08.01666     0.06120   60.777370    7.058225   -0.352    0.296  1
RGI60-08.02189     0.06116   69.479298   19.345725   -0.350    0.462  1
RGI60-08.02701     0.06097   62.132131    6.486882   -0.506    0.454  1
RGI60-08.01119     0.06096   61.776085    7.074841   -0.097    0.285  1
RGI60-08.02660     0.06091   61.739420    5.571330   -0.167    0.286  1
RGI60-08.03288     0.06089   65.281651   13.166416   -0.020    0.308  1
RGI60-08.02273     0.06086   67.563712   16.405447    0.005    0.187  1
RGI60-08.01616     0.06063   66.835995   13.918194   -0.046    0.202  1
RGI60-08.02424     0.06037   68.325828   17.770788    0.825    0.580  1
RGI60-08.02356     0.06032   67.330594   16.074096   -0.217    0.271  1
RGI60-08.02890     0.06031   62.457252    9.238883   -0.066    0.262  1
RGI60-08.03121     0.06031   59.932353    7.059392   -0.585    0.331  1
RGI60-08.01438     0.06030   66.727270   14.387972    0.193    0.228  1
RGI60-08.02944     0.06030   60.380581    6.926176   -0.049    0.220  1
RGI60-08.02904     0.06030   62.263020    8.939878   -0.707    0.458  1
RGI60-08.02137     0.06030   61.398739    8.526879   -0.177    0.307  1
RGI60-08.02142     0.06029   61.591035    8.151609    0.132    0.427  1
RGI60-08.01746     0.06029   60.634087    7.452356   -0.256    0.247  1
RGI60-08.01693     0.06029   60.673415    7.119570   -0.112    0.214  1
RGI60-08.03080     0.06009   68.934673   17.537799   -0.461    0.429  1
RGI60-08.01262     0.06007   68.557203   16.932498   -0.278    0.392  1
RGI60-08.02260     0.06004   67.617741   16.101109    0.042    0.268  1
RGI60-08.02591     0.06001   69.759368   20.038498   -0.847    0.551  1
RGI60-08.02487     0.05990   70.238302   21.991469   -0.089    0.358  1
RGI60-08.01858     0.05946   66.410536   13.625373   -0.123    0.228  1
RGI60-08.01756     0.05940   60.696721    7.527375   -0.025    0.255  1
RGI60-08.02884     0.05940   62.632216    9.164363   -0.711    0.568  1
RGI60-08.01697     0.05940   60.707223    7.369389   -0.082    0.230  1
RGI60-08.01791     0.05936   69.401326   19.824089   -0.431    0.382  1
RGI60-08.03216     0.05934   69.421494   19.931473   -0.326    0.407  1
RGI60-08.00619     0.05932   69.575308   20.859726   -0.483    0.357  1
RGI60-08.02688     0.05931   61.801934    5.895111   -0.732    0.496  1
RGI60-08.02467     0.05929   68.375424   17.885394   -0.341    0.297  1
RGI60-08.02110     0.05927   68.294468   17.493455   -0.131    0.406  1
RGI60-08.00379     0.05925   61.303819    6.860268   -0.184    0.306  1
RGI60-08.02280     0.05924   67.540155   16.381962   -0.050    0.195  1
RGI60-08.02309     0.05922   67.779456   15.689597   -0.460    0.406  1
RGI60-08.01360     0.05922   62.262573    6.631473   -0.568    0.425  1
RGI60-08.02298     0.05921   67.718284   15.623505    0.125    0.307  1
RGI60-08.02958     0.05866   59.915445    6.825581   -0.368    0.282  1
RGI60-08.01323     0.05864   66.959824   14.504318   -0.167    0.356  1
RGI60-08.01683     0.05851   60.720328    7.158578   -0.249    0.359  1
RGI60-08.00357     0.05850   59.841120    7.088381   -0.336    0.280  1
RGI60-08.01517     0.05850   66.776527   14.511291   -0.000    0.189  1
RGI60-08.02048     0.05849   62.434608    9.110144   -0.617    0.404  1
RGI60-08.01050     0.05848   61.651855    6.785517   -1.659    0.969  1
RGI60-08.02700     0.05848   62.055437    6.624163    0.120    0.349  1
RGI60-08.00609     0.05843   69.822440   20.627253   -1.835    1.089  1
RGI60-08.00941     0.05805   69.773813   21.528143   -0.643    0.426  1
RGI60-08.02506     0.05803   70.193755   22.065925   -0.449    0.445  1
RGI60-08.01886     0.05769   68.584870   18.360453   -0.211    0.231  1
RGI60-08.01048     0.05768   61.565240    6.593770   -0.312    0.329  1
RGI60-08.01837     0.05765   62.136015    7.259361   -0.651    0.583  1
RGI60-08.02288     0.05762   67.751560   16.234717   -0.035    0.220  1
RGI60-08.01742     0.05761   60.637124    7.608028   -0.325    0.281  1
RGI60-08.03339     0.05760   59.747910    7.017006   -0.147    0.234  1
RGI60-08.03126     0.05760   59.837212    7.086884   -0.410    0.334  1
RGI60-08.03118     0.05760   59.872909    7.057115   -0.152    0.259  1
RGI60-08.03030     0.05760   61.472105    7.936443   -0.148    0.408  1
RGI60-08.02612     0.05760   68.545463   15.616186   -0.712    0.414  1
RGI60-08.00703     0.05760   60.044361    6.939621   -0.322    0.269  1
RGI60-08.00326     0.05759   66.489954   14.809267   -0.157    0.414  1
RGI60-08.03376     0.05757   69.304525   18.460307   -1.187    0.753  1
RGI60-08.01944     0.05718   68.764221   18.364329   -0.165    0.316  1
RGI60-08.01199     0.05707   61.804878    7.440928   -0.049    0.226  1
RGI60-08.00717     0.05697   62.524195    8.335228   -1.874    0.987  1
RGI60-08.00200     0.05695   68.257150   18.712496   -0.344    0.282  1
RGI60-08.02807     0.05686   62.440078    7.626750   -0.781    0.529  1
RGI60-08.02277     0.05679   67.571971   16.363538    0.038    0.237  1
RGI60-08.00674     0.05679   65.222841   13.689652    0.000    0.232  1
RGI60-08.03269     0.05671   59.786744    7.102876   -0.246    0.237  1
RGI60-08.03079     0.05670   69.096015   17.879346   -0.500    0.391  1
RGI60-08.02919     0.05670   60.357410    6.972307   -0.285    0.300  1
RGI60-08.03120     0.05670   59.920595    7.035332   -0.335    0.301  1
RGI60-08.01799     0.05667   69.368954   19.737228   -1.439    0.834  1
RGI60-08.02939     0.05634   60.177089    6.921228   -0.166    0.253  1
RGI60-08.02502     0.05616   70.199151   22.070788   -0.371    0.611  1
RGI60-08.01268     0.05603   68.584416   17.139549   -0.195    0.364  1
RGI60-08.02088     0.05603   68.151251   17.197340    0.063    0.251  1
RGI60-08.02725     0.05590   62.235397    6.435646   -0.297    0.599  1
RGI60-08.01846     0.05580   60.646038    7.139778   -0.164    0.242  1
RGI60-08.03415     0.05580   66.729342   15.202768   -0.019    0.257  1
RGI60-08.01663     0.05580   62.443389    8.764410    0.149    0.334  1
RGI60-08.03098     0.05580   59.916619    7.140966   -0.497    0.349  1
RGI60-08.01684     0.05579   60.699341    7.141389   -0.120    0.325  1
RGI60-08.00688     0.05579   60.045519    6.964496   -0.119    0.214  1
RGI60-08.00606     0.05573   69.644734   20.559124    0.064    0.666  1
RGI60-08.01936     0.05558   68.688878   18.498800   -0.260    0.368  1
RGI60-08.02808     0.05551   62.392661    7.640748   -0.393    0.323  1
RGI60-08.02745     0.05523   61.903556    6.899201   -0.779    0.558  1
RGI60-08.02670     0.05522   61.805100    5.766584   -0.253    0.374  1
RGI60-08.02227     0.05515   65.935039   14.214975   -0.032    0.306  1
RGI60-08.01682     0.05491   60.629464    6.806013   -0.213    0.249  1
RGI60-08.03283     0.05490   61.764616    8.698823   -0.430    0.457  1
RGI60-08.00367     0.05490   62.713846    8.241152   -0.396    0.282  1
RGI60-08.01652     0.05490   66.838433   13.921103   -0.291    0.288  1
RGI60-08.00687     0.05490   60.031524    6.927653   -0.249    0.264  1
RGI60-08.02545     0.05484   70.119716   20.643395    0.069    0.235  1
RGI60-08.03106     0.05482   59.908952    7.158132   -0.260    0.258  1
RGI60-08.03145     0.05438   65.362966   13.058142   -0.233    0.278  1
RGI60-08.00528     0.05438   61.953534    7.198764   -0.456    0.304  1
RGI60-08.00643     0.05436   65.306040   13.753720   -0.030    0.182  1
RGI60-08.01017     0.05401   68.097386   17.995589   -0.012    0.195  1
RGI60-08.02914     0.05400   60.099853    6.680042    0.003    0.393  1
RGI60-08.02951     0.05400   60.130882    6.878601   -0.167    0.247  1
RGI60-08.01717     0.05400   60.635912    7.262681   -0.132    0.281  1
RGI60-08.02824     0.05399   62.555404    8.068135   -0.503    0.310  1
RGI60-08.00750     0.05395   69.145066   20.207916   -1.398    0.762  1
RGI60-08.00403     0.05394   69.644905   20.764257    0.086    0.232  1
RGI60-08.00111     0.05377   67.396220   17.823840    0.041    0.323  1
RGI60-08.02812     0.05363   62.436685    7.630743   -0.153    0.302  1
RGI60-08.03132     0.05357   65.443770   13.167670   -0.276    0.299  1
RGI60-08.02519     0.05320   69.937216   21.468345    0.048    0.418  1
RGI60-08.03096     0.05310   59.868765    7.065374   -0.501    0.309  1
RGI60-08.02871     0.05310   62.545215    8.653026   -0.302    0.299  1
RGI60-08.01822     0.05310   59.775695    6.634548   -0.097    0.258  1
RGI60-08.02183     0.05307   69.478069   19.357023   -0.151    0.305  1
RGI60-08.03223     0.05284   62.313603    6.351178   -0.978    0.622  1
RGI60-08.01890     0.05279   68.582798   18.299879   -0.122    0.220  1
RGI60-08.01834     0.05278   62.139058    7.253252   -1.279    0.911  1
RGI60-08.02806     0.05278   62.377012    7.707611   -0.359    0.337  1
RGI60-08.02276     0.05275   67.572080   16.391219   -0.124    0.266  1
RGI60-08.02266     0.05274   67.638508   16.146362    0.191    0.229  1
RGI60-08.00679     0.05273   65.140381   14.090832    0.104    0.291  1
RGI60-08.03244     0.05226   69.721089   18.466493    0.188    0.525  1
RGI60-08.00697     0.05221   60.016489    6.905631   -0.416    0.317  1
RGI60-08.03337     0.05220   66.985622   14.344209   -0.053    0.241  1
RGI60-08.02915     0.05220   60.375053    6.897682   -0.185    0.283  1
RGI60-08.00825     0.05220   61.797305    8.024744   -0.268    0.271  1
RGI60-08.01467     0.05220   66.725240   14.282946   -0.306    0.323  1
RGI60-08.01681     0.05219   60.634178    7.018307   -0.626    0.529  1
RGI60-08.02875     0.05219   62.564882    8.641771    0.113    0.299  1
RGI60-08.02168     0.05217   69.705968   19.513043   -0.089    0.221  1
RGI60-08.01094     0.05198   61.741433    6.894772   -0.580    0.407  1
RGI60-08.02588     0.05195   69.717976   20.151753   -0.561    0.566  1
RGI60-08.02299     0.05193   67.778627   15.872737   -0.213    0.381  1
RGI60-08.02616     0.05193   68.526407   15.472834    0.004    0.514  1
RGI60-08.03385     0.05192   65.491090   13.913782    0.121    0.195  1
RGI60-08.03390     0.05191   66.370648   13.793900    0.012    0.193  1
RGI60-08.02246     0.05163   66.066610   14.142279   -0.064    0.204  1
RGI60-08.02613     0.05150   68.525672   15.461281   -0.908    1.068  1
RGI60-08.02022     0.05142   61.322569    6.523806    0.227    0.468  1
RGI60-08.00369     0.05131   59.804308    6.567532   -0.144    0.276  1
RGI60-08.00707     0.05131   60.013045    6.889470   -0.571    0.404  1
RGI60-08.02828     0.05130   62.667594    8.278149   -0.855    0.657  1
RGI60-08.01548     0.05130   66.859734   14.564348    0.081    0.279  1
RGI60-08.02352     0.05130   67.339212   16.071953    0.012    0.190  1
RGI60-08.01661     0.05130   62.456351    8.743529   -0.158    0.327  1
RGI60-08.03091     0.05130   59.859709    7.020490   -0.593    0.423  1
RGI60-08.00686     0.05130   60.018884    7.056111   -0.370    0.305  1
RGI60-08.01545     0.05130   66.856078   14.565529    0.167    0.230  1
RGI60-08.02310     0.05130   67.473691   15.086803    0.196    0.341  1
RGI60-08.03250     0.05130   59.747140    6.869160   -0.161    0.233  1
RGI60-08.01740     0.05130   60.677848    7.522484   -0.030    0.297  1
RGI60-08.02726     0.05118   62.030274    6.263823   -0.958    0.715  1
RGI60-08.02119     0.05117   68.228483   17.558868   -0.308    0.343  1
RGI60-08.01838     0.05116   62.195909    7.268397   -0.753    0.565  1
RGI60-08.01404     0.05114   68.091100   16.969082   -0.210    0.311  1
RGI60-08.03157     0.05114   65.500045   13.170685   -0.040    0.349  1
RGI60-08.01345     0.05113   62.127930    6.798112   -0.564    0.560  1
RGI60-08.00661     0.05112   65.179627   13.720844    0.469    0.410  1
RGI60-08.00662     0.05111   65.202264   13.696946    0.088    0.273  1
RGI60-08.02248     0.05110   66.078065   14.082462   -0.255    0.314  1
RGI60-08.03162     0.05107   68.056202   17.188767   -0.056    0.206  1
RGI60-08.01470     0.05066   66.638240   14.453180    0.040    0.279  1
RGI60-08.00785     0.05063   61.293395    6.798070   -0.528    0.365  1
RGI60-08.01727     0.05058   60.715086    7.469775   -0.092    0.213  1
RGI60-08.03295     0.05053   66.994856   14.329953   -0.004    0.209  1
RGI60-08.03301     0.05053   59.526782    6.856389   -0.318    0.295  1
RGI60-08.00727     0.05040   62.577473    8.224967   -0.504    0.629  1
RGI60-08.01664     0.05040   62.459240    8.761076   -0.077    0.288  1
RGI60-08.03377     0.05040   67.007890   14.321129   -0.651    0.423  1
RGI60-08.01518     0.05039   66.790359   14.552516    0.079    0.261  1
RGI60-08.02954     0.05039   59.928409    6.753479   -0.311    0.381  1
RGI60-08.02197     0.05037   69.484675   19.339488   -0.587    0.443  1
RGI60-08.01869     0.05036   68.579742   18.413095   -0.107    0.218  1
RGI60-08.02466     0.05034   68.413014   17.568117    0.008    0.222  1
RGI60-08.02629     0.05034   67.976546   16.879636   -0.031    0.297  1
RGI60-08.02072     0.05033   68.108148   17.146526   -0.082    0.215  1
RGI60-08.03131     0.05032   65.482211   13.177602   -0.311    0.438  1
RGI60-08.02496     0.04994   70.248152   21.937640   -0.162    0.658  1
RGI60-08.00774     0.04991   62.365360    7.498812   -1.083    0.538  1
RGI60-08.02782     0.04983   62.169384    7.091036   -0.521    0.369  1
RGI60-08.01476     0.04965   66.747823   14.423268   -0.376    0.320  1
RGI60-08.00493     0.04959   61.823571    6.897524   -0.904    0.677  1
RGI60-08.03341     0.04958   62.480709    7.244161    0.278    0.491  1
RGI60-08.02696     0.04953   62.113101    6.664413   -0.714    0.416  1
RGI60-08.02825     0.04950   62.557546    8.080149   -1.135    0.756  1
RGI60-08.00614     0.04943   69.625097   20.844722   -0.687    0.560  1
RGI60-08.01639     0.04943   66.777894   13.885841   -0.363    0.395  1
RGI60-08.02265     0.04941   67.629780   16.222478   -0.252    0.389  1
RGI60-08.02606     0.04895   68.145224   17.718191   -0.299    0.401  1
RGI60-08.03122     0.04887   59.929697    7.186853   -0.308    0.305  1
RGI60-08.00491     0.04874   61.814115    6.882064   -0.463    0.344  1
RGI60-08.00789     0.04873   61.327506    6.841964    0.208    0.430  1
RGI60-08.02446     0.04873   68.269310   17.700422   -0.656    0.442  1
RGI60-08.02311     0.04867   67.837238   15.743755   -0.129    0.287  1
RGI60-08.02694     0.04861   62.080331    6.557827   -1.203    0.803  1
RGI60-08.00988     0.04859   61.533474    8.420638   -0.199    0.343  1
RGI60-08.02913     0.04856   60.033251    6.768252   -0.126    0.238  1
RGI60-08.01992     0.04844   61.400993    6.626849   -0.429    0.285  1
RGI60-08.01037     0.04833   68.099510   17.990602   -0.027    0.200  1
RGI60-08.02801     0.04797   62.418477    7.798507   -0.266    0.451  1
RGI60-08.02026     0.04796   61.385888    6.455161   -0.344    0.352  1
RGI60-08.02715     0.04793   62.152426    6.675034   -0.453    0.354  1
RGI60-08.03372     0.04785   69.336025   18.418614   -0.335    0.663  1
RGI60-08.01967     0.04771   62.525367    8.112950   -0.476    0.558  1
RGI60-08.02860     0.04770   62.663728    8.899763   -1.142    0.713  1
RGI60-08.02394     0.04770   67.192794   16.319448    0.166    0.373  1
RGI60-08.03351     0.04770   62.319595    8.383247   -0.254    0.298  1
RGI60-08.01860     0.04769   66.495521   13.483712   -0.252    0.324  1
RGI60-08.02192     0.04768   69.456989   19.319502   -0.456    0.415  1
RGI60-08.02518     0.04763   69.936923   21.433594    0.075    0.324  1
RGI60-08.03313     0.04743   68.574948   18.090207   -0.723    0.494  1
RGI60-08.02486     0.04743   70.234915   22.014190   -0.487    0.617  1
RGI60-08.00923     0.04714   62.191166    7.735744    0.256    0.396  1
RGI60-08.03226     0.04708   62.311630    6.558614   -0.423    0.550  1
RGI60-08.02893     0.04680   62.641875    9.196737   -0.513    0.466  1
RGI60-08.01975     0.04680   62.398862    8.213244   -0.465    0.511  1
RGI60-08.02858     0.04680   62.650072    9.052116   -0.887    0.599  1
RGI60-08.01765     0.04674   60.628714    7.566503   -0.354    0.299  1
RGI60-08.00626     0.04673   69.644250   20.810241   -0.332    0.389  1
RGI60-08.02626     0.04652   67.977855   16.864378   -0.115    0.268  1
RGI60-08.02708     0.04633   62.124250    6.486796   -0.570    0.429  1
RGI60-08.02721     0.04632   62.107244    6.808342   -0.618    0.626  1
RGI60-08.03406     0.04629   62.350593    7.214488   -0.747    0.548  1
RGI60-08.00509     0.04629   62.061729    7.168585   -0.261    0.248  1
RGI60-08.02480     0.04616   70.430437   23.092898   -0.752    0.542  1
RGI60-08.02509     0.04610   70.185821   22.120413   -0.555    0.550  1
RGI60-08.02077     0.04608   68.075398   17.200082   -0.081    0.250  1
RGI60-08.03240     0.04605   69.675160   18.417261   -0.890    0.543  1
RGI60-08.01602     0.04590   66.891844   13.962424   -0.235    0.253  1
RGI60-08.02351     0.04589   67.301874   15.949446   -0.224    0.321  1
RGI60-08.01368     0.04589   67.410119   15.907530   -0.029    0.228  1
RGI60-08.01018     0.04588   68.129881   17.860724   -0.141    0.220  1
RGI60-08.03254     0.04588   69.351562   19.478403   -0.137    0.378  1
RGI60-08.00641     0.04572   65.297673   13.875225   -0.008    0.343  1
RGI60-08.01028     0.04548   68.121780   17.858593   -0.403    0.442  1
RGI60-08.02980     0.04501   60.932694    7.036550   -0.094    0.364  1
RGI60-08.02885     0.04500   62.456319    9.194933   -0.275    0.296  1
RGI60-08.02169     0.04496   69.605112   19.667401   -0.516    0.617  1
RGI60-08.00892     0.04466   62.246596    7.747825   -0.449    0.345  1
RGI60-08.02279     0.04464   67.565729   16.311872   -0.062    0.479  1
RGI60-08.00777     0.04462   62.398862    7.454439   -2.052    1.412  1
RGI60-08.01353     0.04462   62.234071    6.689809   -0.265    0.344  1
RGI60-08.00616     0.04446   69.438791   20.712558   -0.120    0.348  1
RGI60-08.02903     0.04410   62.372981    9.399482   -0.345    0.406  1
RGI60-08.02892     0.04410   62.619043    9.129829    0.056    0.382  1
RGI60-08.00711     0.04410   62.537665    8.302733   -0.470    0.494  1
RGI60-08.02320     0.04410   66.719338   15.257815   -0.639    0.598  1
RGI60-08.01307     0.04409   66.966733   14.529705   -0.167    0.232  1
RGI60-08.03400     0.04402   67.010196   14.326419   -0.062    0.264  1
RGI60-08.01840     0.04390   62.195399    7.202323   -0.533    0.629  1
RGI60-08.01824     0.04389   61.834902    6.749515   -0.182    0.538  1
RGI60-08.02475     0.04387   70.454964   23.053152   -0.231    0.264  1
RGI60-08.01079     0.04386   61.649283    6.776619   -0.269    0.432  1
RGI60-08.03032     0.04320   61.464411    7.921731   -0.083    0.411  1
RGI60-08.03165     0.04317   69.134320   19.519355   -0.663    0.746  1
RGI60-08.01363     0.04312   62.255961    6.633674   -1.018    0.797  1
RGI60-08.00893     0.04306   62.290062    7.531046   -0.791    0.639  1
RGI60-08.02831     0.04304   62.689978    8.335107   -1.482    0.892  1
RGI60-08.03246     0.04286   69.640550   18.292071   -0.925    0.879  1
RGI60-08.01829     0.04240   62.177956    7.208354   -0.452    0.401  1
RGI60-08.01334     0.04230   61.516735    7.901791   -0.265    0.374  1
RGI60-08.01317     0.04230   66.985791   14.511917   -0.485    0.519  1
RGI60-08.00371     0.04230   66.737181   14.403193   -0.206    0.333  1
RGI60-08.00965     0.04229   61.548033    8.382002   -0.854    0.659  1
RGI60-08.01958     0.04229   62.490387    8.039783   -0.594    0.507  1
RGI60-08.02378     0.04229   67.328668   16.158298   -0.189    0.240  1
RGI60-08.02196     0.04228   69.460604   19.368502   -0.242    0.404  1
RGI60-08.03399     0.04228   69.398208   19.331505   -0.563    0.459  1
RGI60-08.02842     0.04224   62.627380    7.884750   -0.615    0.442  1
RGI60-08.01359     0.04224   62.272001    6.562146   -0.738    0.610  1
RGI60-08.02522     0.04224   69.913704   21.525709   -0.493    0.472  1
RGI60-08.00337     0.04223   61.612285    6.324874   -0.262    0.395  1
RGI60-08.02419     0.04223   68.296264   17.775344   -0.422    0.467  1
RGI60-08.00780     0.04221   61.302921    6.816108   -0.682    0.456  1
RGI60-08.02127     0.04218   68.331108   17.387137   -0.177    0.509  1
RGI60-08.02454     0.04206   68.302216   17.821837   -0.206    0.336  1
RGI60-08.01761     0.04169   60.604984    7.814930   -0.501    0.532  1
RGI60-08.01159     0.04148   61.650003    7.459187   -0.132    0.394  1
RGI60-08.03000     0.04147   61.372043    6.953210   -0.504    0.494  1
RGI60-08.02752     0.04144   61.847815    7.101931   -0.215    0.421  1
RGI60-08.01547     0.04141   66.829050   14.522758   -0.389    0.535  1
RGI60-08.00728     0.04140   62.476204    8.338271    0.031    0.315  1
RGI60-08.03318     0.04140   62.897328    9.362246   -0.013    0.344  1
RGI60-08.02042     0.04140   62.319672    8.812988   -0.312    0.400  1
RGI60-08.02859     0.04140   62.597087    8.589744   -0.490    0.420  1
RGI60-08.00948     0.04119   69.739880   21.475645   -0.865    0.786  1
RGI60-08.02902     0.04064   62.316581    9.229778   -1.365    0.944  1
RGI60-08.00890     0.04062   62.253257    7.547488   -0.615    0.522  1
RGI60-08.02435     0.04061   68.271321   17.679059   -0.210    0.450  1
RGI60-08.03352     0.04060   68.008370   17.791562    0.109    0.324  1
RGI60-08.02120     0.04060   68.325367   17.396245    0.065    0.470  1
RGI60-08.00719     0.04050   62.492638    8.400850    0.169    0.386  1
RGI60-08.02851     0.04050   62.670591    8.899217   -0.334    0.483  1
RGI60-08.01218     0.04043   61.738001    7.634928   -0.008    0.269  1
RGI60-08.02516     0.03999   69.935650   21.413119   -0.658    0.491  1
RGI60-08.01196     0.03984   61.853299    7.375889   -0.105    0.226  1
RGI60-08.02717     0.03983   62.170823    6.488037    0.001    0.440  1
RGI60-08.00942     0.03980   69.692849   21.503887   -0.042    0.329  1
RGI60-08.02058     0.03973   68.345202   14.887368    0.062    0.741  1
RGI60-08.02669     0.03962   61.746100    5.723965   -0.304    0.347  1
RGI60-08.03249     0.03960   62.317864    8.350711   -0.039    0.288  1
RGI60-08.03272     0.03960   62.313531    8.406772   -0.246    0.350  1
RGI60-08.00586     0.03955   69.674137   20.688027   -0.352    0.453  1
RGI60-08.01392     0.03904   68.116080   16.840341    0.040    0.208  1
RGI60-08.03297     0.03902   61.956569    6.731826   -0.530    0.569  1
RGI60-08.02887     0.03870   62.768997    9.347795   -0.210    0.357  1
RGI60-08.02425     0.03870   68.318037   17.716031    0.020    0.358  1
RGI60-08.02874     0.03870   62.673531    8.899332   -0.884    0.768  1
RGI60-08.00722     0.03869   62.531819    8.262536   -0.168    0.625  1
RGI60-08.03252     0.03827   61.468304    6.327122   -0.570    0.552  1
RGI60-08.01364     0.03817   62.264903    6.569732   -1.496    1.168  1
RGI60-08.01995     0.03813   61.374027    6.611091   -0.043    0.349  1
RGI60-08.00928     0.03812   69.762236   21.543123   -0.206    0.264  1
RGI60-08.01306     0.03803   66.991291   14.496177   -0.441    0.529  1
RGI60-08.03323     0.03780   62.317907    8.406620   -0.197    0.429  1
RGI60-08.01793     0.03776   69.388623   19.895367   -1.181    0.790  1
RGI60-08.00618     0.03775   69.670471   20.906844   -0.098    0.270  1
RGI60-08.02549     0.03753   70.113401   19.892934   -0.776    0.654  1
RGI60-08.03255     0.03750   62.459241    7.393163    0.293    0.632  1
RGI60-08.01898     0.03737   68.690635   18.297031    0.202    0.434  1
RGI60-08.02803     0.03736   62.422301    7.746395   -1.207    0.882  1
RGI60-08.02676     0.03733   61.780393    5.887713    0.085    0.329  1
RGI60-08.00412     0.03730   61.658737    6.604721    0.294    0.545  1
RGI60-08.02442     0.03724   68.284301   17.897723    0.414    0.645  1
RGI60-08.02844     0.03691   62.645995    8.238993   -1.079    0.927  1
RGI60-08.00715     0.03690   62.530255    8.245132   -0.404    0.366  1
RGI60-08.00714     0.03690   62.514614    8.252065   -0.375    0.326  1
RGI60-08.02327     0.03689   66.727955   15.236970   -0.023    0.251  1
RGI60-08.02521     0.03684   69.967621   21.395246   -0.560    0.648  1
RGI60-08.02432     0.03655   68.266927   17.773005   -0.171    0.347  1
RGI60-08.02179     0.03640   69.801853   19.679134   -0.884    0.738  1
RGI60-08.01981     0.03600   62.536089    8.023448   -0.795    0.583  1
RGI60-08.00504     0.03574   62.053966    7.118532   -1.066    0.789  1
RGI60-08.01033     0.03573   68.148935   17.807857   -0.037    0.228  1
RGI60-08.00911     0.03571   62.308510    7.788146   -0.206    0.480  1
RGI60-08.00390     0.03510   66.853912   15.564339    0.027    0.268  1
RGI60-08.02886     0.03510   62.785496    9.049547   -1.808    1.314  1
RGI60-08.01515     0.03509   66.645918   14.632126    0.069    0.242  1
RGI60-08.02542     0.03506   70.125075   20.662656   -0.058    0.416  1
RGI60-08.03366     0.03498   67.013559   14.330567   -1.179    0.908  1
RGI60-08.02822     0.03496   62.588549    8.068695   -0.666    0.645  1
RGI60-08.00517     0.03441   61.963242    7.093116   -0.435    0.356  1
RGI60-08.03294     0.03419   62.303770    8.406442    0.260    0.515  1
RGI60-08.02172     0.03419   69.588636   19.390600   -0.069    0.376  1
RGI60-08.01070     0.03418   61.766104    6.747348   -0.126    0.321  1
RGI60-08.02210     0.03417   69.292747   19.648181   -0.197    0.299  1
RGI60-08.00597     0.03417   69.828173   20.678343   -0.114    0.249  1
RGI60-08.02528     0.03415   69.934549   21.482643   -0.097    0.312  1
RGI60-08.01140     0.03409   61.569829    7.371618   -0.131    0.290  1
RGI60-08.01831     0.03406   62.178760    7.282226   -0.204    0.430  1
RGI60-08.02832     0.03330   62.575377    8.064037   -0.227    0.309  1
RGI60-08.00288     0.03330   66.705267   13.897539    0.144    0.527  1
RGI60-08.03277     0.03330   62.327924    8.337128   -0.121    0.237  1
RGI60-08.01358     0.03329   62.252566    6.638443   -0.592    0.643  1
RGI60-08.02719     0.03329   62.077893    6.662514   -0.654    0.484  1
RGI60-08.03224     0.03328   62.312076    6.346240   -0.659    0.594  1
RGI60-08.00946     0.03308   69.711515   21.502732    0.067    0.299  1
RGI60-08.02536     0.03248   70.157448   20.703258   -0.344    0.651  1
RGI60-08.02815     0.03246   62.396127    7.665532   -0.304    0.332  1
RGI60-08.00665     0.03245   65.239371   13.762205   -0.151    0.409  1
RGI60-08.01763     0.03243   60.622577    7.743363   -0.090    0.348  1
RGI60-08.01604     0.03240   66.781698   13.879737   -0.093    0.550  1
RGI60-08.02056     0.03163   68.315528   14.815461   -0.264    0.414  1
RGI60-08.02872     0.03150   62.717752    8.654738   -0.694    0.684  1
RGI60-08.02862     0.03150   62.598283    8.580254   -0.176    0.257  1
RGI60-08.02849     0.03140   62.628121    8.642896    0.656    0.787  1
RGI60-08.02823     0.03086   62.626211    8.056646   -0.789    0.711  1
RGI60-08.01988     0.03082   61.374291    6.664350    0.277    0.543  1
RGI60-08.01973     0.03060   62.428905    8.146622   -0.273    0.472  1
RGI60-08.02819     0.03059   62.721678    8.229804   -0.158    0.362  1
RGI60-08.03243     0.03059   69.724208   18.429148   -0.075    0.306  1
RGI60-08.03314     0.03004   68.004691   17.794573    0.096    0.364  1
RGI60-08.00561     0.03001   62.073614    8.113111    0.163    0.314  1
RGI60-08.01622     0.02970   66.854337   13.992927    0.030    0.330  1
RGI60-08.02861     0.02970   62.678531    8.889268   -1.093    0.868  1
RGI60-08.02713     0.02921   62.125340    6.691776   -1.308    1.088  1
RGI60-08.02665     0.02919   61.729060    5.326538   -0.523    0.927  1
RGI60-08.01804     0.02877   69.410056   19.869585   -0.590    0.699  1
RGI60-08.02490     0.02870   70.218445   22.009384   -0.796    0.798  1
RGI60-08.02304     0.02840   67.779447   15.702833   -0.224    0.435  1
RGI60-08.02856     0.02827   62.679181    8.905384   -0.810    0.697  1
RGI60-08.02335     0.02793   66.728711   15.232134   -0.003    0.241  1
RGI60-08.01956     0.02791   62.535171    8.106414   -0.742    0.646  1
RGI60-08.02864     0.02790   62.702202    8.639229   -0.295    0.317  1
RGI60-08.02891     0.02790   62.621231    9.237917   -0.369    0.415  1
RGI60-08.00534     0.02764   61.983560    6.890543   -0.674    0.720  1
RGI60-08.01346     0.02764   62.167957    6.858824   -0.368    0.457  1
RGI60-08.03245     0.02741   69.728441   18.420947    0.844    0.937  1
RGI60-08.02865     0.02728   62.686367    8.740412    0.995    1.006  1
RGI60-08.01676     0.02707   60.523080    7.066423   -0.260    0.292  1
RGI60-08.02820     0.02700   62.731614    8.213966   -0.472    0.602  1
RGI60-08.02338     0.02700   66.855417   15.557560    0.066    0.236  1
RGI60-08.02561     0.02697   69.781436   20.266944   -0.516    0.686  1
RGI60-08.02652     0.02681   61.751130    5.837761   -0.431    0.520  1
RGI60-08.00935     0.02645   69.680987   21.597968   -0.446    0.429  1
RGI60-08.01968     0.02610   62.512257    8.103283   -1.307    1.042  1
RGI60-08.00712     0.02610   62.606087    8.421190   -0.291    0.392  1
RGI60-08.02081     0.02599   68.121494   17.264629   -0.320    0.486  1
RGI60-08.02456     0.02583   68.266755   17.763137   -0.323    0.393  1
RGI60-08.00744     0.02558   69.300240   20.064428   -0.805    0.878  1
RGI60-08.01442     0.02550   66.704812   14.469747   -0.061    0.311  1
RGI60-08.00388     0.02519   69.530272   19.937150   -0.103    0.494  1
RGI60-08.02405     0.02518   68.557008   19.353423    0.388    0.478  1
RGI60-08.03379     0.02517   68.020329   17.735804   -0.078    0.269  1
RGI60-08.01252     0.02497   70.101509   21.720403   -0.490    0.605  1
RGI60-08.01503     0.02488   66.777160   14.517082   -0.023    0.228  1
RGI60-08.02855     0.02431   62.685963    8.591426   -1.029    0.784  1
RGI60-08.01589     0.02430   66.553941   14.214222    0.008    0.309  1
RGI60-08.03033     0.02430   61.456308    7.788312   -0.376    0.706  1
RGI60-08.02431     0.02355   68.323284   17.705376   -0.744    0.691  1
RGI60-08.02709     0.02354   62.070336    6.614779   -0.535    0.667  1
RGI60-08.01561     0.02340   66.561906   13.715800   -0.064    0.685  1
RGI60-08.03324     0.02340   62.311787    8.337696   -0.142    0.315  1
RGI60-08.03382     0.02340   62.326540    8.340823   -0.242    0.347  1
RGI60-08.02167     0.02281   69.840835   19.255322   -1.106    0.946  1
RGI60-08.01603     0.02249   66.817979   14.045239   -0.369    0.464  1
RGI60-08.01625     0.02182   66.611380   14.095957   -0.375    0.464  1
RGI60-08.02818     0.02161   62.582056    8.090398   -1.011    0.776  1
RGI60-08.00936     0.02121   69.772787   21.510250    0.115    0.274  1
RGI60-08.02472     0.02121   70.431399   23.108846    0.001    0.353  1
RGI60-08.03389     0.02118   62.490250    7.235967   -0.312    0.682  1
RGI60-08.03271     0.02110   68.304062   16.977976   -0.232    0.551  1
RGI60-08.02469     0.02077   68.380440   17.870887   -0.270    0.613  1
RGI60-08.01654     0.02070   66.780307   13.866970   -0.596    0.533  1
RGI60-08.01833     0.02035   62.192956    7.276615   -0.598    0.736  1
RGI60-08.00914     0.02026   62.237561    7.543457   -0.152    0.756  1
RGI60-08.00723     0.01980   62.565859    8.252140   -0.263    0.349  1
RGI60-08.02418     0.01904   68.247130   17.728620    0.218    0.770  1
RGI60-08.01633     0.01900   66.856439   13.918778    0.144    0.755  1
RGI60-08.03384     0.01896   61.971157    6.800271   -0.485    0.645  1
RGI60-08.01535     0.01800   66.621844   14.316490    0.023    0.324  1
RGI60-08.02863     0.01800   62.625760    8.580748   -1.949    1.640  1
RGI60-08.02565     0.01799   69.768289   20.160183   -0.854    0.963  1
RGI60-08.02523     0.01779   69.942665   21.460350   -0.474    0.775  1
RGI60-08.02494     0.01747   70.249002   21.990538   -1.361    1.494  1
RGI60-08.00410     0.01542   62.253591    7.541830   -0.512    0.658  1
RGI60-08.01959     0.01440   62.507448    8.001506   -0.135    0.357  1
RGI60-08.02836     0.01440   62.644795    8.228815    0.096    0.480  1
RGI60-08.03350     0.01350   62.865727    8.899833   -0.711    0.887  1
RGI60-08.01825     0.01300   62.172879    7.225176   -1.415    1.646  1
RGI60-08.02530     0.01259   69.954801   21.453709   -0.408    0.474  1
RGI60-08.02400     0.01080   67.186118   16.250449   -0.072    0.267  1
RGI60-08.03344     0.03690   67.000937   14.316822   -0.565    0.163  2
RGI60-08.00001     0.02982   67.929995   33.830000   -0.565    0.163  2
RGI60-08.00002     0.02982   67.869995   33.500000   -0.565    0.163  2
RGI60-08.02857     0.02609   62.586310    8.647998   -0.565    0.163  2
RGI60-08.03012     0.02596   61.468171    6.819841   -0.565    0.163  2
RGI60-08.00801     0.02304   61.734485    7.975610   -0.565    0.163  2
RGI60-08.00004     0.01988   67.829995   33.770000   -0.565    0.163  2
RGI60-08.00003     0.01988   67.819995   33.750000   -0.565    0.163  2
RGI60-08.02515     0.01967   70.199183   21.558405   -0.565    0.163  2
RGI60-08.00949     0.01918   69.735792   21.437966   -0.565    0.163  2
RGI60-08.03328     0.01657   67.009694   14.316687   -0.565    0.163  2
RGI60-08.01446     0.01530   66.633691   14.321089   -0.565    0.163  2
RGI60-08.03310     0.01505   68.043286   17.679738   -0.565    0.163  2
RGI60-08.03225     0.01383   62.320273    6.479651   -0.565    0.163  2
RGI60-08.03345     0.01350   62.861145    8.893364   -0.565    0.163  2
RGI60-08.01454     0.01260   66.652677   14.365408   -0.565    0.163  2
RGI60-08.03023     0.01260   61.398045    7.898841   -0.565    0.163  2
RGI60-08.00370     0.01170   62.551896    8.651733   -0.565    0.163  2
RGI60-08.03253     0.01080   62.858086    8.923868   -0.565    0.163  2
RGI60-08.00945     0.01061   69.776341   21.521617   -0.565    0.163  2
RGI60-08.02491     0.01032   70.249322   21.949834   -0.565    0.163  2
RGI60-08.02125     0.00974   68.300310   17.410196   -0.565    0.163  2
