Glacier-specific geodetic mass balance (m w.e. a-1) 2000_2020/ according to Hugonnet et al. (2021)
ID=1: measured, ID=2: regional mean
RGI-ID  Area  lat  lon  B  errB  ID
RGI60-10.02000    37.29671   49.143799   87.873096   -0.507    0.120  1
RGI60-10.04181    33.69442   57.841816  160.563481   -0.821    0.121  1
RGI60-10.04024    33.46229   56.110623  160.600648   -0.302    0.084  1
RGI60-10.01997    23.93824   49.107229   87.802159   -0.585    0.135  1
RGI60-10.03999    23.59343   56.041388  160.535863   -0.195    0.088  1
RGI60-10.03529    18.05561   58.217303  160.934881   -0.697    0.131  1
RGI60-10.04017    17.93696   56.117417  160.453674   -0.344    0.095  1
RGI60-10.04132    17.16713   57.946460  160.679497   -0.564    0.127  1
RGI60-10.04146    17.00110   58.038256  160.739579   -0.725    0.122  1
RGI60-10.01111    16.66938   49.822453   86.646486   -0.311    0.143  1
RGI60-10.03553    15.75799   58.257934  160.896203   -0.173    0.108  1
RGI60-10.04266    15.29920   57.471480  160.412756   -0.737    0.133  1
RGI60-10.03545    15.13598   58.156489  160.848105   -0.647    0.129  1
RGI60-10.01836    14.70734   49.787077   87.760793   -0.273    0.120  1
RGI60-10.01840    14.18574   49.807743   87.696493   -0.365    0.123  1
RGI60-10.01106    13.70143   49.828290   86.561130   -0.334    0.149  1
RGI60-10.04406    13.55395   54.777857  161.709061   -1.807    0.204  1
RGI60-10.01120    13.22220   49.797462   86.515041   -0.154    0.131  1
RGI60-10.03541    11.65997   58.187280  160.908468   -0.265    0.127  1
RGI60-10.01115     9.78661   49.783264   86.581627    0.158    0.144  1
RGI60-10.04020     9.42097   56.127604  160.561002   -0.331    0.106  1
RGI60-10.01114     9.41867   49.783896   86.624033   -0.169    0.136  1
RGI60-10.01996     9.39997   49.097655   87.903644   -0.476    0.148  1
RGI60-10.01994     9.37824   49.159704   87.786194   -0.428    0.123  1
RGI60-10.04019     9.27504   56.089086  160.414887   -0.343    0.111  1
RGI60-10.01999     9.01815   49.080657   87.867269   -0.254    0.144  1
RGI60-10.03162     8.75787   65.229386  146.063470   -0.809    0.174  1
RGI60-10.05151     8.36313   50.072268   87.598699   -0.200    0.133  1
RGI60-10.04018     8.23251   56.137831  160.494174   -0.374    0.112  1
RGI60-10.04358     7.91843   54.833878  161.802940   -1.409    0.189  1
RGI60-10.03971     7.74068   56.694991  159.612703   -0.498    0.137  1
RGI60-10.04148     7.71922   58.064897  160.784799   -0.719    0.148  1
RGI60-10.01468     7.71382   49.084476   87.429012   -0.437    0.139  1
RGI60-10.01466     7.69727   49.110816   87.349539   -0.635    0.143  1
RGI60-10.01837     7.54342   49.824873   87.648524   -0.449    0.136  1
RGI60-10.01993     7.48195   49.084090   87.725346   -0.599    0.134  1
RGI60-10.01459     6.93101   49.119719   87.307585   -0.548    0.137  1
RGI60-10.03488     6.62642   55.679996  157.685556   -0.462    0.143  1
RGI60-10.01738     6.58856   50.034027   87.710573   -0.691    0.152  1
RGI60-10.03547     6.50180   58.149956  160.798156   -0.626    0.143  1
RGI60-10.02102     6.48795   48.958704   87.565141   -0.481    0.133  1
RGI60-10.04149     6.44377   58.040974  160.815337   -0.550    0.161  1
RGI60-10.04364     6.39355   54.816633  161.883503   -1.508    0.200  1
RGI60-10.03195     6.16868   65.170195  145.978486   -0.789    0.175  1
RGI60-10.01472     6.12235   49.122517   87.259286   -0.508    0.147  1
RGI60-10.03476     6.00614   55.707633  157.732203   -0.567    0.140  1
RGI60-10.01728     5.88431   50.057838   87.667809   -0.275    0.136  1
RGI60-10.01458     5.83240   49.105235   87.387208   -0.471    0.141  1
RGI60-10.01729     5.80176   50.111237   87.678558   -0.151    0.141  1
RGI60-10.01726     5.76204   50.074220   87.654575   -0.404    0.144  1
RGI60-10.03546     5.73987   58.208408  160.850364   -0.269    0.129  1
RGI60-10.02713     5.66948   48.609735   90.892645   -0.536    0.131  1
RGI60-10.01737     5.66348   50.080601   87.695988   -0.424    0.137  1
RGI60-10.02461     5.60871   49.734120   87.929651   -0.616    0.141  1
RGI60-10.03392     5.53986   62.072023  141.329368   -0.872    0.166  1
RGI60-10.01988     5.24785   49.182866   87.802277   -0.273    0.129  1
RGI60-10.04335     5.18431   54.835864  161.874372   -1.583    0.222  1
RGI60-10.01995     5.18283   49.071672   87.829598   -0.654    0.170  1
RGI60-10.01843     5.17677   49.770599   87.819771   -0.552    0.142  1
RGI60-10.03263     5.11750   62.581732  140.845715   -0.795    0.159  1
RGI60-10.02677     4.99382   48.691621   90.742806   -0.291    0.130  1
RGI60-10.01122     4.94525   49.793829   86.668942   -0.105    0.155  1
RGI60-10.04162     4.94412   57.929953  160.734417   -0.226    0.135  1
RGI60-10.02874     4.82706   49.569418   91.355826   -0.770    0.169  1
RGI60-10.03348     4.81298   62.394485  141.300695   -0.912    0.201  1
RGI60-10.02875     4.80728   49.551159   91.375031   -0.853    0.171  1
RGI60-10.04130     4.74902   57.905034  160.626606   -0.595    0.142  1
RGI60-10.01121     4.74609   49.806942   86.715695   -0.474    0.175  1
RGI60-10.03548     4.74042   58.228046  161.009551   -0.374    0.146  1
RGI60-10.02680     4.72286   48.679795   90.765347   -0.308    0.131  1
RGI60-10.03876     4.71332   53.601403  159.112338   -0.213    0.120  1
RGI60-10.03700     4.69331   58.588254  161.039381   -0.450    0.139  1
RGI60-10.03252     4.64385   62.615718  140.973428   -0.598    0.152  1
RGI60-10.01733     4.55428   50.043185   87.599268   -0.225    0.135  1
RGI60-10.03524     4.49416   58.202978  160.999584   -0.368    0.140  1
RGI60-10.04359     4.47187   54.813911  161.817915   -1.581    0.216  1
RGI60-10.01735     4.40841   50.058841   87.711143   -0.324    0.149  1
RGI60-10.04137     4.31875   58.086174  160.739923   -0.738    0.170  1
RGI60-10.01989     4.31005   49.078161   87.943042   -0.623    0.165  1
RGI60-10.01966     4.29660   49.047264   87.846556   -0.695    0.171  1
RGI60-10.02654     4.18338   48.655824   90.876382   -0.563    0.149  1
RGI60-10.01990     4.11053   49.186551   87.843574   -0.342    0.140  1
RGI60-10.04180     4.10955   57.868874  160.632976   -0.584    0.170  1
RGI60-10.01842     4.09085   49.826692   87.601335   -0.523    0.157  1
RGI60-10.04274     4.05540   57.361599  160.264279   -0.644    0.188  1
RGI60-10.03550     4.01030   58.177498  160.791768   -0.453    0.144  1
RGI60-10.01460     3.93481   49.105713   87.213135   -0.408    0.162  1
RGI60-10.03402     3.92760   62.059172  141.370155   -0.707    0.155  1
RGI60-10.02126     3.92265   48.961199   87.629892   -0.612    0.148  1
RGI60-10.03264     3.92147   62.588314  140.870648   -0.962    0.164  1
RGI60-10.02306     3.90039   50.267303   90.150457   -0.507    0.154  1
RGI60-10.03295     3.88673   62.728944  140.649373   -0.945    0.188  1
RGI60-10.04856     3.88102   61.538601  172.024786   -1.273    0.183  1
RGI60-10.01462     3.85560   49.104231   87.292009   -0.490    0.150  1
RGI60-10.02127     3.77927   48.981264   87.598834   -0.351    0.140  1
RGI60-10.02751     3.75428   46.903188   91.500228   -0.512    0.156  1
RGI60-10.03261     3.68759   62.598522  140.907996   -0.986    0.173  1
RGI60-10.01470     3.65945   49.093231   87.334025   -0.408    0.156  1
RGI60-10.04054     3.62293   55.844397  160.366464   -0.563    0.146  1
RGI60-10.03549     3.62160   58.228525  160.981913   -0.506    0.157  1
RGI60-10.04051     3.59805   55.870557  160.632597   -0.498    0.135  1
RGI60-10.01099     3.59662   49.784720   86.943365   -0.410    0.195  1
RGI60-10.04059     3.58512   55.825145  160.341427   -0.334    0.123  1
RGI60-10.01992     3.54217   49.178512   87.753503   -0.421    0.139  1
RGI60-10.04302     3.52387   58.006975  160.762715   -0.346    0.145  1
RGI60-10.02873     3.50902   49.559974   91.408942   -0.753    0.180  1
RGI60-10.03711     3.48676   58.574383  161.014885   -0.644    0.148  1
RGI60-10.01770     3.47845   49.905964   87.724205   -0.437    0.142  1
RGI60-10.04150     3.47809   58.019375  160.758269   -0.600    0.162  1
RGI60-10.04360     3.47096   54.804721  161.741422   -1.325    0.237  1
RGI60-10.00559     3.46835   75.860712  107.547080   -0.415    0.167  1
RGI60-10.03189     3.45544   65.188467  146.006654   -0.679    0.223  1
RGI60-10.03342     3.40521   62.405788  141.349936   -0.869    0.171  1
RGI60-10.02707     3.36198   48.623638   90.916104   -0.651    0.155  1
RGI60-10.03699     3.36044   58.597627  161.090695   -0.397    0.143  1
RGI60-10.01976     3.34539   49.179778   87.885269   -0.407    0.160  1
RGI60-10.00689     3.31412   49.083938   87.034186   -0.692    0.162  1
RGI60-10.03710     3.30554   58.557185  161.001777   -0.437    0.142  1
RGI60-10.02744     3.29180   46.900521   91.473483   -0.454    0.155  1
RGI60-10.02879     3.27816   49.695890   91.368707   -0.782    0.174  1
RGI60-10.01734     3.27411   50.100045   87.651684   -0.339    0.150  1
RGI60-10.00824     3.22965   49.866457   86.631681   -0.813    0.190  1
RGI60-10.02823     3.22857   49.698937   91.394611   -0.562    0.151  1
RGI60-10.00535     3.16247   75.885296  107.612226   -0.191    0.156  1
RGI60-10.04029     3.14351   56.623283  159.611442   -0.468    0.148  1
RGI60-10.03481     3.13568   55.681870  157.744318   -0.362    0.142  1
RGI60-10.01730     3.13443   50.095094   87.707037   -0.420    0.153  1
RGI60-10.01112     3.13020   49.837546   86.620767   -0.691    0.177  1
RGI60-10.03413     3.12300   62.099565  141.304655   -0.651    0.158  1
RGI60-10.02866     3.10054   49.590680   91.338978   -0.661    0.154  1
RGI60-10.01471     3.08958   49.079121   87.388649   -0.208    0.143  1
RGI60-10.03878     3.07177   53.603107  159.147470   -0.223    0.127  1
RGI60-10.03738     3.06968   58.501059  160.953882   -0.184    0.135  1
RGI60-10.00604     3.05356   47.061098   85.565295   -0.719    0.187  1
RGI60-10.02881     3.04882   46.979683   92.731320   -0.483    0.156  1
RGI60-10.03519     3.02400   58.176861  160.867601   -0.468    0.156  1
RGI60-10.02298     3.01505   50.282793   90.138419   -0.478    0.155  1
RGI60-10.02703     3.00828   48.609740   90.922001   -0.631    0.162  1
RGI60-10.01032     3.00279   49.772454   86.434221   -0.408    0.156  1
RGI60-10.04265     2.98112   57.457903  160.360860   -0.483    0.153  1
RGI60-10.01469     2.95652   49.129862   87.223752   -0.145    0.143  1
RGI60-10.01461     2.95320   49.099048   87.408932   -0.084    0.147  1
RGI60-10.01059     2.94362   50.074487   87.553063   -0.416    0.160  1
RGI60-10.02440     2.93122   49.741474   87.859544   -0.460    0.144  1
RGI60-10.03530     2.83379   58.190046  160.976724   -0.246    0.150  1
RGI60-10.04134     2.81097   58.089226  160.798809   -0.576    0.165  1
RGI60-10.04058     2.81041   55.843087  160.387433   -0.477    0.146  1
RGI60-10.04151     2.80044   58.010700  160.802912   -0.254    0.152  1
RGI60-10.04272     2.79540   57.359275  160.302447   -0.564    0.166  1
RGI60-10.01731     2.73396   50.056568   87.618032   -0.213    0.153  1
RGI60-10.03235     2.69222   62.691159  140.794528   -0.859    0.178  1
RGI60-10.01011     2.66793   49.792665   87.029025   -0.309    0.170  1
RGI60-10.00688     2.66619   49.093652   87.060962   -0.491    0.153  1
RGI60-10.01124     2.66374   49.764315   86.983707   -0.785    0.204  1
RGI60-10.00986     2.65248   49.789771   86.341955   -1.069    0.178  1
RGI60-10.01464     2.64183   49.099159   87.186563   -0.506    0.549  1
RGI60-10.03520     2.63875   58.194131  160.806884   -0.342    0.148  1
RGI60-10.00787     2.62846   49.888202   86.608772   -0.457    0.170  1
RGI60-10.02740     2.62149   46.823301   91.693893   -0.383    0.158  1
RGI60-10.04379     2.61810   54.809554  161.850001   -1.789    0.292  1
RGI60-10.01732     2.61682   50.050425   87.752745   -0.198    0.141  1
RGI60-10.02737     2.58776   46.819683   91.712120   -0.510    0.167  1
RGI60-10.02715     2.55232   48.609000   90.841935   -0.673    0.153  1
RGI60-10.00987     2.54906   49.809335   86.801349   -0.635    0.192  1
RGI60-10.03977     2.54470   56.724789  159.594292   -0.577    0.159  1
RGI60-10.03265     2.49300   62.562656  140.834588   -0.937    0.187  1
RGI60-10.04022     2.48519   56.064914  160.444362   -0.335    0.130  1
RGI60-10.01167     2.48462   50.046305   87.437579   -0.455    0.195  1
RGI60-10.01991     2.46486   49.069942   87.911209   -0.257    0.162  1
RGI60-10.04251     2.46060   57.537938  160.396707   -0.551    0.152  1
RGI60-10.04021     2.45093   56.020561  160.620456   -0.324    0.135  1
RGI60-10.04550     2.43180   60.377052  166.921506   -0.821    0.215  1
RGI60-10.03388     2.42234   62.195557  141.281251   -0.811    0.178  1
RGI60-10.02659     2.38422   48.664393   90.845977   -0.258    0.143  1
RGI60-10.03275     2.38410   62.529412  140.869869   -0.966    0.207  1
RGI60-10.03645     2.37600   58.650793  161.255148   -0.417    0.162  1
RGI60-10.04062     2.37418   55.838407  160.407609   -0.590    0.149  1
RGI60-10.02430     2.36340   49.767484   88.100879   -0.373    0.171  1
RGI60-10.02746     2.34040   46.897580   91.521766   -0.496    0.170  1
RGI60-10.02816     2.32830   49.687562   91.430407   -0.666    0.180  1
RGI60-10.04066     2.31635   55.819657  160.405108   -0.225    0.127  1
RGI60-10.02441     2.30948   49.745683   87.829017   -0.624    0.169  1
RGI60-10.03552     2.28600   58.133144  160.781839   -0.135    0.134  1
RGI60-10.02706     2.27959   48.646345   90.984634   -0.866    0.165  1
RGI60-10.04023     2.27716   56.113034  160.423788   -0.448    0.134  1
RGI60-10.02229     2.27458   48.360322   88.554678   -0.811    0.185  1
RGI60-10.03752     2.26080   58.488491  160.934251   -0.131    0.136  1
RGI60-10.03163     2.25540   65.211810  146.008888   -0.740    0.221  1
RGI60-10.02722     2.25284   48.641910   90.785824   -0.599    0.151  1
RGI60-10.03407     2.22840   62.125383  141.320878   -0.837    0.184  1
RGI60-10.01935     2.22660   49.154477   87.731721   -0.309    0.144  1
RGI60-10.02711     2.22125   48.625337   90.961297   -0.537    0.152  1
RGI60-10.01062     2.21423   50.062864   87.536335   -0.461    0.156  1
RGI60-10.02232     2.21138   48.374234   88.531764   -0.425    0.155  1
RGI60-10.00291     2.20629   68.383529  128.501486   -0.810    0.182  1
RGI60-10.02368     2.19030   49.828263   89.729940   -0.710    0.167  1
RGI60-10.03983     2.18970   56.663760  159.608978   -0.439    0.151  1
RGI60-10.01714     2.17299   50.135583   87.646047   -0.095    0.155  1
RGI60-10.02809     2.16945   49.709188   91.335871   -0.194    0.214  1
RGI60-10.03501     2.16720   58.292426  160.864072   -0.618    0.165  1
RGI60-10.01761     2.16639   49.865034   87.624584   -0.466    0.153  1
RGI60-10.02378     2.15561   49.806998   89.742814   -0.870    0.186  1
RGI60-10.03551     2.14826   58.264360  160.864302   -0.182    0.141  1
RGI60-10.03521     2.14186   58.177870  160.965904   -0.162    0.152  1
RGI60-10.02886     2.13425   46.608574   93.627648   -0.390    0.180  1
RGI60-10.03340     2.13390   62.435773  141.307084   -0.404    0.171  1
RGI60-10.02747     2.11384   46.890589   91.542750   -0.759    0.197  1
RGI60-10.01116     2.09092   49.778371   86.533941   -0.375    0.183  1
RGI60-10.04221     2.08620   57.742104  160.500335   -0.584    0.155  1
RGI60-10.01834     2.08056   49.808527   87.745219   -0.646    0.181  1
RGI60-10.04001     2.07826   56.070036  160.491329   -0.365    0.132  1
RGI60-10.00762     2.06382   50.096717   87.507355   -0.549    0.179  1
RGI60-10.03739     2.06046   58.504973  160.922797   -0.337    0.144  1
RGI60-10.03966     2.05830   56.712593  159.639103   -0.844    0.187  1
RGI60-10.01978     2.03916   49.188217   87.824051   -0.303    0.156  1
RGI60-10.04717     2.03408   61.899859  171.171665   -0.939    0.207  1
RGI60-10.03350     2.02590   62.380903  141.345545   -0.779    0.183  1
RGI60-10.00565     2.01850   75.828114  107.558000   -0.453    0.188  1
RGI60-10.01977     2.00995   49.144609   87.805284   -0.537    0.188  1
RGI60-10.01448     2.00937   49.116007   87.193493   -0.176    0.161  1
RGI60-10.02681     2.00582   48.696730   90.726500   -0.429    0.145  1
RGI60-10.03238     1.95750   62.675825  140.747282   -0.762    0.193  1
RGI60-10.00560     1.95526   75.875796  107.485457   -0.188    0.158  1
RGI60-10.03921     1.95257   53.333769  158.707253   -0.158    0.136  1
RGI60-10.02362     1.94220   49.827736   89.767327   -0.839    0.181  1
RGI60-10.02562     1.93860   47.955897   90.955870   -0.772    0.172  1
RGI60-10.04361     1.92596   54.821131  161.786635   -1.796    0.272  1
RGI60-10.04806     1.92209   61.740887  172.143368   -1.074    0.218  1
RGI60-10.01010     1.92118   49.785031   87.046230   -0.439    0.169  1
RGI60-10.03722     1.91367   58.518331  161.082306   -0.270    0.142  1
RGI60-10.04363     1.90599   54.811711  161.777272   -1.509    0.283  1
RGI60-10.02752     1.90304   46.909852   91.447512   -0.655    0.164  1
RGI60-10.01163     1.89810   50.047083   87.483446   -0.670    0.205  1
RGI60-10.02673     1.88372   48.675151   90.871547   -0.353    0.149  1
RGI60-10.02237     1.87628   48.347777   88.606837   -0.567    0.160  1
RGI60-10.02842     1.86883   49.529924   91.369937   -0.585    0.159  1
RGI60-10.02579     1.86665   47.881918   90.180273   -0.634    0.160  1
RGI60-10.04333     1.86509   54.845768  161.841172   -1.611    0.253  1
RGI60-10.04354     1.84500   54.849481  161.802962   -1.511    0.291  1
RGI60-10.03740     1.83946   58.502111  160.974333   -0.214    0.143  1
RGI60-10.03482     1.82370   55.699891  157.690028   -0.385    0.160  1
RGI60-10.03259     1.81620   62.734214  140.687589   -0.776    0.217  1
RGI60-10.02892     1.81246   46.628101   93.603554   -0.572    0.252  1
RGI60-10.03136     1.80090   65.306193  146.003985   -1.035    0.270  1
RGI60-10.01811     1.79755   49.831514   87.491304   -0.436    0.163  1
RGI60-10.01841     1.79613   49.821080   87.551595   -0.514    0.168  1
RGI60-10.02236     1.79134   48.350651   88.588266   -0.706    0.202  1
RGI60-10.02834     1.77676   49.658103   91.453355   -1.170    0.269  1
RGI60-10.02891     1.76743   46.618480   93.611876   -0.557    0.264  1
RGI60-10.02050     1.75320   48.988722   87.915121   -0.500    0.173  1
RGI60-10.04188     1.75050   57.881928  160.548480   -0.691    0.199  1
RGI60-10.01963     1.74690   49.077500   87.763676   -0.404    0.158  1
RGI60-10.01117     1.73851   49.777713   86.557138   -0.071    0.172  1
RGI60-10.01800     1.73070   49.779465   87.707134   -0.797    0.189  1
RGI60-10.04284     1.72980   57.385497  160.295300   -0.690    0.173  1
RGI60-10.01833     1.72935   49.815420   87.569984   -0.644    0.177  1
RGI60-10.02725     1.72895   48.384729   90.551481   -0.701    0.163  1
RGI60-10.02361     1.72260   49.787944   89.773015   -0.681    0.164  1
RGI60-10.01715     1.71779   50.125407   87.632570   -0.068    0.148  1
RGI60-10.02385     1.70730   49.793362   89.733930   -0.707    0.177  1
RGI60-10.03345     1.70722   62.419763  141.339470   -0.721    0.175  1
RGI60-10.01815     1.70319   49.825915   87.506524   -0.313    0.157  1
RGI60-10.03170     1.69920   65.269275  146.068996   -1.131    0.247  1
RGI60-10.02815     1.69323   49.711598   91.354944   -0.351    0.179  1
RGI60-10.00537     1.69091   75.900064  107.646950   -0.431    0.193  1
RGI60-10.00845     1.68026   49.848831   86.844675   -0.639    0.257  1
RGI60-10.01428     1.66770   49.133075   87.550200   -0.488    0.160  1
RGI60-10.00293     1.65550   68.385867  128.536003   -0.974    0.188  1
RGI60-10.02717     1.64614   48.594242   90.846283   -0.817    0.168  1
RGI60-10.01949     1.64570   49.095370   87.663620   -0.432    0.155  1
RGI60-10.03411     1.63890   62.097843  141.338959   -0.849    0.187  1
RGI60-10.02718     1.61598   48.602365   90.828175   -0.760    0.161  1
RGI60-10.03064     1.61558   66.036467  140.395516   -0.195    0.142  1
RGI60-10.01775     1.60992   49.909515   87.700173   -0.439    0.163  1
RGI60-10.01105     1.60785   49.768564   86.473861    0.026    0.143  1
RGI60-10.00769     1.60681   50.135347   87.491579   -0.615    0.193  1
RGI60-10.01667     1.60560   49.057759   87.456368   -0.437    0.192  1
RGI60-10.04002     1.59648   56.062118  160.475139   -0.357    0.145  1
RGI60-10.04026     1.59120   56.628339  159.658806   -0.330    0.161  1
RGI60-10.02359     1.58417   49.845853   89.777921   -0.610    0.170  1
RGI60-10.00561     1.58394   75.858103  107.498861   -0.103    0.159  1
RGI60-10.01352     1.56960   49.073160   87.449371   -0.461    0.168  1
RGI60-10.00536     1.56308   75.887909  107.563330   -0.284    0.169  1
RGI60-10.03385     1.56150   62.212838  141.304075   -0.855    0.196  1
RGI60-10.01465     1.55703   49.088138   87.372126   -0.171    0.154  1
RGI60-10.02230     1.54405   48.371495   88.563826   -0.548    0.167  1
RGI60-10.03343     1.53627   62.421523  141.295848   -0.695    0.212  1
RGI60-10.03167     1.53540   65.280451  146.121305   -1.053    0.228  1
RGI60-10.03484     1.52544   55.660552  157.723266   -0.706    0.226  1
RGI60-10.01856     1.52243   48.637418   89.095744   -0.691    0.220  1
RGI60-10.04880     1.52100   61.547884  172.071932   -1.233    0.242  1
RGI60-10.01107     1.51933   49.824255   86.712020   -0.548    0.200  1
RGI60-10.01716     1.51612   50.052349   87.554910   -0.767    0.225  1
RGI60-10.02076     1.51527   48.974601   88.175388   -0.872    0.198  1
RGI60-10.04060     1.51255   55.845522  160.322124   -0.371    0.147  1
RGI60-10.01447     1.51095   49.080633   87.215287   -0.437    0.266  1
RGI60-10.04003     1.50944   56.060358  160.460075   -0.307    0.134  1
RGI60-10.03673     1.49580   58.634652  161.196946   -0.077    0.152  1
RGI60-10.01477     1.49155   49.144329   87.560211   -0.517    0.177  1
RGI60-10.03289     1.48230   62.465567  140.983878   -0.933    0.222  1
RGI60-10.01980     1.47539   49.184529   87.867173   -0.623    0.187  1
RGI60-10.02795     1.47382   49.659337   91.365754   -0.823    0.186  1
RGI60-10.01127     1.46803   49.766030   86.388701   -0.598    0.200  1
RGI60-10.02814     1.46434   49.713941   91.311271   -0.516    0.214  1
RGI60-10.02749     1.46336   46.892680   91.461084   -0.467    0.167  1
RGI60-10.04258     1.45543   57.506090  160.428176   -0.718    0.173  1
RGI60-10.03485     1.45430   55.694290  157.745315   -0.420    0.162  1
RGI60-10.03089     1.45170   66.233902  139.984148   -0.525    0.175  1
RGI60-10.03978     1.45170   56.678508  159.591043   -0.452    0.170  1
RGI60-10.03192     1.44360   65.172125  146.051227   -0.872    0.234  1
RGI60-10.03972     1.44059   56.702284  159.652716   -0.353    0.169  1
RGI60-10.03483     1.43906   55.670364  157.755084   -0.620    0.185  1
RGI60-10.02714     1.43594   48.637924   90.974065   -0.688    0.162  1
RGI60-10.02124     1.42921   48.982828   87.626768   -0.332    0.172  1
RGI60-10.04163     1.42650   57.912624  160.694620   -0.102    0.150  1
RGI60-10.02867     1.42578   49.576634   91.405899   -0.677    0.169  1
RGI60-10.03655     1.42531   58.652905  161.214655   -0.555    0.170  1
RGI60-10.03349     1.42509   62.378452  141.318171   -1.097    0.233  1
RGI60-10.01847     1.42273   49.893448   87.738876   -0.485    0.176  1
RGI60-10.02893     1.42254   46.627372   93.584966   -0.382    0.188  1
RGI60-10.01975     1.41781   49.076896   87.789406   -0.306    0.181  1
RGI60-10.03587     1.41750   59.121278  161.711473   -1.007    0.243  1
RGI60-10.03251     1.41328   62.622499  140.937778   -0.652    0.175  1
RGI60-10.04220     1.40940   57.741114  160.525834   -0.278    0.153  1
RGI60-10.03394     1.40310   62.177050  141.274039   -0.771    0.193  1
RGI60-10.01478     1.40258   49.146067   87.536768   -0.438    0.179  1
RGI60-10.00830     1.38752   49.860405   87.355160   -0.348    0.158  1
RGI60-10.02970     1.38103   52.513593   98.794808   -0.467    0.154  1
RGI60-10.03968     1.37610   56.696239  159.674058   -0.191    0.149  1
RGI60-10.03909     1.37297   53.262442  158.836500   -0.200    0.137  1
RGI60-10.04355     1.37250   54.831134  161.686045   -1.484    0.270  1
RGI60-10.03923     1.36801   53.332712  158.720283   -0.213    0.143  1
RGI60-10.01760     1.36040   49.853402   87.648884   -0.236    0.151  1
RGI60-10.02019     1.34910   49.028631   88.077964   -0.728    0.197  1
RGI60-10.03300     1.34010   62.715989  140.688920   -0.984    0.248  1
RGI60-10.02683     1.33643   48.692172   90.716743   -0.183    0.148  1
RGI60-10.03714     1.33470   58.547591  161.034422   -0.336    0.168  1
RGI60-10.03397     1.32480   62.164942  141.297525   -0.919    0.203  1
RGI60-10.03344     1.32158   62.428852  141.336471   -0.494    0.176  1
RGI60-10.02648     1.31949   48.159674   90.796610   -0.845    0.177  1
RGI60-10.02682     1.31421   48.664514   90.772679   -0.376    0.157  1
RGI60-10.02377     1.31344   49.801948   89.767706   -0.518    0.196  1
RGI60-10.04299     1.30858   57.344526  160.199360   -0.655    0.214  1
RGI60-10.03879     1.30820   53.601641  159.132040   -0.314    0.150  1
RGI60-10.04571     1.30475   60.264071  166.744987   -0.783    0.200  1
RGI60-10.02082     1.30410   48.976790   87.876267   -0.714    0.213  1
RGI60-10.03588     1.30410   59.092133  161.702821   -0.734    0.230  1
RGI60-10.01718     1.30051   50.117954   87.647318   -0.404    0.185  1
RGI60-10.02884     1.29702   46.969633   92.737586   -0.245    0.164  1
RGI60-10.01810     1.29420   49.826635   87.738771   -0.553    0.191  1
RGI60-10.03415     1.29043   62.036124  141.357990   -1.074    0.243  1
RGI60-10.00871     1.28880   49.842925   86.507864   -0.271    0.158  1
RGI60-10.03954     1.28790   56.726408  159.628035   -1.108    0.256  1
RGI60-10.03525     1.28578   58.197172  160.828524   -0.110    0.144  1
RGI60-10.01979     1.28100   49.069665   87.750009   -0.368    0.151  1
RGI60-10.04815     1.27890   61.765214  172.063998   -1.152    0.240  1
RGI60-10.01918     1.27800   49.181850   87.709506   -0.635    0.177  1
RGI60-10.02700     1.27710   48.639722   90.896672   -0.558    0.176  1
RGI60-10.04808     1.27701   61.754048  172.121167   -0.872    0.230  1
RGI60-10.01128     1.26915   49.755917   86.391650   -0.221    0.152  1
RGI60-10.01814     1.26555   49.818121   87.519347   -0.629    0.183  1
RGI60-10.03732     1.26090   58.519283  160.982347   -0.011    0.142  1
RGI60-10.00541     1.26050   75.863468  107.855678   -0.814    0.195  1
RGI60-10.03412     1.25550   62.039229  141.404149   -0.722    0.201  1
RGI60-10.02708     1.24129   48.652464   90.971615   -0.721    0.175  1
RGI60-10.02302     1.24065   50.270406   90.127509   -0.479    0.168  1
RGI60-10.04129     1.23750   57.960799  160.625489   -0.259    0.152  1
RGI60-10.01817     1.23660   49.812583   87.611928   -0.655    0.188  1
RGI60-10.04255     1.23480   57.511235  160.397917   -0.396    0.155  1
RGI60-10.03168     1.22130   65.270190  146.092874   -0.986    0.224  1
RGI60-10.02360     1.22023   49.843688   89.758193   -0.420    0.166  1
RGI60-10.04256     1.21977   57.514976  160.423455   -0.728    0.177  1
RGI60-10.01449     1.21573   49.084685   87.301709   -0.643    0.233  1
RGI60-10.03662     1.21230   58.611055  161.124355   -0.316    0.157  1
RGI60-10.00628     1.20901   47.059647   85.520780   -0.464    0.188  1
RGI60-10.04052     1.20543   55.872612  160.573809   -0.630    0.177  1
RGI60-10.02299     1.20261   50.296015   90.114914   -0.501    0.190  1
RGI60-10.02709     1.20176   48.647852   90.960304   -0.643    0.165  1
RGI60-10.04278     1.20150   57.431660  160.391806   -0.399    0.163  1
RGI60-10.04000     1.19466   56.104751  160.664723    0.038    0.128  1
RGI60-10.01168     1.19160   50.033317   87.469988   -0.812    0.203  1
RGI60-10.04030     1.18350   56.611913  159.683658   -0.479    0.166  1
RGI60-10.02818     1.18000   49.699055   91.419925   -0.834    0.203  1
RGI60-10.01276     1.17720   49.921737   85.811792   -0.663    0.211  1
RGI60-10.04061     1.17483   55.846797  160.340488   -0.405    0.161  1
RGI60-10.04580     1.16820   60.289111  166.786823   -0.931    0.214  1
RGI60-10.01108     1.16101   49.845113   86.597935   -0.561    0.201  1
RGI60-10.04253     1.16100   57.520809  160.385747   -0.315    0.155  1
RGI60-10.02069     1.16043   48.980719   87.652291   -0.306    0.167  1
RGI60-10.00984     1.15830   49.786776   86.719018   -0.899    0.213  1
RGI60-10.02801     1.15772   49.741577   91.373551   -0.284    0.176  1
RGI60-10.00927     1.15740   49.805159   86.299901   -0.547    0.184  1
RGI60-10.02684     1.15256   48.677643   90.715836   -0.460    0.158  1
RGI60-10.03518     1.14930   58.120668  160.829118   -0.033    0.144  1
RGI60-10.02566     1.14390   47.962918   90.936836   -0.475    0.170  1
RGI60-10.01333     1.14087   49.885696   85.908862   -0.737    0.200  1
RGI60-10.04787     1.13636   61.810076  171.402181   -0.896    0.239  1
RGI60-10.02300     1.13463   50.292620   90.129973   -0.530    0.196  1
RGI60-10.02561     1.11871   47.882350   90.021763   -0.500    0.163  1
RGI60-10.01812     1.10710   49.831635   87.465728   -0.405    0.178  1
RGI60-10.02045     1.10606   49.006744   87.558565   -0.495    0.192  1
RGI60-10.01074     1.10588   50.069190   87.369215   -0.662    0.207  1
RGI60-10.03523     1.10292   58.226034  161.047921   -0.333    0.178  1
RGI60-10.01058     1.10160   50.054674   87.510339   -0.500    0.175  1
RGI60-10.04370     1.09980   54.820168  161.916730   -1.278    0.237  1
RGI60-10.03102     1.09890   66.030130  140.289310   -0.692    0.182  1
RGI60-10.04298     1.09791   57.333136  160.214328   -0.676    0.187  1
RGI60-10.02748     1.09621   46.924360   91.452266   -0.407    0.165  1
RGI60-10.01839     1.09601   49.761243   87.782973   -0.308    0.173  1
RGI60-10.01068     1.09423   50.070898   87.515120   -0.565    0.253  1
RGI60-10.02453     1.09061   49.743790   87.978770   -0.406    0.159  1
RGI60-10.04372     1.08810   54.816982  161.704827   -1.519    0.297  1
RGI60-10.01758     1.08673   49.862601   87.646266   -0.547    0.197  1
RGI60-10.01001     1.08000   49.783721   87.064515   -0.676    0.205  1
RGI60-10.04128     1.07820   57.975131  160.733040   -0.301    0.165  1
RGI60-10.02043     1.07820   48.973499   88.204521   -0.964    0.269  1
RGI60-10.04252     1.07820   57.531084  160.420647   -0.409    0.171  1
RGI60-10.00617     1.06607   47.061832   85.632166   -0.737    0.213  1
RGI60-10.01006     1.06560   49.781355   86.460545   -0.697    0.230  1
RGI60-10.02753     1.06379   46.884742   91.544815   -0.693    0.203  1
RGI60-10.02723     1.06098   48.632234   90.785591   -0.470    0.164  1
RGI60-10.00629     1.06058   47.056933   85.535389   -0.715    0.216  1
RGI60-10.03911     1.05896   53.254388  158.851025   -0.172    0.141  1
RGI60-10.03045     1.05772   66.697751  140.113574   -0.771    0.196  1
RGI60-10.02101     1.05591   48.958484   87.596430   -0.295    0.157  1
RGI60-10.04791     1.05480   61.804664  171.374229   -1.187    0.267  1
RGI60-10.00896     1.05390   49.825881   86.794476   -0.097    0.199  1
RGI60-10.04676     1.05300   61.902233  171.194941   -0.668    0.213  1
RGI60-10.02305     1.05008   50.298940   90.099644   -0.519    0.194  1
RGI60-10.01029     1.04940   49.775571   86.233165   -0.819    0.227  1
RGI60-10.01118     1.04884   49.820882   86.521904   -0.094    0.291  1
RGI60-10.01017     1.04670   49.779882   86.912997   -0.262    0.173  1
RGI60-10.03486     1.04509   55.663523  157.743866   -0.656    0.216  1
RGI60-10.01502     1.03534   49.141962   87.500023   -0.275    0.170  1
RGI60-10.04028     1.02880   56.615599  159.628813   -0.535    0.170  1
RGI60-10.03254     1.02420   62.608927  140.919049   -0.918    0.215  1
RGI60-10.01755     1.02085   49.933357   87.744628   -0.415    0.192  1
RGI60-10.02651     1.01700   48.640326   90.157691   -0.767    0.201  1
RGI60-10.03696     1.01657   58.586978  161.069027   -0.357    0.166  1
RGI60-10.03164     1.01610   65.302472  146.039020   -1.340    0.319  1
RGI60-10.01305     1.01568   49.900799   86.235268   -0.506    0.207  1
RGI60-10.03685     1.01520   58.602495  161.064769   -0.151    0.143  1
RGI60-10.02792     1.01454   49.666393   91.433228   -0.839    0.218  1
RGI60-10.04048     1.01337   55.879950  160.589737   -0.843    0.189  1
RGI60-10.04063     1.01314   55.833785  160.313196   -0.333    0.151  1
RGI60-10.01871     1.00890   48.618589   89.114738   -0.894    0.270  1
RGI60-10.04005     1.00708   56.072699  160.430028   -0.394    0.151  1
RGI60-10.03498     1.00570   58.312743  160.932256    0.004    0.141  1
RGI60-10.03353     1.00440   62.359366  141.362842   -0.748    0.184  1
RGI60-10.00880     1.00422   49.839725   86.493042   -0.873    0.396  1
RGI60-10.02848     1.00170   49.580450   91.303341   -1.103    0.247  1
RGI60-10.02152     1.00080   48.815000   87.787719   -0.455    0.183  1
RGI60-10.03364     0.99836   62.325618  141.404736   -1.004    0.242  1
RGI60-10.02021     0.99778   49.027295   88.050139   -0.408    0.199  1
RGI60-10.01160     0.99747   50.046455   87.460830   -0.019    0.301  1
RGI60-10.00948     0.99630   49.801975   86.692683   -0.270    0.191  1
RGI60-10.00842     0.99315   49.848496   86.637021   -0.754    0.242  1
RGI60-10.04687     0.99270   61.976316  170.929015   -0.964    0.217  1
RGI60-10.00796     0.99203   49.884473   86.652901   -1.214    0.327  1
RGI60-10.04065     0.98732   55.894997  160.371239   -0.498    0.150  1
RGI60-10.04071     0.98730   55.741516  161.167606   -0.487    0.182  1
RGI60-10.02872     0.98556   49.581548   91.388379   -0.454    0.170  1
RGI60-10.02046     0.98496   49.000244   87.570219   -0.374    0.162  1
RGI60-10.01091     0.98460   49.763544   86.455566   -0.474    0.163  1
RGI60-10.01076     0.98370   50.060591   87.402973   -0.215    0.173  1
RGI60-10.04557     0.98164   60.360697  166.884226   -0.525    0.201  1
RGI60-10.04334     0.97825   54.851475  161.828817   -1.628    0.337  1
RGI60-10.04277     0.97380   57.407758  160.329959   -0.407    0.163  1
RGI60-10.03047     0.97110   66.693817  140.160569   -0.796    0.221  1
RGI60-10.03477     0.96981   55.668307  157.702305   -0.633    0.251  1
RGI60-10.04076     0.96795   55.362545  160.863994   -0.401    0.158  1
RGI60-10.00900     0.96750   49.827744   85.997565   -0.819    0.198  1
RGI60-10.01125     0.96480   49.756296   86.616601   -0.325    0.200  1
RGI60-10.03574     0.96300   59.133095  161.730297   -0.414    0.181  1
RGI60-10.01036     0.96210   49.774241   86.506887    0.059    0.163  1
RGI60-10.01803     0.96124   49.829665   87.764984   -0.190    0.154  1
RGI60-10.01826     0.96030   49.785185   87.811704   -0.401    0.170  1
RGI60-10.02429     0.95940   49.766406   87.975633   -0.489    0.156  1
RGI60-10.01103     0.95705   49.767355   86.953231   -0.325    0.181  1
RGI60-10.01092     0.95670   49.763149   86.498289   -0.188    0.174  1
RGI60-10.02962     0.95490   52.503724   98.819232   -0.389    0.157  1
RGI60-10.00840     0.95400   49.855142   86.513953   -0.717    0.204  1
RGI60-10.02412     0.94860   49.826397   87.909414   -0.517    0.191  1
RGI60-10.04707     0.94732   61.897261  171.239580   -0.571    0.252  1
RGI60-10.01485     0.94680   49.148619   87.357047   -0.377    0.170  1
RGI60-10.02125     0.94650   48.961249   87.608857   -0.085    0.155  1
RGI60-10.00608     0.94230   47.072276   85.589556   -0.709    0.206  1
RGI60-10.02754     0.93960   46.880334   91.474642   -0.666    0.190  1
RGI60-10.03358     0.93150   62.345182  141.215909   -0.502    0.201  1
RGI60-10.01073     0.93082   50.066236   87.390833   -0.018    0.174  1
RGI60-10.04259     0.92970   57.501371  160.381156   -0.162    0.153  1
RGI60-10.04365     0.92970   54.793181  161.754316   -1.358    0.281  1
RGI60-10.02407     0.92811   49.785664   87.969807   -0.470    0.185  1
RGI60-10.03967     0.92340   56.654033  159.606777   -0.469    0.190  1
RGI60-10.02002     0.92070   49.052475   87.998513   -0.742    0.221  1
RGI60-10.02712     0.92016   48.626787   90.949124   -0.355    0.177  1
RGI60-10.02738     0.91760   46.809200   91.716293   -0.613    0.197  1
RGI60-10.00869     0.91620   49.832262   86.823524   -0.927    0.285  1
RGI60-10.01955     0.91440   49.075836   87.805452   -0.025    0.178  1
RGI60-10.01709     0.91095   50.055955   87.799303   -0.366    0.169  1
RGI60-10.00754     0.91066   50.144853   87.461476   -0.539    0.190  1
RGI60-10.01787     0.90720   49.863378   87.675023   -0.474    0.190  1
RGI60-10.01320     0.90540   49.882605   86.285724   -0.601    0.197  1
RGI60-10.03678     0.90310   58.627231  161.130826   -0.151    0.151  1
RGI60-10.02689     0.90134   48.673109   90.784936   -0.289    0.172  1
RGI60-10.03376     0.90090   62.254196  141.513654   -0.984    0.225  1
RGI60-10.01717     0.90065   50.129456   87.667370   -0.155    0.210  1
RGI60-10.03534     0.89895   58.130464  160.841349   -0.137    0.151  1
RGI60-10.01765     0.89565   49.892292   87.700553   -0.559    0.198  1
RGI60-10.01911     0.89460   49.181595   87.918467   -0.802    0.241  1
RGI60-10.03643     0.89370   58.663309  161.223923   -0.183    0.164  1
RGI60-10.04392     0.89325   54.759860  160.530416   -0.192    0.159  1
RGI60-10.00785     0.89280   49.882984   86.634732   -0.873    0.234  1
RGI60-10.04004     0.89277   56.134458  160.532082   -0.381    0.159  1
RGI60-10.02847     0.88830   49.579965   91.275899   -0.978    0.216  1
RGI60-10.02819     0.88648   49.686197   91.407225   -0.718    0.207  1
RGI60-10.03764     0.88290   58.462921  161.027986   -0.142    0.155  1
RGI60-10.03258     0.88290   62.598537  140.958929   -0.771    0.211  1
RGI60-10.00757     0.88200   50.115632   87.515663   -0.317    0.183  1
RGI60-10.02560     0.88181   47.877395   90.133488   -0.650    0.175  1
RGI60-10.04362     0.88174   54.800342  161.775541   -1.268    0.271  1
RGI60-10.00989     0.88119   49.791958   86.791268   -0.590    0.197  1
RGI60-10.03917     0.88020   53.232381  158.862946   -0.437    0.169  1
RGI60-10.02110     0.87930   48.955841   87.875789   -0.417    0.187  1
RGI60-10.01951     0.87930   49.088977   87.651914   -0.480    0.173  1
RGI60-10.03663     0.87561   58.605791  161.044458   -0.165    0.146  1
RGI60-10.04074     0.87210   55.382678  160.841679   -0.765    0.183  1
RGI60-10.02376     0.87165   49.802391   89.786627   -0.441    0.180  1
RGI60-10.04219     0.87048   57.762925  160.547876   -0.367    0.169  1
RGI60-10.00929     0.87030   49.802919   86.324162   -0.764    0.212  1
RGI60-10.01171     0.86798   50.023581   87.433305   -0.567    0.206  1
RGI60-10.01063     0.86719   50.078408   87.573373   -0.196    0.187  1
RGI60-10.02022     0.86580   49.018495   88.085337   -0.749    0.209  1
RGI60-10.02811     0.86567   49.701981   91.320062   -0.507    0.230  1
RGI60-10.02080     0.86490   48.964423   87.503322   -0.604    0.200  1
RGI60-10.01100     0.86278   49.773529   86.932537   -0.291    0.183  1
RGI60-10.03922     0.86225   53.327853  158.734417   -0.296    0.158  1
RGI60-10.02833     0.86130   49.669827   91.362013   -0.861    0.210  1
RGI60-10.02018     0.85848   49.031018   87.866777   -0.540    0.193  1
RGI60-10.01077     0.85770   50.056939   87.363361   -0.584    0.216  1
RGI60-10.04788     0.85714   61.811156  171.431687   -1.360    0.271  1
RGI60-10.02284     0.85680   50.585633   89.651096   -1.060    0.269  1
RGI60-10.02073     0.85590   48.968720   87.880111   -0.629    0.199  1
RGI60-10.03884     0.85564   53.599345  159.161113   -0.043    0.143  1
RGI60-10.03720     0.85553   58.521999  160.948756   -0.364    0.166  1
RGI60-10.01873     0.85428   48.307791   89.914684   -0.618    0.168  1
RGI60-10.03357     0.85320   62.348306  141.383356   -0.884    0.224  1
RGI60-10.03833     0.85230   51.318682  156.878158   -0.551    0.207  1
RGI60-10.01998     0.85206   49.068176   87.726945   -0.480    0.169  1
RGI60-10.02710     0.84866   48.598629   90.910008   -0.592    0.173  1
RGI60-10.04835     0.84690   61.669820  171.588880   -0.980    0.225  1
RGI60-10.02894     0.84123   46.613176   93.592980    0.043    0.208  1
RGI60-10.01819     0.84060   49.800394   87.647316   -0.812    0.230  1
RGI60-10.01719     0.83889   50.060819   87.636123   -0.175    0.177  1
RGI60-10.04793     0.83790   61.791758  172.094838   -0.974    0.252  1
RGI60-10.03526     0.83739   58.120389  160.810652   -0.132    0.148  1
RGI60-10.03262     0.83672   62.584114  140.910546   -0.788    0.211  1
RGI60-10.04356     0.83610   54.796158  161.871209   -1.388    0.366  1
RGI60-10.04152     0.83374   58.073248  160.730693   -0.529    0.183  1
RGI60-10.04013     0.83173   56.069001  160.431579   -0.408    0.152  1
RGI60-10.03887     0.83003   53.584183  159.139484   -0.403    0.158  1
RGI60-10.01450     0.82965   49.125102   87.206999   -0.019    0.167  1
RGI60-10.00742     0.82890   50.144834   87.617306   -0.268    0.176  1
RGI60-10.00822     0.82890   49.856745   85.955914   -0.548    0.185  1
RGI60-10.04368     0.82758   54.786720  161.891039   -0.831    0.245  1
RGI60-10.00665     0.82710   49.102733   87.067799   -0.257    0.160  1
RGI60-10.03728     0.82259   58.528126  161.063970   -0.012    0.164  1
RGI60-10.01056     0.82170   49.775299   86.370796   -0.320    0.170  1
RGI60-10.04008     0.82148   56.075445  160.420959   -0.439    0.161  1
RGI60-10.03880     0.81950   53.607823  159.086958   -0.328    0.157  1
RGI60-10.02685     0.81690   48.674306   90.728061   -0.344    0.168  1
RGI60-10.03704     0.81521   58.579654  160.956358   -0.168    0.152  1
RGI60-10.03101     0.81450   66.043329  140.115426   -0.681    0.207  1
RGI60-10.04842     0.81450   61.643487  171.677910   -1.025    0.228  1
RGI60-10.01838     0.81387   49.847447   87.622064   -0.352    0.167  1
RGI60-10.03395     0.81090   62.167615  141.211838   -1.052    0.247  1
RGI60-10.00843     0.81000   49.847183   86.525469   -0.164    0.174  1
RGI60-10.01943     0.80902   49.111395   87.666291   -0.134    0.163  1
RGI60-10.03941     0.80640   52.461370  158.179390   -0.338    0.150  1
RGI60-10.03132     0.80603   66.602846  144.792382   -0.630    0.201  1
RGI60-10.03369     0.80460   62.059317  141.401636   -1.406    0.357  1
RGI60-10.03288     0.80460   62.471623  141.013887   -1.633    0.403  1
RGI60-10.02624     0.80373   47.363635   90.499542   -0.632    0.196  1
RGI60-10.02868     0.80223   49.547747   91.439875   -0.550    0.180  1
RGI60-10.02001     0.80010   49.054691   87.954588   -0.257    0.181  1
RGI60-10.02303     0.79895   50.283295   90.113177   -0.351    0.176  1
RGI60-10.04389     0.79835   54.745330  161.754202   -0.962    0.331  1
RGI60-10.00793     0.79830   49.869888   86.513670   -0.630    0.207  1
RGI60-10.00895     0.79740   49.823920   86.504694   -0.418    0.181  1
RGI60-10.04403     0.79380   54.757917  161.728048   -1.266    0.318  1
RGI60-10.01483     0.79310   49.143143   87.289527   -0.134    0.164  1
RGI60-10.03527     0.79160   58.129095  160.775442   -0.168    0.150  1
RGI60-10.01298     0.79110   49.903051   85.911549   -0.338    0.207  1
RGI60-10.02460     0.79063   49.742181   87.888461   -0.349    0.177  1
RGI60-10.02876     0.79020   49.518105   91.402886   -0.671    0.203  1
RGI60-10.03142     0.79020   65.231806  145.835736   -0.723    0.242  1
RGI60-10.03694     0.78950   58.614016  161.094060   -0.222    0.159  1
RGI60-10.00857     0.78930   49.847352   85.958229   -0.291    0.180  1
RGI60-10.04780     0.78840   61.777163  172.085346   -1.246    0.264  1
RGI60-10.03487     0.78834   55.703336  157.697045   -0.567    0.208  1
RGI60-10.03681     0.78660   58.621271  161.045332   -0.289    0.152  1
RGI60-10.04067     0.78545   55.823625  160.389564   -0.335    0.146  1
RGI60-10.03363     0.78481   62.326547  141.433221   -0.646    0.193  1
RGI60-10.03677     0.78480   58.635606  160.984966   -0.172    0.148  1
RGI60-10.01973     0.78390   49.060510   87.974877   -0.385    0.197  1
RGI60-10.04136     0.78248   58.101768  160.772289   -0.552    0.184  1
RGI60-10.02097     0.78210   48.968291   88.236720   -0.691    0.213  1
RGI60-10.00815     0.78208   49.859285   86.605866   -0.596    0.271  1
RGI60-10.04491     0.78120   60.501968  167.206386   -0.888    0.244  1
RGI60-10.03499     0.78021   58.291157  160.808160   -0.741    0.204  1
RGI60-10.03406     0.77760   62.125197  141.360831   -0.769    0.238  1
RGI60-10.00970     0.77687   49.792184   86.922505   -0.404    0.229  1
RGI60-10.04292     0.77580   57.357602  160.362592   -0.560    0.194  1
RGI60-10.01165     0.77220   50.033901   87.427563   -0.748    0.205  1
RGI60-10.03278     0.77130   62.509361  140.871185   -0.217    0.194  1
RGI60-10.02424     0.76950   49.772372   88.081588   -0.454    0.220  1
RGI60-10.02565     0.76782   47.968928   90.968487   -0.707    0.196  1
RGI60-10.03285     0.76770   62.500618  140.901260   -1.127    0.256  1
RGI60-10.02727     0.76536   48.364931   90.529936   -0.767    0.205  1
RGI60-10.02048     0.76376   48.993599   87.575444   -0.496    0.181  1
RGI60-10.00923     0.76320   49.811698   86.282962   -0.734    0.200  1
RGI60-10.04691     0.76320   61.939136  171.181839   -1.236    0.265  1
RGI60-10.01708     0.76194   50.050572   87.778808   -0.084    0.163  1
RGI60-10.03137     0.75960   65.270528  145.811337   -0.259    0.206  1
RGI60-10.01945     0.75680   49.107539   87.730609   -0.208    0.211  1
RGI60-10.01560     0.75510   48.900475   87.470802   -0.604    0.279  1
RGI60-10.03496     0.75510   58.311614  160.900254   -0.099    0.149  1
RGI60-10.03400     0.75330   62.149076  141.429587   -0.932    0.232  1
RGI60-10.00878     0.74520   49.836406   86.846132   -0.666    0.268  1
RGI60-10.02666     0.74436   48.668692   90.111010   -0.568    0.187  1
RGI60-10.02625     0.74187   47.352370   90.506661   -0.727    0.204  1
RGI60-10.04718     0.74070   61.875235  171.158051   -0.683    0.261  1
RGI60-10.03346     0.74034   62.412656  141.295313   -0.597    0.215  1
RGI60-10.04179     0.73985   57.848206  160.628656   -0.387    0.192  1
RGI60-10.04716     0.73876   61.886781  171.157700   -0.635    0.233  1
RGI60-10.01066     0.73800   50.068991   87.417374   -0.515    0.188  1
RGI60-10.02796     0.73658   49.659915   91.477357   -0.395    0.195  1
RGI60-10.02661     0.73620   48.690594   90.065505   -0.458    0.170  1
RGI60-10.01162     0.73530   50.043445   87.503083   -0.724    0.206  1
RGI60-10.02558     0.73519   47.926876   90.092478   -0.593    0.179  1
RGI60-10.03393     0.73350   62.181647  141.225369   -0.740    0.224  1
RGI60-10.03826     0.73260   51.362934  156.744750   -0.264    0.187  1
RGI60-10.04679     0.72990   61.897117  171.144880   -0.728    0.279  1
RGI60-10.01885     0.72630   48.330221   89.828838   -0.777    0.214  1
RGI60-10.04087     0.72630   55.197474  161.239264   -0.543    0.196  1
RGI60-10.01075     0.72450   50.059698   87.517481   -0.802    0.204  1
RGI60-10.02409     0.72090   49.778478   88.135913   -0.356    0.218  1
RGI60-10.03656     0.72029   58.644613  161.210381   -0.289    0.173  1
RGI60-10.04050     0.71958   55.867049  160.595743   -0.544    0.198  1
RGI60-10.00286     0.71910   68.592904  128.629641   -1.022    0.231  1
RGI60-10.02575     0.71627   47.893142   90.109087   -0.454    0.180  1
RGI60-10.02716     0.71597   48.602075   90.853866   -0.732    0.216  1
RGI60-10.04419     0.71460   54.783417  161.907527   -1.415    0.302  1
RGI60-10.03355     0.71280   62.353831  141.242364   -0.869    0.271  1
RGI60-10.03873     0.71280   53.651199  158.916862   -0.329    0.175  1
RGI60-10.02820     0.71262   49.687657   91.351935   -0.339    0.207  1
RGI60-10.01705     0.71239   50.049371   87.809974   -0.618    0.227  1
RGI60-10.03063     0.71182   66.042131  140.389895   -0.600    0.175  1
RGI60-10.03379     0.71100   62.239303  141.278657   -0.758    0.249  1
RGI60-10.01104     0.71055   49.764112   86.482518   -0.201    0.158  1
RGI60-10.03675     0.70740   58.634214  161.252085   -0.424    0.190  1
RGI60-10.04243     0.70371   57.450233  160.447947   -0.169    0.162  1
RGI60-10.01566     0.70290   48.910366   87.338295   -0.971    0.263  1
RGI60-10.01159     0.70020   50.047999   87.405801   -0.422    0.177  1
RGI60-10.01467     0.69977   49.110654   87.262375   -0.500    0.185  1
RGI60-10.04397     0.69855   54.760431  160.514009   -0.162    0.165  1
RGI60-10.02379     0.69300   49.795910   89.810118   -0.674    0.194  1
RGI60-10.00542     0.69243   75.877075  107.825487   -0.868    0.259  1
RGI60-10.02837     0.68974   49.651034   91.473976   -0.521    0.178  1
RGI60-10.04391     0.68760   54.766569  160.541377   -0.051    0.164  1
RGI60-10.03334     0.68760   62.476716  141.413399   -0.677    0.206  1
RGI60-10.03087     0.68670   66.239364  139.957922   -0.427    0.171  1
RGI60-10.02870     0.68623   49.553728   91.440916   -0.536    0.178  1
RGI60-10.03066     0.68580   66.032512  140.331978   -0.443    0.167  1
RGI60-10.02234     0.68501   48.355164   88.577206   -0.521    0.180  1
RGI60-10.02426     0.68482   49.733157   88.023229   -0.203    0.150  1
RGI60-10.02663     0.68363   48.680729   90.088652   -0.417    0.181  1
RGI60-10.02797     0.68362   49.659310   91.488689   -0.573    0.200  1
RGI60-10.01736     0.68330   50.110150   87.707146   -0.184    0.178  1
RGI60-10.03239     0.68220   62.669355  140.774296   -0.938    0.220  1
RGI60-10.01484     0.68170   49.136383   87.305401   -0.281    0.176  1
RGI60-10.01754     0.68103   49.932336   87.761303   -0.322    0.159  1
RGI60-10.03480     0.67886   55.667179  157.709052   -0.634    0.239  1
RGI60-10.03405     0.67860   62.131846  141.337088   -0.707    0.215  1
RGI60-10.03200     0.67860   65.147100  146.030078   -0.872    0.270  1
RGI60-10.03890     0.67860   53.636083  158.909238   -0.561    0.192  1
RGI60-10.01944     0.67770   49.104721   87.807923   -0.619    0.242  1
RGI60-10.01914     0.67680   49.186870   87.944752   -0.435    0.184  1
RGI60-10.01296     0.67680   49.904091   85.865538   -0.661    0.225  1
RGI60-10.04216     0.67617   57.776347  160.532976   -0.234    0.162  1
RGI60-10.01323     0.67590   49.893946   86.254048   -0.440    0.194  1
RGI60-10.02897     0.67560   46.616010   93.628818   -0.287    0.252  1
RGI60-10.03585     0.67500   59.099147  161.726122   -0.651    0.262  1
RGI60-10.04661     0.67230   62.061964  170.975104   -0.238    0.180  1
RGI60-10.01452     0.67171   49.073491   87.211697   -0.447    0.197  1
RGI60-10.00881     0.67165   49.834101   86.465275   -0.376    0.240  1
RGI60-10.04068     0.67050   55.759837  161.161986   -0.371    0.159  1
RGI60-10.02895     0.66933   46.633531   93.587060   -0.606    0.283  1
RGI60-10.02403     0.66890   49.786342   87.860688   -0.450    0.192  1
RGI60-10.04055     0.66884   55.838596  160.316695   -0.308    0.172  1
RGI60-10.03632     0.66780   58.726016  161.583009   -0.318    0.180  1
RGI60-10.04182     0.66690   57.814893  160.656229   -0.358    0.197  1
RGI60-10.03115     0.66622   65.286386  141.778304   -0.613    0.201  1
RGI60-10.01710     0.66524   50.041437   87.782005   -0.186    0.155  1
RGI60-10.02871     0.66405   49.587592   91.349651   -0.674    0.206  1
RGI60-10.00850     0.66378   49.849338   86.324782   -0.323    0.215  1
RGI60-10.03916     0.66150   53.235970  158.893157   -0.144    0.148  1
RGI60-10.03041     0.65790   66.738301  140.071865   -0.656    0.238  1
RGI60-10.03773     0.65610   58.428462  161.066404   -0.481    0.183  1
RGI60-10.02574     0.65461   47.897665   89.850130   -0.348    0.180  1
RGI60-10.01220     0.65436   49.970108   87.324527   -0.672    0.322  1
RGI60-10.03217     0.65430   65.102275  146.065101   -0.838    0.233  1
RGI60-10.01328     0.65250   49.892110   86.671920   -0.630    0.230  1
RGI60-10.03215     0.64980   65.108409  146.111338   -0.229    0.213  1
RGI60-10.02869     0.64913   49.601657   91.334096   -0.676    0.230  1
RGI60-10.03635     0.64890   58.716472  161.575924   -0.564    0.194  1
RGI60-10.01921     0.64890   49.171039   87.946459   -0.910    0.257  1
RGI60-10.01884     0.64710   48.334438   89.817426   -0.432    0.180  1
RGI60-10.02464     0.64350   49.727341   88.033325   -0.541    0.185  1
RGI60-10.03806     0.64339   59.324658  162.185719   -0.248    0.223  1
RGI60-10.02433     0.63810   49.755766   88.109397   -0.418    0.195  1
RGI60-10.00271     0.63806   56.844828  117.412530   -0.656    0.216  1
RGI60-10.01795     0.63720   49.813602   87.591634   -0.671    0.200  1
RGI60-10.04789     0.63630   61.810010  171.643245   -1.073    0.258  1
RGI60-10.02563     0.63579   47.965609   90.949932   -0.321    0.182  1
RGI60-10.02463     0.63565   49.702343   88.254080   -0.458    0.238  1
RGI60-10.00874     0.63540   49.837911   86.280134   -0.583    0.205  1
RGI60-10.04011     0.63363   56.129484  160.521281   -0.399    0.159  1
RGI60-10.00894     0.63360   49.832227   86.507605   -0.581    0.216  1
RGI60-10.00756     0.63227   50.140916   87.508146   -0.524    0.222  1
RGI60-10.03173     0.63180   65.245520  145.989589   -0.892    0.307  1
RGI60-10.03531     0.63147   58.210733  160.992332   -0.456    0.194  1
RGI60-10.03718     0.63090   58.543179  160.975726   -0.075    0.153  1
RGI60-10.04845     0.62910   61.636387  171.697852   -1.151    0.249  1
RGI60-10.02078     0.62884   48.980051   88.181909   -0.557    0.235  1
RGI60-10.03296     0.62820   62.697849  140.565742   -0.300    0.209  1
RGI60-10.01345     0.62820   49.881231   86.265237   -0.895    0.275  1
RGI60-10.04154     0.62798   58.051987  160.800469   -0.258    0.174  1
RGI60-10.01952     0.62730   49.087231   87.691874   -0.474    0.190  1
RGI60-10.03667     0.62640   58.640149  161.231641   -0.295    0.179  1
RGI60-10.02373     0.62640   49.810411   89.620782   -0.628    0.222  1
RGI60-10.02006     0.62460   49.044310   88.010573   -0.515    0.202  1
RGI60-10.01370     0.62460   49.067024   87.416135   -0.412    0.186  1
RGI60-10.03532     0.62459   58.215254  161.015777   -0.151    0.171  1
RGI60-10.04264     0.62370   57.486561  160.370765   -0.264    0.161  1
RGI60-10.01480     0.62301   49.142844   87.303208   -0.157    0.183  1
RGI60-10.01169     0.62280   50.028978   87.442959   -0.687    0.205  1
RGI60-10.01101     0.62265   49.777777   86.967750   -0.295    0.225  1
RGI60-10.03387     0.62146   62.190776  141.258866   -0.556    0.188  1
RGI60-10.02106     0.62078   48.938883   87.576873   -0.435    0.191  1
RGI60-10.02655     0.61965   48.642033   90.874043   -0.522    0.180  1
RGI60-10.03240     0.61920   62.668748  140.705792   -0.397    0.192  1
RGI60-10.03912     0.61872   53.259829  158.823642    0.135    0.153  1
RGI60-10.04709     0.61771   61.890101  171.215548   -0.493    0.236  1
RGI60-10.02687     0.61760   48.684187   90.707723   -0.366    0.190  1
RGI60-10.02825     0.61650   49.675700   91.428386   -0.869    0.230  1
RGI60-10.01404     0.61650   49.116855   87.560492   -0.382    0.243  1
RGI60-10.02332     0.61647   50.267692   90.031048   -0.980    0.283  1
RGI60-10.01984     0.61644   49.166178   87.747657   -0.456    0.181  1
RGI60-10.02675     0.61290   48.648966   90.143519   -1.110    0.244  1
RGI60-10.03503     0.61284   58.281554  160.843793   -0.062    0.148  1
RGI60-10.01451     0.61254   49.078343   87.309839   -0.571    0.216  1
RGI60-10.00790     0.61189   49.882502   86.506901   -0.215    0.205  1
RGI60-10.02278     0.61110   50.619677   89.647587   -0.539    0.201  1
RGI60-10.03953     0.60750   56.732091  159.605280   -0.415    0.173  1
RGI60-10.04215     0.60750   57.759131  160.514938    0.135    0.170  1
RGI60-10.03338     0.60694   62.438132  141.267468   -0.617    0.242  1
RGI60-10.02959     0.60480   52.546742   98.754700   -0.341    0.185  1
RGI60-10.02070     0.60447   48.981094   87.666191   -0.484    0.205  1
RGI60-10.02393     0.60424   49.751524   89.767329   -0.659    0.202  1
RGI60-10.02896     0.60408   46.613908   93.639699   -0.909    0.258  1
RGI60-10.04567     0.60390   60.384097  166.859743   -0.871    0.245  1
RGI60-10.03438     0.60390   62.031458  141.431123   -0.926    0.252  1
RGI60-10.00260     0.60390   56.879805  117.520107   -0.979    0.270  1
RGI60-10.04711     0.60300   61.887270  171.263718   -0.601    0.242  1
RGI60-10.02843     0.60294   49.524105   91.388586   -0.480    0.210  1
RGI60-10.03042     0.60210   66.729953  140.042123   -0.949    0.279  1
RGI60-10.01706     0.60147   50.053445   87.789214   -0.126    0.162  1
RGI60-10.04388     0.59845   54.756329  161.757919   -1.257    0.322  1
RGI60-10.00816     0.59762   49.855707   86.595132   -0.572    0.223  1
RGI60-10.01740     0.59760   50.015133   87.718947   -0.627    0.209  1
RGI60-10.02129     0.59670   48.834356   88.445385   -0.600    0.237  1
RGI60-10.02580     0.59503   47.886550   90.164290   -0.462    0.186  1
RGI60-10.02817     0.59310   49.682955   91.387417   -1.145    0.261  1
RGI60-10.03479     0.59265   55.668005  157.718144   -0.805    0.241  1
RGI60-10.03214     0.59220   65.072796  146.095590   -1.004    0.242  1
RGI60-10.01219     0.59220   49.956446   87.218962   -0.720    0.346  1
RGI60-10.03883     0.58994   53.587677  159.117208   -0.196    0.157  1
RGI60-10.02656     0.58884   48.650673   90.853508   -0.372    0.182  1
RGI60-10.03098     0.58770   66.065064  140.275503   -0.467    0.178  1
RGI60-10.03272     0.58770   62.535460  140.890528   -1.237    0.304  1
RGI60-10.01474     0.58680   49.145534   87.578970   -0.577    0.230  1
RGI60-10.03104     0.58590   66.025294  140.145637   -0.687    0.253  1
RGI60-10.03726     0.58582   58.513416  161.054032    0.023    0.158  1
RGI60-10.04598     0.58410   60.254010  166.691834   -0.943    0.303  1
RGI60-10.02845     0.58314   49.590687   91.247913   -0.660    0.213  1
RGI60-10.00614     0.58230   47.055795   85.358884   -0.772    0.245  1
RGI60-10.03672     0.58230   58.634951  161.149454   -0.132    0.155  1
RGI60-10.02846     0.58146   49.590714   91.259610   -0.797    0.221  1
RGI60-10.03103     0.58140   66.027295  140.183336   -0.558    0.192  1
RGI60-10.00645     0.58050   49.146017   87.051553   -0.894    0.227  1
RGI60-10.01069     0.57691   50.070117   87.499731   -0.159    0.264  1
RGI60-10.02059     0.57690   48.977566   87.907474   -0.598    0.219  1
RGI60-10.02202     0.57690   48.465600   88.355347   -1.015    0.258  1
RGI60-10.00607     0.57600   47.047966   85.577801   -0.647    0.230  1
RGI60-10.00292     0.57509   68.373599  128.532403   -1.079    0.300  1
RGI60-10.04577     0.57240   60.299782  166.804573   -0.782    0.291  1
RGI60-10.04214     0.57240   57.784982  160.569321   -0.679    0.246  1
RGI60-10.04782     0.57228   61.819301  171.462614   -0.955    0.265  1
RGI60-10.02705     0.57113   48.635933   90.956399   -0.571    0.178  1
RGI60-10.00983     0.57105   49.785327   86.447571   -0.862    0.260  1
RGI60-10.01828     0.57089   49.830245   87.570239   -0.255    0.194  1
RGI60-10.02320     0.56977   50.279007   90.068945   -0.594    0.226  1
RGI60-10.00766     0.56970   50.090599   87.528449   -0.761    0.239  1
RGI60-10.01166     0.56945   50.032987   87.454381   -0.412    0.211  1
RGI60-10.03942     0.56700   52.458210  158.218387   -0.067    0.148  1
RGI60-10.03117     0.56430   65.957147  140.760922   -0.331    0.207  1
RGI60-10.03778     0.56430   58.427239  161.088373   -0.666    0.223  1
RGI60-10.03881     0.56415   53.603651  159.076413   -0.218    0.162  1
RGI60-10.04843     0.56340   61.643946  171.715201   -0.816    0.271  1
RGI60-10.04528     0.56250   60.390855  166.948739   -0.335    0.200  1
RGI60-10.00922     0.56250   49.812638   86.967015   -0.704    0.255  1
RGI60-10.02721     0.56240   48.634892   90.773012   -0.543    0.177  1
RGI60-10.04547     0.56180   60.375181  166.853224   -0.936    0.301  1
RGI60-10.01805     0.56143   49.831592   87.785597   -0.181    0.182  1
RGI60-10.03410     0.56070   62.097943  141.362418   -0.820    0.243  1
RGI60-10.00867     0.55890   49.845423   86.277265   -0.916    0.282  1
RGI60-10.03294     0.55848   62.713902  140.662661   -0.760    0.235  1
RGI60-10.00262     0.55658   56.875053  117.556125   -0.695    0.263  1
RGI60-10.04280     0.55655   57.418707  160.364763   -0.545    0.178  1
RGI60-10.02731     0.55631   48.363137   90.544225   -0.762    0.221  1
RGI60-10.01784     0.55620   49.862966   87.828542   -0.109    0.186  1
RGI60-10.03985     0.55620   56.658042  159.697856   -0.519    0.195  1
RGI60-10.02079     0.55620   48.961904   87.886791   -0.425    0.208  1
RGI60-10.00557     0.55617   75.850787  107.793199   -0.604    0.213  1
RGI60-10.04947     0.55406   62.921487  176.504928   -1.484    0.421  1
RGI60-10.00788     0.55381   49.879347   86.497080   -1.140    0.307  1
RGI60-10.02384     0.55260   49.793513   89.667239   -1.012    0.248  1
RGI60-10.03381     0.55260   62.234680  141.343379   -0.718    0.220  1
RGI60-10.04119     0.55193   56.657280  161.364874   -0.815    0.213  1
RGI60-10.05087     0.55170   67.578241   66.005082   -0.880    0.281  1
RGI60-10.01970     0.55170   49.062809   87.695582   -0.727    0.207  1
RGI60-10.00974     0.55080   49.779657   86.030754   -0.749    0.218  1
RGI60-10.01968     0.55080   49.036705   88.012600   -0.715    0.230  1
RGI60-10.01919     0.54900   49.174956   87.690890   -0.277    0.159  1
RGI60-10.04183     0.54810   57.811096  160.610495   -0.577    0.222  1
RGI60-10.01806     0.54727   49.826950   87.795946   -0.537    0.286  1
RGI60-10.02686     0.54680   48.667696   90.755956   -0.641    0.258  1
RGI60-10.01790     0.54630   49.848201   87.771506   -0.164    0.200  1
RGI60-10.04785     0.54540   61.811471  171.623260   -1.110    0.353  1
RGI60-10.01939     0.54450   49.119453   87.919442   -0.293    0.213  1
RGI60-10.02301     0.54337   50.258539   90.144039   -0.577    0.204  1
RGI60-10.04064     0.54268   55.832502  160.414607   -0.345    0.181  1
RGI60-10.00817     0.54180   49.854463   87.376439   -0.320    0.216  1
RGI60-10.04427     0.54090   54.325486  160.007477   -0.523    0.168  1
RGI60-10.00619     0.54017   47.058163   85.644138   -0.730    0.260  1
RGI60-10.04492     0.54000   60.498269  167.255398   -0.570    0.229  1
RGI60-10.01454     0.53958   49.086963   87.187130    0.016    0.246  1
RGI60-10.04139     0.53820   58.025443  160.849609   -0.073    0.175  1
RGI60-10.04658     0.53820   62.006866  170.871071   -0.252    0.187  1
RGI60-10.03637     0.53820   58.705095  161.278756   -0.324    0.182  1
RGI60-10.01456     0.53796   49.144050   87.208130   -0.278    0.176  1
RGI60-10.03451     0.53730   61.941587  143.043405   -1.146    0.318  1
RGI60-10.02776     0.53640   46.750606   91.830323   -0.658    0.211  1
RGI60-10.00821     0.53640   49.862487   86.491468   -0.982    0.274  1
RGI60-10.02688     0.53475   48.671888   90.740003   -0.220    0.189  1
RGI60-10.03440     0.53460   61.980288  141.392347   -0.723    0.232  1
RGI60-10.01983     0.53287   49.071677   87.699056   -0.363    0.180  1
RGI60-10.02072     0.53280   48.972951   87.636054   -0.195    0.166  1
RGI60-10.02564     0.53255   47.961636   90.922099   -0.432    0.209  1
RGI60-10.01950     0.53230   49.094840   87.679949   -0.203    0.175  1
RGI60-10.04209     0.53090   57.654910  160.451856   -0.344    0.175  1
RGI60-10.01350     0.53010   49.071537   87.463798   -0.568    0.208  1
RGI60-10.04690     0.53010   61.947936  171.196019   -1.310    0.342  1
RGI60-10.02508     0.52891   50.973525   89.621809   -0.927    0.323  1
RGI60-10.02810     0.52651   49.698308   91.330850   -0.419    0.259  1
RGI60-10.04810     0.52593   61.748622  172.084393   -1.206    0.253  1
RGI60-10.03371     0.52290   62.278125  141.262033   -1.372    0.372  1
RGI60-10.03193     0.52200   65.160665  145.949803   -0.845    0.307  1
RGI60-10.04210     0.52030   57.649742  160.446873   -0.136    0.160  1
RGI60-10.03973     0.51887   56.707236  159.588743   -0.550    0.191  1
RGI60-10.03062     0.51840   66.036190  140.343930   -0.482    0.193  1
RGI60-10.03360     0.51840   62.331899  141.236147   -0.691    0.251  1
RGI60-10.03250     0.51738   62.629410  140.954308   -0.675    0.234  1
RGI60-10.00753     0.51674   50.140729   87.474275   -0.252    0.214  1
RGI60-10.01145     0.51480   49.515920   86.852239   -0.404    0.215  1
RGI60-10.01701     0.51390   49.907622   87.557396   -0.378    0.211  1
RGI60-10.01482     0.51381   49.145223   87.277645    0.154    0.191  1
RGI60-10.01302     0.51340   49.898955   85.852215   -0.767    0.250  1
RGI60-10.04287     0.51199   57.362975  160.329583   -0.300    0.169  1
RGI60-10.03478     0.51162   55.707988  157.707172   -0.350    0.202  1
RGI60-10.02900     0.51073   46.639955   93.548193   -0.505    0.257  1
RGI60-10.03659     0.51019   58.623222  161.000162    0.106    0.150  1
RGI60-10.04006     0.50875   56.021398  160.565725   -0.161    0.159  1
RGI60-10.01351     0.50850   49.075281   87.359483   -0.695    0.237  1
RGI60-10.02750     0.50819   46.916436   91.457847   -0.424    0.201  1
RGI60-10.03504     0.50676   58.273646  160.842466   -0.188    0.158  1
RGI60-10.01164     0.50670   50.036050   87.495718   -0.553    0.209  1
RGI60-10.00621     0.50670   47.052318   85.389325   -1.142    0.317  1
RGI60-10.02849     0.50670   49.574321   91.217011   -0.640    0.224  1
RGI60-10.01079     0.50580   50.054402   87.421051   -0.436    0.319  1
RGI60-10.03706     0.50580   58.567707  161.039045   -0.091    0.181  1
RGI60-10.01407     0.50400   49.104007   87.497295   -0.141    0.193  1
RGI60-10.03286     0.50310   62.489746  141.017588   -0.845    0.298  1
RGI60-10.03591     0.50310   59.069391  161.703421   -0.343    0.205  1
RGI60-10.03808     0.50221   59.239104  162.023920   -0.801    0.237  1
RGI60-10.04819     0.49680   61.695664  171.454351   -0.685    0.274  1
RGI60-10.04085     0.49675   55.060625  160.746659   -0.678    0.196  1
RGI60-10.02672     0.49554   48.673194   90.854183   -0.275    0.172  1
RGI60-10.01223     0.49500   49.948706   87.225098   -1.028    0.330  1
RGI60-10.02276     0.49410   50.622821   89.640292   -0.862    0.253  1
RGI60-10.03219     0.49410   65.031783  146.078513   -1.043    0.263  1
RGI60-10.04722     0.49359   61.857878  171.164925   -0.694    0.246  1
RGI60-10.02309     0.49335   50.230516   90.059336   -0.563    0.267  1
RGI60-10.01331     0.49320   49.892764   85.921660    0.340    0.220  1
RGI60-10.03536     0.49153   58.296377  160.881954   -0.099    0.149  1
RGI60-10.04084     0.49140   55.210966  161.255086   -0.871    0.216  1
RGI60-10.03960     0.49140   56.746050  159.644031   -0.401    0.184  1
RGI60-10.02824     0.49140   49.680170   91.372033   -0.936    0.285  1
RGI60-10.03287     0.49140   62.482115  140.996188   -0.652    0.266  1
RGI60-10.00567     0.49135   75.818124  107.581749   -0.273    0.180  1
RGI60-10.03404     0.49050   62.142627  141.375475   -1.086    0.304  1
RGI60-10.00853     0.48960   49.852609   86.825511   -1.091    0.356  1
RGI60-10.05024     0.48960   62.572983  176.275783   -1.260    0.346  1
RGI60-10.00530     0.48955   75.872513  107.578511   -0.026    0.156  1
RGI60-10.00873     0.48870   49.837620   86.584682   -0.325    0.211  1
RGI60-10.03366     0.48870   62.319199  141.209679   -0.890    0.296  1
RGI60-10.03630     0.48847   58.737097  161.375437   -0.617    0.215  1
RGI60-10.04033     0.48780   56.605462  159.664697   -0.605    0.234  1
RGI60-10.03766     0.48707   58.463690  160.996221   -0.348    0.168  1
RGI60-10.01855     0.48690   48.632449   89.119420   -0.682    0.218  1
RGI60-10.03719     0.48637   58.528254  160.961386   -0.242    0.184  1
RGI60-10.04245     0.48600   57.554113  160.425655   -0.400    0.188  1
RGI60-10.01974     0.48600   49.057715   87.707203   -0.716    0.207  1
RGI60-10.03579     0.48600   59.121896  161.746091   -0.305    0.212  1
RGI60-10.03097     0.48600   66.070332  140.157503   -0.313    0.183  1
RGI60-10.04855     0.48587   61.591651  172.232241   -1.339    0.367  1
RGI60-10.03247     0.48510   62.738954  140.606621   -0.561    0.270  1
RGI60-10.02297     0.48420   50.546076   89.923182   -0.920    0.239  1
RGI60-10.02963     0.48420   52.492486   98.827982   -0.680    0.243  1
RGI60-10.04122     0.48412   56.777251  162.153218   -0.110    0.173  1
RGI60-10.03607     0.48330   58.770865  161.635174   -0.473    0.199  1
RGI60-10.04009     0.48212   56.122919  160.462900   -0.402    0.170  1
RGI60-10.04056     0.48043   55.843954  160.350631   -0.534    0.236  1
RGI60-10.04239     0.48011   57.566494  160.433814   -0.577    0.189  1
RGI60-10.02882     0.47993   46.973448   92.720067   -0.183    0.177  1
RGI60-10.01244     0.47970   49.940530   87.028608   -1.013    0.272  1
RGI60-10.01347     0.47970   49.065840   87.398682   -0.033    0.181  1
RGI60-10.03907     0.47970   53.268972  158.776721   -0.108    0.147  1
RGI60-10.04559     0.47885   60.373186  166.892394   -0.401    0.209  1
RGI60-10.04153     0.47866   58.064259  160.734622   -0.118    0.164  1
RGI60-10.04999     0.47790   62.665705  176.247773   -0.735    0.290  1
RGI60-10.00275     0.47790   56.886777  117.577958   -0.582    0.243  1
RGI60-10.01270     0.47752   49.921514   87.063033   -0.990    0.311  1
RGI60-10.01722     0.47719   50.040437   87.685017   -0.307    0.214  1
RGI60-10.01249     0.47700   49.934731   85.924267   -0.814    0.275  1
RGI60-10.03351     0.47700   62.366482  141.351468   -0.464    0.189  1
RGI60-10.00882     0.47340   49.828803   85.978862   -0.830    0.260  1
RGI60-10.02053     0.47300   48.988418   87.563400   -0.548    0.235  1
RGI60-10.01265     0.47231   49.925721   85.766587   -0.543    0.272  1
RGI60-10.02055     0.47070   48.980802   88.224502   -0.538    0.232  1
RGI60-10.02590     0.47067   47.874861   90.041310   -0.826    0.263  1
RGI60-10.04044     0.46980   55.246930  160.971263   -0.437    0.182  1
RGI60-10.04007     0.46979   56.126010  160.466788   -0.394    0.187  1
RGI60-10.00956     0.46890   49.791521   86.740715   -0.584    0.259  1
RGI60-10.02395     0.46890   49.744708   89.782184   -0.602    0.197  1
RGI60-10.02994     0.46890   53.844827   96.143389   -0.421    0.218  1
RGI60-10.02658     0.46692   48.645679   90.881519   -0.411    0.202  1
RGI60-10.01827     0.46686   49.833812   87.561515   -0.562    0.240  1
RGI60-10.02438     0.46530   49.744362   88.087192   -1.101    0.316  1
RGI60-10.00605     0.46530   47.068898   85.459675   -0.546    0.238  1
RGI60-10.02918     0.46350   52.721139   98.678892   -0.563    0.211  1
RGI60-10.04070     0.46350   55.744607  161.199848   -0.516    0.210  1
RGI60-10.03267     0.46260   62.547118  140.836526   -1.145    0.281  1
RGI60-10.03846     0.46260   53.878669  158.241400   -0.810    0.281  1
RGI60-10.03502     0.46260   58.287012  160.926753   -0.214    0.175  1
RGI60-10.04012     0.46186   56.115498  160.438668   -0.336    0.177  1
RGI60-10.02228     0.46170   48.310015   88.544058   -1.053    0.271  1
RGI60-10.04187     0.46170   57.887572  160.666216   -0.095    0.162  1
RGI60-10.03383     0.46170   62.216273  141.345176   -1.047    0.311  1
RGI60-10.03216     0.46080   65.102182  146.137791   -1.179    0.334  1
RGI60-10.03171     0.46080   65.253186  146.102478   -0.950    0.267  1
RGI60-10.02056     0.45990   48.986590   87.579951   -0.253    0.202  1
RGI60-10.03782     0.45900   59.525168  161.798851   -1.036    0.408  1
RGI60-10.01119     0.45630   49.817497   86.506932    0.113    0.186  1
RGI60-10.00828     0.45540   49.857140   87.339788   -0.585    0.201  1
RGI60-10.01780     0.45471   49.889269   87.570357   -0.423    0.246  1
RGI60-10.03670     0.45450   58.636970  161.023788   -0.376    0.175  1
RGI60-10.04490     0.45270   60.501525  167.230961   -0.804    0.253  1
RGI60-10.00696     0.45146   49.082765   86.998100   -0.672    0.221  1
RGI60-10.02316     0.45084   50.296030   90.084445   -0.723    0.230  1
RGI60-10.02417     0.45070   49.803809   88.056311   -0.050    0.198  1
RGI60-10.04706     0.45000   61.886458  171.140454   -0.773    0.343  1
RGI60-10.04834     0.45000   61.677326  171.646883   -1.297    0.302  1
RGI60-10.02161     0.44934   48.665237   88.002498   -0.997    0.299  1
RGI60-10.04684     0.44910   61.977473  170.949274   -0.823    0.235  1
RGI60-10.04014     0.44908   56.065336  160.488110   -0.307    0.168  1
RGI60-10.00618     0.44846   47.059731   85.623703   -0.577    0.247  1
RGI60-10.03116     0.44820   65.967575  140.588741   -0.531    0.212  1
RGI60-10.02567     0.44656   47.926634   91.001343   -0.115    0.198  1
RGI60-10.01965     0.44640   49.041981   87.819719   -0.950    0.277  1
RGI60-10.04116     0.44579   56.664500  161.370313   -0.907    0.285  1
RGI60-10.03188     0.44539   65.183650  146.050974   -0.702    0.246  1
RGI60-10.01723     0.44493   50.040595   87.745549   -0.164    0.170  1
RGI60-10.03569     0.44460   58.404091  161.145543    0.114    0.163  1
RGI60-10.04948     0.44438   62.914625  176.488683   -1.704    0.393  1
RGI60-10.00626     0.44413   47.064761   85.511059   -0.783    0.263  1
RGI60-10.03094     0.44190   66.209748  140.074102   -0.653    0.245  1
RGI60-10.02570     0.44086   47.911396   90.997240   -0.579    0.231  1
RGI60-10.04405     0.44015   54.759109  161.745072   -0.954    0.265  1
RGI60-10.03135     0.44010   65.323928  146.024491   -0.598    0.265  1
RGI60-10.03723     0.43988   58.525575  161.041985    0.162    0.173  1
RGI60-10.01697     0.43830   50.087464   87.744031   -0.229    0.223  1
RGI60-10.04178     0.43740   57.815775  160.630115   -0.461    0.192  1
RGI60-10.01332     0.43695   49.880848   85.904214   -0.120    0.200  1
RGI60-10.03109     0.43650   65.794813  140.783594   -1.313    0.461  1
RGI60-10.04046     0.43650   55.230371  160.947651   -0.761    0.223  1
RGI60-10.03043     0.43560   66.716982  140.220666   -0.748    0.287  1
RGI60-10.00972     0.43470   49.791553   86.438664   -0.522    0.261  1
RGI60-10.03874     0.43380   53.605423  159.018036   -0.053    0.147  1
RGI60-10.02899     0.43308   46.619261   93.586467   -0.302    0.239  1
RGI60-10.01266     0.43219   49.930116   85.754842   -0.338    0.244  1
RGI60-10.01779     0.43133   49.886483   87.579311   -0.350    0.219  1
RGI60-10.04478     0.43110   60.547950  167.507498   -0.008    0.197  1
RGI60-10.04721     0.43071   61.864301  171.161267   -0.742    0.298  1
RGI60-10.03875     0.43049   53.588753  159.092165   -0.435    0.201  1
RGI60-10.01912     0.42930   49.141441   87.785484   -0.880    0.227  1
RGI60-10.03813     0.42930   59.171795  161.719513   -0.444    0.228  1
RGI60-10.04570     0.42930   60.259787  166.698093   -0.763    0.246  1
RGI60-10.03721     0.42930   58.476814  160.883336    0.043    0.158  1
RGI60-10.02160     0.42840   48.827268   87.812567   -0.872    0.271  1
RGI60-10.00319     0.42840   67.580360  128.156764   -0.714    0.239  1
RGI60-10.01663     0.42750   49.048388   87.306860   -0.682    0.266  1
RGI60-10.02105     0.42750   48.959736   87.530894   -0.524    0.219  1
RGI60-10.01692     0.42660   50.344964   87.866607   -0.306    0.207  1
RGI60-10.03705     0.42660   58.576702  160.979085   -0.066    0.155  1
RGI60-10.01356     0.42660   49.067490   87.430832   -0.382    0.206  1
RGI60-10.03506     0.42570   58.240042  161.044903   -0.234    0.187  1
RGI60-10.03997     0.42513   56.648634  159.640618   -0.416    0.194  1
RGI60-10.01964     0.42433   49.069827   87.963236   -0.314    0.242  1
RGI60-10.03260     0.42390   62.593503  140.791172   -0.575    0.206  1
RGI60-10.04010     0.42332   56.017641  160.583331   -0.008    0.164  1
RGI60-10.04235     0.42120   57.681296  160.453814   -0.148    0.153  1
RGI60-10.02838     0.42120   49.521415   91.354315   -0.906    0.263  1
RGI60-10.02804     0.42116   49.738764   91.384510   -0.113    0.192  1
RGI60-10.03724     0.42051   58.518180  161.050955    0.064    0.162  1
RGI60-10.00904     0.42030   49.826217   86.694517   -0.243    0.354  1
RGI60-10.02459     0.41928   49.745991   87.898031   -0.531    0.219  1
RGI60-10.01395     0.41850   49.095546   87.511002   -0.374    0.209  1
RGI60-10.03367     0.41825   62.283701  141.469078   -0.903    0.311  1
RGI60-10.03956     0.41811   56.068642  160.638351    0.642    0.202  1
RGI60-10.02701     0.41760   48.635157   90.887278   -0.550    0.196  1
RGI60-10.02057     0.41760   48.994762   87.896839   -0.626    0.275  1
RGI60-10.03633     0.41670   58.728922  161.502350   -0.022    0.171  1
RGI60-10.03302     0.41580   62.695035  140.836610   -0.930    0.266  1
RGI60-10.00263     0.41542   56.877551  117.538289   -0.618    0.255  1
RGI60-10.01786     0.41448   49.864472   87.811927   -0.075    0.167  1
RGI60-10.03399     0.41310   62.153934  141.285745   -1.080    0.314  1
RGI60-10.03246     0.41310   62.651931  140.783345   -0.780    0.252  1
RGI60-10.02623     0.41294   47.358141   90.509411   -0.780    0.237  1
RGI60-10.00540     0.41130   75.865487  108.196281   -0.255    0.184  1
RGI60-10.00879     0.41123   49.836601   86.478451    0.045    0.244  1
RGI60-10.00770     0.41099   50.124283   87.501601   -0.780    0.324  1
RGI60-10.00921     0.41040   49.800679   87.076284   -0.300    0.209  1
RGI60-10.03980     0.41040   56.666002  159.651311   -0.308    0.205  1
RGI60-10.03301     0.40950   62.696564  140.767235   -0.952    0.284  1
RGI60-10.04945     0.40860   62.934806  176.529868   -0.867    0.336  1
RGI60-10.03256     0.40860   62.602109  141.021330   -0.398    0.213  1
RGI60-10.04396     0.40841   54.756759  160.512378   -0.236    0.190  1
RGI60-10.04347     0.40770   54.848104  161.858858   -1.548    0.374  1
RGI60-10.01191     0.40770   49.969894   87.288078   -0.408    0.197  1
RGI60-10.02758     0.40680   46.846614   91.674626   -1.028    0.287  1
RGI60-10.03642     0.40680   58.669131  161.314314   -0.120    0.197  1
RGI60-10.00334     0.40680   69.807282   92.100677   -0.279    0.171  1
RGI60-10.05023     0.40590   62.572196  176.253824   -0.451    0.259  1
RGI60-10.04694     0.40500   61.924285  171.105308   -1.046    0.277  1
RGI60-10.01782     0.40410   49.879859   87.628224   -0.486    0.198  1
RGI60-10.00473     0.40406   75.964654  107.590745   -0.054    0.167  1
RGI60-10.03528     0.40359   58.203396  160.867061   -0.171    0.160  1
RGI60-10.01853     0.40320   48.656031   89.158166   -0.363    0.194  1
RGI60-10.03945     0.40320   52.449162  158.186571   -0.242    0.161  1
RGI60-10.02388     0.40230   49.788473   89.678811   -1.191    0.355  1
RGI60-10.00975     0.40230   49.781002   86.669634   -0.072    0.239  1
RGI60-10.01796     0.40230   49.830691   87.821300   -0.452    0.239  1
RGI60-10.00337     0.40230   69.792817   92.005698    0.111    0.160  1
RGI60-10.02020     0.40172   49.022274   88.038916   -0.236    0.191  1
RGI60-10.04341     0.39960   55.130834  161.318856   -0.731    0.208  1
RGI60-10.01078     0.39960   50.053404   87.381710   -0.765    0.253  1
RGI60-10.04120     0.39812   56.664872  161.360540   -0.948    0.302  1
RGI60-10.00952     0.39780   49.791639   87.083534   -0.717    0.261  1
RGI60-10.02024     0.39690   49.008572   88.095187   -0.669    0.252  1
RGI60-10.02569     0.39655   47.902711   91.006627   -0.203    0.230  1
RGI60-10.01222     0.39622   49.964252   87.333581   -0.628    0.224  1
RGI60-10.04073     0.39600   55.384194  160.869880   -0.391    0.182  1
RGI60-10.04135     0.39596   58.097761  160.750183   -0.644    0.210  1
RGI60-10.04678     0.39510   61.987421  170.904572   -0.269    0.202  1
RGI60-10.01218     0.39510   49.950536   85.926589   -0.659    0.368  1
RGI60-10.02678     0.39505   48.693865   90.707049   -0.059    0.209  1
RGI60-10.02726     0.39488   48.380965   90.564256   -0.381    0.186  1
RGI60-10.02366     0.39420   49.757478   89.719873   -0.993    0.308  1
RGI60-10.02437     0.39330   49.741795   88.112989   -0.451    0.206  1
RGI60-10.03091     0.39330   66.227613  140.062276   -0.248    0.201  1
RGI60-10.03701     0.39240   58.585705  161.340480   -0.255    0.193  1
RGI60-10.01397     0.39191   49.107098   87.237190   -0.648    0.218  1
RGI60-10.01763     0.39150   49.836973   87.613318   -0.515    0.219  1
RGI60-10.04208     0.39150   57.655974  160.429089   -0.396    0.203  1
RGI60-10.03581     0.39060   58.957094  161.632358    0.130    0.221  1
RGI60-10.02375     0.38970   49.805229   89.631481   -0.985    0.244  1
RGI60-10.01771     0.38960   49.895900   87.759871   -0.280    0.217  1
RGI60-10.02660     0.38949   48.374478   90.597444   -0.655    0.201  1
RGI60-10.01986     0.38886   49.065829   87.950744   -0.094    0.204  1
RGI60-10.03354     0.38880   62.352653  141.228186   -0.274    0.221  1
RGI60-10.02181     0.38700   48.580662   88.278165   -0.270    0.242  1
RGI60-10.04708     0.38613   61.886345  171.232324   -0.830    0.288  1
RGI60-10.01917     0.38610   49.181556   87.668595   -1.049    0.289  1
RGI60-10.01941     0.38610   49.118905   87.678688    0.025    0.186  1
RGI60-10.03537     0.38580   58.166346  160.770124   -0.152    0.163  1
RGI60-10.02321     0.38520   50.546609   89.909762   -1.200    0.339  1
RGI60-10.03668     0.38430   58.627906  161.583151   -0.198    0.186  1
RGI60-10.02205     0.38430   48.404515   88.513660   -0.364    0.178  1
RGI60-10.03707     0.38430   58.561260  161.047829   -0.129    0.204  1
RGI60-10.03725     0.38421   58.510867  161.078980   -0.151    0.170  1
RGI60-10.02390     0.38340   49.753468   89.784974   -0.129    0.220  1
RGI60-10.03671     0.38340   58.626008  161.678918   -0.129    0.178  1
RGI60-10.00270     0.38340   56.842156  117.443476   -0.307    0.203  1
RGI60-10.02483     0.38304   51.031623   89.343249   -0.990    0.331  1
RGI60-10.01064     0.38241   50.073414   87.373749   -1.087    0.316  1
RGI60-10.01971     0.38160   49.059523   87.861574   -0.697    0.319  1
RGI60-10.04686     0.38160   61.974964  170.911062   -0.595    0.247  1
RGI60-10.02960     0.38103   52.508377   98.809939   -0.442    0.188  1
RGI60-10.03187     0.38021   65.192705  146.046765   -0.735    0.278  1
RGI60-10.03461     0.37980   53.997040  157.424175   -0.876    0.239  1
RGI60-10.03657     0.37980   58.618840  161.062117   -0.043    0.154  1
RGI60-10.03566     0.37980   58.124588  160.865643   -0.392    0.199  1
RGI60-10.01788     0.37890   49.849667   87.784356   -0.430    0.204  1
RGI60-10.02667     0.37794   48.666823   90.122401   -0.724    0.249  1
RGI60-10.00930     0.37710   49.803293   86.815689   -0.532    0.228  1
RGI60-10.01877     0.37620   48.567405   89.176732   -0.903    0.281  1
RGI60-10.01093     0.37620   49.729686   86.767498   -0.688    0.252  1
RGI60-10.04395     0.37537   54.761698  160.520939   -0.233    0.195  1
RGI60-10.04894     0.37530   61.020686  172.000294   -1.530    0.369  1
RGI60-10.01767     0.37504   49.894280   87.687690   -0.232    0.226  1
RGI60-10.01019     0.37440   49.774109   86.175816   -1.070    0.317  1
RGI60-10.02702     0.37440   48.607917   90.220003   -0.637    0.226  1
RGI60-10.02382     0.37440   49.795395   89.708090   -1.303    0.434  1
RGI60-10.01778     0.37396   49.879487   87.576518   -0.205    0.195  1
RGI60-10.02434     0.37350   49.752383   87.968750   -0.966    0.349  1
RGI60-10.03771     0.37350   58.453123  161.038193    0.153    0.177  1
RGI60-10.04991     0.37260   62.731918  176.162780   -1.260    0.343  1
RGI60-10.03185     0.37260   65.204091  146.122616   -0.950    0.331  1
RGI60-10.02212     0.37080   48.461681   88.367766   -1.411    0.393  1
RGI60-10.01588     0.37080   48.941601   87.412234   -0.674    0.234  1
RGI60-10.03196     0.36990   65.155613  146.042253   -0.916    0.422  1
RGI60-10.03944     0.36990   52.452591  158.161451   -0.214    0.155  1
RGI60-10.02794     0.36902   49.656436   91.349967   -0.235    0.247  1
RGI60-10.03573     0.36810   59.146609  161.640679   -0.082    0.190  1
RGI60-10.04195     0.36810   57.847756  160.667434   -0.124    0.197  1
RGI60-10.00988     0.36792   49.813745   86.828621   -0.428    0.253  1
RGI60-10.03186     0.36720   65.123451  146.082975   -0.777    0.330  1
RGI60-10.03969     0.36720   56.682844  159.654328   -0.762    0.264  1
RGI60-10.02559     0.36720   47.883903   89.863252   -0.445    0.194  1
RGI60-10.04794     0.36720   61.785464  172.119141   -0.302    0.199  1
RGI60-10.04118     0.36693   56.660291  161.344917   -0.917    0.251  1
RGI60-10.02415     0.36630   49.810616   87.872819   -0.030    0.216  1
RGI60-10.03791     0.36630   59.439584  161.867113   -0.710    0.296  1
RGI60-10.01913     0.36540   49.189736   87.956352   -0.671    0.260  1
RGI60-10.04296     0.36540   57.337403  160.290774   -0.247    0.185  1
RGI60-10.03270     0.36531   62.535951  140.814878   -0.931    0.321  1
RGI60-10.00646     0.36450   49.144632   87.162367   -0.811    0.278  1
RGI60-10.03882     0.36448   53.596013  159.170344   -0.137    0.176  1
RGI60-10.00328     0.36445   69.836407   89.677581   -0.600    0.295  1
RGI60-10.02509     0.36430   50.944273   89.614376   -0.787    0.298  1
RGI60-10.04193     0.36360   57.837177  160.937536    0.181    0.204  1
RGI60-10.04281     0.36325   57.414279  160.379826   -0.117    0.159  1
RGI60-10.04683     0.36270   61.978698  170.963446   -1.074    0.290  1
RGI60-10.04943     0.36180   62.943947  176.508995   -1.167    0.382  1
RGI60-10.01888     0.36090   48.322874   89.847295   -1.387    0.409  1
RGI60-10.02156     0.36000   48.779732   87.896037   -0.682    0.245  1
RGI60-10.04608     0.35820   60.210352  166.719735   -1.041    0.300  1
RGI60-10.01759     0.35808   49.844806   87.655058   -0.374    0.188  1
RGI60-10.04165     0.35730   57.897011  160.675774    0.138    0.184  1
RGI60-10.00568     0.35728   75.855186  107.811856   -0.545    0.204  1
RGI60-10.01612     0.35721   48.984064   87.142715    0.010    0.215  1
RGI60-10.00208     0.35550   55.057086  108.698410   -0.611    0.245  1
RGI60-10.04581     0.35550   60.285939  166.712753   -0.684    0.270  1
RGI60-10.02179     0.35460   48.589648   88.182978   -0.373    0.193  1
RGI60-10.04092     0.35460   55.189507  161.211389   -0.441    0.188  1
RGI60-10.03533     0.35405   58.141774  160.771089   -0.104    0.154  1
RGI60-10.02690     0.35383   48.695965   90.763031   -0.352    0.204  1
RGI60-10.00932     0.35370   49.798350   86.101875   -0.278    0.209  1
RGI60-10.03605     0.35370   58.784087  161.676897   -0.075    0.193  1
RGI60-10.02821     0.35323   49.680149   91.352418   -0.312    0.241  1
RGI60-10.01123     0.35280   49.760781   86.428120   -0.270    0.201  1
RGI60-10.00849     0.35190   49.850771   86.341005   -0.548    0.290  1
RGI60-10.01607     0.35190   48.971955   87.487276   -0.524    0.263  1
RGI60-10.02770     0.35100   46.818889   91.647010   -0.213    0.240  1
RGI60-10.04125     0.34959   57.893500  160.590660   -0.901    0.248  1
RGI60-10.02401     0.34920   49.784234   88.063523   -0.106    0.188  1
RGI60-10.01639     0.34920   49.024699   87.283895   -0.821    0.280  1
RGI60-10.01430     0.34920   49.138186   87.412780    0.040    0.203  1
RGI60-10.00686     0.34839   49.081570   87.065457   -0.317    0.183  1
RGI60-10.03165     0.34830   65.289648  146.046735   -1.215    0.301  1
RGI60-10.01094     0.34830   49.691341   86.762965   -0.773    0.286  1
RGI60-10.01898     0.34830   48.316785   89.868626   -1.343    0.409  1
RGI60-10.03085     0.34830   66.007966  140.233690   -0.557    0.236  1
RGI60-10.03586     0.34740   59.094871  161.647261   -0.283    0.213  1
RGI60-10.00735     0.34740   50.154148   87.600456   -0.797    0.278  1
RGI60-10.03086     0.34740   66.109638  140.258869   -0.226    0.203  1
RGI60-10.03661     0.34740   58.610823  161.077834    0.019    0.151  1
RGI60-10.03231     0.34650   62.754901  140.624236   -0.218    0.253  1
RGI60-10.03636     0.34650   58.713089  161.421907   -0.223    0.188  1
RGI60-10.04488     0.34650   60.526229  167.390592   -0.478    0.275  1
RGI60-10.02669     0.34604   48.678103   90.855386   -0.399    0.214  1
RGI60-10.02841     0.34600   49.517519   91.389957    0.054    0.155  1
RGI60-10.00931     0.34560   49.802406   87.087482   -0.971    0.389  1
RGI60-10.03608     0.34470   58.910866  161.659708   -0.083    0.189  1
RGI60-10.04192     0.34470   57.856243  160.666711    0.011    0.160  1
RGI60-10.01569     0.34380   48.919909   87.483799   -0.533    0.258  1
RGI60-10.02877     0.34380   49.502341   91.396730   -0.462    0.218  1
RGI60-10.03292     0.34380   62.438372  140.949995   -1.341    0.452  1
RGI60-10.00660     0.34380   49.116643   86.745267   -0.987    0.299  1
RGI60-10.00359     0.34380   69.297441   92.377664   -0.145    0.183  1
RGI60-10.04227     0.34375   57.711159  160.553434    0.105    0.153  1
RGI60-10.04112     0.34374   56.782414  162.165282    0.284    0.213  1
RGI60-10.00792     0.34290   49.865544   85.930207   -0.662    0.228  1
RGI60-10.04814     0.34290   61.706126  171.465018   -0.659    0.306  1
RGI60-10.02017     0.34212   49.029262   87.875094   -1.249    0.328  1
RGI60-10.00360     0.34099   69.683741   89.262693   -0.289    0.241  1
RGI60-10.02863     0.34063   49.576236   91.380601   -0.166    0.207  1
RGI60-10.00611     0.34020   47.070675   85.550887   -0.793    0.285  1
RGI60-10.04833     0.34020   61.677242  171.604787   -0.688    0.295  1
RGI60-10.00846     0.33958   49.850299   86.248233   -1.301    0.374  1
RGI60-10.03169     0.33930   65.341710  146.053061   -0.693    0.294  1
RGI60-10.04996     0.33930   62.826941  176.365214   -1.085    0.461  1
RGI60-10.02238     0.33840   48.332979   88.571511   -0.737    0.227  1
RGI60-10.01130     0.33840   49.747815   86.606460   -0.691    0.239  1
RGI60-10.05019     0.33840   62.656026  176.290123   -0.660    0.261  1
RGI60-10.00315     0.33795   68.221992  128.551729   -1.022    0.338  1
RGI60-10.01503     0.33750   49.159141   87.482052    0.053    0.193  1
RGI60-10.03660     0.33671   58.636343  161.002929    0.010    0.153  1
RGI60-10.01635     0.33660   49.013322   87.266966   -0.792    0.259  1
RGI60-10.02304     0.33616   50.290132   90.107886   -0.666    0.228  1
RGI60-10.04205     0.33570   57.799130  160.566609   -0.085    0.174  1
RGI60-10.03495     0.33570   58.309939  160.837256   -0.041    0.161  1
RGI60-10.02596     0.33570   47.870524   89.866475   -0.746    0.251  1
RGI60-10.04705     0.33570   61.813440  171.164972   -1.500    0.415  1
RGI60-10.02027     0.33390   49.005695   87.955889   -0.755    0.291  1
RGI60-10.01642     0.33300   49.006903   87.243939   -0.046    0.195  1
RGI60-10.01354     0.33300   49.066260   87.386601   -0.511    0.245  1
RGI60-10.04194     0.33300   57.838429  160.635728   -0.238    0.191  1
RGI60-10.03814     0.33210   59.163463  161.711197   -0.373    0.220  1
RGI60-10.01348     0.33030   49.069930   87.190181   -0.279    0.288  1
RGI60-10.01147     0.32940   49.510585   86.856419   -0.583    0.222  1
RGI60-10.05018     0.32850   62.624321  176.258829   -0.468    0.363  1
RGI60-10.03674     0.32805   58.622507  161.554285    0.023    0.170  1
RGI60-10.04271     0.32760   57.350267  160.227032   -0.298    0.184  1
RGI60-10.04197     0.32760   57.825654  160.627078   -0.735    0.234  1
RGI60-10.04241     0.32760   57.470855  160.367345   -0.037    0.170  1
RGI60-10.04425     0.32760   54.534336  159.806296   -0.032    0.157  1
RGI60-10.03539     0.32724   58.299255  160.910962    0.115    0.167  1
RGI60-10.02099     0.32670   48.951502   87.862665   -0.447    0.262  1
RGI60-10.03280     0.32618   62.698424  140.656757    0.036    0.234  1
RGI60-10.01453     0.32590   49.075001   87.201089   -0.282    0.226  1
RGI60-10.01872     0.32580   48.580350   89.170813   -0.894    0.275  1
RGI60-10.00637     0.32580   49.153848   87.030136   -0.451    0.216  1
RGI60-10.03680     0.32580   58.626374  161.010304    0.120    0.169  1
RGI60-10.02363     0.32580   49.785955   89.718365   -0.694    0.211  1
RGI60-10.02184     0.32580   48.573812   88.207957   -0.632    0.271  1
RGI60-10.03268     0.32490   62.699838  140.617110   -0.676    0.268  1
RGI60-10.04553     0.32490   60.367117  166.724862   -0.488    0.306  1
RGI60-10.02134     0.32400   48.901957   88.364827   -0.339    0.244  1
RGI60-10.02396     0.32400   49.740122   89.718525   -0.809    0.289  1
RGI60-10.05144     0.32394   68.040788   65.624275   -0.547    0.212  1
RGI60-10.04270     0.32292   57.355168  160.323809   -0.014    0.151  1
RGI60-10.04217     0.32283   57.774111  160.546824   -0.350    0.188  1
RGI60-10.01946     0.32230   49.103259   87.718192   -0.353    0.216  1
RGI60-10.04155     0.32220   57.989064  160.723962   -0.496    0.233  1
RGI60-10.02840     0.32143   49.529481   91.350367   -0.424    0.223  1
RGI60-10.00760     0.32130   50.100251   87.546925   -0.434    0.241  1
RGI60-10.03996     0.32130   56.656776  159.646835   -0.033    0.192  1
RGI60-10.02572     0.32040   47.911030   89.833272   -0.665    0.222  1
RGI60-10.04500     0.31950   60.446704  167.110439   -0.594    0.234  1
RGI60-10.01711     0.31950   50.039887   87.623246   -0.301    0.283  1
RGI60-10.01476     0.31887   49.147257   87.518940    0.078    0.214  1
RGI60-10.01764     0.31860   49.892150   87.628900   -0.955    0.399  1
RGI60-10.01940     0.31860   49.116352   87.937841   -0.628    0.254  1
RGI60-10.04919     0.31860   60.887146  171.339125   -1.294    0.436  1
RGI60-10.00313     0.31829   67.491437  127.968161   -0.497    0.218  1
RGI60-10.01969     0.31770   49.065605   87.857348   -0.209    0.243  1
RGI60-10.01098     0.31703   49.765240   86.543010   -0.210    0.218  1
RGI60-10.04057     0.31684   55.827590  160.313352   -0.234    0.181  1
RGI60-10.00872     0.31680   49.835300   85.995259   -0.617    0.247  1
RGI60-10.04184     0.31680   57.807495  160.566544   -0.282    0.188  1
RGI60-10.01724     0.31622   50.119542   87.621816   -0.355    0.197  1
RGI60-10.04268     0.31590   57.442578  160.357327   -0.468    0.212  1
RGI60-10.00640     0.31590   49.150962   86.957400   -0.433    0.213  1
RGI60-10.01475     0.31500   49.149161   87.371787    0.006    0.207  1
RGI60-10.02898     0.31490   46.612298   93.603433   -0.125    0.234  1
RGI60-10.01304     0.31452   49.902885   86.246304   -0.706    0.262  1
RGI60-10.01636     0.31410   49.016579   87.251879   -0.593    0.269  1
RGI60-10.02176     0.31410   48.823570   87.779712   -0.919    0.306  1
RGI60-10.01014     0.31312   49.776084   86.221295   -0.391    0.234  1
RGI60-10.02159     0.31230   48.742846   87.954312   -0.536    0.340  1
RGI60-10.00800     0.31230   49.859925   85.935822   -0.768    0.269  1
RGI60-10.02137     0.31230   48.888784   88.018294   -0.764    0.308  1
RGI60-10.01985     0.31209   49.187668   87.780623   -0.346    0.230  1
RGI60-10.02338     0.31140   49.989089   89.328587   -0.460    0.208  1
RGI60-10.03172     0.31140   65.246465  146.019809   -1.388    0.535  1
RGI60-10.01018     0.31050   49.776091   87.018880   -0.751    0.274  1
RGI60-10.02902     0.30996   46.636536   93.553872   -0.341    0.267  1
RGI60-10.02674     0.30960   48.652746   90.132767   -0.998    0.369  1
RGI60-10.03809     0.30960   59.247368  161.926857   -0.034    0.200  1
RGI60-10.04449     0.30960   61.831355  161.709945   -0.429    0.267  1
RGI60-10.02318     0.30958   50.286753   90.033640   -0.293    0.267  1
RGI60-10.01721     0.30938   50.057912   87.573945   -0.160    0.201  1
RGI60-10.02643     0.30932   47.199978   90.536788   -0.716    0.295  1
RGI60-10.00267     0.30870   56.884488  117.539838   -0.649    0.290  1
RGI60-10.03291     0.30870   62.445238  140.965418   -1.105    0.420  1
RGI60-10.03191     0.30843   65.169220  146.076516   -0.071    0.226  1
RGI60-10.01774     0.30833   49.902778   87.765609   -0.499    0.244  1
RGI60-10.03816     0.30802   59.231256  162.009408   -0.569    0.239  1
RGI60-10.00178     0.30780   64.989464   60.059948   -0.351    0.241  1
RGI60-10.03914     0.30704   53.242299  158.879572   -0.299    0.167  1
RGI60-10.04286     0.30690   57.377126  160.249978   -0.314    0.194  1
RGI60-10.04682     0.30690   61.981539  170.982009   -0.841    0.298  1
RGI60-10.02287     0.30689   50.557617   90.031458   -0.364    0.236  1
RGI60-10.01725     0.30602   50.022429   87.693041   -0.157    0.212  1
RGI60-10.01020     0.30600   49.773104   86.199564   -1.113    0.375  1
RGI60-10.02308     0.30598   50.234793   90.036778   -0.531    0.308  1
RGI60-10.01852     0.30510   48.599409   89.155712   -0.831    0.295  1
RGI60-10.02317     0.30508   50.288607   90.048817   -1.028    0.320  1
RGI60-10.03572     0.30420   58.416888  160.935597    0.267    0.192  1
RGI60-10.01245     0.30420   49.931939   85.802191   -0.479    0.267  1
RGI60-10.00981     0.30420   49.785461   86.651625   -0.602    0.359  1
RGI60-10.00765     0.30355   50.100106   87.467181    0.036    0.220  1
RGI60-10.00268     0.30330   56.854178  117.403344   -1.231    0.457  1
RGI60-10.00713     0.30330   49.062971   85.434354   -0.529    0.235  1
RGI60-10.01720     0.30247   50.050211   87.575136   -0.639    0.308  1
RGI60-10.02657     0.30243   48.644249   90.866948   -0.436    0.216  1
RGI60-10.04110     0.30240   54.999619  160.705685   -0.512    0.185  1
RGI60-10.03159     0.30240   65.216813  145.868171    0.128    0.285  1
RGI60-10.04222     0.30240   57.723902  160.502906    0.102    0.182  1
RGI60-10.04141     0.30240   58.011721  160.851260   -0.282    0.212  1
RGI60-10.00139     0.30226   64.400049   59.315317   -0.115    0.244  1
RGI60-10.01772     0.30223   49.901052   87.755906   -0.202    0.228  1
RGI60-10.04254     0.30195   57.526901  160.354357   -0.383    0.224  1
RGI60-10.00318     0.30187   67.586398  128.148080   -0.153    0.214  1
RGI60-10.03475     0.30150   55.655575  157.738821   -0.784    0.319  1
RGI60-10.02380     0.30150   49.797789   89.652855   -0.944    0.353  1
RGI60-10.02311     0.30141   50.227511   90.059180   -0.530    0.250  1
RGI60-10.01773     0.30129   49.915419   87.719341   -0.309    0.228  1
RGI60-10.03232     0.30060   62.687693  140.664067   -0.455    0.245  1
RGI60-10.02314     0.30056   50.307759   90.090485   -0.745    0.274  1
RGI60-10.02107     0.29992   48.932789   87.578820   -0.399    0.214  1
RGI60-10.04164     0.29970   57.895225  160.640796   -0.872    0.273  1
RGI60-10.02589     0.29963   47.877032   90.147857   -0.465    0.230  1
RGI60-10.04548     0.29950   60.371601  166.848332   -0.957    0.369  1
RGI60-10.04295     0.29880   57.335624  160.237805   -0.053    0.149  1
RGI60-10.03474     0.29880   55.662266  157.764453   -0.397    0.257  1
RGI60-10.03582     0.29880   58.945046  161.617061   -0.518    0.263  1
RGI60-10.03146     0.29790   65.188692  145.602396   -0.713    0.259  1
RGI60-10.01400     0.29790   49.107642   87.226923   -0.465    0.255  1
RGI60-10.02256     0.29700   50.658065   89.817191   -0.351    0.241  1
RGI60-10.03184     0.29700   65.308998  146.151597   -1.083    0.371  1
RGI60-10.03665     0.29634   58.633329  161.641377    0.055    0.186  1
RGI60-10.00631     0.29610   49.159484   86.991044   -0.163    0.201  1
RGI60-10.04477     0.29610   60.549862  167.478565   -0.480    0.265  1
RGI60-10.03493     0.29610   58.322023  160.870349    0.056    0.180  1
RGI60-10.00786     0.29480   49.893799   86.615854   -0.683    0.308  1
RGI60-10.03374     0.29430   62.258394  141.256557   -0.729    0.284  1
RGI60-10.00826     0.29430   49.856795   87.488711   -0.604    0.255  1
RGI60-10.00310     0.29430   68.948548  128.689815   -0.616    0.223  1
RGI60-10.03514     0.29430   58.239654  161.072615    0.287    0.215  1
RGI60-10.01829     0.29430   49.822791   87.539236   -0.741    0.294  1
RGI60-10.01987     0.29425   49.115304   87.902208   -0.762    0.370  1
RGI60-10.00272     0.29344   56.849846  117.422663   -0.555    0.231  1
RGI60-10.03303     0.29340   62.691499  140.588930   -0.582    0.343  1
RGI60-10.00236     0.29340   56.980354  117.629353   -0.674    0.261  1
RGI60-10.01830     0.29327   49.783411   87.720797   -0.098    0.215  1
RGI60-10.02668     0.29316   48.683498   90.860941   -0.242    0.242  1
RGI60-10.03175     0.29160   65.233491  145.984081   -0.888    0.318  1
RGI60-10.02186     0.29160   48.570223   88.237132   -0.438    0.208  1
RGI60-10.01527     0.29160   49.165071   87.361442    0.013    0.210  1
RGI60-10.04685     0.29160   61.990187  170.880927   -0.099    0.249  1
RGI60-10.03298     0.29160   62.428521  140.943844   -1.202    0.354  1
RGI60-10.00289     0.29160   68.401350  128.639766   -0.741    0.248  1
RGI60-10.01269     0.29157   49.919686   87.068809   -0.504    0.318  1
RGI60-10.03293     0.29152   62.733374  140.624965   -0.675    0.290  1
RGI60-10.03866     0.29080   53.625942  159.032540   -0.582    0.292  1
RGI60-10.01189     0.29070   49.975412   87.368480   -0.459    0.280  1
RGI60-10.01920     0.29070   49.173045   87.738721   -0.919    0.269  1
RGI60-10.02423     0.29070   49.790825   88.131919   -0.350    0.263  1
RGI60-10.03373     0.29070   62.262491  141.528540   -1.526    0.484  1
RGI60-10.01102     0.29023   49.783217   86.968238   -0.486    0.343  1
RGI60-10.04228     0.29014   57.687130  160.480669   -0.787    0.260  1
RGI60-10.01953     0.28980   49.082854   87.667780   -0.516    0.207  1
RGI60-10.02283     0.28980   50.600823   89.656051   -0.905    0.264  1
RGI60-10.04144     0.28980   58.003831  160.719555   -0.054    0.153  1
RGI60-10.01486     0.28980   49.140385   87.588704   -0.420    0.225  1
RGI60-10.00854     0.28980   49.849109   87.368336   -0.571    0.231  1
RGI60-10.05097     0.28980   67.885957   66.157378   -0.578    0.298  1
RGI60-10.00339     0.28890   69.785367   91.894601   -0.119    0.176  1
RGI60-10.00232     0.28800   57.037643  117.363108   -0.363    0.234  1
RGI60-10.01422     0.28800   49.123512   87.544297   -0.343    0.239  1
RGI60-10.01586     0.28741   48.958521   87.481784   -0.286    0.238  1
RGI60-10.04675     0.28710   61.992265  170.906897   -0.238    0.226  1
RGI60-10.04886     0.28648   61.079195  171.781757   -1.228    0.330  1
RGI60-10.02026     0.28620   49.012115   87.548889   -0.746    0.341  1
RGI60-10.03692     0.28620   58.582491  160.963992   -0.154    0.169  1
RGI60-10.03841     0.28558   53.791390  159.294275   -0.085    0.169  1
RGI60-10.02462     0.28530   49.713056   88.033418   -0.459    0.227  1
RGI60-10.01633     0.28530   48.978960   87.151202   -0.027    0.219  1
RGI60-10.03161     0.28530   65.210866  146.104425   -0.622    0.261  1
RGI60-10.04407     0.28530   54.752140  161.703679   -1.096    0.340  1
RGI60-10.01060     0.28515   50.078889   87.529001   -0.773    0.366  1
RGI60-10.04393     0.28510   54.757645  160.541992    0.005    0.198  1
RGI60-10.01756     0.28496   49.929231   87.769436   -0.150    0.175  1
RGI60-10.02676     0.28440   48.647580   90.197329   -0.492    0.245  1
RGI60-10.03755     0.28440   58.423244  161.151768   -0.035    0.186  1
RGI60-10.00641     0.28440   49.149469   87.041699   -0.957    0.286  1
RGI60-10.03176     0.28440   65.225774  146.122027   -0.808    0.285  1
RGI60-10.02135     0.28350   48.899542   88.003734   -0.439    0.228  1
RGI60-10.00730     0.28350   50.368386   87.757211   -0.417    0.242  1
RGI60-10.02850     0.28350   49.562749   91.332704   -0.838    0.355  1
RGI60-10.04246     0.28350   57.551355  160.396167   -0.202    0.187  1
RGI60-10.00581     0.28302   75.803246  107.535485   -0.305    0.193  1
RGI60-10.02131     0.28260   48.918665   87.636875   -0.583    0.232  1
RGI60-10.03690     0.28260   58.523367  160.900488    0.055    0.166  1
RGI60-10.05100     0.28260   67.803336   66.019591    0.225    0.256  1
RGI60-10.03269     0.28260   62.535183  140.850112   -0.553    0.302  1
RGI60-10.00295     0.28176   68.967125  128.720422   -0.799    0.292  1
RGI60-10.03409     0.28170   62.099689  141.282462   -1.223    0.395  1
RGI60-10.04156     0.28170   57.987666  160.757824    0.087    0.174  1
RGI60-10.03069     0.28170   65.962438  140.363195   -0.332    0.251  1
RGI60-10.02699     0.28170   48.642184   90.180530   -0.408    0.262  1
RGI60-10.02341     0.28110   49.975045   89.310157   -0.432    0.240  1
RGI60-10.03758     0.28080   58.413726  161.513408    0.139    0.181  1
RGI60-10.04713     0.28080   61.884055  171.348856   -1.138    0.337  1
RGI60-10.01110     0.28069   49.807243   86.676977   -0.043    0.297  1
RGI60-10.01143     0.27990   49.519244   86.842265   -0.648    0.315  1
RGI60-10.04034     0.27990   56.471074  159.753838   -0.723    0.251  1
RGI60-10.00257     0.27990   56.894789  117.514148   -0.472    0.279  1
RGI60-10.00698     0.27990   49.080656   86.656367   -0.945    0.307  1
RGI60-10.04859     0.27990   61.460512  172.187729   -1.347    0.412  1
RGI60-10.00507     0.27987   75.887070  107.503093   -0.480    0.239  1
RGI60-10.03634     0.27900   58.722055  161.439948    0.175    0.198  1
RGI60-10.04294     0.27900   57.336317  160.351069   -0.276    0.178  1
RGI60-10.02671     0.27813   48.681767   90.865188   -0.230    0.238  1
RGI60-10.02049     0.27810   48.991596   87.888563   -0.914    0.364  1
RGI60-10.00630     0.27810   49.161152   87.003138   -0.213    0.220  1
RGI60-10.01355     0.27810   49.066698   87.197401   -0.652    0.263  1
RGI60-10.00634     0.27810   49.139237   86.573929   -1.166    0.372  1
RGI60-10.01034     0.27810   49.764627   86.443768   -0.503    0.216  1
RGI60-10.01097     0.27787   49.759696   86.543436   -0.166    0.244  1
RGI60-10.00736     0.27763   50.147528   87.526549    0.122    0.240  1
RGI60-10.03347     0.27755   62.395079  141.338254   -1.358    0.536  1
RGI60-10.03152     0.27720   65.107341  145.569881   -0.501    0.267  1
RGI60-10.00868     0.27720   49.842615   86.735362   -0.660    0.420  1
RGI60-10.01769     0.27682   49.914655   87.710841   -0.231    0.235  1
RGI60-10.01637     0.27630   49.016214   87.278038   -0.500    0.273  1
RGI60-10.03842     0.27540   53.987818  158.154510   -0.914    0.292  1
RGI60-10.01214     0.27540   49.958450   87.331290   -0.961    0.299  1
RGI60-10.03061     0.27540   66.036890  140.368708    0.029    0.172  1
RGI60-10.01707     0.27528   50.045042   87.792474    0.115    0.182  1
RGI60-10.03093     0.27486   66.226113  140.047906   -0.347    0.222  1
RGI60-10.04578     0.27450   60.297344  166.775694   -0.313    0.241  1
RGI60-10.00855     0.27450   49.849144   86.360523   -0.836    0.439  1
RGI60-10.02258     0.27450   50.645701   89.796295   -1.009    0.326  1
RGI60-10.03540     0.27373   58.123323  160.798334    0.075    0.180  1
RGI60-10.00739     0.27367   50.143841   87.439548    0.115    0.240  1
RGI60-10.03892     0.27360   53.400410  158.637878   -0.822    0.268  1
RGI60-10.03110     0.27360   65.765309  140.920469   -0.704    0.257  1
RGI60-10.02282     0.27270   50.605175   89.653491   -0.497    0.204  1
RGI60-10.01821     0.27270   49.789861   87.673948   -0.209    0.202  1
RGI60-10.01421     0.27090   49.133799   87.496728   -0.252    0.195  1
RGI60-10.00725     0.27090   49.433079   86.900575   -0.696    0.288  1
RGI60-10.04781     0.27090   61.818567  171.416928   -0.724    0.350  1
RGI60-10.02652     0.27000   48.625910   90.237617   -0.619    0.259  1
RGI60-10.04465     0.27000   60.526979  167.371322   -0.537    0.242  1
RGI60-10.04196     0.27000   57.828357  160.639795   -0.135    0.181  1
RGI60-10.04841     0.26910   61.644949  171.701090   -1.003    0.367  1
RGI60-10.00979     0.26910   49.787290   86.472755   -0.323    0.215  1
RGI60-10.04285     0.26910   57.380225  160.317285   -0.419    0.221  1
RGI60-10.02074     0.26910   48.961926   88.190900   -0.549    0.244  1
RGI60-10.02042     0.26910   48.977620   87.573928   -0.713    0.259  1
RGI60-10.03583     0.26909   59.104196  162.049040   -0.019    0.214  1
RGI60-10.03542     0.26858   58.301256  160.885998   -0.299    0.195  1
RGI60-10.02374     0.26820   49.804299   89.800484   -0.182    0.236  1
RGI60-10.04293     0.26820   57.341971  160.270478   -0.266    0.169  1
RGI60-10.03640     0.26730   58.699657  161.266234    0.108    0.183  1
RGI60-10.00926     0.26730   49.805764   86.906676   -1.463    0.515  1
RGI60-10.00899     0.26730   49.817489   86.724019   -0.549    0.291  1
RGI60-10.02487     0.26708   51.001155   89.439566   -0.922    0.300  1
RGI60-10.03864     0.26640   53.805688  159.287584    0.004    0.167  1
RGI60-10.00239     0.26480   56.962940  117.549044   -0.386    0.317  1
RGI60-10.03958     0.26460   56.761978  159.673123   -0.512    0.241  1
RGI60-10.01545     0.26460   48.893778   87.435612   -0.625    0.287  1
RGI60-10.00332     0.26460   69.823351   92.084721   -0.118    0.177  1
RGI60-10.00666     0.26460   49.101521   86.626283   -1.165    0.335  1
RGI60-10.02443     0.26456   49.769540   87.988948   -0.019    0.185  1
RGI60-10.01481     0.26388   49.152915   87.300733    0.144    0.193  1
RGI60-10.00953     0.26370   49.790312   86.423965   -0.474    0.255  1
RGI60-10.03684     0.26370   58.619653  161.108020    0.083    0.176  1
RGI60-10.01875     0.26361   48.303825   89.904017   -0.483    0.186  1
RGI60-10.04725     0.26280   61.825096  170.958117   -1.378    0.379  1
RGI60-10.02047     0.26196   49.004220   87.545023   -0.345    0.213  1
RGI60-10.03470     0.26190   55.679475  157.774249   -0.167    0.209  1
RGI60-10.02367     0.26130   49.820793   89.742018   -0.876    0.329  1
RGI60-10.02664     0.26100   48.690636   90.699348   -0.295    0.216  1
RGI60-10.04526     0.26100   60.399650  166.776316   -0.333    0.229  1
RGI60-10.01799     0.26100   49.779668   87.733655   -0.468    0.230  1
RGI60-10.01556     0.26100   48.910104   87.351457   -0.511    0.251  1
RGI60-10.03593     0.26100   59.026497  161.769782   -0.094    0.197  1
RGI60-10.01851     0.26010   48.611251   89.152005   -0.431    0.220  1
RGI60-10.00733     0.26010   50.172429   87.464966   -1.068    0.289  1
RGI60-10.01703     0.26010   50.054853   87.860211   -0.227    0.187  1
RGI60-10.00402     0.26010   76.230533  109.435571    0.034    0.185  1
RGI60-10.00797     0.25987   49.886906   86.642092   -0.326    0.301  1
RGI60-10.02791     0.25986   49.667464   91.449376   -0.867    0.337  1
RGI60-10.00875     0.25920   49.842728   87.335000   -0.410    0.207  1
RGI60-10.01585     0.25889   48.955091   87.476125   -0.005    0.223  1
RGI60-10.03281     0.25888   62.702447  140.646590   -1.100    0.351  1
RGI60-10.01564     0.25830   48.907006   87.369344   -0.257    0.252  1
RGI60-10.00825     0.25830   49.858496   86.816208   -0.262    0.257  1
RGI60-10.02431     0.25703   49.755748   88.071097    0.115    0.256  1
RGI60-10.04242     0.25659   57.442251  160.433112   -0.200    0.203  1
RGI60-10.03832     0.25650   51.344470  156.894373   -0.464    0.286  1
RGI60-10.03277     0.25650   62.510965  140.886363   -0.368    0.251  1
RGI60-10.02439     0.25650   49.736715   87.879586   -0.725    0.247  1
RGI60-10.02108     0.25613   48.930309   88.154868   -0.750    0.304  1
RGI60-10.02104     0.25560   48.938590   87.857094   -1.038    0.334  1
RGI60-10.03584     0.25560   59.100542  161.629137   -0.070    0.222  1
RGI60-10.04965     0.25560   62.880824  176.349328   -1.212    0.457  1
RGI60-10.02307     0.25559   50.246279   90.036495   -0.657    0.325  1
RGI60-10.02023     0.25470   49.034012   87.798468   -0.914    0.330  1
RGI60-10.04075     0.25470   55.364434  160.771310   -0.475    0.260  1
RGI60-10.03754     0.25470   58.423504  161.174850   -0.189    0.208  1
RGI60-10.02595     0.25470   47.875100   89.856058   -0.002    0.165  1
RGI60-10.04837     0.25470   61.652785  171.669830   -1.107    0.368  1
RGI60-10.04481     0.25470   60.537883  167.431531   -0.324    0.226  1
RGI60-10.04229     0.25426   57.685931  160.473926   -0.070    0.179  1
RGI60-10.03361     0.25380   62.325180  141.218746   -0.852    0.305  1
RGI60-10.03378     0.25380   62.244162  141.290896   -0.965    0.410  1
RGI60-10.04176     0.25380   57.899945  160.695124   -0.252    0.209  1
RGI60-10.04072     0.25380   55.521146  158.437363   -0.537    0.248  1
RGI60-10.01142     0.25290   49.528681   86.823009   -0.721    0.250  1
RGI60-10.03613     0.25290   58.848032  161.409892   -0.183    0.207  1
RGI60-10.01857     0.25222   48.629759   89.093236   -0.550    0.205  1
RGI60-10.02901     0.25211   46.640464   93.541248   -0.503    0.296  1
RGI60-10.02883     0.25202   46.975308   92.746816   -0.256    0.191  1
RGI60-10.02772     0.25200   46.792951   91.756737   -0.572    0.252  1
RGI60-10.02622     0.25164   47.377942   90.521775   -0.407    0.228  1
RGI60-10.01611     0.25142   48.987380   87.136620   -0.196    0.245  1
RGI60-10.04249     0.25110   57.545084  160.368574   -0.229    0.171  1
RGI60-10.05017     0.25110   62.626884  176.274507   -0.161    0.238  1
RGI60-10.02917     0.25110   52.726509   98.666745   -0.088    0.258  1
RGI60-10.00582     0.25108   75.799429  107.589483   -0.200    0.185  1
RGI60-10.01247     0.25020   49.936630   87.045274   -1.081    0.415  1
RGI60-10.04045     0.25020   55.241835  160.926246   -0.850    0.261  1
RGI60-10.04088     0.24930   55.193854  161.215639   -0.663    0.230  1
RGI60-10.00258     0.24930   56.889684  117.529776   -0.526    0.298  1
RGI60-10.04177     0.24912   57.850425  162.686398   -0.391    0.232  1
RGI60-10.02432     0.24877   49.756912   88.075362   -0.276    0.252  1
RGI60-10.04099     0.24840   55.146370  161.136920   -0.614    0.219  1
RGI60-10.02732     0.24840   48.356131   90.558021   -0.401    0.259  1
RGI60-10.03248     0.24840   62.609510  140.663429   -1.000    0.387  1
RGI60-10.02741     0.24766   46.815863   91.687225   -0.412    0.229  1
RGI60-10.01426     0.24750   49.136225   87.570238   -0.536    0.263  1
RGI60-10.02312     0.24746   50.526169   90.117723   -1.445    0.473  1
RGI60-10.00692     0.24660   49.092524   86.634629   -0.810    0.295  1
RGI60-10.00341     0.24638   69.774325   92.082740   -0.342    0.184  1
RGI60-10.01860     0.24570   48.614428   89.142893   -0.276    0.259  1
RGI60-10.03753     0.24570   58.474278  160.954015    0.089    0.184  1
RGI60-10.00615     0.24570   47.058054   85.405367   -0.481    0.234  1
RGI60-10.00667     0.24570   49.100711   87.082750   -0.191    0.192  1
RGI60-10.03763     0.24390   58.473088  160.981392    0.298    0.233  1
RGI60-10.02662     0.24337   48.682849   90.098674   -0.528    0.266  1
RGI60-10.01427     0.24300   49.121487   87.504534   -0.507    0.301  1
RGI60-10.05094     0.24277   66.625793   64.326919    0.260    0.187  1
RGI60-10.03336     0.24210   62.446042  141.334446   -0.647    0.291  1
RGI60-10.03333     0.24210   62.476102  141.439124   -1.378    0.436  1
RGI60-10.00740     0.24131   50.144711   87.445942   -0.077    0.246  1
RGI60-10.04604     0.24120   60.230625  166.735736   -0.158    0.233  1
RGI60-10.01251     0.24120   49.929307   85.746482   -0.638    0.336  1
RGI60-10.05063     0.24042   66.794835 -178.231634   -0.415    0.297  1
RGI60-10.02436     0.24030   49.745533   87.919575   -0.433    0.250  1
RGI60-10.04212     0.24030   57.789666  160.552963   -0.161    0.182  1
RGI60-10.03544     0.23970   58.164497  160.872865   -0.010    0.170  1
RGI60-10.02720     0.23948   48.629788   90.776243   -0.580    0.211  1
RGI60-10.00633     0.23940   49.154532   87.132205   -0.924    0.324  1
RGI60-10.03731     0.23850   58.492243  160.918216   -0.408    0.212  1
RGI60-10.03145     0.23850   65.201262  145.886863   -0.311    0.257  1
RGI60-10.02728     0.23771   48.359889   90.531037   -0.651    0.247  1
RGI60-10.03198     0.23760   65.147081  145.934228   -1.263    0.445  1
RGI60-10.00839     0.23760   49.854625   86.527955   -0.802    0.318  1
RGI60-10.04138     0.23760   58.060243  160.700574   -0.352    0.200  1
RGI60-10.00221     0.23719   57.048426  117.439364   -0.517    0.290  1
RGI60-10.04735     0.23670   61.812306  170.970852   -1.442    0.412  1
RGI60-10.01660     0.23670   49.043599   87.290088   -0.356    0.277  1
RGI60-10.01109     0.23605   49.780792   86.475930   -0.194    0.295  1
RGI60-10.01295     0.23580   49.905132   85.902312   -0.457    0.297  1
RGI60-10.03709     0.23580   58.549268  161.391902    0.229    0.198  1
RGI60-10.04140     0.23580   58.122430  160.745923   -0.189    0.178  1
RGI60-10.00563     0.23578   75.837257  107.613375   -0.592    0.236  1
RGI60-10.01610     0.23557   48.985869   87.128493   -0.027    0.234  1
RGI60-10.03092     0.23544   66.224931  140.041822   -0.205    0.223  1
RGI60-10.02419     0.23490   49.796254   87.969662   -0.241    0.183  1
RGI60-10.00451     0.23488   75.950710  107.625326   -0.071    0.181  1
RGI60-10.04224     0.23438   57.719138  160.513889   -0.118    0.186  1
RGI60-10.02405     0.23421   49.781723   87.957096   -0.548    0.266  1
RGI60-10.02398     0.23400   49.753949   89.793842   -0.226    0.239  1
RGI60-10.01406     0.23400   49.105213   87.167182   -0.200    0.251  1
RGI60-10.00381     0.23400   69.218169   91.843058   -0.061    0.176  1
RGI60-10.00206     0.23310   67.678847   66.099015   -0.738    0.413  1
RGI60-10.02719     0.23310   48.573151   90.318969   -0.283    0.211  1
RGI60-10.00947     0.23310   49.791004   86.112250   -0.465    0.295  1
RGI60-10.01820     0.23310   49.791231   87.664970   -0.365    0.244  1
RGI60-10.03639     0.23310   58.704766  161.154352    0.101    0.200  1
RGI60-10.00538     0.23306   75.884517  107.532258    0.040    0.193  1
RGI60-10.03088     0.23220   66.236214  140.010059   -0.302    0.233  1
RGI60-10.00644     0.23220   49.144561   86.550544   -0.903    0.325  1
RGI60-10.02507     0.23207   50.959137   89.614657   -0.931    0.340  1
RGI60-10.00329     0.23126   69.833128   89.592101   -0.354    0.252  1
RGI60-10.04573     0.23040   60.255367  166.867565    0.149    0.266  1
RGI60-10.04374     0.23040   54.814349  161.762108   -1.482    0.391  1
RGI60-10.02617     0.23022   47.502402   90.455341   -0.540    0.225  1
RGI60-10.02235     0.23018   48.335101   88.606552   -0.240    0.199  1
RGI60-10.04737     0.22950   60.730507  170.631024   -0.708    0.328  1
RGI60-10.03621     0.22950   58.919359  161.549072   -0.620    0.276  1
RGI60-10.03687     0.22950   58.583358  161.302326   -0.207    0.205  1
RGI60-10.04247     0.22950   57.551903  160.383342    0.009    0.159  1
RGI60-10.02273     0.22950   50.626594   89.757179   -0.591    0.276  1
RGI60-10.03984     0.22950   56.702498  159.695956   -0.310    0.205  1
RGI60-10.03807     0.22946   59.306651  162.170524    0.223    0.243  1
RGI60-10.01187     0.22917   49.985280   87.401680   -0.530    0.324  1
RGI60-10.04895     0.22916   61.047316  172.013913   -1.251    0.353  1
RGI60-10.02371     0.22873   49.832524   89.723624   -0.681    0.315  1
RGI60-10.01012     0.22860   49.777434   86.901346   -0.549    0.316  1
RGI60-10.04111     0.22860   55.521047  158.437205   -0.523    0.255  1
RGI60-10.03375     0.22770   62.253582  141.539416   -0.958    0.318  1
RGI60-10.01172     0.22770   50.019226   87.424872   -0.594    0.284  1
RGI60-10.01009     0.22754   49.788138   87.009275   -0.197    0.333  1
RGI60-10.01509     0.22680   49.198394   87.661716    0.009    0.226  1
RGI60-10.00693     0.22680   49.075016   85.442531   -0.605    0.244  1
RGI60-10.03448     0.22680   61.976672  143.020433   -0.904    0.338  1
RGI60-10.04712     0.22680   61.883882  171.313933   -0.783    0.356  1
RGI60-10.04890     0.22680   61.036572  171.932219   -1.646    0.490  1
RGI60-10.00612     0.22680   47.058736   85.341235   -0.276    0.204  1
RGI60-10.03669     0.22590   58.633580  161.681145   -0.051    0.206  1
RGI60-10.03629     0.22590   58.765307  161.629418   -0.123    0.203  1
RGI60-10.04269     0.22518   57.348838  160.318844   -0.430    0.215  1
RGI60-10.02466     0.22500   49.699608   88.263093   -0.097    0.307  1
RGI60-10.04381     0.22500   54.799290  161.886420   -1.330    0.459  1
RGI60-10.04525     0.22500   60.400561  166.788702   -0.414    0.278  1
RGI60-10.03676     0.22500   58.623936  161.525547    0.264    0.200  1
RGI60-10.02005     0.22410   49.042475   88.068841   -0.161    0.204  1
RGI60-10.02100     0.22410   48.955917   88.005794   -0.159    0.257  1
RGI60-10.04189     0.22410   57.892427  160.649358   -0.496    0.236  1
RGI60-10.02310     0.22395   50.232543   90.045959   -0.252    0.303  1
RGI60-10.04916     0.22320   60.952430  171.668399   -1.607    0.468  1
RGI60-10.00648     0.22320   49.140816   86.587507   -0.788    0.315  1
RGI60-10.04190     0.22320   57.871023  160.500076   -0.390    0.234  1
RGI60-10.01346     0.22320   49.066171   87.454565   -0.250    0.224  1
RGI60-10.04394     0.22248   54.754125  160.512942   -0.206    0.225  1
RGI60-10.03237     0.22230   62.673096  140.717529   -0.109    0.324  1
RGI60-10.01090     0.22230   50.075792   87.348601   -0.636    0.307  1
RGI60-10.02254     0.22230   50.663444   89.838420   -0.961    0.303  1
RGI60-10.04619     0.22230   60.162961  166.683886   -1.191    0.422  1
RGI60-10.02025     0.22230   49.012073   87.531290   -0.494    0.384  1
RGI60-10.01246     0.22230   49.931064   85.783982   -0.725    0.343  1
RGI60-10.03727     0.22221   58.511106  161.066651   -0.310    0.191  1
RGI60-10.01886     0.22185   48.320455   89.908945   -0.818    0.244  1
RGI60-10.03865     0.22140   53.783451  159.310725   -0.256    0.187  1
RGI60-10.00737     0.22097   50.148546   87.517665    0.146    0.267  1
RGI60-10.01212     0.22050   49.975022   87.377860   -0.620    0.337  1
RGI60-10.02248     0.22050   48.312789   88.558088   -0.913    0.287  1
RGI60-10.04387     0.22050   54.781545  161.929590   -1.473    0.427  1
RGI60-10.04409     0.22050   54.750944  161.719620   -0.690    0.398  1
RGI60-10.03516     0.21985   58.206244  160.803375   -0.499    0.216  1
RGI60-10.02467     0.21960   49.690112   88.273595   -0.106    0.239  1
RGI60-10.04862     0.21960   61.554617  172.130134   -1.208    0.359  1
RGI60-10.00505     0.21960   75.898239  108.117131   -0.233    0.192  1
RGI60-10.00136     0.21949   64.439737   59.278582   -0.501    0.408  1
RGI60-10.02343     0.21870   49.912154   89.819239   -0.307    0.234  1
RGI60-10.03249     0.21870   62.616416  140.925423   -0.859    0.345  1
RGI60-10.04733     0.21870   61.749676  170.818732   -1.517    0.518  1
RGI60-10.00659     0.21870   49.126130   86.766932   -1.316    0.415  1
RGI60-10.00264     0.21870   56.860851  117.558265   -0.639    0.300  1
RGI60-10.02594     0.21870   47.831182   89.762156   -0.901    0.369  1
RGI60-10.02813     0.21837   49.702150   91.345311   -0.313    0.304  1
RGI60-10.02394     0.21836   49.752731   89.775907   -0.466    0.267  1
RGI60-10.03845     0.21780   53.888960  158.245057   -0.895    0.301  1
RGI60-10.03568     0.21780   58.409799  160.952819    0.007    0.188  1
RGI60-10.00529     0.21779   75.872256  107.726648   -0.185    0.199  1
RGI60-10.02077     0.21749   48.978540   88.188857    0.004    0.272  1
RGI60-10.04036     0.21690   56.115935  160.576828   -0.131    0.176  1
RGI60-10.04569     0.21690   60.262831  166.711443   -0.373    0.267  1
RGI60-10.01661     0.21690   49.045809   87.376225   -0.156    0.228  1
RGI60-10.04279     0.21690   57.420959  160.336793   -0.208    0.173  1
RGI60-10.04482     0.21690   60.534672  167.412298   -0.124    0.242  1
RGI60-10.04809     0.21690   61.754539  172.100114   -1.048    0.439  1
RGI60-10.03271     0.21609   62.532757  140.818516   -0.995    0.412  1
RGI60-10.01844     0.21600   49.754905   87.812340    0.010    0.171  1
RGI60-10.05142     0.21596   68.054133   65.670356   -0.096    0.201  1
RGI60-10.01785     0.21552   49.867407   87.818540   -0.212    0.201  1
RGI60-10.02456     0.21510   49.722002   88.106324   -0.248    0.288  1
RGI60-10.04250     0.21510   57.545271  160.357992   -0.077    0.167  1
RGI60-10.02206     0.21510   48.399849   88.524120   -1.081    0.293  1
RGI60-10.03096     0.21510   66.209152  140.123370   -0.798    0.302  1
RGI60-10.04049     0.21449   55.857976  160.643367   -0.530    0.213  1
RGI60-10.02286     0.21420   50.574377   89.721379   -0.571    0.241  1
RGI60-10.02911     0.21420   51.722462  100.599817   -0.521    0.280  1
RGI60-10.02209     0.21420   48.388230   88.506993   -0.111    0.239  1
RGI60-10.03522     0.21387   58.223231  161.028425    0.004    0.169  1
RGI60-10.00951     0.21330   49.794696   86.759276   -1.648    0.811  1
RGI60-10.01638     0.21330   49.016574   87.239991   -0.399    0.300  1
RGI60-10.04811     0.21330   61.739004  172.118252   -0.740    0.263  1
RGI60-10.04043     0.21330   55.752424  161.153737   -0.393    0.200  1
RGI60-10.02576     0.21330   47.894400   89.822352   -0.559    0.235  1
RGI60-10.01186     0.21330   49.999564   87.419701   -1.035    0.360  1
RGI60-10.00944     0.21330   49.799993   86.805518   -0.272    0.212  1
RGI60-10.03090     0.21330   66.225709  140.005009   -0.613    0.276  1
RGI60-10.00207     0.21329   68.155437   65.911386   -0.363    0.195  1
RGI60-10.02573     0.21299   47.900019   89.839028   -0.691    0.324  1
RGI60-10.02455     0.21240   49.724005   87.988374   -0.357    0.207  1
RGI60-10.03737     0.21240   58.486525  160.968282    0.103    0.163  1
RGI60-10.04098     0.21240   55.152161  160.941193   -0.681    0.335  1
RGI60-10.01876     0.21240   48.274729   89.185305   -0.261    0.216  1
RGI60-10.00265     0.21240   56.859545  117.568484   -0.794    0.347  1
RGI60-10.04237     0.21150   57.479312  160.376816    0.526    0.293  1
RGI60-10.03241     0.21150   62.702551  140.631323   -0.261    0.283  1
RGI60-10.04191     0.21150   57.861877  160.664566   -0.215    0.201  1
RGI60-10.04240     0.21150   57.476437  160.343402    0.033    0.171  1
RGI60-10.03505     0.21150   58.250820  160.933543   -0.315    0.224  1
RGI60-10.05095     0.21124   66.527898   63.855514   -0.154    0.172  1
RGI60-10.04816     0.21060   61.703841  171.512580   -0.843    0.312  1
RGI60-10.01327     0.21060   49.890131   86.469194   -0.435    0.321  1
RGI60-10.00335     0.21060   69.801085   92.148705   -0.320    0.189  1
RGI60-10.00362     0.21060   69.288204   92.971796   -0.329    0.215  1
RGI60-10.02340     0.21030   49.975887   89.299383   -0.483    0.275  1
RGI60-10.02138     0.20970   48.876814   88.359222   -0.818    0.319  1
RGI60-10.02044     0.20970   48.989650   88.097148   -0.617    0.274  1
RGI60-10.04338     0.20970   55.133285  161.301859   -0.410    0.204  1
RGI60-10.04032     0.20970   56.609195  159.643758   -0.026    0.187  1
RGI60-10.04472     0.20970   60.575570  167.502566    0.059    0.248  1
RGI60-10.03658     0.20970   58.632216  161.692354    0.064    0.210  1
RGI60-10.02907     0.20966   47.608514   97.557042   -0.437    0.221  1
RGI60-10.02908     0.20961   47.606231   97.554200   -0.546    0.289  1
RGI60-10.04226     0.20885   57.716176  160.564220    0.029    0.159  1
RGI60-10.00377     0.20880   69.724451   92.339616   -0.086    0.161  1
RGI60-10.00118     0.20869   64.797321   59.228981    0.159    0.223  1
RGI60-10.04440     0.20814   61.865188  162.374071   -0.644    0.353  1
RGI60-10.00761     0.20795   50.097014   87.487041    0.155    0.310  1
RGI60-10.04275     0.20790   57.434405  160.340194    0.088    0.178  1
RGI60-10.01741     0.20790   50.008513   87.724958   -1.001    0.342  1
RGI60-10.00525     0.20790   75.884942  108.125607   -0.063    0.177  1
RGI60-10.00330     0.20776   69.788463   89.529164   -0.475    0.289  1
RGI60-10.03976     0.20769   56.685112  159.642090   -0.117    0.224  1
RGI60-10.02724     0.20726   48.385954   90.528219   -0.134    0.211  1
RGI60-10.04752     0.20700   60.613496  170.749486   -0.436    0.238  1
RGI60-10.01704     0.20700   50.054644   87.887453   -0.546    0.259  1
RGI60-10.04677     0.20700   61.897616  171.123360   -0.890    0.415  1
RGI60-10.00977     0.20700   49.787343   86.906805   -0.609    0.316  1
RGI60-10.00399     0.20700   76.248568  109.469778   -0.152    0.197  1
RGI60-10.04732     0.20610   61.813513  170.960096   -0.378    0.289  1
RGI60-10.04484     0.20610   60.530738  167.337409    0.006    0.288  1
RGI60-10.03119     0.20610   65.808200  140.396743    0.386    0.291  1
RGI60-10.02315     0.20608   50.296692   90.068071   -0.961    0.426  1
RGI60-10.02793     0.20557   49.652170   91.355486   -0.633    0.267  1
RGI60-10.00763     0.20529   50.098698   87.480575    0.143    0.260  1
RGI60-10.01942     0.20528   49.112532   87.654214   -0.205    0.232  1
RGI60-10.03982     0.20520   56.661733  159.681509   -0.685    0.311  1
RGI60-10.03603     0.20520   59.006494  161.761330   -0.463    0.284  1
RGI60-10.00352     0.20520   69.745316   92.249704   -0.089    0.166  1
RGI60-10.03197     0.20520   65.146680  145.998837   -1.153    0.374  1
RGI60-10.01570     0.20430   48.923754   87.469812   -0.566    0.297  1
RGI60-10.02227     0.20430   48.326894   88.551971   -0.987    0.467  1
RGI60-10.04276     0.20430   57.432152  160.376321   -0.312    0.207  1
RGI60-10.04083     0.20430   55.346713  160.873000   -0.606    0.244  1
RGI60-10.03570     0.20340   58.393754  161.197697   -0.001    0.187  1
RGI60-10.04444     0.20340   61.680510  161.418435   -0.417    0.306  1
RGI60-10.01216     0.20340   49.958313   87.206451   -0.761    0.552  1
RGI60-10.02029     0.20340   49.003298   88.106797   -0.733    0.337  1
RGI60-10.04555     0.20340   60.356060  166.944368    0.109    0.203  1
RGI60-10.03870     0.20302   53.618058  159.014229   -0.200    0.168  1
RGI60-10.02853     0.20250   49.554469   91.326729   -1.005    0.347  1
RGI60-10.02392     0.20250   49.751151   89.731779   -1.214    0.449  1
RGI60-10.01292     0.20250   49.916705   85.795898   -0.798    0.335  1
RGI60-10.00795     0.20250   49.863726   87.436125   -0.126    0.267  1
RGI60-10.03575     0.20222   59.135601  161.707882    0.082    0.245  1
RGI60-10.01916     0.20160   49.184884   87.678281   -0.834    0.334  1
RGI60-10.02251     0.20160   50.955348   89.349603   -1.581    0.515  1
RGI60-10.02511     0.20149   50.920164   89.620084   -0.619    0.252  1
RGI60-10.02231     0.20144   48.373539   88.546205   -0.120    0.264  1
RGI60-10.03576     0.20098   59.129615  161.711434   -0.234    0.241  1
RGI60-10.01045     0.20070   49.762742   86.104784   -0.588    0.283  1
RGI60-10.01194     0.20070   49.959349   85.912908   -0.790    0.474  1
RGI60-10.02158     0.20070   48.746539   88.032040   -0.775    0.280  1
RGI60-10.03048     0.20070   66.681392  140.234338   -0.220    0.283  1
RGI60-10.03910     0.20004   53.254829  158.828473   -0.060    0.180  1
RGI60-10.02670     0.19991   48.668226   90.864818   -0.312    0.227  1
RGI60-10.01544     0.19890   48.892599   87.426813   -0.526    0.269  1
RGI60-10.00531     0.19887   75.875321  107.404951   -0.138    0.188  1
RGI60-10.00317     0.19879   68.129964  128.547752   -1.064    0.362  1
RGI60-10.03368     0.19825   62.281234  141.475558   -0.786    0.319  1
RGI60-10.02836     0.19803   49.651439   91.440391   -0.263    0.231  1
RGI60-10.03403     0.19800   62.144095  141.358512   -0.905    0.378  1
RGI60-10.01095     0.19800   49.684626   86.774540   -0.717    0.286  1
RGI60-10.03072     0.19800   65.680647  139.259597   -0.321    0.256  1
RGI60-10.03494     0.19800   58.315062  160.861726   -0.167    0.196  1
RGI60-10.01131     0.19800   49.745877   86.595646   -0.743    0.374  1
RGI60-10.04186     0.19800   57.885564  160.565339   -0.303    0.224  1
RGI60-10.04218     0.19782   57.771982  160.558441   -0.220    0.191  1
RGI60-10.01215     0.19710   49.957552   87.232544   -0.689    0.480  1
RGI60-10.04654     0.19710   62.031967  170.845306    0.074    0.247  1
RGI60-10.02157     0.19710   48.759881   87.933798   -0.600    0.327  1
RGI60-10.03772     0.19710   58.448679  161.051610    0.140    0.188  1
RGI60-10.00333     0.19707   69.779638   89.611923   -0.326    0.257  1
RGI60-10.04700     0.19671   61.898915  171.213328   -0.903    0.415  1
RGI60-10.02835     0.19657   49.651182   91.449014   -0.839    0.334  1
RGI60-10.02399     0.19620   49.898836   87.882667    0.124    0.185  1
RGI60-10.02406     0.19608   49.787300   87.958745   -0.297    0.276  1
RGI60-10.02649     0.19593   48.257649   90.017413   -0.609    0.244  1
RGI60-10.04257     0.19535   57.500906  160.414740   -0.115    0.178  1
RGI60-10.02015     0.19530   48.997729   88.098809   -0.318    0.212  1
RGI60-10.04913     0.19530   61.039710  172.004729   -1.653    0.474  1
RGI60-10.03770     0.19530   58.453657  161.013609    0.035    0.179  1
RGI60-10.03330     0.19530   62.689941  140.751180   -1.017    0.458  1
RGI60-10.03236     0.19530   62.678531  140.801118   -0.922    0.304  1
RGI60-10.03044     0.19501   66.703227  140.129526   -0.686    0.324  1
RGI60-10.01685     0.19440   50.417292   87.763102    0.041    0.292  1
RGI60-10.03915     0.19426   53.238617  158.878966   -0.160    0.155  1
RGI60-10.03615     0.19350   58.845659  161.424008    0.016    0.223  1
RGI60-10.04282     0.19350   57.399211  160.351006    0.114    0.170  1
RGI60-10.03084     0.19350   66.021069  140.230884   -0.792    0.313  1
RGI60-10.01882     0.19260   48.332573   89.907648   -0.856    0.285  1
RGI60-10.01473     0.19260   49.147481   87.224300   -0.718    0.262  1
RGI60-10.04113     0.19260   56.745432  162.014864    0.110    0.220  1
RGI60-10.04230     0.19180   57.691901  160.469235   -0.268    0.172  1
RGI60-10.04142     0.19170   58.008680  160.670546   -0.113    0.171  1
RGI60-10.00141     0.19159   63.914364   59.153638    0.054    0.228  1
RGI60-10.03734     0.19080   58.489169  160.893363   -0.106    0.188  1
RGI60-10.00897     0.19080   49.821679   86.829242   -0.550    0.350  1
RGI60-10.00401     0.19080   76.237631  109.537102   -0.339    0.205  1
RGI60-10.01033     0.19036   49.762941   86.415046   -0.212    0.222  1
RGI60-10.00287     0.18990   68.414885  128.500125   -0.949    0.360  1
RGI60-10.01330     0.18990   49.884310   87.437117   -0.220    0.271  1
RGI60-10.04576     0.18990   60.301341  166.783960   -0.033    0.251  1
RGI60-10.01880     0.18990   48.508177   89.231741   -0.218    0.242  1
RGI60-10.01267     0.18990   49.929478   87.053947   -1.367    0.706  1
RGI60-10.04206     0.18945   57.695385  160.431248   -0.371    0.206  1
RGI60-10.01982     0.18908   49.127824   87.842759   -0.032    0.276  1
RGI60-10.04342     0.18900   54.868526  161.861525   -1.010    0.490  1
RGI60-10.03024     0.18900   54.083318   96.077166   -0.389    0.246  1
RGI60-10.01224     0.18900   49.943643   87.425045   -0.441    0.318  1
RGI60-10.04126     0.18900   58.112120  160.783618   -0.033    0.191  1
RGI60-10.01614     0.18900   48.990625   87.238361   -0.423    0.289  1
RGI60-10.00506     0.18900   75.894717  107.988085    0.145    0.198  1
RGI60-10.02285     0.18897   50.566797   90.092728   -1.409    0.477  1
RGI60-10.01615     0.18810   48.997353   87.432409   -0.050    0.261  1
RGI60-10.01739     0.18810   50.018603   87.798617    0.005    0.191  1
RGI60-10.02213     0.18810   48.368742   88.582055   -1.147    0.394  1
RGI60-10.04097     0.18720   55.149920  161.227761    0.052    0.178  1
RGI60-10.02778     0.18720   46.720783   91.697415    0.069    0.340  1
RGI60-10.04430     0.18720   54.717944  161.764303   -1.054    0.365  1
RGI60-10.04095     0.18720   55.177046  161.192060   -0.429    0.221  1
RGI60-10.00327     0.18720   69.742482   92.189464   -0.033    0.189  1
RGI60-10.01488     0.18630   49.144332   87.192527   -0.510    0.240  1
RGI60-10.03341     0.18630   62.416214  141.274719   -0.363    0.284  1
RGI60-10.01879     0.18630   48.526122   89.265035   -0.314    0.274  1
RGI60-10.04720     0.18630   61.864332  171.178012   -0.582    0.357  1
RGI60-10.01139     0.18630   49.529154   86.958027   -0.662    0.380  1
RGI60-10.00950     0.18630   49.794193   87.009784    0.188    0.407  1
RGI60-10.04562     0.18630   60.347606  166.795458   -0.336    0.276  1
RGI60-10.02729     0.18599   48.358974   90.538966   -0.626    0.233  1
RGI60-10.01531     0.18540   49.244558   87.629866    0.127    0.202  1
RGI60-10.05015     0.18540   62.650408  176.270231   -0.597    0.335  1
RGI60-10.03380     0.18540   62.053001  141.319450   -0.824    0.317  1
RGI60-10.01190     0.18540   49.973248   87.306027   -1.152    0.493  1
RGI60-10.04588     0.18450   60.317230  166.818534   -0.499    0.366  1
RGI60-10.01938     0.18450   49.069005   87.802563   -0.356    0.241  1
RGI60-10.03939     0.18450   52.468080  158.204462    0.175    0.182  1
RGI60-10.01322     0.18450   49.892431   86.217876   -0.673    0.269  1
RGI60-10.02313     0.18450   50.510583   89.979771   -0.718    0.323  1
RGI60-10.04016     0.18392   56.061175  160.490541   -0.431    0.237  1
RGI60-10.04423     0.18360   54.596132  160.279344   -0.143    0.157  1
RGI60-10.04915     0.18360   60.952455  171.464748   -1.359    0.606  1
RGI60-10.02458     0.18360   49.717159   88.108575   -0.334    0.314  1
RGI60-10.03618     0.18360   58.831799  161.387762    0.240    0.256  1
RGI60-10.01294     0.18360   49.904426   85.889375   -0.594    0.307  1
RGI60-10.00354     0.18354   69.680126   89.298621   -0.374    0.269  1
RGI60-10.04223     0.18322   57.723360  160.521600   -0.099    0.187  1
RGI60-10.02416     0.18290   49.802660   88.063535    0.247    0.264  1
RGI60-10.04551     0.18270   60.362178  166.955858    0.096    0.218  1
RGI60-10.03457     0.18270   54.033976  157.400416   -0.074    0.222  1
RGI60-10.01699     0.18270   50.136448   87.666242   -0.218    0.272  1
RGI60-10.02428     0.18270   49.727437   88.242487    0.044    0.257  1
RGI60-10.04609     0.18270   60.208573  166.787608    0.184    0.256  1
RGI60-10.04542     0.18270   60.331524  166.754099   -0.336    0.336  1
RGI60-10.03452     0.18270   61.607707  142.837253   -1.013    0.404  1
RGI60-10.01133     0.18270   49.733323   86.762312   -0.900    0.341  1
RGI60-10.01401     0.18270   49.110407   87.508446   -0.413    0.289  1
RGI60-10.00355     0.18270   69.714175   92.189173   -0.645    0.250  1
RGI60-10.03877     0.18234   53.584322  159.113142   -0.383    0.245  1
RGI60-10.03331     0.18180   62.012864  141.358260   -0.707    0.314  1
RGI60-10.02139     0.18180   48.875589   87.743085   -0.848    0.353  1
RGI60-10.03134     0.18180   65.327132  146.035309   -0.305    0.338  1
RGI60-10.03279     0.18180   62.505407  140.852329   -1.160    0.444  1
RGI60-10.04053     0.18180   55.853993  160.621794   -0.707    0.260  1
RGI60-10.03592     0.18180   59.031765  161.734392    0.286    0.239  1
RGI60-10.01008     0.18112   49.790596   87.037491   -0.418    0.255  1
RGI60-10.02941     0.18090   52.511989   98.778855   -0.409    0.222  1
RGI60-10.04390     0.18090   54.738071  161.797706   -0.593    0.316  1
RGI60-10.03153     0.18090   65.105494  145.557869   -0.428    0.303  1
RGI60-10.04329     0.18090   55.207571  161.318468   -0.559    0.266  1
RGI60-10.04560     0.18090   60.345198  166.955599   -0.172    0.269  1
RGI60-10.03811     0.18089   59.227373  162.032909   -0.356    0.247  1
RGI60-10.01170     0.18052   50.026618   87.415996   -0.201    0.341  1
RGI60-10.04400     0.18000   54.780110  161.665079   -0.712    0.332  1
RGI60-10.02342     0.18000   49.926603   89.732079   -0.165    0.288  1
RGI60-10.01044     0.18000   49.766333   87.005186   -0.931    0.477  1
RGI60-10.04844     0.18000   61.639000  171.663505   -1.087    0.400  1
RGI60-10.03792     0.18000   59.528810  161.829330   -0.945    0.368  1
RGI60-10.04546     0.18000   60.377042  166.877477   -0.149    0.258  1
RGI60-10.03245     0.18000   62.659003  140.776175   -0.718    0.321  1
RGI60-10.01070     0.17944   50.070909   87.490487    0.056    0.262  1
RGI60-10.04300     0.17910   57.339584  160.228413   -0.034    0.163  1
RGI60-10.02178     0.17910   48.593659   88.192831   -0.114    0.223  1
RGI60-10.01589     0.17910   48.942934   87.394481   -1.549    0.720  1
RGI60-10.00205     0.17910   67.754201   66.074024   -0.550    0.243  1
RGI60-10.02408     0.17910   49.777854   88.123250   -0.314    0.320  1
RGI60-10.04652     0.17909   61.195886  167.926813    0.021    0.346  1
RGI60-10.04090     0.17849   55.190178  161.228195   -0.100    0.200  1
RGI60-10.01013     0.17828   49.778258   86.215661   -0.483    0.361  1
RGI60-10.04583     0.17820   60.275256  166.730595   -0.493    0.363  1
RGI60-10.01030     0.17820   49.773871   86.910005   -0.696    0.283  1
RGI60-10.02103     0.17820   48.945661   87.577739   -1.044    0.462  1
RGI60-10.03390     0.17820   62.186072  141.313471   -1.001    0.352  1
RGI60-10.04437     0.17802   56.155809  162.894101   -1.126    0.363  1
RGI60-10.01015     0.17730   49.776973   86.714772   -0.513    0.484  1
RGI60-10.01132     0.17730   49.743193   86.588233   -0.309    0.377  1
RGI60-10.02775     0.17730   46.747930   91.770513   -0.193    0.258  1
RGI60-10.01881     0.17730   48.340056   89.807211   -0.538    0.252  1
RGI60-10.04469     0.17730   60.517737  167.386856   -0.057    0.232  1
RGI60-10.00985     0.17712   49.791274   86.357871   -0.902    0.529  1
RGI60-10.00851     0.17682   49.851697   86.314943   -0.527    0.283  1
RGI60-10.00138     0.17672   64.419496   59.301997   -0.253    0.326  1
RGI60-10.01425     0.17640   49.136557   87.365737   -0.051    0.247  1
RGI60-10.01374     0.17640   49.089484   87.491908   -0.077    0.245  1
RGI60-10.01684     0.17640   51.081819   87.203012   -0.560    0.680  1
RGI60-10.00690     0.17640   49.078223   86.958902   -0.572    0.242  1
RGI60-10.02136     0.17640   48.898191   88.010540   -0.430    0.275  1
RGI60-10.04541     0.17640   60.334592  166.795778   -0.347    0.355  1
RGI60-10.00343     0.17635   69.732928   89.383820   -0.255    0.228  1
RGI60-10.01455     0.17576   49.146424   87.200663   -0.219    0.275  1
RGI60-10.01901     0.17550   49.258390   88.087200   -0.645    0.317  1
RGI60-10.01146     0.17550   49.509540   86.862924   -1.227    0.403  1
RGI60-10.04147     0.17465   58.069563  160.746459   -0.189    0.185  1
RGI60-10.03578     0.17460   59.155034  161.632132   -0.176    0.224  1
RGI60-10.04445     0.17460   61.672496  161.449019   -0.402    0.340  1
RGI60-10.03641     0.17460   58.684665  161.137908    0.130    0.181  1
RGI60-10.01936     0.17460   49.127886   87.833659   -0.583    0.265  1
RGI60-10.00949     0.17460   49.790825   86.253560   -0.944    0.433  1
RGI60-10.04714     0.17460   61.880824  171.362222   -0.228    0.285  1
RGI60-10.02878     0.17430   49.698847   91.353137   -0.568    0.329  1
RGI60-10.03335     0.17370   62.458941  141.422218   -1.340    0.482  1
RGI60-10.04527     0.17370   60.392915  166.877373   -0.601    0.302  1
RGI60-10.03118     0.17370   65.946106  140.444506   -0.815    0.367  1
RGI60-10.00527     0.17368   75.868597  107.429185   -0.066    0.205  1
RGI60-10.00150     0.17367   64.818423   59.714432   -0.162    0.291  1
RGI60-10.03068     0.17361   65.984719  140.327008   -0.025    0.262  1
RGI60-10.03535     0.17347   58.244743  161.004507   -0.100    0.181  1
RGI60-10.03698     0.17342   58.586841  161.094269   -0.037    0.179  1
RGI60-10.02411     0.17280   49.895008   87.884968   -0.110    0.209  1
RGI60-10.00829     0.17280   49.856159   87.365882   -0.471    0.317  1
RGI60-10.01813     0.17270   49.825847   87.479703    0.019    0.172  1
RGI60-10.03697     0.17251   58.603053  161.115245   -0.103    0.186  1
RGI60-10.00920     0.17190   49.810744   86.909480   -1.550    0.925  1
RGI60-10.00643     0.17190   49.144481   86.784581   -0.725    0.292  1
RGI60-10.04967     0.17190   62.871129  176.390126   -1.071    0.462  1
RGI60-10.03439     0.17190   61.955776  141.276276   -1.121    0.391  1
RGI60-10.02992     0.17190   53.850786   96.147048   -0.890    0.455  1
RGI60-10.04089     0.17190   55.191802  161.248634   -0.512    0.254  1
RGI60-10.00135     0.17182   64.457192   59.339832   -0.274    0.308  1
RGI60-10.02620     0.17176   47.400049   90.476142   -0.869    0.484  1
RGI60-10.04297     0.17111   57.326052  160.219259   -0.196    0.198  1
RGI60-10.01403     0.17100   49.102039   87.620937   -0.164    0.235  1
RGI60-10.04805     0.17100   61.777435  171.374148   -1.059    0.357  1
RGI60-10.02358     0.17100   49.864946   89.606410   -0.950    0.343  1
RGI60-10.02486     0.17086   51.003067   89.417695   -0.562    0.256  1
RGI60-10.03703     0.17032   58.591261  160.949203    0.120    0.181  1
RGI60-10.03155     0.17010   64.997175  146.118629   -0.568    0.310  1
RGI60-10.00233     0.17010   56.999663  117.661644   -1.079    0.433  1
RGI60-10.04428     0.17010   54.312318  160.016784   -0.858    0.283  1
RGI60-10.00700     0.17010   49.091705   87.083317   -0.468    0.223  1
RGI60-10.02826     0.17010   49.766427   91.268648    0.078    0.296  1
RGI60-10.03234     0.17010   62.683052  140.675898   -0.530    0.310  1
RGI60-10.03199     0.17010   65.145220  146.088745   -0.465    0.304  1
RGI60-10.00423     0.17010   76.242405  109.492634    0.074    0.209  1
RGI60-10.02616     0.17003   47.713763   90.251314   -0.537    0.304  1
RGI60-10.04121     0.16998   56.655273  161.353711   -0.793    0.287  1
RGI60-10.00924     0.16920   49.806500   86.331392   -1.031    0.341  1
RGI60-10.04127     0.16920   57.972115  160.670007    0.245    0.214  1
RGI60-10.03105     0.16920   65.486475  143.017320   -1.048    0.467  1
RGI60-10.02981     0.16920   53.889110   96.022628   -0.035    0.262  1
RGI60-10.00269     0.16920   56.852219  117.523170   -0.292    0.345  1
RGI60-10.00273     0.16920   56.836928  117.398727   -1.859    0.581  1
RGI60-10.04544     0.16920   60.321854  166.936756    0.197    0.289  1
RGI60-10.03789     0.16920   59.439364  161.842699   -0.819    0.338  1
RGI60-10.03762     0.16920   58.466244  160.876033    0.064    0.173  1
RGI60-10.04494     0.16920   60.491703  167.192034   -0.070    0.214  1
RGI60-10.02790     0.16920   49.716844   91.368958   -0.135    0.243  1
RGI60-10.00991     0.16920   49.783136   86.795686   -0.328    0.310  1
RGI60-10.00555     0.16918   75.837744  107.477916   -0.041    0.203  1
RGI60-10.02679     0.16900   48.668658   90.786032   -0.218    0.277  1
RGI60-10.03543     0.16872   58.135697  160.861048   -0.117    0.195  1
RGI60-10.04990     0.16830   62.741105  176.319528   -0.425    0.351  1
RGI60-10.00657     0.16830   49.139046   86.837995   -0.710    0.297  1
RGI60-10.03654     0.16830   58.636820  161.704891    0.291    0.233  1
RGI60-10.00117     0.16822   64.804506   59.300749   -0.356    0.243  1
RGI60-10.02488     0.16821   50.987153   89.613765   -0.325    0.277  1
RGI60-10.02489     0.16820   50.983411   89.603836   -0.330    0.280  1
RGI60-10.02812     0.16793   49.696080   91.309358   -0.501    0.359  1
RGI60-10.02339     0.16740   49.974931   89.774503   -0.881    0.372  1
RGI60-10.04468     0.16740   60.521456  167.361825   -0.169    0.290  1
RGI60-10.01854     0.16740   48.649583   89.151147   -0.518    0.221  1
RGI60-10.04499     0.16740   60.447168  167.140240    0.159    0.330  1
RGI60-10.03784     0.16740   59.500530  161.799424   -0.402    0.297  1
RGI60-10.04755     0.16650   62.077376  171.514266   -0.236    0.313  1
RGI60-10.02345     0.16650   49.898303   89.760723   -0.214    0.258  1
RGI60-10.02004     0.16650   49.049624   87.670769   -0.854    0.386  1
RGI60-10.01329     0.16650   49.886649   86.495857   -0.754    0.473  1
RGI60-10.01694     0.16650   50.338995   87.880163   -0.125    0.247  1
RGI60-10.03266     0.16650   62.549672  140.856503   -1.154    0.464  1
RGI60-10.00532     0.16650   75.871453  107.903099   -0.154    0.208  1
RGI60-10.02510     0.16641   50.927983   89.620316   -0.354    0.334  1
RGI60-10.00145     0.16640   63.782996   59.167126   -0.486    0.337  1
RGI60-10.02485     0.16635   51.020068   89.397947   -0.941    0.370  1
RGI60-10.02739     0.16616   46.823727   91.677187   -0.021    0.310  1
RGI60-10.03243     0.16560   62.661360  140.699697   -0.745    0.372  1
RGI60-10.03965     0.16560   56.737165  159.609179   -0.063    0.259  1
RGI60-10.01861     0.16560   48.612694   89.132126   -0.097    0.282  1
RGI60-10.00731     0.16560   50.164653   87.451299   -0.536    0.343  1
RGI60-10.02961     0.16560   52.501724   98.831069   -0.504    0.282  1
RGI60-10.04966     0.16560   62.880400  176.367605   -1.306    0.503  1
RGI60-10.04612     0.16560   60.200049  166.710721   -0.548    0.324  1
RGI60-10.03384     0.16560   62.205775  141.253933   -0.467    0.335  1
RGI60-10.02210     0.16560   48.378894   88.588603   -0.292    0.208  1
RGI60-10.03628     0.16470   58.797356  161.477129    0.019    0.233  1
RGI60-10.02755     0.16470   46.864020   91.632811   -0.308    0.304  1
RGI60-10.02208     0.16470   48.391874   88.592983   -0.343    0.220  1
RGI60-10.03273     0.16470   62.723037  140.618423   -0.479    0.422  1
RGI60-10.02207     0.16470   48.395088   88.520054   -0.353    0.214  1
RGI60-10.00512     0.16466   75.896074  107.760226   -0.185    0.204  1
RGI60-10.00627     0.16447   47.057682   85.507521   -0.592    0.370  1
RGI60-10.03970     0.16380   56.674876  159.577194   -0.108    0.195  1
RGI60-10.04094     0.16380   55.179431  161.205320   -0.540    0.263  1
RGI60-10.00238     0.16380   56.978888  117.221897   -0.503    0.437  1
RGI60-10.00876     0.16380   49.835525   86.950586   -1.302    0.760  1
RGI60-10.04784     0.16380   61.812365  172.285788   -0.968    0.391  1
RGI60-10.00946     0.16380   49.794434   86.322979   -0.561    0.247  1
RGI60-10.04248     0.16380   57.534709  160.364279    0.100    0.230  1
RGI60-10.03824     0.16380   51.364224  156.757852    0.095    0.284  1
RGI60-10.03610     0.16380   58.902489  161.739630    0.332    0.249  1
RGI60-10.00363     0.16380   69.272208   93.040616   -0.408    0.287  1
RGI60-10.02965     0.16327   52.510817   98.766529   -0.154    0.203  1
RGI60-10.00261     0.16290   56.871570  117.535597   -0.177    0.293  1
RGI60-10.03359     0.16290   62.332249  141.551098   -0.814    0.325  1
RGI60-10.00610     0.16290   47.062470   85.472002   -0.929    0.511  1
RGI60-10.00180     0.16290   64.950935   60.019332    0.041    0.293  1
RGI60-10.01043     0.16290   49.762942   86.060463   -0.453    0.255  1
RGI60-10.04015     0.16268   56.104156  160.517466   -0.313    0.247  1
RGI60-10.02051     0.16200   48.985792   87.641284   -0.182    0.266  1
RGI60-10.04463     0.16200   60.616801  167.793597   -0.689    0.481  1
RGI60-10.00768     0.16200   50.083790   87.533335   -0.658    0.364  1
RGI60-10.04109     0.16200   55.137823  161.136976   -1.293    0.408  1
RGI60-10.03759     0.16200   58.470552  160.887499    0.289    0.204  1
RGI60-10.03871     0.16200   53.610718  159.025872   -0.165    0.180  1
RGI60-10.05093     0.16185   66.692952   64.399684   -0.420    0.248  1
RGI60-10.02802     0.16123   49.739878   91.360401    0.498    0.388  1
RGI60-10.02906     0.16123   47.612063   97.554247   -0.055    0.270  1
RGI60-10.01505     0.16110   49.187835   87.615823    0.108    0.260  1
RGI60-10.03337     0.16110   62.437334  141.281437   -0.263    0.272  1
RGI60-10.04410     0.16110   54.747002  161.738328   -1.303    0.468  1
RGI60-10.03095     0.16110   66.209096  140.105253   -0.295    0.259  1
RGI60-10.00508     0.16110   75.894340  108.142126   -0.068    0.217  1
RGI60-10.01334     0.16098   49.879815   85.916137   -0.459    0.245  1
RGI60-10.00358     0.16020   69.308478   91.450358   -0.321    0.265  1
RGI60-10.01781     0.16020   49.878914   87.588726   -0.287    0.297  1
RGI60-10.02980     0.16020   53.893759   96.014920   -0.431    0.345  1
RGI60-10.04582     0.16020   60.278441  166.776290    0.021    0.224  1
RGI60-10.02185     0.16020   48.647191   87.904176   -0.910    0.383  1
RGI60-10.03242     0.16020   62.737729  140.715165   -0.381    0.305  1
RGI60-10.01530     0.16020   49.234423   87.653957   -0.353    0.272  1
RGI60-10.00647     0.16020   49.142947   87.179773   -1.040    0.490  1
RGI60-10.04086     0.16020   55.200601  161.258948   -0.196    0.190  1
RGI60-10.04600     0.16020   60.250402  166.864510   -0.276    0.242  1
RGI60-10.00151     0.16005   64.804287   59.249061    0.167    0.329  1
RGI60-10.03919     0.15972   52.709639  158.273463   -0.053    0.212  1
RGI60-10.01967     0.15930   49.036972   87.876640   -0.394    0.396  1
RGI60-10.00694     0.15930   49.083811   86.797060   -0.966    0.425  1
RGI60-10.04501     0.15930   60.499808  167.183071   -0.021    0.278  1
RGI60-10.03686     0.15930   58.536936  160.968240    0.119    0.213  1
RGI60-10.04674     0.15930   62.034937  170.833250   -0.687    0.305  1
RGI60-10.01571     0.15930   48.901842   87.413168   -0.509    0.304  1
RGI60-10.02335     0.15930   50.142790   88.621578   -1.015    0.368  1
RGI60-10.02645     0.15914   47.263178   90.608559   -0.142    0.212  1
RGI60-10.04778     0.15893   61.825038  171.494528   -0.724    0.384  1
RGI60-10.01753     0.15887   49.925419   87.748512   -0.203    0.197  1
RGI60-10.01948     0.15840   49.086321   87.941375   -0.571    0.303  1
RGI60-10.02577     0.15840   47.889657   89.958241   -0.248    0.308  1
RGI60-10.02336     0.15840   49.997664   89.814186   -0.561    0.323  1
RGI60-10.04997     0.15840   62.675089  176.354713   -0.663    0.357  1
RGI60-10.04918     0.15840   60.887189  171.318313   -1.225    0.432  1
RGI60-10.00945     0.15840   49.797862   86.705243   -0.460    0.277  1
RGI60-10.01567     0.15840   48.917895   87.497941   -0.609    0.353  1
RGI60-10.02013     0.15840   49.040086   87.870534   -0.151    0.309  1
RGI60-10.01617     0.15750   48.997113   87.456828   -0.407    0.382  1
RGI60-10.01695     0.15750   50.337179   87.818156   -0.157    0.258  1
RGI60-10.04207     0.15750   57.668961  160.449849   -0.114    0.215  1
RGI60-10.02058     0.15750   48.978751   87.856016   -0.064    0.313  1
RGI60-10.03736     0.15750   58.484432  160.869931   -0.009    0.203  1
RGI60-10.02182     0.15750   48.575218   88.256422   -0.623    0.318  1
RGI60-10.00259     0.15750   56.788135  117.027997   -0.720    0.547  1
RGI60-10.01802     0.15746   49.830469   87.754485    0.027    0.271  1
RGI60-10.04133     0.15723   58.082342  160.805977    0.255    0.201  1
RGI60-10.01221     0.15722   49.966779   87.336684   -0.696    0.335  1
RGI60-10.00387     0.15668   69.066659   90.528194   -0.644    0.322  1
RGI60-10.02592     0.15660   47.831619   89.777910   -0.838    0.418  1
RGI60-10.04369     0.15660   54.782530  161.949832   -1.682    0.612  1
RGI60-10.04516     0.15660   60.439763  166.977872   -0.011    0.245  1
RGI60-10.01584     0.15660   48.936329   87.430439   -0.559    0.341  1
RGI60-10.00620     0.15660   47.056078   85.661781   -1.480    0.679  1
RGI60-10.00132     0.15654   64.470940   59.472274   -0.191    0.370  1
RGI60-10.03844     0.15570   53.904762  158.242920   -0.419    0.264  1
RGI60-10.01405     0.15570   49.120576   87.417718    0.134    0.219  1
RGI60-10.04596     0.15570   60.179809  166.745001   -0.039    0.259  1
RGI60-10.03456     0.15570   54.029801  157.432363   -0.429    0.271  1
RGI60-10.01693     0.15570   50.339835   87.846852   -0.337    0.258  1
RGI60-10.05071     0.15563   64.682550 -173.364276   -0.772    0.318  1
RGI60-10.02519     0.15562   50.969073   89.633993   -0.725    0.406  1
RGI60-10.00955     0.15550   49.791363   86.777624   -0.246    0.250  1
RGI60-10.03974     0.15508   56.703722  159.629543   -0.281    0.210  1
RGI60-10.03099     0.15480   66.047576  140.075365   -1.179    0.523  1
RGI60-10.03148     0.15480   65.180682  145.843615    0.076    0.334  1
RGI60-10.04595     0.15480   60.186851  166.749380   -0.843    0.379  1
RGI60-10.03827     0.15480   51.357259  156.761185   -0.215    0.241  1
RGI60-10.00528     0.15480   75.877541  108.104623    0.105    0.193  1
RGI60-10.01835     0.15457   49.766672   87.791718   -0.655    0.340  1
RGI60-10.03975     0.15449   56.675393  159.628640   -0.414    0.256  1
RGI60-10.01007     0.15390   49.777529   86.823066   -0.635    0.379  1
RGI60-10.01640     0.15390   49.003726   87.101475   -0.199    0.230  1
RGI60-10.01271     0.15390   49.915825   86.333558   -0.617    0.287  1
RGI60-10.04041     0.15390   56.628846  159.706010   -0.737    0.373  1
RGI60-10.04594     0.15390   60.257001  166.730235   -0.765    0.365  1
RGI60-10.00764     0.15325   50.101172   87.474466    0.366    0.355  1
RGI60-10.01616     0.15300   48.997966   87.445097    0.151    0.459  1
RGI60-10.00870     0.15300   49.839556   87.396676   -0.475    0.306  1
RGI60-10.01035     0.15300   49.770497   86.552767   -0.092    0.302  1
RGI60-10.00266     0.15300   56.855221  117.426451   -0.583    0.370  1
RGI60-10.02506     0.15292   50.962174   89.656638    0.061    0.227  1
RGI60-10.04117     0.15289   56.665053  161.350381   -0.618    0.304  1
RGI60-10.04331     0.15230   54.840665  161.697030   -0.645    0.325  1
RGI60-10.04681     0.15210   61.983160  171.000756   -0.548    0.358  1
RGI60-10.05022     0.15210   62.571980  176.233758   -0.593    0.325  1
RGI60-10.03398     0.15210   62.154270  141.213453   -0.870    0.376  1
RGI60-10.04830     0.15210   61.692072  171.592741   -0.803    0.374  1
RGI60-10.01399     0.15210   49.108164   87.515309   -0.048    0.333  1
RGI60-10.04584     0.15210   60.273563  166.762308   -0.184    0.371  1
RGI60-10.03244     0.15210   62.662346  140.769823   -0.336    0.273  1
RGI60-10.04145     0.15210   57.994912  160.730614    0.354    0.225  1
RGI60-10.03557     0.15210   58.140750  160.884575   -0.115    0.191  1
RGI60-10.03817     0.15207   59.346790  162.222914   -0.179    0.298  1
RGI60-10.01303     0.15170   49.896823   85.846522   -0.641    0.352  1
RGI60-10.00133     0.15158   64.464445   59.326715    0.353    0.406  1
RGI60-10.00982     0.15120   49.781805   86.357469   -0.657    0.264  1
RGI60-10.00242     0.15120   56.944028  117.281466   -0.250    0.340  1
RGI60-10.04305     0.15120   59.363059  162.571479    0.315    0.316  1
RGI60-10.01126     0.15120   49.753455   86.490289   -0.381    0.315  1
RGI60-10.00130     0.15066   64.489657   59.292583    0.559    0.442  1
RGI60-10.04473     0.15030   60.569801  167.549872    0.412    0.333  1
RGI60-10.00197     0.15008   65.177322   59.918654   -0.910    0.370  1
RGI60-10.04376     0.14940   54.806971  161.692884   -0.606    0.287  1
RGI60-10.00683     0.14940   49.096637   87.085573   -0.462    0.321  1
RGI60-10.00340     0.14940   69.769726   90.898652   -0.519    0.298  1
RGI60-10.01274     0.14940   49.913832   87.106559   -1.286    0.593  1
RGI60-10.03372     0.14940   62.266149  141.518513   -0.853    0.474  1
RGI60-10.04704     0.14940   61.815697  170.948264   -1.135    0.464  1
RGI60-10.02280     0.14934   50.597711   90.261281   -0.419    0.294  1
RGI60-10.03666     0.14916   58.636836  161.653211    0.262    0.249  1
RGI60-10.00695     0.14884   49.083570   87.006673   -0.177    0.221  1
RGI60-10.03888     0.14855   53.581408  159.103074   -0.697    0.348  1
RGI60-10.02771     0.14850   46.796784   91.540479   -0.289    0.360  1
RGI60-10.01668     0.14850   49.038582   87.294507   -0.335    0.292  1
RGI60-10.01808     0.14850   49.810487   87.630143   -0.706    0.333  1
RGI60-10.03959     0.14850   56.749442  159.635196   -0.371    0.270  1
RGI60-10.03194     0.14845   65.153147  145.963078   -0.180    0.325  1
RGI60-10.03497     0.14810   58.300647  160.936106   -0.089    0.177  1
RGI60-10.02880     0.14760   49.698005   91.379680   -0.585    0.399  1
RGI60-10.02153     0.14760   48.797433   87.875298   -0.290    0.241  1
RGI60-10.00638     0.14760   49.151909   86.948896    0.360    0.307  1
RGI60-10.01324     0.14760   49.893478   86.587779   -0.738    0.543  1
RGI60-10.04442     0.14760   61.752878  161.280237   -0.531    0.368  1
RGI60-10.00234     0.14760   56.994191  117.237393   -0.328    0.307  1
RGI60-10.04327     0.14760   59.409358  162.773305   -0.020    0.238  1
RGI60-10.05088     0.14760   67.551325   65.985912   -0.253    0.225  1
RGI60-10.03555     0.14745   58.147815  160.922310   -1.056    0.527  1
RGI60-10.02646     0.14744   47.197972   90.637000   -0.164    0.236  1
RGI60-10.02803     0.14719   49.745086   91.365550   -0.343    0.304  1
RGI60-10.02154     0.14670   48.796237   87.910522   -0.331    0.232  1
RGI60-10.01762     0.14670   49.836561   87.553401   -0.437    0.299  1
RGI60-10.00664     0.14670   49.133160   87.089629   -0.738    0.346  1
RGI60-10.00217     0.14670   57.104759  117.646576   -0.432    0.468  1
RGI60-10.03761     0.14670   58.466653  160.983436   -0.085    0.190  1
RGI60-10.03741     0.14670   58.482249  160.981534    0.140    0.185  1
RGI60-10.02964     0.14633   52.510667   98.760954   -0.035    0.229  1
RGI60-10.01766     0.14592   49.889698   87.689419   -0.583    0.346  1
RGI60-10.04989     0.14580   62.742798  176.297490   -1.183    0.544  1
RGI60-10.01683     0.14580   49.043256   87.393409   -0.166    0.284  1
RGI60-10.03112     0.14580   65.455357  141.583799   -0.187    0.248  1
RGI60-10.03218     0.14580   65.060330  145.941810   -1.286    0.492  1
RGI60-10.00237     0.14580   56.979111  117.265707   -0.700    0.387  1
RGI60-10.01568     0.14580   48.920521   87.492155   -0.369    0.270  1
RGI60-10.03556     0.14580   58.144818  160.920411   -0.460    0.269  1
RGI60-10.01445     0.14580   49.124267   87.562430   -0.488    0.376  1
RGI60-10.03713     0.14580   58.544768  160.998268   -0.138    0.283  1
RGI60-10.03805     0.14577   59.341033  162.212823   -0.646    0.424  1
RGI60-10.00971     0.14563   49.796298   86.917900   -0.485    0.391  1
RGI60-10.02919     0.14490   52.715150   98.678032   -0.524    0.322  1
RGI60-10.01129     0.14490   49.750674   86.631632   -0.560    0.374  1
RGI60-10.03955     0.14490   56.717125  159.574121    0.183    0.319  1
RGI60-10.03760     0.14490   58.462705  161.307486    0.144    0.200  1
RGI60-10.04480     0.14490   60.538692  167.442726   -0.398    0.348  1
RGI60-10.02571     0.14466   47.881492   91.025976    0.090    0.289  1
RGI60-10.02864     0.14456   49.579988   91.326708   -0.277    0.213  1
RGI60-10.01831     0.14451   49.773979   87.744835    0.060    0.223  1
RGI60-10.03500     0.14409   58.299169  160.811532   -0.233    0.194  1
RGI60-10.02621     0.14401   47.375885   90.516614   -0.077    0.221  1
RGI60-10.00602     0.14400   47.068805   85.421412   -0.149    0.326  1
RGI60-10.03449     0.14400   61.969921  143.005416   -0.739    0.334  1
RGI60-10.00476     0.14399   75.909667  107.617373   -0.184    0.251  1
RGI60-10.05059     0.14380   66.848946 -177.858351   -0.018    0.279  1
RGI60-10.00755     0.14353   50.134800   87.505997   -0.181    0.272  1
RGI60-10.01268     0.14352   49.918011   87.073539   -1.107    0.550  1
RGI60-10.01031     0.14315   49.768973   86.408729   -0.552    0.442  1
RGI60-10.01242     0.14310   49.941687   87.047558   -1.280    0.452  1
RGI60-10.01797     0.14310   49.782315   87.822995   -0.405    0.275  1
RGI60-10.01783     0.14310   49.874989   87.676966   -0.361    0.298  1
RGI60-10.03040     0.14310   66.817108  139.836827   -0.915    0.363  1
RGI60-10.00121     0.14303   64.796115   59.301084    0.085    0.222  1
RGI60-10.02742     0.14271   46.820917   91.675727    0.056    0.310  1
RGI60-10.04348     0.14220   54.844965  161.791957   -0.666    0.305  1
RGI60-10.03617     0.14220   58.825925  161.850703    0.155    0.265  1
RGI60-10.04382     0.14220   54.797911  161.725806   -0.922    0.385  1
RGI60-10.04994     0.14220   62.721418  176.268404   -0.970    0.360  1
RGI60-10.03382     0.14220   62.215160  141.319350   -0.170    0.339  1
RGI60-10.00554     0.14219   75.879051  107.767135   -0.321    0.255  1
RGI60-10.01272     0.14130   49.915903   86.490833   -0.759    0.490  1
RGI60-10.01580     0.14130   48.928045   87.457343   -0.444    0.353  1
RGI60-10.03441     0.14130   61.956051  141.061578   -0.736    0.308  1
RGI60-10.03891     0.14130   53.481788  157.779328   -0.052    0.193  1
RGI60-10.02578     0.14127   47.880027   90.115667   -0.879    0.319  1
RGI60-10.00194     0.14084   65.164297   59.906959   -0.332    0.259  1
RGI60-10.03416     0.14057   62.028024  141.354289   -0.968    0.467  1
RGI60-10.03664     0.14049   58.599238  161.050756   -0.130    0.200  1
RGI60-10.04587     0.14040   60.263654  166.776284   -0.064    0.266  1
RGI60-10.04836     0.14040   61.665045  171.651919   -1.052    0.402  1
RGI60-10.03100     0.14040   66.045211  140.089651   -0.008    0.304  1
RGI60-10.03868     0.14040   53.616917  159.034162   -0.068    0.165  1
RGI60-10.03604     0.14040   58.925082  161.587733    0.255    0.244  1
RGI60-10.00215     0.14040   57.143862  117.360275   -0.589    0.437  1
RGI60-10.03149     0.14040   65.216744  145.434054   -0.790    0.332  1
RGI60-10.00398     0.14040   69.240396   91.980221    0.015    0.165  1
RGI60-10.01506     0.13950   49.163515   87.245855   -0.091    0.288  1
RGI60-10.02934     0.13950   52.664632   98.872103   -0.275    0.248  1
RGI60-10.02041     0.13950   48.994674   88.118370   -0.712    0.328  1
RGI60-10.02773     0.13950   46.788341   91.608963    0.139    0.328  1
RGI60-10.05098     0.13950   67.878186   66.161599   -0.691    0.318  1
RGI60-10.04624     0.13950   60.789626  168.069183    0.085    0.251  1
RGI60-10.04602     0.13950   60.249205  166.709533   -0.466    0.298  1
RGI60-10.04653     0.13949   61.187557  167.920074    0.295    0.355  1
RGI60-10.03190     0.13887   65.168460  146.065363   -0.118    0.322  1
RGI60-10.01915     0.13860   49.181008   87.953869    0.256    0.261  1
RGI60-10.03107     0.13860   66.003750  140.994279   -0.548    0.310  1
RGI60-10.04585     0.13860   60.269539  166.722548   -0.527    0.402  1
RGI60-10.00534     0.13858   75.860925  107.422831   -0.161    0.207  1
RGI60-10.03365     0.13770   62.317238  141.187204   -1.492    0.807  1
RGI60-10.01789     0.13770   49.847754   87.662631   -0.644    0.313  1
RGI60-10.03638     0.13770   58.746223  161.385781    0.054    0.203  1
RGI60-10.00883     0.13770   49.828266   86.285413   -0.820    0.349  1
RGI60-10.00919     0.13770   49.823693   86.957627   -2.047    0.766  1
RGI60-10.01658     0.13770   49.009870   87.277244   -0.109    0.276  1
RGI60-10.02372     0.13757   49.831084   89.713796   -0.160    0.274  1
RGI60-10.03139     0.13680   65.229659  145.872731   -0.900    0.544  1
RGI60-10.01562     0.13680   48.904094   87.386717   -0.726    0.476  1
RGI60-10.03450     0.13680   61.966002  143.016707   -0.696    0.362  1
RGI60-10.02935     0.13680   52.542519   98.933473   -0.239    0.224  1
RGI60-10.04914     0.13680   61.000793  171.423085   -1.215    0.475  1
RGI60-10.03138     0.13590   65.235933  145.854881    0.140    0.361  1
RGI60-10.03622     0.13590   58.805206  161.431491   -0.037    0.209  1
RGI60-10.04267     0.13590   57.355371  160.271449   -0.302    0.210  1
RGI60-10.00380     0.13590   69.220634   92.429816   -0.633    0.346  1
RGI60-10.03473     0.13590   55.662056  157.758460   -0.378    0.275  1
RGI60-10.01859     0.13590   48.617365   89.101897   -0.990    0.361  1
RGI60-10.05140     0.13590   67.768899   66.032875   -0.624    0.298  1
RGI60-10.03702     0.13587   58.589799  160.958084    0.050    0.178  1
RGI60-10.01511     0.13500   49.210280   87.598037   -0.040    0.171  1
RGI60-10.00877     0.13500   49.834489   86.707120   -0.827    0.532  1
RGI60-10.00246     0.13500   56.895150  117.353883   -0.316    0.372  1
RGI60-10.02177     0.13500   48.647406   87.893536    0.035    0.329  1
RGI60-10.03580     0.13500   58.998752  161.765476   -0.499    0.287  1
RGI60-10.01529     0.13500   49.219905   87.666814   -0.281    0.281  1
RGI60-10.01016     0.13500   49.776151   86.810895   -0.703    0.326  1
RGI60-10.04096     0.13500   55.175212  161.200778   -0.034    0.187  1
RGI60-10.04741     0.13500   60.780866  170.693345   -0.322    0.243  1
RGI60-10.04628     0.13440   60.656462  168.111541    1.257    0.541  1
RGI60-10.00818     0.13410   49.850112   86.266637   -0.485    0.314  1
RGI60-10.04840     0.13410   61.648419  171.775759   -0.364    0.286  1
RGI60-10.04944     0.13410   62.936296  176.507932   -1.655    0.702  1
RGI60-10.05020     0.13410   62.591145  176.234766   -0.689    0.447  1
RGI60-10.03620     0.13410   58.817939  161.421657    0.107    0.229  1
RGI60-10.03111     0.13410   65.470067  141.590802   -0.216    0.236  1
RGI60-10.00378     0.13410   69.253009   91.936922   -0.113    0.176  1
RGI60-10.00198     0.13410   65.341221   59.990913    0.022    0.265  1
RGI60-10.00172     0.13410   65.098845   59.974063   -0.274    0.355  1
RGI60-10.03804     0.13407   59.350588  162.241148    0.098    0.268  1
RGI60-10.00146     0.13402   63.756966   59.170500   -0.171    0.298  1
RGI60-10.04367     0.13362   54.789113  161.883168   -0.574    0.285  1
RGI60-10.01858     0.13320   48.628864   89.107530   -0.567    0.269  1
RGI60-10.04724     0.13320   61.826911  170.937856   -1.274    0.579  1
RGI60-10.03981     0.13320   56.663298  159.665791   -0.191    0.262  1
RGI60-10.04377     0.13320   54.808342  161.682613   -1.225    0.528  1
RGI60-10.01608     0.13320   48.981709   87.492898   -0.220    0.366  1
RGI60-10.01777     0.13320   49.879288   87.615088   -0.951    0.398  1
RGI60-10.01039     0.13320   49.767350   86.547772   -0.602    0.346  1
RGI60-10.03920     0.13320   52.571364  158.019776    0.070    0.193  1
RGI60-10.00601     0.13320   75.602433  110.122385    0.050    0.162  1
RGI60-10.00500     0.13320   75.882212  107.973327    0.238    0.252  1
RGI60-10.02442     0.13234   49.770202   87.984113   -0.124    0.273  1
RGI60-10.02014     0.13230   49.031462   88.101755   -0.866    0.361  1
RGI60-10.00898     0.13230   49.814779   85.962628   -0.517    0.303  1
RGI60-10.04601     0.13230   60.246179  166.844608   -0.051    0.258  1
RGI60-10.03154     0.13230   65.012819  146.078599   -0.808    0.444  1
RGI60-10.03691     0.13230   58.513043  161.434584    0.221    0.229  1
RGI60-10.01922     0.13230   49.165576   87.959778   -0.533    0.451  1
RGI60-10.04496     0.13230   60.503925  167.262044    0.096    0.254  1
RGI60-10.01248     0.13230   49.937015   86.824863   -0.880    0.517  1
RGI60-10.04603     0.13230   60.242074  166.859383   -0.305    0.285  1
RGI60-10.00526     0.13230   75.881595  107.861523   -0.276    0.219  1
RGI60-10.00195     0.13229   65.286306   59.930830   -0.269    0.247  1
RGI60-10.02568     0.13228   47.928273   90.078705   -0.381    0.332  1
RGI60-10.04131     0.13196   57.932563  160.698695   -0.214    0.279  1
RGI60-10.03013     0.13168   53.764772   96.873454   -0.621    0.390  1
RGI60-10.01061     0.13147   50.074746   87.531281   -0.049    0.266  1
RGI60-10.02204     0.13140   48.405353   88.496655   -0.531    0.298  1
RGI60-10.01041     0.13140   49.767446   86.915079   -0.747    0.422  1
RGI60-10.00513     0.13139   75.886129  107.715641    0.066    0.214  1
RGI60-10.03131     0.13135   66.622297  144.724313   -0.437    0.257  1
RGI60-10.00511     0.13096   75.890093  107.748740   -0.250    0.236  1
RGI60-10.00844     0.13054   49.853757   86.867477   -0.929    0.522  1
RGI60-10.04458     0.13050   60.636244  167.822535   -0.184    0.341  1
RGI60-10.04502     0.13050   60.443928  167.218567   -0.122    0.325  1
RGI60-10.01037     0.13050   49.770079   87.020467   -0.460    0.325  1
RGI60-10.04042     0.13048   56.114759  160.417554   -0.869    0.441  1
RGI60-10.02887     0.13044   46.624614   93.581205   -0.525    0.429  1
RGI60-10.04899     0.12960   61.043410  171.523961   -1.422    0.610  1
RGI60-10.01175     0.12960   50.010854   87.516632   -0.958    0.406  1
RGI60-10.04456     0.12960   61.817151  161.721406   -1.003    0.441  1
RGI60-10.01173     0.12960   50.017551   87.525914   -0.771    0.508  1
RGI60-10.04339     0.12960   55.131321  161.286741   -0.332    0.217  1
RGI60-10.04436     0.12960   54.618459  160.273720   -0.362    0.256  1
RGI60-10.01140     0.12960   49.558872   86.946350   -1.076    0.658  1
RGI60-10.03614     0.12960   58.922247  161.512506   -0.135    0.310  1
RGI60-10.02789     0.12960   47.344897   91.289706   -0.262    0.238  1
RGI60-10.00558     0.12959   75.845683  107.761638    0.178    0.208  1
RGI60-10.03886     0.12936   53.614054  159.098892   -0.654    0.322  1
RGI60-10.00758     0.12930   50.103498   87.529741   -0.094    0.269  1
RGI60-10.04404     0.12870   54.752817  161.791526   -0.775    0.358  1
RGI60-10.03619     0.12870   58.821348  161.798346   -0.143    0.236  1
RGI60-10.04689     0.12870   61.948301  171.245605   -1.810    0.648  1
RGI60-10.01301     0.12870   49.904572   85.882396   -0.730    0.378  1
RGI60-10.04337     0.12870   55.135842  161.277254   -0.403    0.284  1
RGI60-10.04211     0.12870   57.628886  160.417059    0.079    0.222  1
RGI60-10.01757     0.12870   49.846570   87.481802   -0.154    0.285  1
RGI60-10.00382     0.12870   69.108228   89.978741   -0.272    0.239  1
RGI60-10.04625     0.12869   60.679024  167.946911    0.493    0.328  1
RGI60-10.00219     0.12799   57.048739  117.416461   -0.510    0.393  1
RGI60-10.01193     0.12780   49.964617   87.296025   -1.214    0.463  1
RGI60-10.04818     0.12780   61.699465  171.575036   -0.320    0.411  1
RGI60-10.04889     0.12780   61.034778  171.402558   -1.326    0.568  1
RGI60-10.04309     0.12780   59.433379  162.470496   -0.755    0.444  1
RGI60-10.03908     0.12780   53.256555  158.874701   -0.169    0.206  1
RGI60-10.00288     0.12780   68.401867  128.529861   -0.768    0.484  1
RGI60-10.00477     0.12779   75.909832  107.594605   -0.484    0.314  1
RGI60-10.02591     0.12777   47.844825   90.164783   -0.494    0.263  1
RGI60-10.00603     0.12704   47.055472   85.548819   -0.331    0.276  1
RGI60-10.04303     0.12690   59.406495  162.475299   -0.919    0.498  1
RGI60-10.01798     0.12690   49.779262   87.697170   -0.638    0.344  1
RGI60-10.02967     0.12690   52.455536   99.087494   -0.332    0.216  1
RGI60-10.04031     0.12690   56.631061  159.641105   -0.397    0.279  1
RGI60-10.04474     0.12690   60.594397  167.593877   -0.046    0.318  1
RGI60-10.03938     0.12690   52.476739  158.159346   -0.363    0.231  1
RGI60-10.02425     0.12690   49.731826   87.851823   -0.800    0.320  1
RGI60-10.02989     0.12690   53.865460   96.002571   -0.018    0.220  1
RGI60-10.01700     0.12690   50.041529   87.755793   -0.595    0.350  1
RGI60-10.00452     0.12688   75.992781  107.283079    0.194    0.212  1
RGI60-10.03790     0.12676   59.427583  162.239133   -0.465    0.303  1
RGI60-10.05096     0.12674   66.494236   63.803078   -0.854    0.336  1
RGI60-10.01293     0.12600   49.904379   86.734897   -0.862    0.497  1
RGI60-10.00711     0.12600   49.069217   85.412811   -1.125    0.485  1
RGI60-10.03274     0.12600   62.525825  140.810460   -1.375    0.666  1
RGI60-10.04283     0.12600   57.392951  160.300284   -0.493    0.267  1
RGI60-10.02128     0.12600   48.925529   87.998045   -0.581    0.338  1
RGI60-10.03757     0.12600   58.425170  160.932491    0.020    0.187  1
RGI60-10.04786     0.12600   61.808510  171.661427   -0.957    0.394  1
RGI60-10.04429     0.12600   54.719672  161.753878   -1.063    0.463  1
RGI60-10.04424     0.12600   54.717743  161.827103   -0.667    0.325  1
RGI60-10.01903     0.12600   49.234998   88.041582   -0.367    0.296  1
RGI60-10.04680     0.12600   61.890866  171.344099   -0.482    0.374  1
RGI60-10.02805     0.12539   49.729376   91.293618   -0.399    0.297  1
RGI60-10.01003     0.12510   49.772646   86.835482   -0.659    0.449  1
RGI60-10.01148     0.12510   49.500507   86.932636   -0.664    0.384  1
RGI60-10.02346     0.12510   49.878974   89.734305   -0.512    0.317  1
RGI60-10.01508     0.12510   49.190713   87.684599   -0.273    0.361  1
RGI60-10.04660     0.12510   62.094304  171.032197   -0.260    0.304  1
RGI60-10.01696     0.12510   50.111346   87.717454   -0.059    0.305  1
RGI60-10.04962     0.12510   62.975640  176.733028   -0.397    0.456  1
RGI60-10.05061     0.12510   66.784180 -177.955194   -0.678    0.338  1
RGI60-10.02890     0.12506   46.615701   93.585195   -0.194    0.302  1
RGI60-10.03362     0.12483   62.329473  141.417583   -0.972    0.528  1
RGI60-10.04701     0.12459   61.904970  171.215934    0.779    0.547  1
RGI60-10.04779     0.12457   61.825998  171.506305   -0.759    0.472  1
RGI60-10.04332     0.12420   54.829611  161.903008   -1.655    0.734  1
RGI60-10.04756     0.12420   62.045802  171.742462   -0.924    0.527  1
RGI60-10.01581     0.12420   48.933095   87.437844   -0.513    0.311  1
RGI60-10.02040     0.12420   49.032816   87.789438   -0.860    0.401  1
RGI60-10.02936     0.12338   52.535674   98.805267   -0.041    0.172  1
RGI60-10.03688     0.12330   58.528092  161.098334    0.111    0.228  1
RGI60-10.01192     0.12330   49.965501   87.275600   -0.679    0.415  1
RGI60-10.00245     0.12330   56.902085  117.503310   -0.554    0.410  1
RGI60-10.04549     0.12330   60.367473  167.027374   -0.241    0.285  1
RGI60-10.01583     0.12330   48.961027   87.374804   -1.217    0.696  1
RGI60-10.03038     0.12330   67.584588  138.853574   -0.669    0.336  1
RGI60-10.04273     0.12330   57.343946  160.278863   -0.130    0.176  1
RGI60-10.02798     0.12330   49.765075   91.262247   -0.237    0.408  1
RGI60-10.04891     0.12330   61.033765  171.971394   -0.671    0.402  1
RGI60-10.00569     0.12329   75.806341  107.618402   -0.132    0.205  1
RGI60-10.00331     0.12247   69.790927   89.504890   -0.221    0.304  1
RGI60-10.01446     0.12240   49.140890   87.424099    0.144    0.327  1
RGI60-10.01349     0.12240   49.071201   87.606853    0.110    0.268  1
RGI60-10.03611     0.12240   58.861367  161.432062    0.193    0.277  1
RGI60-10.01947     0.12240   49.096144   87.631920    0.003    0.277  1
RGI60-10.03756     0.12240   58.422239  161.057394    0.036    0.211  1
RGI60-10.04893     0.12240   61.021787  171.975603   -1.531    0.674  1
RGI60-10.01000     0.12240   49.780548   86.730063   -0.194    0.409  1
RGI60-10.00171     0.12234   64.803130   59.215316    0.020    0.215  1
RGI60-10.04091     0.12211   55.192082  161.222401   -0.443    0.266  1
RGI60-10.03606     0.12150   58.777080  161.641636    0.182    0.237  1
RGI60-10.04897     0.12150   61.005800  172.003632   -1.402    0.554  1
RGI60-10.01297     0.12150   49.899521   85.896479   -0.522    0.299  1
RGI60-10.04839     0.12150   61.648108  171.737068   -0.725    0.461  1
RGI60-10.01972     0.12150   49.058531   87.903491   -1.043    0.433  1
RGI60-10.04047     0.12150   55.882990  160.601779   -0.624    0.271  1
RGI60-10.00326     0.12150   69.919756   90.087638   -0.146    0.235  1
RGI60-10.01299     0.12150   49.897162   85.924468   -0.458    0.315  1
RGI60-10.03803     0.12150   59.433502  161.842556   -0.387    0.287  1
RGI60-10.02844     0.12150   49.592527   91.297598   -0.522    0.378  1
RGI60-10.04777     0.12150   61.824515  171.481947   -0.755    0.438  1
RGI60-10.00498     0.12149   75.918567  107.597448   -0.091    0.216  1
RGI60-10.00980     0.12060   49.782336   86.248257   -0.422    0.319  1
RGI60-10.04402     0.12060   54.780301  161.964551   -1.362    0.520  1
RGI60-10.01326     0.12060   49.890423   86.205359   -0.661    0.400  1
RGI60-10.04731     0.12060   61.822025  171.163749   -0.913    0.465  1
RGI60-10.01924     0.12060   49.161260   87.754275   -0.762    0.318  1
RGI60-10.02098     0.12060   48.957920   87.512474   -0.889    0.396  1
RGI60-10.04308     0.12060   59.555280  162.538882   -0.435    0.411  1
RGI60-10.03961     0.12060   56.739529  159.654987   -0.094    0.179  1
RGI60-10.00216     0.12060   57.130371  117.992371   -0.511    0.426  1
RGI60-10.04626     0.12059   60.674031  167.931415    0.347    0.334  1
RGI60-10.00137     0.12054   64.824834   59.220267    0.196    0.382  1
RGI60-10.03905     0.12035   53.396417  158.648740   -0.132    0.189  1
RGI60-10.04896     0.11984   61.014006  171.985818   -1.148    0.432  1
RGI60-10.04783     0.11982   61.820303  171.479450   -0.234    0.232  1
RGI60-10.02839     0.11970   49.516450   91.341744   -0.034    0.259  1
RGI60-10.04838     0.11970   61.649014  171.685513   -0.356    0.298  1
RGI60-10.02413     0.11970   49.812924   87.882102    0.003    0.308  1
RGI60-10.03735     0.11970   58.485928  160.948798    0.174    0.201  1
RGI60-10.03943     0.11970   52.453407  158.194574   -0.190    0.181  1
RGI60-10.02665     0.11970   48.672254   90.096512   -0.122    0.218  1
RGI60-10.04995     0.11970   62.715926  176.147942   -1.956    0.748  1
RGI60-10.03788     0.11967   59.430519  162.282428   -0.415    0.465  1
RGI60-10.00789     0.11950   49.874963   86.496427   -0.468    0.408  1
RGI60-10.03998     0.11937   56.646015  159.639110   -0.307    0.281  1
RGI60-10.02275     0.11880   50.615922   89.980711   -0.582    0.298  1
RGI60-10.00684     0.11880   49.078361   87.083007   -0.503    0.253  1
RGI60-10.04115     0.11880   56.708670  161.931952   -0.182    0.212  1
RGI60-10.01555     0.11880   48.883640   87.493252   -0.007    0.270  1
RGI60-10.01318     0.11880   49.908050   86.470037   -0.558    0.425  1
RGI60-10.00427     0.11880   76.188603  109.346474    0.019    0.228  1
RGI60-10.02344     0.11869   49.909397   89.748090   -1.419    0.731  1
RGI60-10.01832     0.11829   49.782540   87.726326    0.111    0.321  1
RGI60-10.00687     0.11823   49.079977   87.074020   -0.270    0.230  1
RGI60-10.01822     0.11790   49.786170   87.682503   -0.179    0.232  1
RGI60-10.00235     0.11790   56.981160  117.655804   -0.712    0.331  1
RGI60-10.05080     0.11790   64.859965 -173.426812   -0.080    0.253  1
RGI60-10.03060     0.11790   66.045825  140.359346    0.175    0.305  1
RGI60-10.00504     0.11789   75.892965  107.721070   -0.182    0.260  1
RGI60-10.01457     0.11714   49.140832   87.197988    0.140    0.179  1
RGI60-10.00177     0.11700   65.011307   60.049871    0.091    0.309  1
RGI60-10.01213     0.11700   49.957796   85.920130   -0.885    0.488  1
RGI60-10.02468     0.11700   49.675883   88.385136   -0.154    0.306  1
RGI60-10.04812     0.11700   61.716521  171.482071   -1.369    0.625  1
RGI60-10.00606     0.11700   47.046318   85.323280   -0.517    0.309  1
RGI60-10.04213     0.11700   57.781353  160.550324   -0.079    0.225  1
RGI60-10.04344     0.11700   54.859870  161.811752   -1.127    0.476  1
RGI60-10.04185     0.11700   57.889526  160.572977   -0.021    0.204  1
RGI60-10.04702     0.11700   61.887014  171.334468   -0.447    0.394  1
RGI60-10.04575     0.11700   60.307144  166.812684   -0.325    0.278  1
RGI60-10.00794     0.11700   49.864119   87.342282   -0.253    0.342  1
RGI60-10.02991     0.11700   53.682041   96.474581    0.796    0.604  1
RGI60-10.01423     0.11700   49.135720   87.286683    0.074    0.175  1
RGI60-10.00404     0.11700   76.317051  109.405626   -0.223    0.245  1
RGI60-10.00126     0.11694   64.830832   59.211658   -0.087    0.280  1
RGI60-10.02854     0.11610   49.547433   91.322375   -1.189    0.699  1
RGI60-10.00635     0.11610   49.136623   86.777725   -0.637    0.315  1
RGI60-10.03936     0.11610   52.545635  158.168983   -0.100    0.174  1
RGI60-10.04450     0.11610   61.820146  161.761453   -0.781    0.480  1
RGI60-10.02940     0.11610   52.515102   98.813614   -0.078    0.245  1
RGI60-10.04304     0.11610   59.370852  162.572533   -0.100    0.310  1
RGI60-10.05012     0.11610   62.777443  176.176444   -0.834    0.539  1
RGI60-10.01217     0.11610   49.955505   87.178728   -0.734    0.716  1
RGI60-10.01479     0.11610   49.151509   87.362680    0.071    0.183  1
RGI60-10.00516     0.11610   75.882552  107.849114   -0.369    0.263  1
RGI60-10.04398     0.11520   54.730466  161.803002   -0.999    0.384  1
RGI60-10.00856     0.11520   49.847289   86.954932    0.072    0.422  1
RGI60-10.04114     0.11520   56.714296  161.940239   -0.141    0.187  1
RGI60-10.04408     0.11520   54.749547  161.691045   -0.877    0.439  1
RGI60-10.00425     0.11520   76.197329  109.379046    0.010    0.174  1
RGI60-10.00131     0.11515   64.470682   59.312772    0.018    0.278  1
RGI60-10.02644     0.11508   47.183391   90.592182   -0.599    0.347  1
RGI60-10.04693     0.11501   61.931576  171.210483   -1.133    0.546  1
RGI60-10.04203     0.11430   57.818704  160.620700   -0.501    0.311  1
RGI60-10.03151     0.11430   65.105697  145.496290   -0.539    0.331  1
RGI60-10.03276     0.11430   62.513943  141.075768   -0.243    0.276  1
RGI60-10.01264     0.11430   49.929919   86.212794   -0.683    0.589  1
RGI60-10.04161     0.11430   57.980829  160.758147    0.275    0.241  1
RGI60-10.04225     0.11430   57.715352  160.370994   -0.084    0.247  1
RGI60-10.04386     0.11430   54.791820  161.918774   -0.717    0.358  1
RGI60-10.04336     0.11430   54.831833  161.661283   -0.995    0.544  1
RGI60-10.04328     0.11430   54.843826  161.686209   -1.204    0.474  1
RGI60-10.03644     0.11430   58.742998  161.316537    0.375    0.283  1
RGI60-10.00474     0.11429   75.925202  107.474653    0.213    0.212  1
RGI60-10.00134     0.11424   64.455561   59.250967    0.026    0.290  1
RGI60-10.01768     0.11373   49.897325   87.751792    0.001    0.277  1
RGI60-10.00285     0.11345   68.742063  128.652151   -0.729    0.329  1
RGI60-10.01113     0.11341   49.780478   86.469906   -0.254    0.417  1
RGI60-10.01424     0.11340   49.136785   87.508618   -0.093    0.198  1
RGI60-10.03785     0.11340   59.494555  161.820687   -1.191    0.627  1
RGI60-10.04343     0.11340   54.862673  161.842454   -1.130    0.536  1
RGI60-10.04688     0.11340   61.970211  170.945191    0.281    0.301  1
RGI60-10.00119     0.11335   64.798546   59.330392    0.986    0.544  1
RGI60-10.01501     0.11306   49.145107   87.489557    0.169    0.230  1
RGI60-10.03869     0.11288   53.616784  159.021362   -0.260    0.202  1
RGI60-10.03283     0.11280   62.695055  140.663155   -0.163    0.330  1
RGI60-10.04807     0.11250   61.758088  172.073307   -1.392    0.556  1
RGI60-10.01507     0.11250   49.190411   87.640000    0.079    0.305  1
RGI60-10.01004     0.11250   49.776004   86.248940   -0.644    0.350  1
RGI60-10.04476     0.11250   60.553619  167.331090   -0.485    0.368  1
RGI60-10.00338     0.11250   69.785270   92.013125   -0.083    0.195  1
RGI60-10.04493     0.11250   60.494070  167.242937   -0.070    0.280  1
RGI60-10.03108     0.11250   65.792462  140.805905   -1.437    0.690  1
RGI60-10.02255     0.11250   50.660574   89.825711   -0.515    0.347  1
RGI60-10.04593     0.11250   60.261942  166.725636   -0.895    0.463  1
RGI60-10.01375     0.11250   49.091916   87.498265   -0.466    0.319  1
RGI60-10.02653     0.11250   48.637023   90.807553   -0.384    0.287  1
RGI60-10.03767     0.11233   58.460605  161.001886   -0.006    0.213  1
RGI60-10.01804     0.11170   49.827073   87.779729    0.243    0.320  1
RGI60-10.04858     0.11160   61.464751  172.201405   -1.118    0.693  1
RGI60-10.01543     0.11160   48.897481   87.498780   -0.626    0.376  1
RGI60-10.05090     0.11156   66.903265   65.433074   -0.753    0.361  1
RGI60-10.00148     0.11154   64.812598   59.233522    0.048    0.263  1
RGI60-10.03885     0.11126   53.607026  159.094317    0.011    0.230  1
RGI60-10.00364     0.11070   69.259944   92.992909   -0.083    0.222  1
RGI60-10.00244     0.11070   56.932474  117.284887    0.021    0.263  1
RGI60-10.02527     0.11070   54.369084   88.375891   -0.556    0.298  1
RGI60-10.04607     0.11070   60.218247  166.727314   -0.012    0.358  1
RGI60-10.01923     0.11070   49.193424   87.787420   -0.101    0.229  1
RGI60-10.04520     0.11070   60.417462  166.864392   -0.030    0.266  1
RGI60-10.03414     0.11070   62.084843  141.286469   -0.886    0.481  1
RGI60-10.02807     0.11070   49.729686   91.365504   -0.204    0.315  1
RGI60-10.04618     0.11070   60.256832  166.679043   -0.385    0.319  1
RGI60-10.03810     0.11070   59.230642  161.925993    0.082    0.233  1
RGI60-10.03986     0.11070   56.656198  159.631657   -0.464    0.306  1
RGI60-10.01096     0.11070   49.757753   86.410967   -0.534    0.369  1
RGI60-10.01572     0.11070   48.926985   87.499474    0.059    0.257  1
RGI60-10.04443     0.11070   61.678923  161.474500   -0.448    0.332  1
RGI60-10.00820     0.11070   49.861704   86.506211   -0.361    0.348  1
RGI60-10.03872     0.10980   53.613135  159.020821   -0.133    0.164  1
RGI60-10.04987     0.10980   62.885174  176.468537   -1.561    0.893  1
RGI60-10.00823     0.10980   49.862488   87.322396   -0.042    0.333  1
RGI60-10.02383     0.10980   49.793222   89.611700   -1.056    0.471  1
RGI60-10.01240     0.10980   49.944289   87.018766   -0.791    0.469  1
RGI60-10.00312     0.10980   67.511350  127.991275   -0.330    0.285  1
RGI60-10.04459     0.10980   60.634947  167.813408   -0.622    0.446  1
RGI60-10.03979     0.10980   56.672442  159.656866   -0.884    0.565  1
RGI60-10.00274     0.10980   56.827166  117.464484   -0.354    0.370  1
RGI60-10.04703     0.10980   61.884450  171.301051   -0.427    0.338  1
RGI60-10.04236     0.10980   57.566277  160.419960    0.199    0.196  1
RGI60-10.00741     0.10962   50.144580   87.427436    0.129    0.306  1
RGI60-10.00510     0.10935   75.891598  107.778647   -0.698    0.417  1
RGI60-10.00767     0.10890   50.083033   87.522960   -0.481    0.261  1
RGI60-10.04421     0.10890   54.609469  160.286839    0.059    0.163  1
RGI60-10.03147     0.10890   65.188270  145.883106   -0.385    0.335  1
RGI60-10.03937     0.10890   52.483933  158.171409    0.016    0.186  1
RGI60-10.03070     0.10890   65.947914  140.388864   -0.626    0.425  1
RGI60-10.01306     0.10890   49.898491   86.710736   -1.154    0.761  1
RGI60-10.03166     0.10890   65.283845  146.095626   -0.627    0.366  1
RGI60-10.03935     0.10890   52.566044  158.037550    0.091    0.216  1
RGI60-10.00196     0.10889   65.182018   59.888113   -0.112    0.304  1
RGI60-10.00475     0.10889   75.912596  107.562855   -0.013    0.194  1
RGI60-10.02504     0.10884   50.979882   89.623374   -0.601    0.342  1
RGI60-10.01065     0.10809   50.069447   87.382506   -0.043    0.320  1
RGI60-10.04518     0.10800   60.426260  166.850780    0.066    0.293  1
RGI60-10.02915     0.10800   51.717804  100.601764   -0.666    0.316  1
RGI60-10.04917     0.10800   60.941403  171.654284   -1.009    0.550  1
RGI60-10.01510     0.10800   49.209465   87.630541   -0.113    0.197  1
RGI60-10.04540     0.10800   60.362330  166.940284    0.420    0.344  1
RGI60-10.01239     0.10800   49.959450   87.238553   -1.189    0.690  1
RGI60-10.00386     0.10800   69.246493   93.013257   -0.399    0.252  1
RGI60-10.05085     0.10799   67.636347   65.781779    0.237    0.424  1
RGI60-10.02484     0.10790   51.024701   89.391353   -0.709    0.446  1
RGI60-10.01463     0.10754   49.115951   87.278072   -0.040    0.342  1
RGI60-10.01874     0.10742   48.301743   89.909060   -0.234    0.186  1
RGI60-10.02180     0.10710   48.581170   88.195093   -0.371    0.280  1
RGI60-10.01634     0.10710   49.001859   87.133922   -0.228    0.263  1
RGI60-10.01141     0.10710   49.546431   86.954579   -0.676    0.423  1
RGI60-10.04605     0.10710   60.239709  166.808946    0.078    0.301  1
RGI60-10.02525     0.10710   54.401519   88.386421   -0.561    0.292  1
RGI60-10.03458     0.10710   54.032423  157.440083   -0.230    0.325  1
RGI60-10.04523     0.10710   60.397571  166.985106    0.151    0.327  1
RGI60-10.04640     0.10710   60.399697  170.273668   -0.524    0.387  1
RGI60-10.03037     0.10710   54.077452   96.082629   -0.320    0.365  1
RGI60-10.02910     0.10710   51.983774   99.511717   -0.506    0.345  1
RGI60-10.04942     0.10710   62.943804  176.639827   -0.068    0.399  1
RGI60-10.00616     0.10710   47.056245   85.489395   -1.035    0.566  1
RGI60-10.00925     0.10710   49.802899   86.336515   -0.090    0.270  1
RGI60-10.03253     0.10710   62.605893  140.907996   -1.073    0.475  1
RGI60-10.01528     0.10710   49.217810   87.588293    0.020    0.202  1
RGI60-10.00450     0.10709   75.962068  107.643898   -0.068    0.225  1
RGI60-10.00509     0.10709   75.882829  107.418910    0.078    0.203  1
RGI60-10.00449     0.10708   75.981202  107.247684    0.207    0.212  1
RGI60-10.01981     0.10702   49.117942   87.859751   -0.104    0.360  1
RGI60-10.02465     0.10700   49.698994   88.270620   -0.030    0.388  1
RGI60-10.01887     0.10620   48.568975   89.151233   -0.489    0.356  1
RGI60-10.00240     0.10620   56.959143  117.569274   -0.311    0.320  1
RGI60-10.01504     0.10620   49.166102   87.530661    0.099    0.297  1
RGI60-10.02966     0.10620   52.463813   98.939113   -0.415    0.331  1
RGI60-10.02757     0.10620   46.859800   91.654074   -0.469    0.454  1
RGI60-10.03612     0.10620   58.854718  161.433406   -0.053    0.228  1
RGI60-10.00448     0.10620   76.184301  109.289319   -0.037    0.201  1
RGI60-10.00539     0.10620   75.860587  107.903759   -0.161    0.248  1
RGI60-10.01512     0.10530   49.212570   87.621573    0.124    0.338  1
RGI60-10.02982     0.10530   53.885662   96.029955   -0.104    0.399  1
RGI60-10.02454     0.10530   49.725919   88.252154    0.175    0.322  1
RGI60-10.04599     0.10530   60.250834  166.836098   -0.449    0.310  1
RGI60-10.02389     0.10530   49.752750   89.801583   -0.506    0.404  1
RGI60-10.02071     0.10530   48.975185   87.675309   -0.347    0.305  1
RGI60-10.02524     0.10530   54.017810   89.022153   -0.497    0.388  1
RGI60-10.02277     0.10530   50.615878   89.761803   -0.617    0.366  1
RGI60-10.01659     0.10530   49.027914   87.292361   -0.511    0.361  1
RGI60-10.00384     0.10530   69.068597   90.376347    0.020    0.254  1
RGI60-10.04401     0.10530   54.759010  161.783256   -0.727    0.390  1
RGI60-10.04998     0.10530   62.663608  176.300567   -0.635    0.455  1
RGI60-10.01665     0.10530   49.059559   87.423445   -0.120    0.280  1
RGI60-10.03957     0.10530   56.779547  159.722574    0.209    0.246  1
RGI60-10.00174     0.10527   65.017120   59.503312    0.267    0.394  1
RGI60-10.00147     0.10525   64.816212   59.306405    0.414    0.401  1
RGI60-10.02505     0.10525   50.972812   89.676562   -0.631    0.397  1
RGI60-10.01398     0.10489   49.106922   87.232641   -0.526    0.316  1
RGI60-10.02054     0.10480   48.983928   87.568228   -0.319    0.384  1
RGI60-10.00214     0.10440   57.272395  117.031113   -0.910    0.401  1
RGI60-10.03708     0.10440   58.552238  161.402960    0.220    0.232  1
RGI60-10.03113     0.10440   66.001481  140.983034   -0.854    0.415  1
RGI60-10.03290     0.10440   62.456628  140.969590   -1.708    0.801  1
RGI60-10.05103     0.10440   67.787047   66.062397    0.147    0.252  1
RGI60-10.02075     0.10440   48.957298   88.248322   -0.661    0.344  1
RGI60-10.03787     0.10440   59.441290  161.855912   -1.840    0.648  1
RGI60-10.03786     0.10392   59.440745  162.253345   -1.930    0.729  1
RGI60-10.02822     0.10374   49.681838   91.359031   -0.088    0.316  1
RGI60-10.03567     0.10350   58.409934  161.503517    0.140    0.232  1
RGI60-10.01609     0.10350   48.985397   87.118178   -0.185    0.303  1
RGI60-10.04888     0.10350   61.107293  171.797893   -0.890    0.424  1
RGI60-10.04753     0.10350   62.110801  171.423348    0.093    0.334  1
RGI60-10.01613     0.10350   48.989926   87.248289   -0.501    0.366  1
RGI60-10.02203     0.10350   48.409203   88.507755   -0.342    0.312  1
RGI60-10.00609     0.10350   47.061181   85.431560   -0.723    0.469  1
RGI60-10.01396     0.10350   49.105780   87.246294   -0.092    0.195  1
RGI60-10.04479     0.10350   60.542699  167.491561    0.008    0.337  1
RGI60-10.02774     0.10350   46.788836   91.693445   -0.551    0.396  1
RGI60-10.04143     0.10350   58.005664  160.711002   -0.052    0.167  1
RGI60-10.04572     0.10285   60.266832  166.759878   -1.792    0.827  1
RGI60-10.02452     0.10279   49.733139   87.976624    0.078    0.263  1
RGI60-10.03144     0.10260   65.206830  145.869827   -0.985    0.560  1
RGI60-10.04937     0.10260   60.951612  171.657386   -1.201    0.688  1
RGI60-10.01559     0.10260   48.901465   87.450955   -0.219    0.311  1
RGI60-10.04739     0.10260   60.696977  170.614214   -0.417    0.294  1
RGI60-10.05025     0.10260   62.544356  176.256112    0.102    0.284  1
RGI60-10.04597     0.10260   60.178898  166.672827   -0.320    0.353  1
RGI60-10.03046     0.10260   66.694897  140.199527   -0.492    0.423  1
RGI60-10.00902     0.10260   49.809174   85.974715    0.196    0.266  1
RGI60-10.04497     0.10243   60.456070  167.119760   -0.185    0.389  1
RGI60-10.00122     0.10228   64.800477   59.633216    0.574    0.395  1
RGI60-10.00342     0.10192   69.774825   92.099328   -0.185    0.189  1
RGI60-10.04554     0.10170   60.358641  167.018518    0.192    0.258  1
RGI60-10.04641     0.10170   60.390638  170.471726   -0.938    0.437  1
RGI60-10.02979     0.10170   53.903629   96.076179   -0.220    0.293  1
RGI60-10.01954     0.10170   49.117723   87.928815   -0.133    0.436  1
RGI60-10.04522     0.10170   60.401236  166.949039    0.452    0.420  1
RGI60-10.03389     0.10170   62.185580  141.209493   -0.284    0.321  1
RGI60-10.05072     0.10170   64.848294 -173.337687   -0.336    0.292  1
RGI60-10.01513     0.10170   49.214546   87.606726    0.215    0.365  1
RGI60-10.04963     0.10170   62.908091  176.408480   -3.153    1.929  1
RGI60-10.05021     0.10170   62.590490  176.291961   -0.298    0.316  1
RGI60-10.03160     0.10170   65.947843  146.682517   -0.253    0.372  1
RGI60-10.00699     0.10170   49.078903   86.926919   -0.657    0.373  1
RGI60-10.02808     0.10170   49.715387   91.328294   -0.631    0.555  1
RGI60-10.01071     0.10170   50.064148   87.411522   -0.127    0.283  1
RGI60-10.04561     0.10170   60.344136  166.974868   -0.088    0.243  1
RGI60-10.00697     0.10170   49.080369   86.670623   -0.804    0.355  1
RGI60-10.00424     0.10170   76.201228  109.347512   -0.123    0.203  1
RGI60-10.03339     0.10136   62.434519  141.264702   -0.597    0.389  1
RGI60-10.00813     0.10080   49.873420   85.922341   -0.343    0.300  1
RGI60-10.02400     0.10080   49.785160   87.867710    0.012    0.279  1
RGI60-10.00814     0.10080   49.862896   87.331930   -0.175    0.346  1
RGI60-10.04447     0.10080   61.665631  160.998823   -1.098    0.554  1
RGI60-10.03230     0.10080   65.106858  146.074467   -1.168    0.458  1
RGI60-10.02777     0.10080   46.736726   91.842420   -0.433    0.467  1
RGI60-10.00173     0.10076   65.062771   59.462679    0.219    0.299  1
RGI60-10.03133     0.10075   66.576640  144.822075   -0.890    0.418  1
RGI60-10.03391     0.10057   62.070568  141.311273   -0.188    0.239  1
RGI60-10.02806     0.10051   49.729839   91.288585   -0.508    0.357  1
RGI60-10.04467     0.09990   60.524364  167.333619   -0.396    0.365  1
RGI60-10.03297     0.09990   62.428764  140.968440   -1.156    0.664  1
RGI60-10.01532     0.09990   49.217425   87.683331   -0.028    0.277  1
RGI60-10.05014     0.09990   62.652152  176.213009   -1.255    0.469  1
RGI60-10.02030     0.09990   49.000115   87.947289   -0.410    0.332  1
RGI60-10.00682     0.09990   49.126961   86.597490   -1.031    0.481  1
RGI60-10.01138     0.09990   49.729439   86.776237   -1.090    0.574  1
RGI60-10.04093     0.09990   55.183833  161.209777   -0.412    0.278  1
RGI60-10.03356     0.09990   62.073057  141.393264   -0.588    0.477  1
RGI60-10.02733     0.09990   48.611261   90.208355   -0.708    0.379  1
RGI60-10.02155     0.09990   48.788987   87.893106   -0.077    0.285  1
RGI60-10.00175     0.09990   65.020966   60.048595    0.347    0.416  1
RGI60-10.04723     0.09990   61.829742  171.161974   -1.040    0.499  1
RGI60-10.05081     0.09990   66.595382   63.706272    0.030    0.214  1
RGI60-10.00973     0.09990   49.780467   86.746784   -0.829    0.407  1
RGI60-10.00124     0.09986   64.785788   59.356049    0.219    0.340  1
RGI60-10.00847     0.09962   49.852610   86.256496   -0.814    0.406  1
RGI60-10.04301     0.09926   57.929625  160.696737    0.254    0.326  1
RGI60-10.03631     0.09923   58.732857  161.363920    0.534    0.352  1
RGI60-10.02133     0.09900   48.923890   88.132070   -0.299    0.309  1
RGI60-10.02410     0.09900   49.910358   87.888363    0.140    0.191  1
RGI60-10.00798     0.09900   49.860064   85.946806   -0.512    0.436  1
RGI60-10.01878     0.09900   48.558649   89.204623   -1.024    0.578  1
RGI60-10.04375     0.09900   54.810370  161.698497   -1.119    0.553  1
RGI60-10.04306     0.09900   59.361069  162.584179   -0.227    0.369  1
RGI60-10.04940     0.09900   62.962448  176.794550   -1.147    0.714  1
RGI60-10.04623     0.09900   60.802073  168.084419    0.555    0.401  1
RGI60-10.01353     0.09900   49.082564   87.191965   -0.167    0.263  1
RGI60-10.00176     0.09897   65.004405   59.489223    0.118    0.322  1
RGI60-10.00129     0.09896   64.497129   59.471317   -0.169    0.375  1
RGI60-10.02279     0.09896   50.600443   90.255263   -0.595    0.408  1
RGI60-10.03779     0.09895   59.674814  162.494433   -1.110    0.623  1
RGI60-10.02626     0.09892   47.341618   90.506771   -0.410    0.238  1
RGI60-10.03282     0.09864   62.697409  140.645992   -0.613    0.440  1
RGI60-10.04238     0.09859   57.563431  160.435824   -0.311    0.231  1
RGI60-10.02756     0.09810   46.858363   91.444526   -0.714    0.399  1
RGI60-10.01848     0.09810   49.897391   87.730047   -0.232    0.320  1
RGI60-10.02211     0.09810   48.377440   88.554467   -0.414    0.347  1
RGI60-10.01662     0.09810   49.049499   87.276074   -0.292    0.436  1
RGI60-10.02364     0.09810   49.778270   89.576311   -0.272    0.301  1
RGI60-10.04817     0.09810   61.701195  171.452141   -1.320    0.524  1
RGI60-10.01561     0.09810   48.902155   87.397363   -0.108    0.307  1
RGI60-10.00743     0.09810   50.141473   87.483091   -0.149    0.355  1
RGI60-10.03783     0.09810   59.502912  161.821816   -1.106    0.512  1
RGI60-10.02365     0.09810   49.774579   89.717972   -0.911    0.430  1
RGI60-10.04754     0.09810   62.077863  171.530766   -0.158    0.406  1
RGI60-10.03472     0.09810   55.663281  157.771211   -0.337    0.296  1
RGI60-10.01241     0.09810   49.930894   87.214196   -0.442    0.510  1
RGI60-10.04610     0.09810   60.206502  166.794677   -0.032    0.365  1
RGI60-10.04556     0.09810   60.350919  166.965808   -0.345    0.425  1
RGI60-10.05102     0.09810   67.792660   66.091618   -0.703    0.402  1
RGI60-10.01273     0.09810   49.926378   86.783645   -0.993    0.475  1
RGI60-10.00478     0.09810   75.907955  107.839998   -0.126    0.236  1
RGI60-10.00502     0.09809   75.892709  107.521621   -0.262    0.257  1
RGI60-10.05064     0.09728   66.795613 -178.215400   -0.110    0.453  1
RGI60-10.02427     0.09728   49.732230   88.016657   -0.264    0.277  1
RGI60-10.04898     0.09720   61.007611  171.443031   -1.475    0.763  1
RGI60-10.04035     0.09720   56.139786  160.517006   -0.617    0.382  1
RGI60-10.03729     0.09720   58.495633  160.902449   -0.016    0.220  1
RGI60-10.02743     0.09720   47.706241   92.522492   -0.867    0.473  1
RGI60-10.01321     0.09720   49.893105   86.197538   -0.062    0.526  1
RGI60-10.04373     0.09720   54.810522  161.920717   -1.288    0.543  1
RGI60-10.04357     0.09720   54.819841  161.957456   -1.071    0.504  1
RGI60-10.04892     0.09720   61.030246  171.540853   -1.230    0.527  1
RGI60-10.04288     0.09720   57.357020  160.236945   -0.222    0.216  1
RGI60-10.03594     0.09719   59.105138  162.071956   -0.349    0.320  1
RGI60-10.03515     0.09695   58.207460  160.807874   -0.330    0.278  1
RGI60-10.02457     0.09630   49.718658   87.958423   -0.546    0.322  1
RGI60-10.04993     0.09630   62.721018  176.254904   -1.352    0.815  1
RGI60-10.02272     0.09630   50.638690   89.797131   -0.698    0.304  1
RGI60-10.04579     0.09630   60.316312  166.891476   -0.578    0.371  1
RGI60-10.04881     0.09630   61.251795  171.799558   -1.193    0.554  1
RGI60-10.03143     0.09630   65.209422  145.550123   -0.421    0.352  1
RGI60-10.04715     0.09630   61.875155  171.178390   -0.760    0.521  1
RGI60-10.01371     0.09630   49.092514   87.521630   -0.125    0.301  1
RGI60-10.01582     0.09630   48.953006   87.382823   -0.891    0.596  1
RGI60-10.02201     0.09630   48.598696   88.176974   -0.572    0.432  1
RGI60-10.00566     0.09629   75.818069  107.506624    0.113    0.197  1
RGI60-10.00142     0.09624   63.908348   59.165770   -0.060    0.254  1
RGI60-10.00325     0.09585   67.518743  128.094150   -0.136    0.330  1
RGI60-10.04622     0.09540   60.156539  166.670262   -0.576    0.427  1
RGI60-10.03257     0.09540   62.598681  140.802614   -0.424    0.375  1
RGI60-10.01618     0.09540   49.001248   87.122460   -0.344    0.300  1
RGI60-10.02016     0.09540   48.995819   87.961287   -0.926    0.470  1
RGI60-10.04860     0.09540   61.458634  171.608450   -0.934    0.445  1
RGI60-10.03689     0.09540   58.522343  160.967739    0.078    0.383  1
RGI60-10.04606     0.09540   60.225792  166.725171   -0.091    0.250  1
RGI60-10.04655     0.09540   62.025398  170.843030   -0.018    0.348  1
RGI60-10.04832     0.09540   61.575828  172.263895   -1.276    0.613  1
RGI60-10.00685     0.09540   49.077934   86.950058   -0.666    0.363  1
RGI60-10.04992     0.09540   62.834577  176.385475   -0.324    0.335  1
RGI60-10.02003     0.09540   49.047178   88.071465   -0.501    0.366  1
RGI60-10.04970     0.09540   62.904178  176.428735   -1.737    1.070  1
RGI60-10.02226     0.09540   48.358326   88.571272   -0.177    0.229  1
RGI60-10.00400     0.09540   76.236254  109.390571   -0.028    0.244  1
RGI60-10.02597     0.09538   47.859675   90.135986   -0.591    0.317  1
RGI60-10.03906     0.09475   53.397237  158.654730   -0.013    0.248  1
RGI60-10.04629     0.09450   60.822914  168.110377    0.020    0.289  1
RGI60-10.02334     0.09450   49.845111   89.646230   -0.337    0.333  1
RGI60-10.01319     0.09450   49.897454   86.703586   -1.112    0.700  1
RGI60-10.01904     0.09450   49.234685   88.134084   -0.484    0.359  1
RGI60-10.00179     0.09450   64.979617   60.058600   -0.004    0.366  1
RGI60-10.02904     0.09450   47.727573   97.601786   -0.209    0.298  1
RGI60-10.03471     0.09450   55.669625  157.788070   -0.160    0.240  1
RGI60-10.05143     0.09450   68.138398   66.092594   -0.584    0.364  1
RGI60-10.03834     0.09450   51.314288  156.901613   -0.072    0.238  1
RGI60-10.03590     0.09450   59.068691  161.757380   -0.143    0.300  1
RGI60-10.03022     0.09450   54.171252   96.039538   -0.306    0.359  1
RGI60-10.04519     0.09450   60.419956  166.784509   -0.468    0.299  1
RGI60-10.00426     0.09450   76.189638  109.263739    0.006    0.184  1
RGI60-10.00405     0.09450   76.214706  109.397949    0.074    0.215  1
RGI60-10.00403     0.09450   76.229322  109.351999   -0.070    0.211  1
RGI60-10.00383     0.09449   69.101485   89.848398   -0.244    0.274  1
RGI60-10.00499     0.09449   75.899313  107.362513   -0.331    0.289  1
RGI60-10.00140     0.09446   64.288314   59.382413   -0.073    0.295  1
RGI60-10.03695     0.09386   58.579468  161.058816    0.105    0.241  1
RGI60-10.00954     0.09380   49.789831   86.779368   -0.855    0.445  1
RGI60-10.04514     0.09360   60.441080  167.167486   -0.506    0.353  1
RGI60-10.01373     0.09360   49.085074   87.507864   -0.028    0.239  1
RGI60-10.02081     0.09360   48.954440   88.180694   -1.071    0.602  1
RGI60-10.00385     0.09360   69.069941   90.573586   -0.559    0.344  1
RGI60-10.03396     0.09360   62.157673  141.202572   -1.467    0.661  1
RGI60-10.03352     0.09360   62.355586  141.262310   -0.531    0.451  1
RGI60-10.03730     0.09360   58.493033  160.999220    0.064    0.213  1
RGI60-10.04371     0.09360   54.812530  161.958768   -0.552    0.323  1
RGI60-10.00533     0.09360   75.866040  107.909017    0.222    0.250  1
RGI60-10.02319     0.09346   50.279771   90.062313   -0.548    0.426  1
RGI60-10.02553     0.09345   48.038112   90.946846   -0.097    0.306  1
RGI60-10.03065     0.09270   66.029312  140.460415   -0.175    0.353  1
RGI60-10.03843     0.09270   53.925417  158.238226   -0.432    0.326  1
RGI60-10.00661     0.09270   49.111735   86.621222   -0.558    0.329  1
RGI60-10.04545     0.09270   60.379146  166.893591   -0.159    0.393  1
RGI60-10.04863     0.09270   61.551776  172.047298   -1.195    0.526  1
RGI60-10.00283     0.09270   56.789157  116.930522   -0.566    0.364  1
RGI60-10.04422     0.09270   54.604627  160.276722    0.018    0.183  1
RGI60-10.02593     0.09270   47.829966   89.770386   -1.601    0.875  1
RGI60-10.00501     0.09269   75.891223  107.343984   -0.043    0.217  1
RGI60-10.02109     0.09217   48.926357   88.157604   -0.074    0.290  1
RGI60-10.04498     0.09197   60.454971  167.127715   -0.322    0.359  1
RGI60-10.00284     0.09180   69.021288  128.287452   -0.410    0.297  1
RGI60-10.02799     0.09180   49.737656   91.288633   -0.152    0.437  1
RGI60-10.01149     0.09180   49.583941   86.843749   -0.641    0.352  1
RGI60-10.03952     0.09180   56.734846  159.616616    0.059    0.188  1
RGI60-10.02414     0.09180   49.810507   87.975573   -0.273    0.346  1
RGI60-10.02800     0.09180   49.735967   91.293268   -0.162    0.456  1
RGI60-10.03733     0.09180   58.488936  161.004685   -0.005    0.187  1
RGI60-10.04941     0.09180   62.947030  176.892761   -0.110    0.401  1
RGI60-10.04857     0.09180   61.472620  172.114072   -0.893    0.623  1
RGI60-10.03616     0.09180   58.842228  161.400990    0.117    0.270  1
RGI60-10.05101     0.09180   67.792953   66.065227    0.014    0.329  1
RGI60-10.04938     0.09180   62.981813  176.868012   -1.845    0.855  1
RGI60-10.00784     0.09180   50.076346   87.499602   -0.966    0.491  1
RGI60-10.00562     0.09180   75.851254  108.348211   -0.078    0.275  1
RGI60-10.02937     0.09172   52.538512   98.798190    0.040    0.198  1
RGI60-10.01161     0.09153   50.045462   87.449880   -0.355    0.503  1
RGI60-10.02779     0.09090   46.795404   91.552690   -0.078    0.325  1
RGI60-10.01563     0.09090   48.904825   87.378188   -0.363    0.286  1
RGI60-10.02130     0.09090   48.831746   87.823158   -0.087    0.252  1
RGI60-10.01372     0.09090   49.102210   87.438337   -0.134    0.306  1
RGI60-10.00243     0.09090   56.938007  117.282854   -0.051    0.333  1
RGI60-10.00884     0.09090   49.835823   85.969129   -0.937    0.422  1
RGI60-10.02381     0.09090   49.793249   89.704489   -0.512    0.462  1
RGI60-10.03401     0.09090   62.144726  140.963799   -1.917    0.807  1
RGI60-10.03554     0.09090   58.185081  160.927285   -0.017    0.198  1
RGI60-10.04757     0.09090   62.041418  171.760362   -0.873    0.427  1
RGI60-10.04719     0.09090   61.870971  171.183309   -0.825    0.480  1
RGI60-10.04568     0.09090   60.318892  166.921072   -0.119    0.379  1
RGI60-10.02337     0.09090   49.983487   89.775592   -0.227    0.315  1
RGI60-10.04475     0.09090   60.555123  167.479849   -0.214    0.448  1
RGI60-10.00241     0.09090   56.956003  117.556969   -0.741    0.512  1
RGI60-10.03693     0.09090   58.568719  161.425455    0.191    0.225  1
RGI60-10.04611     0.09090   60.203340  166.762319   -0.776    0.501  1
RGI60-10.03849     0.09090   53.853321  158.227264   -0.354    0.284  1
RGI60-10.00564     0.09088   75.818986  107.224825   -0.300    0.319  1
RGI60-10.00556     0.09088   75.792856  107.197893    0.143    0.219  1
RGI60-10.04438     0.09080   56.148241  162.927900   -0.233    0.265  1
RGI60-10.04330     0.09070   54.836262  161.699608   -1.062    0.550  1
RGI60-10.04448     0.09045   61.839716  161.913425   -0.806    0.473  1
RGI60-10.00663     0.09000   49.105503   86.782428   -1.117    0.466  1
RGI60-10.00209     0.09000   55.045482  108.700703   -0.658    0.482  1
RGI60-10.02257     0.09000   50.648804   89.632509   -0.802    0.420  1
RGI60-10.01702     0.09000   50.057904   87.751856   -0.060    0.360  1
RGI60-10.01195     0.09000   49.982893   87.573147   -0.072    0.350  1
RGI60-10.04813     0.09000   61.705591  171.479709   -0.156    0.322  1
RGI60-10.05089     0.09000   67.541071   65.985071   -0.440    0.316  1
RGI60-10.01072     0.08910   50.062675   87.398296    0.417    0.479  1
RGI60-10.02369     0.08910   49.821894   89.707736   -1.236    0.671  1
RGI60-10.01300     0.08910   49.900267   86.718756   -0.871    0.552  1
RGI60-10.03377     0.08910   62.250321  141.309920   -0.322    0.287  1
RGI60-10.04431     0.08910   54.647171  159.711229   -0.524    0.297  1
RGI60-10.02851     0.08910   49.558898   91.428520   -0.450    0.363  1
RGI60-10.04524     0.08910   60.395783  166.969182    0.239    0.299  1
RGI60-10.04659     0.08910   61.990765  170.924227   -0.206    0.358  1
RGI60-10.02183     0.08910   48.574266   88.193409   -0.439    0.275  1
RGI60-10.02150     0.08910   48.856614   88.404599   -0.348    0.289  1
RGI60-10.01606     0.08910   48.950821   87.419652   -1.087    0.550  1
RGI60-10.00732     0.08820   50.137641   87.627815    0.086    0.294  1
RGI60-10.03848     0.08820   53.863528  158.222351   -0.422    0.293  1
RGI60-10.02526     0.08820   54.381850   88.366605   -0.294    0.236  1
RGI60-10.01899     0.08820   49.262018   88.068338   -0.779    0.401  1
RGI60-10.03940     0.08820   52.464486  158.193481   -0.122    0.227  1
RGI60-10.01546     0.08820   48.898045   87.442712   -0.152    0.452  1
RGI60-10.01057     0.08820   50.075657   87.421283   -0.319    0.317  1
RGI60-10.05016     0.08820   62.643954  176.300304   -0.479    0.420  1
RGI60-10.00928     0.08820   49.798576   86.139468   -1.010    0.488  1
RGI60-10.04464     0.08820   60.603982  167.813845   -0.575    0.555  1
RGI60-10.00642     0.08820   49.154209   87.022602   -0.146    0.325  1
RGI60-10.04539     0.08820   60.389101  166.787463   -0.428    0.299  1
RGI60-10.03059     0.08820   66.211447  139.799769   -0.652    0.426  1
RGI60-10.03781     0.08820   59.524882  161.823591   -0.663    0.503  1
RGI60-10.04307     0.08820   59.342931  162.541540   -0.272    0.382  1
RGI60-10.04586     0.08820   60.263469  166.674716   -0.135    0.351  1
RGI60-10.04069     0.08820   55.759541  160.529104   -0.339    0.285  1
RGI60-10.03768     0.08820   58.456406  161.053751    0.273    0.286  1
RGI60-10.04457     0.08820   60.645012  167.843033   -0.271    0.466  1
RGI60-10.04558     0.08752   60.350835  166.873580   -0.604    0.371  1
RGI60-10.04692     0.08749   61.930066  171.216221   -0.609    0.431  1
RGI60-10.01883     0.08730   48.329571   89.890551   -0.391    0.324  1
RGI60-10.03370     0.08730   62.280279  141.244574   -0.296    0.386  1
RGI60-10.04969     0.08730   62.839896  176.293093   -0.961    0.552  1
RGI60-10.00852     0.08730   49.848939   87.382507    0.009    0.176  1
RGI60-10.02993     0.08730   53.850596   96.130709   -0.716    0.514  1
RGI60-10.00658     0.08730   49.134598   87.078710   -0.569    0.438  1
RGI60-10.04795     0.08730   61.781009  172.099211   -0.845    0.392  1
RGI60-10.01042     0.08730   49.764725   86.435286   -0.626    0.365  1
RGI60-10.02052     0.08730   48.981573   87.964035   -0.609    0.408  1
RGI60-10.04340     0.08730   55.217909  161.290929   -0.088    0.191  1
RGI60-10.04495     0.08730   60.490553  167.239544   -0.067    0.269  1
RGI60-10.03201     0.08730   65.137590  146.093231   -0.104    0.430  1
RGI60-10.05141     0.08729   68.061158   65.705092    0.299    0.352  1
RGI60-10.00120     0.08728   64.792482   59.164026    0.030    0.272  1
RGI60-10.00149     0.08726   64.809187   59.297159    0.381    0.369  1
RGI60-10.00144     0.08724   63.807295   59.107579   -0.093    0.308  1
RGI60-10.02730     0.08704   48.364806   90.520312   -0.708    0.452  1
RGI60-10.01727     0.08682   50.019868   87.694696   -0.306    0.300  1
RGI60-10.04710     0.08644   61.884074  171.240811   -0.632    0.356  1
RGI60-10.03609     0.08640   58.907421  161.708690   -0.275    0.265  1
RGI60-10.04543     0.08640   60.327630  166.917817   -0.412    0.321  1
RGI60-10.03233     0.08640   62.685713  140.761872   -0.531    0.352  1
RGI60-10.04399     0.08640   54.780008  161.677296   -0.803    0.393  1
RGI60-10.02480     0.08640   49.724564   87.906835   -1.012    0.437  1
RGI60-10.00639     0.08640   49.149878   86.938192   -0.403    0.324  1
RGI60-10.01250     0.08640   49.935015   85.761473   -0.607    0.417  1
RGI60-10.00357     0.08640   69.391259   92.103054   -0.207    0.204  1
RGI60-10.02370     0.08640   49.806968   89.805870   -0.276    0.401  1
RGI60-10.00294     0.08640   68.967751  128.705029   -0.851    0.524  1
RGI60-10.02557     0.08639   48.225881   90.095235   -0.084    0.234  1
RGI60-10.01420     0.08634   49.108669   87.158736   -0.506    0.473  1
RGI60-10.02281     0.08550   50.609604   89.649805   -0.796    0.517  1
RGI60-10.00791     0.08550   49.869749   86.255439    0.276    0.413  1
RGI60-10.04366     0.08550   54.783233  161.973729   -1.170    0.556  1
RGI60-10.01038     0.08550   49.768714   86.839377    0.070    0.273  1
RGI60-10.00636     0.08550   49.151642   86.781878   -0.642    0.407  1
RGI60-10.01816     0.08550   49.808923   87.552001   -0.080    0.257  1
RGI60-10.02252     0.08550   50.954790   89.356708   -0.568    0.517  1
RGI60-10.04790     0.08550   61.796240  172.360347   -0.903    0.522  1
RGI60-10.03825     0.08550   51.358418  156.715073   -0.299    0.323  1
RGI60-10.00361     0.08550   69.293677   92.405809   -0.296    0.240  1
RGI60-10.02642     0.08543   47.293684   90.514910   -0.058    0.233  1
RGI60-10.02920     0.08529   53.000975   98.614022   -0.705    0.645  1
RGI60-10.00819     0.08460   49.850983   86.346681   -0.283    0.353  1
RGI60-10.05073     0.08460   64.968236 -173.123373   -0.195    0.307  1
RGI60-10.04552     0.08460   60.368982  166.769724    0.045    0.334  1
RGI60-10.03150     0.08460   65.179108  145.866651    0.115    0.440  1
RGI60-10.00799     0.08460   49.863379   86.593007   -0.773    0.656  1
RGI60-10.03517     0.08460   58.121828  160.804230    0.073    0.190  1
RGI60-10.04515     0.08460   60.402285  167.200380    0.039    0.268  1
RGI60-10.00311     0.08460   67.514245  128.119537   -0.801    0.415  1
RGI60-10.04503     0.08460   60.446986  166.996995   -0.056    0.275  1
RGI60-10.02551     0.08460   53.767848   89.051200    0.168    0.347  1
RGI60-10.04471     0.08460   60.580177  167.512495    0.311    0.385  1
RGI60-10.04345     0.08460   54.853660  161.906922   -1.007    0.522  1
RGI60-10.04517     0.08460   60.429350  167.001080    0.006    0.402  1
RGI60-10.04441     0.08460   61.752628  161.416518   -0.765    0.571  1
RGI60-10.00503     0.08460   75.897806  108.084068   -0.072    0.226  1
RGI60-10.02618     0.08452   47.408839   90.556696   -0.134    0.291  1
RGI60-10.02482     0.08444   51.573467   88.702422   -0.096    0.323  1
RGI60-10.00759     0.08400   50.101664   87.532628   -0.178    0.315  1
RGI60-10.02885     0.08370   46.630583   93.557677   -0.378    0.361  1
RGI60-10.02151     0.08370   48.820815   88.462601   -0.931    0.600  1
RGI60-10.00903     0.08370   49.826050   86.783561   -0.014    0.474  1
RGI60-10.03812     0.08370   59.182776  161.712533   -0.353    0.287  1
RGI60-10.01402     0.08370   49.113697   87.374455    0.013    0.362  1
RGI60-10.02187     0.08370   48.472115   88.405007   -0.701    0.426  1
RGI60-10.03913     0.08370   53.391737  158.653215   -0.042    0.212  1
RGI60-10.02418     0.08370   49.795049   88.113655    0.075    0.293  1
RGI60-10.03815     0.08370   59.152362  161.698089    0.169    0.358  1
RGI60-10.01807     0.08370   49.822535   87.756675    0.038    0.371  1
RGI60-10.04939     0.08370   62.968816  176.568934   -1.419    0.675  1
RGI60-10.03889     0.08370   53.513829  157.779063   -0.399    0.334  1
RGI60-10.04861     0.08370   61.431687  172.093696   -1.240    0.569  1
RGI60-10.02132     0.08370   48.913059   87.758244   -0.434    0.337  1
RGI60-10.04504     0.08370   60.441388  167.156756   -0.027    0.370  1
RGI60-10.01801     0.08370   49.771284   87.735336   -0.139    0.247  1
RGI60-10.01487     0.08370   49.157794   87.310347    0.017    0.298  1
RGI60-10.01144     0.08370   49.512590   86.718020    0.133    0.196  1
RGI60-10.00336     0.08370   69.790569   92.047244   -0.080    0.180  1
RGI60-10.04027     0.08370   56.615635  159.646378   -0.022    0.241  1
RGI60-10.02250     0.08370   50.782548   89.467630   -0.252    0.271  1
RGI60-10.03867     0.08360   53.621763  159.030176   -0.254    0.227  1
RGI60-10.00143     0.08320   63.894279   59.203030   -0.790    0.640  1
RGI60-10.02889     0.08282   46.636227   93.572624   -0.882    0.652  1
RGI60-10.02938     0.08280   52.528955   98.873449   -0.519    0.355  1
RGI60-10.00712     0.08280   49.064073   85.363382    0.421    0.323  1
RGI60-10.02968     0.08280   52.441726   98.817528   -0.721    0.511  1
RGI60-10.04968     0.08280   62.905859  176.459888   -0.017    0.582  1
RGI60-10.03071     0.08280   65.867115  140.213043    0.178    0.313  1
RGI60-10.01641     0.08280   49.007500   87.128910   -0.441    0.349  1
RGI60-10.02163     0.08280   48.659079   88.008841   -0.712    0.451  1
RGI60-10.00734     0.08280   50.151876   87.525022   -0.421    0.386  1
RGI60-10.00662     0.08280   49.111085   86.635555   -1.823    0.923  1
RGI60-10.04378     0.08280   54.806467  161.703938   -0.799    0.516  1
RGI60-10.02990     0.08280   53.860701   96.079104   -0.239    0.381  1
RGI60-10.03213     0.08280   65.136042  146.084175   -0.857    0.434  1
RGI60-10.02978     0.08280   53.904911   95.971169    0.071    0.331  1
RGI60-10.02552     0.08276   48.216719   90.075600   -0.060    0.244  1
RGI60-10.00123     0.08276   64.788634   59.227190    0.281    0.294  1
RGI60-10.02888     0.08274   46.634571   93.569350   -0.843    0.672  1
RGI60-10.02641     0.08273   47.325815   90.479322   -0.172    0.321  1
RGI60-10.02615     0.08266   47.736929   91.054132   -0.495    0.390  1
RGI60-10.02402     0.08260   49.781660   87.863295   -0.215    0.275  1
RGI60-10.04740     0.08190   60.784949  170.705587   -0.770    0.419  1
RGI60-10.02852     0.08190   49.554966   91.315818    0.204    0.301  1
RGI60-10.02969     0.08190   52.428102   98.808649   -0.450    0.332  1
RGI60-10.01565     0.08190   48.912169   87.360335   -0.809    0.491  1
RGI60-10.01540     0.08190   49.217789   87.650244    0.003    0.170  1
RGI60-10.04346     0.08190   54.847772  161.907721   -1.236    0.613  1
RGI60-10.03918     0.08190   53.082161  157.952611   -0.242    0.281  1
RGI60-10.01937     0.08190   49.068664   87.928674   -0.412    0.265  1
RGI60-10.01809     0.08190   49.822795   87.750752    0.041    0.352  1
RGI60-10.01174     0.08190   50.042696   87.494534   -0.309    0.298  1
RGI60-10.04864     0.08190   61.550694  172.104513   -0.851    0.395  1
RGI60-10.04657     0.08190   62.011707  170.859104   -0.326    0.368  1
RGI60-10.03332     0.08190   62.004037  141.358301   -0.833    0.407  1
RGI60-10.02545     0.08190   53.778877   89.044804   -0.257    0.373  1
RGI60-10.04380     0.08190   54.800343  161.792975   -1.373    0.643  1
RGI60-10.03386     0.08190   62.185835  141.171202   -1.130    0.582  1
RGI60-10.04738     0.08190   60.768362  170.693606   -0.524    0.310  1
RGI60-10.05099     0.08190   67.807883   66.092634   -1.319    0.761  1
RGI60-10.03850     0.08190   53.845860  158.224192   -0.208    0.299  1
RGI60-10.00841     0.08190   49.849046   86.301356    0.122    0.344  1
RGI60-10.05060     0.08190   66.829201 -178.228447   -0.775    0.679  1
RGI60-10.01005     0.08190   49.777874   86.708702   -1.241    0.844  1
RGI60-10.00514     0.08190   75.888028  107.979720    0.132    0.291  1
RGI60-10.05086     0.08189   67.628057   65.752806    0.045    0.296  1
RGI60-10.00127     0.08187   64.545510   59.529225    0.220    0.361  1
RGI60-10.00356     0.08186   69.559668   88.967452   -0.190    0.278  1
RGI60-10.02162     0.08166   48.669627   87.998062   -0.863    0.437  1
RGI60-10.04025     0.08100   56.627006  159.696861   -0.664    0.506  1
RGI60-10.04647     0.08100   60.297585  170.622463   -0.528    0.326  1
RGI60-10.04244     0.08100   57.561139  160.421903    0.157    0.212  1
RGI60-10.02759     0.08100   46.828402   91.682968   -0.704    0.560  1
RGI60-10.04446     0.08100   61.678012  160.935227   -0.235    0.348  1
RGI60-10.00738     0.08100   50.143664   87.631408    0.041    0.258  1
RGI60-10.04751     0.08100   60.773222  170.697092   -0.258    0.258  1
RGI60-10.04521     0.08100   60.403506  166.863099   -0.143    0.325  1
RGI60-10.01196     0.08100   49.977298   87.149831   -1.018    0.702  1
RGI60-10.04470     0.08100   60.507241  167.219606   -0.013    0.303  1
RGI60-10.04483     0.08100   60.530431  167.402287   -0.366    0.354  1
RGI60-10.04656     0.08100   62.018821  170.826160   -0.206    0.327  1
RGI60-10.02995     0.08100   53.817202   96.215615    0.284    0.418  1
RGI60-10.04946     0.08100   62.929802  176.548875   -1.448    0.600  1
RGI60-10.00901     0.08100   49.810875   86.108644   -0.560    0.442  1
RGI60-10.02905     0.08010   47.607118   97.538233   -0.060    0.389  1
RGI60-10.00827     0.08010   49.851205   85.945540   -0.251    0.304  1
RGI60-10.01666     0.08010   49.060624   87.172239    0.009    0.286  1
RGI60-10.03408     0.08010   62.111126  141.328336   -0.945    0.701  1
RGI60-10.03284     0.08010   62.504618  140.936114   -1.011    0.595  1
RGI60-10.03847     0.08010   53.868101  159.524699    0.042    0.191  1
RGI60-10.00290     0.08010   68.978333  128.703069   -0.468    0.316  1
RGI60-10.01664     0.08010   49.054204   87.293350   -0.638    0.417  1
RGI60-10.04885     0.08010   61.093763  171.796710   -1.429    0.962  1
RGI60-10.03114     0.08010   65.292146  141.758610   -0.741    0.430  1
RGI60-10.03769     0.08010   58.456041  161.028721    0.022    0.263  1
RGI60-10.02296     0.08010   50.555074   89.758071   -0.434    0.300  1
RGI60-10.04574     0.08010   60.312014  166.887220   -0.528    0.446  1
RGI60-10.02253     0.08010   50.782488   89.468024   -0.250    0.260  1
RGI60-10.00583     0.08010   75.374365  108.829672   -0.085    0.232  1
RGI60-10.00479     0.08009   75.932625  107.527671   -0.036    0.240  1
RGI60-10.02614     0.08008   47.847870   90.115430   -0.590    0.426  1
RGI60-10.00691     0.07935   49.084428   86.664980   -0.766    0.427  1
RGI60-10.03904     0.07920   53.396697  158.634019   -0.414    0.286  1
RGI60-10.00978     0.07920   49.785341   87.082958   -0.739    0.432  1
RGI60-10.01902     0.07920   49.256902   88.101518   -0.270    0.329  1
RGI60-10.03039     0.07920   66.818255  139.823100   -1.129    0.524  1
RGI60-10.00858     0.07920   49.846015   86.961646   -0.141    0.760  1
RGI60-10.01275     0.07920   49.905591   85.811812   -1.106    0.545  1
RGI60-10.02333     0.07920   50.153683   88.611378   -0.140    0.300  1
RGI60-10.03712     0.07920   58.540940  161.386275    0.247    0.260  1
RGI60-10.04204     0.07920   57.804812  160.579563   -0.109    0.245  1
RGI60-10.00613     0.07920   47.058503   85.609130   -0.760    0.638  1
RGI60-10.02939     0.07920   52.695993   98.939821   -0.099    0.238  1
RGI60-10.02544     0.07920   53.795003   89.253900   -1.060    0.635  1
RGI60-10.04426     0.07920   54.518682  159.804716   -0.232    0.202  1
RGI60-10.04988     0.07920   62.834042  176.261586   -1.605    0.784  1
RGI60-10.00570     0.07919   75.799052  107.174041   -0.282    0.268  1
RGI60-10.05091     0.07913   66.706584   64.465088   -0.033    0.324  1
RGI60-10.02865     0.07907   49.596304   91.326564   -0.305    0.326  1
RGI60-10.02745     0.07892   46.908872   91.455079   -0.102    0.303  1
RGI60-10.02404     0.07890   49.779804   87.959660   -0.664    0.370  1
RGI60-10.04831     0.07830   61.689090  171.479181   -0.374    0.344  1
RGI60-10.01776     0.07830   49.885876   87.626846   -0.378    0.282  1
RGI60-10.00848     0.07830   49.847943   86.294695   -0.597    0.560  1
RGI60-10.03255     0.07830   62.697625  140.851869   -0.254    0.362  1
RGI60-10.01712     0.07830   50.031961   87.577666    0.141    0.352  1
RGI60-10.01587     0.07830   48.964200   87.157053   -0.300    0.348  1
RGI60-10.00649     0.07830   49.153589   87.148094   -0.767    0.476  1
RGI60-10.02233     0.07830   48.337032   88.619913   -1.339    0.607  1
RGI60-10.04466     0.07830   60.589872  167.524973    1.058    0.643  1
RGI60-10.04620     0.07830   60.153704  166.685387   -0.272    0.375  1
RGI60-10.02391     0.07830   49.750790   89.807311   -0.291    0.355  1
RGI60-10.00220     0.07830   57.047963  117.371322   -0.519    0.464  1
RGI60-10.00976     0.07830   49.787495   86.964627   -0.087    0.646  1
RGI60-10.00353     0.07830   69.485992   90.480060   -0.013    0.225  1
RGI60-10.02788     0.07830   46.795975   91.741124   -0.360    0.393  1
RGI60-10.03589     0.07830   59.079064  161.783330   -0.612    0.411  1
RGI60-10.01818     0.07830   49.802065   87.763091   -0.543    0.464  1
RGI60-10.00379     0.07830   69.233544   91.758962   -0.068    0.177  1
RGI60-10.00515     0.07830   75.906682  108.096132   -0.231    0.322  1
RGI60-10.00181     0.07829   64.920248   59.866730   -1.095    0.624  1
RGI60-10.00125     0.07828   64.553388   59.561335   -0.462    0.436  1
RGI60-10.01067     0.07811   50.064323   87.501803   -0.118    0.420  1
RGI60-10.03538     0.07791   58.164998  160.789395    0.020    0.281  1
RGI60-10.00314     0.07785   67.486400  127.976627   -0.286    0.345  1
RGI60-10.02704     0.07776   48.619901   90.944775   -0.661    0.386  1
RGI60-10.02028     0.07740   49.005156   87.575420   -0.271    0.255  1
RGI60-10.04489     0.07740   60.505939  167.247248   -0.162    0.332  1
RGI60-10.03299     0.07740   62.417931  140.411562   -1.230    0.865  1
RGI60-10.02274     0.07740   50.621201   89.758898   -0.323    0.264  1
RGI60-10.01243     0.07740   49.931968   85.771574    0.321    0.384  1
RGI60-10.04792     0.07740   61.795793  171.383950   -1.117    0.788  1
RGI60-10.03840     0.07740   53.937634  158.200610   -0.401    0.289  1
RGI60-10.01040     0.07740   49.763395   86.093399   -0.445    0.553  1
RGI60-10.00218     0.07740   57.082506  117.637976   -0.558    0.365  1
RGI60-10.03067     0.07718   65.998889  140.291189   -0.442    0.423  1
RGI60-10.03679     0.07700   58.629133  161.144263   -0.009    0.253  1
RGI60-10.00128     0.07692   64.500076   59.477062    0.307    0.415  1
RGI60-10.01188     0.07683   49.985102   87.393457   -0.302    0.407  1
RGI60-10.01335     0.07650   49.877018   86.141754   -0.106    0.491  1
RGI60-10.01325     0.07650   49.889924   86.193752   -0.337    0.503  1
RGI60-10.04420     0.07650   54.727614  161.809979   -1.718    0.856  1
RGI60-10.03025     0.07650   54.061250   96.403687   -0.114    0.442  1
RGI60-10.04627     0.07650   60.673653  168.177511    0.735    0.499  1
RGI60-10.05013     0.07650   62.657227  176.247213   -1.584    0.790  1
RGI60-10.02239     0.07650   48.330227   88.611942   -0.129    0.212  1
RGI60-10.01713     0.07608   50.020327   87.678314   -0.418    0.302  1
RGI60-10.03780     0.07560   59.378174  161.714560   -0.450    0.367  1
RGI60-10.01557     0.07560   48.931103   87.501763   -0.303    0.269  1
RGI60-10.04971     0.07560   62.884915  176.440857   -0.521    0.458  1
RGI60-10.02916     0.07560   52.980805   98.679737    0.334    0.499  1
RGI60-10.04639     0.07560   60.429064  170.299274   -1.266    0.693  1
RGI60-10.01558     0.07560   48.933533   87.446026   -0.270    0.487  1
RGI60-10.01900     0.07560   49.262349   88.075925   -0.384    0.413  1
RGI60-10.01429     0.07560   49.138985   87.521368   -0.185    0.266  1
RGI60-10.01252     0.07560   49.932505   86.351046    0.163    0.236  1
RGI60-10.05074     0.07560   64.889696 -173.131706    0.132    0.294  1
RGI60-10.04964     0.07560   62.906254  176.441547   -1.151    0.643  1
RGI60-10.01542     0.07560   48.920738   87.492133   -0.385    0.324  1
RGI60-10.00990     0.07554   49.809168   86.819830   -0.060    0.272  1
RGI60-10.02619     0.07554   47.404134   90.469039   -0.328    0.338  1
RGI60-10.05092     0.07553   66.698234   64.354141   -0.263    0.257  1
RGI60-10.01002     0.07553   49.769114   86.152638   -1.107    0.491  1
RGI60-10.00316     0.07519   68.147274  128.573068   -1.181    0.677  1
RGI60-10.02529     0.07470   54.374910   88.371588   -0.533    0.338  1
RGI60-10.01864     0.07470   48.649568   89.080572   -0.661    0.370  1
RGI60-10.04822     0.07470   61.757698  172.085957   -1.217    0.576  1
RGI60-10.04318     0.07470   59.426828  162.453692   -0.162    0.403  1
RGI60-10.02111     0.07470   48.952390   87.811036   -0.547    0.591  1
RGI60-10.02010     0.07470   49.064720   87.709625   -0.679    0.350  1
RGI60-10.03995     0.07470   56.656873  159.658727   -0.219    0.238  1
RGI60-10.01311     0.07470   49.903164   86.252701   -0.476    0.382  1
RGI60-10.01336     0.07470   49.897832   86.689599   -1.192    0.753  1
RGI60-10.01408     0.07470   49.104613   87.162851   -0.241    0.366  1
RGI60-10.01590     0.07470   48.938097   87.423099   -0.685    0.487  1
RGI60-10.04384     0.07470   54.823684  161.714960   -1.414    0.703  1
RGI60-10.03444     0.07470   61.939433  141.095171   -0.243    0.292  1
RGI60-10.05107     0.07470   67.760939   66.033836   -0.098    0.342  1
RGI60-10.03320     0.07470   62.493166  140.749785   -1.778    0.948  1
RGI60-10.03860     0.07470   53.925295  158.196823    0.100    0.269  1
RGI60-10.02694     0.07470   48.794603   90.738998   -0.366    0.437  1
RGI60-10.00227     0.07470   57.049196  117.682059   -0.618    0.710  1
RGI60-10.03446     0.07380   61.930888  141.111049   -0.310    0.358  1
RGI60-10.04726     0.07380   61.884500  171.328347   -0.722    0.521  1
RGI60-10.04485     0.07380   60.584086  167.516733    0.126    0.317  1
RGI60-10.01752     0.07380   49.901902   87.571117   -0.686    0.398  1
RGI60-10.05149     0.07380   68.036059   66.347803   -0.111    0.271  1
RGI60-10.03127     0.07380   65.776379  140.868256  -12.075    5.541  1
RGI60-10.04850     0.07380   61.648942  171.755713   -0.822    0.570  1
RGI60-10.04959     0.07380   62.932183  176.797770   -1.072    0.683  1
RGI60-10.00940     0.07380   49.803480   86.419719   -1.539    1.258  1
RGI60-10.04646     0.07380   60.397120  170.238851   -1.301    0.536  1
RGI60-10.04413     0.07380   54.770705  161.749096   -0.907    0.619  1
RGI60-10.03005     0.07380   53.704434   96.692249   -0.188    0.388  1
RGI60-10.00418     0.07380   76.226266  109.373386   -0.066    0.219  1
RGI60-10.00573     0.07380   75.852790  107.856823   -0.378    0.280  1
RGI60-10.03765     0.07363   58.459013  161.044602    0.360    0.299  1
RGI60-10.01414     0.07290   49.117147   87.512849   -0.138    0.382  1
RGI60-10.05008     0.07290   62.703171  176.208534   -0.258    0.390  1
RGI60-10.02599     0.07290   47.874046   89.956312   -0.376    0.293  1
RGI60-10.00832     0.07290   49.860802   87.316326    0.160    0.356  1
RGI60-10.04664     0.07290   62.034768  170.790163   -1.119    0.566  1
RGI60-10.01794     0.07290   49.836174   87.842824    0.484    0.485  1
RGI60-10.04531     0.07290   60.441314  166.869071   -0.110    0.417  1
RGI60-10.02260     0.07290   50.957655   89.333805   -0.948    0.581  1
RGI60-10.04696     0.07290   61.980901  170.913616   -0.273    0.375  1
RGI60-10.03776     0.07290   58.424264  161.553691    0.498    0.375  1
RGI60-10.01291     0.07290   49.904136   85.824669   -0.508    0.526  1
RGI60-10.00674     0.07290   49.111983   86.679276   -0.852    0.548  1
RGI60-10.03004     0.07290   53.706154   96.686818    0.268    0.364  1
RGI60-10.03926     0.07290   53.261986  158.793730    0.058    0.233  1
RGI60-10.00392     0.07290   69.238653   93.311527    0.031    0.211  1
RGI60-10.00421     0.07290   76.208450  109.369401    0.163    0.268  1
RGI60-10.02554     0.07290   48.245147   90.026616   -0.673    0.451  1
RGI60-10.00370     0.07287   69.556664   88.992762   -0.025    0.273  1
RGI60-10.02627     0.07286   47.758874   90.316569   -0.143    0.330  1
RGI60-10.01747     0.07251   50.053754   87.876015    0.570    0.421  1
RGI60-10.00170     0.07241   63.869263   59.152618   -0.404    0.414  1
RGI60-10.02435     0.07221   49.748554   87.810565    0.051    0.177  1
RGI60-10.03716     0.07200   58.551704  161.430564    0.361    0.292  1
RGI60-10.01646     0.07200   49.006650   87.254679   -0.062    0.309  1
RGI60-10.02481     0.07200   49.610348   88.666327   -0.073    0.251  1
RGI60-10.04954     0.07200   62.958420  176.817593   -1.237    0.968  1
RGI60-10.01177     0.07200   50.033068   87.588624   -0.862    0.453  1
RGI60-10.01134     0.07200   49.748283   86.633814   -0.020    0.421  1
RGI60-10.04411     0.07200   54.776462  161.756353   -0.576    0.428  1
RGI60-10.01604     0.07200   48.971900   87.151887   -0.145    0.407  1
RGI60-10.04672     0.07200   62.003316  170.854413    0.001    0.323  1
RGI60-10.02609     0.07200   47.833254   89.936963   -0.370    0.383  1
RGI60-10.05029     0.07200   62.616179  176.281153   -0.306    0.284  1
RGI60-10.00416     0.07200   76.250702  109.551256   -0.039    0.286  1
RGI60-10.05122     0.07200   67.546490   65.982516   -0.405    0.294  1
RGI60-10.01495     0.07110   49.156561   87.230273    0.111    0.216  1
RGI60-10.03083     0.07110   65.636862  139.599845   -0.453    0.470  1
RGI60-10.02444     0.07110   49.772789   88.071304   -0.042    0.401  1
RGI60-10.03951     0.07110   52.320567  158.370968   -0.043    0.198  1
RGI60-10.02114     0.07110   48.951327   87.652942   -0.716    0.501  1
RGI60-10.01185     0.07110   50.004576   87.513947   -0.808    0.417  1
RGI60-10.04418     0.07110   54.738845  161.741617   -1.424    0.653  1
RGI60-10.03802     0.07110   59.376852  161.690851   -0.691    0.499  1
RGI60-10.02984     0.07110   53.936273   95.947661    0.017    0.349  1
RGI60-10.00524     0.07109   75.875007  107.294162   -0.075    0.229  1
RGI60-10.02493     0.07096   51.649853   88.619142    0.478    0.515  1
RGI60-10.04774     0.07020   61.841311  171.928083   -0.611    0.376  1
RGI60-10.01751     0.07020   49.905464   87.778517   -0.103    0.389  1
RGI60-10.04417     0.07020   54.743857  161.744177   -0.559    0.388  1
RGI60-10.04750     0.07020   60.520535  170.361655    0.033    0.328  1
RGI60-10.01649     0.07020   49.014178   87.288223   -0.943    0.570  1
RGI60-10.04668     0.07020   62.010208  170.851809    0.500    0.387  1
RGI60-10.03223     0.07020   65.101791  146.080534   -0.182    0.393  1
RGI60-10.04985     0.07020   62.840437  176.405431   -0.717    0.589  1
RGI60-10.04921     0.07020   60.977053  171.441531   -1.372    0.716  1
RGI60-10.01536     0.07020   49.221935   87.673688    0.006    0.330  1
RGI60-10.02974     0.07020   52.470040   98.922668   -0.251    0.372  1
RGI60-10.02349     0.07020   50.000051   89.324402    0.009    0.352  1
RGI60-10.01364     0.07020   49.078641   87.543144    0.135    0.286  1
RGI60-10.02470     0.07020   49.712015   88.109723   -0.077    0.325  1
RGI60-10.00307     0.07020   68.392649  128.663408   -0.355    0.344  1
RGI60-10.03831     0.07020   51.339359  156.902799    0.256    0.392  1
RGI60-10.02175     0.07020   48.658064   87.914341   -0.556    0.396  1
RGI60-10.02958     0.07020   52.520984   98.874855   -0.052    0.222  1
RGI60-10.00391     0.07020   69.237421   91.709712    0.054    0.182  1
RGI60-10.00550     0.07020   75.860390  107.752099   -0.211    0.289  1
RGI60-10.00494     0.07019   75.905472  107.327834    0.263    0.275  1
RGI60-10.02542     0.06930   53.783756   89.278936   -0.778    0.567  1
RGI60-10.03987     0.06930   56.704099  159.662885   -0.571    0.443  1
RGI60-10.04758     0.06930   62.103822  171.452868   -0.936    0.700  1
RGI60-10.04529     0.06930   60.442321  167.090647    0.009    0.394  1
RGI60-10.01845     0.06930   49.725135   87.758948   -0.017    0.227  1
RGI60-10.03933     0.06930   52.563226  158.026674   -0.108    0.267  1
RGI60-10.01749     0.06930   50.004123   87.730221   -0.932    0.554  1
RGI60-10.04321     0.06930   59.406176  162.431578   -0.703    0.650  1
RGI60-10.04617     0.06930   60.170851  166.753760   -0.219    0.361  1
RGI60-10.01230     0.06930   49.956527   86.354098   -0.108    0.318  1
RGI60-10.04565     0.06930   60.346001  166.878359   -0.601    0.437  1
RGI60-10.00231     0.06930   57.011544  117.276072   -0.356    0.373  1
RGI60-10.03082     0.06930   65.665844  139.240877    0.233    0.337  1
RGI60-10.01925     0.06930   49.193824   87.725134   -0.304    0.369  1
RGI60-10.02327     0.06930   50.515599   89.975742   -0.375    0.441  1
RGI60-10.02220     0.06930   48.389525   88.524885   -0.283    0.257  1
RGI60-10.04512     0.06930   60.445957  167.425989    0.068    0.398  1
RGI60-10.03858     0.06930   53.980201  158.159970   -0.749    0.546  1
RGI60-10.00298     0.06930   68.974321  128.700857   -0.349    0.302  1
RGI60-10.02955     0.06930   52.525397   98.799473    0.112    0.210  1
RGI60-10.01369     0.06930   49.085368   87.316020   -0.103    0.267  1
RGI60-10.00472     0.06929   75.947516  107.517243    0.158    0.261  1
RGI60-10.00157     0.06928   64.806818   59.630512    0.200    0.494  1
RGI60-10.00721     0.06840   49.036924   86.975428   -0.518    0.348  1
RGI60-10.00372     0.06840   69.484610   90.501438    0.174    0.269  1
RGI60-10.04352     0.06840   54.850764  161.769695   -0.880    0.490  1
RGI60-10.01537     0.06840   49.223928   87.661163   -0.095    0.300  1
RGI60-10.04953     0.06840   62.959169  176.632597   -1.572    1.036  1
RGI60-10.04633     0.06840   60.700813  168.104157    0.298    0.312  1
RGI60-10.01523     0.06840   49.213058   87.631533   -0.115    0.249  1
RGI60-10.04530     0.06840   60.439101  167.215248   -0.621    0.414  1
RGI60-10.03823     0.06840   59.115343  161.909904   -0.401    0.388  1
RGI60-10.01863     0.06840   48.651301   89.168951   -0.682    0.375  1
RGI60-10.01652     0.06840   49.019805   87.228610   -0.153    0.360  1
RGI60-10.04592     0.06840   60.263918  166.699294   -0.158    0.427  1
RGI60-10.03078     0.06840   65.956498  140.393640    0.619    0.436  1
RGI60-10.03948     0.06840   52.520754  158.297523    0.227    0.290  1
RGI60-10.01316     0.06840   49.894956   85.909439   -0.426    0.336  1
RGI60-10.04663     0.06840   62.068578  170.984322    0.269    0.302  1
RGI60-10.02012     0.06840   49.034797   88.029279   -0.369    0.434  1
RGI60-10.04509     0.06840   60.460439  167.062974   -0.061    0.466  1
RGI60-10.01259     0.06840   49.937420   86.783645   -0.916    0.531  1
RGI60-10.02113     0.06840   48.951176   87.852949   -0.903    0.686  1
RGI60-10.01573     0.06840   48.900862   87.349557   -0.166    0.323  1
RGI60-10.02764     0.06840   46.871500   91.621076   -0.371    0.612  1
RGI60-10.00495     0.06840   75.912729  107.799377    0.012    0.327  1
RGI60-10.00522     0.06839   75.878102  107.328519   -0.241    0.299  1
RGI60-10.00497     0.06839   75.896034  107.231825    0.367    0.412  1
RGI60-10.03801     0.06838   59.375816  162.291495   -0.547    0.532  1
RGI60-10.02500     0.06836   50.989846   89.634562   -0.532    0.331  1
RGI60-10.01180     0.06750   50.023822   87.527774   -0.447    0.511  1
RGI60-10.00887     0.06750   49.833634   86.960330   -0.922    0.570  1
RGI60-10.01362     0.06750   49.079335   87.187396   -0.056    0.223  1
RGI60-10.00200     0.06750   65.548560   61.612070   -0.139    0.531  1
RGI60-10.01591     0.06750   48.943583   87.405020   -0.014    0.437  1
RGI60-10.02353     0.06750   49.929540   89.743146   -1.063    0.527  1
RGI60-10.02474     0.06750   49.705811   88.293127    0.140    0.400  1
RGI60-10.01688     0.06750   51.119213   87.195029    0.386    0.743  1
RGI60-10.00389     0.06750   69.240691   91.692188   -0.064    0.198  1
RGI60-10.05000     0.06750   62.756914  176.277223   -0.225    0.332  1
RGI60-10.02541     0.06750   53.791059   89.268224   -0.495    0.574  1
RGI60-10.00414     0.06750   76.255432  109.472798    0.216    0.346  1
RGI60-10.00161     0.06748   64.651129   59.602898    0.693    0.521  1
RGI60-10.02513     0.06746   50.964101   89.621718   -0.981    0.480  1
RGI60-10.02501     0.06746   50.986593   89.595553   -0.824    0.447  1
RGI60-10.02636     0.06745   47.492538   90.469696   -0.162    0.358  1
RGI60-10.02828     0.06660   49.768339   91.276082    0.272    0.238  1
RGI60-10.02476     0.06660   49.705572   88.116801    0.355    0.355  1
RGI60-10.04350     0.06660   55.146060  161.246575   -0.381    0.298  1
RGI60-10.01313     0.06660   49.901725   86.479315   -0.091    0.364  1
RGI60-10.02768     0.06660   46.810040   91.559322   -0.069    0.383  1
RGI60-10.03183     0.06660   65.205809  145.989610    0.737    0.691  1
RGI60-10.04311     0.06660   59.723535  162.591958   -0.340    0.467  1
RGI60-10.01897     0.06660   48.274882   89.916474   -0.672    0.377  1
RGI60-10.03991     0.06660   56.669565  159.640718   -0.049    0.393  1
RGI60-10.00256     0.06660   56.895183  117.492068   -0.570    0.461  1
RGI60-10.04564     0.06660   60.384803  166.845679   -0.636    0.418  1
RGI60-10.00748     0.06660   50.159643   87.509606   -0.526    0.500  1
RGI60-10.04699     0.06660   61.885902  171.392333   -0.007    0.384  1
RGI60-10.04537     0.06660   60.390763  167.195196    0.090    0.288  1
RGI60-10.02948     0.06660   52.681154   98.739113   -0.040    0.352  1
RGI60-10.00624     0.06660   47.058431   85.477991    0.054    0.339  1
RGI60-10.01825     0.06660   49.817039   87.629230   -0.371    0.394  1
RGI60-10.00412     0.06660   76.297405  109.352551    0.209    0.352  1
RGI60-10.00484     0.06659   75.936274  107.481040    0.157    0.282  1
RGI60-10.02295     0.06659   50.540517   90.097715   -1.045    0.622  1
RGI60-10.05147     0.06659   68.044703   65.679657   -0.639    0.430  1
RGI60-10.02499     0.06609   51.020876   89.660862   -0.619    0.363  1
RGI60-10.04982     0.06570   62.849420  176.418815   -0.836    0.584  1
RGI60-10.02449     0.06570   49.735641   87.987519   -0.201    0.306  1
RGI60-10.03123     0.06570   65.823510  140.742016    0.147    0.607  1
RGI60-10.02957     0.06570   52.523599   98.954277    0.009    0.275  1
RGI60-10.03129     0.06570   65.416689  140.775936   -0.804    0.509  1
RGI60-10.01314     0.06570   49.895524   85.832981   -0.832    0.869  1
RGI60-10.03075     0.06570   66.215051  140.096616    0.551    0.472  1
RGI60-10.04851     0.06570   61.609009  171.530190   -0.261    0.318  1
RGI60-10.01279     0.06570   49.920266   86.502091   -0.213    0.424  1
RGI60-10.00468     0.06570   75.982459  107.950401    0.126    0.226  1
RGI60-10.00486     0.06569   75.928364  107.445436    0.202    0.273  1
RGI60-10.00459     0.06569   76.002199  107.284072   -0.087    0.259  1
RGI60-10.00158     0.06567   64.797783   59.269962    0.357    0.372  1
RGI60-10.03930     0.06525   52.575395  158.024234   -0.019    0.210  1
RGI60-10.05083     0.06480   66.473209   63.460550    0.073    0.291  1
RGI60-10.00679     0.06480   49.104025   86.791501   -1.500    0.854  1
RGI60-10.00632     0.06480   49.160842   86.938757    0.011    0.444  1
RGI60-10.03828     0.06480   51.580639  157.327631    0.525    0.397  1
RGI60-10.04536     0.06480   60.398300  167.010236    0.249    0.312  1
RGI60-10.02291     0.06480   50.580950   89.660963   -0.391    0.333  1
RGI60-10.00751     0.06480   50.138953   87.527911   -0.479    0.528  1
RGI60-10.01229     0.06480   49.959399   87.198483   -0.480    0.486  1
RGI60-10.04103     0.06480   55.199708  161.228886   -0.132    0.226  1
RGI60-10.01365     0.06480   49.079489   87.505836    0.128    0.230  1
RGI60-10.04796     0.06480   61.821832  171.418710   -1.342    0.950  1
RGI60-10.00438     0.06480   76.175528  109.124886    0.197    0.260  1
RGI60-10.05128     0.06477   66.935931   65.292872   -0.765    0.508  1
RGI60-10.01490     0.06390   49.146625   87.187402   -0.018    0.333  1
RGI60-10.02266     0.06390   50.770401   89.470155   -0.606    0.474  1
RGI60-10.03017     0.06390   53.556659   96.642029   -0.082    0.445  1
RGI60-10.01383     0.06390   49.092527   87.527499   -0.182    0.366  1
RGI60-10.02861     0.06390   49.569828   91.326404   -0.564    0.594  1
RGI60-10.00720     0.06390   49.040336   86.989071   -0.528    0.413  1
RGI60-10.04747     0.06390   60.750841  170.624769   -0.496    0.420  1
RGI60-10.01232     0.06390   49.952850   86.356196   -0.088    0.279  1
RGI60-10.01027     0.06390   49.771085   86.194800   -0.981    0.552  1
RGI60-10.00393     0.06390   69.235227   93.336219   -0.318    0.336  1
RGI60-10.04621     0.06390   60.167547  166.749073   -0.182    0.305  1
RGI60-10.00939     0.06390   49.805614   87.082332    0.059    0.541  1
RGI60-10.02145     0.06390   48.884428   88.025174   -0.116    0.478  1
RGI60-10.04535     0.06390   60.400669  167.020092   -0.007    0.257  1
RGI60-10.00672     0.06390   49.118357   86.734695   -0.478    0.456  1
RGI60-10.01533     0.06390   49.217956   87.630610   -0.065    0.204  1
RGI60-10.00480     0.06389   75.944558  107.529604    0.292    0.351  1
RGI60-10.00167     0.06388   64.373759   59.520620   -0.324    0.461  1
RGI60-10.00156     0.06387   64.803949   59.313062    0.019    0.406  1
RGI60-10.00152     0.06387   64.817848   59.277197    0.099    0.311  1
RGI60-10.02347     0.06300   50.200960   88.585049   -0.217    0.255  1
RGI60-10.03459     0.06300   54.044847  157.389459   -0.621    0.498  1
RGI60-10.01653     0.06300   49.020384   87.292424   -0.204    0.370  1
RGI60-10.04826     0.06300   61.718331  171.435223   -1.362    0.962  1
RGI60-10.04589     0.06300   60.281041  166.784996   -0.291    0.394  1
RGI60-10.00906     0.06300   49.827776   87.300318   -0.153    0.363  1
RGI60-10.04768     0.06300   61.913196  173.439920   -0.523    0.632  1
RGI60-10.04765     0.06300   62.006335  171.767446   -0.537    0.455  1
RGI60-10.04905     0.06300   61.034235  171.456089   -0.663    0.470  1
RGI60-10.01284     0.06300   49.917720   87.079908   -2.799    1.648  1
RGI60-10.01341     0.06300   49.883515   85.923732    0.310    0.335  1
RGI60-10.01929     0.06300   49.173927   88.341655   -0.701    0.575  1
RGI60-10.04931     0.06300   60.926817  171.453826   -0.501    0.333  1
RGI60-10.00523     0.06299   75.875207  107.217855   -0.210    0.261  1
RGI60-10.02518     0.06296   50.950099   89.604338   -0.680    0.410  1
RGI60-10.00321     0.06264   68.221937  128.525312   -0.662    0.404  1
RGI60-10.04950     0.06210   62.978682  176.848944    1.141    0.876  1
RGI60-10.03931     0.06210   52.561542  158.050100   -0.050    0.210  1
RGI60-10.02546     0.06210   53.761067   89.387569    0.256    0.330  1
RGI60-10.00280     0.06210   56.802262  116.977246   -0.513    0.373  1
RGI60-10.04772     0.06210   61.849715  171.568042   -0.035    0.352  1
RGI60-10.02167     0.06210   48.798777   87.865363   -0.461    0.389  1
RGI60-10.03419     0.06210   62.382318  141.269084    0.041    0.422  1
RGI60-10.03949     0.06210   52.473945  158.185095   -0.120    0.195  1
RGI60-10.03310     0.06210   62.621577  140.755623   -0.372    0.450  1
RGI60-10.02612     0.06210   47.825795   89.766668   -0.657    0.477  1
RGI60-10.03204     0.06210   65.193818  146.217417   -0.735    0.442  1
RGI60-10.02735     0.06210   48.583312   90.281126   -0.374    0.383  1
RGI60-10.01624     0.06210   48.979465   87.468429   -0.449    0.561  1
RGI60-10.00517     0.06210   75.903227  107.948171    0.190    0.400  1
RGI60-10.00492     0.06209   75.915694  107.555521    0.116    0.247  1
RGI60-10.00183     0.06209   65.128356   59.771350   -0.154    0.221  1
RGI60-10.00466     0.06209   75.972508  107.195740    0.146    0.212  1
RGI60-10.02601     0.06209   47.857342   90.124818   -0.579    0.574  1
RGI60-10.01595     0.06120   48.950765   87.153710   -0.742    0.541  1
RGI60-10.01289     0.06120   49.912347   86.758257   -0.996    0.687  1
RGI60-10.01644     0.06120   49.002385   87.432169    0.035    0.391  1
RGI60-10.01893     0.06120   48.353997   89.793320   -0.226    0.230  1
RGI60-10.03322     0.06120   62.454654  140.729725   -1.327    0.725  1
RGI60-10.01678     0.06120   49.050765   87.383204    0.244    0.243  1
RGI60-10.02909     0.06120   47.607995   97.532985   -0.317    0.504  1
RGI60-10.01204     0.06120   49.968328   85.883021    0.583    0.748  1
RGI60-10.02063     0.06120   48.985186   88.170682   -0.222    0.447  1
RGI60-10.01577     0.06120   48.913508   87.493958   -0.432    0.388  1
RGI60-10.01317     0.06120   49.894856   85.839538   -0.834    0.779  1
RGI60-10.01022     0.06120   49.774332   86.038283    0.008    0.329  1
RGI60-10.04829     0.06120   61.708344  171.445929   -1.378    0.737  1
RGI60-10.04037     0.06120   56.611044  159.655922   -0.455    0.371  1
RGI60-10.03490     0.06120   55.672660  157.766851   -0.191    0.275  1
RGI60-10.05005     0.06120   62.724396  176.246016   -0.970    0.678  1
RGI60-10.05139     0.06120   67.789295   66.069067   -1.247    0.703  1
RGI60-10.03821     0.06120   59.240253  161.918934   -0.375    0.562  1
RGI60-10.00368     0.06120   69.657368   92.326312   -0.107    0.243  1
RGI60-10.01439     0.06120   49.132226   87.565405   -0.398    0.421  1
RGI60-10.00493     0.06120   75.918571  108.279643    0.092    0.263  1
RGI60-10.00444     0.06120   76.155697  109.202689   -0.059    0.222  1
RGI60-10.02328     0.06119   50.508673   90.081681   -0.630    0.567  1
RGI60-10.02691     0.06111   48.375875   90.587797   -0.284    0.330  1
RGI60-10.05027     0.06030   62.643697  176.106301   -1.328    0.832  1
RGI60-10.00668     0.06030   49.134274   86.595698   -0.891    0.525  1
RGI60-10.03835     0.06030   51.333970  156.878893   -0.136    0.514  1
RGI60-10.04673     0.06030   61.999220  170.853310    0.316    0.405  1
RGI60-10.01254     0.06030   49.938983   86.270454   -0.130    0.507  1
RGI60-10.02036     0.06030   49.007032   87.944717   -0.659    0.483  1
RGI60-10.03646     0.06030   58.686272  161.126075   -0.036    0.243  1
RGI60-10.05002     0.06030   62.726232  176.275728   -0.800    0.545  1
RGI60-10.04432     0.06030   54.611568  160.280814   -0.069    0.179  1
RGI60-10.02243     0.06030   48.346925   88.498240   -0.486    0.454  1
RGI60-10.02949     0.06030   52.673181   98.711489    0.042    0.527  1
RGI60-10.02218     0.06030   48.407789   88.525409   -1.283    0.697  1
RGI60-10.03140     0.06030   65.265122  145.955338    0.366    0.442  1
RGI60-10.00703     0.06030   49.085968   86.626856   -1.239    0.699  1
RGI60-10.02922     0.06030   52.998734   98.622203    0.181    0.480  1
RGI60-10.02421     0.06030   49.823137   87.919141   -0.005    0.470  1
RGI60-10.03443     0.06030   61.949585  141.083276   -1.211    0.645  1
RGI60-10.03130     0.06030   65.287044  141.755298   -0.764    0.641  1
RGI60-10.00809     0.06030   49.864007   86.572482   -0.265    0.558  1
RGI60-10.01386     0.06030   49.099338   87.242871   -0.067    0.457  1
RGI60-10.02475     0.06030   49.704751   88.235610   -0.016    0.337  1
RGI60-10.00388     0.06030   69.245359   91.953789    0.050    0.198  1
RGI60-10.02037     0.06030   48.995828   88.153612   -0.175    0.449  1
RGI60-10.00588     0.06030   75.714986  110.514041    0.092    0.277  1
RGI60-10.00580     0.06029   75.793093  107.151365   -0.362    0.323  1
RGI60-10.01156     0.05940   49.535996   86.818017   -0.465    0.439  1
RGI60-10.03626     0.05940   58.821513  161.815842    0.153    0.292  1
RGI60-10.00681     0.05940   49.086405   85.319903   -0.048    0.350  1
RGI60-10.03468     0.05940   55.692355  157.692180   -0.110    0.240  1
RGI60-10.00997     0.05940   49.779426   85.998184   -0.262    0.342  1
RGI60-10.01200     0.05940   49.977153   87.144096   -0.366    0.711  1
RGI60-10.02242     0.05940   48.346006   88.673529   -0.796    0.415  1
RGI60-10.00914     0.05940   49.816101   86.582954    0.139    0.691  1
RGI60-10.01625     0.05940   48.981004   87.456731   -0.371    0.495  1
RGI60-10.03229     0.05940   65.067245  145.933581   -0.842    0.495  1
RGI60-10.01388     0.05940   49.100191   87.231919    0.016    0.203  1
RGI60-10.03861     0.05940   53.869728  158.223884   -0.199    0.250  1
RGI60-10.02293     0.05940   50.573605   89.664308   -0.778    0.435  1
RGI60-10.01228     0.05940   49.959505   87.170634   -0.215    0.733  1
RGI60-10.01085     0.05940   50.055257   87.352862    0.456    0.595  1
RGI60-10.00305     0.05940   68.415280  128.534605   -1.224    0.761  1
RGI60-10.02516     0.05937   50.957752   89.604245   -0.331    0.429  1
RGI60-10.02497     0.05935   51.057048   89.386134   -0.086    0.264  1
RGI60-10.01907     0.05850   49.252568   88.055821   -0.620    0.512  1
RGI60-10.00654     0.05850   49.142113   87.102286   -0.731    0.562  1
RGI60-10.04462     0.05850   60.603769  167.826232   -0.119    0.397  1
RGI60-10.00889     0.05850   49.831416   86.811692    2.116    1.891  1
RGI60-10.03624     0.05850   58.825629  161.833228    0.122    0.335  1
RGI60-10.00656     0.05850   49.136265   87.073592   -0.641    0.458  1
RGI60-10.02947     0.05850   52.682257   98.918241   -0.147    0.340  1
RGI60-10.04868     0.05850   61.557074  172.035934   -0.667    0.424  1
RGI60-10.01791     0.05850   49.900299   87.620034    0.118    0.459  1
RGI60-10.04776     0.05850   61.828049  171.515216   -1.350    0.872  1
RGI60-10.02942     0.05850   52.703667   98.939219   -0.951    0.715  1
RGI60-10.03964     0.05850   56.714765  159.572138   -0.624    0.608  1
RGI60-10.05009     0.05850   62.698553  176.258616    0.307    0.431  1
RGI60-10.04510     0.05850   60.458229  167.137200   -0.101    0.304  1
RGI60-10.05114     0.05850   67.653627   66.114959   -0.032    0.243  1
RGI60-10.04566     0.05850   60.324791  166.821411   -0.792    0.560  1
RGI60-10.00675     0.05850   49.109327   87.075753   -0.483    0.475  1
RGI60-10.01908     0.05850   49.232851   88.118914   -0.230    0.317  1
RGI60-10.05028     0.05850   62.630184  176.385430   -0.431    0.442  1
RGI60-10.01235     0.05850   49.945255   85.938767   -0.394    0.459  1
RGI60-10.04848     0.05850   61.679155  171.623144   -0.636    0.453  1
RGI60-10.01497     0.05850   49.159571   87.225283    0.094    0.291  1
RGI60-10.00586     0.05850   75.737453  110.484542    0.189    0.266  1
RGI60-10.02517     0.05846   50.953252   89.578416   -0.127    0.532  1
RGI60-10.04439     0.05843   56.147618  163.009299   -0.757    0.459  1
RGI60-10.00299     0.05789   68.917947  128.696953   -0.246    0.298  1
RGI60-10.04978     0.05760   62.877732  176.481892   -0.154    0.415  1
RGI60-10.03927     0.05760   53.056047  157.911920   -0.407    0.384  1
RGI60-10.02973     0.05760   52.487220   98.845052   -0.156    0.396  1
RGI60-10.03775     0.05760   58.459268  161.329708    0.710    0.422  1
RGI60-10.02087     0.05760   48.966685   87.861757   -0.223    0.449  1
RGI60-10.02629     0.05760   47.748517   89.482345   -0.893    0.546  1
RGI60-10.02781     0.05760   46.795758   91.546363   -0.817    0.593  1
RGI60-10.01602     0.05760   48.958766   87.465059    0.085    0.322  1
RGI60-10.02143     0.05760   48.915300   87.643138   -0.153    0.342  1
RGI60-10.02830     0.05760   49.706088   91.412417   -0.840    0.724  1
RGI60-10.03467     0.05760   55.704450  157.759822   -0.225    0.257  1
RGI60-10.03623     0.05760   58.829440  161.852027    0.017    0.311  1
RGI60-10.04106     0.05760   55.153281  160.955028   -1.234    0.616  1
RGI60-10.04513     0.05760   60.442772  167.182844   -0.143    0.343  1
RGI60-10.00771     0.05760   50.125117   87.480918   -0.406    0.444  1
RGI60-10.02953     0.05760   52.538654   98.870291   -0.086    0.318  1
RGI60-10.00778     0.05760   50.097321   87.553821   -0.395    0.437  1
RGI60-10.03008     0.05760   53.691664   96.857891   -0.225    0.282  1
RGI60-10.05146     0.05760   68.076128   66.222003   -0.402    0.352  1
RGI60-10.03932     0.05760   52.559205  158.025366   -0.088    0.202  1
RGI60-10.04878     0.05760   61.433422  172.102927   -1.054    0.711  1
RGI60-10.01927     0.05760   49.185663   87.693317   -0.197    0.440  1
RGI60-10.04749     0.05760   60.633413  170.794537   -0.377    0.322  1
RGI60-10.02169     0.05760   48.785612   87.889213    0.085    0.481  1
RGI60-10.05065     0.05760   66.901687 -178.413355    0.226    0.446  1
RGI60-10.01656     0.05760   49.027090   87.275970   -0.914    0.653  1
RGI60-10.00453     0.05760   76.144557  109.218361    0.124    0.296  1
RGI60-10.00430     0.05760   76.197220  110.628538   -0.035    0.190  1
RGI60-10.00407     0.05760   76.359688  109.659398    0.087    0.320  1
RGI60-10.02322     0.05759   50.541023   90.062904   -0.615    0.491  1
RGI60-10.02736     0.05718   48.386489   90.535417   -0.458    0.323  1
RGI60-10.01227     0.05670   49.960299   87.246659   -0.347    0.547  1
RGI60-10.04669     0.05670   62.008184  170.838327    0.249    0.377  1
RGI60-10.04414     0.05670   54.758630  161.993600   -0.602    0.365  1
RGI60-10.03837     0.05670   51.316251  156.894496   -0.155    0.293  1
RGI60-10.03597     0.05670   59.101041  161.719488   -0.497    0.429  1
RGI60-10.05026     0.05670   62.653088  176.371361   -0.580    0.450  1
RGI60-10.04828     0.05670   61.708205  171.430755   -0.828    0.448  1
RGI60-10.04820     0.05670   61.761553  172.091051   -1.029    0.638  1
RGI60-10.02977     0.05670   52.430125   98.974135   -0.029    0.378  1
RGI60-10.02120     0.05670   48.944753   87.856919   -0.622    0.478  1
RGI60-10.04972     0.05670   62.896179  176.453128   -0.455    0.481  1
RGI60-10.03460     0.05670   54.030853  157.421192   -0.194    0.336  1
RGI60-10.04613     0.05670   60.254156  166.834027   -0.315    0.373  1
RGI60-10.01023     0.05670   49.776949   86.660282   -0.752    0.617  1
RGI60-10.04534     0.05670   60.407616  167.205497   -0.022    0.402  1
RGI60-10.01498     0.05670   49.160318   87.305887   -0.024    0.316  1
RGI60-10.02996     0.05670   53.864701   95.983045   -0.270    0.436  1
RGI60-10.02292     0.05669   50.565004   90.087902   -0.288    0.363  1
RGI60-10.02061     0.05580   48.991126   87.618521   -0.174    0.421  1
RGI60-10.04313     0.05580   59.572235  162.611317   -0.168    0.526  1
RGI60-10.02479     0.05580   49.679056   88.278845   -0.452    0.502  1
RGI60-10.03224     0.05580   65.096395  146.050591   -1.487    0.999  1
RGI60-10.01870     0.05580   48.588752   89.155081   -1.056    0.519  1
RGI60-10.04976     0.05580   62.882590  176.493619   -1.537    0.927  1
RGI60-10.04351     0.05580   54.905599  160.630153   -0.028    0.205  1
RGI60-10.05011     0.05580   62.662813  176.207141   -0.971    0.538  1
RGI60-10.00520     0.05579   75.878900  107.164967   -0.245    0.284  1
RGI60-10.00164     0.05577   64.472162   59.220397    0.090    0.468  1
RGI60-10.02123     0.05490   48.925882   87.856908   -0.984    0.660  1
RGI60-10.04949     0.05490   62.986761  176.883883   -0.359    0.845  1
RGI60-10.03207     0.05490   65.170026  145.951278   -0.397    0.558  1
RGI60-10.04383     0.05490   54.827683  161.702500   -2.040    1.218  1
RGI60-10.01184     0.05490   50.007127   87.420637   -0.624    0.584  1
RGI60-10.05003     0.05490   62.724678  176.263840   -0.542    0.364  1
RGI60-10.02032     0.05490   49.016718   87.527320    0.275    0.437  1
RGI60-10.02261     0.05490   50.949489   89.363830   -0.579    0.495  1
RGI60-10.01409     0.05490   49.109969   87.568114    0.038    0.238  1
RGI60-10.01690     0.05490   51.077807   87.206834   -2.547    1.473  1
RGI60-10.01367     0.05490   49.081940   87.317509   -0.136    0.325  1
RGI60-10.01850     0.05490   48.396744   88.994476   -0.549    0.420  1
RGI60-10.02084     0.05490   48.970643   87.576005   -0.345    0.301  1
RGI60-10.04314     0.05490   59.567076  162.591263   -0.400    0.540  1
RGI60-10.00302     0.05486   68.536269  128.621629   -0.564    0.389  1
RGI60-10.01744     0.05400   50.071982   87.722495   -0.683    0.645  1
RGI60-10.02294     0.05400   50.560909   89.746299   -0.459    0.351  1
RGI60-10.02189     0.05400   48.645892   87.872144   -0.181    0.322  1
RGI60-10.01238     0.05400   49.945376   86.795047   -1.625    1.234  1
RGI60-10.01632     0.05400   49.001170   87.141980   -0.132    0.315  1
RGI60-10.03901     0.05400   53.502768  157.778042   -0.213    0.333  1
RGI60-10.01539     0.05400   49.247512   87.644525   -0.059    0.217  1
RGI60-10.03839     0.05400   51.311564  156.884710    0.007    0.320  1
RGI60-10.04869     0.05400   61.551481  172.112519   -1.073    0.751  1
RGI60-10.03120     0.05400   66.007952  141.065734    0.273    0.346  1
RGI60-10.04746     0.05400   60.801330  170.928799   -0.618    0.368  1
RGI60-10.00211     0.05400   55.014425  108.697150   -0.370    0.463  1
RGI60-10.05031     0.05400   62.580098  176.237911    0.505    0.454  1
RGI60-10.02194     0.05400   48.575289   88.288665    0.051    0.377  1
RGI60-10.00715     0.05400   49.072402   87.014137   -0.240    0.299  1
RGI60-10.01628     0.05400   48.994881   87.439946   -0.037    0.439  1
RGI60-10.04080     0.05400   55.762061  160.524661   -0.238    0.301  1
RGI60-10.01359     0.05400   49.068926   87.362965    0.028    0.372  1
RGI60-10.04174     0.05400   57.892024  160.634239   -0.189    0.386  1
RGI60-10.00376     0.05400   69.276032   91.175854   -0.208    0.253  1
RGI60-10.02008     0.05400   49.066716   87.810212   -1.635    0.842  1
RGI60-10.00598     0.05400   75.573278  110.472264    0.267    0.377  1
RGI60-10.02598     0.05400   47.873306   90.028793   -1.000    0.586  1
RGI60-10.02288     0.05397   50.621764   90.405442   -0.380    0.664  1
RGI60-10.03896     0.05310   53.585400  157.750380   -0.146    0.231  1
RGI60-10.04643     0.05310   60.406172  170.294285   -0.670    0.386  1
RGI60-10.00936     0.05310   49.804294   86.260795   -0.932    0.632  1
RGI60-10.03305     0.05310   62.744437  140.753316   -0.529    0.446  1
RGI60-10.00373     0.05310   69.380571   92.216175    0.015    0.220  1
RGI60-10.04734     0.05310   61.798075  171.183284   -1.238    0.705  1
RGI60-10.02610     0.05310   47.842317   89.543569   -1.453    0.955  1
RGI60-10.04487     0.05310   60.525037  167.378349    0.316    0.412  1
RGI60-10.04763     0.05310   62.039377  171.776384   -0.530    0.488  1
RGI60-10.05084     0.05310   66.443263   63.399892   -0.057    0.205  1
RGI60-10.02697     0.05310   48.680197   90.789846   -0.374    0.364  1
RGI60-10.01619     0.05310   48.975851   87.467645   -0.942    0.725  1
RGI60-10.00776     0.05310   50.102306   87.494140   -0.244    0.432  1
RGI60-10.01154     0.05310   49.548836   86.831855   -0.926    0.674  1
RGI60-10.04801     0.05310   61.790980  172.134922   -2.457    2.116  1
RGI60-10.05148     0.05310   68.043881   65.838679   -0.235    0.337  1
RGI60-10.05138     0.05304   66.590239   64.109718    0.595    0.432  1
RGI60-10.00890     0.05220   49.831848   87.312577   -1.064    0.719  1
RGI60-10.03797     0.05220   59.485725  161.838471   -0.884    0.763  1
RGI60-10.01088     0.05220   50.050442   87.471417   -1.072    0.879  1
RGI60-10.02195     0.05220   48.570925   88.215625   -0.104    0.334  1
RGI60-10.02532     0.05220   54.039029   89.022579   -0.185    0.364  1
RGI60-10.02326     0.05220   50.517022   89.971144   -0.508    0.377  1
RGI60-10.04662     0.05220   62.095247  171.097114   -0.896    0.775  1
RGI60-10.04803     0.05220   61.773653  171.378201   -0.384    0.440  1
RGI60-10.02954     0.05220   52.527098   98.794238    0.094    0.267  1
RGI60-10.01054     0.05220   49.760898   86.963361   -0.640    0.507  1
RGI60-10.03742     0.05220   58.509441  161.073049   -0.005    0.216  1
RGI60-10.01181     0.05220   50.018204   87.514826   -0.350    0.440  1
RGI60-10.03158     0.05220   65.000258  146.076580   -1.294    0.696  1
RGI60-10.03121     0.05220   65.971050  140.726083    0.119    0.345  1
RGI60-10.01549     0.05220   48.864900   87.451633    0.155    0.460  1
RGI60-10.02091     0.05220   48.961778   87.860256   -0.560    0.432  1
RGI60-10.00723     0.05220   48.999222   87.086863   -0.504    0.391  1
RGI60-10.01089     0.05220   50.049673   87.449482   -0.463    0.683  1
RGI60-10.00437     0.05220   76.180642  109.361775    0.129    0.220  1
RGI60-10.00574     0.05220   75.843806  107.740402    0.150    0.289  1
RGI60-10.00518     0.05219   75.887089  107.292238   -0.414    0.396  1
RGI60-10.00159     0.05218   64.793646   59.344588    0.310    0.474  1
RGI60-10.03947     0.05175   52.537954  158.069491    0.038    0.198  1
RGI60-10.01959     0.05130   49.084265   87.876575   -0.638    0.551  1
RGI60-10.00865     0.05130   49.842047   86.481527   -0.326    0.533  1
RGI60-10.00938     0.05130   49.806025   87.017460    0.120    0.558  1
RGI60-10.00190     0.05130   65.002324   60.048906    0.232    0.321  1
RGI60-10.01309     0.05130   49.902865   85.920560   -0.861    0.580  1
RGI60-10.02932     0.05130   52.708228   98.903963    0.033    0.242  1
RGI60-10.01524     0.05130   49.214746   87.579199    0.123    0.230  1
RGI60-10.00249     0.05130   56.984031  117.644612   -0.867    0.700  1
RGI60-10.02539     0.05130   53.832196   89.243672   -0.778    0.672  1
RGI60-10.01931     0.05130   49.174441   87.707820   -0.027    0.214  1
RGI60-10.04349     0.05130   55.150717  161.239020   -0.260    0.292  1
RGI60-10.02170     0.05130   48.773967   87.969629   -0.682    0.455  1
RGI60-10.02148     0.05130   48.836065   87.816679   -0.441    0.490  1
RGI60-10.02931     0.05130   52.710440   99.202920   -0.128    0.351  1
RGI60-10.04451     0.05130   61.844942  161.933769   -1.359    1.071  1
RGI60-10.05032     0.05130   62.576119  176.289161   -0.931    0.663  1
RGI60-10.01046     0.05130   49.771098   86.410814   -1.109    0.817  1
RGI60-10.00543     0.05129   75.868072  107.454462   -0.027    0.246  1
RGI60-10.00485     0.05129   75.931997  107.441754    0.140    0.351  1
RGI60-10.00521     0.05129   75.879650  107.359553    0.179    0.279  1
RGI60-10.03818     0.05129   59.349796  162.228626   -0.380    0.400  1
RGI60-10.00592     0.05128   75.654348  106.401141   -0.041    0.329  1
RGI60-10.02533     0.05040   54.024507   89.027575   -0.333    0.414  1
RGI60-10.03221     0.05040   65.111973  146.132207   -1.066    0.682  1
RGI60-10.00322     0.05040   67.585081  128.188554   -0.420    0.487  1
RGI60-10.02094     0.05040   48.962895   87.515331   -0.287    0.484  1
RGI60-10.01673     0.05040   49.042702   87.380555   -0.094    0.429  1
RGI60-10.03436     0.05040   62.134815  141.290231   -1.190    0.815  1
RGI60-10.03421     0.05040   62.351369  141.406567   -0.547    0.497  1
RGI60-10.03715     0.05040   58.572568  161.427518    0.099    0.282  1
RGI60-10.00365     0.05040   69.738611   92.207527   -0.304    0.259  1
RGI60-10.03900     0.05040   53.512103  158.633031   -0.162    0.217  1
RGI60-10.02085     0.05040   48.967534   87.979082    0.846    0.798  1
RGI60-10.05046     0.05040   66.354166 -178.830210   -1.287    0.684  1
RGI60-10.01342     0.05040   49.885187   87.384377   -0.166    0.460  1
RGI60-10.03417     0.05040   62.420334  141.188368   -1.081    0.821  1
RGI60-10.00805     0.05040   49.868185   86.606025   -0.339    0.437  1
RGI60-10.04771     0.05040   61.852706  171.806993   -0.114    0.289  1
RGI60-10.03003     0.05040   53.722750   96.740073   -0.460    0.420  1
RGI60-10.04981     0.05040   62.855585  176.415229   -0.538    0.376  1
RGI60-10.04081     0.05040   55.738845  161.185821   -0.375    0.316  1
RGI60-10.01578     0.05040   48.916628   87.320763    0.172    0.436  1
RGI60-10.01384     0.05040   49.094551   87.268824   -0.054    0.283  1
RGI60-10.00464     0.05040   75.989555  107.912384   -0.176    0.289  1
RGI60-10.00163     0.05039   64.564099   59.569760   -0.671    0.679  1
RGI60-10.02827     0.04950   49.783402   91.268918    0.431    0.570  1
RGI60-10.00390     0.04950   69.243257   93.288290   -0.235    0.248  1
RGI60-10.02009     0.04950   49.063435   88.021953   -0.881    0.764  1
RGI60-10.03225     0.04950   65.099032  146.105569   -1.018    1.014  1
RGI60-10.04637     0.04950   60.660626  168.130075    0.172    0.306  1
RGI60-10.01225     0.04950   49.961616   87.168367   -0.013    0.777  1
RGI60-10.01687     0.04950   51.122510   87.191164    0.046    1.175  1
RGI60-10.04887     0.04950   61.088599  171.788074   -1.056    0.615  1
RGI60-10.01905     0.04950   49.264504   88.083972   -0.112    0.438  1
RGI60-10.04263     0.04950   57.440805  160.368060    0.078    0.427  1
RGI60-10.00862     0.04950   49.847475   86.259776   -0.858    0.491  1
RGI60-10.04563     0.04950   60.379613  167.213594   -0.083    0.286  1
RGI60-10.01517     0.04950   49.185297   87.626914   -0.235    0.362  1
RGI60-10.02698     0.04950   48.626878   90.228570    0.009    0.398  1
RGI60-10.03508     0.04950   58.234841  160.959080   -0.179    0.232  1
RGI60-10.02089     0.04950   48.966070   87.522839   -0.886    0.671  1
RGI60-10.03993     0.04950   56.667707  159.666249   -0.600    0.393  1
RGI60-10.05075     0.04950   65.002719 -173.094122   -0.628    0.543  1
RGI60-10.03853     0.04950   53.992745  158.198456   -0.183    0.271  1
RGI60-10.00204     0.04950   65.190243   59.854017   -0.051    0.291  1
RGI60-10.00519     0.04949   75.885529  107.433300   -0.219    0.360  1
RGI60-10.02323     0.04949   50.538990   90.089720   -0.566    0.407  1
RGI60-10.00579     0.04949   75.801624  107.118340   -0.284    0.355  1
RGI60-10.05082     0.04945   66.575963   63.706001   -0.159    0.421  1
RGI60-10.01308     0.04860   49.904077   85.897559   -0.466    0.586  1
RGI60-10.00905     0.04860   49.827215   87.287095   -0.980    0.599  1
RGI60-10.03306     0.04860   62.712813  140.643353    0.381    0.491  1
RGI60-10.00750     0.04860   50.145858   87.451249   -0.285    0.533  1
RGI60-10.04849     0.04860   61.678078  171.632373   -0.558    0.419  1
RGI60-10.01135     0.04860   49.731272   86.394533   -0.507    0.342  1
RGI60-10.02112     0.04860   48.952326   87.592919   -0.449    0.529  1
RGI60-10.01382     0.04860   49.091988   87.294079    0.110    0.411  1
RGI60-10.03950     0.04860   52.455754  158.169127   -0.259    0.242  1
RGI60-10.03424     0.04860   62.303701  141.407290   -0.613    0.497  1
RGI60-10.00958     0.04860   49.795994   87.013277    0.219    0.579  1
RGI60-10.01541     0.04860   48.931165   87.501526   -0.635    0.510  1
RGI60-10.02174     0.04860   48.657414   87.998021   -0.330    0.466  1
RGI60-10.03309     0.04860   62.639515  140.992557   -0.526    0.591  1
RGI60-10.02249     0.04860   49.411906   88.091208    0.039    0.274  1
RGI60-10.03036     0.04860   53.935345   96.446504   -0.423    0.652  1
RGI60-10.02064     0.04860   48.980223   88.244837   -0.691    0.534  1
RGI60-10.00304     0.04860   68.442586  128.486454   -0.687    0.508  1
RGI60-10.04766     0.04860   62.005743  171.779304   -0.087    0.274  1
RGI60-10.03560     0.04860   58.166499  160.954923   -0.034    0.255  1
RGI60-10.04955     0.04860   62.953567  176.903416   -0.001    0.598  1
RGI60-10.02166     0.04860   48.801878   87.826950   -0.647    0.505  1
RGI60-10.00395     0.04860   69.053674   90.444786   -0.386    0.356  1
RGI60-10.04460     0.04860   60.669755  167.744112    0.319    0.382  1
RGI60-10.01932     0.04860   49.169581   87.959300   -1.354    0.789  1
RGI60-10.02445     0.04860   49.762965   88.148501   -0.273    0.638  1
RGI60-10.01574     0.04860   48.902333   87.405098   -0.485    0.497  1
RGI60-10.00551     0.04860   75.867795  108.402061    0.145    0.403  1
RGI60-10.00419     0.04860   76.221770  109.423795    0.037    0.378  1
RGI60-10.00184     0.04860   65.129750   59.901002   -0.854    0.707  1
RGI60-10.00186     0.04858   65.034469   59.477534    0.140    0.401  1
RGI60-10.02639     0.04856   47.306554   90.502983   -0.345    0.395  1
RGI60-10.00324     0.04788   67.488424  127.987351   -0.310    0.404  1
RGI60-10.03312     0.04770   62.615059  140.715346    0.642    0.504  1
RGI60-10.04461     0.04770   60.626986  167.821369   -1.226    0.996  1
RGI60-10.04616     0.04770   60.177402  166.666668   -0.138    0.461  1
RGI60-10.02356     0.04770   49.904300   89.754960   -0.571    0.543  1
RGI60-10.03315     0.04770   62.600990  140.652088   -1.308    0.744  1
RGI60-10.03851     0.04770   54.021708  158.567559    0.143    0.391  1
RGI60-10.03862     0.04770   53.857753  158.227683   -0.243    0.286  1
RGI60-10.05006     0.04770   62.705746  176.146934   -0.100    0.367  1
RGI60-10.04865     0.04770   61.569868  172.210989   -0.473    0.361  1
RGI60-10.03992     0.04770   56.669095  159.671451   -0.752    0.562  1
RGI60-10.01050     0.04770   49.767640   86.722378   -0.796    0.586  1
RGI60-10.04934     0.04770   60.888852  171.873954   -0.893    0.666  1
RGI60-10.03855     0.04770   53.989275  158.137174    0.024    0.343  1
RGI60-10.02451     0.04770   49.729010   87.985239    0.049    0.202  1
RGI60-10.04591     0.04770   60.267626  166.730535   -0.832    0.783  1
RGI60-10.03227     0.04770   65.076031  145.918680   -0.722    0.534  1
RGI60-10.00935     0.04770   49.807799   87.020986    1.013    0.910  1
RGI60-10.04958     0.04770   62.936846  176.820780    0.072    0.759  1
RGI60-10.04748     0.04770   60.745212  170.604038   -0.108    0.309  1
RGI60-10.00859     0.04770   49.850152   87.387699   -0.470    0.422  1
RGI60-10.01390     0.04770   49.103957   87.259549   -0.045    0.353  1
RGI60-10.00587     0.04770   75.725474  110.489384    0.002    0.257  1
RGI60-10.00456     0.04770   76.081880  109.094825    0.059    0.253  1
RGI60-10.00415     0.04770   76.252808  109.604466   -0.197    0.247  1
RGI60-10.00406     0.04770   76.412986  109.879120   -0.015    0.321  1
RGI60-10.00345     0.04770   69.905406   90.257285    0.356    0.427  1
RGI60-10.02600     0.04770   47.869260   90.028437   -0.910    0.629  1
RGI60-10.03799     0.04769   59.439122  162.303482   -1.058    0.888  1
RGI60-10.00162     0.04769   64.566431   59.544434   -1.200    0.948  1
RGI60-10.03793     0.04768   59.677448  162.507043   -0.467    0.685  1
RGI60-10.03328     0.04680   62.411909  140.543331   -0.798    0.770  1
RGI60-10.01894     0.04680   48.350471   89.798917   -0.492    0.379  1
RGI60-10.01868     0.04680   48.614940   89.095129   -0.444    0.497  1
RGI60-10.01596     0.04680   48.951018   87.371305   -0.978    0.833  1
RGI60-10.02766     0.04680   46.848102   91.662279    0.587    0.604  1
RGI60-10.00779     0.04680   50.086013   87.585136   -0.285    0.528  1
RGI60-10.03057     0.04680   66.675140  140.260548   -0.281    0.368  1
RGI60-10.01930     0.04680   49.173461   88.350121   -0.356    0.651  1
RGI60-10.01178     0.04680   50.030948   87.422934   -1.209    1.075  1
RGI60-10.01499     0.04680   49.160962   87.527647    0.146    0.250  1
RGI60-10.03746     0.04680   58.489242  160.983474    0.171    0.242  1
RGI60-10.02197     0.04680   48.568551   88.229198   -0.341    0.459  1
RGI60-10.02696     0.04680   48.685814   90.306867    0.320    0.622  1
RGI60-10.02447     0.04680   49.756118   88.095823   -0.300    0.539  1
RGI60-10.02066     0.04680   48.978288   88.234465   -0.397    0.419  1
RGI60-10.01865     0.04680   48.647203   89.070796   -0.244    0.343  1
RGI60-10.00254     0.04680   56.911202  117.355438    0.147    0.303  1
RGI60-10.04102     0.04680   55.207728  160.976655   -0.487    0.316  1
RGI60-10.05001     0.04680   62.743763  176.309371   -1.124    0.673  1
RGI60-10.01650     0.04680   49.016899   87.289152   -0.236    0.293  1
RGI60-10.01385     0.04680   49.097556   87.237499   -0.148    0.249  1
RGI60-10.04744     0.04680   60.842913  171.012677   -0.281    0.260  1
RGI60-10.05004     0.04680   62.724593  176.280660   -0.332    0.396  1
RGI60-10.00942     0.04680   49.802725   87.098070   -2.991    2.132  1
RGI60-10.00439     0.04680   76.170240  109.199351    0.254    0.296  1
RGI60-10.00201     0.04680   65.330838   59.980769   -0.050    0.395  1
RGI60-10.00396     0.04680   69.041001   89.853766   -0.950    0.544  1
RGI60-10.00182     0.04679   65.157003   59.701864   -0.081    0.318  1
RGI60-10.00155     0.04678   64.806312   59.291605    0.508    0.600  1
RGI60-10.05127     0.04678   66.932618   65.151689   -0.241    0.315  1
RGI60-10.02638     0.04677   47.328703   90.422830   -0.027    0.268  1
RGI60-10.02585     0.04672   47.928941   90.991832   -0.468    0.562  1
RGI60-10.04453     0.04634   61.817708  162.147233   -0.591    0.467  1
RGI60-10.04101     0.04590   55.203674  161.248106    0.011    0.315  1
RGI60-10.02927     0.04590   52.731579   98.680505    0.033    0.401  1
RGI60-10.04200     0.04590   57.877241  160.526569   -0.350    0.522  1
RGI60-10.01052     0.04590   49.766986   86.941800   -0.321    0.385  1
RGI60-10.01956     0.04590   49.126914   87.913225   -0.255    0.562  1
RGI60-10.00199     0.04590   65.754838   62.024310   -0.415    0.458  1
RGI60-10.03418     0.04590   62.403233  141.278106   -0.565    0.561  1
RGI60-10.00229     0.04590   57.031619  117.347982    0.139    0.507  1
RGI60-10.00968     0.04590   49.786942   86.368667   -1.145    0.737  1
RGI60-10.04630     0.04590   60.814331  168.104448    0.319    0.415  1
RGI60-10.04876     0.04590   61.451359  171.618983   -1.356    0.733  1
RGI60-10.03962     0.04590   56.732549  159.613035   -0.038    0.420  1
RGI60-10.00744     0.04590   50.395876   86.160737   -0.148    0.269  1
RGI60-10.00367     0.04590   69.659109   92.314786   -0.033    0.244  1
RGI60-10.03056     0.04590   66.703709  140.160142    0.420    0.479  1
RGI60-10.02007     0.04590   49.065280   87.977598   -0.583    0.492  1
RGI60-10.01285     0.04590   49.912129   86.199281   -0.091    0.654  1
RGI60-10.04925     0.04590   60.963303  171.622622   -1.188    0.954  1
RGI60-10.01312     0.04590   49.903089   86.725914   -0.882    0.840  1
RGI60-10.03925     0.04590   53.261847  158.784499   -0.114    0.259  1
RGI60-10.00547     0.04590   75.873538  108.171704    0.074    0.243  1
RGI60-10.00458     0.04590   76.032084  108.135232   -0.090    0.305  1
RGI60-10.00571     0.04590   75.851137  107.618659   -0.048    0.335  1
RGI60-10.00489     0.04590   75.926744  107.614480   -0.031    0.288  1
RGI60-10.02330     0.04589   50.291085   90.075511   -0.828    0.543  1
RGI60-10.00545     0.04589   75.863580  107.400055   -0.394    0.331  1
RGI60-10.04231     0.04500   57.803059  160.566443    0.109    0.228  1
RGI60-10.02859     0.04500   49.581358   91.319186   -0.673    0.665  1
RGI60-10.01047     0.04500   49.767441   86.243238   -0.008    0.328  1
RGI60-10.04854     0.04500   61.578163  172.239992   -0.931    0.800  1
RGI60-10.01514     0.04500   49.165256   87.231799   -0.077    0.433  1
RGI60-10.00189     0.04500   65.024099   60.046743    0.328    0.523  1
RGI60-10.04729     0.04500   61.817016  171.184103   -1.022    0.698  1
RGI60-10.04874     0.04500   61.476944  172.151834   -0.732    0.579  1
RGI60-10.02913     0.04500   51.743462  100.584708   -0.689    0.506  1
RGI60-10.02469     0.04500   49.721546   88.016990   -0.719    0.548  1
RGI60-10.04635     0.04500   60.665334  168.116870    0.102    0.463  1
RGI60-10.00728     0.04500   49.419393   86.935428   -0.940    0.799  1
RGI60-10.05116     0.04500   67.621919   66.050659   -0.860    0.651  1
RGI60-10.00366     0.04500   69.734708   92.192220   -0.052    0.179  1
RGI60-10.01675     0.04500   49.047223   87.386683   -0.089    0.339  1
RGI60-10.05030     0.04500   62.581793  176.229367    0.853    0.638  1
RGI60-10.03029     0.04500   54.048225   96.255335   -0.075    0.547  1
RGI60-10.04315     0.04500   59.559632  162.597798   -0.576    0.514  1
RGI60-10.04951     0.04500   62.964622  176.783226   -1.630    1.296  1
RGI60-10.00409     0.04500   76.305943  109.364986   -0.018    0.232  1
RGI60-10.01522     0.04500   49.196772   87.654619   -0.102    0.416  1
RGI60-10.00933     0.04500   49.812068   86.576429   -0.730    0.999  1
RGI60-10.02628     0.04498   47.747558   90.262185   -0.399    0.386  1
RGI60-10.00185     0.04498   65.068195   59.326038    0.103    0.255  1
RGI60-10.04666     0.04410   62.027223  170.912550    0.250    0.389  1
RGI60-10.04973     0.04410   62.895877  176.350003   -0.736    0.626  1
RGI60-10.04929     0.04410   60.957980  171.433098   -0.620    0.475  1
RGI60-10.01357     0.04410   49.066257   87.619923   -1.090    0.860  1
RGI60-10.03893     0.04410   53.633374  159.034632   -0.043    0.193  1
RGI60-10.01867     0.04410   48.634146   89.044014   -0.355    0.439  1
RGI60-10.02536     0.04410   53.895552   89.178599    0.091    0.517  1
RGI60-10.00225     0.04410   57.111380  117.637098    0.024    0.444  1
RGI60-10.01055     0.04410   49.759679   86.914903   -0.798    0.513  1
RGI60-10.03141     0.04410   65.257533  145.830514    0.216    0.414  1
RGI60-10.04821     0.04410   61.764640  171.369794   -0.729    0.661  1
RGI60-10.04532     0.04410   60.430482  166.959610    0.079    0.388  1
RGI60-10.01206     0.04410   49.963942   85.901768    0.048    0.677  1
RGI60-10.03006     0.04410   53.704543   96.711750   -0.392    0.401  1
RGI60-10.01603     0.04410   48.963745   87.364010   -0.309    0.485  1
RGI60-10.04648     0.04410   60.332470  170.432406   -0.680    0.445  1
RGI60-10.00752     0.04410   50.138165   87.614816   -0.212    0.233  1
RGI60-10.00907     0.04410   49.823984   86.589279    0.225    0.686  1
RGI60-10.00575     0.04410   75.841877  107.726836   -0.193    0.350  1
RGI60-10.02491     0.04401   51.655686   88.608277    0.342    0.455  1
RGI60-10.03511     0.04320   58.227994  160.906697    0.030    0.209  1
RGI60-10.04906     0.04320   61.028784  171.954614   -0.695    0.477  1
RGI60-10.00908     0.04320   49.819993   86.281911   -0.348    0.484  1
RGI60-10.04799     0.04320   61.802590  172.316247   -0.622    0.403  1
RGI60-10.03751     0.04320   58.479022  160.948290   -0.042    0.263  1
RGI60-10.02141     0.04320   48.915183   87.869943   -0.104    0.385  1
RGI60-10.01554     0.04320   48.900984   87.394492   -0.645    0.630  1
RGI60-10.01824     0.04320   49.828489   87.810791   -0.009    0.449  1
RGI60-10.03836     0.04320   51.321098  156.888512    0.067    0.309  1
RGI60-10.02034     0.04320   49.011922   88.087897   -0.012    0.395  1
RGI60-10.01655     0.04320   49.027353   87.300494   -0.066    0.259  1
RGI60-10.04912     0.04320   61.005424  171.469591   -0.883    0.704  1
RGI60-10.04825     0.04320   61.733993  171.688968   -1.008    0.568  1
RGI60-10.02147     0.04320   48.860707   88.386924   -0.325    0.565  1
RGI60-10.05117     0.04320   67.576044   66.039941   -0.554    0.463  1
RGI60-10.01862     0.04320   48.655134   89.150608   -0.260    0.488  1
RGI60-10.02357     0.04320   49.846203   89.749830   -0.610    0.560  1
RGI60-10.04508     0.04320   60.468342  167.006305   -0.293    0.304  1
RGI60-10.03327     0.04320   62.415424  140.565702   -0.019    0.490  1
RGI60-10.01278     0.04320   49.917065   85.940175    0.423    0.633  1
RGI60-10.00226     0.04320   57.078667  117.312533   -0.878    0.736  1
RGI60-10.02534     0.04320   54.000258   89.013875   -0.069    0.420  1
RGI60-10.02247     0.04320   48.307834   88.561371   -0.857    0.567  1
RGI60-10.02420     0.04320   49.888446   87.861660   -0.015    0.200  1
RGI60-10.01152     0.04320   49.577880   86.736825   -0.881    0.595  1
RGI60-10.01203     0.04320   49.966323   85.716127    0.764    0.955  1
RGI60-10.01256     0.04320   49.937013   87.244581   -0.213    0.373  1
RGI60-10.00303     0.04320   68.493008  128.547673   -0.721    0.554  1
RGI60-10.03122     0.04320   65.954942  140.778161   -0.833    0.691  1
RGI60-10.01253     0.04320   49.942104   87.319577   -0.253    0.533  1
RGI60-10.01417     0.04320   49.120361   87.331207   -0.271    0.506  1
RGI60-10.00469     0.04320   75.979391  109.328904   -0.101    0.230  1
RGI60-10.00346     0.04319   69.839006   89.639406   -0.209    0.365  1
RGI60-10.02325     0.04319   50.530667   90.124673   -0.462    0.525  1
RGI60-10.00589     0.04319   75.662440  106.453890    0.104    0.342  1
RGI60-10.05131     0.04318   66.891454   65.164900    0.116    0.332  1
RGI60-10.02586     0.04313   47.927371   91.009712   -0.125    0.441  1
RGI60-10.02492     0.04312   51.653008   88.612941    0.405    0.452  1
RGI60-10.01553     0.04230   48.892371   87.503443    0.169    0.443  1
RGI60-10.01053     0.04230   49.761394   86.421504    0.160    0.486  1
RGI60-10.03453     0.04230   61.974649  143.007813   -0.918    0.702  1
RGI60-10.04505     0.04230   60.485394  166.886056   -0.017    0.292  1
RGI60-10.01183     0.04230   50.011465   87.536266   -0.592    0.645  1
RGI60-10.01909     0.04230   49.228360   88.152464   -0.043    0.386  1
RGI60-10.02997     0.04230   53.840969   96.152329   -0.540    0.592  1
RGI60-10.02290     0.04230   50.598217   89.576260   -0.150    0.234  1
RGI60-10.05078     0.04230   64.892528 -173.033255    0.163    0.349  1
RGI60-10.01598     0.04230   48.956364   87.152103   -0.137    0.466  1
RGI60-10.00709     0.04230   49.078249   86.918335   -0.765    0.603  1
RGI60-10.01742     0.04230   50.080090   87.666284   -0.263    0.443  1
RGI60-10.00999     0.04230   49.780981   86.719824   -3.063    1.892  1
RGI60-10.00916     0.04230   49.814448   86.561437   -0.888    1.013  1
RGI60-10.02083     0.04230   48.971372   87.973815   -0.556    0.495  1
RGI60-10.00702     0.04230   49.088421   86.923179   -0.636    0.654  1
RGI60-10.04802     0.04230   61.772685  172.065962   -0.551    0.440  1
RGI60-10.03034     0.04230   54.031824   96.572985    0.833    0.861  1
RGI60-10.03074     0.04230   66.215603  140.066414   -0.336    0.327  1
RGI60-10.04852     0.04230   61.594227  172.252194   -1.756    1.190  1
RGI60-10.00653     0.04230   49.142058   86.829199   -0.016    0.280  1
RGI60-10.04291     0.04230   57.436686  160.375568    0.188    0.394  1
RGI60-10.02116     0.04230   48.949282   87.585538   -0.302    0.472  1
RGI60-10.02168     0.04230   48.789665   87.881513   -0.223    0.470  1
RGI60-10.02119     0.04230   48.943238   88.148333   -0.188    0.439  1
RGI60-10.05109     0.04230   67.701926   66.100619   -1.046    0.785  1
RGI60-10.00374     0.04230   69.365331   90.960638   -0.290    0.294  1
RGI60-10.01387     0.04230   49.099154   87.498239   -0.191    0.260  1
RGI60-10.00413     0.04230   76.293961  109.337966   -0.230    0.413  1
RGI60-10.00483     0.04230   75.936715  107.532800   -0.290    0.364  1
RGI60-10.05135     0.04227   66.705633   64.680065    0.589    0.409  1
RGI60-10.02581     0.04223   48.033993   90.939976   -0.291    0.254  1
RGI60-10.01431     0.04140   49.124319   87.349857   -0.239    0.395  1
RGI60-10.04902     0.04140   61.042909  171.936192   -1.195    0.864  1
RGI60-10.04651     0.04140   59.940267  170.262808   -0.358    0.362  1
RGI60-10.01597     0.04140   48.954889   87.468926   -0.502    0.657  1
RGI60-10.04455     0.04140   61.656891  161.872489   -0.619    0.492  1
RGI60-10.02144     0.04140   48.907838   87.876905   -0.658    0.693  1
RGI60-10.04904     0.04140   61.032754  171.844066   -1.081    0.766  1
RGI60-10.04743     0.04140   60.919328  169.991712    0.436    0.644  1
RGI60-10.02765     0.04140   46.866385   91.450807   -0.433    0.424  1
RGI60-10.03177     0.04140   65.290405  146.143466   -0.539    0.573  1
RGI60-10.00678     0.04140   49.104680   87.089176   -0.397    0.541  1
RGI60-10.00717     0.04140   49.064968   87.009065   -0.480    0.440  1
RGI60-10.03073     0.04140   66.224254  139.911068   -0.696    0.511  1
RGI60-10.04159     0.04140   58.002421  160.735433    0.029    0.194  1
RGI60-10.00860     0.04140   49.848805   86.373378   -0.965    0.758  1
RGI60-10.00963     0.04140   49.792744   86.752706   -1.879    1.384  1
RGI60-10.02200     0.04140   48.472823   88.420959   -0.023    0.343  1
RGI60-10.00301     0.04140   68.556302  128.620855   -0.928    0.570  1
RGI60-10.04908     0.04140   61.028693  171.920734   -1.186    0.740  1
RGI60-10.02522     0.04140   53.601626   89.256941    0.596    0.441  1
RGI60-10.00300     0.04140   68.664052  128.700579   -0.450    0.393  1
RGI60-10.04319     0.04140   59.424947  162.458330   -0.696    0.615  1
RGI60-10.03076     0.04140   66.005473  140.179480   -0.158    0.370  1
RGI60-10.00455     0.04140   76.090426  109.122894    0.188    0.389  1
RGI60-10.05110     0.04140   67.673460   65.859677    0.245    0.393  1
RGI60-10.00461     0.04139   75.985358  107.194348   -0.018    0.274  1
RGI60-10.01287     0.04050   49.907819   85.896577   -0.477    0.572  1
RGI60-10.01846     0.04050   49.519734   87.469468   -0.256    0.469  1
RGI60-10.03852     0.04050   53.995843  158.209971   -0.088    0.293  1
RGI60-10.03205     0.04050   65.191240  145.970374   -0.444    0.559  1
RGI60-10.00969     0.04050   49.787728   86.957804   -1.842    1.274  1
RGI60-10.03156     0.04050   65.193829  145.600876   -1.207    0.732  1
RGI60-10.02035     0.04050   49.010646   88.050355   -0.966    0.676  1
RGI60-10.03820     0.04050   59.244239  161.920501   -1.786    1.468  1
RGI60-10.03012     0.04050   53.665363   96.848115    0.069    0.310  1
RGI60-10.03507     0.04050   58.284592  160.870185    0.069    0.346  1
RGI60-10.04952     0.04050   62.960158  176.910084   -0.790    0.757  1
RGI60-10.04160     0.04050   57.939825  160.674080   -0.724    0.486  1
RGI60-10.03902     0.04050   53.491517  157.803103   -0.137    0.285  1
RGI60-10.04745     0.04050   60.802500  170.815636   -0.506    0.573  1
RGI60-10.03596     0.04050   59.101106  161.709609   -0.309    0.442  1
RGI60-10.02734     0.04050   48.601999   90.284214   -0.445    0.481  1
RGI60-10.04631     0.04050   60.773144  168.093331    0.823    0.673  1
RGI60-10.00652     0.04050   49.145417   86.542634   -0.313    0.384  1
RGI60-10.04506     0.04050   60.475890  167.016403   -0.189    0.310  1
RGI60-10.04533     0.04050   60.422948  167.314676   -0.132    0.403  1
RGI60-10.04872     0.04050   61.486433  171.861179   -1.360    0.898  1
RGI60-10.01676     0.04050   49.049350   87.318607   -0.371    0.355  1
RGI60-10.02547     0.04050   53.754567   89.264213   -0.548    0.680  1
RGI60-10.02270     0.04050   50.656542   89.625447   -0.287    0.306  1
RGI60-10.00578     0.04050   75.829062  108.470024    0.393    0.390  1
RGI60-10.00496     0.04050   75.902337  107.622277   -0.107    0.296  1
RGI60-10.00371     0.04048   69.546846   88.824279   -0.401    0.366  1
RGI60-10.02634     0.04048   47.677220   90.342807   -0.211    0.386  1
RGI60-10.01182     0.03960   50.014761   87.530758   -0.145    0.512  1
RGI60-10.02267     0.03960   50.737436   89.499053   -0.457    0.424  1
RGI60-10.01028     0.03960   49.774542   86.731101   -0.439    0.463  1
RGI60-10.01201     0.03960   49.976491   87.385742   -0.260    0.669  1
RGI60-10.02118     0.03960   48.943648   88.160742   -0.554    0.734  1
RGI60-10.04770     0.03960   61.882568  171.530295   -0.249    0.426  1
RGI60-10.04742     0.03960   61.186232  170.094674   -0.334    0.366  1
RGI60-10.04232     0.03960   57.771934  160.526574    0.084    0.267  1
RGI60-10.00912     0.03960   49.815181   86.323326    0.073    0.324  1
RGI60-10.02611     0.03960   47.829062   89.947358   -0.043    0.342  1
RGI60-10.02582     0.03960   48.047814   89.379718   -0.109    0.378  1
RGI60-10.01368     0.03960   49.084806   87.357797    0.102    0.298  1
RGI60-10.00369     0.03960   69.654919   92.355272   -0.010    0.231  1
RGI60-10.01869     0.03960   48.613523   89.112935   -0.605    0.613  1
RGI60-10.02397     0.03960   49.729541   89.725070   -1.352    1.135  1
RGI60-10.03990     0.03960   56.671936  159.649906   -0.874    0.552  1
RGI60-10.03489     0.03960   55.676559  157.755372   -0.043    0.280  1
RGI60-10.02912     0.03960   51.991582   99.500602   -0.488    0.377  1
RGI60-10.03054     0.03960   66.714103  140.050373   -0.382    0.438  1
RGI60-10.02067     0.03960   48.982249   87.634763   -1.615    1.005  1
RGI60-10.00250     0.03960   56.974945  117.634031   -0.496    0.388  1
RGI60-10.03859     0.03960   53.975629  158.158253   -0.021    0.246  1
RGI60-10.02086     0.03960   48.967197   87.985153   -0.030    0.632  1
RGI60-10.00599     0.03960   75.376963  108.803875   -0.065    0.274  1
RGI60-10.05129     0.03958   66.925729   65.152142   -0.207    0.401  1
RGI60-10.00154     0.03958   64.805183   59.239964    0.794    0.702  1
RGI60-10.02331     0.03870   50.265039   89.988592   -0.318    0.639  1
RGI60-10.01435     0.03870   49.124537   87.408568    0.143    0.369  1
RGI60-10.00680     0.03870   49.101715   86.792794   -1.354    0.946  1
RGI60-10.03899     0.03870   53.517850  157.776712   -0.203    0.359  1
RGI60-10.00671     0.03870   49.127192   87.014223   -1.003    0.722  1
RGI60-10.02068     0.03870   48.980951   87.612280   -0.774    0.866  1
RGI60-10.01521     0.03870   49.194445   87.677893   -0.080    0.516  1
RGI60-10.03513     0.03870   58.204564  160.884070    0.004    0.183  1
RGI60-10.02862     0.03870   49.564850   91.324934   -0.105    0.461  1
RGI60-10.02921     0.03870   53.006252   98.795361   -0.651    0.845  1
RGI60-10.04824     0.03870   61.734293  171.620872   -0.658    0.659  1
RGI60-10.03455     0.03870   61.927682  143.064517   -0.939    0.621  1
RGI60-10.02543     0.03870   53.783737   89.042242   -1.508    0.967  1
RGI60-10.04804     0.03870   61.768519  172.088032   -0.819    0.512  1
RGI60-10.04172     0.03870   57.896698  160.691366   -0.194    0.374  1
RGI60-10.03427     0.03870   62.258463  141.268916   -0.885    0.742  1
RGI60-10.01344     0.03870   49.876184   86.156819    0.038    0.678  1
RGI60-10.01620     0.03870   48.977568   87.493174   -0.065    0.258  1
RGI60-10.03647     0.03870   58.684381  161.129551    0.027    0.266  1
RGI60-10.04957     0.03870   62.936538  176.561214   -0.363    0.597  1
RGI60-10.03016     0.03870   53.560142   96.630485    0.178    0.563  1
RGI60-10.03625     0.03870   58.822949  161.826211    0.151    0.358  1
RGI60-10.01277     0.03870   49.922327   86.770191   -0.336    0.752  1
RGI60-10.04730     0.03870   61.816851  171.177709   -0.488    0.457  1
RGI60-10.00911     0.03870   49.812797   85.954805   -0.665    0.578  1
RGI60-10.04930     0.03870   60.955811  171.456115   -0.557    0.565  1
RGI60-10.03595     0.03870   59.102056  161.715159   -0.378    0.362  1
RGI60-10.00962     0.03870   49.792898   86.764338   -0.765    0.997  1
RGI60-10.00436     0.03870   76.176342  108.815806   -0.073    0.305  1
RGI60-10.00431     0.03870   76.187776  109.137707    0.198    0.505  1
RGI60-10.00593     0.03869   75.653550  106.419808    0.108    0.317  1
RGI60-10.02632     0.03868   47.696035   90.256368    0.051    0.312  1
RGI60-10.02502     0.03868   50.980494   89.671762   -0.123    0.412  1
RGI60-10.02494     0.03866   51.635092   89.181706    0.033    0.426  1
RGI60-10.00228     0.03780   57.048833  117.473620   -1.495    0.992  1
RGI60-10.00993     0.03780   49.785881   86.756457   -0.190    0.273  1
RGI60-10.04960     0.03780   62.924154  176.585792    0.503    0.672  1
RGI60-10.01208     0.03780   49.965568   87.269069   -1.208    1.014  1
RGI60-10.04322     0.03780   59.401201  162.769982    0.411    0.383  1
RGI60-10.01338     0.03780   49.889692   86.300746   -0.255    0.405  1
RGI60-10.00251     0.03780   56.946506  117.556978    0.326    0.608  1
RGI60-10.04986     0.03780   62.838160  176.284817   -0.507    0.655  1
RGI60-10.03830     0.03780   51.354745  156.726866   -0.591    0.452  1
RGI60-10.02857     0.03780   49.584186   91.288568   -0.842    0.915  1
RGI60-10.02350     0.03780   49.988764   89.768824   -1.463    0.905  1
RGI60-10.04773     0.03780   61.844373  171.920310   -0.481    0.410  1
RGI60-10.02695     0.03780   48.782895   90.744369   -0.012    0.536  1
RGI60-10.03838     0.03780   51.312667  156.894434   -0.170    0.379  1
RGI60-10.01340     0.03780   49.887385   86.488962   -0.935    0.831  1
RGI60-10.03208     0.03780   65.157015  146.028318    0.335    0.583  1
RGI60-10.03895     0.03780   53.613616  159.033320    0.002    0.171  1
RGI60-10.00704     0.03780   49.083561   86.649020   -0.879    0.715  1
RGI60-10.01551     0.03780   48.890915   87.350409   -0.285    0.480  1
RGI60-10.02188     0.03780   48.656311   87.909762    0.161    0.586  1
RGI60-10.02976     0.03780   52.435660   98.815277   -0.061    0.308  1
RGI60-10.01197     0.03780   49.986680   87.508492   -0.213    0.571  1
RGI60-10.04847     0.03780   61.680324  171.589314   -0.704    0.552  1
RGI60-10.01520     0.03780   49.194167   87.647986   -0.190    0.468  1
RGI60-10.04325     0.03780   59.323555  162.593105    0.217    0.589  1
RGI60-10.01750     0.03780   49.915028   87.634841   -0.285    0.477  1
RGI60-10.00411     0.03780   76.301250  109.390366   -0.022    0.406  1
RGI60-10.03800     0.03780   59.410302  162.044859   -0.984    0.893  1
RGI60-10.00463     0.03779   75.984023  107.338744    0.129    0.270  1
RGI60-10.00165     0.03778   64.457149   59.351757    0.033    0.530  1
RGI60-10.02640     0.03777   47.300208   90.511942   -0.161    0.422  1
RGI60-10.00835     0.03690   49.856868   87.409829    0.258    0.539  1
RGI60-10.03650     0.03690   58.655195  161.256103   -0.423    0.435  1
RGI60-10.01538     0.03690   49.242101   87.644244    0.057    0.212  1
RGI60-10.01677     0.03690   49.049944   87.448378    0.056    0.325  1
RGI60-10.00729     0.03690   49.418380   86.943500   -0.793    0.716  1
RGI60-10.03157     0.03690   65.102225  145.544138    0.392    0.502  1
RGI60-10.02914     0.03690   51.735094  100.537668   -0.838    0.575  1
RGI60-10.04871     0.03690   61.487284  172.075140   -0.206    0.276  1
RGI60-10.00306     0.03690   68.393109  128.649724   -0.805    0.601  1
RGI60-10.01199     0.03690   49.982199   87.353800   -0.040    0.508  1
RGI60-10.01081     0.03690   50.070143   87.557653   -0.053    0.661  1
RGI60-10.01910     0.03690   49.222395   88.021241   -0.794    0.776  1
RGI60-10.02933     0.03690   52.704636   99.135341    0.004    0.234  1
RGI60-10.03963     0.03690   56.718622  159.634305   -0.941    0.777  1
RGI60-10.00886     0.03690   49.835954   87.316854   -0.025    0.335  1
RGI60-10.00966     0.03690   49.789468   86.415042   -2.637    1.971  1
RGI60-10.00435     0.03690   76.180208  109.138217    0.271    0.364  1
RGI60-10.00443     0.03690   76.157558  109.306947   -0.075    0.242  1
RGI60-10.00191     0.03689   64.931648   59.779509   -0.569    0.707  1
RGI60-10.02588     0.03684   47.883122   91.017531   -0.315    0.602  1
RGI60-10.01896     0.03645   48.332355   89.840298   -1.488    1.008  1
RGI60-10.01210     0.03600   49.962306   87.256616   -1.375    1.275  1
RGI60-10.01575     0.03600   48.910041   87.492569   -0.078    0.300  1
RGI60-10.01576     0.03600   48.913255   87.309659   -0.660    0.735  1
RGI60-10.01928     0.03600   49.182914   87.696455    0.117    0.443  1
RGI60-10.03682     0.03600   58.615010  161.056872    0.068    0.228  1
RGI60-10.03178     0.03600   65.280433  146.104194   -0.815    0.638  1
RGI60-10.04538     0.03600   60.389115  167.240076   -0.404    0.480  1
RGI60-10.02387     0.03600   49.783309   89.732782   -0.950    0.805  1
RGI60-10.00995     0.03600   49.784086   86.753440    0.140    0.317  1
RGI60-10.01686     0.03600   51.128168   87.203773    0.118    1.038  1
RGI60-10.04670     0.03600   62.004899  170.839776    0.499    0.544  1
RGI60-10.02038     0.03600   48.997370   87.937181   -0.217    0.496  1
RGI60-10.02246     0.03600   48.309540   88.554167   -1.011    0.781  1
RGI60-10.00910     0.03600   49.819456   87.074821   -0.511    0.836  1
RGI60-10.04907     0.03600   61.029090  171.831113   -0.935    0.637  1
RGI60-10.02550     0.03600   53.689211   89.267052   -0.467    0.576  1
RGI60-10.02782     0.03600   46.795251   91.749039   -0.280    0.366  1
RGI60-10.03717     0.03600   58.529888  161.105220    0.123    0.397  1
RGI60-10.04671     0.03600   62.003365  171.032685   -0.378    0.503  1
RGI60-10.02450     0.03600   49.732496   87.985626   -0.070    0.258  1
RGI60-10.01136     0.03600   49.728375   86.781976   -2.906    1.794  1
RGI60-10.02924     0.03600   52.826741   98.862701    0.591    0.632  1
RGI60-10.04638     0.03600   60.651061  168.096451    1.564    1.141  1
RGI60-10.03011     0.03600   53.663741   96.687026    0.114    0.422  1
RGI60-10.02122     0.03600   48.933733   87.739464    0.880    0.820  1
RGI60-10.03819     0.03600   59.320279  161.620085    0.179    0.513  1
RGI60-10.01438     0.03600   49.130760   87.570368   -0.381    0.490  1
RGI60-10.04452     0.03600   61.841336  161.927878   -0.402    0.692  1
RGI60-10.01491     0.03600   49.147288   87.510075    0.050    0.400  1
RGI60-10.02262     0.03600   50.940379   89.369673   -0.455    0.473  1
RGI60-10.03512     0.03600   58.217847  160.896331   -0.117    0.258  1
RGI60-10.02062     0.03600   48.988232   87.887156   -0.165    0.371  1
RGI60-10.03435     0.03600   62.140778  141.295543   -0.567    0.646  1
RGI60-10.04901     0.03600   61.064761  171.818513   -1.190    0.818  1
RGI60-10.04956     0.03600   62.951202  176.458414   -0.419    0.511  1
RGI60-10.01288     0.03600   49.912143   86.748390   -1.157    1.154  1
RGI60-10.00864     0.03600   49.846348   87.473016   -0.302    0.655  1
RGI60-10.03924     0.03600   53.268139  158.769416   -0.092    0.200  1
RGI60-10.00447     0.03600   76.150049  109.612043    0.037    0.324  1
RGI60-10.05113     0.03600   67.663260   65.889340    0.409    0.450  1
RGI60-10.00192     0.03600   64.914870   59.802745    0.194    0.522  1
RGI60-10.00160     0.03599   64.686939   59.421459   -0.005    0.392  1
RGI60-10.00597     0.03598   75.529058  105.232840   -0.663    0.755  1
RGI60-10.05137     0.03596   66.647271   64.043830   -1.146    0.982  1
RGI60-10.00210     0.03510   55.024087  108.693257   -1.059    0.763  1
RGI60-10.04317     0.03510   59.459855  162.544287   -0.068    0.630  1
RGI60-10.01179     0.03510   50.025758   87.522557   -0.837    0.765  1
RGI60-10.02520     0.03510   53.655618   89.228071   -1.200    0.999  1
RGI60-10.03599     0.03510   59.067150  161.695293   -0.009    0.332  1
RGI60-10.01622     0.03510   48.979093   87.475869    0.004    0.417  1
RGI60-10.00707     0.03510   49.082201   87.010534   -0.442    0.594  1
RGI60-10.01957     0.03510   49.099606   87.631781   -0.064    0.267  1
RGI60-10.01021     0.03510   49.774472   86.042933   -0.313    0.515  1
RGI60-10.03561     0.03510   58.131186  160.862144    0.140    0.233  1
RGI60-10.01648     0.03510   49.013049   87.130527   -0.485    0.475  1
RGI60-10.01626     0.03510   48.989358   87.253876   -0.331    0.470  1
RGI60-10.02521     0.03510   53.631128   89.264966   -0.077    0.447  1
RGI60-10.03774     0.03510   58.463064  161.302731    0.544    0.472  1
RGI60-10.03437     0.03510   62.054277  141.353102   -0.112    0.604  1
RGI60-10.02952     0.03510   52.548746   98.738980   -0.605    0.664  1
RGI60-10.01679     0.03510   49.055344   87.388430    0.073    0.220  1
RGI60-10.02219     0.03510   48.396336   88.472339   -0.895    0.775  1
RGI60-10.00777     0.03510   50.102079   87.538370   -0.147    0.502  1
RGI60-10.00708     0.03510   49.079022   86.914183   -0.607    0.595  1
RGI60-10.03080     0.03510   65.841028  140.288900    0.099    0.443  1
RGI60-10.03750     0.03510   58.478652  160.957611    0.188    0.282  1
RGI60-10.03228     0.03510   65.068617  146.019093   -1.098    0.828  1
RGI60-10.04412     0.03510   54.775224  161.686517   -0.729    0.738  1
RGI60-10.04198     0.03510   57.889275  160.676384    0.248    0.383  1
RGI60-10.01500     0.03510   49.162610   87.311062    0.065    0.384  1
RGI60-10.05106     0.03510   67.778663   66.092737    0.128    0.235  1
RGI60-10.00417     0.03510   76.245425  109.353207   -0.077    0.306  1
RGI60-10.00432     0.03510   76.184464  108.860396    0.176    0.359  1
RGI60-10.00422     0.03510   76.201662  108.712673    0.224    0.410  1
RGI60-10.00549     0.03510   75.862727  107.818758    0.142    0.236  1
RGI60-10.02555     0.03510   48.243255   90.036120   -0.150    0.402  1
RGI60-10.05130     0.03508   66.895521   65.167315   -0.183    0.326  1
RGI60-10.05136     0.03506   66.646394   64.008061    0.000    0.224  1
RGI60-10.02583     0.03505   47.966944   90.912599   -0.036    0.495  1
RGI60-10.01792     0.03420   49.867624   87.638972   -0.333    0.545  1
RGI60-10.03014     0.03420   53.660278   96.703674    0.084    0.465  1
RGI60-10.03318     0.03420   62.593759  141.027866   -0.751    0.694  1
RGI60-10.04866     0.03420   61.565394  172.205599   -0.646    0.587  1
RGI60-10.04727     0.03420   61.818459  171.174376   -0.275    0.425  1
RGI60-10.03445     0.03420   61.931977  141.084621   -0.836    0.750  1
RGI60-10.04979     0.03420   62.874569  176.626982    0.512    0.579  1
RGI60-10.04104     0.03420   55.183263  161.198304   -0.016    0.337  1
RGI60-10.04310     0.03420   59.791570  162.883455   -0.914    0.803  1
RGI60-10.00651     0.03420   49.146806   86.849457   -1.163    0.911  1
RGI60-10.00747     0.03420   50.178767   87.460042    0.044    0.215  1
RGI60-10.00309     0.03420   68.293880  128.342873   -0.564    0.424  1
RGI60-10.01260     0.03420   49.932732   86.206041   -0.659    0.884  1
RGI60-10.02117     0.03420   48.946937   87.842704   -0.109    0.655  1
RGI60-10.00838     0.03420   49.850570   87.345749   -1.229    0.755  1
RGI60-10.00296     0.03420   68.987536  128.709234   -0.678    0.676  1
RGI60-10.00996     0.03420   49.782862   86.722192   -1.705    1.244  1
RGI60-10.00701     0.03420   49.087690   86.644628   -1.382    1.060  1
RGI60-10.04415     0.03420   54.772229  160.562014    0.102    0.293  1
RGI60-10.02943     0.03420   52.699359   99.134617    0.288    0.308  1
RGI60-10.01282     0.03420   49.917337   86.499950   -0.034    0.395  1
RGI60-10.05066     0.03420   66.894568 -178.421644   -0.225    0.536  1
RGI60-10.04201     0.03420   57.835456  160.640873    0.960    0.793  1
RGI60-10.03462     0.03420   56.170548  158.287766    0.306    0.503  1
RGI60-10.00428     0.03420   76.196908  109.411604    0.016    0.257  1
RGI60-10.00488     0.03420   75.936094  108.174511   -0.054    0.411  1
RGI60-10.00408     0.03420   76.308903  109.444357    0.003    0.305  1
RGI60-10.05145     0.03420   68.112358   65.952968    0.036    0.283  1
RGI60-10.00471     0.03420   75.958092  107.652203    0.086    0.393  1
RGI60-10.00491     0.03420   75.917759  107.573105   -0.831    0.593  1
RGI60-10.00481     0.03420   75.940594  107.446571    0.308    0.385  1
RGI60-10.02512     0.03418   50.967637   89.639931    0.053    0.494  1
RGI60-10.02556     0.03415   48.041473   90.935579   -0.132    0.353  1
RGI60-10.01211     0.03330   49.962197   87.281797   -0.868    0.707  1
RGI60-10.01380     0.03330   49.091762   87.357366   -0.092    0.611  1
RGI60-10.01849     0.03330   49.900071   87.729929   -0.505    0.619  1
RGI60-10.02535     0.03330   53.955953   89.047148   -0.410    0.836  1
RGI60-10.01515     0.03330   49.165365   87.374834    0.006    0.386  1
RGI60-10.00885     0.03330   49.838716   87.319371    0.038    0.537  1
RGI60-10.01024     0.03330   49.776677   86.815000   -0.286    0.514  1
RGI60-10.00716     0.03330   49.065392   86.569005   -1.379    0.979  1
RGI60-10.03564     0.03330   58.123388  160.783108    0.108    0.248  1
RGI60-10.00670     0.03330   49.128374   87.010051   -0.849    0.730  1
RGI60-10.03182     0.03330   65.207189  145.981170   -0.383    0.645  1
RGI60-10.03749     0.03330   58.480214  160.963756    0.075    0.256  1
RGI60-10.02448     0.03330   49.741292   87.877182   -0.222    0.478  1
RGI60-10.00212     0.03330   55.010720  108.696978   -2.101    1.763  1
RGI60-10.02630     0.03330   47.744528   89.495200   -0.923    0.959  1
RGI60-10.04697     0.03330   61.894128  171.234969    0.116    0.612  1
RGI60-10.00888     0.03330   49.829851   86.508497   -2.281    2.032  1
RGI60-10.03211     0.03330   65.127778  146.098975   -0.415    0.634  1
RGI60-10.03220     0.03330   65.112587  146.123492   -1.521    1.175  1
RGI60-10.02264     0.03330   50.899870   89.633187   -0.069    0.573  1
RGI60-10.02786     0.03330   46.721301   91.704567   -1.079    0.828  1
RGI60-10.03464     0.03330   56.153079  158.287091    0.180    0.386  1
RGI60-10.01280     0.03330   49.916167   86.158328    1.772    1.447  1
RGI60-10.01233     0.03330   49.946737   85.674297   -0.458    0.519  1
RGI60-10.01307     0.03330   49.906677   86.213067   -2.267    1.736  1
RGI60-10.02860     0.03330   49.578731   91.267232   -0.642    0.714  1
RGI60-10.01442     0.03330   49.137204   87.405191   -0.273    0.494  1
RGI60-10.03856     0.03330   53.988450  158.165920   -0.297    0.348  1
RGI60-10.00188     0.03329   65.021208   59.492232    1.079    0.870  1
RGI60-10.05123     0.03329   67.184876   65.331652    0.192    0.308  1
RGI60-10.02503     0.03328   50.976315   89.664374   -0.233    0.264  1
RGI60-10.05133     0.03327   66.723863   64.573254   -0.383    0.415  1
RGI60-10.02033     0.03240   49.012143   88.045767   -0.432    0.615  1
RGI60-10.02829     0.03240   49.754469   91.282998   -0.005    0.480  1
RGI60-10.00812     0.03240   49.862761   87.326976   -0.221    0.511  1
RGI60-10.04632     0.03240   60.716287  168.061548    0.630    0.656  1
RGI60-10.04846     0.03240   61.668064  173.236070   -0.181    0.345  1
RGI60-10.03000     0.03240   53.810995   96.219589   -0.285    0.696  1
RGI60-10.02930     0.03240   52.714079   98.693117   -0.446    0.652  1
RGI60-10.04695     0.03240   61.985314  170.988932   -0.810    0.814  1
RGI60-10.02222     0.03240   48.375698   88.550289   -0.068    0.534  1
RGI60-10.01376     0.03240   49.086767   87.363759    0.375    0.387  1
RGI60-10.03510     0.03240   58.230098  160.893252    0.119    0.379  1
RGI60-10.04923     0.03240   60.968681  171.919782   -0.494    0.461  1
RGI60-10.02173     0.03240   48.659714   87.908926   -0.488    0.524  1
RGI60-10.03206     0.03240   65.186383  145.978172    0.068    0.627  1
RGI60-10.01630     0.03240   48.997653   87.253717   -0.233    0.365  1
RGI60-10.00961     0.03240   49.793665   87.019672   -1.352    1.245  1
RGI60-10.00727     0.03240   49.436480   86.874060   -0.369    0.551  1
RGI60-10.03031     0.03240   54.040501   96.403275    0.055    0.620  1
RGI60-10.03210     0.03240   65.140074  146.104850    0.665    0.699  1
RGI60-10.00722     0.03240   49.007522   87.068381   -0.749    0.699  1
RGI60-10.03928     0.03240   52.757595  157.950724   -0.155    0.400  1
RGI60-10.00861     0.03240   49.849655   87.341759    0.085    0.382  1
RGI60-10.03179     0.03240   65.247172  145.976217   -1.039    1.075  1
RGI60-10.02422     0.03240   49.800102   87.856582   -0.093    0.461  1
RGI60-10.01049     0.03240   49.764248   86.052507    1.395    1.356  1
RGI60-10.02271     0.03240   50.648355   89.586795   -0.342    0.446  1
RGI60-10.02386     0.03240   49.792936   89.715370   -0.104    0.517  1
RGI60-10.04927     0.03240   60.956041  171.972380   -0.468    0.486  1
RGI60-10.01605     0.03240   48.974367   87.473229   -0.491    0.564  1
RGI60-10.01151     0.03240   49.675995   86.732504   -0.014    0.381  1
RGI60-10.03428     0.03240   62.256259  141.242170   -0.501    0.774  1
RGI60-10.04961     0.03240   62.923949  177.349847    0.166    0.543  1
RGI60-10.01601     0.03240   48.958089   87.378737   -0.980    0.837  1
RGI60-10.01627     0.03240   48.994659   87.445123    0.557    0.657  1
RGI60-10.00673     0.03240   49.115466   86.513223   -1.167    0.858  1
RGI60-10.02093     0.03240   48.959501   87.993379   -0.160    0.507  1
RGI60-10.00714     0.03240   49.061981   85.448128   -1.188    1.100  1
RGI60-10.03023     0.03240   54.124838   96.005946   -0.554    0.640  1
RGI60-10.00585     0.03240   75.749544  110.455195   -0.041    0.378  1
RGI60-10.00445     0.03240   76.152233  109.226960    0.100    0.319  1
RGI60-10.00193     0.03239   64.881652   59.738304    1.286    0.906  1
RGI60-10.02587     0.03239   47.922288   90.105243   -1.150    0.861  1
RGI60-10.00187     0.03239   65.029042   59.493796    1.110    0.914  1
RGI60-10.02613     0.03239   47.775167   90.243879   -0.884    0.739  1
RGI60-10.02514     0.03238   50.961110   89.664201   -0.707    0.612  1
RGI60-10.00168     0.03238   64.199318   59.274822    0.271    0.722  1
RGI60-10.00992     0.03150   49.786122   86.742964    0.317    0.512  1
RGI60-10.03898     0.03150   53.577289  157.755403   -0.017    0.296  1
RGI60-10.04873     0.03150   61.480067  172.159926   -1.142    0.865  1
RGI60-10.05068     0.03150   66.824922 -177.880033    0.324    0.459  1
RGI60-10.03304     0.03150   62.755823  140.645692   -2.645    1.721  1
RGI60-10.03492     0.03150   55.644858  158.367619    0.039    0.276  1
RGI60-10.02999     0.03150   53.837052   96.200594   -1.206    0.940  1
RGI60-10.03313     0.03150   62.608907  140.687355   -0.236    0.596  1
RGI60-10.01262     0.03150   49.935429   87.211227   -1.473    1.180  1
RGI60-10.00937     0.03150   49.805318   86.825675   -0.175    0.356  1
RGI60-10.01889     0.03150   48.571539   89.166451    0.075    0.559  1
RGI60-10.04870     0.03150   61.551908  172.053277   -1.373    1.102  1
RGI60-10.02172     0.03150   48.733250   87.956631    0.228    0.390  1
RGI60-10.04454     0.03150   61.662523  161.883606   -0.773    0.624  1
RGI60-10.01743     0.03150   50.075920   87.604467    0.028    0.508  1
RGI60-10.01823     0.03150   49.829585   87.812474    0.243    0.586  1
RGI60-10.01257     0.03150   49.930782   85.790747   -0.738    0.847  1
RGI60-10.04261     0.03150   57.546586  160.377950    0.148    0.278  1
RGI60-10.04171     0.03150   57.899065  160.664424   -0.070    0.417  1
RGI60-10.01084     0.03150   50.067927   87.298893   -0.104    0.725  1
RGI60-10.02528     0.03150   54.605303   88.663750    0.044    0.263  1
RGI60-10.04922     0.03150   60.969345  171.913349   -0.468    0.437  1
RGI60-10.03425     0.03150   62.297412  141.449193   -0.195    0.484  1
RGI60-10.00230     0.03150   57.029281  117.309950    0.893    0.909  1
RGI60-10.02142     0.03150   48.909930   88.280946   -0.305    0.464  1
RGI60-10.01890     0.03150   48.555240   89.219668   -0.118    0.410  1
RGI60-10.03994     0.03150   56.661189  159.646520    0.358    0.396  1
RGI60-10.01672     0.03150   49.041880   87.311837    0.035    0.297  1
RGI60-10.05119     0.03150   67.571213   66.008074   -0.110    0.391  1
RGI60-10.01960     0.03150   49.083063   87.646123   -0.313    0.493  1
RGI60-10.04884     0.03150   61.379214  172.263681   -0.457    0.437  1
RGI60-10.00446     0.03150   76.149445  109.254421   -0.152    0.347  1
RGI60-10.00410     0.03150   76.305310  109.907573   -0.206    0.312  1
RGI60-10.00441     0.03150   76.162274  109.258102    0.081    0.297  1
RGI60-10.00460     0.03149   75.985119  107.224693    0.184    0.313  1
RGI60-10.00594     0.03149   75.653995  106.435745   -0.048    0.379  1
RGI60-10.00153     0.03149   64.816056   59.287691   -0.429    0.574  1
RGI60-10.04173     0.03060   57.896021  160.631608   -1.130    0.814  1
RGI60-10.01137     0.03060   49.697376   86.945729   -1.538    1.201  1
RGI60-10.01437     0.03060   49.126449   87.496239    0.041    0.273  1
RGI60-10.00622     0.03060   47.061029   85.345780   -0.898    0.826  1
RGI60-10.00745     0.03060   50.198976   84.965978    0.162    0.329  1
RGI60-10.01255     0.03060   49.940217   87.168086   -2.029    1.886  1
RGI60-10.01793     0.03060   49.850091   87.514409   -0.237    0.409  1
RGI60-10.02537     0.03060   53.859998   89.280713   -0.392    0.530  1
RGI60-10.02090     0.03060   48.960904   88.099390   -0.168    0.544  1
RGI60-10.01158     0.03060   49.519962   86.834513   -1.519    1.174  1
RGI60-10.01654     0.03060   49.022470   87.220394   -0.204    0.439  1
RGI60-10.00705     0.03060   49.083302   87.077943   -0.289    0.379  1
RGI60-10.00677     0.03060   49.105230   87.081834    0.289    0.362  1
RGI60-10.03010     0.03060   53.688005   96.872938   -0.068    0.291  1
RGI60-10.04105     0.03060   55.182961  161.097097   -0.153    0.279  1
RGI60-10.02214     0.03060   48.468719   88.337420   -0.917    0.829  1
RGI60-10.03651     0.03060   58.651393  161.194230    0.186    0.376  1
RGI60-10.04983     0.03060   62.847329  176.412191   -0.205    0.503  1
RGI60-10.03857     0.03060   53.986253  158.167110    0.176    0.295  1
RGI60-10.01392     0.03060   49.105396   87.270012   -0.383    0.388  1
RGI60-10.03055     0.03060   66.704045  140.151439    0.052    0.558  1
RGI60-10.00772     0.03060   50.110398   87.312296    0.893    0.805  1
RGI60-10.03743     0.03060   58.492705  161.011854    0.125    0.414  1
RGI60-10.03431     0.03060   62.224491  141.281625   -0.755    0.728  1
RGI60-10.02540     0.03060   53.828833   89.244423    0.228    0.909  1
RGI60-10.01389     0.03060   49.102055   87.237005   -0.040    0.247  1
RGI60-10.04853     0.03060   61.580407  172.238416   -1.388    0.874  1
RGI60-10.00806     0.03060   49.866069   86.610344   -0.941    0.980  1
RGI60-10.01961     0.03060   49.074152   87.975380   -0.809    0.608  1
RGI60-10.04233     0.03060   57.770055  160.550695    0.049    0.309  1
RGI60-10.00252     0.03060   56.941880  117.559998   -0.376    0.498  1
RGI60-10.01496     0.03060   49.156727   87.592616    0.106    0.271  1
RGI60-10.04924     0.03060   60.964633  171.431733   -1.017    0.671  1
RGI60-10.04798     0.03060   61.804058  172.340475   -0.560    0.558  1
RGI60-10.02224     0.03060   48.361046   88.595037   -1.960    1.585  1
RGI60-10.03053     0.03060   66.725354  140.044780   -0.040    0.489  1
RGI60-10.04903     0.03060   61.039379  171.612951   -1.264    0.857  1
RGI60-10.01892     0.03060   48.355926   89.788572   -0.029    0.283  1
RGI60-10.05076     0.03060   64.990199 -173.364080    0.133    0.383  1
RGI60-10.00600     0.03060   75.369373  108.847032   -0.041    0.310  1
RGI60-10.00553     0.03060   75.858582  108.135704    0.187    0.326  1
RGI60-10.00434     0.03060   76.180384  109.042712    0.249    0.357  1
RGI60-10.05115     0.03060   67.636173   65.762116   -0.287    0.521  1
RGI60-10.02602     0.03059   47.854463   90.148213   -0.184    0.383  1
RGI60-10.00169     0.03058   63.910778   59.158227   -0.563    0.686  1
RGI60-10.02496     0.03057   51.090460   89.355716    0.164    0.437  1
RGI60-10.02855     0.02970   49.593619   91.254253    0.017    0.653  1
RGI60-10.03562     0.02970   58.131040  160.831005    0.038    0.389  1
RGI60-10.04262     0.02970   57.462358  160.367664    0.033    0.261  1
RGI60-10.03030     0.02970   54.048514   96.408455   -0.236    0.737  1
RGI60-10.04039     0.02970   56.054720  160.393575   -0.138    0.250  1
RGI60-10.02975     0.02970   52.465978   99.094020   -0.578    0.671  1
RGI60-10.04900     0.02970   61.084501  171.785249   -0.409    0.370  1
RGI60-10.04980     0.02970   62.856771  176.320788    0.387    0.677  1
RGI60-10.03649     0.02970   58.658050  161.244486   -0.494    0.446  1
RGI60-10.02650     0.02970   48.254446   89.154550   -0.587    0.681  1
RGI60-10.01444     0.02970   49.141309   87.528601    0.024    0.265  1
RGI60-10.04974     0.02970   62.887527  176.359411   -1.587    1.322  1
RGI60-10.03434     0.02970   62.149957  140.958156   -1.911    1.522  1
RGI60-10.03050     0.02970   66.736806  140.057224    0.174    0.571  1
RGI60-10.01434     0.02970   49.126295   87.188877    0.341    0.413  1
RGI60-10.02530     0.02970   54.275120   88.462491   -0.082    0.369  1
RGI60-10.03430     0.02970   62.224160  141.331765    0.551    0.740  1
RGI60-10.03212     0.02970   65.118824  146.086858   -0.442    0.632  1
RGI60-10.02221     0.02970   48.389295   88.448422   -0.040    0.481  1
RGI60-10.04827     0.02970   61.712137  171.232093   -0.205    0.606  1
RGI60-10.04764     0.02970   62.033048  171.788858   -0.254    0.540  1
RGI60-10.04759     0.02970   62.079580  171.498188    0.223    0.566  1
RGI60-10.04634     0.02970   60.664812  168.081510    2.686    1.828  1
RGI60-10.02945     0.02970   52.686820   99.236879   -0.543    0.457  1
RGI60-10.01516     0.02970   49.166080   87.220741   -0.241    0.512  1
RGI60-10.00706     0.02970   49.082459   86.651423   -0.961    0.786  1
RGI60-10.00544     0.02970   75.877544  108.480765   -0.339    0.461  1
RGI60-10.04762     0.02969   62.027470  174.269770   -2.708    1.832  1
RGI60-10.00351     0.02969   69.729070   89.410482   -0.181    0.391  1
RGI60-10.00348     0.02969   69.732529   89.311664   -0.012    0.397  1
RGI60-10.00595     0.02969   75.650778  106.450594    0.186    0.422  1
RGI60-10.02633     0.02969   47.685401   90.252703   -1.029    0.914  1
RGI60-10.02584     0.02965   47.954437   90.994303   -0.151    0.249  1
RGI60-10.01394     0.02880   49.104668   87.511807   -0.241    0.524  1
RGI60-10.00781     0.02880   50.079819   87.562995   -0.154    0.564  1
RGI60-10.03429     0.02880   62.226972  141.335306   -0.216    0.640  1
RGI60-10.01310     0.02880   49.898598   85.875670   -0.388    0.424  1
RGI60-10.02039     0.02880   48.995648   87.974389   -0.284    0.577  1
RGI60-10.00866     0.02880   49.837933   86.004818    0.101    0.587  1
RGI60-10.00965     0.02880   49.790719   86.502015   -0.097    0.430  1
RGI60-10.03316     0.02880   62.599976  140.798195   -0.034    0.506  1
RGI60-10.04875     0.02880   61.446648  172.328106   -0.895    0.637  1
RGI60-10.04911     0.02880   61.008823  171.999630   -1.606    1.233  1
RGI60-10.01891     0.02880   48.397025   89.003068   -0.396    0.479  1
RGI60-10.03863     0.02880   53.809026  159.280338   -0.046    0.276  1
RGI60-10.03469     0.02880   55.692011  157.687693   -0.030    0.449  1
RGI60-10.01048     0.02880   49.767208   86.405045   -0.511    0.596  1
RGI60-10.03106     0.02880   65.489098  143.039488   -0.866    0.728  1
RGI60-10.05104     0.02880   67.894951   66.133029    0.260    0.741  1
RGI60-10.03747     0.02880   58.487305  160.952459    0.166    0.288  1
RGI60-10.01489     0.02880   49.142762   87.269896    0.206    0.519  1
RGI60-10.02471     0.02880   49.708600   88.238654    0.461    0.690  1
RGI60-10.02785     0.02880   46.738665   91.844442   -0.559    0.782  1
RGI60-10.01895     0.02880   48.337830   89.826284   -1.199    0.872  1
RGI60-10.03463     0.02880   56.159739  158.309856    0.115    0.235  1
RGI60-10.00669     0.02880   49.129992   86.533661   -1.225    0.935  1
RGI60-10.04320     0.02880   59.412992  162.785730   -0.143    0.439  1
RGI60-10.02761     0.02880   47.713831   92.536739   -0.828    0.692  1
RGI60-10.01202     0.02880   49.975618   87.361865   -0.558    0.687  1
RGI60-10.04615     0.02880   60.202756  166.757480   -1.966    1.476  1
RGI60-10.01290     0.02880   49.908884   86.474399    0.008    0.491  1
RGI60-10.01621     0.02880   48.979501   87.136176   -0.263    0.425  1
RGI60-10.00783     0.02880   50.078429   87.382449   -0.124    0.634  1
RGI60-10.02604     0.02880   47.857861   89.885779   -0.362    0.717  1
RGI60-10.02784     0.02880   46.753863   91.820757    0.184    0.512  1
RGI60-10.01419     0.02880   49.122770   87.425711    0.130    0.295  1
RGI60-10.02987     0.02880   53.892515   96.329296    0.406    0.730  1
RGI60-10.02605     0.02880   47.836984   89.915043   -1.034    0.941  1
RGI60-10.01494     0.02880   49.154410   87.293604    0.006    0.227  1
RGI60-10.01263     0.02880   49.932352   87.044619   -0.563    0.643  1
RGI60-10.03079     0.02880   65.886654  140.155999   -1.252    0.995  1
RGI60-10.03796     0.02880   59.494416  161.798670   -0.281    0.554  1
RGI60-10.01670     0.02880   49.035540   87.301241   -1.185    1.114  1
RGI60-10.02140     0.02880   48.920889   87.830422   -0.028    0.755  1
RGI60-10.02693     0.02880   49.141567   91.826525   -0.013    0.199  1
RGI60-10.00572     0.02880   75.856803  108.151732    0.016    0.289  1
RGI60-10.02495     0.02877   51.093862   89.247726   -0.205    0.360  1
RGI60-10.02490     0.02875   51.670648   88.650928    0.344    0.576  1
RGI60-10.01631     0.02790   49.001197   87.114507   -0.089    0.293  1
RGI60-10.01592     0.02790   48.945836   87.160467   -0.706    0.773  1
RGI60-10.03748     0.02790   58.483902  161.004511   -0.073    0.331  1
RGI60-10.00801     0.02790   49.878072   87.352320   -0.058    0.574  1
RGI60-10.02265     0.02790   50.896968   89.642434   -0.549    0.493  1
RGI60-10.02787     0.02790   46.694957   91.954242   -0.040    0.228  1
RGI60-10.04108     0.02790   55.034526  161.128828   -0.004    0.208  1
RGI60-10.04434     0.02790   54.463882  160.218711   -0.127    0.340  1
RGI60-10.01600     0.02790   48.957971   87.249224   -0.265    0.474  1
RGI60-10.00891     0.02790   49.828340   86.669606    1.054    1.176  1
RGI60-10.03308     0.02790   62.663561  140.819225   -0.071    0.636  1
RGI60-10.02971     0.02790   52.505290   98.892986   -0.327    0.457  1
RGI60-10.01433     0.02790   49.125234   87.341969   -0.140    0.521  1
RGI60-10.04761     0.02790   62.070473  171.552252   -0.721    0.753  1
RGI60-10.01748     0.02790   50.048209   87.715615   -0.169    0.348  1
RGI60-10.01150     0.02790   49.679340   86.722798   -0.661    0.627  1
RGI60-10.01691     0.02790   50.345699   87.875322   -0.036    0.427  1
RGI60-10.03126     0.02790   65.783092  140.467542   -0.198    0.764  1
RGI60-10.01082     0.02790   50.069607   87.561488    0.756    0.984  1
RGI60-10.03077     0.02790   65.957555  140.416039    0.283    0.685  1
RGI60-10.01410     0.02790   49.111744   87.573832    0.246    0.429  1
RGI60-10.00959     0.02790   49.794685   86.777216   -2.150    1.717  1
RGI60-10.03683     0.02790   58.605809  161.078422    0.251    0.252  1
RGI60-10.03601     0.02790   59.059141  161.255216   -0.035    0.366  1
RGI60-10.04636     0.02790   60.662775  168.120048    1.394    0.964  1
RGI60-10.02523     0.02790   53.592686   89.276419   -0.058    0.588  1
RGI60-10.01525     0.02790   49.214093   87.617484   -0.225    0.579  1
RGI60-10.02225     0.02790   48.359116   88.576475   -0.365    0.440  1
RGI60-10.02269     0.02790   50.659668   89.800172   -0.297    0.463  1
RGI60-10.01157     0.02790   49.525361   86.963218   -1.514    1.257  1
RGI60-10.04867     0.02790   61.560474  171.978789   -1.520    1.132  1
RGI60-10.04775     0.02790   61.827670  172.426414   -0.239    0.337  1
RGI60-10.01025     0.02790   49.774224   86.361123   -0.416    0.617  1
RGI60-10.00247     0.02790   57.007401  117.292165   -0.154    0.511  1
RGI60-10.00487     0.02790   75.928506  107.550765   -0.033    0.356  1
RGI60-10.00548     0.02790   75.857866  107.377011    0.053    0.342  1
RGI60-10.01958     0.02700   49.097218   87.647426   -0.153    0.433  1
RGI60-10.01682     0.02700   49.067232   87.178276    0.973    0.923  1
RGI60-10.03558     0.02700   58.195840  161.025597    0.021    0.241  1
RGI60-10.01657     0.02700   49.028437   87.309203   -0.464    0.623  1
RGI60-10.03565     0.02700   58.120519  160.844295    0.082    0.214  1
RGI60-10.01962     0.02700   49.065958   87.971916   -0.471    0.443  1
RGI60-10.00810     0.02700   49.864062   87.336599    0.168    0.550  1
RGI60-10.04123     0.02700   56.668784  161.350239   -0.982    0.908  1
RGI60-10.01198     0.02700   49.983334   87.351644   -0.318    0.614  1
RGI60-10.02549     0.02700   53.694429   89.263057   -0.413    0.707  1
RGI60-10.03648     0.02700   58.665547  161.305035    0.152    0.520  1
RGI60-10.01934     0.02700   49.129023   87.918510   -0.579    0.860  1
RGI60-10.03326     0.02700   62.415752  140.596047   -1.719    1.527  1
RGI60-10.03798     0.02700   59.456039  161.732673   -0.256    0.480  1
RGI60-10.03466     0.02700   55.711583  157.678040   -0.124    0.309  1
RGI60-10.01550     0.02700   48.885722   87.483770   -0.096    0.333  1
RGI60-10.04665     0.02700   62.032436  170.763998   -1.611    1.571  1
RGI60-10.04316     0.02700   59.506733  162.472375   -0.850    0.918  1
RGI60-10.02769     0.02700   46.803934   91.631937    0.013    0.564  1
RGI60-10.03829     0.02700   51.358691  156.721591    0.279    0.507  1
RGI60-10.00803     0.02700   49.876065   87.381720   -0.578    0.702  1
RGI60-10.02538     0.02700   53.851636   89.199141   -1.113    0.955  1
RGI60-10.01363     0.02700   49.078658   87.513699    0.054    0.419  1
RGI60-10.04882     0.02700   61.393131  172.247317   -0.764    0.662  1
RGI60-10.01176     0.02700   50.048124   87.370121   -0.943    0.740  1
RGI60-10.04199     0.02700   57.888666  160.656666   -0.005    0.235  1
RGI60-10.03423     0.02700   62.313792  141.225434   -0.359    0.661  1
RGI60-10.04511     0.02700   60.455307  167.114628   -0.018    0.602  1
RGI60-10.04312     0.02700   59.609456  162.654365   -0.623    0.764  1
RGI60-10.03989     0.02700   56.674375  159.617198   -0.241    0.586  1
RGI60-10.02647     0.02700   48.047922   89.379994   -0.101    0.383  1
RGI60-10.03124     0.02700   65.796365  140.769214   -1.356    1.315  1
RGI60-10.01236     0.02700   49.941969   85.948986    0.963    1.110  1
RGI60-10.04590     0.02700   60.271685  166.726895   -0.510    0.602  1
RGI60-10.02548     0.02700   53.748861   89.309955   -1.654    1.606  1
RGI60-10.01651     0.02700   49.018992   87.257814   -0.891    0.765  1
RGI60-10.04642     0.02700   60.479797  170.535764   -0.200    0.370  1
RGI60-10.02060     0.02700   48.994040   87.883120   -0.992    0.791  1
RGI60-10.03202     0.02700   65.199302  146.125927    0.521    0.609  1
RGI60-10.03426     0.02700   62.279234  141.201360   -0.458    0.624  1
RGI60-10.02956     0.02700   52.525656   98.876245   -0.029    0.218  1
RGI60-10.01360     0.02700   49.075060   87.232814    1.321    1.067  1
RGI60-10.00584     0.02700   75.775522  110.435226   -0.085    0.324  1
RGI60-10.00454     0.02700   76.093214  109.161591   -0.171    0.329  1
RGI60-10.05124     0.02699   67.146003   65.188624   -0.044    0.330  1
RGI60-10.05134     0.02698   66.708865   64.680621    0.012    0.231  1
RGI60-10.02446     0.02610   49.757886   88.102563   -0.573    0.489  1
RGI60-10.01413     0.02610   49.118541   87.179165    0.135    0.390  1
RGI60-10.01379     0.02610   49.090466   87.513795    0.045    0.234  1
RGI60-10.01535     0.02610   49.220834   87.660988   -0.053    0.438  1
RGI60-10.05077     0.02610   64.976032 -172.957420   -0.313    0.599  1
RGI60-10.01669     0.02610   49.031430   87.296500   -0.009    0.251  1
RGI60-10.01411     0.02610   49.113490   87.110069    0.479    0.693  1
RGI60-10.04289     0.02610   57.439185  160.423212   -0.191    0.427  1
RGI60-10.04767     0.02610   61.914178  173.461727   -0.516    0.681  1
RGI60-10.01594     0.02610   48.946844   87.408079   -0.425    0.608  1
RGI60-10.03946     0.02610   52.549923  158.046988   -0.209    0.273  1
RGI60-10.02477     0.02610   49.702734   88.208126    0.291    0.553  1
RGI60-10.04323     0.02610   59.364478  162.592028   -0.196    0.485  1
RGI60-10.04416     0.02610   54.743324  161.765112   -0.713    0.628  1
RGI60-10.03314     0.02610   62.608317  141.015814   -0.605    0.549  1
RGI60-10.03325     0.02610   62.424660  140.945552   -1.341    1.383  1
RGI60-10.01207     0.02610   49.965448   86.487040   -0.937    0.789  1
RGI60-10.01443     0.02610   49.140512   87.532367   -0.044    0.257  1
RGI60-10.00726     0.02610   49.438559   86.867150   -0.031    0.667  1
RGI60-10.01083     0.02610   50.068125   87.571764    0.192    0.680  1
RGI60-10.00223     0.02610   57.304999  117.784803    0.200    0.474  1
RGI60-10.03021     0.02610   53.500333   96.688429   -0.402    0.484  1
RGI60-10.01526     0.02610   49.216089   87.599445   -0.319    0.486  1
RGI60-10.04800     0.02610   61.792450  172.337567   -0.757    0.680  1
RGI60-10.01377     0.02610   49.086554   87.484412   -0.175    0.379  1
RGI60-10.03577     0.02610   59.126328  161.740394   -0.266    0.411  1
RGI60-10.02929     0.02610   52.714159   98.712082   -0.719    0.692  1
RGI60-10.03317     0.02610   62.595359  140.804891    0.036    0.555  1
RGI60-10.04977     0.02610   62.878819  176.330450   -1.236    1.096  1
RGI60-10.00724     0.02610   48.974529   85.819952    0.029    0.352  1
RGI60-10.02240     0.02610   48.350852   88.483370   -0.252    0.596  1
RGI60-10.04234     0.02610   57.714714  160.511339    0.177    0.307  1
RGI60-10.01552     0.02610   48.892188   87.496377   -0.289    0.346  1
RGI60-10.01087     0.02610   50.050004   87.466948   -0.186    0.751  1
RGI60-10.01647     0.02610   49.011256   87.253261   -0.025    0.452  1
RGI60-10.00625     0.02610   47.057788   85.501198   -0.619    0.795  1
RGI60-10.03007     0.02610   53.693553   96.968817   -0.197    0.376  1
RGI60-10.00836     0.02610   49.855157   87.384907    0.214    0.642  1
RGI60-10.02950     0.02610   52.672056   99.147523   -0.367    0.560  1
RGI60-10.03744     0.02610   58.491545  160.987371    0.111    0.253  1
RGI60-10.04175     0.02610   57.892063  160.662908    1.017    0.905  1
RGI60-10.00782     0.02610   50.080459   87.349925   -0.149    0.350  1
RGI60-10.02635     0.02610   47.671542   89.969421    0.086    0.668  1
RGI60-10.02944     0.02610   52.694641   99.236349    0.084    0.259  1
RGI60-10.04933     0.02610   60.890952  171.881944   -0.910    0.777  1
RGI60-10.02988     0.02610   53.867101   96.071400   -0.105    0.434  1
RGI60-10.03652     0.02610   58.647943  161.199925   -0.060    0.348  1
RGI60-10.01534     0.02610   49.219046   87.656234   -0.058    0.202  1
RGI60-10.02767     0.02610   46.831069   91.680503   -0.126    0.528  1
RGI60-10.00457     0.02610   76.063295  109.176655   -0.049    0.371  1
RGI60-10.00433     0.02610   76.187192  109.269665   -0.046    0.317  1
RGI60-10.00591     0.02609   75.658183  106.389395    0.425    0.464  1
RGI60-10.00166     0.02609   64.444199   59.264783    0.012    0.651  1
RGI60-10.04082     0.02520   55.434340  158.644418   -0.245    0.316  1
RGI60-10.02095     0.02520   48.955522   88.262065   -0.457    0.752  1
RGI60-10.01416     0.02520   49.120206   87.410126    0.308    0.399  1
RGI60-10.02244     0.02520   48.330169   88.704558   -0.263    0.397  1
RGI60-10.02193     0.02520   48.581106   88.270396   -1.311    1.209  1
RGI60-10.01261     0.02520   49.929427   85.815330   -1.224    1.003  1
RGI60-10.02329     0.02520   50.507844   89.909432    0.114    0.434  1
RGI60-10.03745     0.02520   58.490075  160.945544    0.257    0.335  1
RGI60-10.03822     0.02520   59.144762  161.697732    0.263    0.443  1
RGI60-10.05118     0.02520   67.572147   66.030813   -0.645    0.706  1
RGI60-10.02165     0.02520   48.801343   87.850785   -0.111    0.420  1
RGI60-10.04910     0.02520   61.027861  171.571351   -0.178    0.650  1
RGI60-10.01283     0.02520   49.911438   85.809130   -1.205    1.053  1
RGI60-10.01418     0.02520   49.121230   87.360296   -0.150    0.346  1
RGI60-10.04324     0.02520   59.339017  162.590340   -0.465    0.541  1
RGI60-10.02355     0.02520   49.903836   89.758479   -0.573    0.741  1
RGI60-10.03432     0.02520   62.221544  141.279401   -0.277    0.521  1
RGI60-10.03203     0.02520   65.198994  146.120351    0.070    0.666  1
RGI60-10.01492     0.02520   49.148354   87.706158    0.027    0.510  1
RGI60-10.01599     0.02520   48.956558   87.492090   -0.099    0.295  1
RGI60-10.03052     0.02520   66.733040  140.202618   -0.495    0.704  1
RGI60-10.00253     0.02520   56.936789  117.295741    0.591    0.840  1
RGI60-10.03049     0.02520   66.741189  140.051155   -0.790    0.881  1
RGI60-10.00350     0.02520   69.760805   91.228937    0.056    0.300  1
RGI60-10.04769     0.02520   61.909838  173.408648   -0.432    0.642  1
RGI60-10.03226     0.02520   65.085026  146.100887   -0.602    0.551  1
RGI60-10.01209     0.02520   49.965110   87.271512   -0.878    0.948  1
RGI60-10.00375     0.02520   69.309643   90.477138    0.305    0.508  1
RGI60-10.00440     0.02520   76.165917  109.196724   -0.110    0.421  1
RGI60-10.00397     0.02520   68.999084   89.857569   -0.667    0.720  1
RGI60-10.02986     0.02520   53.904731   95.941889    0.025    0.397  1
RGI60-10.02985     0.02520   53.919331   95.871456   -0.467    0.564  1
RGI60-10.00347     0.02519   69.732809   89.299584    0.030    0.336  1
RGI60-10.00590     0.02519   75.657888  106.367189   -0.055    0.337  1
RGI60-10.02498     0.02518   51.024795   89.398811   -0.575    0.763  1
RGI60-10.00934     0.02430   49.808461   86.628499    0.526    1.202  1
RGI60-10.00831     0.02430   49.860746   87.497539   -0.162    0.511  1
RGI60-10.00676     0.02430   49.105620   87.076801    0.070    0.591  1
RGI60-10.01026     0.02430   49.775837   86.833055   -0.363    0.521  1
RGI60-10.02268     0.02430   50.671003   89.573434   -1.020    1.149  1
RGI60-10.04926     0.02430   60.960770  171.411740   -1.806    1.586  1
RGI60-10.02606     0.02430   47.839121   89.809400   -0.488    0.610  1
RGI60-10.03125     0.02430   65.785747  140.818452   -3.766    3.187  1
RGI60-10.02832     0.02430   49.648568   91.446575   -0.393    0.731  1
RGI60-10.00834     0.02430   49.858400   87.306665   -0.687    0.757  1
RGI60-10.04667     0.02430   62.021715  170.828281   -0.045    0.687  1
RGI60-10.02607     0.02430   47.834657   89.953260   -0.717    0.700  1
RGI60-10.02762     0.02430   46.908366   91.521493   -0.073    0.419  1
RGI60-10.03491     0.02430   55.646701  158.361406    0.259    0.453  1
RGI60-10.00224     0.02430   57.207751  118.021302   -0.060    0.462  1
RGI60-10.04650     0.02430   60.045380  170.400128   -0.718    0.699  1
RGI60-10.03311     0.02430   62.616771  141.012775   -0.072    0.626  1
RGI60-10.04760     0.02430   62.079119  171.541380   -1.183    1.025  1
RGI60-10.00222     0.02430   57.564690  116.908213   -0.268    0.387  1
RGI60-10.03653     0.02430   58.637279  161.702266    0.108    0.254  1
RGI60-10.01337     0.02430   49.890927   86.460168   -1.193    1.181  1
RGI60-10.04984     0.02430   62.842450  176.395841   -0.190    0.640  1
RGI60-10.00394     0.02430   69.067720   90.486946   -0.323    0.428  1
RGI60-10.01343     0.02430   49.883917   87.388799   -0.255    0.634  1
RGI60-10.03897     0.02430   53.589235  159.081311    0.037    0.246  1
RGI60-10.03442     0.02430   61.952126  141.265814   -0.808    0.803  1
RGI60-10.02928     0.02430   52.723359   99.185326   -0.329    0.375  1
RGI60-10.01286     0.02430   49.907898   85.875459   -0.306    0.728  1
RGI60-10.00710     0.02430   49.078111   86.906231   -1.678    1.449  1
RGI60-10.02472     0.02430   49.709010   88.111728   -0.017    0.390  1
RGI60-10.00576     0.02430   75.850700  108.536386    0.311    0.501  1
RGI60-10.05120     0.02430   67.563180   65.986167   -0.224    0.579  1
RGI60-10.00546     0.02430   75.867665  107.778105   -0.244    0.432  1
RGI60-10.01906     0.02340   49.262548   88.080371   -0.092    0.436  1
RGI60-10.00909     0.02340   49.821125   87.078016   -2.607    2.568  1
RGI60-10.03180     0.02340   65.224134  145.974648   -1.212    1.012  1
RGI60-10.03027     0.02340   54.068525   96.468577    0.508    0.816  1
RGI60-10.00655     0.02340   49.137808   86.562219   -0.765    0.695  1
RGI60-10.01391     0.02340   49.104837   87.444942   -0.043    0.502  1
RGI60-10.01226     0.02340   49.957815   86.369002   -0.226    0.405  1
RGI60-10.04614     0.02340   60.220576  166.733167   -0.033    0.573  1
RGI60-10.02217     0.02340   48.424167   88.507852   -0.343    0.627  1
RGI60-10.02259     0.02340   50.967313   89.323416   -0.029    0.576  1
RGI60-10.03454     0.02340   61.941544  143.020538   -1.354    1.051  1
RGI60-10.00775     0.02340   50.104113   87.475864   -0.142    0.628  1
RGI60-10.01671     0.02340   49.039709   87.367110   -0.098    0.335  1
RGI60-10.01440     0.02340   49.136280   87.294615    0.075    0.429  1
RGI60-10.00719     0.02340   49.041322   86.954351   -0.413    0.466  1
RGI60-10.03420     0.02340   62.358881  141.253165   -1.002    1.088  1
RGI60-10.01643     0.02340   49.002879   87.257068   -0.076    0.401  1
RGI60-10.01234     0.02340   49.947974   86.344251    0.005    0.322  1
RGI60-10.00774     0.02340   50.104590   87.463154   -0.853    0.931  1
RGI60-10.03026     0.02340   54.076137   96.358531    1.110    1.203  1
RGI60-10.01051     0.02340   49.764955   86.256533   -0.339    0.448  1
RGI60-10.02146     0.02340   48.880368   88.019975   -0.305    0.410  1
RGI60-10.03009     0.02340   53.688033   96.865363   -0.298    0.355  1
RGI60-10.00297     0.02340   68.974489  128.722598   -0.705    0.589  1
RGI60-10.03019     0.02340   53.508826   96.685689   -0.851    0.810  1
RGI60-10.01547     0.02340   48.862136   87.443180    0.050    0.615  1
RGI60-10.05010     0.02340   62.667175  176.235844   -2.043    1.486  1
RGI60-10.02065     0.02340   48.983664   87.611011   -0.295    0.564  1
RGI60-10.03509     0.02340   58.234416  160.964432   -0.015    0.236  1
RGI60-10.02192     0.02340   48.639488   87.711595   -0.042    0.444  1
RGI60-10.03929     0.02340   52.704674  158.278829    0.004    0.230  1
RGI60-10.00943     0.02340   49.794253   86.102562   -0.017    0.728  1
RGI60-10.04167     0.02340   57.909003  160.686735    0.402    0.655  1
RGI60-10.04649     0.02340   60.213260  170.215687   -0.273    0.390  1
RGI60-10.01746     0.02340   50.054359   87.631043   -0.375    0.529  1
RGI60-10.00323     0.02340   67.541639  128.138530   -0.333    0.551  1
RGI60-10.00282     0.02340   56.787435  116.934665   -0.709    0.586  1
RGI60-10.00255     0.02340   56.896632  117.483914   -0.238    0.482  1
RGI60-10.00596     0.02340   75.655124  108.884729   -0.305    0.426  1
RGI60-10.00552     0.02340   75.861726  108.123477    0.130    0.351  1
RGI60-10.00462     0.02340   75.983926  107.207903    0.336    0.399  1
RGI60-10.02324     0.02340   50.530857   90.129334   -0.400    0.536  1
RGI60-10.02631     0.02339   47.694533   90.290898    0.148    0.580  1
RGI60-10.02637     0.02339   47.417336   90.320551   -0.726    0.752  1
RGI60-10.05132     0.02338   66.740138   64.517444   -0.060    0.360  1
RGI60-10.02692     0.02268   48.376548   90.609420   -0.373    0.662  1
RGI60-10.01645     0.02250   49.003729   87.108279   -0.390    0.519  1
RGI60-10.00811     0.02250   49.862742   86.880424   -1.360    1.343  1
RGI60-10.01080     0.02250   50.074771   87.526354    0.389    0.589  1
RGI60-10.04975     0.02250   62.885046  176.492551   -2.406    2.026  1
RGI60-10.04883     0.02250   61.385001  172.198415   -0.366    0.481  1
RGI60-10.04202     0.02250   57.814169  160.600033   -0.192    0.429  1
RGI60-10.02926     0.02250   52.736319   98.822295   -1.056    1.053  1
RGI60-10.01432     0.02250   49.125358   87.194482    0.109    0.354  1
RGI60-10.02199     0.02250   48.481723   88.298970   -0.341    0.530  1
RGI60-10.03602     0.02250   58.961402  161.635883    0.160    0.353  1
RGI60-10.03598     0.02250   59.069695  161.761826   -0.060    0.287  1
RGI60-10.01680     0.02250   49.064213   87.622739   -1.354    1.178  1
RGI60-10.01493     0.02250   49.152542   87.483815    0.160    0.343  1
RGI60-10.04107     0.02250   55.068208  160.761186   -0.092    0.311  1
RGI60-10.02831     0.02250   49.677709   91.416529   -0.381    0.654  1
RGI60-10.01436     0.02250   49.126561   87.344855    0.480    0.529  1
RGI60-10.02780     0.02250   46.803261   91.599030   -0.453    0.683  1
RGI60-10.01231     0.02250   49.953447   86.363756    0.084    0.260  1
RGI60-10.04040     0.02250   56.038162  160.592011   -0.317    0.369  1
RGI60-10.01745     0.02250   50.061331   87.797474   -0.042    0.266  1
RGI60-10.00277     0.02250   56.843508  117.165442   -0.308    0.563  1
RGI60-10.04736     0.02250   61.413532  169.865817    0.732    0.772  1
RGI60-10.00802     0.02250   49.877283   87.358940   -0.284    0.651  1
RGI60-10.04877     0.02250   61.441833  172.045554   -1.101    0.982  1
RGI60-10.03001     0.02250   53.770816   96.860053    0.277    0.680  1
RGI60-10.00213     0.02250   55.010125  108.683850   -1.099    1.215  1
RGI60-10.04797     0.02250   61.813574  172.377540   -0.213    0.430  1
RGI60-10.03323     0.02250   62.453215  140.970541   -2.216    1.765  1
RGI60-10.03222     0.02250   65.111049  146.146076   -0.057    0.453  1
RGI60-10.02856     0.02250   49.586716   91.290038   -0.163    0.554  1
RGI60-10.02223     0.02250   48.362802   88.570862    0.087    0.413  1
RGI60-10.00893     0.02250   49.827231   86.593891   -0.144    0.606  1
RGI60-10.04928     0.02250   60.957785  171.596007   -0.716    0.759  1
RGI60-10.00281     0.02250   56.791556  117.024601   -1.309    1.225  1
RGI60-10.02354     0.02250   49.904747   89.749561   -0.217    0.596  1
RGI60-10.03020     0.02250   53.505554   96.691550   -0.332    0.470  1
RGI60-10.04645     0.02250   60.397278  170.321733   -0.641    0.581  1
RGI60-10.01366     0.02250   49.082765   87.172920   -1.116    0.993  1
RGI60-10.04920     0.02250   60.981960  171.449019   -0.333    0.405  1
RGI60-10.01155     0.02250   49.536369   86.952953   -0.262    0.742  1
RGI60-10.00837     0.02250   49.851900   87.475286   -0.206    0.629  1
RGI60-10.05108     0.02250   67.704492   66.073519   -0.068    0.274  1
RGI60-10.01415     0.02250   49.118361   87.495175    0.072    0.396  1
RGI60-10.03002     0.02250   53.758018   96.887794    0.365    0.808  1
RGI60-10.05067     0.02250   66.863021 -177.819913    0.327    0.548  1
RGI60-10.02946     0.02250   52.683577   98.923604   -0.482    0.559  1
RGI60-10.04433     0.02250   54.466966  160.228146   -0.048    0.238  1
RGI60-10.04435     0.02250   54.274608  159.946680    0.184    0.289  1
RGI60-10.01412     0.02250   49.117485   87.176658   -0.029    0.536  1
RGI60-10.02263     0.02250   50.900871   89.627671   -0.304    0.512  1
RGI60-10.03209     0.02250   65.156328  146.050954   -0.621    0.729  1
RGI60-10.04936     0.02250   60.883018  171.410424   -0.267    0.342  1
RGI60-10.00577     0.02250   75.840572  108.487836   -0.201    0.356  1
RGI60-10.00429     0.02250   76.200212  110.632395   -0.011    0.251  1
RGI60-10.00420     0.02250   76.221206  109.436184    0.173    0.406  1
RGI60-10.02983     0.02249   53.939136   95.799105   -0.245    0.647  1
RGI60-10.00349     0.02249   69.731778   89.321835    0.060    0.347  1
RGI60-10.05125     0.02249   66.972250   65.402860   -0.865    0.930  1
RGI60-10.02515     0.02249   50.959169   89.667406   -0.668    0.784  1
RGI60-10.00994     0.02160   49.781810   86.257490   -0.451    0.635  1
RGI60-10.03600     0.02160   59.064438  161.252347   -0.272    0.496  1
RGI60-10.04932     0.02160   60.897767  171.902810   -0.685    0.773  1
RGI60-10.00998     0.02160   49.776544   86.003758    0.018    0.349  1
RGI60-10.01393     0.02160   49.105396   87.367954   -0.525    0.738  1
RGI60-10.01681     0.02160   49.066929   87.353809    0.014    0.268  1
RGI60-10.04078     0.02160   56.014234  160.592208    1.007    0.893  1
RGI60-10.02191     0.02160   48.639319   87.870500   -0.753    0.896  1
RGI60-10.01381     0.02160   49.092729   87.304596   -0.230    0.301  1
RGI60-10.00746     0.02160   50.180033   87.467461   -0.246    0.326  1
RGI60-10.03422     0.02160   62.318600  141.423072   -0.131    0.431  1
RGI60-10.04353     0.02160   54.828980  161.906829   -1.538    1.381  1
RGI60-10.03028     0.02160   54.054589   96.409801    0.073    0.496  1
RGI60-10.01258     0.02160   49.934087   86.195373   -1.170    1.168  1
RGI60-10.01629     0.02160   48.995846   87.248552   -0.280    0.421  1
RGI60-10.02603     0.02160   47.858758   89.877151   -0.646    0.768  1
RGI60-10.02245     0.02160   48.313651   88.534471   -1.333    1.052  1
RGI60-10.02149     0.02160   48.828515   87.831483    0.340    0.624  1
RGI60-10.04158     0.02160   58.083117  160.764345    0.110    0.239  1
RGI60-10.03329     0.02160   62.397204  140.665918   -0.974    1.072  1
RGI60-10.04879     0.02160   61.400838  172.365491   -0.261    0.429  1
RGI60-10.04260     0.02160   57.585897  160.523010    0.517    0.505  1
RGI60-10.02608     0.02160   47.834170   89.925590   -0.744    0.887  1
RGI60-10.02241     0.02160   48.347278   88.665389   -0.540    0.655  1
RGI60-10.01548     0.02160   48.864512   87.459773   -0.395    0.593  1
RGI60-10.00833     0.02160   49.859014   86.580130   -1.084    0.935  1
RGI60-10.03563     0.02160   58.130145  160.853157    0.084    0.269  1
RGI60-10.04290     0.02160   57.438036  160.363569   -0.342    0.630  1
RGI60-10.01518     0.02160   49.189001   87.606891    0.330    0.606  1
RGI60-10.01339     0.02160   49.885661   85.927073   -0.566    0.694  1
RGI60-10.01361     0.02160   49.077806   87.182686   -0.066    0.450  1
RGI60-10.01593     0.02160   48.945923   87.399626   -0.935    0.992  1
RGI60-10.00320     0.02160   68.261398  128.455843   -0.287    0.408  1
RGI60-10.02121     0.02160   48.933279   88.403979   -0.162    0.387  1
RGI60-10.02216     0.02160   48.433201   88.498438    0.062    0.255  1
RGI60-10.05079     0.02160   64.845330 -173.362846    0.264    0.440  1
RGI60-10.03794     0.02160   59.518961  161.824471   -1.173    1.053  1
RGI60-10.03015     0.02160   53.659682   96.708931    0.132    0.348  1
RGI60-10.03934     0.02160   52.543882  157.338593   -0.049    0.414  1
RGI60-10.03894     0.02160   53.620322  159.019711   -0.250    0.250  1
RGI60-10.00863     0.02160   49.848281   87.332094   -0.697    0.749  1
RGI60-10.00248     0.02160   56.995860  117.725014   -1.475    1.394  1
RGI60-10.03033     0.02160   54.040335   96.525403    0.073    0.373  1
RGI60-10.03559     0.02160   58.170749  160.957903    0.117    0.331  1
RGI60-10.00490     0.02160   75.934408  108.248691   -0.782    0.911  1
RGI60-10.05121     0.02160   67.557807   65.987873   -0.984    0.864  1
RGI60-10.00203     0.02160   65.294163   59.935578    0.036    0.426  1
RGI60-10.00465     0.02160   75.972025  107.162966    0.340    0.420  1
RGI60-10.02289     0.02159   50.615872   90.416226   -0.018    0.753  1
RGI60-10.02763     0.02070   46.883920   91.608294    0.166    0.392  1
RGI60-10.01315     0.02070   49.897168   86.222955    0.440    0.638  1
RGI60-10.04326     0.02070   59.304781  162.590136    0.575    0.634  1
RGI60-10.02011     0.02070   49.054609   87.825194   -0.339    0.657  1
RGI60-10.03307     0.02070   62.683555  140.693291   -0.720    0.667  1
RGI60-10.03433     0.02070   62.188439  141.220150   -0.404    0.524  1
RGI60-10.02923     0.02070   52.872533   99.235408   -0.214    0.369  1
RGI60-10.03777     0.02070   58.420734  161.539942    0.061    0.274  1
RGI60-10.04169     0.02070   57.907510  160.671647    0.029    0.230  1
RGI60-10.00718     0.02070   49.062958   86.697147   -1.688    1.651  1
RGI60-10.00278     0.02070   56.834743  117.178789    0.086    0.505  1
RGI60-10.02198     0.02070   48.551841   87.990592   -0.672    0.724  1
RGI60-10.01205     0.02070   49.973329   87.201831   -2.234    2.425  1
RGI60-10.02190     0.02070   48.644506   87.879643   -0.039    0.721  1
RGI60-10.04909     0.02070   61.028852  171.507693   -0.821    0.701  1
RGI60-10.00807     0.02070   49.863804   86.483966   -1.949    2.049  1
RGI60-10.01519     0.02070   49.191919   87.643281   -0.030    0.539  1
RGI60-10.04100     0.02070   55.213541  161.245563   -0.213    0.380  1
RGI60-10.04166     0.02070   57.925216  160.664497   -0.347    0.618  1
RGI60-10.01933     0.02070   49.146482   88.179213   -0.011    0.625  1
RGI60-10.04079     0.02070   56.012886  160.598751   -0.052    0.454  1
RGI60-10.02351     0.02070   49.985871   89.768277   -0.742    0.795  1
RGI60-10.03018     0.02070   53.563166   97.027776   -0.374    0.474  1
RGI60-10.04124     0.02070   56.662646  161.325693   -0.719    0.689  1
RGI60-10.05111     0.02070   67.675023   66.014259   -0.019    0.209  1
RGI60-10.01237     0.02070   49.946322   87.008048   -1.295    1.233  1
RGI60-10.01866     0.02070   48.634110   89.048839   -0.729    0.624  1
RGI60-10.03181     0.02070   65.209928  146.176012    0.640    0.710  1
RGI60-10.00308     0.02070   68.367064  129.032740   -0.196    0.289  1
RGI60-10.00276     0.02070   56.865820  117.561753   -0.594    0.847  1
RGI60-10.02478     0.02070   49.700762   88.281461   -0.023    0.430  1
RGI60-10.02998     0.02070   53.839021   96.157405   -0.605    0.893  1
RGI60-10.01086     0.02070   50.052888   87.449393   -0.148    0.496  1
RGI60-10.01441     0.02070   49.135677   87.515610    0.001    0.252  1
RGI60-10.03988     0.02070   56.682274  159.660405   -0.398    0.452  1
RGI60-10.04077     0.02070   56.015608  160.589531   -0.005    0.467  1
RGI60-10.04385     0.02070   54.805828  161.866803   -0.750    0.764  1
RGI60-10.03627     0.02070   58.821550  161.421813    0.064    0.280  1
RGI60-10.04486     0.02070   60.526099  167.332574   -0.087    0.414  1
RGI60-10.03447     0.02070   61.915819  141.271631   -0.399    0.562  1
RGI60-10.04644     0.02070   60.399038  170.324833   -0.772    0.736  1
RGI60-10.04038     0.02070   56.092877  160.408645   -0.790    0.763  1
RGI60-10.02096     0.02070   48.956286   87.998291   -0.172    0.811  1
RGI60-10.04935     0.02070   60.888302  171.300872   -0.187    0.369  1
RGI60-10.03051     0.02070   66.736798  140.217276   -0.182    0.508  1
RGI60-10.04823     0.02070   61.744661  171.612224   -1.104    1.038  1
RGI60-10.00344     0.02070   70.003659   94.549476   -0.168    0.350  1
RGI60-10.02473     0.02070   49.706743   88.229770    0.195    0.863  1
RGI60-10.02531     0.02070   54.204553   88.506828   -0.325    0.612  1
RGI60-10.00442     0.02070   76.160909  109.635773   -0.149    0.353  1
RGI60-10.00470     0.02070   75.977543  109.320263    0.425    0.486  1
RGI60-10.00002    48.10845   76.680006  148.920000   -0.522    0.200  2
RGI60-10.00006    12.95594   76.649998  148.650000   -0.522    0.200  2
RGI60-10.00009     6.22717   77.079996  156.570000   -0.522    0.200  2
RGI60-10.00001     3.91704   76.719996  149.170000   -0.522    0.200  2
RGI60-10.00005     3.81652   76.699996  148.850000   -0.522    0.200  2
RGI60-10.00004     1.80783   76.669995  148.930000   -0.522    0.200  2
RGI60-10.00014     1.20527   77.079995  156.480000   -0.522    0.200  2
RGI60-10.00003     0.70305   76.649995  149.020000   -0.522    0.200  2
RGI60-10.00007     0.60260   76.629995  148.700000   -0.522    0.200  2
RGI60-10.00012     0.50219   77.119995  156.580000   -0.522    0.200  2
RGI60-10.00008     0.40173   76.649995  148.570000   -0.522    0.200  2
RGI60-10.00015     0.40172   76.769995  158.030000   -0.522    0.200  2
RGI60-10.00086     0.14063   71.269995  179.650000   -0.522    0.200  2
RGI60-10.03174     0.11070   65.237545  146.007345   -0.522    0.200  2
RGI60-10.00087     0.10045   71.269995  179.680000   -0.522    0.200  2
RGI60-10.00075     0.10045   71.279995  179.450000   -0.522    0.200  2
RGI60-10.00013     0.10044   77.099995  156.520000   -0.522    0.200  2
RGI60-10.00010     0.10044   77.079995  156.600000   -0.522    0.200  2
RGI60-10.00011     0.10044   77.099995  156.600000   -0.522    0.200  2
RGI60-10.00054     0.09040   71.029995  178.880000   -0.522    0.200  2
RGI60-10.00082     0.08036   71.299995  179.570000   -0.522    0.200  2
RGI60-10.00110     0.07031   71.079995 -178.950000   -0.522    0.200  2
RGI60-10.00022     0.07031   71.049995  178.720000   -0.522    0.200  2
RGI60-10.00084     0.06027   71.279995  179.600000   -0.522    0.200  2
RGI60-10.00081     0.06027   71.279995  179.530000   -0.522    0.200  2
RGI60-10.00056     0.06026   71.019995  178.920000   -0.522    0.200  2
RGI60-10.00085     0.05023   71.269995  179.580000   -0.522    0.200  2
RGI60-10.00078     0.05022   71.299995  179.480000   -0.522    0.200  2
RGI60-10.00063     0.05022   70.999995  179.050000   -0.522    0.200  2
RGI60-10.00109     0.05022   71.079995 -178.920000   -0.522    0.200  2
RGI60-10.00016     0.05022   70.979995  178.680000   -0.522    0.200  2
RGI60-10.01689     0.04680   51.110885   87.198994   -0.522    0.200  2
RGI60-10.00917     0.04500   49.813802   86.566648   -0.522    0.200  2
RGI60-10.00892     0.04050   49.829034   86.686396   -0.522    0.200  2
RGI60-10.00083     0.04018   71.299995  179.600000   -0.522    0.200  2
RGI60-10.00079     0.04018   71.279995  179.480000   -0.522    0.200  2
RGI60-10.00070     0.04018   71.219995  179.370000   -0.522    0.200  2
RGI60-10.00068     0.04018   71.219995  179.230000   -0.522    0.200  2
RGI60-10.00067     0.04018   71.219995  179.220000   -0.522    0.200  2
RGI60-10.00105     0.04018   71.119995 -178.920000   -0.522    0.200  2
RGI60-10.00037     0.04018   71.129995  178.880000   -0.522    0.200  2
RGI60-10.00040     0.04018   71.099995  178.870000   -0.522    0.200  2
RGI60-10.00036     0.04018   71.119995  178.800000   -0.522    0.200  2
RGI60-10.00049     0.04018   71.019995  178.720000   -0.522    0.200  2
RGI60-10.00021     0.04018   71.049995  178.720000   -0.522    0.200  2
RGI60-10.00024     0.04018   71.069995  178.720000   -0.522    0.200  2
RGI60-10.00044     0.04018   71.019995  178.670000   -0.522    0.200  2
RGI60-10.00780     0.03690   50.085299   87.376200   -0.522    0.200  2
RGI60-10.00918     0.03600   49.813177   86.571464   -0.522    0.200  2
RGI60-10.00941     0.03600   49.801764   86.423974   -0.522    0.200  2
RGI60-10.04728     0.03420   61.817922  171.142443   -0.522    0.200  2
RGI60-10.01378     0.03240   49.088517   87.299822   -0.522    0.200  2
RGI60-10.02115     0.03240   48.948413   87.829274   -0.522    0.200  2
RGI60-10.02164     0.03060   48.826574   87.837855   -0.522    0.200  2
RGI60-10.02903     0.03060   46.632458   93.616133   -0.522    0.200  2
RGI60-10.00077     0.03013   71.299995  179.470000   -0.522    0.200  2
RGI60-10.00074     0.03013   71.249995  179.400000   -0.522    0.200  2
RGI60-10.00066     0.03013   71.219995  179.220000   -0.522    0.200  2
RGI60-10.00065     0.03013   71.219995  179.180000   -0.522    0.200  2
RGI60-10.00064     0.03013   70.999995  179.030000   -0.522    0.200  2
RGI60-10.00060     0.03013   71.029995  179.030000   -0.522    0.200  2
RGI60-10.00058     0.03013   71.019995  178.950000   -0.522    0.200  2
RGI60-10.00041     0.03013   71.099995  178.870000   -0.522    0.200  2
RGI60-10.00052     0.03013   71.019995  178.820000   -0.522    0.200  2
RGI60-10.00107     0.03013   71.129995 -178.830000   -0.522    0.200  2
RGI60-10.00050     0.03013   71.019995  178.800000   -0.522    0.200  2
RGI60-10.00051     0.03013   71.019995  178.800000   -0.522    0.200  2
RGI60-10.00042     0.03013   71.099995  178.800000   -0.522    0.200  2
RGI60-10.00048     0.03013   71.019995  178.700000   -0.522    0.200  2
RGI60-10.00025     0.03013   71.069995  178.700000   -0.522    0.200  2
RGI60-10.00018     0.03013   70.999995  178.650000   -0.522    0.200  2
RGI60-10.00043     0.03013   71.019995  178.650000   -0.522    0.200  2
RGI60-10.02196     0.02970   48.568999   88.252676   -0.522    0.200  2
RGI60-10.05007     0.02970   62.704628  176.260827   -0.522    0.200  2
RGI60-10.00804     0.02970   49.862743   85.224471   -0.522    0.200  2
RGI60-10.04507     0.02970   60.471435  167.007456   -0.522    0.200  2
RGI60-10.02348     0.02880   50.148163   88.687082   -0.522    0.200  2
RGI60-10.02951     0.02880   52.642358   98.967505   -0.522    0.200  2
RGI60-10.05126     0.02879   66.942653   65.403560   -0.522    0.200  2
RGI60-10.05069     0.02790   66.794075 -176.221244   -0.522    0.200  2
RGI60-10.03854     0.02700   53.991800  158.180742   -0.522    0.200  2
RGI60-10.00467     0.02700   75.983301  108.001007   -0.522    0.200  2
RGI60-10.02760     0.02610   47.714083   92.539691   -0.522    0.200  2
RGI60-10.00279     0.02610   56.833483  117.392638   -0.522    0.200  2
RGI60-10.00913     0.02610   49.816124   86.577732   -0.522    0.200  2
RGI60-10.03795     0.02520   59.509691  161.803916   -0.522    0.200  2
RGI60-10.01623     0.02520   48.980960   87.134354   -0.522    0.200  2
RGI60-10.04168     0.02520   57.908665  160.674864   -0.522    0.200  2
RGI60-10.02215     0.02520   48.435613   88.354665   -0.522    0.200  2
RGI60-10.03321     0.02430   62.454677  141.001163   -0.522    0.200  2
RGI60-10.03035     0.02430   54.005875   96.404462   -0.522    0.200  2
RGI60-10.00773     0.02430   50.109058   87.200002   -0.522    0.200  2
RGI60-10.01579     0.02340   48.928558   87.359348   -0.522    0.200  2
RGI60-10.03324     0.02340   62.428099  140.994317   -0.522    0.200  2
RGI60-10.02972     0.02340   52.498615   98.807367   -0.522    0.200  2
RGI60-10.03128     0.02340   65.455727  141.569481   -0.522    0.200  2
RGI60-10.01698     0.02340   50.101749   87.637748   -0.522    0.200  2
RGI60-10.01281     0.02340   49.918757   87.083992   -0.522    0.200  2
RGI60-10.03903     0.02340   53.484287  157.783315   -0.522    0.200  2
RGI60-10.00960     0.02340   49.793244   86.519275   -0.522    0.200  2
RGI60-10.00964     0.02250   49.792514   86.768258   -0.522    0.200  2
RGI60-10.00749     0.02250   50.152797   87.469745   -0.522    0.200  2
RGI60-10.02858     0.02250   49.580946   91.264972   -0.522    0.200  2
RGI60-10.02088     0.02250   48.964337   87.785705   -0.522    0.200  2
RGI60-10.00808     0.02250   49.864199   87.363218   -0.522    0.200  2
RGI60-10.02031     0.02250   49.026321   88.021550   -0.522    0.200  2
RGI60-10.00967     0.02160   49.787173   86.480640   -0.522    0.200  2
RGI60-10.04698     0.02160   61.890816  171.139828   -0.522    0.200  2
RGI60-10.01926     0.02160   49.192227   87.777807   -0.522    0.200  2
RGI60-10.02092     0.02160   48.961181   87.863793   -0.522    0.200  2
RGI60-10.02352     0.02160   49.977643   89.828184   -0.522    0.200  2
RGI60-10.03465     0.02160   55.714559  157.674485   -0.522    0.200  2
RGI60-10.00650     0.02160   49.148750   86.880064   -0.522    0.200  2
RGI60-10.05150     0.02160   67.943852   66.425259   -0.522    0.200  2
RGI60-10.03032     0.02160   54.038603   96.407511   -0.522    0.200  2
RGI60-10.03571     0.02070   58.415274  160.956150   -0.522    0.200  2
RGI60-10.01358     0.02070   49.067863   87.213263   -0.522    0.200  2
RGI60-10.05105     0.02070   67.881253   66.214715   -0.522    0.200  2
RGI60-10.00623     0.02070   47.061572   85.415058   -0.522    0.200  2
RGI60-10.02925     0.02070   52.762518   98.941057   -0.522    0.200  2
RGI60-10.04170     0.02070   57.903083  160.693563   -0.522    0.200  2
RGI60-10.03058     0.02070   66.641895  139.994635   -0.522    0.200  2
RGI60-10.03081     0.02070   65.714793  139.476276   -0.522    0.200  2
RGI60-10.01153     0.02070   49.564151   86.962440   -0.522    0.200  2
RGI60-10.02171     0.02070   48.757996   88.003495   -0.522    0.200  2
RGI60-10.00957     0.02070   49.795861   86.765476   -0.522    0.200  2
RGI60-10.02783     0.02070   46.754038   91.804564   -0.522    0.200  2
RGI60-10.00915     0.02070   49.814277   86.520627   -0.522    0.200  2
RGI60-10.04157     0.02070   58.101985  161.239460   -0.522    0.200  2
RGI60-10.03319     0.02070   62.497004  140.758322   -0.522    0.200  2
RGI60-10.01674     0.02070   49.046026   87.316090   -0.522    0.200  2
RGI60-10.05112     0.02070   67.670468   65.978747   -0.522    0.200  2
RGI60-10.00482     0.02070   75.937487  107.421255   -0.522    0.200  2
RGI60-10.00080     0.02009   71.279995  179.520000   -0.522    0.200  2
RGI60-10.00073     0.02009   71.229995  179.470000   -0.522    0.200  2
RGI60-10.00076     0.02009   71.279995  179.470000   -0.522    0.200  2
RGI60-10.00072     0.02009   71.229995  179.450000   -0.522    0.200  2
RGI60-10.00071     0.02009   71.219995  179.420000   -0.522    0.200  2
RGI60-10.00061     0.02009   71.019995  179.000000   -0.522    0.200  2
RGI60-10.00059     0.02009   71.019995  178.980000   -0.522    0.200  2
RGI60-10.00057     0.02009   71.019995  178.930000   -0.522    0.200  2
RGI60-10.00108     0.02009   71.069995 -178.880000   -0.522    0.200  2
RGI60-10.00106     0.02009   71.119995 -178.880000   -0.522    0.200  2
RGI60-10.00055     0.02009   71.019995  178.850000   -0.522    0.200  2
RGI60-10.00053     0.02009   71.019995  178.830000   -0.522    0.200  2
RGI60-10.00032     0.02009   71.099995  178.750000   -0.522    0.200  2
RGI60-10.00030     0.02009   71.079995  178.720000   -0.522    0.200  2
RGI60-10.00046     0.02009   71.019995  178.700000   -0.522    0.200  2
RGI60-10.00020     0.02009   71.029995  178.700000   -0.522    0.200  2
RGI60-10.00029     0.02009   71.079995  178.700000   -0.522    0.200  2
RGI60-10.00045     0.02009   71.019995  178.680000   -0.522    0.200  2
RGI60-10.00047     0.02009   71.019995  178.680000   -0.522    0.200  2
RGI60-10.00017     0.02009   70.979995  178.670000   -0.522    0.200  2
RGI60-10.00019     0.02009   70.999995  178.650000   -0.522    0.200  2
RGI60-10.00202     0.01035   65.324716   61.303103   -0.522    0.200  2
RGI60-10.00069     0.01004   71.219995  179.370000   -0.522    0.200  2
RGI60-10.00062     0.01004   71.019995  179.020000   -0.522    0.200  2
RGI60-10.00038     0.01004   71.129995  178.900000   -0.522    0.200  2
RGI60-10.00039     0.01004   71.099995  178.850000   -0.522    0.200  2
RGI60-10.00035     0.01004   71.099995  178.780000   -0.522    0.200  2
RGI60-10.00034     0.01004   71.099995  178.770000   -0.522    0.200  2
RGI60-10.00033     0.01004   71.099995  178.770000   -0.522    0.200  2
RGI60-10.00031     0.01004   71.079995  178.730000   -0.522    0.200  2
RGI60-10.00023     0.01004   71.069995  178.720000   -0.522    0.200  2
RGI60-10.00026     0.01004   71.069995  178.680000   -0.522    0.200  2
RGI60-10.00028     0.01004   71.069995  178.680000   -0.522    0.200  2
RGI60-10.00027     0.01004   71.069995  178.680000   -0.522    0.200  2
