Glacier-specific geodetic mass balance (m w.e. a-1) 2000_2020/ according to Hugonnet et al. (2021)
ID=1: measured, ID=2: regional mean
RGI-ID  Area  lat  lon  B  errB  ID
RGI60-11.01450    82.15202   46.502835    8.019186   -1.211    0.132  1
RGI60-11.02822    56.43104   45.950213    7.803093   -0.848    0.117  1
RGI60-11.01478    31.31231   46.516899    8.121407   -1.073    0.140  1
RGI60-11.03643    24.17477   45.875149    6.922663   -0.994    0.138  1
RGI60-11.01328    23.80865   46.566913    8.164711   -1.589    0.201  1
RGI60-11.01827    19.27341   46.434797    7.957544   -1.419    0.205  1
RGI60-11.01346    18.82971   46.567632    8.067356   -0.995    0.150  1
RGI60-11.00106    17.77280   47.099084   12.696692   -1.330    0.169  1
RGI60-11.02766    16.69050   45.964746    7.291082   -0.826    0.131  1
RGI60-11.00746    16.61806   46.848887   10.757034   -0.708    0.123  1
RGI60-11.01238    15.82483   46.623596    8.396499   -1.103    0.154  1
RGI60-11.01946    15.79859   46.392946    9.942304   -1.026    0.141  1
RGI60-11.02739    15.34967   45.991507    7.615652   -0.913    0.147  1
RGI60-11.01198    14.80450   46.658751    8.372579   -0.822    0.141  1
RGI60-11.02773    14.30332   45.993634    7.870506   -0.611    0.116  1
RGI60-11.02630    14.01803   46.052071    7.646449   -0.902    0.150  1
RGI60-11.03638    13.79261   45.943927    6.999941   -1.049    0.167  1
RGI60-11.01702    13.16642   46.475429    7.802698   -1.146    0.146  1
RGI60-11.01275    12.67916   46.609609    8.173537   -1.025    0.146  1
RGI60-11.00872    12.14148   46.821104    8.855434   -1.072    0.161  1
RGI60-11.02801    11.60857   45.956579    7.457320   -1.474    0.202  1
RGI60-11.03646    11.41814   45.856732    6.866381   -0.235    0.106  1
RGI60-11.01974    11.32556   46.391831   10.589660   -0.916    0.145  1
RGI60-11.03005    10.98471   45.812918    6.845830   -0.494    0.133  1
RGI60-11.02709    10.47905   46.006321    7.548217   -0.612    0.128  1
RGI60-11.02922    10.39779   45.908977    7.833315   -0.427    0.121  1
RGI60-11.02437    10.09244   46.164796   10.540827   -1.446    0.170  1
RGI60-11.01698     9.39687   46.472849    7.931848   -1.008    0.158  1
RGI60-11.00666     9.32821   46.906203   10.891122   -0.953    0.151  1
RGI60-11.02704     9.27517   46.033608    7.909487   -0.532    0.121  1
RGI60-11.02715     9.17742   46.010943    7.580383   -0.622    0.129  1
RGI60-11.01270     9.01680   46.614292    8.119333   -0.594    0.132  1
RGI60-11.00887     8.93601   46.785441   10.989663   -1.151    0.163  1
RGI60-11.00719     8.55590   46.876237   10.818024   -0.913    0.154  1
RGI60-11.03651     8.40136   45.792803    6.787334   -0.760    0.143  1
RGI60-11.00135     8.27274   47.106575   12.382861   -0.775    0.148  1
RGI60-11.03698     8.12196   45.984665    6.995706   -0.635    0.125  1
RGI60-11.02624     8.11337   46.064713    7.896038   -0.448    0.123  1
RGI60-11.03039     8.11123   45.648327    7.001455   -0.909    0.143  1
RGI60-11.01144     8.04200   46.698895    8.426565   -0.869    0.166  1
RGI60-11.00897     8.03331   46.800305   10.758385   -1.100    0.172  1
RGI60-11.03001     7.81655   45.829728    6.898001   -0.262    0.123  1
RGI60-11.00846     7.81287   46.819431   10.739057   -0.818    0.148  1
RGI60-11.02119     7.79716   46.372661    9.847720   -0.684    0.129  1
RGI60-11.02072     7.71283   46.383903    7.511982   -1.291    0.165  1
RGI60-11.03466     7.68559   45.915168    6.987806   -0.974    0.161  1
RGI60-11.02495     7.61127   46.128938    7.859785   -0.445    0.123  1
RGI60-11.01797     7.42306   46.459051    8.016145   -1.023    0.165  1
RGI60-11.02596     7.40511   46.080750    7.878517   -0.390    0.127  1
RGI60-11.02796     7.23152   45.974802    7.423997   -0.728    0.147  1
RGI60-11.03642     7.22121   45.883831    6.974957   -1.218    0.187  1
RGI60-11.00945     7.14608   46.782430   10.944641   -0.846    0.145  1
RGI60-11.02793     6.96551   45.969425    7.039870   -0.902    0.161  1
RGI60-11.02890     6.90107   45.924355    7.322840   -1.098    0.176  1
RGI60-11.02245     6.88206   46.308528    9.701080   -1.413    0.206  1
RGI60-11.02902     6.78107   45.926040    7.759313   -0.346    0.123  1
RGI60-11.02460     6.74915   46.154112   10.575684   -1.208    0.170  1
RGI60-11.02819     6.70242   45.964689    7.696385   -1.109    0.164  1
RGI60-11.00597     6.33068   46.951423   11.183217   -1.113    0.179  1
RGI60-11.02593     6.12658   46.081919    7.678099   -0.584    0.137  1
RGI60-11.02051     6.05690   46.388740    9.885185   -0.731    0.160  1
RGI60-11.02477     6.04262   46.147416   10.517903   -0.895    0.145  1
RGI60-11.02740     6.01839   45.996827    7.026340   -0.600    0.124  1
RGI60-11.02843     5.87658   45.957293    7.586722   -0.353    0.129  1
RGI60-11.01222     5.83061   46.643581    8.149007   -0.548    0.132  1
RGI60-11.02144     5.82589   46.367868    9.978215   -0.640    0.133  1
RGI60-11.01622     5.75110   46.493884    7.836042   -1.388    0.197  1
RGI60-11.02507     5.74584   46.134399    7.720556   -0.602    0.135  1
RGI60-11.02787     5.66787   45.974616    7.488505   -0.706    0.146  1
RGI60-11.02774     5.41920   45.992057    7.388882   -0.782    0.146  1
RGI60-11.01806     5.38383   46.456017   10.634023   -0.865    0.155  1
RGI60-11.03676     5.36541   45.006098    6.251993   -0.220    0.214  1
RGI60-11.00687     5.35889   46.895619   10.854646   -0.570    0.135  1
RGI60-11.02746     5.33554   46.008061    7.928062   -0.850    0.142  1
RGI60-11.00116     5.32552   47.117666   12.330929   -0.632    0.149  1
RGI60-11.03110     5.31720   45.524908    7.285052   -0.324    0.129  1
RGI60-11.01876     5.28620   46.438313    8.330189   -1.249    0.196  1
RGI60-11.02490     5.23188   46.129595    7.695949   -0.448    0.131  1
RGI60-11.03684     5.14839   44.938126    6.377555   -0.877    0.161  1
RGI60-11.03648     5.10167   45.846112    6.811098   -0.407    0.136  1
RGI60-11.03647     4.89730   45.860100    6.846366   -0.282    0.122  1
RGI60-11.01791     4.84495   46.463149    7.825725   -0.703    0.141  1
RGI60-11.02711     4.82462   46.035607    7.873065   -0.378    0.127  1
RGI60-11.02173     4.82061   46.362752    9.955336   -0.626    0.134  1
RGI60-11.01509     4.80879   46.531815    8.197572   -1.575    0.227  1
RGI60-11.02515     4.72634   46.127975   10.599264   -1.162    0.178  1
RGI60-11.01246     4.70189   46.634017    8.436446   -0.785    0.163  1
RGI60-11.02194     4.66765   46.353558    9.931895   -0.868    0.160  1
RGI60-11.02209     4.66366   46.351606    9.846261   -0.992    0.178  1
RGI60-11.02584     4.62583   46.076310    7.597522   -0.661    0.146  1
RGI60-11.02006     4.49478   46.397928    7.867818   -0.952    0.161  1
RGI60-11.02858     4.44301   45.941460    7.898350   -0.732    0.191  1
RGI60-11.02172     4.40677   46.365116    9.902187   -0.698    0.150  1
RGI60-11.01473     4.36226   46.536992   10.661834   -0.933    0.171  1
RGI60-11.00958     4.34806   46.776719   10.894040   -0.718    0.149  1
RGI60-11.00278     4.25513   47.057360   12.245434   -0.699    0.158  1
RGI60-11.00141     4.24068   47.103695   12.287761   -1.061    0.187  1
RGI60-11.03662     4.21758   45.421094    6.880966   -1.061    0.177  1
RGI60-11.03308     4.15412   44.905251    6.377909   -1.034    0.198  1
RGI60-11.01863     4.14952   46.433733   10.628562   -0.723    0.151  1
RGI60-11.01550     4.10862   46.518445    7.946042   -0.458    0.148  1
RGI60-11.01604     4.05540   46.493240   10.569509   -0.794    0.169  1
RGI60-11.02558     4.01003   46.110089    7.731027   -0.377    0.138  1
RGI60-11.00787     3.96348   46.842425   10.790694   -0.515    0.136  1
RGI60-11.03546     3.85806   45.320752    6.754587   -0.597    0.134  1
RGI60-11.02749     3.81906   46.002991    7.423379   -0.977    0.177  1
RGI60-11.00781     3.81835   46.857683   10.160306   -1.066    0.179  1
RGI60-11.01565     3.79607   46.506593   10.477442   -0.873    0.156  1
RGI60-11.02645     3.73929   46.068507    7.712496   -0.783    0.156  1
RGI60-11.03124     3.70710   45.505101    7.025046   -1.089    0.174  1
RGI60-11.00311     3.69069   47.065412   11.663619   -0.544    0.193  1
RGI60-11.03020     3.65373   45.784413    6.818146   -0.218    0.125  1
RGI60-11.02924     3.64590   45.899516    7.021786   -0.766    0.183  1
RGI60-11.00487     3.64405   46.998200   11.079538   -0.865    0.157  1
RGI60-11.02810     3.62158   45.967044    7.525505   -1.448    0.232  1
RGI60-11.00415     3.58514   47.015213   11.857422   -0.343    0.165  1
RGI60-11.03671     3.56967   45.290912    6.631244   -0.787    0.146  1
RGI60-11.02918     3.56752   45.917635    7.723703   -0.405    0.135  1
RGI60-11.03667     3.46142   45.343554    6.757917   -0.705    0.145  1
RGI60-11.03675     3.44461   45.001416    6.219057   -0.624    0.367  1
RGI60-11.02812     3.32686   45.978927    7.562206   -0.494    0.143  1
RGI60-11.00295     3.24925   47.082746   11.119263   -0.906    0.171  1
RGI60-11.00161     3.24070   47.095268   12.358184   -0.575    0.147  1
RGI60-11.02569     3.22521   46.106996    7.847663   -0.161    0.135  1
RGI60-11.01570     3.21853   46.503991   10.520133   -0.726    0.160  1
RGI60-11.02916     3.20490   45.909878    7.044082   -0.678    0.151  1
RGI60-11.02427     3.18034   46.193376   10.529475   -1.056    0.184  1
RGI60-11.00376     3.17876   47.044493   11.127119   -0.986    0.185  1
RGI60-11.00943     3.17520   46.790201   10.834077   -0.581    0.145  1
RGI60-11.03154     3.11940   45.481230    7.061833   -1.062    0.176  1
RGI60-11.01678     3.11892   46.487847    7.865952   -1.015    0.194  1
RGI60-11.03182     3.10680   45.334891    7.116034   -0.720    0.169  1
RGI60-11.03672     3.09010   45.263142    6.617256   -0.926    0.175  1
RGI60-11.00957     3.08390   46.781328   10.811020   -1.177    0.194  1
RGI60-11.03687     3.04079   44.858755    6.337490   -0.975    0.261  1
RGI60-11.00399     3.03056   47.023140   11.882743   -0.113    0.167  1
RGI60-11.00469     2.94470   46.999670   11.791392   -0.446    0.174  1
RGI60-11.00190     2.93967   47.085089   12.378444   -0.685    0.158  1
RGI60-11.03111     2.91780   45.528934    7.343106   -0.446    0.145  1
RGI60-11.02249     2.88858   46.320231    7.225361   -1.282    0.189  1
RGI60-11.00804     2.87809   46.852414   10.076636   -0.969    0.156  1
RGI60-11.02755     2.87213   45.996972    7.448501   -0.375    0.144  1
RGI60-11.00067     2.86793   47.129036   12.689444   -0.635    0.174  1
RGI60-11.00994     2.85660   46.784474    8.539357   -0.711    0.170  1
RGI60-11.01834     2.83501   46.451169   10.708513   -1.157    0.217  1
RGI60-11.01187     2.81425   46.684945    8.466569   -0.662    0.174  1
RGI60-11.03683     2.81105   44.952638    6.352380   -0.789    0.188  1
RGI60-11.03427     2.77523   45.369849    6.780457   -0.839    0.147  1
RGI60-11.03147     2.74985   45.495759    7.054697   -1.013    0.186  1
RGI60-11.03674     2.74188   45.160409    6.159998   -1.525    0.248  1
RGI60-11.00068     2.73845   47.132221   12.345318   -0.827    0.176  1
RGI60-11.00088     2.73385   47.122874   12.726933   -0.507    0.156  1
RGI60-11.01621     2.71931   46.499701    7.769251   -0.623    0.172  1
RGI60-11.02064     2.71312   46.394950    8.326306   -1.186    0.227  1
RGI60-11.00524     2.68380   46.977412   11.744706   -0.424    0.176  1
RGI60-11.02285     2.58599   46.298704    9.641849   -1.141    0.231  1
RGI60-11.00871     2.57306   46.813803   11.047330   -0.724    0.174  1
RGI60-11.02385     2.54641   46.241187    8.098343   -0.924    0.176  1
RGI60-11.00541     2.53407   46.974042   11.152842   -0.763    0.160  1
RGI60-11.02337     2.51780   46.280089    9.744447   -0.379    0.157  1
RGI60-11.00770     2.48433   46.854834   10.712706   -0.983    0.186  1
RGI60-11.00932     2.42715   46.805782    8.930190   -0.676    0.194  1
RGI60-11.01990     2.42048   46.402604    7.542578   -1.123    0.195  1
RGI60-11.01120     2.41831   46.737650    8.787604   -1.003    0.202  1
RGI60-11.00843     2.40204   46.844177    8.891171   -0.803    0.179  1
RGI60-11.00886     2.39730   46.810442   10.945466   -0.929    0.190  1
RGI60-11.00950     2.38237   46.788757   10.719823   -0.696    0.165  1
RGI60-11.00929     2.37827   46.781738   11.019106   -1.282    0.209  1
RGI60-11.03701     2.37202   45.376687    7.149506   -0.418    0.143  1
RGI60-11.01576     2.36529   46.515112    8.202359   -1.280    0.225  1
RGI60-11.02113     2.35819   46.376426   10.552060   -0.563    0.152  1
RGI60-11.00797     2.35289   46.851527   10.105353   -1.000    0.172  1
RGI60-11.00459     2.35092   46.998063   11.817647   -0.607    0.185  1
RGI60-11.03670     2.34334   45.300255    6.742352   -0.717    0.176  1
RGI60-11.02737     2.33356   46.022226    7.641895   -0.576    0.156  1
RGI60-11.00303     2.32993   47.019912   13.333814   -0.742    0.188  1
RGI60-11.01296     2.32943   46.613189    8.430426   -1.164    0.234  1
RGI60-11.03400     2.30499   45.333450    6.908709   -0.802    0.165  1
RGI60-11.00182     2.29248   47.079842   12.666140   -0.551    0.159  1
RGI60-11.00002     2.29061   47.484463   13.613458   -0.525    0.189  1
RGI60-11.03264     2.28391   44.960037    6.409696   -0.851    0.176  1
RGI60-11.00181     2.27934   47.061461   13.253704   -0.431    0.180  1
RGI60-11.00054     2.27467   47.148713   12.371672   -0.483    0.164  1
RGI60-11.00047     2.27333   47.138574   12.719399   -0.471    0.164  1
RGI60-11.02979     2.24806   45.872879    7.007145   -0.667    0.192  1
RGI60-11.03694     2.24236   44.892905    6.258801   -0.714    0.520  1
RGI60-11.02884     2.21286   45.933776    7.052097   -0.682    0.183  1
RGI60-11.00830     2.20838   46.848016    8.531357   -1.175    0.233  1
RGI60-11.02351     2.20779   46.270707    9.769786   -0.927    0.237  1
RGI60-11.01912     2.20769   46.430291    8.008272   -0.839    0.171  1
RGI60-11.00110     2.18846   47.126061   12.369285   -0.979    0.205  1
RGI60-11.01719     2.17858   46.486600    8.114173   -0.663    0.164  1
RGI60-11.02679     2.16978   46.055031    7.913104   -0.652    0.159  1
RGI60-11.01840     2.16840   46.450273   10.607331   -0.518    0.151  1
RGI60-11.01776     2.16205   46.467419   10.611462   -0.976    0.177  1
RGI60-11.00199     2.16138   47.082195   12.400931   -0.883    0.181  1
RGI60-11.02866     2.15883   45.946613    7.330935   -0.935    0.182  1
RGI60-11.02764     2.13704   46.012430    7.876612   -0.426    0.149  1
RGI60-11.00518     2.13043   46.987746   11.105196   -0.816    0.187  1
RGI60-11.02676     2.12881   46.048839    7.689090   -0.559    0.160  1
RGI60-11.00233     2.11450   47.077801   12.248611   -0.372    0.162  1
RGI60-11.03297     2.10876   45.511350    6.986920   -0.568    0.149  1
RGI60-11.03066     2.10150   45.596431    7.273377   -0.601    0.155  1
RGI60-11.01987     2.09038   46.415968    8.481195   -0.740    0.194  1
RGI60-11.00127     2.08475   47.117617   12.260911   -0.719    0.186  1
RGI60-11.03740     2.06687   45.254047    7.117985   -1.263    0.239  1
RGI60-11.03655     2.05176   45.218526    7.069761   -1.044    0.203  1
RGI60-11.01468     2.04658   46.546870    7.954956   -0.261    0.182  1
RGI60-11.00833     2.04558   46.839343   10.093069   -1.026    0.179  1
RGI60-11.02934     2.04235   45.915861    7.782503   -0.405    0.154  1
RGI60-11.03556     2.03854   45.439742    7.102999   -0.755    0.182  1
RGI60-11.02222     2.02942   46.343407    9.771999   -0.805    0.186  1
RGI60-11.01193     2.02858   46.680244    8.410476   -0.994    0.217  1
RGI60-11.00918     2.01447   46.813307    8.977391   -1.070    0.229  1
RGI60-11.03373     2.01207   45.362006    7.146747   -0.830    0.194  1
RGI60-11.03760     2.00928   45.141796    6.147400   -1.142    0.275  1
RGI60-11.03114     2.00693   45.522752    7.256339   -0.289    0.145  1
RGI60-11.03164     1.98649   45.473813    7.100224   -0.669    0.179  1
RGI60-11.03473     1.98310   44.862205    6.366028   -1.095    0.191  1
RGI60-11.01335     1.94760   46.599834    8.251797   -1.255    0.233  1
RGI60-11.01445     1.94573   46.554278    7.971274   -0.586    0.173  1
RGI60-11.01431     1.94513   46.566921    7.990127   -0.518    0.170  1
RGI60-11.02195     1.92855   46.359766    9.818684   -0.881    0.185  1
RGI60-11.03810     1.92285   44.931617    6.338657   -0.963    0.190  1
RGI60-11.00197     1.91931   47.087779   12.268298   -0.468    0.173  1
RGI60-11.00193     1.91112   47.072443   12.679551   -0.566    0.163  1
RGI60-11.01293     1.89968   46.617702    8.899784   -1.104    0.212  1
RGI60-11.03680     1.89408   44.989159    6.274651   -0.555    0.262  1
RGI60-11.00992     1.89381   46.772990   10.866731   -0.913    0.192  1
RGI60-11.02927     1.88480   45.900113    7.262547   -0.739    0.183  1
RGI60-11.02586     1.88295   46.097817    7.838363   -0.371    0.148  1
RGI60-11.03669     1.87483   45.310445    6.730162   -0.400    0.148  1
RGI60-11.02529     1.86840   46.132407    8.029319   -0.572    0.173  1
RGI60-11.03677     1.86392   45.008694    6.301153   -0.187    0.190  1
RGI60-11.02947     1.84221   45.908037    7.797924   -0.377    0.147  1
RGI60-11.02898     1.84141   45.926371    7.429808   -0.751    0.180  1
RGI60-11.00476     1.83690   46.991166   11.769784   -0.202    0.172  1
RGI60-11.02950     1.83649   45.908066    7.877845   -0.444    0.246  1
RGI60-11.03081     1.83510   45.559454    7.066031   -0.745    0.183  1
RGI60-11.01986     1.81568   46.406239    7.893036   -1.212    0.258  1
RGI60-11.01237     1.81273   46.643846    8.127349   -0.507    0.161  1
RGI60-11.03653     1.81153   45.526574    6.872998   -0.453    0.141  1
RGI60-11.00647     1.80150   46.906851   12.096538   -0.744    0.174  1
RGI60-11.03668     1.79607   45.358727    6.758609   -0.950    0.192  1
RGI60-11.02540     1.78543   46.132884    7.998757   -0.361    0.153  1
RGI60-11.01067     1.78508   46.762376    8.436392   -1.178    0.262  1
RGI60-11.02718     1.78369   46.033435    7.686488   -0.753    0.181  1
RGI60-11.01146     1.76853   46.716140    8.500769   -0.957    0.213  1
RGI60-11.03817     1.76055   44.879452    6.289468   -2.714    3.046  1
RGI60-11.02496     1.74146   46.146831    7.878067   -0.372    0.152  1
RGI60-11.00878     1.74046   46.833254    8.887585   -0.796    0.186  1
RGI60-11.00698     1.73715   46.889999   10.798788   -0.687    0.172  1
RGI60-11.02566     1.72477   46.112898    7.880923   -0.397    0.158  1
RGI60-11.00325     1.72080   47.072299   11.074541   -1.196    0.206  1
RGI60-11.00159     1.70905   47.090947   12.655900   -0.581    0.166  1
RGI60-11.03529     1.68947   45.538312    6.985654   -0.354    0.148  1
RGI60-11.00562     1.68909   46.964143   11.730674   -0.961    0.220  1
RGI60-11.02991     1.67940   45.858784    6.976969   -0.303    0.155  1
RGI60-11.00807     1.67567   46.852935   10.130885   -0.983    0.201  1
RGI60-11.01631     1.66989   46.500093   10.460616   -0.732    0.172  1
RGI60-11.02814     1.66913   45.970111    7.259506   -0.618    0.164  1
RGI60-11.03654     1.66841   45.341906    7.082580   -0.421    0.159  1
RGI60-11.02370     1.66690   46.249992    8.084614   -0.551    0.155  1
RGI60-11.00264     1.64079   47.066637   12.267133   -0.603    0.176  1
RGI60-11.00648     1.63923   46.932606   10.931609   -0.754    0.176  1
RGI60-11.01750     1.62404   46.477997    7.905892   -0.734    0.190  1
RGI60-11.02570     1.62090   46.111085    7.692930   -0.347    0.143  1
RGI60-11.00122     1.61536   47.107355   12.722123   -0.953    0.191  1
RGI60-11.01267     1.60920   46.627848    9.879999   -0.786    0.198  1
RGI60-11.00546     1.60770   46.977436   11.190615   -1.041    0.222  1
RGI60-11.03813     1.60672   44.856924    6.239048   -0.569    0.332  1
RGI60-11.03663     1.60384   45.413254    6.826731   -0.695    0.171  1
RGI60-11.02805     1.60110   45.986195    7.660612   -0.307    0.158  1
RGI60-11.02319     1.59030   46.283441    9.985546   -1.000    0.185  1
RGI60-11.00164     1.58842   47.102221   12.338013   -0.386    0.156  1
RGI60-11.03679     1.58298   45.005330    6.337368   -0.915    0.237  1
RGI60-11.00554     1.56921   46.973200   11.170102   -0.900    0.196  1
RGI60-11.00291     1.56535   47.025937   13.314328   -0.707    0.203  1
RGI60-11.00070     1.56366   47.149131   12.104431   -0.557    0.182  1
RGI60-11.03148     1.56148   45.500895    7.250474   -0.768    0.184  1
RGI60-11.02742     1.54905   46.022270    7.859842   -0.471    0.166  1
RGI60-11.02928     1.53716   45.918929    7.891135   -0.661    0.190  1
RGI60-11.01156     1.52685   46.705251    8.465492   -1.090    0.252  1
RGI60-11.01358     1.50780   46.593397    8.211624   -0.769    0.167  1
RGI60-11.00964     1.49496   46.794397    8.532507   -0.737    0.208  1
RGI60-11.02869     1.48671   45.954313    7.834715   -0.414    0.152  1
RGI60-11.02780     1.48558   46.002099    7.950585   -0.867    0.185  1
RGI60-11.03816     1.47451   44.872558    6.262759   -0.560    0.172  1
RGI60-11.02909     1.45983   45.919875    7.060634   -0.678    0.176  1
RGI60-11.02075     1.45112   46.392861    9.992698   -0.720    0.170  1
RGI60-11.03339     1.44505   45.770560    6.794558   -0.230    0.139  1
RGI60-11.03678     1.44503   45.015610    6.320035   -0.511    0.164  1
RGI60-11.00539     1.44492   47.003168    8.991944   -1.083    0.226  1
RGI60-11.02623     1.44357   46.073779    7.437581   -0.651    0.182  1
RGI60-11.00752     1.43820   46.879212    9.167525   -1.089    0.211  1
RGI60-11.01362     1.43621   46.591360    8.229072   -0.949    0.214  1
RGI60-11.01378     1.43084   46.588126    8.252770   -1.028    0.222  1
RGI60-11.01885     1.42583   46.433105    7.687258   -0.285    0.162  1
RGI60-11.01557     1.42359   46.522879    9.062763   -1.089    0.216  1
RGI60-11.02282     1.42106   46.309439    9.668135   -0.629    0.161  1
RGI60-11.02442     1.41392   46.178789    8.006730   -0.391    0.177  1
RGI60-11.00903     1.40934   46.806072   10.713162   -0.713    0.171  1
RGI60-11.03047     1.40316   45.648830    7.030115   -0.571    0.162  1
RGI60-11.02594     1.40260   46.088188    7.715386   -0.492    0.161  1
RGI60-11.02388     1.39978   46.229449   10.661796   -0.793    0.193  1
RGI60-11.00049     1.39925   47.139780   12.741056   -0.633    0.201  1
RGI60-11.00392     1.39695   47.045784   11.109558   -0.914    0.186  1
RGI60-11.00502     1.38434   46.985570   11.800079   -0.588    0.199  1
RGI60-11.00779     1.37446   46.854213   10.800909   -0.854    0.186  1
RGI60-11.02421     1.37377   46.213689   10.659372   -0.950    0.211  1
RGI60-11.00670     1.36859   46.920934   10.864808   -0.750    0.179  1
RGI60-11.00124     1.36739   47.108715   12.650653   -0.956    0.235  1
RGI60-11.02743     1.36683   46.017441    7.387811   -0.892    0.203  1
RGI60-11.01813     1.36682   46.456517   10.680636   -0.806    0.172  1
RGI60-11.03259     1.36263   45.335583    6.743992   -0.320    0.137  1
RGI60-11.00548     1.35540   46.978198   11.133871   -1.009    0.201  1
RGI60-11.01161     1.35497   46.700419    8.514380   -0.535    0.225  1
RGI60-11.00434     1.34841   47.018179   11.636995   -1.105    0.257  1
RGI60-11.01280     1.34378   46.626490    8.912791   -0.758    0.194  1
RGI60-11.00619     1.33218   46.956645   11.152802   -1.155    0.228  1
RGI60-11.00062     1.32411   47.145772   12.308568   -0.447    0.184  1
RGI60-11.02400     1.31772   46.223939   10.645678   -0.949    0.197  1
RGI60-11.01942     1.31517   46.414799   10.626894   -0.694    0.187  1
RGI60-11.01980     1.31006   46.405918   10.634734   -0.478    0.164  1
RGI60-11.02012     1.30207   46.409470    8.305088   -1.535    0.301  1
RGI60-11.02544     1.30205   46.129617    7.888872   -0.409    0.162  1
RGI60-11.02775     1.29578   45.996434    7.052262   -0.957    0.196  1
RGI60-11.03733     1.29356   45.401344    7.173636   -0.743    0.190  1
RGI60-11.03887     1.27918   46.438022   11.865875   -0.645    0.228  1
RGI60-11.02872     1.26862   45.947957    7.526180   -1.139    0.239  1
RGI60-11.01765     1.26810   46.468249   10.712731   -0.918    0.193  1
RGI60-11.01302     1.26754   46.616657    8.886703   -0.713    0.188  1
RGI60-11.03649     1.26733   45.828173    6.798401   -0.462    0.170  1
RGI60-11.00663     1.26570   46.928379   10.916231   -0.806    0.182  1
RGI60-11.00220     1.26186   47.077541   12.276446   -0.307    0.159  1
RGI60-11.00590     1.25460   46.967521   11.253660   -0.843    0.204  1
RGI60-11.02607     1.25306   46.089298    7.841812   -0.293    0.157  1
RGI60-11.02910     1.25100   45.928762    7.918225   -0.624    0.216  1
RGI60-11.03569     1.25011   45.421605    6.767430   -0.665    0.167  1
RGI60-11.03014     1.25010   45.809062    6.872755   -0.210    0.159  1
RGI60-11.01173     1.24975   46.693805    9.968576   -0.846    0.220  1
RGI60-11.01556     1.24613   46.513684   10.537246   -0.225    0.158  1
RGI60-11.01786     1.24450   46.473275    7.859539   -0.783    0.186  1
RGI60-11.02771     1.24092   45.996916    7.469699   -0.861    0.214  1
RGI60-11.01545     1.23474   46.526896    8.125079   -0.656    0.173  1
RGI60-11.03272     1.22832   45.009751    6.282100   -0.475    0.279  1
RGI60-11.03686     1.22051   44.916994    6.348311   -0.386    0.161  1
RGI60-11.02640     1.20980   46.069069    7.343212   -0.893    0.196  1
RGI60-11.00080     1.18848   47.131622   12.596437   -0.722    0.202  1
RGI60-11.00189     1.18830   47.089815   12.316653   -0.337    0.166  1
RGI60-11.03553     1.18202   44.935489    6.445733   -0.678    0.187  1
RGI60-11.03101     1.17810   45.539792    7.279041   -0.364    0.151  1
RGI60-11.01935     1.17360   46.422572   10.279043   -0.896    0.224  1
RGI60-11.00408     1.17235   47.059157    9.695107   -1.255    0.275  1
RGI60-11.02293     1.17038   46.297390    9.616347   -0.187    0.169  1
RGI60-11.02534     1.16775   46.134073    7.745091   -0.544    0.167  1
RGI60-11.01666     1.16498   46.496307    7.909017   -0.435    0.206  1
RGI60-11.01948     1.16241   46.413577   10.607178   -0.571    0.166  1
RGI60-11.02669     1.15560   46.058787    7.729232   -0.841    0.205  1
RGI60-11.03384     1.15008   46.104160    6.885089   -0.721    0.213  1
RGI60-11.03772     1.14507   44.957504    6.438871   -0.651    0.186  1
RGI60-11.02939     1.14337   45.903553    7.250888   -0.738    0.206  1
RGI60-11.02680     1.14120   46.052551    7.596737   -0.606    0.171  1
RGI60-11.02464     1.13543   46.168662    7.987351   -0.386    0.164  1
RGI60-11.00691     1.11960   46.903489   10.219207   -0.985    0.264  1
RGI60-11.00551     1.11842   46.958036   12.147002   -1.106    0.217  1
RGI60-11.01663     1.11775   46.493050   10.537439   -0.634    0.179  1
RGI60-11.00697     1.11433   46.892359   10.818589   -0.721    0.194  1
RGI60-11.00720     1.11167   46.883735   10.878397   -0.741    0.179  1
RGI60-11.03103     1.11060   45.536430    7.262268   -0.579    0.179  1
RGI60-11.01527     1.10804   46.533616    9.139270   -0.979    0.229  1
RGI60-11.03437     1.10630   44.976299    6.331943   -0.676    0.253  1
RGI60-11.02706     1.10160   46.040368    7.598729   -0.377    0.163  1
RGI60-11.01006     1.08965   46.783613    8.512701   -0.689    0.209  1
RGI60-11.01041     1.08872   46.758403   10.886870   -1.047    0.203  1
RGI60-11.02734     1.08833   46.025373    7.594352   -0.465    0.170  1
RGI60-11.01760     1.08124   46.475455    7.732357   -0.550    0.381  1
RGI60-11.00200     1.07999   47.088255   12.302465   -0.276    0.160  1
RGI60-11.00782     1.07820   46.853030   10.964035   -0.748    0.188  1
RGI60-11.01582     1.07649   46.510108    7.794727   -1.354    0.251  1
RGI60-11.02726     1.07461   46.029575    7.656946   -0.446    0.161  1
RGI60-11.01587     1.07130   46.502471   10.501832   -0.732    0.199  1
RGI60-11.03174     1.06740   45.420226    7.163529   -0.590    0.192  1
RGI60-11.01753     1.06262   46.483324    9.054405   -1.355    0.250  1
RGI60-11.02525     1.05368   46.128897    6.907189   -0.843    0.202  1
RGI60-11.03013     1.05300   45.812387    6.885977   -0.069    0.151  1
RGI60-11.00593     1.05248   46.975738   10.808848   -0.938    0.201  1
RGI60-11.00538     1.05216   46.972208   11.713933   -0.611    0.199  1
RGI60-11.01738     1.04801   46.475361   10.597349   -0.773    0.198  1
RGI60-11.03731     1.04681   45.387436    7.156779   -0.846    0.232  1
RGI60-11.00826     1.04644   46.851871    8.864562   -1.404    0.309  1
RGI60-11.02864     1.04330   45.948783    7.049191   -0.676    0.191  1
RGI60-11.01623     1.03932   46.506181    8.192629   -1.281    0.310  1
RGI60-11.00981     1.03572   46.797829    8.834872   -0.765    0.214  1
RGI60-11.00535     1.03422   46.985906   11.068794   -0.864    0.201  1
RGI60-11.00924     1.03370   46.812175    8.787294   -0.830    0.244  1
RGI60-11.03389     1.03169   45.891649    6.889906   -0.926    0.206  1
RGI60-11.03734     1.03108   45.333872    7.087830   -0.521    0.167  1
RGI60-11.03561     1.03090   45.412515    6.857206   -0.523    0.179  1
RGI60-11.01715     1.02960   46.484040   10.546626   -0.788    0.189  1
RGI60-11.00836     1.02595   46.826368   11.069828   -0.902    0.237  1
RGI60-11.03640     1.02367   45.960960    7.005010   -0.460    0.179  1
RGI60-11.02754     1.01852   46.004854    6.998962   -0.647    0.167  1
RGI60-11.02634     1.01597   46.069474    7.358074   -0.881    0.188  1
RGI60-11.01224     1.01165   46.661168    8.419838   -0.678    0.242  1
RGI60-11.01338     1.00498   46.601523    8.418776   -1.049    0.267  1
RGI60-11.01208     1.00455   46.677374    8.389916   -0.715    0.193  1
RGI60-11.01261     0.99848   46.631458    8.364629   -0.582    0.185  1
RGI60-11.02165     0.99345   46.372883    7.804026   -1.014    0.206  1
RGI60-11.03527     0.98883   45.263847    6.984670   -0.551    0.189  1
RGI60-11.02168     0.98724   46.365202    7.374859   -1.024    0.236  1
RGI60-11.01166     0.98712   46.697154    9.989093   -0.801    0.179  1
RGI60-11.01902     0.98564   46.437605    8.017440   -0.844    0.202  1
RGI60-11.01165     0.98292   46.697693   10.004050   -0.907    0.181  1
RGI60-11.02803     0.97990   45.989701    7.824767   -0.708    0.210  1
RGI60-11.01934     0.97146   46.421629    7.671851   -0.870    0.269  1
RGI60-11.03657     0.97025   45.371364    6.991287   -0.810    0.208  1
RGI60-11.00852     0.96930   46.842347    8.495501   -0.787    0.218  1
RGI60-11.01215     0.96790   46.671096    8.412406   -0.471    0.183  1
RGI60-11.01379     0.96490   46.584290    8.034064   -0.520    0.166  1
RGI60-11.03614     0.96061   45.422099    6.855880   -1.421    0.288  1
RGI60-11.03254     0.95842   44.899800    6.407637   -0.392    0.231  1
RGI60-11.01857     0.95757   46.448025    7.788296   -0.994    0.220  1
RGI60-11.01746     0.95585   46.485456    9.068697   -0.520    0.193  1
RGI60-11.03520     0.95289   45.332686    6.767563   -0.525    0.183  1
RGI60-11.00844     0.95220   46.829060   10.875048   -0.749    0.200  1
RGI60-11.03452     0.94767   45.517333    6.876718   -0.479    0.167  1
RGI60-11.03547     0.94647   45.634138    6.989340   -0.990    0.259  1
RGI60-11.02968     0.94532   45.897894    7.859167   -0.803    0.201  1
RGI60-11.00674     0.94431   46.918471   10.926933   -0.513    0.167  1
RGI60-11.02678     0.94056   46.055035    7.706605   -0.585    0.165  1
RGI60-11.03656     0.93979   45.346539    6.978930   -0.919    0.235  1
RGI60-11.01790     0.93975   46.464273   10.700200   -0.771    0.177  1
RGI60-11.02901     0.92416   45.927021    7.290377   -0.252    0.159  1
RGI60-11.03558     0.91710   44.928997    6.458317   -0.737    0.204  1
RGI60-11.03605     0.91296   45.344029    6.957118   -0.716    0.200  1
RGI60-11.00014     0.91155   47.195255   12.682284   -0.650    0.192  1
RGI60-11.00213     0.90970   47.071552   12.708162   -0.555    0.218  1
RGI60-11.02914     0.90840   45.929549    7.704133   -0.640    0.171  1
RGI60-11.00006     0.90742   47.470803   13.630418   -0.610    0.213  1
RGI60-11.03464     0.90616   45.548024    6.973735   -1.042    0.202  1
RGI60-11.02536     0.90499   46.120567    6.907154   -1.086    0.254  1
RGI60-11.00906     0.90180   46.822267    8.810569   -0.985    0.246  1
RGI60-11.02590     0.90128   46.094536    7.694761   -0.621    0.177  1
RGI60-11.01943     0.89819   46.416910    7.541663   -0.761    0.234  1
RGI60-11.02925     0.89788   45.915302    7.410683   -0.570    0.171  1
RGI60-11.01234     0.89671   46.651010    8.431887   -0.596    0.201  1
RGI60-11.02851     0.89370   45.963297    7.621110   -1.031    0.234  1
RGI60-11.00223     0.89175   47.065194   12.693183   -0.846    0.211  1
RGI60-11.03660     0.88606   45.385149    6.907496   -0.484    0.178  1
RGI60-11.02627     0.88470   46.083483    7.836409   -0.413    0.164  1
RGI60-11.02261     0.88043   46.309192    7.200681   -0.574    0.171  1
RGI60-11.01688     0.87913   46.492463    7.889263   -0.861    0.231  1
RGI60-11.02652     0.87801   46.072266    7.855621   -0.314    0.172  1
RGI60-11.03303     0.87762   45.518102    6.994830   -0.643    0.173  1
RGI60-11.01769     0.87625   46.483681    9.101644   -0.419    0.208  1
RGI60-11.03699     0.86993   45.278612    7.129039   -0.620    0.186  1
RGI60-11.03693     0.86950   44.867811    6.314293   -0.851    0.269  1
RGI60-11.00885     0.86669   46.819342   10.768800   -0.718    0.193  1
RGI60-11.02197     0.86600   46.353769    7.368351   -0.858    0.192  1
RGI60-11.00003     0.85092   47.483483   13.596024   -0.801    0.224  1
RGI60-11.01635     0.84565   46.504519    9.037517   -0.832    0.254  1
RGI60-11.01505     0.84150   46.539842    8.451691   -0.993    0.236  1
RGI60-11.00603     0.84060   46.965553   11.224657   -1.404    0.296  1
RGI60-11.00286     0.83940   47.065874   12.221112   -0.629    0.242  1
RGI60-11.01024     0.83862   46.765316   10.895115   -0.577    0.176  1
RGI60-11.01203     0.83715   46.683050    8.448832   -0.763    0.204  1
RGI60-11.01387     0.83708   46.581621    8.114323   -0.263    0.174  1
RGI60-11.02695     0.83411   46.052271    7.864665   -0.539    0.182  1
RGI60-11.01920     0.83126   46.424479   10.610875   -0.635    0.197  1
RGI60-11.03292     0.82297   45.401804    6.814814   -0.436    0.174  1
RGI60-11.00848     0.82170   46.841354   10.070533   -1.159    0.265  1
RGI60-11.00386     0.81758   47.022589   12.213291   -0.473    0.185  1
RGI60-11.02357     0.81360   46.262183    9.740982   -0.583    0.213  1
RGI60-11.01968     0.81154   46.418213    9.891930   -0.748    0.240  1
RGI60-11.00834     0.81090   46.834147   10.955972   -0.879    0.207  1
RGI60-11.01111     0.81003   46.733410   10.737990   -0.942    0.206  1
RGI60-11.03791     0.80794   44.861503    6.215797   -1.624    0.378  1
RGI60-11.01766     0.80404   46.482073    9.082688   -0.731    0.215  1
RGI60-11.02268     0.80378   46.318544    9.678470   -0.703    0.191  1
RGI60-11.00343     0.79968   47.067941   11.116453   -0.467    0.171  1
RGI60-11.00345     0.79884   47.039220   12.266190   -0.488    0.178  1
RGI60-11.00251     0.79625   47.052995   12.947235   -0.856    0.225  1
RGI60-11.03120     0.79470   45.520682    7.313291   -0.634    0.235  1
RGI60-11.02691     0.78724   46.045325    7.363982   -0.734    0.198  1
RGI60-11.03118     0.78210   45.524050    7.379916   -0.839    0.222  1
RGI60-11.03184     0.78030   45.335851    7.141181   -0.559    0.184  1
RGI60-11.00975     0.77400   46.788419   10.677124   -0.828    0.195  1
RGI60-11.03659     0.77069   45.389464    6.925698   -0.789    0.205  1
RGI60-11.03625     0.75764   45.535147    6.870895   -0.700    0.183  1
RGI60-11.01567     0.75426   46.524560    8.466450   -0.708    0.227  1
RGI60-11.02760     0.75420   46.009923    7.397845   -0.867    0.201  1
RGI60-11.03312     0.75173   45.284894    7.051145   -0.222    0.168  1
RGI60-11.01549     0.74808   46.527329    9.704645   -0.775    0.220  1
RGI60-11.02078     0.74790   46.390741   10.218018   -0.991    0.235  1
RGI60-11.00828     0.74457   46.850702    8.506803   -0.956    0.272  1
RGI60-11.02483     0.74070   46.156085    7.742085   -0.736    0.196  1
RGI60-11.03724     0.73746   45.421437    7.075696   -0.725    0.248  1
RGI60-11.03536     0.73403   45.108280    6.322128   -0.609    0.196  1
RGI60-11.03664     0.73114   45.408993    6.805030   -1.171    0.265  1
RGI60-11.01489     0.73019   46.549174    8.202170   -0.701    0.208  1
RGI60-11.02628     0.72990   46.081909    8.018789   -0.728    0.218  1
RGI60-11.02750     0.72690   46.004661    7.009371   -0.493    0.171  1
RGI60-11.02964     0.72678   45.896355    7.367763   -0.795    0.221  1
RGI60-11.00114     0.72232   47.129748   12.245335   -0.520    0.193  1
RGI60-11.03263     0.71934   45.938867    6.952654   -0.413    0.184  1
RGI60-11.03690     0.71741   44.796468    6.318122    0.422    0.755  1
RGI60-11.03377     0.71700   45.364006    6.787490   -0.510    0.177  1
RGI60-11.02861     0.71460   45.957428    7.608931   -0.409    0.194  1
RGI60-11.00604     0.71296   46.965159   11.137544   -0.919    0.237  1
RGI60-11.02443     0.71271   46.178115   10.526840   -1.706    0.337  1
RGI60-11.03650     0.71179   45.815180    6.782641   -0.330    0.188  1
RGI60-11.01038     0.71066   46.774769    8.423582   -0.678    0.241  1
RGI60-11.02432     0.71036   46.191787    7.985417   -0.706    0.194  1
RGI60-11.00979     0.71000   46.794928    8.949560   -1.027    0.290  1
RGI60-11.03726     0.70757   45.422574    7.064309   -0.682    0.204  1
RGI60-11.00072     0.70661   47.134196   12.661102   -0.992    0.288  1
RGI60-11.03627     0.69570   44.997721    6.314018   -0.538    0.223  1
RGI60-11.03002     0.69120   45.841582    6.926211   -0.431    0.169  1
RGI60-11.01435     0.69104   46.569990    8.160565   -0.502    0.187  1
RGI60-11.01710     0.68925   46.490682    8.089160   -0.754    0.222  1
RGI60-11.01669     0.68849   46.494091   10.494683   -1.188    0.269  1
RGI60-11.02827     0.68576   45.973416    7.401395   -0.526    0.176  1
RGI60-11.01046     0.68460   46.769864    8.452637   -0.817    0.260  1
RGI60-11.00364     0.68434   47.059476   11.116586   -0.749    0.206  1
RGI60-11.01019     0.68334   46.779536    8.430530   -0.509    0.221  1
RGI60-11.03347     0.68093   45.335823    6.949087   -0.702    0.201  1
RGI60-11.00923     0.68085   46.816907    8.884009   -0.886    0.236  1
RGI60-11.03796     0.68059   44.865264    6.202825   -3.460    0.572  1
RGI60-11.02600     0.68021   46.084086    7.308082   -0.993    0.224  1
RGI60-11.03539     0.67585   45.232099    7.088210   -1.174    0.269  1
RGI60-11.02474     0.67573   46.162417    8.001180   -0.522    0.188  1
RGI60-11.02512     0.67500   46.145277    8.015093   -0.485    0.279  1
RGI60-11.00919     0.67410   46.802712   10.847246   -0.753    0.193  1
RGI60-11.03809     0.67286   45.260243    6.602315   -0.467    0.189  1
RGI60-11.02970     0.67232   45.896477    7.869121   -1.130    0.226  1
RGI60-11.01928     0.67177   46.423464    7.708464   -1.354    0.325  1
RGI60-11.03319     0.66916   44.965526    6.320029   -0.620    0.262  1
RGI60-11.02670     0.66870   46.063098    7.851326   -0.414    0.179  1
RGI60-11.03488     0.66620   46.119094    6.889616   -0.851    0.242  1
RGI60-11.00695     0.66498   46.910476    9.248250   -1.050    0.315  1
RGI60-11.02419     0.66445   46.220409   10.678370   -1.314    0.278  1
RGI60-11.03146     0.66420   45.506797    7.273983   -0.882    0.267  1
RGI60-11.01336     0.66344   46.599219    8.365790   -0.557    0.214  1
RGI60-11.00893     0.66223   46.813129   11.028960   -0.719    0.193  1
RGI60-11.02448     0.66098   46.166552    6.937151   -0.990    0.230  1
RGI60-11.01522     0.66078   46.534875    8.476058   -1.096    0.266  1
RGI60-11.00817     0.66046   46.854056    8.908217   -1.219    0.263  1
RGI60-11.02095     0.65970   46.386771    7.565413   -0.916    0.220  1
RGI60-11.00628     0.65962   46.924083   12.145629   -1.091    0.252  1
RGI60-11.00423     0.65799   47.019875   11.902933   -0.258    0.203  1
RGI60-11.00991     0.65610   46.779323   10.736547   -0.745    0.199  1
RGI60-11.00793     0.65461   46.858386   10.190432   -0.978    0.222  1
RGI60-11.00841     0.65082   46.828583   11.091392   -0.697    0.228  1
RGI60-11.00021     0.64446   47.176611   12.767533   -0.719    0.246  1
RGI60-11.02198     0.64354   46.351494    7.340480   -0.864    0.224  1
RGI60-11.00245     0.64169   47.104696   11.017550   -1.015    0.239  1
RGI60-11.03000     0.64080   45.850678    6.954619   -0.495    0.188  1
RGI60-11.00338     0.64058   47.052065   11.986742   -0.393    0.242  1
RGI60-11.03102     0.64021   45.533418    6.997204   -0.737    0.201  1
RGI60-11.01757     0.63790   46.478128    7.745290   -0.749    0.240  1
RGI60-11.02208     0.63774   46.353326    9.779673   -0.393    0.197  1
RGI60-11.00289     0.63530   47.042052   12.970161   -1.051    0.295  1
RGI60-11.01868     0.63360   46.451781    8.471673   -1.191    0.328  1
RGI60-11.03685     0.63323   44.882747    6.364251   -0.546    0.198  1
RGI60-11.01176     0.63090   46.693979    8.389289   -0.783    0.258  1
RGI60-11.00323     0.63090   47.075289   11.094089   -0.753    0.209  1
RGI60-11.00095     0.62852   47.123170   12.588433   -0.536    0.199  1
RGI60-11.00925     0.62590   46.801386   10.698980   -0.508    0.201  1
RGI60-11.02151     0.62380   46.374026   10.586744   -1.035    0.274  1
RGI60-11.00954     0.62285   46.806738    8.744333   -0.781    0.240  1
RGI60-11.03208     0.62191   42.639458    0.648787   -0.737    0.238  1
RGI60-11.03579     0.62116   45.819156    6.801321   -0.556    0.234  1
RGI60-11.00370     0.62010   47.039495   11.918347   -0.041    0.229  1
RGI60-11.01737     0.61920   46.477450   10.584923   -0.753    0.244  1
RGI60-11.01524     0.61320   46.526460   10.641120   -0.708    0.188  1
RGI60-11.02011     0.61255   46.408884    9.895804   -1.135    0.295  1
RGI60-11.02578     0.61172   46.105914    8.040721    0.357    0.298  1
RGI60-11.00411     0.61081   47.043089   11.146319   -0.664    0.208  1
RGI60-11.02440     0.60856   46.183992    7.988620   -0.636    0.207  1
RGI60-11.00976     0.60807   46.801303    8.965637   -0.482    0.217  1
RGI60-11.02930     0.60509   45.912890    7.363730   -0.585    0.175  1
RGI60-11.03601     0.60247   45.808530    6.778587   -0.272    0.171  1
RGI60-11.01701     0.60191   46.497200    9.033097   -0.412    0.205  1
RGI60-11.00505     0.60142   47.013287   10.182652   -0.914    0.231  1
RGI60-11.01564     0.60090   46.515015   10.459951   -0.807    0.232  1
RGI60-11.02781     0.60074   45.991774    7.266110   -0.704    0.247  1
RGI60-11.03295     0.59963   45.416116    6.841697   -0.772    0.210  1
RGI60-11.03688     0.59908   44.844741    6.317541   -0.928    0.339  1
RGI60-11.03190     0.59670   45.326206    7.132953   -0.604    0.185  1
RGI60-11.00450     0.59220   47.027620   11.111708   -0.604    0.188  1
RGI60-11.02007     0.59125   46.408281    7.916141   -0.742    0.207  1
RGI60-11.03077     0.59040   45.568801    7.090377   -1.011    0.235  1
RGI60-11.00511     0.58949   46.983755   11.776688   -0.524    0.221  1
RGI60-11.00574     0.58595   46.983019   10.806690   -0.926    0.307  1
RGI60-11.00078     0.58375   47.139151   12.324280   -0.452    0.199  1
RGI60-11.00360     0.58367   47.060062   11.157496   -0.803    0.221  1
RGI60-11.00120     0.58297   47.125668   12.235459   -0.719    0.207  1
RGI60-11.00104     0.58197   47.138570   12.103157   -0.411    0.196  1
RGI60-11.01743     0.58128   46.483851    8.093922   -0.958    0.230  1
RGI60-11.03758     0.58089   45.131074    6.133108   -0.712    0.276  1
RGI60-11.00777     0.58050   46.870923    9.072980   -0.999    0.277  1
RGI60-11.03587     0.57998   44.999006    6.295834   -0.858    0.316  1
RGI60-11.02488     0.57787   46.158223    8.016085   -0.512    0.266  1
RGI60-11.02308     0.57511   46.297384    9.719724   -0.343    0.181  1
RGI60-11.02838     0.57443   45.962388    7.068778   -0.912    0.280  1
RGI60-11.03645     0.57382   45.905706    6.911252   -0.668    0.283  1
RGI60-11.03524     0.57347   45.305062    7.112370   -0.526    0.221  1
RGI60-11.03689     0.57292   44.802911    6.332367   -0.357    0.248  1
RGI60-11.00894     0.57286   46.831734    8.835050   -0.751    0.232  1
RGI60-11.00025     0.57076   47.164850   12.750828   -0.590    0.240  1
RGI60-11.03484     0.56596   45.272050    6.973313   -0.562    0.188  1
RGI60-11.02291     0.56510   46.301373    8.128703   -0.922    0.269  1
RGI60-11.00766     0.56430   46.858510   10.977886   -0.589    0.190  1
RGI60-11.00101     0.56408   47.136748   12.233631   -0.508    0.210  1
RGI60-11.01755     0.56406   46.475694   10.557557   -0.656    0.198  1
RGI60-11.01704     0.56364   46.483834   10.771039   -0.937    0.239  1
RGI60-11.01288     0.56340   46.622688    8.261048   -0.824    0.268  1
RGI60-11.03572     0.56296   45.009598    6.327770   -0.723    0.251  1
RGI60-11.00558     0.56276   47.000234    9.006202   -0.917    0.309  1
RGI60-11.01656     0.56159   46.497604    7.785213   -0.325    0.187  1
RGI60-11.00917     0.56094   46.802237   11.033927   -0.583    0.181  1
RGI60-11.02207     0.56014   46.349068    7.323272   -0.829    0.229  1
RGI60-11.00988     0.55993   46.794328    8.919391   -0.754    0.233  1
RGI60-11.03518     0.55963   45.901338    6.901018   -0.707    0.217  1
RGI60-11.02366     0.55925   46.254382    8.095293   -0.640    0.244  1
RGI60-11.03843     0.55719   46.465562    9.280437   -0.754    0.242  1
RGI60-11.02929     0.55530   45.921338    7.909656   -0.803    0.268  1
RGI60-11.03451     0.55416   45.298224    6.723960   -0.363    0.170  1
RGI60-11.00689     0.55246   46.917061    9.255349   -0.784    0.258  1
RGI60-11.03700     0.55203   45.362515    6.980133   -0.563    0.216  1
RGI60-11.00659     0.55159   46.904495   12.120083   -1.190    0.310  1
RGI60-11.01690     0.54971   46.495559    8.081416   -0.759    0.206  1
RGI60-11.03652     0.54964   45.640864    6.984618   -0.748    0.208  1
RGI60-11.02486     0.54921   46.151799   10.598445   -0.774    0.224  1
RGI60-11.00497     0.54903   47.007987   10.917058   -0.681    0.203  1
RGI60-11.02883     0.54810   45.948871    7.889430   -0.767    0.303  1
RGI60-11.03107     0.54630   45.537582    7.403249   -0.639    0.251  1
RGI60-11.00940     0.54506   46.797012   10.687640   -0.653    0.245  1
RGI60-11.00755     0.54270   46.875482   10.147843   -1.164    0.253  1
RGI60-11.01500     0.54143   46.543081    8.197157   -0.792    0.201  1
RGI60-11.00803     0.54090   46.859139    9.050975   -1.308    0.419  1
RGI60-11.01068     0.54021   46.767494    8.824195   -1.144    0.349  1
RGI60-11.02450     0.54000   46.176909    7.744831   -0.848    0.261  1
RGI60-11.01318     0.53899   46.609005    8.086554   -0.602    0.233  1
RGI60-11.02776     0.53816   46.007841    7.897661   -0.081    0.161  1
RGI60-11.02730     0.53640   46.029708    7.600538   -0.214    0.191  1
RGI60-11.02069     0.53640   46.398396    9.941944   -0.776    0.198  1
RGI60-11.00227     0.53463   47.077876   12.311511   -0.692    0.217  1
RGI60-11.00373     0.53442   47.033368   12.198231   -0.515    0.204  1
RGI60-11.00701     0.53405   46.893346   10.837599   -0.359    0.186  1
RGI60-11.01629     0.53266   46.505539    7.925231   -0.262    0.239  1
RGI60-11.03393     0.53211   45.241248    7.006823   -0.631    0.213  1
RGI60-11.00905     0.53209   46.806524   10.963062   -0.498    0.184  1
RGI60-11.02769     0.53173   46.012758    7.913966   -0.654    0.200  1
RGI60-11.00822     0.53100   46.841682   10.809209   -0.749    0.215  1
RGI60-11.00962     0.53010   46.788403   10.909171   -0.679    0.215  1
RGI60-11.01648     0.52805   46.501897    7.918701   -0.286    0.232  1
RGI60-11.00391     0.52650   47.031667   11.905258   -0.247    0.230  1
RGI60-11.01770     0.52576   46.477512    7.893400   -1.010    0.250  1
RGI60-11.03090     0.52560   45.548779    7.265477   -0.637    0.199  1
RGI60-11.00577     0.52454   46.973952   11.228620   -1.101    0.262  1
RGI60-11.02353     0.52418   46.277284    9.764001   -0.855    0.326  1
RGI60-11.02094     0.52414   46.385473   10.534211   -0.805    0.224  1
RGI60-11.03705     0.52352   45.139996    6.128874   -1.003    0.287  1
RGI60-11.00041     0.52345   47.151071   12.751991   -0.249    0.184  1
RGI60-11.01952     0.52232   46.422945    8.465846   -0.741    0.256  1
RGI60-11.00860     0.52213   46.828763   10.783520   -0.906    0.248  1
RGI60-11.01145     0.52200   46.718209    8.477694   -0.777    0.240  1
RGI60-11.00094     0.51920   47.138051   12.117316   -0.382    0.225  1
RGI60-11.03022     0.51840   45.770388    6.814081   -0.799    0.230  1
RGI60-11.00204     0.51750   47.116653   11.073181   -0.872    0.229  1
RGI60-11.03084     0.51570   45.559233    7.278942   -0.636    0.182  1
RGI60-11.01762     0.51541   46.479610    8.099194   -0.454    0.190  1
RGI60-11.00880     0.51480   46.830364   10.077431   -0.841    0.236  1
RGI60-11.01258     0.51390   46.637097    8.182614   -0.719    0.255  1
RGI60-11.01906     0.51353   46.438602    7.959392   -1.105    0.254  1
RGI60-11.00172     0.51309   47.081965   12.932537   -0.797    0.293  1
RGI60-11.00263     0.51190   47.072860   12.224821   -0.638    0.219  1
RGI60-11.03280     0.51163   45.859741    6.821723   -0.477    0.212  1
RGI60-11.00133     0.51145   47.104040   12.746590   -0.727    0.296  1
RGI60-11.02785     0.51057   45.988560    7.276806   -0.633    0.214  1
RGI60-11.01488     0.51044   46.549181    8.185758   -0.687    0.239  1
RGI60-11.02629     0.50760   46.079442    7.583760   -0.772    0.226  1
RGI60-11.01716     0.50670   46.488259    7.762160   -0.242    0.186  1
RGI60-11.00246     0.50350   47.064330   12.587172   -0.857    0.242  1
RGI60-11.03376     0.50263   45.487402    6.784572   -0.425    0.174  1
RGI60-11.00514     0.50220   47.001950   10.918658   -0.776    0.218  1
RGI60-11.03588     0.50213   44.946650    6.436146   -0.630    0.233  1
RGI60-11.03270     0.49982   44.891294    6.391240   -0.735    0.234  1
RGI60-11.00784     0.49817   46.863704   10.093562   -1.254    0.287  1
RGI60-11.01888     0.49471   46.435988   10.610086   -0.873    0.248  1
RGI60-11.00471     0.49410   47.002630   11.837230   -0.012    0.209  1
RGI60-11.01076     0.49405   46.764713    8.479780   -0.912    0.275  1
RGI60-11.03658     0.49359   45.368777    7.004964   -1.171    0.260  1
RGI60-11.02154     0.49329   46.379922    9.821635   -0.266    0.183  1
RGI60-11.03166     0.49050   45.475702    7.220401   -0.894    0.269  1
RGI60-11.01575     0.49050   46.507897   10.785576   -0.793    0.259  1
RGI60-11.02484     0.49050   46.154882   10.484933   -0.562    0.200  1
RGI60-11.02804     0.49024   45.992002    7.912652   -0.921    0.262  1
RGI60-11.01383     0.49014   46.588089    8.698678   -0.822    0.238  1
RGI60-11.00463     0.48870   47.027102   10.811858   -0.772    0.218  1
RGI60-11.02472     0.48843   46.161905   10.498796   -1.223    0.293  1
RGI60-11.03261     0.48519   45.517098    6.882781   -0.554    0.201  1
RGI60-11.03359     0.48347   45.531389    6.852805   -0.395    0.187  1
RGI60-11.03380     0.48204   44.899446    6.164706   -0.651    0.527  1
RGI60-11.01419     0.48203   46.571027    8.076324   -0.643    0.258  1
RGI60-11.03695     0.48163   44.882572    6.194006   -1.295    0.679  1
RGI60-11.03697     0.47624   44.910300    6.134300   -1.082    0.393  1
RGI60-11.02598     0.47448   46.091386    7.726455   -1.205    0.297  1
RGI60-11.02073     0.47436   46.394645    7.837055   -0.518    0.215  1
RGI60-11.03067     0.47250   45.603493    7.263979   -0.338    0.177  1
RGI60-11.00257     0.47070   47.087446   11.708636   -0.352    0.219  1
RGI60-11.03266     0.46932   45.159955    6.141983   -1.032    0.286  1
RGI60-11.00774     0.46922   46.868334   10.077374   -0.826    0.235  1
RGI60-11.00301     0.46895   47.060682   12.230290   -0.575    0.204  1
RGI60-11.02673     0.46799   46.058128    7.602520   -0.138    0.161  1
RGI60-11.02663     0.46766   46.061979    7.439954   -0.438    0.176  1
RGI60-11.00457     0.46710   47.022853   11.101171   -0.915    0.227  1
RGI60-11.03378     0.46609   45.132580    6.853380   -0.888    0.313  1
RGI60-11.00089     0.46524   47.146577   12.073862   -0.487    0.241  1
RGI60-11.00732     0.46443   46.881528   10.784437   -0.904    0.226  1
RGI60-11.01143     0.46440   46.710582   10.410294   -0.943    0.232  1
RGI60-11.00188     0.46261   47.075258   12.942645   -0.432    0.200  1
RGI60-11.03156     0.45990   45.491539    7.234829   -0.567    0.198  1
RGI60-11.02187     0.45912   46.360112    7.377838   -0.645    0.193  1
RGI60-11.00673     0.45866   46.922145   10.790964   -0.579    0.199  1
RGI60-11.02552     0.45810   46.127870    8.042344    0.021    0.229  1
RGI60-11.03682     0.45744   44.958796    6.383103   -0.269    0.216  1
RGI60-11.03681     0.45497   44.974035    6.257295   -0.123    0.361  1
RGI60-11.01962     0.45450   46.418974    9.824297   -0.434    0.230  1
RGI60-11.02813     0.45450   45.976155    7.288146   -0.628    0.224  1
RGI60-11.02389     0.45426   46.240690    8.078789   -0.755    0.232  1
RGI60-11.03262     0.45368   45.511657    6.861495   -0.435    0.187  1
RGI60-11.00819     0.45281   46.854737    8.917397   -1.075    0.367  1
RGI60-11.01266     0.45270   46.635061    8.960442   -0.831    0.280  1
RGI60-11.00904     0.45180   46.809587   10.854045   -0.639    0.214  1
RGI60-11.03116     0.45180   45.522643    7.050250   -0.730    0.265  1
RGI60-11.03767     0.45063   44.962817    6.266936   -0.944    0.338  1
RGI60-11.03232     0.44935   42.771134   -0.141737   -1.168    0.320  1
RGI60-11.00634     0.44910   46.940727   11.206717   -0.990    0.247  1
RGI60-11.01492     0.44910   46.550242    8.419069   -0.746    0.232  1
RGI60-11.00326     0.44900   47.016216   13.310917   -0.542    0.231  1
RGI60-11.02591     0.44733   46.094213    7.737494   -1.058    0.311  1
RGI60-11.03522     0.44664   45.282775    6.615716   -0.879    0.300  1
RGI60-11.02870     0.44640   45.958089    7.885883   -0.709    0.261  1
RGI60-11.02904     0.44640   45.932456    7.334648   -1.025    0.251  1
RGI60-11.01773     0.44536   46.471806   10.567653   -0.693    0.222  1
RGI60-11.00312     0.44370   47.063508   11.977821    0.141    0.216  1
RGI60-11.02242     0.44280   46.338539    9.915257   -0.866    0.252  1
RGI60-11.03364     0.44210   44.875568    6.355351   -0.609    0.282  1
RGI60-11.03489     0.44125   44.830351    6.328051   -0.395    0.228  1
RGI60-11.00868     0.44037   46.832957   10.107198   -1.493    0.460  1
RGI60-11.02196     0.43852   46.363907    9.876265   -0.704    0.220  1
RGI60-11.02223     0.43740   46.348098    9.799183   -0.674    0.271  1
RGI60-11.00627     0.43730   46.924399   12.153506   -0.420    0.215  1
RGI60-11.00587     0.43706   46.971914   11.201514   -0.389    0.185  1
RGI60-11.01269     0.43408   46.630500    8.269446   -0.758    0.313  1
RGI60-11.00998     0.43377   46.790996    8.837799   -1.362    0.344  1
RGI60-11.00637     0.43370   46.917035   12.135408   -0.762    0.256  1
RGI60-11.01030     0.43110   46.775962    8.443193   -0.887    0.318  1
RGI60-11.00074     0.43030   47.142400   12.380549   -0.421    0.216  1
RGI60-11.01048     0.42849   46.772367    8.475674   -1.182    0.326  1
RGI60-11.03298     0.42841   44.913399    6.118994   -1.307    0.328  1
RGI60-11.01070     0.42828   46.766132    8.465518   -0.809    0.254  1
RGI60-11.00731     0.42821   46.879780   10.855434   -0.923    0.301  1
RGI60-11.00931     0.42756   46.814222    8.922826   -0.350    0.233  1
RGI60-11.01803     0.42530   46.469739    7.885414   -1.048    0.302  1
RGI60-11.03639     0.42447   45.950507    6.951980   -0.633    0.247  1
RGI60-11.00892     0.42290   46.832975    8.988714   -0.838    0.278  1
RGI60-11.00379     0.42228   47.029019   12.212513   -0.330    0.207  1
RGI60-11.02426     0.42210   46.204043    7.084050   -0.950    0.313  1
RGI60-11.00778     0.42052   46.865082   10.184507   -0.806    0.252  1
RGI60-11.03644     0.42052   45.882596    6.893666   -0.675    0.328  1
RGI60-11.03028     0.41914   45.714931    6.824513   -0.517    0.208  1
RGI60-11.02855     0.41850   45.955291    7.069119   -1.192    0.344  1
RGI60-11.00944     0.41671   46.796432   10.953605   -0.591    0.186  1
RGI60-11.00588     0.41652   46.973401   11.112720   -0.936    0.230  1
RGI60-11.00862     0.41471   46.825489   10.952734   -0.898    0.262  1
RGI60-11.00168     0.41439   47.102128   12.306421   -0.761    0.291  1
RGI60-11.02675     0.41344   46.056474    7.440977   -0.651    0.236  1
RGI60-11.00764     0.41311   46.872552   10.087316   -0.890    0.264  1
RGI60-11.03732     0.41293   45.391186    7.170233   -1.078    0.272  1
RGI60-11.01642     0.41212   46.508394    9.372416   -1.005    0.301  1
RGI60-11.02860     0.41140   45.960806    7.436813   -0.821    0.233  1
RGI60-11.00504     0.41135   46.987341   11.814937   -0.753    0.310  1
RGI60-11.03027     0.41130   45.724776    6.814375   -0.856    0.254  1
RGI60-11.02526     0.40937   46.143880    8.000782   -0.530    0.196  1
RGI60-11.03493     0.40818   44.911230    6.286000   -0.797    0.354  1
RGI60-11.00937     0.40796   46.800095   10.785758   -0.467    0.181  1
RGI60-11.00739     0.40716   46.871689   10.974759   -0.467    0.214  1
RGI60-11.01956     0.40680   46.421298    7.879210   -1.113    0.359  1
RGI60-11.01800     0.40602   46.474929    8.037510   -0.846    0.280  1
RGI60-11.00221     0.40576   47.110202   11.027745   -0.497    0.216  1
RGI60-11.01181     0.40562   46.690866    9.949549   -0.676    0.249  1
RGI60-11.02465     0.40511   46.164076   10.508948   -0.386    0.185  1
RGI60-11.02818     0.40479   45.975854    7.322565   -0.120    0.186  1
RGI60-11.03284     0.40471   45.926792    6.956462   -0.377    0.212  1
RGI60-11.01588     0.40419   46.514114    7.850264   -0.678    0.257  1
RGI60-11.00362     0.40374   47.052019   11.649728   -0.437    0.270  1
RGI60-11.01971     0.40320   46.412920    7.571970   -0.908    0.256  1
RGI60-11.01619     0.40127   46.508639    8.009347   -0.830    0.240  1
RGI60-11.03100     0.39870   45.541363    7.353507   -0.485    0.212  1
RGI60-11.03367     0.39777   45.347761    7.090190   -0.834    0.289  1
RGI60-11.00928     0.39601   46.799340   10.965350   -0.449    0.193  1
RGI60-11.01290     0.39597   46.625006    8.924091   -0.306    0.228  1
RGI60-11.00791     0.39472   46.863375   10.077264   -0.896    0.260  1
RGI60-11.02039     0.39423   46.395990   10.545737   -0.674    0.275  1
RGI60-11.00857     0.39331   46.843579    8.853973   -0.629    0.231  1
RGI60-11.00066     0.39229   47.146210   12.394469   -0.875    0.284  1
RGI60-11.03411     0.39165   45.426460    6.757928   -0.763    0.269  1
RGI60-11.00632     0.39150   46.953911   10.789183   -1.064    0.273  1
RGI60-11.00353     0.38913   47.054299   11.673690   -0.962    0.364  1
RGI60-11.01848     0.38847   46.454886    7.783007   -0.659    0.207  1
RGI60-11.02504     0.38807   46.148010    7.673773   -0.637    0.256  1
RGI60-11.02142     0.38802   46.386274    9.426421   -0.420    0.206  1
RGI60-11.01104     0.38611   46.750017    8.772583   -0.784    0.281  1
RGI60-11.02643     0.38610   46.076662    7.848727   -0.547    0.217  1
RGI60-11.01116     0.38610   46.725890   10.977755   -0.669    0.213  1
RGI60-11.03356     0.38591   45.954572    7.008636   -0.290    0.187  1
RGI60-11.01748     0.38577   46.483196    7.883277   -0.247    0.220  1
RGI60-11.01283     0.38520   46.626690    8.934543   -1.151    0.341  1
RGI60-11.00809     0.38481   46.851798   10.179344   -0.907    0.258  1
RGI60-11.01745     0.38429   46.482328    7.756849   -0.328    0.220  1
RGI60-11.01824     0.38340   46.470263    8.505812   -1.288    0.345  1
RGI60-11.00550     0.38340   46.980411   11.252909   -0.688    0.263  1
RGI60-11.02415     0.38160   46.223280   10.595469   -0.850    0.277  1
RGI60-11.00028     0.38116   47.163050   12.678492   -0.451    0.215  1
RGI60-11.03506     0.38072   45.419721    7.149077   -0.475    0.207  1
RGI60-11.02583     0.37933   46.101599    7.880359   -0.648    0.262  1
RGI60-11.03478     0.37893   45.268054    6.964889   -0.608    0.218  1
RGI60-11.03258     0.37799   45.895264    6.994808   -0.590    0.260  1
RGI60-11.02102     0.37576   46.384685   10.542491   -0.747    0.225  1
RGI60-11.01839     0.37530   46.452897   10.510487   -0.904    0.272  1
RGI60-11.01033     0.37403   46.777833    8.492315   -0.487    0.225  1
RGI60-11.02859     0.37396   45.955539    7.052491   -0.427    0.203  1
RGI60-11.03361     0.37312   44.937203    6.109234   -0.516    0.311  1
RGI60-11.03086     0.37305   45.557462    7.289725   -0.443    0.181  1
RGI60-11.02599     0.37260   46.086805    7.321448   -1.010    0.270  1
RGI60-11.00730     0.37248   46.891547   10.035835   -1.014    0.342  1
RGI60-11.01925     0.37015   46.428586    7.894494   -0.707    0.273  1
RGI60-11.03290     0.36809   45.860828    6.830541   -0.528    0.271  1
RGI60-11.01605     0.36780   46.509670    7.931723   -0.419    0.228  1
RGI60-11.02232     0.36733   46.344829    9.788934   -0.192    0.242  1
RGI60-11.01078     0.36546   46.763755    8.537226   -1.142    0.404  1
RGI60-11.00167     0.36463   47.074805   13.234179   -0.489    0.261  1
RGI60-11.03045     0.36406   45.655500    7.025219   -0.803    0.237  1
RGI60-11.03609     0.36350   45.771603    6.762118   -0.809    0.243  1
RGI60-11.00745     0.36337   46.870474   10.967106   -0.744    0.224  1
RGI60-11.00870     0.36322   46.834658   10.062972   -1.138    0.297  1
RGI60-11.00855     0.36307   46.824147   11.027615   -0.508    0.200  1
RGI60-11.00884     0.36270   46.833324    8.814940   -1.065    0.324  1
RGI60-11.01263     0.36092   46.634972    8.973840   -0.884    0.303  1
RGI60-11.02580     0.36090   46.103041    7.699502   -0.505    0.200  1
RGI60-11.03052     0.36076   45.631942    7.020999   -0.764    0.269  1
RGI60-11.03019     0.36060   45.796597    6.817778   -0.130    0.242  1
RGI60-11.03348     0.36055   45.282088    7.066566   -0.372    0.189  1
RGI60-11.00348     0.36035   47.058011   11.650686   -0.476    0.262  1
RGI60-11.02356     0.36000   46.256947    7.158963   -1.378    0.329  1
RGI60-11.02786     0.35879   45.988945    7.049823   -1.016    0.241  1
RGI60-11.03666     0.35778   45.375806    6.795463   -0.730    0.254  1
RGI60-11.00480     0.35547   47.014048   10.916257   -0.755    0.275  1
RGI60-11.01817     0.35482   46.470521    8.042564   -0.682    0.265  1
RGI60-11.02729     0.35465   46.032332    7.670824   -0.671    0.239  1
RGI60-11.02050     0.35460   46.401471    7.943714   -1.062    0.294  1
RGI60-11.00652     0.35370   46.932750   11.122322   -0.783    0.260  1
RGI60-11.02920     0.35370   45.920722    7.577598   -0.891    0.313  1
RGI60-11.02897     0.35344   45.938132    7.579156   -0.354    0.208  1
RGI60-11.00800     0.35100   46.863469    8.917436   -0.689    0.246  1
RGI60-11.03246     0.35061   47.416763   10.984429   -0.004    0.183  1
RGI60-11.03468     0.35023   45.764732    6.762781   -0.938    0.279  1
RGI60-11.02024     0.34923   46.408275    9.823691   -0.785    0.263  1
RGI60-11.03038     0.34920   45.671356    7.021287   -1.023    0.266  1
RGI60-11.03552     0.34860   45.271203    6.631785   -0.659    0.220  1
RGI60-11.02299     0.34838   46.300795    9.666703   -0.517    0.210  1
RGI60-11.01833     0.34740   46.465444    8.042514   -0.809    0.259  1
RGI60-11.03447     0.34701   44.953226    6.371656   -0.222    0.287  1
RGI60-11.01742     0.34650   46.482788    7.773962   -0.442    0.256  1
RGI60-11.02244     0.34641   46.326996    7.213081   -1.062    0.287  1
RGI60-11.03135     0.34436   45.518055    7.389842   -1.129    0.308  1
RGI60-11.01453     0.34200   46.549709   10.643041   -1.036    0.304  1
RGI60-11.00380     0.34113   47.053777   11.149549   -0.902    0.281  1
RGI60-11.00152     0.34102   47.113920   12.130373   -0.458    0.264  1
RGI60-11.01894     0.34076   46.440718    7.775868   -0.879    0.286  1
RGI60-11.00684     0.33964   46.909695   10.780472   -0.967    0.319  1
RGI60-11.02840     0.33951   45.965429    7.321805   -0.308    0.188  1
RGI60-11.03505     0.33932   44.967981    6.336201   -0.590    0.332  1
RGI60-11.00098     0.33886   47.141821   12.092406   -0.334    0.202  1
RGI60-11.01255     0.33871   46.639881    8.358690   -0.358    0.201  1
RGI60-11.02121     0.33845   46.384960    7.824125   -1.111    0.299  1
RGI60-11.01923     0.33840   46.432384    7.990708   -0.796    0.271  1
RGI60-11.01814     0.33660   46.460212   10.691313   -0.416    0.196  1
RGI60-11.00773     0.33619   46.870433   10.133515   -1.017    0.291  1
RGI60-11.01202     0.33579   46.686679    8.389073   -0.568    0.268  1
RGI60-11.03535     0.33431   45.431482    6.873775   -0.452    0.247  1
RGI60-11.02710     0.33429   46.038070    7.369698   -0.542    0.203  1
RGI60-11.02136     0.33339   46.387305    8.309433   -0.902    0.323  1
RGI60-11.00643     0.33300   46.942512   10.790926   -0.635    0.235  1
RGI60-11.01958     0.33246   46.415476    7.689740   -0.860    0.364  1
RGI60-11.03584     0.33240   46.029313    6.862134   -1.394    0.561  1
RGI60-11.01915     0.33210   46.433460   10.121500   -1.104    0.371  1
RGI60-11.02284     0.33210   46.312126    9.729141   -0.745    0.240  1
RGI60-11.01177     0.33140   46.696960    8.464216   -0.664    0.269  1
RGI60-11.01873     0.33120   46.452577    9.260805   -0.260    0.222  1
RGI60-11.00526     0.33093   47.006441   10.185378   -0.921    0.245  1
RGI60-11.03108     0.33030   45.533517    7.154824   -0.449    0.224  1
RGI60-11.02724     0.33030   46.028740    7.371863   -0.414    0.208  1
RGI60-11.00677     0.32897   46.917859   10.780369   -0.632    0.244  1
RGI60-11.00734     0.32760   46.891199   10.024695   -1.114    0.316  1
RGI60-11.00009     0.32702   47.424734   13.048408   -0.702    0.251  1
RGI60-11.01054     0.32670   46.771713    8.463963   -0.726    0.260  1
RGI60-11.02236     0.32540   46.341419    9.860605   -0.830    0.252  1
RGI60-11.03691     0.32481   44.798739    6.346000   -0.039    0.268  1
RGI60-11.01061     0.32359   46.768611    8.540347   -0.338    0.257  1
RGI60-11.01485     0.32310   46.551286    8.221262   -0.479    0.237  1
RGI60-11.03425     0.32145   45.289789    6.766548   -0.862    0.311  1
RGI60-11.02921     0.32136   45.917174    7.292714   -0.560    0.204  1
RGI60-11.00909     0.32090   46.805304   11.050013   -0.910    0.314  1
RGI60-11.00811     0.31853   46.839942   11.075309   -0.442    0.194  1
RGI60-11.01785     0.31826   46.470410   10.576729   -0.944    0.271  1
RGI60-11.03538     0.31800   44.882584    6.257602   -0.814    0.327  1
RGI60-11.01999     0.31776   46.414622    8.275789   -0.798    0.301  1
RGI60-11.01248     0.31775   46.642477    8.164318   -0.401    0.222  1
RGI60-11.01366     0.31680   46.595481    8.103539   -0.578    0.245  1
RGI60-11.00248     0.31675   47.081391   12.093171   -0.744    0.319  1
RGI60-11.00087     0.31554   47.127658   12.666882   -0.524    0.281  1
RGI60-11.00601     0.31533   46.972807   10.792843   -0.547    0.251  1
RGI60-11.00959     0.31506   46.791121   10.848983   -0.820    0.242  1
RGI60-11.00322     0.31486   47.053749   12.264624   -0.460    0.233  1
RGI60-11.02549     0.31450   46.125649    7.686213   -0.264    0.177  1
RGI60-11.00335     0.31429   47.012219   13.320984   -0.589    0.269  1
RGI60-11.01108     0.31419   46.750619    8.445679   -0.607    0.300  1
RGI60-11.00895     0.31410   46.815521   10.862408   -0.679    0.230  1
RGI60-11.03472     0.31372   44.922789    6.111498   -0.097    0.283  1
RGI60-11.01515     0.31346   46.537815    7.957600   -0.567    0.342  1
RGI60-11.01516     0.31345   46.539240    9.698565   -0.398    0.213  1
RGI60-11.03673     0.31324   45.289610    6.619021   -0.564    0.229  1
RGI60-11.00789     0.31230   46.866848    9.058600   -0.879    0.332  1
RGI60-11.01271     0.31209   46.631071    8.169230   -0.889    0.318  1
RGI60-11.03482     0.31158   45.273207    7.120349   -0.462    0.266  1
RGI60-11.00458     0.31140   47.006404   11.863161   -0.528    0.280  1
RGI60-11.01427     0.31086   46.569812    8.115118   -0.351    0.224  1
RGI60-11.01603     0.31050   46.513690    9.709809   -1.222    0.341  1
RGI60-11.00186     0.30985   47.068266   13.237989   -0.733    0.301  1
RGI60-11.01148     0.30939   46.716718    8.453616   -0.658    0.293  1
RGI60-11.01107     0.30875   46.750931    8.427982   -0.772    0.333  1
RGI60-11.01039     0.30854   46.776191    8.509176   -0.586    0.250  1
RGI60-11.03222     0.30830   42.680729    0.036533   -0.888    0.293  1
RGI60-11.00767     0.30780   46.870509   10.197649   -1.024    0.334  1
RGI60-11.00396     0.30780   47.032310   11.923576   -0.521    0.289  1
RGI60-11.01578     0.30727   46.512684   10.560822   -0.818    0.265  1
RGI60-11.02714     0.30690   46.041916    7.995877   -0.592    0.239  1
RGI60-11.00907     0.30682   46.822199    8.825548   -0.484    0.248  1
RGI60-11.00036     0.30621   47.156597   12.745375   -0.298    0.212  1
RGI60-11.01953     0.30600   46.421955   10.109042   -1.009    0.280  1
RGI60-11.02273     0.30600   46.306733    7.183497   -0.536    0.227  1
RGI60-11.03503     0.30552   44.824172    6.352865   -0.416    0.316  1
RGI60-11.01452     0.30510   46.549383   10.653202   -0.583    0.222  1
RGI60-11.01042     0.30505   46.776169    8.517301   -0.824    0.295  1
RGI60-11.01892     0.30448   46.444407    7.960866   -0.495    0.231  1
RGI60-11.02863     0.30446   45.958781    7.499917   -0.425    0.193  1
RGI60-11.00615     0.30434   46.970842   10.802478   -0.583    0.204  1
RGI60-11.03756     0.30333   45.116277    6.129191   -1.056    0.459  1
RGI60-11.01394     0.30330   46.582641    8.618549   -0.489    0.241  1
RGI60-11.02752     0.30254   46.006998    6.988367   -0.746    0.241  1
RGI60-11.01212     0.30231   46.678811    8.459239   -0.862    0.299  1
RGI60-11.03171     0.30177   45.437537    7.117235   -0.423    0.201  1
RGI60-11.03341     0.30136   45.537833    6.851213   -0.697    0.244  1
RGI60-11.02016     0.30118   46.411803    8.263756   -0.319    0.211  1
RGI60-11.03029     0.30109   45.704825    6.835363   -0.938    0.255  1
RGI60-11.03140     0.30060   45.512413    7.294165   -0.857    0.258  1
RGI60-11.01413     0.30016   46.575169    8.134039   -0.482    0.211  1
RGI60-11.00082     0.29910   47.148201   12.085324   -0.443    0.274  1
RGI60-11.01544     0.29896   46.522350   10.550315   -0.449    0.237  1
RGI60-11.01949     0.29880   46.419382    7.554515   -0.633    0.270  1
RGI60-11.03071     0.29880   45.586802    6.983621   -0.901    0.296  1
RGI60-11.02978     0.29790   45.879818    7.017859   -0.636    0.329  1
RGI60-11.00531     0.29790   46.995587   10.789719   -0.760    0.276  1
RGI60-11.01930     0.29610   46.429608   10.111901   -1.036    0.306  1
RGI60-11.01316     0.29528   46.613419    8.252669   -0.964    0.279  1
RGI60-11.00832     0.29520   46.832870   11.083539   -0.534    0.228  1
RGI60-11.00019     0.29481   47.184807   12.680232   -0.844    0.302  1
RGI60-11.01152     0.29437   46.712420    8.389291   -0.756    0.293  1
RGI60-11.00806     0.29429   46.843099   10.966929   -0.857    0.287  1
RGI60-11.00038     0.29306   47.158592   12.683538   -0.716    0.261  1
RGI60-11.00912     0.29281   46.806733   11.032337   -0.771    0.232  1
RGI60-11.00258     0.29250   47.082037   11.965208   -0.563    0.281  1
RGI60-11.01281     0.29162   46.630002    8.978981   -1.001    0.295  1
RGI60-11.01650     0.29160   46.501750    7.811407   -0.733    0.259  1
RGI60-11.01262     0.28982   46.633174    8.108459   -0.979    0.323  1
RGI60-11.02889     0.28978   45.939551    7.320308   -0.465    0.279  1
RGI60-11.00244     0.28961   47.073205   12.392255   -0.568    0.206  1
RGI60-11.02458     0.28890   46.174181    8.023191   -0.663    0.300  1
RGI60-11.02790     0.28817   45.994721    7.461715   -0.516    0.263  1
RGI60-11.00727     0.28800   46.893201   10.218850   -0.916    0.301  1
RGI60-11.03576     0.28787   45.170939    5.984709   -1.117    0.372  1
RGI60-11.03603     0.28758   45.139931    6.892784   -0.449    0.206  1
RGI60-11.01085     0.28748   46.760909    8.454282   -0.804    0.381  1
RGI60-11.01182     0.28713   46.691616    9.936552   -0.572    0.242  1
RGI60-11.02435     0.28710   46.191800    7.998245   -0.966    0.363  1
RGI60-11.03456     0.28708   44.890354    6.350148   -0.453    0.269  1
RGI60-11.02568     0.28681   46.111856   10.607817   -1.509    0.571  1
RGI60-11.01279     0.28630   46.628468    8.190630   -0.996    0.313  1
RGI60-11.02416     0.28530   46.223207   10.580810   -0.745    0.274  1
RGI60-11.00685     0.28530   46.924010    9.258164   -0.954    0.336  1
RGI60-11.03433     0.28440   44.909840    6.403333   -0.456    0.267  1
RGI60-11.01398     0.28440   46.583468    8.692811   -0.662    0.228  1
RGI60-11.02087     0.28440   46.393551   10.202590   -0.918    0.296  1
RGI60-11.01099     0.28346   46.741802   10.728582   -0.877    0.330  1
RGI60-11.02736     0.28316   46.026789    7.527179   -0.255    0.221  1
RGI60-11.00268     0.28315   47.058331   12.731509   -0.502    0.237  1
RGI60-11.01961     0.28281   46.423230    8.317265   -0.648    0.286  1
RGI60-11.00496     0.28260   47.008189   10.903896   -0.676    0.275  1
RGI60-11.01523     0.28260   46.537343    9.018098   -0.504    0.239  1
RGI60-11.00488     0.28170   47.009546   11.062770   -0.955    0.272  1
RGI60-11.01843     0.28080   46.453777   10.550565   -0.953    0.274  1
RGI60-11.03385     0.28061   45.003485    6.345079   -0.328    0.255  1
RGI60-11.00254     0.28029   47.103895   11.028898   -0.733    0.245  1
RGI60-11.00239     0.27990   47.117097   10.376627   -0.527    0.257  1
RGI60-11.00708     0.27990   46.892079   10.784802   -0.742    0.257  1
RGI60-11.00744     0.27900   46.881567   10.229714   -0.546    0.228  1
RGI60-11.00484     0.27810   47.021834   10.181218   -0.904    0.287  1
RGI60-11.01954     0.27795   46.417420    7.658167   -0.316    0.226  1
RGI60-11.01308     0.27767   46.616519    8.782324   -0.655    0.257  1
RGI60-11.02642     0.27728   46.074198    7.706391   -0.431    0.225  1
RGI60-11.01444     0.27630   46.567410    8.835594   -0.791    0.274  1
RGI60-11.02762     0.27434   46.017854    7.869642   -0.002    0.165  1
RGI60-11.02620     0.27360   46.079376    7.328495   -0.894    0.272  1
RGI60-11.02782     0.27330   45.990091    7.259643   -0.582    0.285  1
RGI60-11.00557     0.27309   46.984434   11.091058   -1.005    0.403  1
RGI60-11.02797     0.27284   45.986561    7.323790   -0.662    0.279  1
RGI60-11.01677     0.27247   46.494398   10.418781   -0.927    0.317  1
RGI60-11.00031     0.27239   47.161318   12.669746   -0.737    0.290  1
RGI60-11.02027     0.27218   46.404593    7.851972   -0.900    0.313  1
RGI60-11.00442     0.27189   47.012880   11.888704   -0.310    0.236  1
RGI60-11.03910     0.27188   46.455729   12.270782   -0.764    0.277  1
RGI60-11.00475     0.27180   47.019195   10.924652   -1.033    0.330  1
RGI60-11.01199     0.27139   46.687783    8.420382   -0.353    0.240  1
RGI60-11.03899     0.27124   46.425822   12.138973    0.273    0.317  1
RGI60-11.03692     0.27113   44.743547    6.201259   -0.670    0.377  1
RGI60-11.00899     0.27094   46.827404    8.806229   -0.686    0.305  1
RGI60-11.00840     0.27088   46.831104   11.074695   -0.620    0.233  1
RGI60-11.02000     0.27009   46.406093    7.526051   -0.485    0.270  1
RGI60-11.02019     0.27000   46.408264    7.905538   -1.235    0.354  1
RGI60-11.02588     0.26910   46.100552    8.027156   -0.478    0.205  1
RGI60-11.02878     0.26910   45.946560    7.478575   -0.766    0.271  1
RGI60-11.02146     0.26910   46.379383    7.815189   -0.999    0.307  1
RGI60-11.00084     0.26838   47.146682   12.116699   -0.232    0.245  1
RGI60-11.01313     0.26756   46.611911    8.366053   -0.422    0.240  1
RGI60-11.03180     0.26730   45.365890    7.165227   -0.869    0.286  1
RGI60-11.01049     0.26730   46.774366    8.486247   -0.739    0.319  1
RGI60-11.02360     0.26640   46.262222    9.753473   -0.270    0.315  1
RGI60-11.00162     0.26621   47.104150   12.429288   -1.022    0.327  1
RGI60-11.00890     0.26526   46.816990   10.958922   -0.483    0.223  1
RGI60-11.03273     0.26496   45.489508    6.775973   -0.473    0.192  1
RGI60-11.02055     0.26467   46.397455   10.432336   -0.624    0.265  1
RGI60-11.01627     0.26460   46.510714    9.027095   -0.900    0.359  1
RGI60-11.01676     0.26373   46.501554    8.447294   -0.702    0.248  1
RGI60-11.02161     0.26370   46.371221   10.566802   -1.318    0.365  1
RGI60-11.02867     0.26363   45.955762    7.520049   -0.762    0.358  1
RGI60-11.03446     0.26316   45.332803    6.886328   -0.590    0.247  1
RGI60-11.02499     0.26280   46.153452    7.887797   -0.724    0.284  1
RGI60-11.03396     0.26236   44.813592    6.347016   -0.210    0.333  1
RGI60-11.00501     0.26190   47.004319   11.056006   -0.714    0.247  1
RGI60-11.03530     0.26170   45.431154    7.071673   -0.748    0.292  1
RGI60-11.03209     0.26041   42.649645    0.639310   -0.594    0.243  1
RGI60-11.02112     0.26010   46.383910   10.614644   -1.133    0.342  1
RGI60-11.00653     0.26010   46.931033   11.203099   -0.830    0.280  1
RGI60-11.00022     0.25993   47.189270   12.386349   -0.650    0.240  1
RGI60-11.02557     0.25993   46.125502    7.996814   -0.221    0.237  1
RGI60-11.00578     0.25941   46.975869   11.243153   -0.515    0.217  1
RGI60-11.03062     0.25920   45.622658    7.467777   -0.731    0.238  1
RGI60-11.00710     0.25830   46.899534   10.202938   -1.204    0.362  1
RGI60-11.01945     0.25740   46.425780    9.889759   -0.689    0.263  1
RGI60-11.00726     0.25740   46.883805   10.990824   -0.411    0.206  1
RGI60-11.01109     0.25713   46.749092    8.438603   -0.826    0.303  1
RGI60-11.00835     0.25709   46.851978    8.891827   -0.868    0.347  1
RGI60-11.01357     0.25666   46.603209    9.026867   -0.280    0.209  1
RGI60-11.01849     0.25650   46.452352   10.535387   -1.067    0.365  1
RGI60-11.02722     0.25650   46.030803    7.378746   -0.599    0.258  1
RGI60-11.02895     0.25619   45.939634    7.706192   -0.285    0.194  1
RGI60-11.03193     0.25560   45.306668    7.123279   -0.820    0.303  1
RGI60-11.00608     0.25552   46.939723   12.175591   -0.595    0.297  1
RGI60-11.02463     0.25542   46.172456    7.988714   -0.500    0.247  1
RGI60-11.00820     0.25493   46.844000   10.708217   -0.656    0.240  1
RGI60-11.02164     0.25445   46.377502    9.815620   -0.161    0.196  1
RGI60-11.01820     0.25380   46.473511    9.090548   -0.737    0.281  1
RGI60-11.03185     0.25375   45.333928    7.157492   -0.622    0.244  1
RGI60-11.00829     0.25310   46.848321   10.149540   -0.762    0.250  1
RGI60-11.03386     0.25293   45.353115    7.138424   -0.591    0.248  1
RGI60-11.01117     0.25248   46.730688   10.727463   -0.635    0.261  1
RGI60-11.01102     0.25190   46.735187   10.990120   -0.622    0.252  1
RGI60-11.02665     0.25148   46.059259    7.359484   -0.924    0.326  1
RGI60-11.00102     0.24994   47.134828   12.317570   -0.710    0.251  1
RGI60-11.00210     0.24962   47.087469   12.283399   -0.063    0.214  1
RGI60-11.01931     0.24919   46.428233    7.750055   -0.637    0.264  1
RGI60-11.03585     0.24917   45.954189    6.957290   -0.769    0.279  1
RGI60-11.02745     0.24916   46.025439    7.917219   -0.305    0.191  1
RGI60-11.02954     0.24894   45.906829    7.373240   -0.836    0.294  1
RGI60-11.03307     0.24870   45.268547    6.607053   -0.536    0.226  1
RGI60-11.03369     0.24860   45.540033    6.864367   -0.830    0.349  1
RGI60-11.00521     0.24850   47.001819   10.814085   -1.012    0.322  1
RGI60-11.02841     0.24820   45.969511    7.576662   -0.839    0.278  1
RGI60-11.02303     0.24750   46.301041    9.592242    0.186    0.299  1
RGI60-11.00156     0.24716   47.098226   12.645248   -0.389    0.221  1
RGI60-11.00169     0.24712   47.085430   12.905380   -0.638    0.302  1
RGI60-11.02802     0.24686   45.988628    7.468890   -0.408    0.232  1
RGI60-11.03715     0.24666   45.491669    6.802910   -0.482    0.214  1
RGI60-11.03026     0.24660   45.736731    6.818891   -0.702    0.284  1
RGI60-11.00155     0.24629   47.094473   12.750010   -0.754    0.281  1
RGI60-11.03328     0.24599   44.919901    6.328994   -0.235    0.226  1
RGI60-11.01011     0.24480   46.786925    8.975973   -0.411    0.288  1
RGI60-11.00050     0.24474   47.164746   12.149080   -0.678    0.290  1
RGI60-11.00375     0.24473   47.056130   11.105557   -0.680    0.274  1
RGI60-11.00754     0.24431   46.876093   10.136021   -0.889    0.311  1
RGI60-11.01853     0.24390   46.459251    9.268854   -0.294    0.223  1
RGI60-11.00584     0.24292   46.976186   11.103559   -0.784    0.264  1
RGI60-11.01862     0.24210   46.451566    7.934879   -0.536    0.241  1
RGI60-11.02538     0.24210   46.135087    7.701591   -0.199    0.199  1
RGI60-11.01428     0.24188   46.576081    8.867156   -0.995    0.291  1
RGI60-11.00267     0.24156   47.050239   12.956842   -0.690    0.304  1
RGI60-11.03903     0.24148   46.581627   12.204282   -0.213    0.241  1
RGI60-11.03288     0.24144   45.512062    6.887432   -0.910    0.290  1
RGI60-11.00936     0.24120   46.810518   10.061619   -0.785    0.255  1
RGI60-11.00308     0.24028   47.064672   12.042632   -0.891    0.364  1
RGI60-11.00474     0.23998   46.972860   12.777133   -1.125    0.374  1
RGI60-11.00776     0.23948   46.868151   10.145000   -1.128    0.351  1
RGI60-11.03475     0.23948   45.946070    6.957434   -0.412    0.223  1
RGI60-11.00218     0.23940   47.092485   11.959174   -0.067    0.240  1
RGI60-11.03575     0.23904   45.417299    6.796746   -0.901    0.300  1
RGI60-11.01608     0.23843   46.512636    9.724312   -0.761    0.262  1
RGI60-11.01229     0.23680   46.654914    8.342928   -0.758    0.290  1
RGI60-11.00420     0.23670   47.053051   10.281100   -0.798    0.337  1
RGI60-11.02085     0.23670   46.389028   10.622852   -0.808    0.297  1
RGI60-11.00520     0.23573   46.981160   11.718856   -0.567    0.329  1
RGI60-11.01590     0.23468   46.514566    7.964374   -0.830    0.394  1
RGI60-11.03087     0.23400   45.551426    6.994186   -0.438    0.221  1
RGI60-11.01682     0.23292   46.488573   10.754972   -0.560    0.237  1
RGI60-11.00995     0.23229   46.793324    8.933997   -0.707    0.309  1
RGI60-11.02406     0.23220   46.227572   10.624427   -0.236    0.226  1
RGI60-11.00888     0.23040   46.819063   10.873235   -0.735    0.326  1
RGI60-11.00406     0.23032   47.020383   12.200839   -0.446    0.223  1
RGI60-11.01498     0.23001   46.543206    7.944037   -0.059    0.235  1
RGI60-11.03333     0.22963   45.272816    6.678466   -0.670    0.364  1
RGI60-11.00313     0.22860   47.071770   11.683091   -0.685    0.381  1
RGI60-11.00202     0.22759   47.090932   12.289735   -0.509    0.251  1
RGI60-11.02949     0.22680   45.907901    7.414923   -0.786    0.282  1
RGI60-11.02254     0.22590   46.319405    7.205453   -0.795    0.264  1
RGI60-11.03132     0.22590   45.517669    7.335434   -0.536    0.226  1
RGI60-11.00785     0.22590   46.862372   10.255467   -0.930    0.313  1
RGI60-11.00342     0.22507   47.052816   11.974323   -0.397    0.282  1
RGI60-11.01151     0.22500   46.713095    8.482161   -0.651    0.253  1
RGI60-11.02181     0.22500   46.376912    9.454555   -0.247    0.215  1
RGI60-11.02654     0.22500   46.072580    9.980619   -0.711    0.323  1
RGI60-11.03738     0.22493   45.263896    7.128402   -0.423    0.230  1
RGI60-11.01034     0.22421   46.778904    8.499407   -0.578    0.299  1
RGI60-11.02519     0.22410   46.131790    6.928222   -0.908    0.329  1
RGI60-11.01955     0.22410   46.417817    7.590818   -0.986    0.398  1
RGI60-11.01985     0.22375   46.413255    7.872395   -0.466    0.270  1
RGI60-11.03092     0.22320   45.552521    7.359087   -0.587    0.235  1
RGI60-11.03249     0.22290   47.424379   10.994592   -1.119    0.406  1
RGI60-11.03296     0.22263   45.836865    6.799626    0.061    0.221  1
RGI60-11.02926     0.22230   45.911069    7.059026   -0.604    0.284  1
RGI60-11.01171     0.22175   46.696730    9.949208   -0.625    0.364  1
RGI60-11.03416     0.22157   44.863172    6.389450   -0.490    0.307  1
RGI60-11.02516     0.22144   46.134184    6.911751   -1.106    0.401  1
RGI60-11.03119     0.22140   45.524414    7.150845   -0.727    0.247  1
RGI60-11.03388     0.22060   45.817301    6.791401   -0.450    0.309  1
RGI60-11.00881     0.22050   46.836988    8.826256   -1.159    0.413  1
RGI60-11.02358     0.21693   46.267793    9.732864   -0.599    0.268  1
RGI60-11.01252     0.21690   46.640108    8.107300   -0.358    0.237  1
RGI60-11.00938     0.21604   46.797517   11.033905   -0.868    0.297  1
RGI60-11.02129     0.21510   46.385348   10.194450   -0.321    0.278  1
RGI60-11.01712     0.21466   46.494433    8.125729   -0.923    0.393  1
RGI60-11.01218     0.21461   46.671817    8.476949   -0.721    0.347  1
RGI60-11.00340     0.21420   47.072214   11.059171   -0.809    0.260  1
RGI60-11.02376     0.21420   46.240747    7.137076   -0.968    0.347  1
RGI60-11.01594     0.21330   46.505591   10.628920   -0.292    0.231  1
RGI60-11.02103     0.21307   46.394223    8.311644   -0.973    0.410  1
RGI60-11.01231     0.21284   46.655688    8.426726   -0.950    0.387  1
RGI60-11.02124     0.21265   46.382155    7.542411   -1.409    0.407  1
RGI60-11.01437     0.21150   46.568248    8.148297   -1.015    0.373  1
RGI60-11.00357     0.21150   47.048779   11.905859   -0.503    0.322  1
RGI60-11.01671     0.21144   46.489998   10.761329   -0.679    0.274  1
RGI60-11.02865     0.21140   45.958593    7.425229   -0.514    0.259  1
RGI60-11.01714     0.21095   46.484854   10.739066   -0.929    0.293  1
RGI60-11.02131     0.21063   46.379711    7.482551   -0.974    0.396  1
RGI60-11.03165     0.21060   45.478328    7.117363   -0.564    0.226  1
RGI60-11.01367     0.21060   46.598808    8.601043   -0.849    0.325  1
RGI60-11.00545     0.20970   46.983477   11.267502   -0.477    0.275  1
RGI60-11.01260     0.20963   46.632965    9.892178   -0.615    0.256  1
RGI60-11.01887     0.20950   46.440014    7.674857   -0.464    0.257  1
RGI60-11.00300     0.20934   47.038509   13.004940   -1.535    0.544  1
RGI60-11.01675     0.20903   46.494295   10.427751   -1.035    0.383  1
RGI60-11.02015     0.20856   46.408025    7.929088   -1.154    0.430  1
RGI60-11.01360     0.20805   46.597241    8.122177    0.097    0.257  1
RGI60-11.00468     0.20790   47.027831   10.827204   -0.818    0.329  1
RGI60-11.01211     0.20700   46.678420    9.830862   -0.668    0.257  1
RGI60-11.02835     0.20700   45.971922    7.509557   -0.526    0.267  1
RGI60-11.03006     0.20700   45.837065    6.919828   -0.624    0.301  1
RGI60-11.00702     0.20700   46.894471   10.912154   -0.911    0.363  1
RGI60-11.02214     0.20700   46.348047   10.512677   -0.948    0.294  1
RGI60-11.01615     0.20677   46.511988    8.456852   -1.013    0.396  1
RGI60-11.00046     0.20676   47.152831   12.678079   -0.592    0.280  1
RGI60-11.02117     0.20611   46.388475    7.831099   -1.122    0.319  1
RGI60-11.02945     0.20610   45.912678    7.553795   -0.557    0.280  1
RGI60-11.01341     0.20610   46.602510    8.151272   -0.582    0.248  1
RGI60-11.01438     0.20610   46.561348   10.641964   -0.715    0.269  1
RGI60-11.00567     0.20610   46.986901   10.799295   -0.473    0.258  1
RGI60-11.03390     0.20602   44.874585    6.251646   -1.320    0.620  1
RGI60-11.03623     0.20597   44.903212    6.236142   -0.631    0.332  1
RGI60-11.03265     0.20553   45.885458    6.879940   -0.506    0.271  1
RGI60-11.00128     0.20524   47.120306   12.375459   -0.815    0.310  1
RGI60-11.00192     0.20506   47.092628   12.407400   -0.722    0.289  1
RGI60-11.01503     0.20395   46.544988    9.696577   -0.408    0.227  1
RGI60-11.01699     0.20374   46.499476    9.043592   -0.757    0.327  1
RGI60-11.03744     0.20356   45.285175    7.039023   -0.882    0.311  1
RGI60-11.01768     0.20340   46.482767    8.032329   -0.928    0.426  1
RGI60-11.03053     0.20340   45.634124    7.106065   -0.927    0.321  1
RGI60-11.00237     0.20340   47.107755   11.045258   -0.651    0.251  1
RGI60-11.00414     0.20250   47.047192   10.910866   -0.845    0.280  1
RGI60-11.03117     0.20160   45.525270    7.059562   -0.812    0.287  1
RGI60-11.01141     0.20085   46.726611    8.482239   -0.633    0.353  1
RGI60-11.01363     0.20072   46.600337    8.358174   -0.275    0.241  1
RGI60-11.03167     0.20070   45.473828    7.082623   -0.652    0.296  1
RGI60-11.01633     0.20070   46.511038    9.109776   -0.780    0.353  1
RGI60-11.00498     0.20070   47.005237   11.104139   -0.484    0.241  1
RGI60-11.00585     0.19980   46.995648    8.990980   -0.792    0.354  1
RGI60-11.00079     0.19960   47.135483   12.579329   -0.857    0.363  1
RGI60-11.01818     0.19956   46.469283    7.961823   -0.912    0.432  1
RGI60-11.01072     0.19890   46.765449    8.388506   -0.525    0.313  1
RGI60-11.03083     0.19845   45.563558    7.287351   -0.720    0.297  1
RGI60-11.03313     0.19832   45.904211    6.927237   -0.118    0.259  1
RGI60-11.01783     0.19814   46.473771    7.724230   -0.102    0.431  1
RGI60-11.03091     0.19800   45.552135    7.273765   -0.847    0.306  1
RGI60-11.02169     0.19800   46.379198    8.328171   -1.458    0.465  1
RGI60-11.01459     0.19789   46.555426    8.070608   -0.519    0.432  1
RGI60-11.00100     0.19789   47.135273   12.335784   -0.516    0.273  1
RGI60-11.00528     0.19710   46.978775   11.711193   -0.682    0.428  1
RGI60-11.01542     0.19710   46.533716    8.440392   -0.759    0.306  1
RGI60-11.01479     0.19710   46.543572   10.636332   -0.843    0.362  1
RGI60-11.02809     0.19692   45.985885    7.538221   -0.442    0.219  1
RGI60-11.00824     0.19676   46.855514    8.897354   -0.800    0.346  1
RGI60-11.00012     0.19675   47.424160   13.058053   -0.532    0.254  1
RGI60-11.03630     0.19667   44.865158    6.347724   -0.603    0.325  1
RGI60-11.01951     0.19658   46.418511    7.653009   -0.537    0.288  1
RGI60-11.01142     0.19652   46.721774    8.492440   -0.293    0.301  1
RGI60-11.00951     0.19573   46.809213    8.926512   -0.572    0.330  1
RGI60-11.01474     0.19541   46.554381    8.060199   -0.216    0.288  1
RGI60-11.01628     0.19530   46.512165    9.366746   -0.487    0.247  1
RGI60-11.01696     0.19530   46.499752    8.388482   -0.855    0.348  1
RGI60-11.02747     0.19509   46.018577    7.371806   -0.125    0.236  1
RGI60-11.03774     0.19499   44.963330    6.331980   -0.890    0.381  1
RGI60-11.03555     0.19467   45.432392    7.055252   -0.516    0.278  1
RGI60-11.02648     0.19440   46.075445    9.989407   -0.936    0.324  1
RGI60-11.02719     0.19440   46.041375    8.002120   -0.705    0.301  1
RGI60-11.00533     0.19417   46.948024   12.697622   -0.491    0.299  1
RGI60-11.01860     0.19363   46.455352    8.390743   -0.421    0.274  1
RGI60-11.02018     0.19350   46.402286   10.555199   -0.939    0.348  1
RGI60-11.00513     0.19260   46.984876   11.724150   -0.917    0.411  1
RGI60-11.01692     0.19260   46.492616   10.507902   -0.865    0.294  1
RGI60-11.00305     0.19247   47.057147   12.411467   -0.338    0.253  1
RGI60-11.02981     0.19170   45.880779    7.027337   -1.285    0.489  1
RGI60-11.02080     0.19170   46.391886   10.426841   -0.772    0.289  1
RGI60-11.01541     0.19170   46.535101    9.471450   -0.729    0.305  1
RGI60-11.03531     0.19168   45.241543    6.996398   -0.409    0.215  1
RGI60-11.03343     0.19114   44.962714    6.430138   -0.580    0.290  1
RGI60-11.03902     0.19059   46.511458   12.207013    0.192    0.276  1
RGI60-11.03513     0.19058   44.818071    6.342875   -0.384    0.262  1
RGI60-11.00306     0.19047   47.034844   13.016479   -0.170    0.226  1
RGI60-11.00926     0.18999   46.817862    8.935720   -1.012    0.353  1
RGI60-11.02099     0.18990   46.387623    7.477060   -0.630    0.321  1
RGI60-11.00449     0.18990   47.028419   11.124343   -0.734    0.272  1
RGI60-11.02314     0.18990   46.296380    8.134418   -0.982    0.346  1
RGI60-11.03525     0.18946   45.407150    6.765461   -1.052    0.405  1
RGI60-11.00679     0.18931   46.916346   10.789669   -0.572    0.250  1
RGI60-11.03123     0.18900   45.523762    7.322948   -0.645    0.272  1
RGI60-11.02412     0.18900   46.225957   10.635742   -0.645    0.247  1
RGI60-11.03735     0.18895   45.329393    7.097720   -0.264    0.206  1
RGI60-11.03909     0.18845   46.459110   12.264796   -0.147    0.254  1
RGI60-11.01552     0.18795   46.529186    8.235345   -0.915    0.358  1
RGI60-11.02088     0.18720   46.392782   10.209544   -0.931    0.348  1
RGI60-11.01447     0.18704   46.563921    8.160232   -0.794    0.349  1
RGI60-11.01377     0.18671   46.589528    8.105909   -0.221    0.276  1
RGI60-11.03745     0.18648   45.291334    6.734399   -0.671    0.288  1
RGI60-11.01007     0.18643   46.785641    8.557306   -0.380    0.286  1
RGI60-11.01782     0.18640   46.478786    8.112148   -1.447    0.472  1
RGI60-11.03841     0.18607   45.826688    7.882977    0.002    0.520  1
RGI60-11.01815     0.18604   46.475713    9.081077   -0.373    0.242  1
RGI60-11.03494     0.18550   44.994219    6.287878   -0.448    0.428  1
RGI60-11.02217     0.18540   46.344366   10.441159   -1.010    0.378  1
RGI60-11.02475     0.18530   46.161834    7.732592   -0.959    0.376  1
RGI60-11.03332     0.18450   44.746776    6.208698   -0.615    0.367  1
RGI60-11.00656     0.18450   46.909764   12.080738   -0.562    0.287  1
RGI60-11.00108     0.18433   47.125617   12.551037   -0.504    0.237  1
RGI60-11.01126     0.18404   46.727343   10.723842   -0.953    0.360  1
RGI60-11.01020     0.18399   46.782855    8.824478   -0.971    0.403  1
RGI60-11.03326     0.18363   45.235747    7.072737   -0.360    0.281  1
RGI60-11.02037     0.18302   46.407444    8.262869   -0.666    0.310  1
RGI60-11.02233     0.18270   46.344223    9.992534   -0.366    0.198  1
RGI60-11.00454     0.18270   47.012447   11.775204   -0.449    0.308  1
RGI60-11.02823     0.18270   45.978574    7.504959    0.246    0.414  1
RGI60-11.01864     0.18270   46.453632    8.325478   -0.596    0.306  1
RGI60-11.02741     0.18253   46.028141    7.923368   -1.062    0.369  1
RGI60-11.00384     0.18174   47.028932   12.193666   -0.469    0.260  1
RGI60-11.03349     0.18166   44.929918    6.154964   -0.669    0.479  1
RGI60-11.01449     0.18163   46.549107   10.858257   -0.397    0.217  1
RGI60-11.03780     0.18138   44.886641    6.374039   -1.340    0.398  1
RGI60-11.01512     0.18091   46.540501    8.173658   -0.609    0.302  1
RGI60-11.00875     0.18090   46.821422   11.064715   -0.728    0.305  1
RGI60-11.00736     0.18090   46.889590   10.148365   -1.412    0.422  1
RGI60-11.03480     0.18050   45.437380    7.082235   -0.581    0.258  1
RGI60-11.02032     0.18039   46.406112    9.902710   -0.120    0.285  1
RGI60-11.03097     0.18000   45.547366    7.411392   -0.859    0.340  1
RGI60-11.00231     0.17982   47.072624   12.581924   -0.519    0.236  1
RGI60-11.01150     0.17974   46.713909    8.379307   -0.716    0.336  1
RGI60-11.02105     0.17910   46.388395    7.696079   -1.177    0.447  1
RGI60-11.03439     0.17905   45.309078    6.609495   -0.668    0.301  1
RGI60-11.01965     0.17897   46.416092    7.648623   -0.277    0.248  1
RGI60-11.00271     0.17892   47.062026   12.576484   -0.301    0.214  1
RGI60-11.03641     0.17776   45.888315    6.968825   -0.448    0.274  1
RGI60-11.01551     0.17746   46.522270    7.970002   -0.268    0.265  1
RGI60-11.02402     0.17730   46.229194   10.686841   -0.814    0.320  1
RGI60-11.02478     0.17730   46.164006    8.021749   -0.763    0.392  1
RGI60-11.00166     0.17722   47.107669   12.259860   -0.352    0.220  1
RGI60-11.03030     0.17693   45.702522    6.842456   -0.729    0.271  1
RGI60-11.00847     0.17676   46.849293    8.883574   -1.023    0.508  1
RGI60-11.03423     0.17645   45.417875    6.788753   -0.525    0.274  1
RGI60-11.03305     0.17586   44.785729    6.311961   -0.991    0.461  1
RGI60-11.03322     0.17553   45.417415    6.782411   -0.738    0.293  1
RGI60-11.00229     0.17550   47.118937   10.366293   -0.906    0.371  1
RGI60-11.00285     0.17550   47.093767   11.118320   -0.477    0.257  1
RGI60-11.01501     0.17528   46.543501    8.176152   -0.896    0.417  1
RGI60-11.01910     0.17485   46.437756    7.926939   -0.785    0.311  1
RGI60-11.00398     0.17460   47.034205   11.855805   -0.514    0.263  1
RGI60-11.02553     0.17460   46.127578    8.058513   -0.947    0.404  1
RGI60-11.02326     0.17460   46.290831    9.723955    0.137    0.298  1
RGI60-11.00751     0.17460   46.879506   10.141491   -0.845    0.302  1
RGI60-11.00105     0.17441   47.124365   12.657152   -0.461    0.274  1
RGI60-11.01486     0.17321   46.549537    7.984683   -0.427    0.287  1
RGI60-11.01620     0.17297   46.514507    9.067020   -0.795    0.454  1
RGI60-11.01008     0.17280   46.774397   10.726740   -0.893    0.334  1
RGI60-11.00623     0.17280   46.966487   10.798475   -0.551    0.251  1
RGI60-11.01443     0.17245   46.562232    7.998331   -0.387    0.350  1
RGI60-11.02429     0.17215   46.197905   10.537375   -0.317    0.206  1
RGI60-11.01870     0.17190   46.452531    9.733027   -0.690    0.369  1
RGI60-11.02708     0.17190   46.041831    7.530652   -0.674    0.284  1
RGI60-11.01044     0.17100   46.776668    8.540851   -0.426    0.293  1
RGI60-11.01194     0.17010   46.688246    9.906027   -0.486    0.267  1
RGI60-11.01063     0.17010   46.767566    9.968220   -0.422    0.251  1
RGI60-11.00416     0.16980   47.026248   11.911771   -0.498    0.373  1
RGI60-11.03278     0.16940   44.995378    6.325020   -0.461    0.278  1
RGI60-11.00008     0.16891   47.428842   13.036757   -0.541    0.320  1
RGI60-11.01889     0.16830   46.448392    8.485342   -0.975    0.419  1
RGI60-11.00749     0.16830   46.870057   10.985978   -1.244    0.395  1
RGI60-11.03907     0.16803   46.509850   12.227530    0.117    0.311  1
RGI60-11.01869     0.16772   46.444801   10.603615   -0.565    0.280  1
RGI60-11.01662     0.16740   46.505584    9.363542   -0.983    0.339  1
RGI60-11.03176     0.16740   45.400268    7.185966   -0.525    0.268  1
RGI60-11.03629     0.16672   44.923324    6.460999   -1.055    0.443  1
RGI60-11.01767     0.16650   46.484975    9.119474   -0.507    0.368  1
RGI60-11.01057     0.16650   46.770416    8.415643   -1.052    0.487  1
RGI60-11.03787     0.16617   44.859549    6.320659   -0.660    0.301  1
RGI60-11.00561     0.16560   46.988301   10.790191   -0.549    0.282  1
RGI60-11.02879     0.16494   45.950895    7.788496   -0.007    0.192  1
RGI60-11.03604     0.16491   45.479166    7.035486   -0.977    0.399  1
RGI60-11.01641     0.16470   46.510820    9.095483   -0.564    0.266  1
RGI60-11.02783     0.16470   45.994031    7.273993   -0.410    0.258  1
RGI60-11.02489     0.16470   46.150489   10.861109   -1.215    0.390  1
RGI60-11.02693     0.16470   46.048502    7.350781   -0.728    0.302  1
RGI60-11.00440     0.16470   47.044507   10.231464   -0.819    0.340  1
RGI60-11.03459     0.16422   45.139365    6.836084   -0.713    0.437  1
RGI60-11.01749     0.16415   46.484232    7.895348   -0.511    0.302  1
RGI60-11.02518     0.16380   46.144872    7.736764   -1.018    0.344  1
RGI60-11.00963     0.16377   46.804406    8.770255   -1.402    0.561  1
RGI60-11.00750     0.16290   46.879745   10.049234   -1.008    0.366  1
RGI60-11.00718     0.16284   46.887404   10.895583   -1.115    0.399  1
RGI60-11.03871     0.16247   46.289498   11.823954   -0.769    0.432  1
RGI60-11.03617     0.16225   45.275528    6.646176   -1.001    0.379  1
RGI60-11.02658     0.16200   46.072528    8.029371   -0.502    0.390  1
RGI60-11.00735     0.16110   46.891460   10.050774   -1.043    0.380  1
RGI60-11.02611     0.16110   46.074098    6.898154   -1.144    0.503  1
RGI60-11.00635     0.16110   46.947039   10.923658   -0.768    0.297  1
RGI60-11.00680     0.16108   46.888706   12.062243   -0.864    0.314  1
RGI60-11.01113     0.16067   46.746876    8.779478   -0.702    0.364  1
RGI60-11.01257     0.16054   46.637798    8.163068   -0.356    0.275  1
RGI60-11.00705     0.16020   46.902815   10.154844   -0.888    0.346  1
RGI60-11.02690     0.15945   46.048867    7.370433   -0.691    0.286  1
RGI60-11.01197     0.15940   46.690332    8.526065   -0.772    0.370  1
RGI60-11.02287     0.15939   46.307268    8.136329   -1.035    0.404  1
RGI60-11.02748     0.15931   46.020924    7.608332   -0.123    0.448  1
RGI60-11.01081     0.15930   46.747554   11.028690   -0.499    0.286  1
RGI60-11.03080     0.15930   45.567184    7.078214   -0.963    0.355  1
RGI60-11.00941     0.15889   46.814240    8.907881   -0.481    0.298  1
RGI60-11.01940     0.15795   46.432341    8.729798   -0.605    0.325  1
RGI60-11.02938     0.15759   45.915613    7.567773   -1.279    0.475  1
RGI60-11.01647     0.15750   46.507694    9.745658   -0.548    0.290  1
RGI60-11.00377     0.15750   47.046050   11.653800   -0.085    0.358  1
RGI60-11.01599     0.15750   46.511530    7.817494   -0.726    0.286  1
RGI60-11.00821     0.15750   46.856089    8.549232   -0.464    0.347  1
RGI60-11.00027     0.15730   47.164436   12.766023   -0.699    0.335  1
RGI60-11.00146     0.15729   47.098152   12.797933   -0.984    0.395  1
RGI60-11.00694     0.15703   46.901244   10.670523   -0.922    0.358  1
RGI60-11.00097     0.15690   47.144199   12.087088   -0.458    0.278  1
RGI60-11.03429     0.15666   45.583436    6.973990   -0.486    0.243  1
RGI60-11.02289     0.15660   46.306082    9.725384   -0.604    0.313  1
RGI60-11.01787     0.15660   46.480374    9.564197   -0.628    0.342  1
RGI60-11.03573     0.15642   45.992203    6.871145   -0.996    0.486  1
RGI60-11.02551     0.15584   46.129826    8.014147   -0.470    0.352  1
RGI60-11.03598     0.15581   45.266627    6.955918   -0.362    0.254  1
RGI60-11.01321     0.15570   46.614562    8.875745   -1.037    0.384  1
RGI60-11.02226     0.15570   46.348753    9.750796   -0.716    0.278  1
RGI60-11.02457     0.15570   46.176667    7.985179   -0.518    0.254  1
RGI60-11.00390     0.15517   47.050307   11.146077   -0.469    0.261  1
RGI60-11.01610     0.15480   46.515502    9.358833   -0.940    0.373  1
RGI60-11.03504     0.15418   45.351192    6.968121   -0.232    0.232  1
RGI60-11.01809     0.15358   46.472623    8.106235   -1.443    0.571  1
RGI60-11.01804     0.15300   46.470981    7.717449   -1.140    0.391  1
RGI60-11.00786     0.15264   46.864675   10.198031   -1.168    0.406  1
RGI60-11.01724     0.15257   46.488761    7.789415   -0.491    0.290  1
RGI60-11.03577     0.15253   45.410825    6.790032   -0.686    0.327  1
RGI60-11.00850     0.15210   46.843239   10.080074   -0.623    0.325  1
RGI60-11.02001     0.15210   46.413596    9.829524   -0.545    0.329  1
RGI60-11.02156     0.15196   46.374208   10.573953   -0.314    0.253  1
RGI60-11.02807     0.15174   45.979556    7.036764   -1.038    0.376  1
RGI60-11.01977     0.15086   46.414091    7.700791   -0.735    0.460  1
RGI60-11.01392     0.15073   46.584227    8.209622   -0.729    0.394  1
RGI60-11.01826     0.15057   46.465410    7.728466   -0.502    0.340  1
RGI60-11.03596     0.15040   44.901219    6.174946   -0.679    0.386  1
RGI60-11.03260     0.15038   45.507148    6.869193   -0.142    0.209  1
RGI60-11.02973     0.15037   45.891013    7.248319    0.051    0.200  1
RGI60-11.01553     0.15015   46.530389    8.468096   -0.748    0.299  1
RGI60-11.03449     0.15009   45.975501    6.862151   -0.889    0.402  1
RGI60-11.00283     0.15004   47.043351   13.018096   -0.665    0.402  1
RGI60-11.01032     0.14962   46.780024    8.560099   -0.645    0.304  1
RGI60-11.02651     0.14940   46.071381    7.659036   -0.797    0.328  1
RGI60-11.01458     0.14910   46.557698    8.049915   -0.180    0.373  1
RGI60-11.03344     0.14873   45.798872    6.776737    0.017    0.181  1
RGI60-11.02147     0.14850   46.375277   10.604737   -1.005    0.441  1
RGI60-11.01908     0.14850   46.433922    7.666032   -0.460    0.322  1
RGI60-11.00171     0.14850   47.106596   12.125294   -0.366    0.264  1
RGI60-11.00247     0.14832   47.063622   12.700812   -0.813    0.320  1
RGI60-11.03665     0.14815   45.419769    6.808969   -0.906    0.418  1
RGI60-11.01700     0.14778   46.487702   10.747689   -0.353    0.260  1
RGI60-11.02302     0.14760   46.300791    9.579733    0.049    0.310  1
RGI60-11.02052     0.14750   46.395852   10.552407   -0.824    0.377  1
RGI60-11.01409     0.14750   46.580310    8.265059   -0.735    0.408  1
RGI60-11.01957     0.14718   46.420995    7.898216   -0.342    0.245  1
RGI60-11.01010     0.14670   46.786056    8.831266   -1.209    0.482  1
RGI60-11.01029     0.14670   46.765498   11.015790   -0.955    0.361  1
RGI60-11.00713     0.14670   46.900348   10.149549   -0.774    0.320  1
RGI60-11.02794     0.14618   45.992033    7.412006    0.072    0.233  1
RGI60-11.00500     0.14612   47.009069   10.800244   -0.788    0.355  1
RGI60-11.00591     0.14601   46.960019   11.740291   -0.380    0.267  1
RGI60-11.02574     0.14585   46.106163    7.836389   -0.317    0.227  1
RGI60-11.02571     0.14580   46.107047   10.600919   -0.549    0.281  1
RGI60-11.03042     0.14580   45.661970    6.919321   -0.633    0.267  1
RGI60-11.01823     0.14566   46.465552    7.741762   -0.166    1.022  1
RGI60-11.01251     0.14544   46.641005    8.120042    0.113    0.304  1
RGI60-11.02559     0.14490   46.122992    8.008779    0.096    0.303  1
RGI60-11.00536     0.14490   47.008497    9.021337   -1.032    0.464  1
RGI60-11.00092     0.14484   47.141222   12.224665   -0.427    0.277  1
RGI60-11.01417     0.14462   46.575586    8.113857   -0.427    0.257  1
RGI60-11.02641     0.14400   46.078925   10.002760   -1.026    0.586  1
RGI60-11.00508     0.14394   46.988036   11.783745   -0.970    0.420  1
RGI60-11.00280     0.14390   47.063358   12.404285   -0.671    0.347  1
RGI60-11.02054     0.14310   46.404358    8.355481   -0.508    0.270  1
RGI60-11.02109     0.14310   46.386983    7.598081   -0.746    0.297  1
RGI60-11.00359     0.14305   47.039685   12.203946   -0.739    0.389  1
RGI60-11.00056     0.14294   47.146554   12.665804   -0.570    0.286  1
RGI60-11.03409     0.14277   45.995897    6.888950   -0.742    0.464  1
RGI60-11.03661     0.14239   45.379761    6.893578   -0.028    0.228  1
RGI60-11.02777     0.14231   46.009419    7.903929   -0.089    0.199  1
RGI60-11.02218     0.14220   46.351340    9.810106   -0.668    0.293  1
RGI60-11.02167     0.14220   46.380118    9.459750    0.111    0.298  1
RGI60-11.00658     0.14217   46.909148   12.128727   -1.093    0.559  1
RGI60-11.00195     0.14198   47.075183   12.926624   -0.790    0.326  1
RGI60-11.01110     0.14130   46.732688   10.984401   -0.383    0.256  1
RGI60-11.00298     0.14125   47.063368   12.209502   -0.165    0.310  1
RGI60-11.01323     0.14122   46.613732    8.908239   -1.206    0.417  1
RGI60-11.01828     0.14113   46.467408    7.995072   -0.458    0.272  1
RGI60-11.03906     0.14102   46.509635   12.219711   -0.198    0.386  1
RGI60-11.03521     0.14085   44.934229    6.389181   -0.808    0.369  1
RGI60-11.00509     0.14044   47.006393   10.811723   -0.900    0.343  1
RGI60-11.00813     0.14040   46.859169    8.540167   -0.622    0.369  1
RGI60-11.01640     0.14029   46.506158    8.086643   -0.107    0.287  1
RGI60-11.03557     0.13982   44.878052    6.311198   -0.704    0.334  1
RGI60-11.03512     0.13976   44.846440    6.331840    0.143    0.396  1
RGI60-11.02150     0.13974   46.385517    9.462137   -0.252    0.283  1
RGI60-11.00045     0.13962   47.149925   12.738445   -0.297    0.292  1
RGI60-11.00598     0.13950   46.989777    8.994095   -1.618    0.664  1
RGI60-11.00481     0.13950   47.024893   10.226823   -1.153    0.395  1
RGI60-11.02067     0.13950   46.402840    8.361907   -1.003    0.401  1
RGI60-11.00290     0.13920   47.032282   13.271638   -1.169    0.468  1
RGI60-11.02276     0.13915   46.318688    9.722679   -0.809    0.298  1
RGI60-11.00491     0.13860   47.007334   11.094030   -0.383    0.239  1
RGI60-11.00341     0.13854   47.045321   12.264691   -0.405    0.294  1
RGI60-11.00040     0.13852   47.163385   12.350645   -0.052    0.262  1
RGI60-11.00978     0.13813   46.783541   11.029422   -0.565    0.256  1
RGI60-11.03325     0.13770   45.346824    7.128097   -0.033    0.253  1
RGI60-11.00712     0.13770   46.892849   10.771073   -0.675    0.329  1
RGI60-11.03597     0.13754   44.787476    6.302126   -0.487    0.332  1
RGI60-11.02873     0.13693   45.953447    7.485017   -0.671    0.334  1
RGI60-11.00394     0.13680   47.046701   11.286247   -0.438    0.346  1
RGI60-11.02686     0.13680   46.052953    7.627914   -1.056    0.442  1
RGI60-11.02059     0.13680   46.403499    9.813068   -0.955    0.411  1
RGI60-11.01670     0.13590   46.504383    9.290246   -0.633    0.381  1
RGI60-11.03126     0.13590   45.521830    7.364457   -1.372    0.481  1
RGI60-11.01802     0.13590   46.479052    9.117986   -0.084    0.258  1
RGI60-11.02625     0.13590   46.079717    7.355442   -0.508    0.247  1
RGI60-11.01480     0.13579   46.552593    8.065515   -0.100    0.223  1
RGI60-11.00194     0.13576   47.085061   12.590315   -0.662    0.289  1
RGI60-11.03516     0.13509   44.928852    6.111029    0.029    0.495  1
RGI60-11.03068     0.13500   45.599139    7.247460   -0.531    0.305  1
RGI60-11.02915     0.13500   45.929799    7.581002   -0.808    0.322  1
RGI60-11.02604     0.13500   46.079949    6.897584   -0.929    0.372  1
RGI60-11.03616     0.13437   45.555954    6.849166   -0.845    0.319  1
RGI60-11.03483     0.13414   45.879595    6.875376   -0.896    0.336  1
RGI60-11.02674     0.13410   46.063018    7.934254   -0.786    0.330  1
RGI60-11.03783     0.13375   44.852809    6.358623   -0.791    0.345  1
RGI60-11.01421     0.13323   46.573788    7.997314   -0.297    0.304  1
RGI60-11.00115     0.13322   47.123210   12.595509   -0.328    0.253  1
RGI60-11.02234     0.13320   46.344581    9.760370   -0.436    0.271  1
RGI60-11.02295     0.13300   46.302898    8.185265   -0.839    0.435  1
RGI60-11.01921     0.13237   46.433066    7.918479   -1.594    0.568  1
RGI60-11.01285     0.13230   46.625847    9.910874   -0.904    0.390  1
RGI60-11.00090     0.13230   47.169683   11.050721   -0.610    0.379  1
RGI60-11.01617     0.13220   46.508507    7.778802   -0.396    0.238  1
RGI60-11.00867     0.13140   46.841483    8.983254   -0.084    0.309  1
RGI60-11.03049     0.13140   45.653799    6.973586   -0.892    0.343  1
RGI60-11.03916     0.13115   46.510990   12.339751   -0.499    0.286  1
RGI60-11.01340     0.13050   46.605691    8.359221   -0.750    0.400  1
RGI60-11.01433     0.13040   46.571960    8.139117   -0.719    0.339  1
RGI60-11.03231     0.13009   42.778872   -0.143567   -0.509    0.455  1
RGI60-11.02135     0.12960   46.379480   10.613247   -0.651    0.325  1
RGI60-11.01339     0.12960   46.606926    8.408956   -0.647    0.323  1
RGI60-11.01036     0.12870   46.767482   10.731657   -1.180    0.411  1
RGI60-11.02554     0.12870   46.127633    7.988149   -0.645    0.298  1
RGI60-11.02845     0.12870   45.968632    7.646875   -0.824    0.360  1
RGI60-11.00109     0.12863   47.132997   12.310555   -0.083    0.215  1
RGI60-11.03870     0.12816   46.894892   12.037169   -0.424    0.427  1
RGI60-11.03755     0.12812   45.246507    6.134132   -0.831    0.434  1
RGI60-11.01929     0.12805   46.433443    8.310538   -0.667    0.323  1
RGI60-11.03785     0.12798   44.803651    6.404319   -0.054    0.211  1
RGI60-11.00775     0.12780   46.873998    9.148066   -0.244    0.248  1
RGI60-11.02041     0.12780   46.406836    8.313629   -0.537    0.332  1
RGI60-11.00143     0.12753   47.083583   13.244398   -0.565    0.337  1
RGI60-11.03635     0.12727   45.993692    6.879264   -0.939    0.543  1
RGI60-11.01851     0.12690   46.450707   10.542905   -0.666    0.350  1
RGI60-11.02996     0.12690   45.858217    6.994370   -0.518    0.365  1
RGI60-11.01482     0.12672   46.543712   10.653574   -0.404    0.227  1
RGI60-11.01233     0.12665   46.654990    8.407351   -0.384    0.301  1
RGI60-11.00986     0.12631   46.798118    8.929157   -0.418    0.342  1
RGI60-11.03500     0.12608   45.242362    6.615794   -0.886    0.381  1
RGI60-11.03010     0.12600   45.823589    6.813023    0.425    0.283  1
RGI60-11.02967     0.12600   45.900576    7.387020   -1.082    0.380  1
RGI60-11.02513     0.12561   46.147962    7.886787   -0.392    0.301  1
RGI60-11.00930     0.12546   46.816339    8.912271   -0.290    0.369  1
RGI60-11.03268     0.12537   45.009411    6.267624   -0.932    0.431  1
RGI60-11.00990     0.12535   46.796777    8.852099   -1.125    0.464  1
RGI60-11.02768     0.12531   46.010328    7.523373   -0.895    0.432  1
RGI60-11.02369     0.12510   46.244400    7.144612   -1.099    0.430  1
RGI60-11.02176     0.12510   46.369005   10.557812   -0.969    0.386  1
RGI60-11.00034     0.12507   47.177854   12.134776   -0.691    0.322  1
RGI60-11.02919     0.12499   45.928017    7.830610    0.008    0.477  1
RGI60-11.00499     0.12444   47.010493   10.814775   -1.009    0.441  1
RGI60-11.02148     0.12420   46.379821    7.682622   -0.685    0.293  1
RGI60-11.00646     0.12417   46.912042   12.148494   -0.683    0.368  1
RGI60-11.02160     0.12397   46.382722    9.464719   -0.020    0.242  1
RGI60-11.03320     0.12380   45.123329    6.340217   -0.856    0.497  1
RGI60-11.03599     0.12368   44.848510    6.349047   -0.737    0.348  1
RGI60-11.01055     0.12355   46.773925    8.533433   -0.959    0.428  1
RGI60-11.00395     0.12333   47.050476   11.161412   -0.848    0.420  1
RGI60-11.03397     0.12330   45.225338    7.056669   -0.741    0.398  1
RGI60-11.00331     0.12330   47.080590   10.887502   -0.917    0.370  1
RGI60-11.01752     0.12330   46.489883    9.044629   -0.385    0.293  1
RGI60-11.01393     0.12330   46.584696    8.219560   -0.999    0.548  1
RGI60-11.01062     0.12328   46.770946    8.492800   -0.455    0.342  1
RGI60-11.02033     0.12314   46.400188   10.631238   -0.394    0.256  1
RGI60-11.03540     0.12282   45.433731    7.079266   -0.700    0.287  1
RGI60-11.03408     0.12260   45.163016    6.885122   -0.520    0.443  1
RGI60-11.00865     0.12240   46.841655    8.836731   -1.199    0.511  1
RGI60-11.02347     0.12240   46.283660    9.766512   -1.011    0.449  1
RGI60-11.01365     0.12240   46.600661    8.771314   -0.541    0.326  1
RGI60-11.00625     0.12237   46.933561   12.163084   -0.409    0.307  1
RGI60-11.00123     0.12234   47.117280   12.597129   -0.252    0.294  1
RGI60-11.00001     0.12207   47.494929   13.598717   -0.893    0.465  1
RGI60-11.01466     0.12152   46.545765   10.861506   -0.707    0.306  1
RGI60-11.02632     0.12149   46.081080    7.703742   -0.374    0.278  1
RGI60-11.03432     0.12144   45.475931    7.042532   -0.625    0.354  1
RGI60-11.00252     0.12135   47.063026   12.716032   -0.809    0.354  1
RGI60-11.03363     0.12112   44.882142    6.268511   -1.016    0.474  1
RGI60-11.01355     0.12061   46.597862    8.096359   -0.626    0.366  1
RGI60-11.00762     0.12060   46.864589   10.966976   -0.770    0.309  1
RGI60-11.01180     0.12060   46.692844   10.017433   -0.772    0.454  1
RGI60-11.01805     0.12060   46.478567    9.107623   -1.354    0.548  1
RGI60-11.03543     0.12050   45.258926    7.057284   -0.320    0.298  1
RGI60-11.00682     0.12014   46.887364   12.073967   -1.779    0.507  1
RGI60-11.02789     0.12014   45.996850    7.535520   -0.132    0.233  1
RGI60-11.03487     0.12003   44.846179    6.341190   -0.469    0.387  1
RGI60-11.01096     0.11978   46.744421   10.736946   -0.582    0.333  1
RGI60-11.03179     0.11970   45.371792    7.164542   -1.081    0.436  1
RGI60-11.03763     0.11935   44.976339    6.275640   -0.815    0.644  1
RGI60-11.03282     0.11919   44.901879    6.278470   -1.453    0.742  1
RGI60-11.01668     0.11908   46.496499   10.477775   -0.392    0.243  1
RGI60-11.00196     0.11880   47.122536   11.088652   -0.704    0.326  1
RGI60-11.03122     0.11880   45.526105    7.364270   -0.698    0.351  1
RGI60-11.00385     0.11880   47.035139   11.940076   -0.321    0.350  1
RGI60-11.02576     0.11801   46.107435    7.881564   -0.177    0.270  1
RGI60-11.03618     0.11801   45.344552    6.909806   -0.742    0.363  1
RGI60-11.00665     0.11790   46.933508   10.794894   -0.712    0.373  1
RGI60-11.00478     0.11790   47.015036   11.053602   -0.675    0.292  1
RGI60-11.00960     0.11790   46.788716   11.031602   -0.328    0.222  1
RGI60-11.01200     0.11790   46.686654    9.966254   -0.479    0.289  1
RGI60-11.00579     0.11790   46.975644   11.264012   -0.598    0.355  1
RGI60-11.03905     0.11790   46.584226   12.211776   -0.077    0.311  1
RGI60-11.00175     0.11772   47.083241   12.920327   -0.235    0.300  1
RGI60-11.03311     0.11770   44.994664    6.259928   -0.706    0.466  1
RGI60-11.01626     0.11743   46.513806    9.059571   -0.418    0.314  1
RGI60-11.03696     0.11739   44.901475    6.150697   -0.318    0.486  1
RGI60-11.03882     0.11713   46.413154   11.848706   -0.453    0.329  1
RGI60-11.00661     0.11700   46.930859   11.109971   -0.715    0.326  1
RGI60-11.03099     0.11700   45.539911    7.057647   -0.647    0.307  1
RGI60-11.00043     0.11697   47.169922   12.142846   -0.284    0.314  1
RGI60-11.00404     0.11697   47.023335   12.159097   -0.624    0.360  1
RGI60-11.01763     0.11679   46.477616   10.572664   -0.351    0.309  1
RGI60-11.03706     0.11625   45.148978    6.132503   -1.131    0.830  1
RGI60-11.01973     0.11610   46.421268    8.305987   -0.782    0.341  1
RGI60-11.01630     0.11610   46.512145    9.079717   -0.381    0.320  1
RGI60-11.02246     0.11610   46.338083    9.720727   -0.614    0.313  1
RGI60-11.00716     0.11520   46.893396   10.670337   -0.782    0.341  1
RGI60-11.00224     0.11518   47.087922   12.084897   -0.752    0.460  1
RGI60-11.00382     0.11430   47.034074   11.950162    0.285    0.386  1
RGI60-11.02079     0.11430   46.400854    8.300921   -0.993    0.510  1
RGI60-11.01756     0.11430   46.476036   10.764670   -1.130    0.425  1
RGI60-11.00060     0.11422   47.151856   12.402503   -0.492    0.341  1
RGI60-11.00753     0.11346   46.869298   10.848830   -0.983    0.373  1
RGI60-11.01502     0.11340   46.545567    8.433368   -0.555    0.382  1
RGI60-11.02110     0.11340   46.389450   10.167861   -0.861    0.376  1
RGI60-11.02677     0.11340   46.054774    7.349743   -0.763    0.317  1
RGI60-11.01236     0.11298   46.650897    8.166829   -0.615    0.475  1
RGI60-11.01495     0.11254   46.547929    8.191578   -0.320    0.338  1
RGI60-11.01140     0.11250   46.724661    9.954494   -0.439    0.331  1
RGI60-11.00972     0.11250   46.803356    8.728180   -0.978    0.407  1
RGI60-11.03089     0.11250   45.549177    7.002268   -1.105    0.520  1
RGI60-11.00523     0.11250   47.000863   10.796552   -0.963    0.440  1
RGI60-11.01890     0.11250   46.445307    7.929483   -0.738    0.422  1
RGI60-11.00633     0.11250   46.965577    8.947555   -0.619    0.361  1
RGI60-11.02520     0.11250   46.145254    7.727102   -0.529    0.287  1
RGI60-11.00086     0.11249   47.149843   12.063215   -0.366    0.350  1
RGI60-11.01159     0.11246   46.708428    8.389119   -0.742    0.343  1
RGI60-11.00226     0.11232   47.061543   12.951593   -1.047    0.507  1
RGI60-11.00853     0.11186   46.828309   11.073143   -0.538    0.295  1
RGI60-11.02990     0.11160   45.875588    7.493596   -0.589    0.342  1
RGI60-11.00366     0.11160   47.049821   11.660025   -0.617    0.494  1
RGI60-11.01708     0.11160   46.488877   10.622599   -0.607    0.335  1
RGI60-11.03021     0.11150   45.789053    6.835524    0.104    0.217  1
RGI60-11.03519     0.11150   45.932866    6.947039   -0.187    0.251  1
RGI60-11.03580     0.11137   44.855369    6.199760   -0.696    0.420  1
RGI60-11.03509     0.11125   44.771132    6.232600   -1.104    0.630  1
RGI60-11.03244     0.11085   44.126834    7.371049   -0.145    0.376  1
RGI60-11.03365     0.11079   44.868155    6.357006   -1.049    0.562  1
RGI60-11.02997     0.11070   45.862643    7.103472   -0.503    0.365  1
RGI60-11.03256     0.11069   45.470231    7.055461   -0.256    0.251  1
RGI60-11.02825     0.11053   45.981998    7.898335   -0.565    0.454  1
RGI60-11.01687     0.11032   46.497157    7.793002   -0.353    0.308  1
RGI60-11.01525     0.10996   46.538204    8.466505   -0.563    0.313  1
RGI60-11.03881     0.10993   46.310253   11.845623    0.045    0.390  1
RGI60-11.01672     0.10980   46.493329   10.625577   -0.708    0.332  1
RGI60-11.00540     0.10980   46.993624   10.798689   -0.794    0.412  1
RGI60-11.02454     0.10980   46.172933   10.432261   -0.792    0.414  1
RGI60-11.00618     0.10980   46.962752   11.195519   -1.442    0.678  1
RGI60-11.01568     0.10980   46.515628   10.637017   -0.654    0.301  1
RGI60-11.03175     0.10980   45.413567    7.182894   -0.417    0.318  1
RGI60-11.02702     0.10947   46.049657    7.875629   -0.006    0.230  1
RGI60-11.03492     0.10922   45.135135    6.868633   -0.960    0.441  1
RGI60-11.02377     0.10891   46.242413   10.680375   -0.464    0.303  1
RGI60-11.00996     0.10890   46.780394   10.846642   -0.751    0.312  1
RGI60-11.02042     0.10890   46.405440    9.909864   -1.033    0.554  1
RGI60-11.00063     0.10883   47.151722   12.354773   -0.402    0.238  1
RGI60-11.00435     0.10875   47.022627   11.644904   -0.286    0.396  1
RGI60-11.00927     0.10866   46.803654   10.792224   -0.572    0.292  1
RGI60-11.02666     0.10842   46.064290    7.863519   -0.680    0.955  1
RGI60-11.01380     0.10839   46.589355    8.110547   -0.089    0.282  1
RGI60-11.01596     0.10810   46.512367    7.834982    0.393    0.569  1
RGI60-11.03470     0.10809   45.302876    6.135564   -0.496    0.493  1
RGI60-11.03178     0.10800   45.393149    7.181079   -0.656    0.303  1
RGI60-11.00293     0.10800   47.072295   11.974416   -0.613    0.470  1
RGI60-11.00140     0.10798   47.120088   12.119528   -0.307    0.318  1
RGI60-11.00316     0.10792   47.051816   12.417029   -0.756    0.351  1
RGI60-11.03315     0.10785   44.967634    6.391954   -0.571    0.469  1
RGI60-11.02941     0.10747   45.918781    7.868853   -0.218    0.255  1
RGI60-11.03379     0.10739   44.939477    6.071344   -0.662    0.520  1
RGI60-11.00328     0.10718   47.058421   11.980730   -0.170    0.438  1
RGI60-11.03125     0.10710   45.517772    7.043692   -0.591    0.272  1
RGI60-11.02211     0.10710   46.349166    7.358133   -1.014    0.380  1
RGI60-11.00989     0.10710   46.796242    8.963216   -1.388    0.571  1
RGI60-11.02065     0.10710   46.402038    9.911250   -0.301    0.358  1
RGI60-11.03768     0.10645   44.969580    6.264921   -0.626    0.457  1
RGI60-11.02635     0.10634   46.078400    7.703722   -0.653    0.343  1
RGI60-11.00564     0.10631   46.969024   11.752512   -0.386    0.324  1
RGI60-11.00629     0.10620   46.956162   10.800284   -0.808    0.402  1
RGI60-11.01896     0.10620   46.445871    8.307686   -0.531    0.352  1
RGI60-11.00157     0.10612   47.105998   12.441212   -0.517    0.290  1
RGI60-11.00250     0.10608   47.062990   12.686306   -1.059    0.469  1
RGI60-11.03450     0.10566   45.984657    6.876355   -0.597    0.411  1
RGI60-11.03537     0.10565   45.431310    6.754162   -0.755    0.427  1
RGI60-11.03213     0.10533   42.694324    0.495748   -0.573    0.367  1
RGI60-11.02294     0.10530   46.303524    8.143021   -0.532    0.355  1
RGI60-11.02756     0.10530   46.015786    7.515538   -0.800    0.385  1
RGI60-11.00933     0.10530   46.815502    8.903789   -0.946    0.588  1
RGI60-11.03511     0.10524   45.968558    6.991018   -0.671    0.404  1
RGI60-11.02723     0.10475   46.036742    7.615215    2.667    1.229  1
RGI60-11.00441     0.10440   47.036190   10.824684   -0.808    0.413  1
RGI60-11.02089     0.10440   46.392089   10.434174   -0.888    0.338  1
RGI60-11.03403     0.10439   44.894270    6.166551   -0.896    0.445  1
RGI60-11.02056     0.10383   46.399678    7.849339   -0.678    0.446  1
RGI60-11.03467     0.10375   44.997358    6.335216   -0.119    0.376  1
RGI60-11.00790     0.10350   46.863961   10.206435   -1.116    0.481  1
RGI60-11.02311     0.10350   46.299017    9.629430    0.228    0.291  1
RGI60-11.00018     0.10338   47.191597   12.691562   -0.426    0.291  1
RGI60-11.00662     0.10306   46.930532   11.134894   -0.889    0.414  1
RGI60-11.02976     0.10260   45.885516    7.007857   -1.229    0.826  1
RGI60-11.00017     0.10247   47.189655   12.757200   -0.572    0.379  1
RGI60-11.01772     0.10243   46.477952    7.914020   -0.328    0.274  1
RGI60-11.03242     0.10237   44.117555    7.410268    0.267    0.336  1
RGI60-11.02610     0.10170   46.091662    8.028025    0.138    0.231  1
RGI60-11.02853     0.10170   45.967467    7.656377   -0.948    0.527  1
RGI60-11.02459     0.10170   46.172978    7.735783   -1.215    0.521  1
RGI60-11.01497     0.10170   46.547898    9.688845   -0.063    0.229  1
RGI60-11.03582     0.10116   45.910330    6.923575    0.119    0.483  1
RGI60-11.03145     0.10080   45.505328    7.003601   -0.241    0.304  1
RGI60-11.02577     0.10080   46.108153    8.033865    0.009    0.360  1
RGI60-11.01183     0.10080   46.692469   10.008530   -0.858    0.365  1
RGI60-11.02053     0.10080   46.405576    8.286210   -0.668    0.405  1
RGI60-11.00805     0.10080   46.843761   11.068979   -0.883    0.471  1
RGI60-11.03883     0.10039   46.436566   11.848349   -0.708    0.438  1
RGI60-11.02152     0.10031   46.374242   10.597225   -0.928    0.528  1
RGI60-11.03753     0.10013   45.303613    6.148149   -0.677    0.478  1
RGI60-11.01284     0.09990   46.629888    8.962802   -1.076    0.462  1
RGI60-11.01119     0.09990   46.726511   10.989331   -0.812    0.371  1
RGI60-11.03797     0.09945   44.872914    6.202595   -1.165    0.566  1
RGI60-11.00935     0.09900   46.800212   10.954158   -0.611    0.328  1
RGI60-11.02816     0.09900   45.981874    7.537935   -0.370    0.282  1
RGI60-11.02980     0.09900   45.893126    7.841076   -0.810    0.432  1
RGI60-11.02057     0.09900   46.405985    9.585743   -0.145    0.307  1
RGI60-11.01904     0.09900   46.437855    7.698086   -0.686    0.402  1
RGI60-11.02849     0.09891   45.965847    7.546655   -0.605    0.301  1
RGI60-11.03498     0.09852   45.170532    6.150045   -1.165    0.636  1
RGI60-11.01100     0.09837   46.737984   10.995003   -0.450    0.275  1
RGI60-11.00642     0.09810   46.941914   10.954984   -0.867    0.354  1
RGI60-11.01661     0.09753   46.503754    8.078650    0.026    0.473  1
RGI60-11.03239     0.09742   42.465751   19.807789   -0.731    0.478  1
RGI60-11.00510     0.09728   47.006004   10.802998   -0.320    0.284  1
RGI60-11.01426     0.09720   46.572823    8.084241   -0.407    0.370  1
RGI60-11.01609     0.09720   46.506555   10.554280   -0.356    0.256  1
RGI60-11.01680     0.09700   46.502196    8.383070   -0.795    0.420  1
RGI60-11.02638     0.09683   46.073553    7.427000   -0.421    0.353  1
RGI60-11.02671     0.09662   46.064904    7.924496   -0.408    0.307  1
RGI60-11.01069     0.09630   46.768231    8.394334   -0.007    0.417  1
RGI60-11.02301     0.09602   46.300856    9.605006   -0.071    0.577  1
RGI60-11.02983     0.09540   45.885914    7.547907   -0.396    0.348  1
RGI60-11.01602     0.09540   46.513033    8.061716   -0.815    0.486  1
RGI60-11.01090     0.09540   46.759382    8.370016   -0.398    0.432  1
RGI60-11.01354     0.09540   46.601142    9.714379   -0.847    0.450  1
RGI60-11.00136     0.09538   47.124046   12.116758   -0.339    0.319  1
RGI60-11.02795     0.09496   45.985824    7.046425   -0.753    0.397  1
RGI60-11.01442     0.09477   46.565687    8.073804   -0.559    0.370  1
RGI60-11.00969     0.09450   46.804090    8.877191   -0.790    0.515  1
RGI60-11.03170     0.09450   45.445227    7.117533   -0.589    0.371  1
RGI60-11.00839     0.09450   46.834453   10.944458   -0.703    0.369  1
RGI60-11.00769     0.09450   46.871715   10.189056   -0.713    0.328  1
RGI60-11.00721     0.09416   46.898615   10.026173   -1.146    0.458  1
RGI60-11.03781     0.09389   44.883127    6.381657   -1.291    0.599  1
RGI60-11.02410     0.09360   46.227415   10.607387   -0.215    0.317  1
RGI60-11.00655     0.09360   46.932958   11.194431   -1.068    0.514  1
RGI60-11.00859     0.09360   46.825839   11.022762   -0.823    0.390  1
RGI60-11.00898     0.09360   46.814790   10.921775   -1.008    0.516  1
RGI60-11.01304     0.09360   46.619751    8.789630   -0.719    0.422  1
RGI60-11.02672     0.09360   46.065623    9.980540   -0.699    0.435  1
RGI60-11.02107     0.09360   46.391599   10.009328   -0.742    0.346  1
RGI60-11.00284     0.09328   47.067661   12.237356   -0.619    0.403  1
RGI60-11.03479     0.09307   44.878150    6.345231   -0.804    0.554  1
RGI60-11.00970     0.09302   46.791743   10.686784   -0.223    0.245  1
RGI60-11.03454     0.09294   44.861608    6.188825   -2.712    2.053  1
RGI60-11.03918     0.09289   46.638518   12.383574   -0.222    0.427  1
RGI60-11.03360     0.09280   45.432151    7.065012   -0.107    0.301  1
RGI60-11.00582     0.09277   46.980475   10.906234   -0.883    0.432  1
RGI60-11.00761     0.09270   46.881638    9.072343   -0.808    0.554  1
RGI60-11.00983     0.09270   46.799716    8.945269   -0.579    0.427  1
RGI60-11.00723     0.09270   46.895970   10.232580   -0.897    0.457  1
RGI60-11.00553     0.09270   46.983820   11.240973   -0.709    0.339  1
RGI60-11.03169     0.09270   45.450631    7.107587   -0.716    0.336  1
RGI60-11.00077     0.09269   47.150796   12.090693   -0.474    0.379  1
RGI60-11.00149     0.09268   47.116617   12.123943   -0.825    0.454  1
RGI60-11.00174     0.09268   47.107811   12.130706    0.061    0.261  1
RGI60-11.03590     0.09268   44.970100    6.239144    1.516    1.145  1
RGI60-11.00304     0.09267   47.061965   12.205988   -0.113    0.341  1
RGI60-11.00987     0.09266   46.797640    8.935591   -0.652    0.540  1
RGI60-11.00534     0.09259   46.949887   12.703855   -0.613    0.376  1
RGI60-11.01535     0.09238   46.535656    8.134987   -0.154    0.337  1
RGI60-11.02912     0.09212   45.931158    7.823719    0.574    0.725  1
RGI60-11.01732     0.09180   46.492821    9.763089   -0.024    0.360  1
RGI60-11.00621     0.09180   46.983044    8.984619   -1.385    0.617  1
RGI60-11.02439     0.09180   46.177122    6.954268   -0.825    0.417  1
RGI60-11.03054     0.09180   45.628613    7.025863   -0.852    0.416  1
RGI60-11.02482     0.09165   46.163251    7.993988   -0.517    0.323  1
RGI60-11.03914     0.09159   46.502527   12.293735   -0.569    0.380  1
RGI60-11.01344     0.09155   46.604911    8.612120   -0.090    0.331  1
RGI60-11.03534     0.09114   45.886969    6.960298   -0.537    0.404  1
RGI60-11.00472     0.09090   47.024444   10.823440   -0.974    0.381  1
RGI60-11.01043     0.09090   46.778660    8.937174   -0.966    0.461  1
RGI60-11.00437     0.09090   47.038742   10.798704   -1.002    0.611  1
RGI60-11.01506     0.09090   46.543747    9.722737   -0.460    0.361  1
RGI60-11.00242     0.09069   47.041813   13.329030   -0.669    0.466  1
RGI60-11.03382     0.09069   44.893119    6.241029   -1.224    0.580  1
RGI60-11.01574     0.09046   46.512649   10.544948    0.074    0.398  1
RGI60-11.01759     0.09034   46.477041   10.607815   -0.699    0.335  1
RGI60-11.02251     0.09000   46.333744    8.220511   -0.426    0.370  1
RGI60-11.01729     0.09000   46.488955    7.910420   -0.351    0.536  1
RGI60-11.02994     0.09000   45.862594    6.996773   -0.488    0.374  1
RGI60-11.01168     0.09000   46.703611    8.712347   -0.653    0.432  1
RGI60-11.00569     0.09000   46.979206   11.173056   -0.925    0.480  1
RGI60-11.03285     0.08982   44.930399    6.150111   -0.501    0.776  1
RGI60-11.03345     0.08958   44.898116    6.417818   -0.950    0.502  1
RGI60-11.02517     0.08912   46.133831    6.920402   -0.388    0.297  1
RGI60-11.00722     0.08910   46.882936   11.088411   -0.636    0.421  1
RGI60-11.03051     0.08910   45.637660    7.026223   -1.212    0.563  1
RGI60-11.01491     0.08910   46.551850    8.231389   -0.295    0.361  1
RGI60-11.00503     0.08910   47.005056   11.065270   -0.598    0.372  1
RGI60-11.02550     0.08910   46.124575   10.584567   -0.466    0.308  1
RGI60-11.03845     0.08898   46.495395    9.286009   -0.413    0.348  1
RGI60-11.03243     0.08885   44.126625    7.381828   -0.537    0.506  1
RGI60-11.03372     0.08878   45.066426    6.440577   -0.017    0.422  1
RGI60-11.02856     0.08820   45.966760    7.635130   -0.937    0.471  1
RGI60-11.03041     0.08820   45.663922    6.907748   -0.989    0.415  1
RGI60-11.00158     0.08813   47.105927   12.449394   -0.893    0.428  1
RGI60-11.00565     0.08800   46.978865   11.245708   -0.613    0.457  1
RGI60-11.00165     0.08799   47.071251   13.393532   -0.430    0.327  1
RGI60-11.03440     0.08733   45.243478    6.112890   -0.403    0.291  1
RGI60-11.02413     0.08730   46.227343   10.615736   -0.598    0.409  1
RGI60-11.02698     0.08730   46.054176   10.086524   -0.867    0.431  1
RGI60-11.01278     0.08724   46.630873    8.919682   -0.459    0.424  1
RGI60-11.00065     0.08721   47.143957   12.595842   -0.384    0.291  1
RGI60-11.02944     0.08717   45.911881    7.422100   -0.612    0.335  1
RGI60-11.03399     0.08711   44.891932    6.173869   -1.330    0.614  1
RGI60-11.03229     0.08685   42.695086   -0.057227   -1.601    0.601  1
RGI60-11.01936     0.08685   46.426750    7.674543   -0.226    0.338  1
RGI60-11.01389     0.08648   46.585011    8.195080   -1.031    0.449  1
RGI60-11.03374     0.08643   45.434947    6.882748   -0.509    0.370  1
RGI60-11.01114     0.08640   46.748515    8.764672   -0.747    0.477  1
RGI60-11.01829     0.08640   46.470956    9.412565   -0.492    0.340  1
RGI60-11.02259     0.08640   46.328119    9.714481   -0.658    0.442  1
RGI60-11.02175     0.08640   46.377596    9.870634   -0.813    0.436  1
RGI60-11.01128     0.08640   46.723733   10.970092   -0.568    0.321  1
RGI60-11.00061     0.08634   47.152295   12.391354   -0.157    0.339  1
RGI60-11.01825     0.08625   46.469595    8.099858   -1.296    0.606  1
RGI60-11.02511     0.08571   46.144673   10.548977   -0.756    0.376  1
RGI60-11.01510     0.08550   46.542395    8.462305   -0.546    0.363  1
RGI60-11.03073     0.08550   45.577638    6.995733   -0.716    0.371  1
RGI60-11.00378     0.08550   47.037650   11.946698   -0.351    0.483  1
RGI60-11.01311     0.08461   46.615643    8.260190   -0.438    0.469  1
RGI60-11.01537     0.08460   46.532806    7.931945   -0.452    0.325  1
RGI60-11.03082     0.08460   45.567798    7.281178   -0.761    0.451  1
RGI60-11.02523     0.08460   46.140290   10.549123   -0.483    0.305  1
RGI60-11.01343     0.08460   46.603826    8.232941   -0.843    0.604  1
RGI60-11.00490     0.08449   46.966750   12.766079   -1.141    0.502  1
RGI60-11.02692     0.08449   46.056561    7.866969   -0.392    0.330  1
RGI60-11.01499     0.08446   46.544189    8.180601   -0.543    0.431  1
RGI60-11.01866     0.08438   46.450200    7.780462   -0.673    0.434  1
RGI60-11.01618     0.08375   46.501439   10.777455   -0.814    0.434  1
RGI60-11.02555     0.08370   46.124037    7.752796   -0.842    0.488  1
RGI60-11.00725     0.08370   46.888377   10.774207   -0.441    0.264  1
RGI60-11.01577     0.08370   46.517987    7.823537   -0.034    0.512  1
RGI60-11.00402     0.08370   47.061121   10.223391   -0.697    0.373  1
RGI60-11.01905     0.08370   46.440297    7.931457   -1.661    0.717  1
RGI60-11.02430     0.08370   46.198623   10.510212   -0.533    0.331  1
RGI60-11.01418     0.08370   46.574876    7.987000   -0.092    0.334  1
RGI60-11.03900     0.08368   46.587589   12.189733   -0.101    0.242  1
RGI60-11.01250     0.08366   46.644191    8.357671   -0.664    0.424  1
RGI60-11.03218     0.08354   42.654299    0.429346   -1.095    0.474  1
RGI60-11.01514     0.08340   46.542010    8.436902   -0.885    0.489  1
RGI60-11.03228     0.08318   42.695332   -0.039982   -1.739    0.665  1
RGI60-11.03438     0.08308   45.856197    6.819769   -0.180    0.223  1
RGI60-11.03035     0.08280   45.677198    7.023895   -0.696    0.497  1
RGI60-11.00270     0.08280   47.099936   11.062675   -0.596    0.357  1
RGI60-11.02141     0.08280   46.387445    9.415705   -0.100    0.242  1
RGI60-11.02320     0.08280   46.293441    9.576547   -0.167    0.361  1
RGI60-11.00419     0.08280   47.046030   10.794569   -0.705    0.477  1
RGI60-11.00191     0.08280   47.125770   11.063700   -0.496    0.325  1
RGI60-11.00288     0.08280   47.093598   11.076429   -0.433    0.605  1
RGI60-11.02811     0.08280   45.986057    7.646244   -0.562    0.406  1
RGI60-11.00294     0.08280   47.080081   11.697756   -0.624    0.428  1
RGI60-11.00589     0.08275   46.972300   11.240707   -0.555    0.348  1
RGI60-11.03702     0.08246   45.132553    6.124413   -0.710    0.534  1
RGI60-11.03879     0.08240   46.291827   11.841259   -0.343    0.523  1
RGI60-11.02592     0.08229   46.096959    7.744025   -0.625    0.405  1
RGI60-11.03720     0.08227   45.493644    6.791277   -0.570    0.467  1
RGI60-11.03626     0.08220   44.774763    6.236925   -0.554    0.369  1
RGI60-11.02731     0.08190   46.032342    7.620628   -0.567    0.411  1
RGI60-11.00438     0.08190   47.046041   10.226770   -0.889    0.451  1
RGI60-11.00638     0.08190   46.960306    9.388965   -1.240    0.664  1
RGI60-11.02324     0.08186   46.291503    9.691657   -0.305    0.348  1
RGI60-11.02200     0.08179   46.353298    7.313508   -1.288    0.524  1
RGI60-11.03542     0.08137   45.018350    6.330436   -0.335    0.492  1
RGI60-11.01101     0.08118   46.754692    8.447047   -0.949    0.551  1
RGI60-11.02582     0.08107   46.103727    8.046513    0.316    0.522  1
RGI60-11.02988     0.08100   45.879840    7.535158   -1.556    0.612  1
RGI60-11.02123     0.08100   46.387102   10.172588   -0.799    0.438  1
RGI60-11.03074     0.08099   45.577718    7.081774   -0.934    0.431  1
RGI60-11.00422     0.08097   47.016281   12.212279   -0.460    0.315  1
RGI60-11.00013     0.08090   47.198002   12.752836   -0.636    0.412  1
RGI60-11.02800     0.08076   45.994823    7.922326   -0.604    0.435  1
RGI60-11.02084     0.08010   46.398534    9.907325    1.876    1.131  1
RGI60-11.01084     0.08010   46.763030    8.383180   -0.011    0.549  1
RGI60-11.00205     0.08007   47.093442   12.188079   -0.401    0.329  1
RGI60-11.00103     0.08005   47.134866   12.356715   -0.294    0.284  1
RGI60-11.03838     0.07959   45.268012    7.206304   -0.182    0.316  1
RGI60-11.02120     0.07930   46.390510    9.906346   -0.055    0.326  1
RGI60-11.00431     0.07920   47.050099   10.233892   -0.802    0.535  1
RGI60-11.00279     0.07920   47.077217   11.969486   -0.105    0.387  1
RGI60-11.00317     0.07917   47.057224   12.212804   -0.365    0.288  1
RGI60-11.00214     0.07907   47.066855   12.943275   -0.350    0.349  1
RGI60-11.03481     0.07901   44.886449    6.247998   -1.167    0.667  1
RGI60-11.03782     0.07893   44.888211    6.379711   -1.237    0.597  1
RGI60-11.03739     0.07881   45.260845    7.125014   -0.047    0.279  1
RGI60-11.01540     0.07880   46.532084    7.964726    0.173    0.471  1
RGI60-11.02030     0.07857   46.400737   10.637330   -0.689    0.502  1
RGI60-11.03368     0.07856   44.864796    6.359366   -1.198    0.549  1
RGI60-11.01294     0.07830   46.625037    8.471332   -0.230    0.335  1
RGI60-11.02386     0.07830   46.242087    7.651065   -1.050    0.493  1
RGI60-11.02341     0.07830   46.286737    9.726572   -0.133    0.394  1
RGI60-11.02471     0.07830   46.166943    7.744597   -0.968    0.521  1
RGI60-11.00230     0.07830   47.110903   11.036257   -0.729    0.379  1
RGI60-11.03826     0.07828   44.136897    7.420504   -0.290    0.509  1
RGI60-11.00355     0.07826   47.042146   12.268945   -1.015    0.654  1
RGI60-11.00178     0.07820   47.087451   12.789521   -0.049    0.216  1
RGI60-11.00281     0.07817   47.046354   12.962308   -1.500    0.715  1
RGI60-11.01209     0.07813   46.681780    8.383844   -0.761    0.426  1
RGI60-11.03351     0.07800   44.956791    6.453637   -0.595    0.547  1
RGI60-11.02031     0.07763   46.409888    8.289869   -0.788    0.559  1
RGI60-11.01733     0.07740   46.491875    8.168883   -1.540    0.698  1
RGI60-11.02682     0.07740   46.056356    7.621225    0.052    0.368  1
RGI60-11.03011     0.07740   45.823476    6.841153   -0.278    0.344  1
RGI60-11.00876     0.07740   46.822462   11.017953   -0.451    0.294  1
RGI60-11.02829     0.07740   45.970485    7.070000   -0.651    0.383  1
RGI60-11.02972     0.07740   45.892156    7.236695   -0.573    0.352  1
RGI60-11.02297     0.07739   46.303692    9.720757   -0.576    0.480  1
RGI60-11.03205     0.07734   42.626700    0.666424   -0.109    0.427  1
RGI60-11.01112     0.07733   46.748587    8.432759   -0.683    0.439  1
RGI60-11.00151     0.07724   47.080301   13.247088   -1.113    0.564  1
RGI60-11.02765     0.07650   46.018151    7.914441   -0.947    0.497  1
RGI60-11.02497     0.07650   46.142462    6.923957   -0.901    0.582  1
RGI60-11.01348     0.07650   46.603580    8.401894   -1.111    0.586  1
RGI60-11.03434     0.07650   46.052462    6.866411    0.081    0.277  1
RGI60-11.03316     0.07649   44.549400    6.862232   -0.726    0.530  1
RGI60-11.03366     0.07644   44.935290    6.101068   -0.858    0.661  1
RGI60-11.03822     0.07641   44.147626    7.383742    0.086    0.406  1
RGI60-11.00015     0.07641   47.196408   12.673663   -0.449    0.316  1
RGI60-11.02744     0.07560   46.022049    7.377429   -0.906    0.449  1
RGI60-11.00654     0.07560   46.940699   10.682298   -0.824    0.431  1
RGI60-11.03161     0.07560   45.488864    7.244716   -1.181    0.685  1
RGI60-11.01456     0.07513   46.557825    7.988224   -0.449    0.471  1
RGI60-11.00877     0.07505   46.821774   11.032348   -0.229    0.250  1
RGI60-11.02913     0.07470   45.930259    7.475471   -0.769    0.366  1
RGI60-11.01836     0.07470   46.462887    7.965677   -0.931    0.588  1
RGI60-11.00235     0.07470   47.109189   11.055776   -0.798    0.442  1
RGI60-11.00758     0.07470   46.878081   10.081610   -0.942    0.542  1
RGI60-11.02601     0.07431   46.093388    7.683976   -0.086    0.201  1
RGI60-11.03839     0.07412   45.823104    7.863784    0.014    0.414  1
RGI60-11.03613     0.07385   44.895975    6.178707   -2.866    1.670  1
RGI60-11.01547     0.07380   46.532565    9.797275   -0.515    0.390  1
RGI60-11.01105     0.07380   46.741746   10.741731   -0.586    0.418  1
RGI60-11.01859     0.07380   46.448862   10.499774   -0.704    0.374  1
RGI60-11.03162     0.07380   45.484928    7.226295   -0.577    0.394  1
RGI60-11.01015     0.07380   46.785937    8.857727   -1.332    0.664  1
RGI60-11.02339     0.07380   46.286401    9.803921   -0.817    0.473  1
RGI60-11.01059     0.07380   46.772216    8.499399   -0.567    0.426  1
RGI60-11.01963     0.07380   46.420614    7.893047   -0.265    0.509  1
RGI60-11.00256     0.07380   47.083195   12.030056   -0.695    0.545  1
RGI60-11.00024     0.07375   47.182745   12.398237   -0.780    0.399  1
RGI60-11.00048     0.07370   47.149188   12.769943   -0.781    0.557  1
RGI60-11.03794     0.07326   44.855851    6.214083   -0.914    1.049  1
RGI60-11.01137     0.07290   46.729880    8.476297   -0.715    0.548  1
RGI60-11.02911     0.07290   45.930984    7.488190   -0.500    0.499  1
RGI60-11.01001     0.07290   46.787432   10.030650   -0.748    0.394  1
RGI60-11.01425     0.07290   46.577765    8.835057   -0.798    0.475  1
RGI60-11.00225     0.07290   47.112279   11.064181   -0.922    0.432  1
RGI60-11.03834     0.07285   45.145634    6.900432   -0.649    0.411  1
RGI60-11.03860     0.07228   46.239189   10.731454   -0.852    0.490  1
RGI60-11.03286     0.07226   45.495179    6.774609   -0.447    0.321  1
RGI60-11.03912     0.07209   46.502595   12.286315   -0.281    0.410  1
RGI60-11.03314     0.07205   44.707752    6.408348   -0.134    0.290  1
RGI60-11.01353     0.07200   46.600367    8.158851   -0.598    0.354  1
RGI60-11.02560     0.07200   46.122740    8.018737   -0.658    0.545  1
RGI60-11.02101     0.07200   46.391485   10.233842   -0.493    0.348  1
RGI60-11.01879     0.07200   46.446311   10.149569   -0.921    0.525  1
RGI60-11.02509     0.07200   46.151191    7.993844   -0.518    0.352  1
RGI60-11.01601     0.07200   46.504401   10.774972   -0.832    0.377  1
RGI60-11.02331     0.07200   46.290481    9.572099   -0.348    0.394  1
RGI60-11.03037     0.07200   45.674000    7.028945   -0.554    0.370  1
RGI60-11.00029     0.07191   47.164108   12.744811   -0.515    0.457  1
RGI60-11.01496     0.07117   46.549773    8.429941   -0.457    0.421  1
RGI60-11.01287     0.07110   46.626760    8.494276   -0.469    0.525  1
RGI60-11.02174     0.07110   46.379505    9.591482   -0.612    0.436  1
RGI60-11.00869     0.07110   46.836339   10.042843   -1.370    0.673  1
RGI60-11.00831     0.07110   46.839356   10.822778   -0.195    0.233  1
RGI60-11.02621     0.07110   46.088031   10.041000   -1.398    0.829  1
RGI60-11.02481     0.07110   46.153763   10.864716   -0.485    0.348  1
RGI60-11.02068     0.07110   46.395896    7.553616   -1.260    0.691  1
RGI60-11.01174     0.07110   46.695959    9.955074   -0.256    0.358  1
RGI60-11.00706     0.07110   46.894320   10.826325   -0.686    0.417  1
RGI60-11.00374     0.07107   47.034057   12.211488   -0.280    0.345  1
RGI60-11.00537     0.07100   46.945918   12.795605   -1.217    0.600  1
RGI60-11.01374     0.07094   46.596130    8.359855   -0.637    0.403  1
RGI60-11.03458     0.07093   45.127986    6.341145   -0.476    0.429  1
RGI60-11.03036     0.07067   45.680298    7.390042   -0.740    0.415  1
RGI60-11.01777     0.07029   46.479197    7.884604   -0.701    0.411  1
RGI60-11.02393     0.07020   46.233233   10.676222   -0.438    0.325  1
RGI60-11.02025     0.07020   46.409747    9.910653   -0.814    0.452  1
RGI60-11.00999     0.07020   46.792403    8.856323   -0.853    0.573  1
RGI60-11.03046     0.07020   45.657265    7.016015   -0.781    0.441  1
RGI60-11.00827     0.07020   46.854591    8.491317   -1.118    0.583  1
RGI60-11.02405     0.07020   46.228877   10.610799   -0.494    0.347  1
RGI60-11.01667     0.06987   46.503622    8.182165   -1.437    0.667  1
RGI60-11.03827     0.06944   44.671664    7.078915   -0.377    0.333  1
RGI60-11.02367     0.06930   46.256390    8.109951   -0.506    0.655  1
RGI60-11.00699     0.06930   46.897551   10.845857   -0.550    0.389  1
RGI60-11.02317     0.06930   46.297030    9.673070   -0.993    0.524  1
RGI60-11.01884     0.06930   46.441026   10.593809   -0.568    0.352  1
RGI60-11.02935     0.06930   45.914496    7.297069   -1.014    0.505  1
RGI60-11.02987     0.06930   45.881711    7.548152   -0.757    0.367  1
RGI60-11.00274     0.06927   47.071826   12.235439   -0.230    0.380  1
RGI60-11.00185     0.06926   47.100341   12.319003   -0.770    0.403  1
RGI60-11.00142     0.06915   47.084366   13.250118   -0.679    0.432  1
RGI60-11.00269     0.06914   47.037366   13.326395   -0.352    0.327  1
RGI60-11.02373     0.06911   46.254046    9.968976   -1.157    0.592  1
RGI60-11.01089     0.06905   46.761168    8.820588   -1.384    0.654  1
RGI60-11.03352     0.06879   45.580454    6.983147   -0.156    0.214  1
RGI60-11.00861     0.06860   46.843354    8.871846   -0.509    0.546  1
RGI60-11.00676     0.06860   46.922794   10.782988   -0.742    0.479  1
RGI60-11.02216     0.06840   46.354104    9.950761   -0.580    0.415  1
RGI60-11.02854     0.06840   45.967911    7.675073   -0.718    0.382  1
RGI60-11.01196     0.06840   46.690609    8.317006   -0.869    0.554  1
RGI60-11.03173     0.06840   45.428227    7.145881   -0.286    0.347  1
RGI60-11.01058     0.06840   46.765674   10.351405   -0.671    0.384  1
RGI60-11.01206     0.06840   46.684189    8.437693   -1.020    0.537  1
RGI60-11.03814     0.06816   44.863030    6.254160   -0.122    0.403  1
RGI60-11.03849     0.06803   46.242153    9.541997   -0.113    0.572  1
RGI60-11.01471     0.06777   46.556311    8.070358   -0.223    0.631  1
RGI60-11.01167     0.06750   46.705072    8.696351   -0.780    0.548  1
RGI60-11.03195     0.06750   45.262016    7.133346   -0.654    0.364  1
RGI60-11.01518     0.06750   46.541858    8.521325   -0.191    0.301  1
RGI60-11.03206     0.06748   42.632395    0.659054   -1.393    0.708  1
RGI60-11.03835     0.06715   45.262102    7.134114   -0.489    0.334  1
RGI60-11.02631     0.06711   46.084274    7.850103   -0.028    0.686  1
RGI60-11.03919     0.06708   46.633224   12.385447    0.849    0.586  1
RGI60-11.02213     0.06705   46.354767    9.978202    0.148    0.275  1
RGI60-11.01899     0.06680   46.438993    7.677680   -0.490    0.374  1
RGI60-11.01917     0.06665   46.434534    7.951986   -1.007    0.544  1
RGI60-11.01178     0.06660   46.696248    8.316260   -0.501    0.556  1
RGI60-11.03004     0.06660   45.843337    6.941627   -0.679    0.443  1
RGI60-11.02844     0.06660   45.970689    7.664462   -0.599    0.425  1
RGI60-11.02431     0.06651   46.202612    7.997216   -0.027    0.425  1
RGI60-11.03291     0.06645   45.250259    7.000048   -0.421    0.352  1
RGI60-11.03407     0.06597   44.927601    6.380474   -0.763    0.497  1
RGI60-11.02842     0.06583   45.967957    7.440778   -0.544    0.394  1
RGI60-11.02644     0.06576   46.074372    7.584156   -0.300    0.370  1
RGI60-11.02545     0.06570   46.130075   10.584534   -0.512    0.337  1
RGI60-11.00911     0.06570   46.825188    8.928635   -0.170    0.348  1
RGI60-11.00492     0.06570   46.993326   11.841069   -0.460    0.500  1
RGI60-11.03115     0.06570   45.526006    7.005155   -0.618    0.385  1
RGI60-11.03462     0.06554   44.782008    6.242549   -0.142    0.433  1
RGI60-11.02312     0.06540   46.298345    9.679287   -0.216    0.341  1
RGI60-11.00361     0.06480   47.047002   11.966731   -0.800    0.487  1
RGI60-11.00444     0.06480   47.036670   10.817743   -0.326    0.468  1
RGI60-11.01726     0.06480   46.483955   10.625823   -0.979    0.534  1
RGI60-11.01926     0.06480   46.437596    8.721154   -0.252    0.491  1
RGI60-11.00858     0.06480   46.845055    9.041003   -0.837    0.486  1
RGI60-11.01106     0.06480   46.737622   11.035703   -0.997    0.492  1
RGI60-11.00039     0.06478   47.174651   12.141310   -0.299    0.308  1
RGI60-11.02005     0.06460   46.410034    7.864834   -0.528    0.440  1
RGI60-11.03713     0.06422   45.769589    6.804126   -0.140    0.288  1
RGI60-11.02040     0.06413   46.405625    7.954952   -1.292    0.630  1
RGI60-11.00596     0.06390   46.992183    9.002035   -0.799    0.507  1
RGI60-11.01639     0.06390   46.512925    9.050487   -0.935    0.541  1
RGI60-11.00096     0.06390   47.167273   11.055107   -0.673    0.365  1
RGI60-11.02974     0.06390   45.893887    7.375787   -0.558    0.372  1
RGI60-11.00425     0.06390   47.053366   10.226686   -1.305    0.688  1
RGI60-11.01861     0.06390   46.447241   10.594460   -0.476    0.421  1
RGI60-11.02221     0.06390   46.352201    9.745467   -0.875    0.562  1
RGI60-11.00814     0.06309   46.846473   10.799832   -0.649    0.391  1
RGI60-11.00948     0.06300   46.794006   11.030171   -0.545    0.392  1
RGI60-11.00332     0.06300   47.076671   11.086395   -0.446    0.352  1
RGI60-11.02767     0.06300   46.010031    7.370308   -0.093    0.275  1
RGI60-11.00639     0.06300   46.941100   11.159046   -0.687    0.423  1
RGI60-11.02527     0.06300   46.130583    6.889919   -0.444    0.393  1
RGI60-11.02931     0.06300   45.923595    7.927870   -0.361    0.511  1
RGI60-11.02857     0.06282   45.962313    7.317498   -0.132    0.248  1
RGI60-11.02903     0.06274   45.939475    7.869851   -0.307    0.626  1
RGI60-11.03892     0.06272   46.382144   12.048489    0.262    0.483  1
RGI60-11.03592     0.06270   45.760277    6.753531   -0.387    0.316  1
RGI60-11.00371     0.06238   47.057993   11.165965   -0.889    0.616  1
RGI60-11.00626     0.06232   46.955382   11.161516   -0.629    0.415  1
RGI60-11.03141     0.06210   45.513386    7.329904   -1.140    0.704  1
RGI60-11.02543     0.06210   46.137529    8.016666   -0.717    0.645  1
RGI60-11.00614     0.06208   46.942290   12.161369   -0.658    0.385  1
RGI60-11.00207     0.06201   47.089687   12.281006   -0.502    0.446  1
RGI60-11.00320     0.06199   47.030925   13.024436   -1.235    0.717  1
RGI60-11.01312     0.06142   46.618354    8.915402   -0.265    0.367  1
RGI60-11.03309     0.06129   44.858601    6.394138   -0.959    0.823  1
RGI60-11.01189     0.06129   46.694191    8.688690   -0.190    0.330  1
RGI60-11.00430     0.06120   47.042659   10.805116   -0.764    0.566  1
RGI60-11.01924     0.06120   46.432846    7.909203   -0.672    0.559  1
RGI60-11.02953     0.06120   45.910122    7.589238   -1.075    0.708  1
RGI60-11.02372     0.06120   46.255671    9.751600   -0.267    0.462  1
RGI60-11.00336     0.06120   47.089171   10.149077   -0.505    0.391  1
RGI60-11.02533     0.06120   46.139448    7.672967   -1.192    0.618  1
RGI60-11.00071     0.06116   47.147272   12.403452   -0.176    0.241  1
RGI60-11.00902     0.06110   46.812312   10.925326   -0.705    0.392  1
RGI60-11.03331     0.06046   44.904830    6.144218    0.617    0.637  1
RGI60-11.03790     0.06033   44.897554    6.287729   -0.747    0.569  1
RGI60-11.02467     0.06030   46.171235    8.026876    0.014    0.400  1
RGI60-11.00956     0.06030   46.804258   10.070189   -1.018    0.691  1
RGI60-11.00842     0.06030   46.846140   10.134283   -0.278    0.268  1
RGI60-11.02283     0.06030   46.314933    9.687060    0.058    0.414  1
RGI60-11.02125     0.06030   46.387507   10.203956   -1.045    0.571  1
RGI60-11.02318     0.06030   46.293241    9.680935   -0.261    0.424  1
RGI60-11.00460     0.06030   47.009462   11.878279   -0.179    0.496  1
RGI60-11.00453     0.06030   47.012494   11.768454   -1.760    1.181  1
RGI60-11.00733     0.06026   46.891550   10.234892   -1.044    0.671  1
RGI60-11.03611     0.06025   45.171619    6.896366   -0.560    0.461  1
RGI60-11.00297     0.06020   47.040731   13.014373   -0.574    0.588  1
RGI60-11.03821     0.06019   44.189470    7.301042   -0.454    0.548  1
RGI60-11.03624     0.06019   44.819222    6.357419   -0.201    0.368  1
RGI60-11.03620     0.06017   45.246154    6.126023   -0.840    0.554  1
RGI60-11.03455     0.06017   44.867066    6.135990    0.001    0.534  1
RGI60-11.02833     0.05998   45.970790    7.323451   -0.449    0.383  1
RGI60-11.03465     0.05992   45.272590    6.137357   -0.636    0.565  1
RGI60-11.02304     0.05940   46.302530    9.571012    0.102    0.494  1
RGI60-11.00669     0.05940   46.928904   10.793622   -0.185    0.279  1
RGI60-11.03064     0.05940   45.616492    7.100587   -0.368    0.329  1
RGI60-11.02114     0.05940   46.389473   10.191093   -0.365    0.392  1
RGI60-11.02137     0.05940   46.384761    7.858718   -0.564    0.421  1
RGI60-11.02425     0.05940   46.212356   10.683781   -0.403    0.368  1
RGI60-11.03896     0.05939   46.554064   12.062591   -0.124    0.424  1
RGI60-11.00153     0.05937   47.112498   12.255610   -0.243    0.280  1
RGI60-11.00212     0.05934   47.079342   12.588099   -0.562    0.397  1
RGI60-11.02871     0.05934   45.957900    7.680818   -0.487    0.395  1
RGI60-11.03803     0.05912   44.917470    6.146290   -0.577    0.591  1
RGI60-11.03581     0.05893   45.773137    6.756010   -0.372    0.504  1
RGI60-11.03469     0.05853   44.884570    6.347989   -1.045    0.741  1
RGI60-11.03406     0.05850   45.227046    7.080711   -0.367    0.347  1
RGI60-11.01135     0.05850   46.734530    8.689229   -0.146    0.507  1
RGI60-11.00470     0.05850   47.022385   11.040841   -0.669    0.411  1
RGI60-11.01035     0.05850   46.768556   10.675549   -0.982    0.578  1
RGI60-11.01850     0.05850   46.452660   10.526789   -0.597    0.426  1
RGI60-11.02315     0.05850   46.295160    8.120489   -0.618    0.503  1
RGI60-11.01297     0.05850   46.624992    8.791037   -0.400    0.395  1
RGI60-11.00042     0.05849   47.171885   12.087515   -0.609    0.414  1
RGI60-11.00607     0.05848   46.945040   12.164613   -0.664    0.477  1
RGI60-11.03460     0.05847   45.251635    7.069201   -0.565    0.451  1
RGI60-11.00631     0.05845   46.949255   11.160939   -0.376    0.327  1
RGI60-11.00113     0.05841   47.121324   12.663747   -0.456    0.385  1
RGI60-11.00183     0.05838   47.071417   13.227258   -0.727    0.518  1
RGI60-11.03346     0.05832   45.382032    6.919771   -0.300    0.283  1
RGI60-11.02047     0.05832   46.404763    7.951293   -0.725    0.459  1
RGI60-11.01996     0.05822   46.412133    7.709468   -0.860    0.527  1
RGI60-11.01232     0.05820   46.655240    8.404590   -0.607    0.715  1
RGI60-11.03742     0.05814   45.246685    7.073482   -0.538    0.461  1
RGI60-11.02603     0.05778   46.093429    7.706957    0.025    0.354  1
RGI60-11.00946     0.05768   46.812981    8.935386   -0.377    0.531  1
RGI60-11.03747     0.05768   45.279648    6.759080   -0.121    0.265  1
RGI60-11.03496     0.05768   44.899661    6.353524   -0.171    0.345  1
RGI60-11.03824     0.05762   44.143515    7.401121   -0.895    0.875  1
RGI60-11.01371     0.05760   46.597807    8.269883   -0.309    0.548  1
RGI60-11.01016     0.05760   46.785851    8.576026   -0.305    0.431  1
RGI60-11.01226     0.05760   46.656473    8.117198   -0.796    0.600  1
RGI60-11.00711     0.05760   46.894097   10.776461   -0.527    0.336  1
RGI60-11.00997     0.05760   46.794001    8.821008   -0.668    0.518  1
RGI60-11.03061     0.05760   45.620808    6.988770   -0.714    0.574  1
RGI60-11.02969     0.05757   45.894038    7.245547   -0.085    0.301  1
RGI60-11.00053     0.05757   47.156941   12.356246   -0.095    0.382  1
RGI60-11.03252     0.05756   47.555693   12.929357   -0.351    0.373  1
RGI60-11.03621     0.05730   44.851902    6.213720   -0.225    0.348  1
RGI60-11.03825     0.05717   44.143349    7.412772   -0.479    0.609  1
RGI60-11.03622     0.05715   44.953418    6.389872    0.160    0.554  1
RGI60-11.01754     0.05682   46.479737   10.567600   -0.382    0.523  1
RGI60-11.02070     0.05670   46.400838    9.984353   -0.577    0.482  1
RGI60-11.02260     0.05670   46.319259   10.442682   -1.096    0.607  1
RGI60-11.01138     0.05670   46.725568    9.960800   -1.194    0.732  1
RGI60-11.03078     0.05670   45.578868    7.523771   -0.431    0.336  1
RGI60-11.02100     0.05670   46.395271    9.911269   -0.671    0.598  1
RGI60-11.02614     0.05670   46.090405   10.031397   -0.772    0.612  1
RGI60-11.03151     0.05670   45.501351    7.266938   -0.672    0.432  1
RGI60-11.00566     0.05670   46.969758   11.725324   -1.045    0.612  1
RGI60-11.03181     0.05670   45.347564    7.136958   -1.175    0.552  1
RGI60-11.02826     0.05670   45.971561    7.074275   -0.702    0.456  1
RGI60-11.02420     0.05670   46.222494   10.574012   -1.162    0.631  1
RGI60-11.01274     0.05670   46.631519    9.898778   -0.577    0.433  1
RGI60-11.02446     0.05670   46.183047    7.728968   -0.705    0.450  1
RGI60-11.00446     0.05670   47.035686   10.792983   -0.729    0.448  1
RGI60-11.03217     0.05663   42.660308    0.437466   -0.883    0.595  1
RGI60-11.03595     0.05662   45.146506    6.543705   -0.064    0.321  1
RGI60-11.03277     0.05656   45.389209    7.008671   -0.118    0.222  1
RGI60-11.00005     0.05655   47.477397   13.602603   -0.430    0.437  1
RGI60-11.01616     0.05648   46.514579    9.391111   -0.568    0.356  1
RGI60-11.03894     0.05644   46.343106   12.057908    0.080    0.297  1
RGI60-11.03884     0.05613   46.440817   11.849529   -0.028    0.423  1
RGI60-11.01087     0.05608   46.761539    8.545628   -1.815    1.217  1
RGI60-11.03335     0.05607   44.908515    6.276223   -0.884    0.773  1
RGI60-11.01103     0.05599   46.754258    8.429530   -0.803    0.629  1
RGI60-11.02808     0.05585   45.983226    7.262510   -0.299    0.361  1
RGI60-11.00678     0.05580   46.932695    8.943710   -0.530    0.406  1
RGI60-11.00466     0.05580   47.029365   10.815059   -0.505    0.370  1
RGI60-11.00692     0.05580   46.902894   10.680295   -0.972    0.644  1
RGI60-11.00974     0.05580   46.803726    8.978190   -1.176    0.705  1
RGI60-11.02345     0.05580   46.284796    9.566373   -0.111    0.429  1
RGI60-11.01204     0.05580   46.685285    8.432001   -0.663    0.523  1
RGI60-11.01376     0.05580   46.596714    8.611092   -0.376    0.327  1
RGI60-11.02900     0.05580   45.933439    7.277087   -0.728    0.473  1
RGI60-11.00059     0.05576   47.151397   12.431741   -0.461    0.450  1
RGI60-11.03391     0.05558   45.876832    6.881695   -0.606    0.495  1
RGI60-11.03474     0.05556   45.435259    7.046373   -0.277    0.372  1
RGI60-11.02655     0.05546   46.067959    7.436002   -0.523    0.366  1
RGI60-11.00913     0.05535   46.824267    8.796610   -0.850    0.588  1
RGI60-11.02721     0.05490   46.033419    7.359562   -0.311    0.291  1
RGI60-11.02270     0.05490   46.314752   10.440096   -0.634    0.346  1
RGI60-11.03189     0.05490   45.329801    7.143532   -0.186    0.369  1
RGI60-11.03059     0.05490   45.625428    6.998252   -0.397    0.337  1
RGI60-11.00636     0.05490   46.943265   11.163221   -0.730    0.487  1
RGI60-11.01960     0.05490   46.422889    9.901871   -0.730    0.512  1
RGI60-11.00743     0.05490   46.886007   10.042202   -1.216    0.718  1
RGI60-11.00023     0.05484   47.178417   12.683633   -0.780    0.445  1
RGI60-11.03448     0.05469   44.949504    6.424024   -0.533    0.366  1
RGI60-11.01066     0.05464   46.769163    8.485129   -1.505    0.951  1
RGI60-11.03528     0.05452   46.024256    6.846612   -0.142    0.273  1
RGI60-11.03340     0.05431   45.327641    6.894686   -0.553    0.324  1
RGI60-11.02880     0.05403   45.951937    7.792508   -0.895    0.654  1
RGI60-11.02043     0.05402   46.398837   10.628144   -0.301    0.335  1
RGI60-11.00795     0.05400   46.863454   10.063117   -0.400    0.407  1
RGI60-11.00993     0.05400   46.795204    8.940215   -0.946    0.574  1
RGI60-11.02253     0.05400   46.335521    9.780870   -0.423    0.543  1
RGI60-11.01282     0.05400   46.627856    8.175616   -0.444    0.372  1
RGI60-11.02636     0.05400   46.083211    8.004605   -0.389    0.456  1
RGI60-11.02362     0.05400   46.262746    9.761034    0.020    0.452  1
RGI60-11.00715     0.05400   46.893971   10.659911   -0.402    0.439  1
RGI60-11.00802     0.05400   46.848384   10.957511   -0.389    0.400  1
RGI60-11.03149     0.05400   45.507094    7.289292   -1.319    0.657  1
RGI60-11.03257     0.05399   45.182042    6.931499   -0.379    0.354  1
RGI60-11.02061     0.05388   46.397371    7.529525   -0.567    0.432  1
RGI60-11.03435     0.05383   44.902793    6.284566   -0.601    0.528  1
RGI60-11.01372     0.05374   46.598416    8.405828   -1.225    0.654  1
RGI60-11.03221     0.05371   42.678488    0.034421   -0.871    0.570  1
RGI60-11.03210     0.05356   42.652138    0.632338   -0.402    0.404  1
RGI60-11.01031     0.05355   46.782335    8.934848   -1.047    0.593  1
RGI60-11.02647     0.05310   46.073868    7.576535   -0.667    0.427  1
RGI60-11.01132     0.05310   46.738069    8.768820   -1.040    0.565  1
RGI60-11.02423     0.05310   46.213207   10.673953   -1.313    1.032  1
RGI60-11.01003     0.05310   46.791407    8.974784    0.085    0.432  1
RGI60-11.00543     0.05310   46.975544   11.702563   -0.332    0.556  1
RGI60-11.02071     0.05310   46.401833    9.819325   -0.650    0.521  1
RGI60-11.03338     0.05308   45.306620    6.158078   -0.370    0.556  1
RGI60-11.01891     0.05308   46.443662    7.775994   -0.802    0.563  1
RGI60-11.00486     0.05303   46.969310   12.744008   -0.498    0.393  1
RGI60-11.03921     0.05303   46.440613   13.439050    1.094    0.691  1
RGI60-11.03233     0.05299   42.783762   -0.259066   -0.532    0.431  1
RGI60-11.00004     0.05296   47.480728   13.582883   -0.383    0.511  1
RGI60-11.03526     0.05291   44.852011    6.221889   -0.832    0.523  1
RGI60-11.03294     0.05286   44.784146    6.297725   -0.364    0.410  1
RGI60-11.02788     0.05281   46.000435    7.908235   -0.610    0.564  1
RGI60-11.03383     0.05235   44.889917    6.359946   -0.682    0.811  1
RGI60-11.03225     0.05221   42.703613    0.031801   -1.260    0.942  1
RGI60-11.02564     0.05220   46.113423   10.589413   -0.232    0.317  1
RGI60-11.00365     0.05218   47.035262   12.255785   -0.403    0.369  1
RGI60-11.00319     0.05216   47.050957   12.409889   -0.900    0.556  1
RGI60-11.00465     0.05213   46.981826   12.740551   -0.472    0.493  1
RGI60-11.03920     0.05199   46.633126   12.393304    0.929    1.021  1
RGI60-11.03890     0.05187   46.548216   12.018958   -0.295    0.438  1
RGI60-11.03421     0.05186   44.905826    6.279622   -0.990    0.674  1
RGI60-11.03880     0.05158   46.440028   11.841847   -0.318    0.363  1
RGI60-11.03342     0.05135   44.996503    6.344293   -0.464    0.349  1
RGI60-11.01286     0.05130   46.629498    8.953381    0.048    0.251  1
RGI60-11.02266     0.05130   46.325559    9.684775   -0.385    0.335  1
RGI60-11.01794     0.05130   46.481533    9.108760   -0.583    0.616  1
RGI60-11.02720     0.05130   46.037963    7.621071   -0.031    0.461  1
RGI60-11.02784     0.05130   45.992607    7.063250   -0.906    0.615  1
RGI60-11.01679     0.05130   46.501132    8.174424   -1.380    0.730  1
RGI60-11.01333     0.05130   46.610008    8.877980   -0.644    0.426  1
RGI60-11.03191     0.05130   45.326172    7.122702   -0.544    0.357  1
RGI60-11.01325     0.05130   46.611802    8.370969   -1.180    0.687  1
RGI60-11.01115     0.05130   46.745213    8.448712   -0.760    0.548  1
RGI60-11.00838     0.05130   46.846869   10.125054   -0.922    0.626  1
RGI60-11.00139     0.05128   47.119355   12.243549   -0.314    0.359  1
RGI60-11.01027     0.05122   46.783362    8.569417   -0.266    0.484  1
RGI60-11.01407     0.05082   46.580874    8.100680   -0.957    0.528  1
RGI60-11.01244     0.05081   46.645838    8.392992   -0.576    0.734  1
RGI60-11.03859     0.05050   46.257237   10.696603   -0.142    0.397  1
RGI60-11.03211     0.05048   42.700611    0.556987   -0.688    0.476  1
RGI60-11.00309     0.05046   47.060301   12.261233   -0.464    0.416  1
RGI60-11.00851     0.05040   46.848818    9.055656   -1.095    0.618  1
RGI60-11.01018     0.05040   46.786365    8.939364   -0.864    0.513  1
RGI60-11.02989     0.05040   45.878178    7.553099   -0.770    0.491  1
RGI60-11.02022     0.05040   46.411289    9.820209    0.480    0.385  1
RGI60-11.01520     0.05040   46.536628    7.945687   -0.712    0.562  1
RGI60-11.01240     0.05040   46.650543    8.353043   -0.350    0.454  1
RGI60-11.03163     0.05040   45.481823    7.044721   -0.483    0.479  1
RGI60-11.01093     0.05040   46.746416   10.731668   -0.794    0.565  1
RGI60-11.02942     0.05024   45.919261    7.874652   -0.245    0.476  1
RGI60-11.03255     0.04991   45.019141    6.335464   -1.854    1.074  1
RGI60-11.01494     0.04989   46.550241    9.731361   -0.319    0.358  1
RGI60-11.03831     0.04987   44.662038    7.091386   -0.378    0.376  1
RGI60-11.01976     0.04984   46.414214    7.559213   -0.607    0.427  1
RGI60-11.03267     0.04982   44.917977    6.115591    0.164    0.605  1
RGI60-11.03410     0.04981   45.273499    7.061165   -0.389    0.426  1
RGI60-11.03463     0.04973   45.517172    6.863708   -0.565    0.442  1
RGI60-11.03610     0.04963   45.152692    6.138432   -0.906    0.808  1
RGI60-11.00792     0.04956   46.864458   10.137494   -1.211    0.782  1
RGI60-11.01638     0.04950   46.507116    7.841423   -0.462    0.409  1
RGI60-11.00456     0.04950   47.028529   11.035583   -0.745    0.485  1
RGI60-11.01554     0.04950   46.531857    9.019417   -0.978    0.755  1
RGI60-11.02738     0.04950   46.031312    7.813634   -0.707    0.566  1
RGI60-11.00748     0.04950   46.882745   10.148138   -0.629    0.455  1
RGI60-11.01230     0.04950   46.654849    8.128774   -0.980    0.774  1
RGI60-11.02565     0.04950   46.120515    8.039091   -0.618    0.762  1
RGI60-11.03142     0.04950   45.512926    7.321786    1.500    0.859  1
RGI60-11.01403     0.04950   46.582172    8.201802   -0.141    0.265  1
RGI60-11.03842     0.04950   46.482208    9.276855   -0.586    0.508  1
RGI60-11.03136     0.04942   45.516968    7.305480   -1.630    0.911  1
RGI60-11.03304     0.04931   44.849910    6.218246   -0.179    0.496  1
RGI60-11.03240     0.04902   42.447352   19.815905   -1.707    0.880  1
RGI60-11.03485     0.04890   44.812769    6.338728    0.070    0.454  1
RGI60-11.03801     0.04872   44.875331    6.196150   -0.767    0.623  1
RGI60-11.03079     0.04860   45.570983    7.079621   -0.613    0.371  1
RGI60-11.00372     0.04860   47.058681   11.172841   -1.062    0.641  1
RGI60-11.00742     0.04860   46.886843   10.155234   -0.995    0.794  1
RGI60-11.02185     0.04860   46.368756    7.818496   -1.083    0.869  1
RGI60-11.03133     0.04860   45.518919    7.367850   -0.558    0.412  1
RGI60-11.00756     0.04860   46.872400   10.674102   -0.410    0.407  1
RGI60-11.02363     0.04860   46.261469    9.746547    0.385    0.446  1
RGI60-11.01460     0.04829   46.557756    8.062441   -2.764    2.209  1
RGI60-11.03442     0.04794   45.317646    7.108035   -0.207    0.233  1
RGI60-11.01591     0.04779   46.517777    8.153229   -0.937    0.624  1
RGI60-11.00433     0.04774   47.017545   11.881202    0.005    0.385  1
RGI60-11.03762     0.04771   44.982228    6.032999   -1.033    0.619  1
RGI60-11.01125     0.04770   46.741822    8.816566   -0.592    0.439  1
RGI60-11.00339     0.04770   47.088127   10.138518   -1.241    0.756  1
RGI60-11.01350     0.04770   46.601625    9.841837    0.058    0.328  1
RGI60-11.02066     0.04770   46.399151   10.226439   -0.889    0.557  1
RGI60-11.02633     0.04770   46.083916    9.980037   -1.860    1.363  1
RGI60-11.01832     0.04770   46.467359    8.101656   -0.699    0.586  1
RGI60-11.00854     0.04767   46.846683    8.881850   -0.670    0.643  1
RGI60-11.03387     0.04749   44.976288    6.384947   -0.394    0.530  1
RGI60-11.00529     0.04714   46.999988   10.819732   -0.722    0.513  1
RGI60-11.03430     0.04696   45.358151    6.784704   -0.986    0.875  1
RGI60-11.03289     0.04682   44.905489    6.115747   -0.849    0.574  1
RGI60-11.03251     0.04680   47.571725   12.866238   -0.294    0.611  1
RGI60-11.01118     0.04680   46.743991    8.443395   -0.853    0.581  1
RGI60-11.02210     0.04680   46.357444   10.113939   -0.188    0.286  1
RGI60-11.02227     0.04680   46.348896    9.715674   -1.200    0.740  1
RGI60-11.02364     0.04680   46.260527    9.970198   -0.436    0.480  1
RGI60-11.02398     0.04680   46.231737   10.620307   -0.529    0.419  1
RGI60-11.02371     0.04680   46.256736    9.761138    0.132    0.283  1
RGI60-11.00180     0.04676   47.097899   12.462997   -0.114    0.324  1
RGI60-11.03477     0.04665   44.959155    6.321122   -0.064    0.933  1
RGI60-11.03227     0.04600   42.705676    0.015433   -1.058    0.770  1
RGI60-11.01195     0.04590   46.688847    9.976583   -0.839    0.574  1
RGI60-11.00461     0.04590   47.030796   10.819708   -0.834    0.466  1
RGI60-11.02547     0.04590   46.131742    7.754978   -0.894    0.803  1
RGI60-11.01606     0.04590   46.514681    8.194652   -0.455    0.566  1
RGI60-11.00973     0.04590   46.803887    8.863104   -1.047    0.643  1
RGI60-11.00530     0.04590   46.988716   11.290108   -0.415    0.519  1
RGI60-11.02480     0.04590   46.159206   10.491582   -0.449    0.387  1
RGI60-11.02126     0.04590   46.387872    7.842594   -1.340    0.905  1
RGI60-11.00393     0.04590   47.048716   11.292909   -0.161    0.662  1
RGI60-11.01060     0.04590   46.772550    8.506171   -0.426    0.540  1
RGI60-11.02026     0.04590   46.406485   10.285292   -0.421    0.391  1
RGI60-11.03798     0.04580   44.861290    6.207288   -1.080    0.953  1
RGI60-11.03336     0.04552   44.997392    6.348266   -0.639    0.494  1
RGI60-11.02705     0.04544   46.048345    7.867938   -0.879    0.495  1
RGI60-11.02815     0.04525   45.988711    7.906673   -0.574    0.595  1
RGI60-11.01937     0.04514   46.427053    7.681860   -0.685    0.532  1
RGI60-11.01461     0.04507   46.557762    7.994520   -0.386    0.472  1
RGI60-11.01546     0.04500   46.533641    9.699112   -0.079    0.304  1
RGI60-11.00273     0.04500   47.099609   11.076764   -0.608    0.528  1
RGI60-11.02485     0.04500   46.151252   10.871313   -1.014    0.628  1
RGI60-11.02060     0.04500   46.406197    8.465527   -0.343    0.397  1
RGI60-11.00599     0.04500   46.971041   11.106093   -0.554    0.386  1
RGI60-11.02667     0.04500   46.067510    9.974593   -1.232    0.832  1
RGI60-11.01573     0.04500   46.515667   10.549678    0.184    0.664  1
RGI60-11.01276     0.04500   46.631910    8.354315   -0.749    0.637  1
RGI60-11.02888     0.04500   45.945853    7.404129   -1.219    0.620  1
RGI60-11.02531     0.04500   46.128063    6.882925   -0.318    0.427  1
RGI60-11.01981     0.04497   46.419487    8.286251   -0.513    0.552  1
RGI60-11.03789     0.04496   44.899569    6.283965   -1.036    0.811  1
RGI60-11.03850     0.04495   46.243441    9.548003    0.129    0.517  1
RGI60-11.00179     0.04493   47.083949   12.895378   -0.064    0.339  1
RGI60-11.03823     0.04491   44.148907    7.389022   -0.572    0.735  1
RGI60-11.01555     0.04478   46.527455    8.113270   -0.507    0.434  1
RGI60-11.02881     0.04472   45.944595    7.311539    0.235    0.502  1
RGI60-11.01053     0.04445   46.774814    8.497056   -0.384    0.351  1
RGI60-11.03413     0.04443   44.868424    6.251553   -1.166    0.843  1
RGI60-11.00939     0.04432   46.814616    8.918127   -0.491    0.541  1
RGI60-11.03718     0.04431   45.489021    6.796683   -0.257    0.459  1
RGI60-11.03574     0.04416   44.796079    6.410572   -0.327    0.392  1
RGI60-11.02831     0.04410   45.976251    7.533048   -0.689    0.459  1
RGI60-11.00315     0.04410   47.087614   10.881618   -0.521    0.426  1
RGI60-11.01337     0.04410   46.607335    8.414150   -0.110    0.382  1
RGI60-11.02657     0.04410   46.067013    7.422118   -0.519    0.374  1
RGI60-11.02212     0.04410   46.357318    9.742788    0.039    0.328  1
RGI60-11.00812     0.04410   46.841735   11.065253   -0.572    0.494  1
RGI60-11.02359     0.04410   46.267307    9.786041   -0.649    0.482  1
RGI60-11.03708     0.04406   45.122465    6.118608   -0.201    0.256  1
RGI60-11.00026     0.04405   47.172421   12.676566   -0.345    0.408  1
RGI60-11.00417     0.04404   46.999425   12.803522   -0.518    0.473  1
RGI60-11.01984     0.04399   46.413141    7.558643   -0.204    0.247  1
RGI60-11.03517     0.04398   45.535804    6.857653   -0.465    0.442  1
RGI60-11.03608     0.04381   45.386154    6.938789   -0.605    0.453  1
RGI60-11.03828     0.04378   44.661781    7.078226    0.055    0.421  1
RGI60-11.03541     0.04378   45.770694    6.754915   -0.700    0.677  1
RGI60-11.02449     0.04377   46.181893    7.996684   -0.359    0.460  1
RGI60-11.03562     0.04372   44.860988    6.398341   -0.616    0.449  1
RGI60-11.01051     0.04356   46.774278    8.402628   -0.210    0.524  1
RGI60-11.02622     0.04345   46.087346    7.857839    1.622    1.569  1
RGI60-11.03751     0.04332   45.296825    6.148161   -0.169    0.607  1
RGI60-11.01882     0.04320   46.447765    7.936383   -0.632    0.680  1
RGI60-11.00451     0.04320   47.033208   10.789401   -0.671    0.509  1
RGI60-11.01529     0.04320   46.540161    9.158672   -0.893    0.541  1
RGI60-11.02237     0.04320   46.344223    9.679778   -0.147    0.537  1
RGI60-11.02239     0.04320   46.341340    9.980846   -0.875    0.585  1
RGI60-11.02258     0.04320   46.329533    8.227512   -0.547    0.638  1
RGI60-11.01423     0.04320   46.577321    8.724667   -0.595    0.519  1
RGI60-11.00671     0.04320   46.927036   10.783940    0.154    0.326  1
RGI60-11.01439     0.04316   46.572902    8.857750   -0.290    0.389  1
RGI60-11.00032     0.04315   47.163095   12.689710   -0.594    0.518  1
RGI60-11.00154     0.04314   47.095820   12.810667   -0.149    0.257  1
RGI60-11.03591     0.04272   45.170175    6.155753   -0.487    0.385  1
RGI60-11.01988     0.04257   46.411881    7.549182   -0.651    0.779  1
RGI60-11.01298     0.04240   46.620344    8.139657    0.487    0.520  1
RGI60-11.03219     0.04239   42.725564    0.142466   -0.620    0.497  1
RGI60-11.01130     0.04234   46.738532    8.772475   -0.308    0.396  1
RGI60-11.00125     0.04233   47.112459   12.731041   -0.287    0.290  1
RGI60-11.02225     0.04230   46.349978    9.824460   -0.610    0.534  1
RGI60-11.00527     0.04230   46.998118   10.926936   -0.714    0.507  1
RGI60-11.00085     0.04230   47.187209    9.986271   -0.093    0.385  1
RGI60-11.03060     0.04230   45.625265    7.002842   -0.671    0.485  1
RGI60-11.03098     0.04230   45.543330    7.067633   -0.231    0.236  1
RGI60-11.03130     0.04230   45.518244    7.137029   -0.517    0.441  1
RGI60-11.02090     0.04230   46.390123   10.599726   -1.077    0.697  1
RGI60-11.01907     0.04230   46.440087    8.035233   -0.874    0.839  1
RGI60-11.01941     0.04230   46.426014   10.296899   -0.485    0.373  1
RGI60-11.02535     0.04230   46.140620    7.874580   -0.275    0.406  1
RGI60-11.02046     0.04230   46.400857   10.443243   -0.290    0.371  1
RGI60-11.02575     0.04230   46.110079    8.030444   -0.622    0.756  1
RGI60-11.02179     0.04230   46.374945    7.861758   -0.690    0.572  1
RGI60-11.02556     0.04230   46.120386   10.585671   -0.443    0.436  1
RGI60-11.01854     0.04230   46.456925    8.049839   -0.875    0.643  1
RGI60-11.00209     0.04230   47.105276   11.734332   -0.763    0.482  1
RGI60-11.00436     0.04228   47.009752   12.225150   -0.666    0.476  1
RGI60-11.02004     0.04205   46.409148    7.703818   -0.019    0.343  1
RGI60-11.03445     0.04188   44.892545    6.177783   -1.214    1.105  1
RGI60-11.03714     0.04179   45.505181    6.861479   -0.042    0.233  1
RGI60-11.02306     0.04170   46.301220    8.190736   -0.527    0.428  1
RGI60-11.02943     0.04161   45.913247    7.419886   -0.597    0.463  1
RGI60-11.03898     0.04159   46.555118   12.071578   -0.136    0.479  1
RGI60-11.02757     0.04142   46.008399    7.016084   -1.111    0.825  1
RGI60-11.02735     0.04140   46.035938    8.013938   -0.268    0.427  1
RGI60-11.02792     0.04140   46.001451    7.988247   -0.974    0.683  1
RGI60-11.02637     0.04140   46.074610    7.304259   -0.790    0.499  1
RGI60-11.02612     0.04140   46.091001   10.035929   -0.455    0.533  1
RGI60-11.02763     0.04140   46.012641    7.389415   -0.594    0.574  1
RGI60-11.00276     0.04135   47.056769   12.742928   -1.000    0.669  1
RGI60-11.00549     0.04134   46.944615   12.787040   -1.048    0.673  1
RGI60-11.02404     0.04130   46.228092   10.653545   -0.624    0.547  1
RGI60-11.03725     0.04112   45.407191    7.072600    0.012    0.256  1
RGI60-11.03737     0.04092   45.322947    7.106029    0.067    0.234  1
RGI60-11.03220     0.04082   42.717775    0.129753   -0.383    0.381  1
RGI60-11.03461     0.04068   45.418063    6.755525   -0.249    0.419  1
RGI60-11.02134     0.04053   46.380822   10.536366   -0.589    0.368  1
RGI60-11.00965     0.04052   46.805950    8.774308   -0.107    0.514  1
RGI60-11.02530     0.04050   46.130151    6.938056   -0.764    0.650  1
RGI60-11.02548     0.04050   46.119745    6.929040   -0.425    0.340  1
RGI60-11.00645     0.04050   46.941397   10.920703   -0.657    0.512  1
RGI60-11.02077     0.04050   46.393277   10.624489   -1.205    0.839  1
RGI60-11.01592     0.04050   46.519420    8.475350   -0.399    0.414  1
RGI60-11.00337     0.04050   47.076212   11.063305   -0.764    0.516  1
RGI60-11.00147     0.04048   47.115183   12.251736   -0.472    0.411  1
RGI60-11.00217     0.04046   47.077672   12.582180   -0.480    0.353  1
RGI60-11.00581     0.04034   46.978992   11.101237   -0.207    0.302  1
RGI60-11.01645     0.04025   46.509859    9.380744   -0.678    0.464  1
RGI60-11.03212     0.04018   42.693190    0.511462   -0.532    0.422  1
RGI60-11.03329     0.04011   45.280963    6.610168   -0.412    0.448  1
RGI60-11.01241     0.04004   46.648997    8.166962   -1.131    0.800  1
RGI60-11.03453     0.04003   44.835261    6.335891   -0.967    0.799  1
RGI60-11.00760     0.03972   46.875649   10.234541   -0.919    0.719  1
RGI60-11.02422     0.03963   46.215540   10.666340   -0.502    0.444  1
RGI60-11.02149     0.03962   46.385422    8.320055   -0.331    0.399  1
RGI60-11.03043     0.03960   45.664719    7.020109   -0.434    0.352  1
RGI60-11.00427     0.03960   47.057094    9.715972   -0.018    0.350  1
RGI60-11.03017     0.03960   45.809224    6.881098   -0.588    0.538  1
RGI60-11.01548     0.03960   46.534319    9.151852   -0.711    0.642  1
RGI60-11.00570     0.03960   46.979928   11.236836   -0.803    0.490  1
RGI60-11.02689     0.03960   46.055020    7.694327   -0.293    0.407  1
RGI60-11.00083     0.03960   47.184250   10.370306   -0.931    0.602  1
RGI60-11.02116     0.03960   46.389392   10.198886    0.106    0.638  1
RGI60-11.02753     0.03960   46.018473    7.556782   -0.674    0.484  1
RGI60-11.01400     0.03960   46.582950    8.226854   -0.576    0.472  1
RGI60-11.01938     0.03960   46.430572    9.895305   -0.116    0.354  1
RGI60-11.02999     0.03960   45.862205    7.113251   -0.512    0.435  1
RGI60-11.00075     0.03960   47.186094   10.437635   -0.782    0.677  1
RGI60-11.03137     0.03960   45.512267    7.041446   -0.514    0.408  1
RGI60-11.00768     0.03960   46.866249   10.695427   -0.272    0.315  1
RGI60-11.02133     0.03960   46.385923    7.854272   -1.463    1.159  1
RGI60-11.00586     0.03959   46.952259   12.162229   -0.616    0.539  1
RGI60-11.00407     0.03959   47.023356   12.168116   -0.336    0.444  1
RGI60-11.03885     0.03951   46.255923   11.849934    0.389    0.657  1
RGI60-11.00896     0.03916   46.829918    8.828885   -0.245    0.611  1
RGI60-11.03420     0.03905   45.395329    7.012171    0.040    0.235  1
RGI60-11.01992     0.03897   46.413347    7.707566   -0.685    0.498  1
RGI60-11.02469     0.03890   46.166286   10.424424   -0.101    0.424  1
RGI60-11.03362     0.03877   44.961541    6.260325    0.165    0.371  1
RGI60-11.01685     0.03873   46.503029    8.451001   -0.957    0.680  1
RGI60-11.01097     0.03870   46.741750   11.008143   -0.889    0.803  1
RGI60-11.01959     0.03870   46.425157    8.333596   -0.521    0.567  1
RGI60-11.02122     0.03870   46.393269    9.468749    0.061    0.358  1
RGI60-11.03143     0.03870   45.512231    7.315552   -1.328    0.819  1
RGI60-11.03055     0.03870   45.628036    6.986943   -0.907    0.655  1
RGI60-11.00387     0.03870   47.053183   11.158367   -0.779    0.563  1
RGI60-11.02333     0.03870   46.290365    9.704564   -0.288    0.425  1
RGI60-11.02204     0.03870   46.364131    8.393056   -0.006    0.649  1
RGI60-11.01845     0.03870   46.459471    7.948199   -0.052    0.558  1
RGI60-11.00296     0.03870   47.071026   12.039342   -0.609    0.631  1
RGI60-11.00249     0.03864   47.056343   12.960431    0.170    0.711  1
RGI60-11.03330     0.03840   44.744095    6.194822   -0.082    0.568  1
RGI60-11.03583     0.03828   44.823817    6.363638   -0.389    0.678  1
RGI60-11.02772     0.03824   46.007780    7.525509   -0.829    0.638  1
RGI60-11.03631     0.03809   45.912352    6.961080   -0.278    0.357  1
RGI60-11.03858     0.03793   46.586751   10.102997   -0.823    0.822  1
RGI60-11.02933     0.03784   45.922097    7.874835    0.187    0.357  1
RGI60-11.01441     0.03782   46.566785    8.119430    0.260    0.339  1
RGI60-11.01538     0.03780   46.537098    9.158982   -0.375    0.386  1
RGI60-11.01129     0.03780   46.740582    8.758008   -1.437    0.981  1
RGI60-11.03129     0.03780   45.522455    7.356848   -0.364    0.388  1
RGI60-11.00609     0.03780   46.966424   11.207375   -0.881    0.782  1
RGI60-11.02180     0.03780   46.378675    9.582436   -0.476    0.493  1
RGI60-11.02573     0.03780   46.105805    7.362186   -0.636    0.608  1
RGI60-11.02791     0.03780   46.000730    7.969250   -0.761    0.679  1
RGI60-11.02048     0.03780   46.407205    8.282975   -1.117    0.774  1
RGI60-11.02086     0.03780   46.400911    9.472293   -0.218    0.388  1
RGI60-11.00302     0.03780   47.070627   11.978840   -1.129    1.035  1
RGI60-11.01155     0.03780   46.707578   10.216002   -0.200    0.281  1
RGI60-11.02383     0.03780   46.241064   10.676023   -0.502    0.450  1
RGI60-11.01649     0.03780   46.499153   10.624650   -0.101    0.248  1
RGI60-11.00412     0.03779   47.021133   12.169854   -0.827    0.517  1
RGI60-11.00388     0.03779   47.028175   12.200929   -0.251    0.540  1
RGI60-11.00515     0.03778   46.973259   12.241723   -0.812    0.706  1
RGI60-11.00367     0.03778   47.034672   12.269195   -0.328    0.503  1
RGI60-11.03200     0.03774   45.110870    6.785189    0.255    0.522  1
RGI60-11.01446     0.03770   46.563909    8.024645   -0.171    0.626  1
RGI60-11.03840     0.03763   45.827093    7.868969    1.451    0.907  1
RGI60-11.03904     0.03760   46.515131   12.211903   -0.380    0.733  1
RGI60-11.03457     0.03725   44.988433    5.937459   -0.492    0.572  1
RGI60-11.01658     0.03699   46.504563    7.934611   -0.333    0.483  1
RGI60-11.01654     0.03694   46.505103    7.998015   -0.018    0.303  1
RGI60-11.02453     0.03690   46.169289   10.897325   -0.094    0.506  1
RGI60-11.02542     0.03690   46.123909    6.927934   -0.575    0.421  1
RGI60-11.01713     0.03690   46.497524    8.437256   -0.725    0.523  1
RGI60-11.00354     0.03690   47.083548   10.137876   -0.589    0.714  1
RGI60-11.01402     0.03690   46.581306    8.009649    2.590    1.761  1
RGI60-11.01079     0.03690   46.763125    9.991525   -0.651    0.515  1
RGI60-11.00977     0.03690   46.802392    8.754365   -0.608    0.526  1
RGI60-11.02567     0.03690   46.119918    8.033660   -0.718    0.630  1
RGI60-11.01023     0.03690   46.783807    8.929018   -0.621    0.689  1
RGI60-11.02313     0.03690   46.298380    8.158226   -0.400    0.735  1
RGI60-11.02140     0.03690   46.386288    9.818005   -0.287    0.451  1
RGI60-11.02330     0.03690   46.291686    9.603868   -0.554    0.555  1
RGI60-11.01695     0.03688   46.499794    8.180557   -0.459    0.398  1
RGI60-11.00033     0.03685   47.160758   12.761557   -0.045    0.541  1
RGI60-11.00011     0.03684   47.424891   13.042143   -0.260    0.392  1
RGI60-11.02597     0.03678   46.095925    7.733018   -0.637    0.610  1
RGI60-11.01375     0.03671   46.593794    8.168498   -0.414    0.445  1
RGI60-11.03441     0.03671   44.874774    6.348876   -0.267    0.380  1
RGI60-11.03495     0.03656   44.868091    6.276937   -0.749    0.595  1
RGI60-11.02713     0.03650   46.045437    7.892529   -0.095    0.443  1
RGI60-11.03570     0.03649   44.545863    6.844729   -0.619    0.558  1
RGI60-11.01326     0.03648   46.611801    8.416095   -0.292    0.539  1
RGI60-11.01324     0.03617   46.613384    8.414288   -0.779    0.880  1
RGI60-11.03721     0.03610   45.460969    6.367123   -0.971    0.717  1
RGI60-11.03564     0.03603   44.864406    6.265614   -0.594    0.665  1
RGI60-11.01731     0.03600   46.494816    9.278368   -0.922    0.671  1
RGI60-11.00765     0.03600   46.874186   10.240370   -0.706    0.507  1
RGI60-11.02074     0.03600   46.398695    7.843794   -1.157    0.838  1
RGI60-11.01532     0.03600   46.538630    8.440184   -1.254    0.858  1
RGI60-11.01122     0.03600   46.743176    8.765644   -0.954    0.687  1
RGI60-11.02408     0.03600   46.237732    9.728360   -0.296    0.541  1
RGI60-11.02500     0.03600   46.152747    7.667279   -0.630    0.485  1
RGI60-11.03056     0.03600   45.628725    7.001302   -0.329    0.433  1
RGI60-11.00592     0.03600   46.974204   11.121788   -0.561    0.395  1
RGI60-11.02959     0.03600   45.911466    7.833994   -0.518    0.554  1
RGI60-11.02354     0.03600   46.273286    9.732316   -0.368    0.380  1
RGI60-11.02887     0.03600   45.947116    7.468201   -0.323    0.643  1
RGI60-11.03076     0.03600   45.572886    7.002266   -0.274    0.273  1
RGI60-11.00211     0.03597   47.084236   12.475860   -0.767    0.553  1
RGI60-11.00265     0.03596   47.065430   12.578133   -0.261    0.358  1
RGI60-11.00507     0.03596   46.963168   12.721699   -0.704    0.582  1
RGI60-11.00030     0.03595   47.161496   12.776122   -0.906    0.876  1
RGI60-11.03888     0.03595   46.251972   11.872698   -1.023    0.717  1
RGI60-11.00010     0.03593   47.424831   13.078269   -0.727    0.517  1
RGI60-11.03607     0.03583   44.943995    6.337664    0.148    0.358  1
RGI60-11.01784     0.03552   46.480247    8.104574   -0.569    0.507  1
RGI60-11.01235     0.03551   46.654816    8.413761    1.655    1.153  1
RGI60-11.02265     0.03544   46.313587    7.219287   -0.413    0.372  1
RGI60-11.03226     0.03536   42.705406    0.022277    0.763    0.714  1
RGI60-11.03761     0.03532   45.149690    6.154020   -1.348    0.957  1
RGI60-11.03923     0.03515   46.362194   13.444071    0.466    0.598  1
RGI60-11.02508     0.03515   46.145785   10.591343   -0.788    0.580  1
RGI60-11.03897     0.03513   46.562796   12.063352   -0.011    0.474  1
RGI60-11.03334     0.03512   44.871704    6.289396   -1.141    0.698  1
RGI60-11.01254     0.03510   46.641857    8.172427   -1.425    0.915  1
RGI60-11.02839     0.03510   45.970848    7.451022   -0.289    0.396  1
RGI60-11.03057     0.03510   45.626537    6.982048   -0.770    0.579  1
RGI60-11.02215     0.03510   46.355611    9.794885    0.067    0.307  1
RGI60-11.01361     0.03510   46.600664    9.824194    0.275    0.343  1
RGI60-11.03070     0.03510   45.591097    6.981869   -1.276    0.847  1
RGI60-11.01730     0.03510   46.495326    9.044071   -1.103    0.938  1
RGI60-11.00542     0.03510   46.984923   11.280085   -0.083    0.482  1
RGI60-11.01932     0.03510   46.431377    7.903211   -0.580    0.680  1
RGI60-11.02264     0.03510   46.325725    8.230450   -0.806    0.729  1
RGI60-11.02062     0.03510   46.397830   10.441084   -0.709    0.584  1
RGI60-11.01632     0.03510   46.507422    7.848031   -0.624    0.491  1
RGI60-11.01795     0.03510   46.473823    7.709650   -0.065    0.431  1
RGI60-11.01508     0.03510   46.534563   10.637592   -0.542    0.460  1
RGI60-11.02700     0.03510   46.054038    9.900657   -0.480    0.561  1
RGI60-11.01528     0.03510   46.537079    8.154840   -1.104    0.843  1
RGI60-11.02727     0.03510   46.034590    7.649484    0.238    0.422  1
RGI60-11.01774     0.03510   46.478465    7.754355   -0.216    0.561  1
RGI60-11.01856     0.03510   46.450234   10.519328   -0.546    0.530  1
RGI60-11.00788     0.03510   46.864545   10.174463   -1.036    0.995  1
RGI60-11.00051     0.03508   47.159111   12.353383   -0.438    0.472  1
RGI60-11.03202     0.03505   45.109170    6.791339   -0.300    0.521  1
RGI60-11.03908     0.03461   46.458787   12.251911    0.190    0.422  1
RGI60-11.00794     0.03420   46.869205    9.148908   -0.494    0.523  1
RGI60-11.00595     0.03420   46.979709   10.687407   -0.586    0.512  1
RGI60-11.00452     0.03420   47.011842   11.837232   -0.925    0.790  1
RGI60-11.02619     0.03420   46.089728   10.017888   -1.178    0.841  1
RGI60-11.01684     0.03420   46.500292    8.077183    0.164    0.430  1
RGI60-11.00580     0.03420   46.977518   11.202278   -1.018    0.658  1
RGI60-11.00479     0.03420   47.000734   11.712560   -0.935    0.967  1
RGI60-11.02401     0.03420   46.240868    9.744777   -0.213    0.671  1
RGI60-11.02832     0.03420   45.974416    7.450525   -1.180    0.948  1
RGI60-11.01758     0.03420   46.487937    9.554036    0.040    0.595  1
RGI60-11.03559     0.03415   44.930547    6.163506    0.737    0.998  1
RGI60-11.03917     0.03411   46.515281   12.343429   -0.244    0.445  1
RGI60-11.01683     0.03382   46.490330   10.767348   -0.292    0.338  1
RGI60-11.01911     0.03380   46.439306    8.001365   -0.731    0.645  1
RGI60-11.03327     0.03372   44.965430    6.235325   -0.263    0.385  1
RGI60-11.03867     0.03359   46.193149   10.900426   -0.330    0.671  1
RGI60-11.01913     0.03332   46.437768    7.951092   -0.218    0.374  1
RGI60-11.03157     0.03331   45.495647    7.252719   -1.082    0.847  1
RGI60-11.01740     0.03330   46.487423    7.849788   -0.027    0.473  1
RGI60-11.02510     0.03330   46.137481    6.929755   -0.762    0.723  1
RGI60-11.02143     0.03330   46.383607    7.864329   -0.877    0.688  1
RGI60-11.02023     0.03330   46.410513    9.905760   -0.461    0.548  1
RGI60-11.01158     0.03330   46.709534    8.380109   -0.461    0.443  1
RGI60-11.01028     0.03330   46.783792    8.986635   -1.320    1.003  1
RGI60-11.03048     0.03330   45.655929    6.964524   -0.774    0.525  1
RGI60-11.02202     0.03330   46.354182    7.349116   -0.550    0.448  1
RGI60-11.01026     0.03330   46.771194   10.731698   -0.260    0.337  1
RGI60-11.00563     0.03330   46.983979   11.083705   -1.051    0.797  1
RGI60-11.02219     0.03330   46.352627    9.910947   -0.777    0.617  1
RGI60-11.02340     0.03330   46.286521    9.698536   -0.658    0.542  1
RGI60-11.01289     0.03330   46.625034    8.183115   -0.650    0.545  1
RGI60-11.00477     0.03326   46.973387   12.741109   -0.460    0.406  1
RGI60-11.00307     0.03323   47.026839   13.279182   -0.655    0.662  1
RGI60-11.03594     0.03320   44.859826    6.260586   -0.606    0.748  1
RGI60-11.01424     0.03320   46.574105    8.003442   -0.304    0.461  1
RGI60-11.03241     0.03291   42.471115   13.568175   -1.037    0.889  1
RGI60-11.01693     0.03278   46.490039   10.770125   -0.982    0.753  1
RGI60-11.00552     0.03261   47.006145    9.008580   -1.718    1.851  1
RGI60-11.03354     0.03259   45.382471    7.009349   -0.101    0.237  1
RGI60-11.01728     0.03253   46.491156    7.919601   -1.298    0.970  1
RGI60-11.00121     0.03243   47.133896   12.110914   -0.486    0.573  1
RGI60-11.03868     0.03242   46.961753   12.025168   -0.354    0.566  1
RGI60-11.00729     0.03240   46.884227   10.887549   -0.301    0.336  1
RGI60-11.02309     0.03240   46.300320    8.177057   -0.384    0.422  1
RGI60-11.02998     0.03240   45.858728    6.953290   -0.392    0.514  1
RGI60-11.01798     0.03240   46.473977    7.767252   -0.782    0.633  1
RGI60-11.01306     0.03240   46.617804    8.249938   -0.082    0.562  1
RGI60-11.01342     0.03240   46.604447    9.707680   -0.535    0.759  1
RGI60-11.00864     0.03240   46.823606   11.097494   -0.818    0.653  1
RGI60-11.01720     0.03240   46.495856    8.422296   -0.884    0.717  1
RGI60-11.02010     0.03240   46.413431    8.291075    0.148    0.594  1
RGI60-11.02956     0.03240   45.907936    7.408035   -0.722    0.497  1
RGI60-11.01127     0.03240   46.734720   10.267310   -1.431    0.970  1
RGI60-11.01847     0.03240   46.461043    9.850323   -0.608    0.628  1
RGI60-11.01330     0.03240   46.610972    9.705230    0.158    0.644  1
RGI60-11.01858     0.03240   46.449314   10.525923   -0.794    0.522  1
RGI60-11.01589     0.03240   46.517443    8.140998   -0.929    0.652  1
RGI60-11.00672     0.03240   46.899634   12.082402   -0.934    0.627  1
RGI60-11.00052     0.03238   47.156960   12.399755   -0.241    0.387  1
RGI60-11.00069     0.03238   47.147937   12.437446   -0.225    0.311  1
RGI60-11.00016     0.03236   47.193509   12.758148   -0.830    0.760  1
RGI60-11.00134     0.03233   47.088866   13.249424   -0.614    0.579  1
RGI60-11.02288     0.03230   46.307617    9.716569   -1.063    0.899  1
RGI60-11.01900     0.03225   46.440910    7.767504   -0.963    0.744  1
RGI60-11.00982     0.03223   46.800310    8.938511    0.445    0.755  1
RGI60-11.01637     0.03221   46.512365    9.387415   -0.681    0.509  1
RGI60-11.03606     0.03190   44.916060    6.237925   -0.422    0.424  1
RGI60-11.01569     0.03189   46.527286    9.126034   -0.759    0.726  1
RGI60-11.00594     0.03184   46.972529   11.142071   -1.397    0.974  1
RGI60-11.01994     0.03181   46.417185    8.284235   -0.802    1.050  1
RGI60-11.02587     0.03175   46.099621    7.738762   -1.619    1.106  1
RGI60-11.03615     0.03172   45.495558    6.804302   -0.433    0.559  1
RGI60-11.03300     0.03171   45.000306    6.359668   -1.108    0.945  1
RGI60-11.03736     0.03165   45.325576    7.105420   -0.036    0.305  1
RGI60-11.03563     0.03163   45.281038    6.133534   -0.796    0.641  1
RGI60-11.02034     0.03150   46.401705   10.562771   -1.004    0.705  1
RGI60-11.02049     0.03150   46.402091   10.274969   -1.012    0.837  1
RGI60-11.01415     0.03150   46.578633    8.274618    0.091    0.616  1
RGI60-11.01359     0.03150   46.602315    8.439301   -0.692    0.663  1
RGI60-11.01009     0.03150   46.789043    8.932081   -0.331    0.500  1
RGI60-11.00908     0.03150   46.825913    8.892151   -0.699    0.671  1
RGI60-11.01841     0.03150   46.454833   10.668116   -0.379    0.430  1
RGI60-11.02189     0.03150   46.369723    9.994275   -1.113    0.734  1
RGI60-11.00358     0.03150   47.047332   11.975265   -0.291    0.414  1
RGI60-11.00900     0.03150   46.828784    8.819792    0.359    0.549  1
RGI60-11.02192     0.03150   46.364389    7.796693   -1.897    1.346  1
RGI60-11.02063     0.03150   46.405600    9.576638    0.205    0.361  1
RGI60-11.01301     0.03150   46.622700    8.500522   -0.825    0.799  1
RGI60-11.01349     0.03150   46.605359    8.772195   -0.602    0.519  1
RGI60-11.00728     0.03150   46.895596   10.145196   -0.692    0.721  1
RGI60-11.00176     0.03148   47.103060   12.312356    0.041    0.343  1
RGI60-11.00660     0.03144   46.910219   12.084395   -0.655    0.570  1
RGI60-11.03750     0.03139   45.155899    6.798350   -0.179    0.291  1
RGI60-11.03844     0.03103   46.388191    9.282719    0.069    0.548  1
RGI60-11.03759     0.03093   45.124864    6.138189   -1.664    1.063  1
RGI60-11.03138     0.03074   45.515389    7.303960   -1.530    1.108  1
RGI60-11.03431     0.03065   44.881469    6.184968   -1.155    0.954  1
RGI60-11.03704     0.03061   45.151807    6.131400   -0.614    0.510  1
RGI60-11.00495     0.03061   46.992022   11.833498   -0.432    0.469  1
RGI60-11.02952     0.03061   45.915227    7.880843   -0.979    0.773  1
RGI60-11.02498     0.03060   46.154285    7.731562   -0.137    0.273  1
RGI60-11.01761     0.03060   46.485084    9.987883   -0.584    0.439  1
RGI60-11.02716     0.03060   46.041774    7.684773   -1.220    0.941  1
RGI60-11.01475     0.03060   46.551309   10.316673   -0.708    0.515  1
RGI60-11.03150     0.03060   45.501387    7.004821   -0.012    0.329  1
RGI60-11.02886     0.03060   45.948055    7.514924   -0.332    0.383  1
RGI60-11.02626     0.03060   46.088088   10.044503   -0.835    0.665  1
RGI60-11.02396     0.03060   46.242341    9.734032   -0.822    0.704  1
RGI60-11.01399     0.03060   46.582975    8.188386   -0.633    0.506  1
RGI60-11.02646     0.03060   46.079808    9.983283   -0.729    0.623  1
RGI60-11.03198     0.03060   45.205903    7.074122   -0.477    0.507  1
RGI60-11.02375     0.03060   46.253202    9.977312   -0.642    0.578  1
RGI60-11.00203     0.03060   47.121884   11.064430   -0.525    0.514  1
RGI60-11.01614     0.03060   46.510222    7.774659   -0.219    0.402  1
RGI60-11.02384     0.03060   46.248816    9.965409   -0.658    0.529  1
RGI60-11.03197     0.03060   45.236507    7.099742   -0.122    0.279  1
RGI60-11.00657     0.03060   46.912660   12.085836   -0.537    0.589  1
RGI60-11.00118     0.03053   47.094788   13.376999   -1.481    1.314  1
RGI60-11.03886     0.03050   46.410509   11.853800   -0.290    0.602  1
RGI60-11.03895     0.03050   46.382087   12.061062   -0.755    0.807  1
RGI60-11.03915     0.03047   46.506306   12.336177    0.003    0.265  1
RGI60-11.03274     0.03037   45.648455    6.965800   -0.263    0.400  1
RGI60-11.02274     0.03000   46.307343    7.177159   -0.347    0.345  1
RGI60-11.00703     0.02999   46.895624   10.873643   -0.447    0.466  1
RGI60-11.03865     0.02997   46.247706   10.894037   -0.487    0.541  1
RGI60-11.01388     0.02992   46.586063    8.202236   -1.475    0.919  1
RGI60-11.03754     0.02989   45.300909    6.142221   -0.537    0.579  1
RGI60-11.03510     0.02977   44.904368    6.240621   -0.892    0.721  1
RGI60-11.00327     0.02970   47.067794   11.680234   -0.312    0.419  1
RGI60-11.02514     0.02970   46.145673   10.488881   -0.312    0.435  1
RGI60-11.01842     0.02970   46.461555    7.952948   -0.156    0.570  1
RGI60-11.02662     0.02970   46.063929   10.572358   -0.456    0.515  1
RGI60-11.02081     0.02970   46.392920   10.542028   -0.661    0.651  1
RGI60-11.02203     0.02970   46.355823   10.537911   -0.275    0.276  1
RGI60-11.02562     0.02970   46.115155    7.358795   -0.809    0.598  1
RGI60-11.02546     0.02970   46.122329    6.933077   -0.961    0.736  1
RGI60-11.02334     0.02970   46.288427    8.121504   -0.515    0.514  1
RGI60-11.02045     0.02970   46.407751    8.258128   -0.302    0.335  1
RGI60-11.01191     0.02970   46.692312    8.331844   -0.532    0.855  1
RGI60-11.01598     0.02970   46.509377   10.490880   -0.256    0.438  1
RGI60-11.01462     0.02970   46.557418    7.942377    0.050    0.408  1
RGI60-11.02178     0.02970   46.369913   10.591023   -0.711    0.566  1
RGI60-11.01898     0.02970   46.442923    7.934061   -0.371    0.423  1
RGI60-11.03095     0.02970   45.550375    7.412516   -0.355    0.449  1
RGI60-11.02344     0.02970   46.285470    9.645856   -0.239    0.618  1
RGI60-11.01272     0.02970   46.633218    8.190942    0.772    0.824  1
RGI60-11.02438     0.02970   46.180883   10.897400    0.654    0.740  1
RGI60-11.02191     0.02970   46.359754    7.355964   -0.806    0.760  1
RGI60-11.00883     0.02970   46.819087   11.083028   -0.706    0.601  1
RGI60-11.00759     0.02970   46.876370   10.225781   -0.672    0.618  1
RGI60-11.00222     0.02969   47.088954   12.131228   -0.389    0.454  1
RGI60-11.00622     0.02969   46.937977   12.166102   -0.075    0.281  1
RGI60-11.03402     0.02968   44.972635    6.269573   -1.041    0.821  1
RGI60-11.00073     0.02967   47.140345   12.595636   -0.366    0.398  1
RGI60-11.00277     0.02965   47.047753   13.002709   -0.917    0.916  1
RGI60-11.03717     0.02962   45.489360    6.792258   -0.140    0.379  1
RGI60-11.02444     0.02932   46.188036    8.018892   -0.277    0.714  1
RGI60-11.01334     0.02905   46.606084    8.092965   -0.312    0.520  1
RGI60-11.03247     0.02900   47.400735   10.973585   -0.148    0.323  1
RGI60-11.00547     0.02886   47.007572    9.026028   -0.068    0.710  1
RGI60-11.01133     0.02880   46.736905    8.685655   -0.868    0.881  1
RGI60-11.00432     0.02880   47.037581   11.149788   -0.946    0.699  1
RGI60-11.02115     0.02880   46.391129   10.004076   -1.070    0.770  1
RGI60-11.02224     0.02880   46.350798    9.790130    0.022    0.518  1
RGI60-11.01490     0.02880   46.552659    9.727700   -0.053    0.345  1
RGI60-11.02036     0.02880   46.406991    7.959997   -1.220    0.860  1
RGI60-11.02399     0.02880   46.231590   10.680010   -1.346    0.894  1
RGI60-11.00112     0.02880   47.171531   10.479310   -0.541    0.520  1
RGI60-11.00966     0.02880   46.806126    8.972301   -0.854    0.743  1
RGI60-11.03144     0.02880   45.511515    7.285386    0.000    0.365  1
RGI60-11.00443     0.02880   47.044508   10.242644   -1.243    0.854  1
RGI60-11.00955     0.02880   46.805768   10.037900    0.038    0.282  1
RGI60-11.01707     0.02880   46.496894    9.942064   -1.324    0.913  1
RGI60-11.00693     0.02880   46.903379   10.689475   -0.700    0.586  1
RGI60-11.02917     0.02880   45.931420    7.928836   -0.215    0.516  1
RGI60-11.00397     0.02879   47.027040   12.187542   -0.327    0.537  1
RGI60-11.00823     0.02879   46.856559    8.502375   -0.794    0.822  1
RGI60-11.01384     0.02878   46.589987    8.123486    1.011    0.906  1
RGI60-11.00243     0.02876   47.065535   12.727018   -1.296    0.955  1
RGI60-11.02108     0.02873   46.391009    7.837069   -0.288    0.310  1
RGI60-11.03548     0.02858   44.923689    6.371385   -0.464    0.551  1
RGI60-11.00572     0.02852   46.982432   11.080227   -0.105    0.426  1
RGI60-11.01644     0.02827   46.506330    7.937620    0.266    0.655  1
RGI60-11.02305     0.02824   46.302474    9.674206   -0.037    0.454  1
RGI60-11.00688     0.02816   46.921002    9.248532   -0.082    0.304  1
RGI60-11.02138     0.02812   46.386053    9.905411   -0.898    0.892  1
RGI60-11.03837     0.02810   45.236103    7.154778    0.005    0.431  1
RGI60-11.02975     0.02802   45.898436    7.794696   -0.697    0.596  1
RGI60-11.03719     0.02799   45.485848    6.797791    0.038    0.234  1
RGI60-11.01352     0.02796   46.601136    8.088448   -0.404    0.446  1
RGI60-11.01673     0.02795   46.500276    7.931854   -0.196    0.511  1
RGI60-11.01725     0.02790   46.494910    8.386242   -0.483    0.444  1
RGI60-11.02852     0.02790   45.968452    7.641193   -0.249    0.412  1
RGI60-11.00439     0.02790   47.038289   10.814636   -0.684    0.658  1
RGI60-11.01331     0.02790   46.609742    8.242584   -0.762    0.535  1
RGI60-11.02725     0.02790   46.034294    7.530192   -1.356    0.924  1
RGI60-11.02602     0.02790   46.095408   10.084297   -0.591    0.612  1
RGI60-11.00576     0.02790   46.983700   10.911666   -0.372    0.427  1
RGI60-11.03063     0.02790   45.623569    7.479839   -0.214    0.491  1
RGI60-11.02653     0.02790   46.075331   10.019038   -0.242    0.426  1
RGI60-11.01465     0.02790   46.559054    8.158849   -0.447    0.519  1
RGI60-11.01530     0.02790   46.539136    9.583911    0.200    0.397  1
RGI60-11.03186     0.02790   45.334010    7.151447   -0.777    0.785  1
RGI60-11.00612     0.02790   46.972490   10.786110   -0.625    0.511  1
RGI60-11.02639     0.02790   46.081264   10.050639   -0.376    0.441  1
RGI60-11.02257     0.02790   46.331477    9.684534    0.280    0.366  1
RGI60-11.01717     0.02790   46.496541    8.411446   -0.783    0.610  1
RGI60-11.01895     0.02790   46.448312    8.400361    0.122    0.377  1
RGI60-11.01751     0.02790   46.477161   10.774659   -0.454    0.476  1
RGI60-11.00630     0.02790   46.959001   10.687947   -0.473    0.510  1
RGI60-11.01082     0.02790   46.763622    8.370447   -0.315    0.519  1
RGI60-11.01175     0.02790   46.699826    8.693246   -0.435    0.492  1
RGI60-11.00129     0.02789   47.129819   12.116242   -0.808    0.668  1
RGI60-11.00238     0.02787   47.066877   12.718585   -0.418    0.494  1
RGI60-11.00138     0.02786   47.102427   12.812049   -0.539    0.500  1
RGI60-11.03250     0.02780   47.575124   12.866388   -0.273    0.580  1
RGI60-11.03869     0.02769   46.964313   12.026783   -0.314    0.583  1
RGI60-11.03889     0.02742   46.254792   11.875037   -1.518    1.300  1
RGI60-11.03847     0.02701   46.241355    9.531958   -0.737    0.909  1
RGI60-11.03075     0.02701   45.575252    7.080384   -1.218    0.921  1
RGI60-11.03565     0.02700   44.849679    6.231850   -0.548    0.484  1
RGI60-11.02703     0.02700   46.044291   10.575362   -0.115    0.431  1
RGI60-11.00808     0.02700   46.846765   10.972608   -0.363    0.466  1
RGI60-11.01880     0.02700   46.447261    7.778555    0.048    0.252  1
RGI60-11.01004     0.02700   46.791552    8.966628    0.196    0.602  1
RGI60-11.00920     0.02700   46.821051    8.914315   -0.355    0.607  1
RGI60-11.01652     0.02700   46.496264   10.774527   -0.985    0.890  1
RGI60-11.00771     0.02700   46.878587    9.077627   -1.319    1.172  1
RGI60-11.01982     0.02700   46.420925    8.459118    0.318    0.532  1
RGI60-11.01408     0.02700   46.581033    8.218757   -0.870    0.866  1
RGI60-11.02751     0.02700   46.023197    7.924622   -0.856    0.783  1
RGI60-11.02906     0.02700   45.939694    7.932637   -1.003    1.039  1
RGI60-11.00980     0.02700   46.786898   10.853327   -0.502    0.503  1
RGI60-11.01245     0.02700   46.646406    8.332668   -0.084    0.301  1
RGI60-11.02937     0.02700   45.915608    7.348541   -0.602    0.517  1
RGI60-11.02163     0.02700   46.382266    9.417570    0.117    0.446  1
RGI60-11.00605     0.02700   46.967706   11.195501   -0.764    0.779  1
RGI60-11.00099     0.02698   47.136645   12.362451   -0.205    0.331  1
RGI60-11.03279     0.02696   46.102497    6.811890   -0.214    0.496  1
RGI60-11.03230     0.02695   42.775347   -0.137708   -0.132    0.675  1
RGI60-11.03401     0.02682   45.273921    6.640650   -0.172    0.424  1
RGI60-11.03486     0.02680   45.279609    6.125931   -1.637    2.025  1
RGI60-11.00837     0.02679   46.851931    8.515843   -0.366    0.552  1
RGI60-11.03589     0.02671   44.907757    6.293308   -0.759    0.737  1
RGI60-11.03832     0.02664   44.679061    7.090801   -0.742    0.675  1
RGI60-11.03786     0.02659   44.800164    6.398055   -0.568    0.618  1
RGI60-11.01381     0.02657   46.591182    8.134416   -0.952    1.337  1
RGI60-11.01292     0.02647   46.626484    8.499676   -1.022    0.867  1
RGI60-11.03771     0.02630   44.960300    6.434433   -0.962    0.664  1
RGI60-11.03324     0.02628   44.965863    6.245340   -0.351    0.557  1
RGI60-11.02561     0.02621   46.122939    7.998225   -1.000    0.845  1
RGI60-11.01483     0.02617   46.552766    8.137733   -0.149    0.591  1
RGI60-11.03533     0.02615   44.882724    6.181676   -0.966    0.743  1
RGI60-11.02009     0.02610   46.412835    9.909099   -0.161    0.377  1
RGI60-11.00272     0.02610   47.100717   11.070456   -0.865    0.854  1
RGI60-11.02044     0.02610   46.408139    8.269601    0.358    0.511  1
RGI60-11.00368     0.02610   47.047296   11.804940   -1.106    1.193  1
RGI60-11.02848     0.02610   45.960353    7.080952   -1.103    0.981  1
RGI60-11.00482     0.02610   46.997356   11.837526   -0.358    0.615  1
RGI60-11.02177     0.02610   46.379959    9.426357    0.316    0.450  1
RGI60-11.02681     0.02610   46.062187    9.976955   -0.057    0.375  1
RGI60-11.00845     0.02610   46.838561   10.709729   -0.699    0.569  1
RGI60-11.00816     0.02610   46.858264    8.471024   -1.499    1.180  1
RGI60-11.02300     0.02610   46.303100    9.661946   -0.032    0.293  1
RGI60-11.00560     0.02609   46.960573   12.154581   -0.547    0.548  1
RGI60-11.00126     0.02608   47.122982   12.380632   -0.397    0.602  1
RGI60-11.00287     0.02608   47.063595   12.410362   -0.435    0.468  1
RGI60-11.03748     0.02606   45.283750    6.760529   -0.177    0.388  1
RGI60-11.02506     0.02604   46.142893   10.855053   -1.080    0.928  1
RGI60-11.03836     0.02601   45.233016    7.140026   -0.436    0.629  1
RGI60-11.03215     0.02593   42.701027    0.480398   -0.677    0.579  1
RGI60-11.02828     0.02583   45.977179    7.448468    0.375    0.403  1
RGI60-11.03276     0.02581   45.822251    6.785380   -0.459    0.715  1
RGI60-11.03550     0.02574   45.172489    5.955400   -0.911    1.095  1
RGI60-11.03405     0.02562   44.948895    6.080314   -1.077    1.203  1
RGI60-11.01484     0.02561   46.551398    7.988542   -0.179    0.551  1
RGI60-11.03874     0.02543   46.281540   11.831936   -0.613    0.710  1
RGI60-11.03234     0.02534   42.838672   -0.286906   -0.346    0.648  1
RGI60-11.03424     0.02529   44.903022    6.352389   -0.251    0.328  1
RGI60-11.01781     0.02528   46.478522    7.848397   -0.355    0.753  1
RGI60-11.01705     0.02524   46.498309    8.170651   -2.007    1.764  1
RGI60-11.00344     0.02520   47.085992   10.142306   -1.119    0.845  1
RGI60-11.00799     0.02520   46.861065   10.142854   -0.805    0.688  1
RGI60-11.01660     0.02520   46.508796    9.070642   -0.232    0.364  1
RGI60-11.00403     0.02520   47.066227    9.683996    0.146    0.451  1
RGI60-11.02128     0.02520   46.384925    7.592255   -1.293    1.014  1
RGI60-11.02028     0.02520   46.407541    7.859012   -0.304    0.581  1
RGI60-11.02494     0.02520   46.156204    7.721751   -0.263    0.422  1
RGI60-11.03113     0.02520   45.535535    7.407877   -0.111    0.326  1
RGI60-11.02352     0.02520   46.282741    9.613681   -0.093    0.414  1
RGI60-11.03172     0.02520   45.432232    7.124326   -1.490    1.174  1
RGI60-11.01874     0.02520   46.450380   10.152788   -0.311    0.369  1
RGI60-11.01025     0.02520   46.782434    8.436440   -0.277    0.459  1
RGI60-11.00801     0.02520   46.849599   10.979200   -0.195    0.434  1
RGI60-11.02683     0.02520   46.061361    9.912290   -0.550    0.896  1
RGI60-11.00644     0.02519   46.915694   12.143445   -0.677    0.709  1
RGI60-11.00035     0.02517   47.159540   12.756885    0.229    0.506  1
RGI60-11.00522     0.02517   46.955265   12.761275   -0.455    0.452  1
RGI60-11.00160     0.02517   47.094863   12.791158   -0.157    0.506  1
RGI60-11.00208     0.02516   47.070133   12.937724   -0.692    0.865  1
RGI60-11.00310     0.02516   47.037305   12.977916   -0.120    0.466  1
RGI60-11.03602     0.02515   45.017099    6.415225   -0.631    0.762  1
RGI60-11.03830     0.02512   44.672888    7.090146    0.046    0.507  1
RGI60-11.00493     0.02512   47.009004   11.098195   -0.839    0.790  1
RGI60-11.03395     0.02503   44.831807    6.338953   -0.577    0.790  1
RGI60-11.03853     0.02503   46.048392    9.888490   -1.358    1.116  1
RGI60-11.01837     0.02480   46.463717    7.976105   -0.887    0.677  1
RGI60-11.03501     0.02470   44.879211    6.205783    0.369    0.667  1
RGI60-11.02824     0.02444   45.977814    7.450755    0.146    0.384  1
RGI60-11.03802     0.02435   44.910546    6.149214   -0.680    0.858  1
RGI60-11.02418     0.02430   46.232888    8.097376   -0.410    0.568  1
RGI60-11.01080     0.02430   46.765624    8.458431   -0.604    0.761  1
RGI60-11.02847     0.02430   45.969630    7.639687   -0.063    0.300  1
RGI60-11.02355     0.02430   46.271795    9.785160   -1.082    1.105  1
RGI60-11.02193     0.02430   46.369669    9.492615   -0.248    0.606  1
RGI60-11.00445     0.02430   47.017298   11.760058   -0.987    0.967  1
RGI60-11.01228     0.02430   46.658448    8.334330   -0.313    0.462  1
RGI60-11.02434     0.02430   46.184316   10.894235    0.354    0.787  1
RGI60-11.02013     0.02430   46.411601    9.968052   -0.556    0.481  1
RGI60-11.00641     0.02430   46.938520   11.213602   -1.214    0.978  1
RGI60-11.02098     0.02430   46.390428   10.438727   -0.192    0.330  1
RGI60-11.02445     0.02430   46.172507    6.941108   -0.245    0.614  1
RGI60-11.02096     0.02430   46.395123   10.005005   -0.878    0.822  1
RGI60-11.02462     0.02430   46.163962   10.874408    0.677    0.806  1
RGI60-11.02732     0.02430   46.036756    7.931698   -0.371    0.478  1
RGI60-11.02409     0.02430   46.237542    9.739218   -1.595    1.261  1
RGI60-11.00616     0.02430   46.986208    8.976775   -1.184    0.979  1
RGI60-11.01098     0.02430   46.739407   11.043550   -0.215    0.392  1
RGI60-11.00383     0.02430   47.038859   11.848932   -0.315    0.608  1
RGI60-11.00810     0.02430   46.860642    8.470741    0.254    0.635  1
RGI60-11.01476     0.02430   46.546245   10.702916   -1.562    1.207  1
RGI60-11.01091     0.02430   46.743612   11.014515   -0.419    0.521  1
RGI60-11.02891     0.02430   45.943907    7.468854   -0.358    0.510  1
RGI60-11.00664     0.02429   46.906095   12.138178    0.238    0.457  1
RGI60-11.03443     0.02427   44.849227    6.248559   -0.821    0.750  1
RGI60-11.03729     0.02425   45.412965    7.154419   -0.048    0.308  1
RGI60-11.03633     0.02416   44.896777    6.238479   -0.782    0.764  1
RGI60-11.02407     0.02416   46.228447   10.650984   -1.590    1.212  1
RGI60-11.01775     0.02396   46.480792    7.947643   -0.576    0.533  1
RGI60-11.03404     0.02384   45.173561    5.993207   -1.007    1.049  1
RGI60-11.03857     0.02384   46.067368    9.951115   -2.039    1.366  1
RGI60-11.02014     0.02363   46.410149    7.869251   -0.582    0.528  1
RGI60-11.02650     0.02351   46.072230    7.665891    0.014    0.251  1
RGI60-11.01136     0.02345   46.732431    8.685345   -0.288    0.609  1
RGI60-11.01451     0.02343   46.562578    8.029778   -1.115    1.292  1
RGI60-11.00583     0.02342   46.964397   11.745733   -0.535    0.682  1
RGI60-11.02391     0.02340   46.244550    9.735720   -0.752    0.693  1
RGI60-11.00201     0.02340   47.102879   11.950946    0.100    0.718  1
RGI60-11.02986     0.02340   45.875889    7.029241   -1.047    1.055  1
RGI60-11.03050     0.02340   45.650821    6.973357   -0.173    0.312  1
RGI60-11.01779     0.02340   46.483479    8.528851    0.226    0.526  1
RGI60-11.01319     0.02340   46.616702    8.788960   -0.679    0.602  1
RGI60-11.01852     0.02340   46.457459   10.128471   -1.432    1.039  1
RGI60-11.01893     0.02340   46.444513   10.140672    0.033    0.265  1
RGI60-11.01979     0.02340   46.418511    7.936903   -0.225    0.545  1
RGI60-11.03112     0.02340   45.529031    6.990696   -0.032    0.278  1
RGI60-11.02541     0.02340   46.124777    6.895089   -0.807    0.634  1
RGI60-11.01998     0.02340   46.408352   10.608259   -0.310    0.361  1
RGI60-11.02532     0.02340   46.137314   10.545673   -0.822    0.634  1
RGI60-11.01571     0.02340   46.521414    7.837145   -1.446    1.325  1
RGI60-11.02830     0.02340   45.979647    7.655428   -0.242    1.112  1
RGI60-11.03121     0.02340   45.521918    7.003213   -0.549    0.583  1
RGI60-11.02503     0.02340   46.148976   10.486980   -0.409    0.443  1
RGI60-11.02982     0.02340   45.890496    7.544850   -0.580    0.737  1
RGI60-11.00915     0.02340   46.823012    8.982780   -0.504    0.502  1
RGI60-11.00901     0.02340   46.828557    8.985078   -0.091    0.335  1
RGI60-11.02694     0.02340   46.056746   10.093355   -0.737    0.759  1
RGI60-11.00967     0.02340   46.794027   10.680691   -0.659    0.523  1
RGI60-11.01185     0.02340   46.694702    8.307076   -0.186    0.717  1
RGI60-11.01345     0.02340   46.605434    8.440213   -1.485    1.220  1
RGI60-11.01045     0.02340   46.760263   11.025375   -0.747    0.624  1
RGI60-11.01131     0.02340   46.738670    8.747916   -0.527    0.680  1
RGI60-11.02417     0.02340   46.224565   10.670557   -0.629    0.570  1
RGI60-11.01434     0.02340   46.576551    8.759013   -0.226    0.396  1
RGI60-11.02280     0.02340   46.318091    9.731234   -0.058    0.350  1
RGI60-11.00369     0.02340   47.046588   11.811508   -2.662    2.199  1
RGI60-11.01186     0.02340   46.694921    8.324458   -0.086    0.749  1
RGI60-11.00131     0.02337   47.110261   12.660152   -0.811    0.735  1
RGI60-11.01217     0.02321   46.672260    8.331650    0.011    0.390  1
RGI60-11.01877     0.02314   46.443325   10.598677    0.002    0.456  1
RGI60-11.02277     0.02309   46.306581    7.175452   -0.382    0.393  1
RGI60-11.03545     0.02306   45.504681    6.865482   -0.257    0.463  1
RGI60-11.02263     0.02297   46.314668    7.203704   -0.887    0.822  1
RGI60-11.01414     0.02281   46.577707    8.130302   -0.220    0.430  1
RGI60-11.03911     0.02268   46.450066   12.275805   -0.358    0.623  1
RGI60-11.03283     0.02267   44.913885    6.235159   -0.396    0.594  1
RGI60-11.02761     0.02261   46.016462    7.557932   -1.182    0.874  1
RGI60-11.01481     0.02258   46.554446    8.207641   -0.671    0.748  1
RGI60-11.01477     0.02254   46.555786    8.208719   -0.300    0.418  1
RGI60-11.02091     0.02250   46.399529    8.292592   -0.724    0.736  1
RGI60-11.00215     0.02250   47.097248   11.956515    0.563    0.651  1
RGI60-11.01634     0.02250   46.507365    7.822384   -0.517    0.951  1
RGI60-11.02139     0.02250   46.389022    9.464997    0.197    0.424  1
RGI60-11.02447     0.02250   46.185568    7.982749   -0.237    0.413  1
RGI60-11.02493     0.02250   46.159467    8.006404   -1.009    0.956  1
RGI60-11.02267     0.02250   46.322589    9.926939   -0.571    0.625  1
RGI60-11.01723     0.02250   46.485760   10.607405   -0.580    0.593  1
RGI60-11.02963     0.02250   45.908834    7.783229   -0.710    0.664  1
RGI60-11.01812     0.02250   46.471265   10.200185   -0.133    0.359  1
RGI60-11.02272     0.02250   46.321176    9.691693   -0.001    0.475  1
RGI60-11.01747     0.02250   46.478382   10.731064   -0.141    0.296  1
RGI60-11.01369     0.02250   46.597611    8.161204   -0.350    0.444  1
RGI60-11.03177     0.02250   45.394242    7.187536   -0.130    0.331  1
RGI60-11.01210     0.02250   46.682913    8.528669   -0.960    0.776  1
RGI60-11.02907     0.02250   45.931113    7.279648   -0.852    0.714  1
RGI60-11.02379     0.02250   46.250381    9.993768   -0.726    0.773  1
RGI60-11.03127     0.02250   45.518380    7.052138   -0.802    0.675  1
RGI60-11.02171     0.02250   46.375315   10.303248   -0.217    0.401  1
RGI60-11.01659     0.02250   46.507021    9.739343    0.022    0.443  1
RGI60-11.01593     0.02250   46.509690   10.546450    0.627    0.735  1
RGI60-11.01585     0.02250   46.521903    9.023512   -1.148    0.973  1
RGI60-11.02368     0.02250   46.256880    9.985276   -0.486    0.704  1
RGI60-11.00573     0.02250   46.988193   10.700304   -0.495    0.528  1
RGI60-11.01771     0.02250   46.485906    9.076921   -0.436    0.512  1
RGI60-11.01950     0.02250   46.423084   10.292657   -0.675    0.703  1
RGI60-11.01526     0.02250   46.541093    9.024475    0.318    0.477  1
RGI60-11.00737     0.02250   46.881669   10.860797   -0.439    0.518  1
RGI60-11.00620     0.02249   46.940622   12.163662    0.029    0.300  1
RGI60-11.00421     0.02249   47.018401   12.166394   -0.110    0.459  1
RGI60-11.01947     0.02248   46.424281    7.692034    0.085    0.464  1
RGI60-11.00424     0.02247   46.999909   12.727665   -0.818    0.712  1
RGI60-11.03901     0.02246   46.505073   12.205781   -0.370    0.507  1
RGI60-11.03804     0.02241   44.919705    6.147271   -0.067    0.549  1
RGI60-11.03851     0.02241   46.228025    9.563935   -1.046    0.941  1
RGI60-11.00428     0.02237   47.038856   11.143169   -0.504    0.473  1
RGI60-11.02798     0.02213   45.992260    7.423552   -0.374    0.476  1
RGI60-11.02528     0.02212   46.144058    7.886560   -0.201    0.355  1
RGI60-11.03224     0.02203   42.689084    0.026160   -0.760    0.716  1
RGI60-11.02699     0.02186   46.051737    7.615775   -0.339    0.519  1
RGI60-11.01249     0.02178   46.643265    8.128553    0.548    0.833  1
RGI60-11.03913     0.02177   46.578286   12.285673   -0.264    0.384  1
RGI60-11.01253     0.02167   46.644029    8.424295   -0.516    0.809  1
RGI60-11.03104     0.02160   45.538881    7.066771    0.015    0.214  1
RGI60-11.02076     0.02160   46.397959   10.204617   -0.225    0.401  1
RGI60-11.00783     0.02160   46.860201   10.698127   -0.463    0.453  1
RGI60-11.00575     0.02160   46.978748   11.260504   -1.211    0.948  1
RGI60-11.00650     0.02160   46.937515   11.084761   -0.779    0.641  1
RGI60-11.02310     0.02160   46.299496    8.137016   -0.733    0.749  1
RGI60-11.01216     0.02160   46.671587    9.958884   -0.429    0.520  1
RGI60-11.00330     0.02160   47.092186   10.138655   -1.070    0.835  1
RGI60-11.02608     0.02160   46.092575   10.101042   -1.100    0.990  1
RGI60-11.01436     0.02160   46.575812    8.875237   -0.534    0.564  1
RGI60-11.03139     0.02160   45.516366    7.328398   -0.316    0.475  1
RGI60-11.02492     0.02160   46.157260    7.731438    0.089    0.246  1
RGI60-11.02201     0.02160   46.364354    9.733645    0.111    0.294  1
RGI60-11.01831     0.02160   46.472414    9.081134   -0.294    0.460  1
RGI60-11.02170     0.02160   46.379501    9.864893   -0.114    0.492  1
RGI60-11.01821     0.02160   46.471318    8.095456    0.182    0.475  1
RGI60-11.01579     0.02160   46.523177    8.475076   -1.056    0.861  1
RGI60-11.03025     0.02160   45.765214    6.809570    0.229    0.384  1
RGI60-11.00236     0.02159   47.080667   12.324006   -0.471    0.603  1
RGI60-11.00081     0.02158   47.136816   12.571091   -0.610    0.861  1
RGI60-11.01835     0.02146   46.464293    7.953108    1.798    1.973  1
RGI60-11.01179     0.02131   46.697687    8.399912   -0.393    0.462  1
RGI60-11.01470     0.02126   46.556117    8.074404   -0.336    0.813  1
RGI60-11.03544     0.02109   44.944546    6.326445   -0.372    0.666  1
RGI60-11.01454     0.02094   46.559873    7.979516   -0.581    0.558  1
RGI60-11.01390     0.02090   46.584955    8.144588   -0.725    1.102  1
RGI60-11.03567     0.02089   45.748439    6.745215   -0.337    0.487  1
RGI60-11.02894     0.02088   45.943862    7.871326    1.087    1.555  1
RGI60-11.01681     0.02070   46.495699   10.433829   -0.265    0.316  1
RGI60-11.01997     0.02070   46.412461   10.280376   -0.204    0.312  1
RGI60-11.01310     0.02070   46.618736    8.451208   -0.495    0.713  1
RGI60-11.01539     0.02070   46.536455    8.469864   -0.915    0.844  1
RGI60-11.01995     0.02070   46.418471    8.303701   -0.183    0.396  1
RGI60-11.00352     0.02070   47.082937   10.241847   -1.116    0.908  1
RGI60-11.02002     0.02070   46.412631   10.171404   -0.158    0.424  1
RGI60-11.01711     0.02070   46.498869    8.433190   -1.059    0.975  1
RGI60-11.01838     0.02070   46.468252    9.135302   -0.286    0.537  1
RGI60-11.02661     0.02070   46.062638    7.338009   -0.008    0.254  1
RGI60-11.02668     0.02070   46.062248    7.584507   -0.409    0.527  1
RGI60-11.01691     0.02070   46.503943    9.029991   -0.178    0.618  1
RGI60-11.02397     0.02070   46.240836    8.119644   -0.250    0.647  1
RGI60-11.00240     0.02067   47.058571   12.955498   -0.372    0.707  1
RGI60-11.03922     0.02043   46.362015   13.440922    0.746    0.876  1
RGI60-11.03214     0.02019   42.696345    0.490501   -0.423    0.395  1
RGI60-11.01071     0.02012   46.767940    8.411579    0.133    0.581  1
RGI60-11.01655     0.02004   46.503525    7.787071   -0.265    0.639  1
RGI60-11.00610     0.01990   46.971755   10.902566   -1.362    1.245  1
RGI60-11.02021     0.01990   46.408435    7.863173   -0.444    0.574  1
RGI60-11.01741     0.01989   46.491574    8.405424   -0.531    0.491  1
RGI60-11.02882     0.01984   45.946023    7.324883   -1.115    1.276  1
RGI60-11.03152     0.01981   45.499159    7.116691   -0.010    0.296  1
RGI60-11.01718     0.01980   46.495371    9.764949   -0.075    0.616  1
RGI60-11.02684     0.01980   46.052930    7.436457   -1.129    0.996  1
RGI60-11.02097     0.01980   46.394010   10.168825   -0.204    0.410  1
RGI60-11.02093     0.01980   46.393996   10.295415   -0.313    0.344  1
RGI60-11.01005     0.01980   46.790597    8.830932   -1.471    1.461  1
RGI60-11.02424     0.01980   46.214442   10.680486   -0.695    0.694  1
RGI60-11.01686     0.01980   46.496063   10.403767   -0.446    0.411  1
RGI60-11.02342     0.01980   46.286713    9.767156   -1.166    1.039  1
RGI60-11.02325     0.01980   46.292800    9.589241    0.230    0.409  1
RGI60-11.01871     0.01980   46.451122   10.147461   -0.544    0.631  1
RGI60-11.03044     0.01980   45.662069    6.913642   -0.831    0.684  1
RGI60-11.02821     0.01980   45.985226    7.905632    2.720    2.304  1
RGI60-11.01315     0.01980   46.618400    8.878790   -0.302    0.445  1
RGI60-11.01139     0.01980   46.713183   10.976060   -0.289    0.324  1
RGI60-11.01872     0.01980   46.455844    9.260840    0.200    0.466  1
RGI60-11.01844     0.01980   46.461357    8.046246   -1.602    1.595  1
RGI60-11.02932     0.01980   45.920314    7.588012   -0.440    0.627  1
RGI60-11.02020     0.01977   46.408597   10.271829   -0.384    0.364  1
RGI60-11.03419     0.01977   45.397655    7.014330    0.066    0.256  1
RGI60-11.03743     0.01976   45.247921    7.069822   -0.530    0.521  1
RGI60-11.00261     0.01976   47.041256   13.333320   -0.521    0.744  1
RGI60-11.03248     0.01964   47.399212   10.976567    0.067    0.303  1
RGI60-11.01646     0.01946   46.507155    7.999892   -0.698    0.833  1
RGI60-11.03571     0.01931   44.852279    6.253182   -1.344    1.314  1
RGI60-11.00111     0.01928   47.133603   12.327535   -0.226    0.344  1
RGI60-11.03741     0.01927   45.254296    7.133170   -0.004    0.241  1
RGI60-11.03551     0.01914   44.851240    6.366980   -0.366    0.414  1
RGI60-11.01412     0.01908   46.579209    8.270812   -0.842    0.818  1
RGI60-11.01966     0.01890   46.421023    7.934567   -0.016    0.583  1
RGI60-11.02733     0.01890   46.037383    8.009536   -0.413    0.455  1
RGI60-11.02414     0.01890   46.235694    8.080086    0.080    0.589  1
RGI60-11.00815     0.01890   46.847675   10.697885   -0.144    0.274  1
RGI60-11.01810     0.01890   46.477788    9.072775   -0.484    0.591  1
RGI60-11.02230     0.01890   46.347366    9.995641    0.033    0.311  1
RGI60-11.00333     0.01890   47.077276   11.065767   -0.857    0.842  1
RGI60-11.03187     0.01890   45.330873    7.106009   -0.093    0.408  1
RGI60-11.02466     0.01890   46.173241    8.005767   -0.864    1.118  1
RGI60-11.01017     0.01890   46.786354    8.824433   -0.014    0.365  1
RGI60-11.00818     0.01890   46.853299   10.191187   -0.582    0.573  1
RGI60-11.01580     0.01890   46.514461   10.468562   -0.273    0.464  1
RGI60-11.01978     0.01890   46.414318    7.588464   -0.907    0.895  1
RGI60-11.02132     0.01890   46.386219    7.847031   -1.301    1.165  1
RGI60-11.02008     0.01890   46.411088    7.856377   -0.432    0.466  1
RGI60-11.01918     0.01890   46.435651    7.916430   -0.452    0.634  1
RGI60-11.00922     0.01890   46.815629   10.036872   -0.411    0.700  1
RGI60-11.01074     0.01890   46.767541    8.398698    0.122    0.754  1
RGI60-11.00825     0.01890   46.858197    8.920322   -0.473    0.576  1
RGI60-11.01386     0.01890   46.590282    8.411273   -0.372    0.715  1
RGI60-11.01391     0.01890   46.587007    8.411924   -0.121    0.459  1
RGI60-11.01205     0.01890   46.685453    8.379023   -1.021    1.020  1
RGI60-11.02382     0.01890   46.239133    7.149977   -0.597    0.728  1
RGI60-11.00055     0.01889   47.156244   12.403292   -0.310    0.499  1
RGI60-11.01916     0.01886   46.429534   10.644803   -0.573    0.586  1
RGI60-11.03549     0.01880   44.910640    6.236841   -0.682    0.729  1
RGI60-11.03491     0.01875   44.893293    6.282998   -0.864    0.940  1
RGI60-11.03238     0.01864   43.115275   19.067863   -1.385    1.410  1
RGI60-11.03861     0.01862   46.242294   10.735043   -0.289    0.478  1
RGI60-11.03353     0.01846   44.907301    6.355964   -0.419    0.520  1
RGI60-11.03878     0.01832   46.420244   11.838660   -1.475    1.435  1
RGI60-11.01192     0.01820   46.692475    8.412571    0.283    0.675  1
RGI60-11.01463     0.01819   46.558859    8.072984    1.191    1.640  1
RGI60-11.01939     0.01811   46.427055    7.742185   -0.426    0.462  1
RGI60-11.03085     0.01800   45.558582    7.087897   -0.737    0.807  1
RGI60-11.02896     0.01800   45.937130    7.269005   -0.877    0.881  1
RGI60-11.02269     0.01800   46.316017   10.446592   -0.339    0.496  1
RGI60-11.01689     0.01800   46.504494    9.022594   -0.389    0.502  1
RGI60-11.03072     0.01800   45.583672    6.983751   -1.425    1.255  1
RGI60-11.02539     0.01800   46.138900    7.892115   -0.870    0.991  1
RGI60-11.01242     0.01800   46.649038    8.336399   -0.087    0.323  1
RGI60-11.02701     0.01800   46.047441    7.534133   -0.796    0.787  1
RGI60-11.02940     0.01800   45.913022    7.286312   -0.480    0.511  1
RGI60-11.01933     0.01800   46.429460    7.743290   -0.344    0.549  1
RGI60-11.01147     0.01800   46.721934    8.782037   -0.437    0.511  1
RGI60-11.01513     0.01800   46.539532    7.941781   -0.137    0.416  1
RGI60-11.01002     0.01800   46.792221    8.963358   -1.541    1.546  1
RGI60-11.03018     0.01800   45.806473    6.862695    0.029    0.417  1
RGI60-11.02411     0.01800   46.228602   10.631269   -0.750    0.797  1
RGI60-11.01583     0.01799   46.518163    7.968409   -0.212    0.678  1
RGI60-11.00555     0.01798   46.946570   12.702165   -0.392    0.565  1
RGI60-11.00232     0.01796   47.051030   13.250416   -0.627    0.707  1
RGI60-11.01881     0.01792   46.447919    7.923640   -0.228    0.413  1
RGI60-11.01919     0.01775   46.435335    7.921850   -1.476    1.248  1
RGI60-11.01327     0.01738   46.609809    8.077488    0.201    0.498  1
RGI60-11.02951     0.01732   45.909178    7.403564   -0.617    0.642  1
RGI60-11.01816     0.01710   46.470867   10.204333   -0.181    0.318  1
RGI60-11.03034     0.01710   45.694299    6.995702   -0.282    0.354  1
RGI60-11.02936     0.01710   45.916466    7.421262   -0.266    0.526  1
RGI60-11.01220     0.01710   46.668771    8.323391   -0.364    0.523  1
RGI60-11.02083     0.01710   46.401768    9.469984   -0.079    0.331  1
RGI60-11.02235     0.01710   46.345313    9.915325   -0.135    0.413  1
RGI60-11.01493     0.01710   46.552102    8.425768   -0.138    0.398  1
RGI60-11.02349     0.01710   46.284904    9.626748   -0.729    0.845  1
RGI60-11.01517     0.01710   46.543074    8.513737    0.054    0.303  1
RGI60-11.00668     0.01710   46.930387   10.888095   -0.553    0.713  1
RGI60-11.00667     0.01710   46.928169   11.125614   -0.929    0.814  1
RGI60-11.00953     0.01710   46.811133    8.949623   -2.096    1.861  1
RGI60-11.03096     0.01710   45.548489    7.357546   -0.561    0.618  1
RGI60-11.00559     0.01710   46.982759   11.235392   -0.310    0.420  1
RGI60-11.01897     0.01710   46.447337    8.393608    0.106    0.441  1
RGI60-11.00568     0.01710   46.986451   10.900493   -0.300    0.595  1
RGI60-11.01305     0.01710   46.616937    8.079462   -0.335    0.625  1
RGI60-11.00882     0.01710   46.838879    8.983245   -0.108    0.295  1
RGI60-11.02899     0.01710   45.934835    7.298087    0.056    0.513  1
RGI60-11.03094     0.01710   45.548500    7.278192   -0.525    0.625  1
RGI60-11.01807     0.01710   46.472830    7.873999   -0.551    0.640  1
RGI60-11.00740     0.01710   46.889566   10.224410   -0.048    0.672  1
RGI60-11.02962     0.01710   45.898508    7.011141   -0.251    0.505  1
RGI60-11.00076     0.01709   47.144792   12.409045   -0.475    0.534  1
RGI60-11.00132     0.01706   47.089745   13.254302   -1.252    1.595  1
RGI60-11.01944     0.01688   46.425449    7.742250   -0.914    0.799  1
RGI60-11.03444     0.01681   44.848265    6.229064   -0.393    0.434  1
RGI60-11.01332     0.01680   46.610724    8.771842    0.035    0.369  1
RGI60-11.03775     0.01679   44.958640    6.330843   -0.463    0.564  1
RGI60-11.03863     0.01668   46.252123   10.889213    0.016    0.372  1
RGI60-11.00709     0.01667   46.896605   10.671394   -0.317    0.421  1
RGI60-11.01073     0.01665   46.767808    8.483919   -0.027    0.438  1
RGI60-11.03875     0.01654   46.448482   11.832558   -0.126    0.594  1
RGI60-11.03766     0.01654   44.978238    6.273321   -0.596    0.647  1
RGI60-11.02649     0.01651   46.072338    7.583428   -0.493    0.640  1
RGI60-11.01789     0.01627   46.471986   10.589925   -0.092    0.308  1
RGI60-11.03818     0.01621   44.949325    6.419484    0.000    0.361  1
RGI60-11.01909     0.01620   46.437521    7.765156   -0.737    0.841  1
RGI60-11.00485     0.01620   46.996459   11.844615   -0.266    0.631  1
RGI60-11.01819     0.01620   46.475182    9.416717    0.404    0.540  1
RGI60-11.02905     0.01620   45.929272    7.062159   -1.022    1.076  1
RGI60-11.02664     0.01620   46.068829    7.853963   -0.689    0.746  1
RGI60-11.03168     0.01620   45.479189    7.229915   -0.205    0.772  1
RGI60-11.02380     0.01620   46.250846    9.996824   -0.081    0.349  1
RGI60-11.00704     0.01620   46.911485    9.257493   -0.747    0.770  1
RGI60-11.03194     0.01620   45.264044    7.141377   -1.221    1.154  1
RGI60-11.01504     0.01620   46.545921    9.704017   -0.097    0.642  1
RGI60-11.01170     0.01620   46.702317    8.384757   -1.242    1.352  1
RGI60-11.01878     0.01620   46.453997    9.268458   -0.182    0.528  1
RGI60-11.00351     0.01620   47.084357   10.145460   -1.573    1.387  1
RGI60-11.00517     0.01620   47.002655   10.906670   -0.199    0.336  1
RGI60-11.02563     0.01620   46.120169    7.838468   -0.262    0.356  1
RGI60-11.03024     0.01620   45.765546    6.806534    0.454    0.673  1
RGI60-11.00363     0.01620   47.052679   11.662426    0.486    0.737  1
RGI60-11.03128     0.01620   45.522896    7.336085   -0.031    0.649  1
RGI60-11.00961     0.01620   46.793051   10.788485   -0.369    0.417  1
RGI60-11.01744     0.01617   46.488916    8.123215   -0.873    0.942  1
RGI60-11.02127     0.01613   46.389505    9.915601   -0.320    0.700  1
RGI60-11.03833     0.01612   44.663855    7.093849   -0.580    0.629  1
RGI60-11.03815     0.01608   44.939765    6.431097   -0.088    0.456  1
RGI60-11.01519     0.01605   46.539749    8.124604    1.513    1.330  1
RGI60-11.03730     0.01592   45.409257    7.162214    0.083    0.270  1
RGI60-11.01083     0.01570   46.764004    8.453478   -0.706    1.029  1
RGI60-11.02799     0.01559   45.991764    7.423473    0.155    0.399  1
RGI60-11.03515     0.01558   44.971862    6.388445   -0.574    0.739  1
RGI60-11.01643     0.01547   46.509909    8.459284   -0.563    0.770  1
RGI60-11.03414     0.01547   44.921263    6.282071   -1.133    1.155  1
RGI60-11.02876     0.01541   45.956881    7.678963   -0.290    0.423  1
RGI60-11.03778     0.01532   44.958576    6.324973    0.000    0.484  1
RGI60-11.00916     0.01530   46.822360    8.885507   -0.433    0.584  1
RGI60-11.03192     0.01530   45.324654    7.118988   -0.544    0.637  1
RGI60-11.01397     0.01530   46.584230    8.234470   -0.436    0.668  1
RGI60-11.02365     0.01530   46.260684    8.091223   -1.551    1.572  1
RGI60-11.01886     0.01530   46.450306    8.315644   -0.063    0.308  1
RGI60-11.01865     0.01530   46.455579    8.337248    0.284    0.467  1
RGI60-11.00266     0.01530   47.112833   10.368924   -1.310    1.308  1
RGI60-11.03131     0.01530   45.515267    7.007358   -0.228    0.513  1
RGI60-11.01157     0.01530   46.712104    8.690782   -0.029    0.409  1
RGI60-11.02278     0.01530   46.318288    8.215563   -0.106    0.474  1
RGI60-11.00675     0.01530   46.922585   10.927973   -0.372    0.510  1
RGI60-11.01134     0.01530   46.735301    8.812747   -0.405    0.572  1
RGI60-11.01430     0.01530   46.576629    8.629025   -0.527    0.738  1
RGI60-11.01225     0.01530   46.659910    8.334501   -0.750    0.874  1
RGI60-11.00260     0.01528   47.062767   12.726927   -0.453    0.548  1
RGI60-11.00184     0.01528   47.083047   12.891478    0.121    0.370  1
RGI60-11.03554     0.01527   45.099526    6.334620   -0.135    0.450  1
RGI60-11.03245     0.01523   44.123942    7.363932   -0.446    0.629  1
RGI60-11.03637     0.01518   44.949398    6.428499   -0.010    0.300  1
RGI60-11.01734     0.01490   46.490211    7.936358   -0.469    0.591  1
RGI60-11.01536     0.01488   46.535819    8.139363    0.240    0.658  1
RGI60-11.03568     0.01481   44.547763    6.853047   -1.031    0.984  1
RGI60-11.03703     0.01474   45.144983    6.133012   -0.597    0.779  1
RGI60-11.01991     0.01469   46.411403    7.543414   -0.061    0.240  1
RGI60-11.03712     0.01464   45.972787    6.988154   -0.838    0.872  1
RGI60-11.03709     0.01463   45.990035    6.864595   -0.440    0.746  1
RGI60-11.03008     0.01440   45.829784    6.856993    0.696    0.866  1
RGI60-11.02946     0.01440   45.913613    7.560015   -0.717    0.895  1
RGI60-11.01830     0.01440   46.466943    7.868118   -0.519    0.606  1
RGI60-11.01299     0.01440   46.623940    8.417626   -0.146    0.547  1
RGI60-11.00347     0.01440   47.084179   10.304605   -0.132    0.630  1
RGI60-11.00700     0.01440   46.906570   10.204836   -0.331    0.496  1
RGI60-11.02250     0.01440   46.336483    8.226366   -0.725    0.872  1
RGI60-11.01401     0.01440   46.586206    8.834879   -1.097    1.197  1
RGI60-11.01597     0.01440   46.516854    9.758607    0.669    0.778  1
RGI60-11.01164     0.01440   46.707840    8.691649   -0.940    1.154  1
RGI60-11.02199     0.01440   46.361588    7.790008   -0.087    0.860  1
RGI60-11.02707     0.01440   46.050640    9.910417   -0.939    1.118  1
RGI60-11.00606     0.01440   46.957054   11.727344    0.040    0.426  1
RGI60-11.00464     0.01440   47.015026   11.630328   -0.756    1.076  1
RGI60-11.02613     0.01440   46.091745   10.020750   -0.442    0.645  1
RGI60-11.01922     0.01440   46.432884    7.758582   -0.491    0.560  1
RGI60-11.00613     0.01440   46.965389   11.202511   -0.558    0.613  1
RGI60-11.00044     0.01439   47.170080   12.219903   -0.205    0.576  1
RGI60-11.00314     0.01439   47.058282   12.260619   -0.210    0.570  1
RGI60-11.00093     0.01439   47.138676   12.371107    0.161    0.442  1
RGI60-11.00150     0.01438   47.102289   12.642161   -0.438    0.536  1
RGI60-11.00007     0.01436   47.473466   13.614321   -0.525    0.786  1
RGI60-11.03829     0.01415   44.667139    7.086105    0.212    0.811  1
RGI60-11.01014     0.01410   46.786161    8.523832   -0.872    1.296  1
RGI60-11.03864     0.01409   46.255656   10.891908    0.051    0.471  1
RGI60-11.02875     0.01383   45.958449    7.854027   -0.499    0.804  1
RGI60-11.03752     0.01378   45.295439    6.160934   -1.032    1.247  1
RGI60-11.02479     0.01367   46.160411   10.517523   -0.724    0.741  1
RGI60-11.00532     0.01354   46.979049   11.716951    0.102    0.641  1
RGI60-11.01811     0.01353   46.474393    8.102733   -1.870    1.942  1
RGI60-11.03436     0.01351   44.936304    6.113973   -0.128    0.530  1
RGI60-11.02058     0.01350   46.402500    7.843807   -0.574    0.637  1
RGI60-11.01317     0.01350   46.614516    8.247635   -0.001    0.417  1
RGI60-11.01000     0.01350   46.792579    8.970112   -1.230    1.532  1
RGI60-11.02029     0.01350   46.408916    7.964907   -0.124    0.618  1
RGI60-11.01303     0.01350   46.622753    8.943455   -0.108    0.307  1
RGI60-11.00525     0.01350   47.002035   10.789920   -0.829    0.905  1
RGI60-11.02298     0.01350   46.303741    9.729891    0.012    0.390  1
RGI60-11.02206     0.01350   46.361347    9.863330   -0.785    0.955  1
RGI60-11.02336     0.01350   46.288570    9.718161   -0.305    0.453  1
RGI60-11.01213     0.01350   46.680847    8.641971   -0.377    0.897  1
RGI60-11.02656     0.01350   46.075277   10.011922   -1.274    1.398  1
RGI60-11.02836     0.01350   45.973795    7.539447   -0.579    0.810  1
RGI60-11.02162     0.01350   46.382952    9.590704    0.357    0.594  1
RGI60-11.01247     0.01350   46.645160    8.113375   -0.519    0.719  1
RGI60-11.00346     0.01350   47.085877   10.135616   -0.345    0.620  1
RGI60-11.01153     0.01350   46.697996   11.001086   -0.427    0.509  1
RGI60-11.00651     0.01350   46.913437   12.142959    0.076    0.527  1
RGI60-11.00058     0.01349   47.154066   12.396349   -0.519    0.774  1
RGI60-11.00483     0.01348   46.971774   12.737178   -0.445    0.534  1
RGI60-11.01273     0.01323   46.633042    8.264769   -0.166    0.705  1
RGI60-11.03749     0.01278   45.281083    6.760234   -0.030    0.320  1
RGI60-11.00519     0.01274   46.984133   11.784154   -1.015    1.147  1
RGI60-11.01201     0.01267   46.689187    8.393920   -0.354    0.730  1
RGI60-11.03358     0.01264   44.886688    6.275927   -0.295    0.403  1
RGI60-11.02243     0.01260   46.342859    9.721799   -0.504    0.774  1
RGI60-11.01739     0.01260   46.480411   10.766591   -0.090    0.369  1
RGI60-11.03109     0.01260   45.541011    7.402219   -0.399    0.451  1
RGI60-11.01521     0.01260   46.540540    8.441966   -1.392    1.381  1
RGI60-11.01448     0.01260   46.564505    9.765722   -0.251    0.469  1
RGI60-11.02092     0.01260   46.399221    8.308074   -0.254    0.402  1
RGI60-11.02390     0.01260   46.231796    7.136060   -0.392    0.476  1
RGI60-11.01674     0.01260   46.495840   10.551202   -0.274    0.626  1
RGI60-11.01543     0.01260   46.533681    9.803293   -0.003    0.566  1
RGI60-11.00683     0.01260   46.913625   10.854089   -0.413    0.520  1
RGI60-11.02758     0.01244   46.021194    7.879825    0.526    0.919  1
RGI60-11.03586     0.01239   45.417010    6.759058    0.150    0.484  1
RGI60-11.01657     0.01236   46.503123    7.785621   -0.172    0.573  1
RGI60-11.01422     0.01198   46.574494    8.006129   -0.101    0.511  1
RGI60-11.03855     0.01187   46.064642    9.930180   -1.475    1.505  1
RGI60-11.00952     0.01177   46.811162    8.919960   -0.165    0.424  1
RGI60-11.02441     0.01170   46.175903    6.938957   -0.796    0.989  1
RGI60-11.01455     0.01170   46.561457    8.146021   -0.236    0.365  1
RGI60-11.02696     0.01170   46.055721   10.089725   -0.010    0.330  1
RGI60-11.02228     0.01170   46.347857    9.992436   -0.168    0.320  1
RGI60-11.02595     0.01170   46.100748    8.039675   -0.728    0.830  1
RGI60-11.00985     0.01170   46.782224   10.997085   -0.223    0.344  1
RGI60-11.02428     0.01170   46.205579   10.660752   -0.344    0.568  1
RGI60-11.02327     0.01170   46.291667    9.797365   -0.405    0.547  1
RGI60-11.00544     0.01170   46.994721   10.781719   -0.188    0.554  1
RGI60-11.02461     0.01170   46.172708    7.745292   -0.295    0.350  1
RGI60-11.01056     0.01170   46.774550    8.471955   -0.423    0.796  1
RGI60-11.00617     0.01170   46.953518   11.721231   -0.383    0.678  1
RGI60-11.02451     0.01170   46.168134    6.947020   -0.326    0.498  1
RGI60-11.00400     0.01170   47.063634   10.245395   -1.450    1.646  1
RGI60-11.03003     0.01170   45.844916    6.949942   -0.571    0.813  1
RGI60-11.03716     0.01161   45.494946    6.806827    0.049    0.278  1
RGI60-11.01472     0.01080   46.557979    9.751368   -0.250    0.406  1
RGI60-11.03058     0.01080   45.626374    6.989391   -0.952    1.008  1
RGI60-11.00747     0.01080   46.872167   10.982987   -0.738    0.921  1
RGI60-11.00571     0.01080   46.980135   11.241414   -0.113    0.357  1
RGI60-11.01264     0.01080   46.639031    8.976710   -0.172    0.633  1
RGI60-11.01190     0.01080   46.694717    8.713109   -0.868    1.165  1
RGI60-11.01613     0.01080   46.507398   10.494245   -0.049    0.501  1
RGI60-11.02281     0.01080   46.318010    9.670564   -0.126    0.581  1
RGI60-11.00462     0.01080   47.038619   10.230216   -0.723    0.816  1
RGI60-11.03093     0.01080   45.552875    7.434599   -0.247    0.521  1
RGI60-11.00649     0.01080   46.944299   10.694265   -0.264    0.410  1
RGI60-11.00381     0.01080   47.039653   11.907117    0.201    0.529  1
RGI60-11.01396     0.01080   46.584413    8.231461    0.095    0.365  1
RGI60-11.00145     0.01079   47.099298   12.810627   -0.086    0.484  1
RGI60-11.00324     0.01078   47.029918   13.032708   -0.672    0.949  1
RGI60-11.01612     0.01058   46.510512    7.779378   -0.471    0.765  1
RGI60-11.03812     0.01052   45.985613    6.870683   -0.127    0.352  1
RGI60-11.03490     0.01039   46.020562    6.845145   -0.237    0.394  1
RGI60-11.03925     0.01021   46.365023   13.448321    1.721    3.223  1
RGI60-11.03514     0.00992   46.104340    6.823636   -0.436    0.697  1
RGI60-11.03819     0.00980   44.940258    6.344054   -0.246    0.532  1
RGI60-11.03323     0.00957   45.039698    5.930772   -0.898    1.133  1
RGI60-11.00796     0.27360   46.864953    8.538984   -0.808    0.199  2
RGI60-11.03293     0.23140   44.824347    6.337364   -0.808    0.199  2
RGI60-11.01793     0.19264   46.473684    7.758331   -0.808    0.199  2
RGI60-11.03371     0.19070   44.971395    6.247509   -0.808    0.199  2
RGI60-11.03612     0.18133   44.828619    6.344428   -0.808    0.199  2
RGI60-11.03321     0.17527   44.793766    6.340556   -0.808    0.199  2
RGI60-11.03235     0.15112   46.611995   12.907000   -0.808    0.199  2
RGI60-11.03578     0.12821   44.956718    6.269654   -0.808    0.199  2
RGI60-11.01808     0.12815   46.469726    7.748130   -0.808    0.199  2
RGI60-11.01566     0.10710   46.520762    7.817431   -0.808    0.199  2
RGI60-11.03301     0.09981   45.894631    7.001214   -0.808    0.199  2
RGI60-11.02993     0.07470   45.873258    7.490574   -0.808    0.199  2
RGI60-11.02338     0.07410   46.287429    9.615498   -0.808    0.199  2
RGI60-11.03350     0.07375   45.003076    6.353269   -0.808    0.199  2
RGI60-11.03891     0.06778   46.376507   12.045379   -0.808    0.199  2
RGI60-11.03306     0.06570   44.933199    6.112066   -0.808    0.199  2
RGI60-11.00949     0.06429   46.812111    8.751103   -0.808    0.199  2
RGI60-11.03381     0.05923   45.894493    6.906090   -0.808    0.199  2
RGI60-11.03764     0.05336   44.973531    6.280899   -0.808    0.199  2
RGI60-11.03805     0.05283   44.917223    6.109059   -0.808    0.199  2
RGI60-11.03497     0.04966   44.890739    6.181687   -0.808    0.199  2
RGI60-11.02820     0.04680   45.981792    7.650609   -0.808    0.199  2
RGI60-11.02321     0.04500   46.292660    9.607959   -0.808    0.199  2
RGI60-11.02332     0.04311   46.289621    9.622838   -0.808    0.199  2
RGI60-11.03271     0.04295   44.987262    6.285574   -0.808    0.199  2
RGI60-11.00914     0.03870   46.823009    8.551152   -0.808    0.199  2
RGI60-11.03765     0.03831   44.973214    6.276677   -0.808    0.199  2
RGI60-11.03560     0.03763   44.954312    6.257116   -0.808    0.199  2
RGI60-11.03287     0.03703   44.834311    6.340754   -0.808    0.199  2
RGI60-11.03924     0.03691   46.437015   13.443913   -0.808    0.199  2
RGI60-11.03723     0.03664   45.461793    7.096330   -0.808    0.199  2
RGI60-11.03877     0.03607   46.298303   11.837814   -0.808    0.199  2
RGI60-11.01013     0.03510   46.786327    8.562582   -0.808    0.199  2
RGI60-11.03275     0.03325   44.966431    6.223340   -0.808    0.199  2
RGI60-11.01533     0.03282   46.535214    7.955848   -0.808    0.199  2
RGI60-11.03807     0.03271   44.938527    6.078842   -0.808    0.199  2
RGI60-11.02271     0.03240   46.309120    7.210917   -0.808    0.199  2
RGI60-11.02837     0.03225   45.973570    7.597144   -0.808    0.199  2
RGI60-11.03398     0.03197   44.804448    6.345439   -0.808    0.199  2
RGI60-11.03632     0.03046   44.807260    6.341922   -0.808    0.199  2
RGI60-11.03862     0.02988   46.247008   10.743047   -0.808    0.199  2
RGI60-11.01077     0.02970   46.766969    8.490070   -0.808    0.199  2
RGI60-11.03619     0.02907   45.964615    6.994493   -0.808    0.199  2
RGI60-11.03317     0.02885   45.896961    6.909020   -0.808    0.199  2
RGI60-11.03634     0.02885   44.953956    6.272531   -0.808    0.199  2
RGI60-11.00984     0.02880   46.784507   10.900657   -0.808    0.199  2
RGI60-11.02908     0.02790   45.932985    7.484800   -0.808    0.199  2
RGI60-11.00489     0.02700   47.026517    9.807196   -0.808    0.199  2
RGI60-11.03806     0.02666   44.913872    6.110404   -0.808    0.199  2
RGI60-11.03375     0.02656   44.850512    6.329226   -0.808    0.199  2
RGI60-11.02452     0.02610   46.167321    6.919175   -0.808    0.199  2
RGI60-11.01243     0.02610   46.647794    8.354792   -0.808    0.199  2
RGI60-11.02159     0.02610   46.384693    9.276577   -0.808    0.199  2
RGI60-11.01651     0.02610   46.504363    7.819007   -0.808    0.199  2
RGI60-11.03876     0.02568   46.286750   11.833957   -0.808    0.199  2
RGI60-11.01037     0.02520   46.779481    8.571533   -0.808    0.199  2
RGI60-11.02948     0.02520   45.916626    7.938308   -0.808    0.199  2
RGI60-11.01964     0.02520   46.424301    8.329022   -0.808    0.199  2
RGI60-11.00091     0.02518   47.133022   12.569909   -0.808    0.199  2
RGI60-11.00971     0.02433   46.804868    8.966193   -0.808    0.199  2
RGI60-11.01875     0.02430   46.446176   10.506334   -0.808    0.199  2
RGI60-11.01440     0.02430   46.572007    8.622380   -0.808    0.199  2
RGI60-11.03253     0.02403   44.970308    6.217317   -0.808    0.199  2
RGI60-11.00413     0.02353   47.027389   11.915361   -0.808    0.199  2
RGI60-11.01727     0.02340   46.495229    8.564355   -0.808    0.199  2
RGI60-11.01586     0.02340   46.515439    7.828639   -0.808    0.199  2
RGI60-11.03009     0.02340   45.829007    6.878401   -0.808    0.199  2
RGI60-11.01653     0.02340   46.510059    9.063510   -0.808    0.199  2
RGI60-11.01788     0.02324   46.477803    7.875150   -0.808    0.199  2
RGI60-11.03223     0.02259   42.693398    0.018553   -0.808    0.199  2
RGI60-11.01416     0.02250   46.580508    8.699678   -0.808    0.199  2
RGI60-11.00874     0.02250   46.836725   10.010003   -0.808    0.199  2
RGI60-11.02817     0.02250   45.982740    7.507854   -0.808    0.199  2
RGI60-11.02966     0.02250   45.900373    7.245482   -0.808    0.199  2
RGI60-11.01796     0.02250   46.475420    7.879301   -0.808    0.199  2
RGI60-11.01736     0.02247   46.491162    8.121600   -0.808    0.199  2
RGI60-11.03795     0.02235   44.862726    6.221794   -0.808    0.199  2
RGI60-11.03628     0.02231   44.927933    6.103917   -0.808    0.199  2
RGI60-11.03412     0.02230   45.003242    6.360473   -0.808    0.199  2
RGI60-11.03866     0.02223   46.258642   10.898343   -0.808    0.199  2
RGI60-11.03418     0.02199   45.906208    6.919225   -0.808    0.199  2
RGI60-11.03600     0.02197   44.917036    6.151679   -0.808    0.199  2
RGI60-11.00624     0.02160   46.959048   11.161668   -0.808    0.199  2
RGI60-11.02877     0.02160   45.951033    7.416360   -0.808    0.199  2
RGI60-11.01239     0.02160   46.651783    8.347016   -0.808    0.199  2
RGI60-11.02470     0.02160   46.166412   10.418354   -0.808    0.199  2
RGI60-11.00177     0.02155   47.070984   13.279600   -0.808    0.199  2
RGI60-11.03854     0.02103   46.049319    9.893211   -0.808    0.199  2
RGI60-11.01368     0.02093   46.600030    8.404882   -0.808    0.199  2
RGI60-11.03204     0.02076   42.798695    1.089223   -0.808    0.199  2
RGI60-11.03337     0.02076   45.174867    6.153502   -0.808    0.199  2
RGI60-11.03893     0.02071   46.379541   12.049450   -0.808    0.199  2
RGI60-11.01022     0.02070   46.784204    8.580441   -0.808    0.199  2
RGI60-11.01086     0.02070   46.761901    8.372584   -0.808    0.199  2
RGI60-11.00772     0.02070   46.877603    9.081089   -0.808    0.199  2
RGI60-11.02468     0.02050   46.167151   10.426659   -0.808    0.199  2
RGI60-11.03302     0.02048   44.989790    6.285714   -0.808    0.199  2
RGI60-11.01561     0.01989   46.523843    7.827813   -0.808    0.199  2
RGI60-11.02329     0.01980   46.290089    8.128518   -0.808    0.199  2
RGI60-11.02153     0.01980   46.381071    7.803427   -0.808    0.199  2
RGI60-11.01560     0.01980   46.527766    8.220134   -0.808    0.199  2
RGI60-11.02524     0.01980   46.140947   10.554092   -0.808    0.199  2
RGI60-11.02834     0.01980   45.973046    7.448336   -0.808    0.199  2
RGI60-11.00741     0.01975   46.887266   10.233645   -0.808    0.199  2
RGI60-11.01706     0.01917   46.496066    7.923721   -0.808    0.199  2
RGI60-11.02387     0.01890   46.245168    8.119066   -0.808    0.199  2
RGI60-11.02241     0.01890   46.331690    7.251133   -0.808    0.199  2
RGI60-11.02958     0.01890   45.904010    7.236215   -0.808    0.199  2
RGI60-11.02874     0.01890   45.955053    7.537403   -0.808    0.199  2
RGI60-11.01094     0.01890   46.742315   11.001783   -0.808    0.199  2
RGI60-11.03031     0.01890   45.699739    6.831122   -0.808    0.199  2
RGI60-11.01967     0.01890   46.416597    7.598184   -0.808    0.199  2
RGI60-11.02688     0.01890   46.051943    7.428441   -0.808    0.199  2
RGI60-11.02476     0.01890   46.155491   10.870011   -0.808    0.199  2
RGI60-11.02609     0.01890   46.092367   10.060121   -0.808    0.199  2
RGI60-11.02003     0.01890   46.415790    8.301117   -0.808    0.199  2
RGI60-11.00405     0.01890   47.030240   11.916176   -0.808    0.199  2
RGI60-11.00119     0.01890   47.167730   10.471244   -0.808    0.199  2
RGI60-11.00262     0.01890   47.079713   12.133035   -0.808    0.199  2
RGI60-11.00259     0.01889   47.077684   12.230969   -0.808    0.199  2
RGI60-11.00350     0.01888   47.037698   12.470662   -0.808    0.199  2
RGI60-11.00170     0.01886   47.075305   13.223242   -0.808    0.199  2
RGI60-11.00282     0.01886   47.034021   13.329713   -0.808    0.199  2
RGI60-11.01694     0.01876   46.497786    7.860826   -0.808    0.199  2
RGI60-11.03355     0.01876   44.856559    6.256962   -0.808    0.199  2
RGI60-11.03593     0.01839   44.963088    6.214235   -0.808    0.199  2
RGI60-11.03417     0.01834   44.890348    6.314621   -0.808    0.199  2
RGI60-11.01697     0.01806   46.498046    7.928244   -0.808    0.199  2
RGI60-11.00206     0.01800   47.120504   11.063378   -0.808    0.199  2
RGI60-11.00780     0.01800   46.874007    9.152761   -0.808    0.199  2
RGI60-11.01277     0.01800   46.632699    8.496975   -0.808    0.199  2
RGI60-11.02346     0.01800   46.285362    9.637530   -0.808    0.199  2
RGI60-11.03196     0.01800   45.241198    7.104578   -0.808    0.199  2
RGI60-11.02957     0.01800   45.909812    7.585377   -0.808    0.199  2
RGI60-11.02262     0.01800   46.314767    7.200983   -0.808    0.199  2
RGI60-11.01562     0.01800   46.528930    9.494053   -0.808    0.199  2
RGI60-11.01572     0.01800   46.525265    8.434523   -0.808    0.199  2
RGI60-11.02501     0.01800   46.151357   10.477158   -0.808    0.199  2
RGI60-11.01735     0.01800   46.493964    9.524854   -0.808    0.199  2
RGI60-11.03203     0.01800   45.102795    6.629549   -0.808    0.199  2
RGI60-11.00219     0.01799   47.088445   12.200448   -0.808    0.199  2
RGI60-11.03728     0.01763   45.412527    7.068220   -0.808    0.199  2
RGI60-11.03769     0.01759   44.967967    6.270606   -0.808    0.199  2
RGI60-11.01370     0.01716   46.597665    8.169646   -0.808    0.199  2
RGI60-11.03281     0.01714   45.459812    6.371356   -0.808    0.199  2
RGI60-11.00410     0.01710   47.043710   11.291796   -0.808    0.199  2
RGI60-11.02296     0.01710   46.303618    8.154625   -0.808    0.199  2
RGI60-11.01047     0.01710   46.776741    8.522124   -0.808    0.199  2
RGI60-11.02521     0.01710   46.147553    7.859551   -0.808    0.199  2
RGI60-11.02130     0.01710   46.392617    9.426449   -0.808    0.199  2
RGI60-11.02188     0.01710   46.373590    9.448637   -0.808    0.199  2
RGI60-11.00234     0.01709   47.080986   12.318762   -0.808    0.199  2
RGI60-11.00020     0.01708   47.183038   12.757761   -0.808    0.199  2
RGI60-11.00228     0.01707   47.062696   12.943252   -0.808    0.199  2
RGI60-11.01531     0.01701   46.534939    7.963543   -0.808    0.199  2
RGI60-11.03792     0.01693   44.858021    6.209183   -0.808    0.199  2
RGI60-11.03318     0.01669   44.913998    6.143730   -0.808    0.199  2
RGI60-11.03415     0.01666   44.847142    6.226103   -0.808    0.199  2
RGI60-11.03422     0.01641   44.982953    6.028585   -0.808    0.199  2
RGI60-11.02697     0.01639   46.052279    7.619475   -0.808    0.199  2
RGI60-11.03779     0.01623   44.913653    6.465022   -0.808    0.199  2
RGI60-11.03426     0.01623   44.846798    6.222977   -0.808    0.199  2
RGI60-11.02035     0.01620   46.400441   10.643612   -0.808    0.199  2
RGI60-11.01581     0.01620   46.513974   10.527862   -0.808    0.199  2
RGI60-11.01507     0.01620   46.544544    9.816453   -0.808    0.199  2
RGI60-11.02606     0.01620   46.079479    6.892049   -0.808    0.199  2
RGI60-11.02995     0.01620   45.871613    7.493340   -0.808    0.199  2
RGI60-11.00686     0.01620   46.909879   10.888231   -0.808    0.199  2
RGI60-11.02256     0.01620   46.332216    9.719568   -0.808    0.199  2
RGI60-11.02017     0.01620   46.414231    8.363303   -0.808    0.199  2
RGI60-11.02455     0.01620   46.173625   10.438884   -0.808    0.199  2
RGI60-11.03033     0.01620   45.698279    6.993344   -0.808    0.199  2
RGI60-11.02581     0.01620   46.107590    7.887277   -0.808    0.199  2
RGI60-11.02778     0.01620   46.005646    7.524384   -0.808    0.199  2
RGI60-11.02965     0.01620   45.900220    7.238474   -0.808    0.199  2
RGI60-11.01901     0.01620   46.442298   10.137202   -0.808    0.199  2
RGI60-11.01903     0.01620   46.441694   10.133132   -0.808    0.199  2
RGI60-11.02104     0.01620   46.391277   10.195322   -0.808    0.199  2
RGI60-11.01221     0.01620   46.667548    8.477989   -0.808    0.199  2
RGI60-11.03800     0.01616   44.854596    6.192195   -0.808    0.199  2
RGI60-11.01356     0.01615   46.600311    8.110424   -0.808    0.199  2
RGI60-11.02292     0.01610   46.304750    8.183343   -0.808    0.199  2
RGI60-11.01075     0.01609   46.767810    8.477622   -0.808    0.199  2
RGI60-11.03499     0.01608   44.859843    6.205661   -0.808    0.199  2
RGI60-11.01329     0.01608   46.610888    8.246681   -0.808    0.199  2
RGI60-11.00921     0.01592   46.820530    8.926984   -0.808    0.199  2
RGI60-11.00144     0.01591   47.117574   12.248943   -0.808    0.199  2
RGI60-11.03299     0.01585   45.456373    7.097638   -0.808    0.199  2
RGI60-11.01420     0.01571   46.576123    8.105854   -0.808    0.199  2
RGI60-11.02659     0.01551   46.072349    7.866214   -0.808    0.199  2
RGI60-11.02728     0.01551   46.035092    7.674298   -0.808    0.199  2
RGI60-11.00968     0.01537   46.805347    8.958112   -0.808    0.199  2
RGI60-11.00467     0.01530   47.029307   10.823165   -0.808    0.199  2
RGI60-11.01095     0.01530   46.757947    8.451908   -0.808    0.199  2
RGI60-11.00947     0.01530   46.797615   10.855097   -0.808    0.199  2
RGI60-11.03032     0.01530   45.697770    6.845179   -0.808    0.199  2
RGI60-11.01259     0.01530   46.637900    8.171667   -0.808    0.199  2
RGI60-11.00879     0.01530   46.840346    8.993292   -0.808    0.199  2
RGI60-11.02323     0.01530   46.293361    9.584184   -0.808    0.199  2
RGI60-11.00556     0.01530   46.987182   11.078985   -0.808    0.199  2
RGI60-11.00640     0.01530   46.953869   10.249668   -0.808    0.199  2
RGI60-11.01664     0.01530   46.503629    8.003325   -0.808    0.199  2
RGI60-11.02378     0.01530   46.244759   10.693798   -0.808    0.199  2
RGI60-11.02395     0.01530   46.233604   10.629760   -0.808    0.199  2
RGI60-11.02106     0.01530   46.396660    9.469936   -0.808    0.199  2
RGI60-11.02403     0.01530   46.230892   10.631693   -0.808    0.199  2
RGI60-11.00409     0.01530   47.028884   11.950631   -0.808    0.199  2
RGI60-11.02615     0.01530   46.091238   10.062871   -0.808    0.199  2
RGI60-11.02328     0.01530   46.290828    8.125733   -0.808    0.199  2
RGI60-11.01395     0.01530   46.587446    8.732080   -0.808    0.199  2
RGI60-11.01320     0.01530   46.615330    8.447587   -0.808    0.199  2
RGI60-11.00198     0.01530   47.104210   11.954934   -0.808    0.199  2
RGI60-11.02960     0.01530   45.907397    7.555496   -0.808    0.199  2
RGI60-11.01780     0.01530   46.480699    9.983504   -0.808    0.199  2
RGI60-11.00602     0.01530   46.974192   10.905605   -0.808    0.199  2
RGI60-11.00910     0.01530   46.825175    8.555572   -0.808    0.199  2
RGI60-11.01052     0.01530   46.758958   11.019300   -0.808    0.199  2
RGI60-11.03015     0.01530   45.817732    7.059040   -0.808    0.199  2
RGI60-11.00401     0.01530   47.025799   12.152639   -0.808    0.199  2
RGI60-11.00429     0.01529   47.013219   12.222789   -0.808    0.199  2
RGI60-11.03710     0.01520   45.991141    6.865492   -0.808    0.199  2
RGI60-11.03237     0.01519   46.363995   14.553000   -0.808    0.199  2
RGI60-11.03927     0.01503   46.368112   13.473552   -0.808    0.199  2
RGI60-11.03811     0.01503   44.939884    6.353414   -0.808    0.199  2
RGI60-11.03799     0.01498   44.853078    6.193485   -0.808    0.199  2
RGI60-11.03788     0.01491   44.862047    6.324167   -0.808    0.199  2
RGI60-11.03392     0.01483   44.995043    6.335272   -0.808    0.199  2
RGI60-11.03269     0.01475   44.858761    6.380950   -0.808    0.199  2
RGI60-11.03532     0.01475   44.817325    6.352014   -0.808    0.199  2
RGI60-11.02955     0.01474   45.914171    7.884124   -0.808    0.199  2
RGI60-11.01665     0.01472   46.507263    9.297852   -0.808    0.199  2
RGI60-11.03820     0.01465   44.941473    6.348670   -0.808    0.199  2
RGI60-11.03207     0.01463   42.632603    0.654068   -0.808    0.199  2
RGI60-11.02770     0.01461   46.012955    7.900468   -0.808    0.199  2
RGI60-11.03784     0.01461   44.851884    6.353947   -0.808    0.199  2
RGI60-11.03310     0.01455   44.908568    6.112226   -0.808    0.199  2
RGI60-11.02487     0.01454   46.162649    7.982460   -0.808    0.199  2
RGI60-11.03848     0.01452   46.239807    9.538735   -0.808    0.199  2
RGI60-11.00863     0.01440   46.843452    8.867881   -0.808    0.199  2
RGI60-11.02585     0.01440   46.100609    7.709344   -0.808    0.199  2
RGI60-11.01307     0.01440   46.618898    8.442022   -0.808    0.199  2
RGI60-11.01207     0.01440   46.685664    8.527496   -0.808    0.199  2
RGI60-11.01410     0.01440   46.579093    8.006571   -0.808    0.199  2
RGI60-11.01972     0.01440   46.420879    9.904019   -0.808    0.199  2
RGI60-11.01487     0.01440   46.547790   10.340830   -0.808    0.199  2
RGI60-11.02343     0.01440   46.285969    9.641305   -0.808    0.199  2
RGI60-11.02436     0.01440   46.182482   10.889201   -0.808    0.199  2
RGI60-11.01867     0.01440   46.452916    7.947172   -0.808    0.199  2
RGI60-11.02238     0.01440   46.344121    9.794347   -0.808    0.199  2
RGI60-11.00334     0.01440   47.057178   11.983881   -0.808    0.199  2
RGI60-11.02182     0.01440   46.377832    9.585279   -0.808    0.199  2
RGI60-11.01065     0.01440   46.771470    8.818204   -0.808    0.199  2
RGI60-11.02505     0.01440   46.147647   10.593737   -0.808    0.199  2
RGI60-11.02361     0.01440   46.254928   10.682937   -0.808    0.199  2
RGI60-11.00148     0.01440   47.155317   10.213763   -0.808    0.199  2
RGI60-11.02118     0.01440   46.390000    7.816961   -0.808    0.199  2
RGI60-11.00455     0.01440   47.033066   10.810924   -0.808    0.199  2
RGI60-11.01092     0.01440   46.753327   10.344152   -0.808    0.199  2
RGI60-11.03069     0.01440   45.597162    7.254999   -0.808    0.199  2
RGI60-11.00942     0.01440   46.810426   10.043409   -0.808    0.199  2
RGI60-11.01432     0.01440   46.576543    8.608462   -0.808    0.199  2
RGI60-11.03023     0.01440   45.767897    6.806314   -0.808    0.199  2
RGI60-11.02255     0.01440   46.333344    9.680959   -0.808    0.199  2
RGI60-11.02392     0.01440   46.234557   10.679614   -0.808    0.199  2
RGI60-11.01295     0.01440   46.626503    8.785379   -0.808    0.199  2
RGI60-11.01012     0.01440   46.788057    8.922700   -0.808    0.199  2
RGI60-11.00724     0.01440   46.887247   10.906450   -0.808    0.199  2
RGI60-11.01405     0.01440   46.582994    8.235446   -0.808    0.199  2
RGI60-11.03106     0.01440   45.541633    7.357159   -0.808    0.199  2
RGI60-11.01160     0.01440   46.708772    8.377466   -0.808    0.199  2
RGI60-11.00292     0.01440   47.072763   12.036717   -0.808    0.199  2
RGI60-11.00321     0.01440   47.062072   12.038332   -0.808    0.199  2
RGI60-11.00241     0.01438   47.066762   12.705876   -0.808    0.199  2
RGI60-11.02473     0.01437   46.165708   10.420653   -0.808    0.199  2
RGI60-11.01373     0.01420   46.596283    8.171534   -0.808    0.199  2
RGI60-11.03502     0.01408   45.520954    6.852595   -0.808    0.199  2
RGI60-11.02779     0.01406   46.005577    7.526945   -0.808    0.199  2
RGI60-11.02846     0.01401   45.970047    7.630455   -0.808    0.199  2
RGI60-11.02892     0.01388   45.940058    7.276307   -0.808    0.199  2
RGI60-11.03711     0.01380   45.988774    6.865392   -0.808    0.199  2
RGI60-11.03777     0.01378   44.961038    6.325954   -0.808    0.199  2
RGI60-11.02082     0.01363   46.399182    9.999632   -0.808    0.199  2
RGI60-11.03476     0.01363   44.940419    6.349972   -0.808    0.199  2
RGI60-11.02977     0.01361   45.897185    7.797126   -0.808    0.199  2
RGI60-11.00757     0.01353   46.867084   10.969652   -0.808    0.199  2
RGI60-11.02248     0.01350   46.337455    9.784263   -0.808    0.199  2
RGI60-11.02893     0.01350   45.943106    7.589820   -0.808    0.199  2
RGI60-11.00506     0.01350   47.017526   10.222561   -0.808    0.199  2
RGI60-11.01584     0.01350   46.518740    8.079764   -0.808    0.199  2
RGI60-11.01855     0.01350   46.459456    8.357185   -0.808    0.199  2
RGI60-11.01764     0.01350   46.475477   10.778436   -0.808    0.199  2
RGI60-11.01291     0.01350   46.627304    8.503152   -0.808    0.199  2
RGI60-11.02157     0.01350   46.383662    8.320154   -0.808    0.199  2
RGI60-11.02350     0.01350   46.284060    9.803544   -0.808    0.199  2
RGI60-11.01558     0.01350   46.527080    8.030388   -0.808    0.199  2
RGI60-11.02589     0.01350   46.099023    7.696959   -0.808    0.199  2
RGI60-11.02184     0.01350   46.374518    9.809759   -0.808    0.199  2
RGI60-11.01149     0.01350   46.719416    8.485820   -0.808    0.199  2
RGI60-11.00494     0.01350   47.008993   11.089850   -0.808    0.199  2
RGI60-11.00866     0.01350   46.838281   10.016794   -0.808    0.199  2
RGI60-11.02456     0.01350   46.173387   10.436369   -0.808    0.199  2
RGI60-11.03134     0.01350   45.513708    7.007172   -0.808    0.199  2
RGI60-11.01169     0.01350   46.700928    9.959299   -0.808    0.199  2
RGI60-11.02618     0.01350   46.090192   10.014704   -0.808    0.199  2
RGI60-11.00763     0.01350   46.876012   10.154645   -0.808    0.199  2
RGI60-11.01914     0.01350   46.437968    7.935613   -0.808    0.199  2
RGI60-11.01227     0.01350   46.659248    8.338797   -0.808    0.199  2
RGI60-11.01162     0.01350   46.708743    8.489741   -0.808    0.199  2
RGI60-11.02433     0.01350   46.185926   10.898344   -0.808    0.199  2
RGI60-11.00448     0.01350   47.014278   11.895764   -0.808    0.199  2
RGI60-11.02038     0.01350   46.401686    7.521641   -0.808    0.199  2
RGI60-11.00856     0.01350   46.846285    8.868015   -0.808    0.199  2
RGI60-11.02183     0.01350   46.376993    9.587311   -0.808    0.199  2
RGI60-11.01268     0.01350   46.636893    8.930323   -0.808    0.199  2
RGI60-11.02307     0.01350   46.301543    8.182046   -0.808    0.199  2
RGI60-11.00611     0.01350   46.986815    8.990808   -0.808    0.199  2
RGI60-11.02220     0.01350   46.344247    7.356691   -0.808    0.199  2
RGI60-11.01989     0.01350   46.413874    7.646826   -0.808    0.199  2
RGI60-11.00137     0.01349   47.121006   12.241693   -0.808    0.199  2
RGI60-11.00516     0.01348   46.957518   12.760239   -0.808    0.199  2
RGI60-11.00318     0.01348   47.033100   13.011319   -0.808    0.199  2
RGI60-11.00299     0.01348   47.040407   13.018530   -0.808    0.199  2
RGI60-11.00173     0.01347   47.074038   13.225102   -0.808    0.199  2
RGI60-11.03722     0.01337   45.459156    7.095191   -0.808    0.199  2
RGI60-11.03793     0.01323   44.856573    6.209380   -0.808    0.199  2
RGI60-11.03507     0.01318   44.967493    6.256937   -0.808    0.199  2
RGI60-11.03926     0.01316   46.366096   13.450542   -0.808    0.199  2
RGI60-11.03852     0.01299   46.240298    9.956763   -0.808    0.199  2
RGI60-11.01969     0.01273   46.419727    7.928214   -0.808    0.199  2
RGI60-11.03370     0.01272   44.910757    6.182435   -0.808    0.199  2
RGI60-11.01595     0.01265   46.514355    7.814840   -0.808    0.199  2
RGI60-11.01511     0.01265   46.541792    8.122418   -0.808    0.199  2
RGI60-11.01154     0.01262   46.713862    8.368878   -0.808    0.199  2
RGI60-11.01846     0.01261   46.464594    9.271679   -0.808    0.199  2
RGI60-11.03040     0.01260   45.667658    7.022777   -0.808    0.199  2
RGI60-11.01021     0.01260   46.772354   10.743362   -0.808    0.199  2
RGI60-11.03105     0.01260   45.537808    7.069987   -0.808    0.199  2
RGI60-11.01214     0.01260   46.674685    8.337542   -0.808    0.199  2
RGI60-11.01064     0.01260   46.754329   11.038209   -0.808    0.199  2
RGI60-11.01636     0.01260   46.513385    9.085802   -0.808    0.199  2
RGI60-11.01382     0.01260   46.593113    8.415578   -0.808    0.199  2
RGI60-11.00690     0.01260   46.901009   10.911781   -0.808    0.199  2
RGI60-11.01172     0.01260   46.700569    8.383306   -0.808    0.199  2
RGI60-11.00600     0.01260   46.989999    8.984491   -0.808    0.199  2
RGI60-11.02322     0.01260   46.293047    9.686924   -0.808    0.199  2
RGI60-11.00356     0.01260   47.079991   10.300865   -0.808    0.199  2
RGI60-11.00891     0.01260   46.836503    8.979028   -0.808    0.199  2
RGI60-11.02394     0.01260   46.234440   10.627751   -0.808    0.199  2
RGI60-11.01801     0.01260   46.480125    9.102332   -0.808    0.199  2
RGI60-11.00447     0.01260   47.017622   11.756914   -0.808    0.199  2
RGI60-11.02186     0.01260   46.372557    9.813911   -0.808    0.199  2
RGI60-11.01163     0.01260   46.696237   10.723112   -0.808    0.199  2
RGI60-11.03155     0.01260   45.498097    7.267422   -0.808    0.199  2
RGI60-11.01703     0.01260   46.500556    8.440504   -0.808    0.199  2
RGI60-11.03088     0.01260   45.553314    7.074453   -0.808    0.199  2
RGI60-11.00389     0.01260   47.035607   11.928776   -0.808    0.199  2
RGI60-11.03188     0.01260   45.331629    7.148927   -0.808    0.199  2
RGI60-11.03007     0.01260   45.832494    6.904070   -0.808    0.199  2
RGI60-11.01124     0.01260   46.742770    8.682867   -0.808    0.199  2
RGI60-11.02381     0.01260   46.242158   10.693883   -0.808    0.199  2
RGI60-11.02252     0.01260   46.336322    8.231102   -0.808    0.199  2
RGI60-11.02247     0.01260   46.337271    9.905383   -0.808    0.199  2
RGI60-11.02992     0.01260   45.876430    7.539642   -0.808    0.199  2
RGI60-11.00329     0.01260   47.060098   11.972166   -0.808    0.199  2
RGI60-11.00418     0.01260   47.033045   11.641840   -0.808    0.199  2
RGI60-11.00473     0.01260   47.031592   10.229124   -0.808    0.199  2
RGI60-11.02491     0.01260   46.155594   10.496876   -0.808    0.199  2
RGI60-11.00253     0.01260   47.083073   12.084851   -0.808    0.199  2
RGI60-11.03471     0.01260   45.003836    6.305608   -0.808    0.199  2
RGI60-11.00037     0.01259   47.172465   12.340141   -0.808    0.199  2
RGI60-11.01607     0.01259   46.515525    9.723306   -0.808    0.199  2
RGI60-11.00130     0.01258   47.108868   12.733596   -0.808    0.199  2
RGI60-11.00163     0.01257   47.078066   13.249190   -0.808    0.199  2
RGI60-11.01219     0.01256   46.671941    8.392032   -0.808    0.199  2
RGI60-11.02687     0.01255   46.055680    7.697811   -0.808    0.199  2
RGI60-11.02885     0.01251   45.948203    7.470771   -0.808    0.199  2
RGI60-11.03757     0.01241   45.121624    6.131213   -0.808    0.199  2
RGI60-11.02374     0.01223   46.254828    8.107249   -0.808    0.199  2
RGI60-11.01322     0.01222   46.615688    8.779295   -0.808    0.199  2
RGI60-11.02111     0.01217   46.390995    7.832540   -0.808    0.199  2
RGI60-11.03636     0.01215   44.930380    6.159092   -0.808    0.199  2
RGI60-11.01611     0.01205   46.516883    9.369909   -0.808    0.199  2
RGI60-11.03394     0.01197   44.936612    6.083049   -0.808    0.199  2
RGI60-11.00681     0.01196   46.915239   10.866778   -0.808    0.199  2
RGI60-11.01467     0.01195   46.556987    8.051920   -0.808    0.199  2
RGI60-11.02923     0.01172   45.925602    7.832463   -0.808    0.199  2
RGI60-11.01411     0.01171   46.578394    8.100803   -0.808    0.199  2
RGI60-11.01256     0.01170   46.639849    8.173252   -0.808    0.199  2
RGI60-11.02572     0.01170   46.107936   10.589494   -0.808    0.199  2
RGI60-11.01309     0.01170   46.618771    8.436760   -0.808    0.199  2
RGI60-11.01778     0.01170   46.485627    9.061452   -0.808    0.199  2
RGI60-11.02616     0.01170   46.090641   10.071546   -0.808    0.199  2
RGI60-11.01624     0.01170   46.514401    9.372930   -0.808    0.199  2
RGI60-11.02985     0.01170   45.888466    7.861996   -0.808    0.199  2
RGI60-11.01709     0.01170   46.490385   10.554505   -0.808    0.199  2
RGI60-11.01534     0.01170   46.539005    8.504851   -0.808    0.199  2
RGI60-11.02502     0.01170   46.154682    7.995581   -0.808    0.199  2
RGI60-11.01970     0.01170   46.415669    7.570398   -0.808    0.199  2
RGI60-11.00714     0.01170   46.893984   10.792072   -0.808    0.199  2
RGI60-11.03065     0.01170   45.620037    7.415434   -0.808    0.199  2
RGI60-11.03158     0.01170   45.493685    7.117344   -0.808    0.199  2
RGI60-11.02145     0.01170   46.387802    9.419488   -0.808    0.199  2
RGI60-11.02190     0.01170   46.362118    7.363779   -0.808    0.199  2
RGI60-11.01184     0.01170   46.697132    8.695227   -0.808    0.199  2
RGI60-11.01563     0.01170   46.523309    7.809394   -0.808    0.199  2
RGI60-11.01265     0.01170   46.636588    8.274185   -0.808    0.199  2
RGI60-11.02605     0.01170   46.094740   10.094912   -0.808    0.199  2
RGI60-11.02579     0.01170   46.101652    7.362605   -0.808    0.199  2
RGI60-11.00889     0.01170   46.831802   10.061042   -0.808    0.199  2
RGI60-11.02984     0.01170   45.886844    7.543578   -0.808    0.199  2
RGI60-11.00512     0.01170   47.004726   10.921941   -0.808    0.199  2
RGI60-11.03153     0.01170   45.501082    7.260182   -0.808    0.199  2
RGI60-11.02275     0.01170   46.320264    9.685550   -0.808    0.199  2
RGI60-11.02971     0.01170   45.889524    7.007045   -0.808    0.199  2
RGI60-11.02158     0.01170   46.385107    9.418267   -0.808    0.199  2
RGI60-11.01121     0.01170   46.738013   10.269352   -0.808    0.199  2
RGI60-11.01088     0.01170   46.761796    8.471354   -0.808    0.199  2
RGI60-11.01792     0.01170   46.477122    7.881590   -0.808    0.199  2
RGI60-11.02862     0.01170   45.958196    7.257542   -0.808    0.199  2
RGI60-11.02335     0.01170   46.288710    8.195657   -0.808    0.199  2
RGI60-11.03016     0.01170   45.811122    6.859402   -0.808    0.199  2
RGI60-11.02961     0.01170   45.905279    7.395584   -0.808    0.199  2
RGI60-11.00934     0.01170   46.813287   10.046491   -0.808    0.199  2
RGI60-11.02712     0.01170   46.047365    9.910113   -0.808    0.199  2
RGI60-11.01559     0.01170   46.529705    8.442646   -0.808    0.199  2
RGI60-11.01050     0.01170   46.776890    8.930892   -0.808    0.199  2
RGI60-11.03012     0.01170   45.825405    6.892546   -0.808    0.199  2
RGI60-11.01457     0.01170   46.561372    9.760119   -0.808    0.199  2
RGI60-11.00216     0.01170   47.093563   12.079112   -0.808    0.199  2
RGI60-11.00426     0.01170   47.015319   12.202752   -0.808    0.199  2
RGI60-11.03199     0.01169   45.112327    6.782366   -0.808    0.199  2
RGI60-11.00187     0.01168   47.084702   12.792508   -0.808    0.199  2
RGI60-11.03873     0.01167   46.447773   11.830278   -0.808    0.199  2
RGI60-11.02166     0.01165   46.379792    9.905517   -0.808    0.199  2
RGI60-11.01188     0.01157   46.692245    9.993497   -0.808    0.199  2
RGI60-11.03727     0.01157   45.414453    7.066045   -0.808    0.199  2
RGI60-11.02522     0.01151   46.144444    7.692524   -0.808    0.199  2
RGI60-11.02717     0.01150   46.041569    7.676749   -0.808    0.199  2
RGI60-11.03566     0.01144   45.394305    7.015526   -0.808    0.199  2
RGI60-11.03808     0.01133   44.940423    6.080550   -0.808    0.199  2
RGI60-11.03236     0.01131   46.377852   13.844573   -0.808    0.199  2
RGI60-11.01385     0.01110   46.590041    8.137762   -0.808    0.199  2
RGI60-11.03357     0.01097   44.849794    6.236726   -0.808    0.199  2
RGI60-11.02348     0.01090   46.285192    9.620246   -0.808    0.199  2
RGI60-11.00717     0.01086   46.893041   10.789363   -0.808    0.199  2
RGI60-11.03846     0.01084   46.497170    9.290778   -0.808    0.199  2
RGI60-11.01822     0.01081   46.462235   10.717438   -0.808    0.199  2
RGI60-11.01314     0.01080   46.618665    8.792530   -0.808    0.199  2
RGI60-11.02868     0.01080   45.960676    7.676422   -0.808    0.199  2
RGI60-11.02850     0.01080   45.966418    7.452868   -0.808    0.199  2
RGI60-11.02229     0.01080   46.347841    9.997849   -0.808    0.199  2
RGI60-11.02205     0.01080   46.363105    8.254200   -0.808    0.199  2
RGI60-11.00255     0.01080   47.085726   11.960812   -0.808    0.199  2
RGI60-11.01625     0.01080   46.514975    9.073751   -0.808    0.199  2
RGI60-11.00349     0.01080   47.070451   11.116877   -0.808    0.199  2
RGI60-11.03159     0.01080   45.495436    7.258193   -0.808    0.199  2
RGI60-11.02240     0.01080   46.342906    8.224554   -0.808    0.199  2
RGI60-11.02660     0.01080   46.070695   10.019513   -0.808    0.199  2
RGI60-11.01600     0.01080   46.505521   10.780843   -0.808    0.199  2
RGI60-11.00738     0.01080   46.889846   10.236196   -0.808    0.199  2
RGI60-11.01404     0.01080   46.583574    8.213852   -0.808    0.199  2
RGI60-11.00798     0.01080   46.867201    9.148333   -0.808    0.199  2
RGI60-11.01406     0.01080   46.583081    8.240878   -0.808    0.199  2
RGI60-11.02806     0.01080   45.986014    7.290090   -0.808    0.199  2
RGI60-11.02286     0.01080   46.309483    8.132200   -0.808    0.199  2
RGI60-11.01722     0.01080   46.493334    8.073085   -0.808    0.199  2
RGI60-11.01721     0.01080   46.493758    9.952040   -0.808    0.199  2
RGI60-11.01927     0.01080   46.432928   10.129208   -0.808    0.199  2
RGI60-11.01223     0.01080   46.664730    8.182350   -0.808    0.199  2
RGI60-11.01347     0.01080   46.605222    8.435650   -0.808    0.199  2
RGI60-11.01883     0.01080   46.451755    8.395603   -0.808    0.199  2
RGI60-11.01123     0.01080   46.726142   10.992580   -0.808    0.199  2
RGI60-11.01300     0.01080   46.624637    8.786105   -0.808    0.199  2
RGI60-11.02617     0.01080   46.089903    7.860544   -0.808    0.199  2
RGI60-11.02231     0.01080   46.348351    9.755281   -0.808    0.199  2
RGI60-11.00696     0.01080   46.903267   10.683320   -0.808    0.199  2
RGI60-11.02685     0.01080   46.058906   10.073433   -0.808    0.199  2
RGI60-11.03160     0.01080   45.492405    7.243952   -0.808    0.199  2
RGI60-11.03183     0.01080   45.343726    7.134729   -0.808    0.199  2
RGI60-11.02290     0.01080   46.306671    8.190554   -0.808    0.199  2
RGI60-11.02537     0.01080   46.127193    6.941209   -0.808    0.199  2
RGI60-11.02316     0.01080   46.298345    9.610368   -0.808    0.199  2
RGI60-11.01364     0.01080   46.603131    8.764548   -0.808    0.199  2
RGI60-11.01040     0.01080   46.764463   10.881985   -0.808    0.199  2
RGI60-11.02279     0.01080   46.318802    9.728539   -0.808    0.199  2
RGI60-11.01983     0.01080   46.419856    8.258762   -0.808    0.199  2
RGI60-11.00873     0.01080   46.825221   10.947137   -0.808    0.199  2
RGI60-11.01993     0.01080   46.415249    7.864618   -0.808    0.199  2
RGI60-11.02759     0.01080   46.017355    7.606310   -0.808    0.199  2
RGI60-11.00849     0.01080   46.849424    8.549180   -0.808    0.199  2
RGI60-11.02155     0.01080   46.385665    9.414735   -0.808    0.199  2
RGI60-11.00275     0.01080   47.078132   12.034264   -0.808    0.199  2
RGI60-11.00057     0.01079   47.156348   12.349327   -0.808    0.199  2
RGI60-11.00107     0.01079   47.134704   12.360825   -0.808    0.199  2
RGI60-11.03201     0.01079   45.110217    6.788587   -0.808    0.199  2
RGI60-11.00064     0.01079   47.144844   12.599957   -0.808    0.199  2
RGI60-11.00117     0.01077   47.096058   13.372767   -0.808    0.199  2
RGI60-11.03773     0.01075   44.962568    6.327997   -0.808    0.199  2
RGI60-11.01469     0.01073   46.557191    8.070200   -0.808    0.199  2
RGI60-11.01464     0.01068   46.562800    9.021533   -0.808    0.199  2
RGI60-11.01351     0.01067   46.601974    8.114147   -0.808    0.199  2
RGI60-11.00707     0.01063   46.909490    9.256008   -0.808    0.199  2
RGI60-11.03707     0.01039   45.144141    6.128061   -0.808    0.199  2
RGI60-11.01799     0.01031   46.476354    7.955032   -0.808    0.199  2
RGI60-11.01975     0.01028   46.415366    7.582669   -0.808    0.199  2
RGI60-11.03856     0.01023   46.067540    9.945045   -0.808    0.199  2
RGI60-11.03523     0.01012   44.883955    6.314127   -0.808    0.199  2
RGI60-11.03770     0.01006   44.957609    6.260912   -0.808    0.199  2
RGI60-11.01429     0.01004   46.574514    8.154345   -0.808    0.199  2
RGI60-11.03776     0.01001   44.959125    6.327350   -0.808    0.199  2
RGI60-11.03508     0.00988   44.966718    6.254664   -0.808    0.199  2
RGI60-11.03746     0.00984   45.293923    6.730970   -0.808    0.199  2
RGI60-11.03872     0.00968   46.295283   11.826003   -0.808    0.199  2
RGI60-11.03428     0.00966   44.964108    6.217529   -0.808    0.199  2
RGI60-11.03216     0.00965   42.656510    0.438496   -0.808    0.199  2
