Glacier-specific geodetic mass balance (m w.e. a-1) 2000_2020/ according to Hugonnet et al. (2021)
ID=1: measured, ID=2: regional mean
RGI-ID  Area  lat  lon  B  errB  ID
RGI60-12.01252    37.49160   43.040486   43.083129   -0.427    0.124  1
RGI60-12.00577    27.53486   42.972311   43.182522   -0.529    0.138  1
RGI60-12.00611    23.99147   42.783871   43.754609   -0.413    0.135  1
RGI60-12.01005    23.76914   43.157225   42.802156   -0.807    0.142  1
RGI60-12.01061    21.43954   43.357848   42.519440   -1.042    0.132  1
RGI60-12.00552    18.93931   42.932402   43.280413   -0.875    0.172  1
RGI60-12.00080    17.72265   43.313523   42.425606   -0.459    0.114  1
RGI60-12.00014    12.78607   43.377102   42.428089   -0.157    0.111  1
RGI60-12.01262    12.73622   43.058498   43.172058   -0.173    0.152  1
RGI60-12.00089    12.31835   43.053329   42.991141   -0.500    0.148  1
RGI60-12.01302    11.87328   42.753469   43.820013   -0.532    0.153  1
RGI60-12.00375    11.28069   43.091549   43.004022   -0.387    0.128  1
RGI60-12.00730    10.97407   43.329351   42.501867   -0.461    0.121  1
RGI60-12.00639     9.88947   43.108508   43.039015   -0.494    0.140  1
RGI60-12.00130     9.58635   43.023397   43.016448    0.104    0.152  1
RGI60-12.00170     9.58133   43.106794   42.949533   -0.415    0.146  1
RGI60-12.00730     9.47784   43.320147   42.476222   -0.140    0.116  1
RGI60-12.00168     9.45189   43.317933   42.449794   -0.093    0.117  1
RGI60-12.00031     9.24257   43.140547   42.692871   -0.467    0.135  1
RGI60-12.00175     8.89084   42.703687   44.444181   -0.410    0.140  1
RGI60-12.01165     8.59199   42.995526   43.052179   -0.109    0.146  1
RGI60-12.00031     8.28116   43.163325   42.653604   -0.670    0.154  1
RGI60-12.00531     8.16469   42.721617   44.388576   -0.708    0.154  1
RGI60-12.00699     7.52897   43.062502   43.239527   -0.156    0.165  1
RGI60-12.00260     7.34870   43.164079   42.902873   -0.570    0.144  1
RGI60-12.00923     7.33359   43.175416   42.495634   -0.423    0.133  1
RGI60-12.00769     7.00779   43.028766   43.181779   -0.196    0.152  1
RGI60-12.00507     6.84933   43.370592   42.480518   -0.252    0.119  1
RGI60-12.00320     6.76050   42.976257   43.483268   -0.493    0.158  1
RGI60-12.00164     6.57084   42.719423   44.482878   -0.267    0.137  1
RGI60-12.00083     6.41774   43.301485   41.487690   -1.311    0.189  1
RGI60-12.00813     6.30350   42.826992   43.626927   -0.620    0.159  1
RGI60-12.01132     6.26701   43.178039   42.768936   -0.334    0.144  1
RGI60-12.00676     5.99849   43.131230   42.958145   -0.653    0.171  1
RGI60-12.00507     5.93998   43.383466   42.448101   -0.160    0.122  1
RGI60-12.00709     5.77108   42.683250   44.515083   -0.290    0.141  1
RGI60-12.00193     5.72462   43.281863   41.530639   -1.026    0.162  1
RGI60-12.00479     5.68690   43.352428   42.399514   -0.071    0.126  1
RGI60-12.00004     5.66495   42.800846   43.806455   -0.589    0.174  1
RGI60-12.01349     5.66380   39.710174   44.293205   -0.266    0.133  1
RGI60-12.00034     5.36103   43.170513   42.526942   -0.466    0.140  1
RGI60-12.00507     5.35218   43.377820   42.464598   -0.218    0.122  1
RGI60-12.00998     5.31882   43.181557   42.812335   -0.543    0.162  1
RGI60-12.01120     4.72448   43.130036   42.640895   -0.644    0.165  1
RGI60-12.00669     4.65167   43.122051   42.834509   -0.607    0.167  1
RGI60-12.01112     4.63022   43.234430   41.627613   -0.936    0.171  1
RGI60-12.00763     4.62117   42.766192   43.718131   -0.267    0.160  1
RGI60-12.01125     4.60104   43.033051   42.961567   -0.171    0.157  1
RGI60-12.00494     4.50655   42.829468   43.595037   -0.712    0.170  1
RGI60-12.00840     4.40775   42.709352   44.517936   -0.114    0.139  1
RGI60-12.00374     4.33078   43.099179   42.836351   -0.747    0.175  1
RGI60-12.01842     4.30505   36.381164   50.941993   -0.395    0.149  1
RGI60-12.00849     4.04877   43.190120   42.724761   -0.637    0.177  1
RGI60-12.00184     3.95846   43.239185   41.572562   -0.598    0.141  1
RGI60-12.01192     3.87942   42.887433   43.496441   -0.321    0.161  1
RGI60-12.00115     3.87786   43.265678   41.562479   -0.959    0.175  1
RGI60-12.00686     3.86045   43.236132   42.913105   -0.519    0.174  1
RGI60-12.01100     3.84267   42.990922   43.448247   -0.501    0.159  1
RGI60-12.01233     3.79007   43.037456   43.240986   -0.498    0.197  1
RGI60-12.00981     3.73416   42.928466   42.532794   -0.511    0.142  1
RGI60-12.00912     3.67354   42.729114   43.854144   -0.597    0.178  1
RGI60-12.00748     3.66091   42.883850   43.383534   -0.586    0.166  1
RGI60-12.00255     3.60977   42.978723   43.105381   -0.265    0.175  1
RGI60-12.01192     3.54906   42.873798   43.517710   -0.690    0.182  1
RGI60-12.00883     3.50492   43.051297   43.273940   -0.579    0.195  1
RGI60-12.00545     3.46272   43.184969   42.478975   -0.534    0.144  1
RGI60-12.01088     3.31449   43.316632   41.444205   -1.030    0.196  1
RGI60-12.01027     3.30063   42.898543   43.368590   -0.682    0.175  1
RGI60-12.00682     3.26006   42.754636   43.755880   -0.554    0.183  1
RGI60-12.01027     3.23815   42.900647   43.418621   -0.919    0.200  1
RGI60-12.00613     3.15564   43.222931   42.895551   -0.296    0.148  1
RGI60-12.00743     3.12705   43.185319   42.852629   -0.518    0.162  1
RGI60-12.01844     3.11307   36.387289   50.973686   -0.284    0.142  1
RGI60-12.00346     3.07332   43.216761   42.117240   -0.631    0.158  1
RGI60-12.00474     3.05979   43.251179   41.589465   -0.592    0.155  1
RGI60-12.00259     3.05449   43.186808   42.692396   -0.411    0.156  1
RGI60-12.01228     3.01077   43.212076   42.503506   -0.388    0.174  1
RGI60-12.00336     2.96741   42.966414   43.522143   -0.735    0.179  1
RGI60-12.00431     2.94868   43.217655   42.081868   -0.641    0.168  1
RGI60-12.00483     2.89150   43.152906   42.616001   -0.312    0.146  1
RGI60-12.00960     2.82170   43.363143   41.417208   -0.901    0.226  1
RGI60-12.00807     2.68548   43.147119   42.470453   -0.699    0.167  1
RGI60-12.00705     2.66659   42.911404   43.396432   -0.528    0.172  1
RGI60-12.00865     2.65507   43.010455   43.374638   -0.456    0.181  1
RGI60-12.00187     2.64601   42.816262   43.783556   -0.866    0.197  1
RGI60-12.01240     2.62016   43.388931   41.221753   -0.848    0.256  1
RGI60-12.01429     2.61986   42.576357   45.332914   -0.211    0.161  1
RGI60-12.01170     2.61706   43.118972   43.081086   -0.327    0.162  1
RGI60-12.00842     2.61326   43.296730   41.518714   -0.734    0.153  1
RGI60-12.00743     2.60170   43.215029   42.863806   -0.744    0.190  1
RGI60-12.01010     2.60160   43.226455   42.181776   -0.715    0.181  1
RGI60-12.01500     2.59181   42.334866   46.223235   -0.336    0.166  1
RGI60-12.01026     2.58847   43.200051   42.539044   -0.490    0.156  1
RGI60-12.00686     2.55899   43.254729   42.880240   -0.431    0.312  1
RGI60-12.00131     2.51078   42.731139   44.440653   -0.130    0.160  1
RGI60-12.01105     2.49953   43.152557   42.943722   -0.431    0.161  1
RGI60-12.01149     2.48766   42.960842   43.448988   -0.390    0.166  1
RGI60-12.00298     2.48315   42.795385   43.700835   -0.503    0.181  1
RGI60-12.01012     2.44849   42.884341   43.418048   -0.568    0.179  1
RGI60-12.01226     2.37765   42.916718   42.572027   -0.424    0.152  1
RGI60-12.01113     2.36281   43.098922   42.093664   -0.379    0.144  1
RGI60-12.00450     2.32612   43.302380   42.469909   -0.450    0.147  1
RGI60-12.00165     2.32515   42.697127   44.482194   -0.120    0.154  1
RGI60-12.00064     2.29939   43.181591   42.675861   -0.459    0.179  1
RGI60-12.00991     2.29400   42.965421   43.131867   -0.285    0.177  1
RGI60-12.01142     2.29111   42.958794   43.157180   -0.374    0.189  1
RGI60-12.01153     2.28798   43.172167   42.607202   -0.445    0.151  1
RGI60-12.00355     2.28123   43.237830   41.672829   -0.654    0.176  1
RGI60-12.00229     2.28007   43.142088   42.336596   -0.538    0.157  1
RGI60-12.00776     2.26851   43.141827   42.873500   -0.344    0.183  1
RGI60-12.01026     2.25705   43.190144   42.534420   -0.400    0.154  1
RGI60-12.00644     2.24027   43.293371   42.935641   -0.426    0.165  1
RGI60-12.01132     2.23458   43.194573   42.760593   -0.756    0.173  1
RGI60-12.01297     2.22436   43.222817   41.842681   -1.055    0.205  1
RGI60-12.00903     2.20596   43.178181   42.879479   -0.799    0.175  1
RGI60-12.00882     2.19752   43.010755   43.404341   -0.365    0.168  1
RGI60-12.01122     2.18592   43.356250   41.336665   -1.299    0.233  1
RGI60-12.01180     2.13039   42.978171   43.432630   -0.424    0.172  1
RGI60-12.00275     2.08373   43.249905   42.392799   -0.813    0.171  1
RGI60-12.00305     2.07547   43.116326   42.807193   -0.373    0.163  1
RGI60-12.00490     2.07132   42.702616   44.416566   -0.146    0.161  1
RGI60-12.00798     2.05891   42.806230   43.653436   -1.014    0.230  1
RGI60-12.00231     2.04452   43.254371   41.651732   -0.414    0.155  1
RGI60-12.01443     2.04357   42.511163   45.679463   -0.370    0.168  1
RGI60-12.00520     2.02242   43.131611   43.100569   -0.375    0.186  1
RGI60-12.01250     2.01370   42.744656   44.382916   -0.348    0.169  1
RGI60-12.01240     2.00210   43.376447   41.233936   -0.645    0.270  1
RGI60-12.00090     1.99247   43.206733   42.099095   -0.183    0.153  1
RGI60-12.00061     1.98672   43.216059   42.532984   -0.529    0.154  1
RGI60-12.00153     1.98640   42.953054   43.242860   -0.227    0.199  1
RGI60-12.01876     1.98217   38.249389   47.836374   -0.128    0.136  1
RGI60-12.00294     1.97319   43.239839   41.601729   -0.447    0.165  1
RGI60-12.00140     1.95823   43.201598   42.880168   -0.541    0.170  1
RGI60-12.00535     1.95444   42.897146   43.454589   -0.843    0.214  1
RGI60-12.00961     1.93818   43.117311   42.493312   -0.600    0.161  1
RGI60-12.00612     1.92429   43.324372   42.632479   -0.742    0.167  1
RGI60-12.00411     1.91429   42.742757   43.775881   -0.571    0.190  1
RGI60-12.00594     1.89407   43.217289   42.267097   -0.761    0.177  1
RGI60-12.00909     1.88831   43.233072   42.234159   -0.818    0.175  1
RGI60-12.00192     1.88667   43.089550   43.229684   -0.377    0.226  1
RGI60-12.00932     1.86708   42.751509   43.887151   -0.592    0.192  1
RGI60-12.00454     1.85261   43.326898   41.426797   -1.291    0.211  1
RGI60-12.00222     1.84750   43.197164   42.052037   -0.861    0.195  1
RGI60-12.00188     1.83864   43.373187   42.401405   -0.100    0.151  1
RGI60-12.00937     1.83217   43.051901   42.962166   -0.370    0.184  1
RGI60-12.01210     1.82887   43.179157   42.558666   -0.554    0.160  1
RGI60-12.00798     1.81663   42.802965   43.627101   -0.556    0.199  1
RGI60-12.01161     1.81149   43.225533   42.318326   -0.864    0.191  1
RGI60-12.01141     1.80087   43.127988   42.908953   -0.687    0.187  1
RGI60-12.00191     1.78703   42.707616   44.531227   -0.228    0.167  1
RGI60-12.00233     1.78417   42.911296   42.653889   -0.603    0.167  1
RGI60-12.01442     1.75653   42.507780   45.653417   -0.645    0.188  1
RGI60-12.00311     1.75242   42.746028   44.132779   -0.529    0.183  1
RGI60-12.00853     1.75061   43.226521   41.772076   -0.439    0.153  1
RGI60-12.01198     1.72916   43.078129   43.047622   -0.910    0.192  1
RGI60-12.00546     1.72457   43.193392   42.785528   -0.630    0.178  1
RGI60-12.00189     1.71900   43.219231   42.002235   -0.982    0.190  1
RGI60-12.01275     1.68719   42.873501   43.546459   -0.719    0.199  1
RGI60-12.00581     1.67827   43.293688   41.900190   -0.670    0.183  1
RGI60-12.00063     1.65980   43.225353   41.692253   -0.756    0.174  1
RGI60-12.01455     1.65779   42.500267   45.791742   -0.684    0.176  1
RGI60-12.00945     1.65034   43.344991   41.307138   -0.818    0.274  1
RGI60-12.01875     1.64814   38.261421   47.796281   -0.232    0.159  1
RGI60-12.01435     1.64216   42.543432   45.597739   -0.362    0.234  1
RGI60-12.01193     1.63329   42.897314   43.343719   -0.800    0.196  1
RGI60-12.00228     1.62996   43.354783   41.400255   -0.879    0.191  1
RGI60-12.01205     1.62500   43.263593   42.862051   -0.384    0.167  1
RGI60-12.00032     1.62045   43.329032   42.612793   -0.479    0.157  1
RGI60-12.00534     1.61983   42.999502   43.405647   -0.262    0.186  1
RGI60-12.00069     1.61960   42.867623   43.494944   -0.309    0.201  1
RGI60-12.01251     1.59451   42.724088   44.507624   -0.334    0.163  1
RGI60-12.00591     1.57694   42.878619   43.470569   -0.296    0.177  1
RGI60-12.00856     1.57691   43.018666   43.152644   -0.096    0.174  1
RGI60-12.00180     1.57492   42.831029   43.770993   -0.645    0.188  1
RGI60-12.00011     1.55460   42.697775   44.400460   -0.123    0.168  1
RGI60-12.00180     1.54566   42.800796   43.757908   -0.416    0.259  1
RGI60-12.01433     1.54036   42.546624   45.553684   -0.553    0.189  1
RGI60-12.00790     1.50769   43.222259   42.209423   -0.560    0.166  1
RGI60-12.00396     1.48687   43.078023   43.201290   -0.121    0.174  1
RGI60-12.00930     1.47053   43.209609   41.690742   -0.640    0.188  1
RGI60-12.00303     1.45189   43.256602   42.842538   -0.558    0.178  1
RGI60-12.00382     1.44044   42.701474   44.465367   -0.102    0.158  1
RGI60-12.00636     1.42859   42.935228   42.508362   -0.383    0.169  1
RGI60-12.00707     1.41814   43.381068   41.564966   -0.682    0.187  1
RGI60-12.01440     1.41571   42.512845   45.618811   -0.748    0.211  1
RGI60-12.00872     1.41187   43.242801   41.645662   -0.399    0.178  1
RGI60-12.00537     1.38042   43.397447   41.240951   -0.541    0.221  1
RGI60-12.00150     1.38022   43.197037   42.475224   -0.722    0.171  1
RGI60-12.01021     1.37259   43.425384   41.283363   -1.473    0.445  1
RGI60-12.00869     1.37048   43.053006   43.110522   -0.205    0.199  1
RGI60-12.00352     1.36812   43.388867   41.199283   -1.019    0.304  1
RGI60-12.00209     1.36558   42.846263   43.599680   -0.975    0.250  1
RGI60-12.00389     1.35747   42.915811   43.328566   -0.901    0.214  1
RGI60-12.01264     1.34950   42.777106   43.824107   -0.481    0.193  1
RGI60-12.00214     1.34244   43.379623   41.546665   -0.991    0.227  1
RGI60-12.01025     1.33476   42.696125   44.535717   -0.089    0.167  1
RGI60-12.00904     1.33337   43.250663   42.454231   -0.803    0.191  1
RGI60-12.00576     1.33225   43.169713   42.965325   -0.418    0.167  1
RGI60-12.00887     1.32184   43.333106   42.368884   -0.440    0.169  1
RGI60-12.00256     1.32053   42.968083   43.426248   -0.083    0.174  1
RGI60-12.00410     1.31174   42.895071   42.758714   -1.166    0.226  1
RGI60-12.00209     1.31007   42.869235   43.573876   -0.763    0.211  1
RGI60-12.00761     1.30785   43.234797   42.435990   -0.612    0.166  1
RGI60-12.00185     1.30490   43.243449   42.741219   -0.656    0.188  1
RGI60-12.00533     1.29894   43.256802   42.431466   -0.795    0.172  1
RGI60-12.00147     1.28878   42.949081   43.564993   -0.882    0.213  1
RGI60-12.00305     1.27542   43.136097   42.850571   -0.301    0.182  1
RGI60-12.01151     1.26990   43.421937   41.111080   -1.751    0.448  1
RGI60-12.00544     1.26863   43.367327   41.268817   -0.657    0.314  1
RGI60-12.00267     1.25895   43.234837   42.875399   -0.502    0.167  1
RGI60-12.00266     1.25176   42.746948   44.413492   -0.233    0.175  1
RGI60-12.00835     1.24975   43.250013   42.367387   -0.829    0.180  1
RGI60-12.00751     1.24358   42.875536   43.403264   -0.237    0.198  1
RGI60-12.01878     1.21176   38.281533   47.826215   -0.095    0.154  1
RGI60-12.01287     1.20089   43.215948   42.286862   -0.685    0.190  1
RGI60-12.00867     1.18376   43.220074   41.605742   -0.435    0.164  1
RGI60-12.00315     1.18185   43.144489   42.917499   -0.505    0.170  1
RGI60-12.00943     1.18128   42.741301   44.113790   -0.723    0.195  1
RGI60-12.01029     1.18124   43.192088   41.808629   -0.540    0.182  1
RGI60-12.00464     1.18088   43.273783   42.848900   -0.393    0.193  1
RGI60-12.01181     1.18041   43.305317   41.503846   -1.237    0.202  1
RGI60-12.00539     1.17790   43.224601   42.149007   -0.531    0.170  1
RGI60-12.01407     1.17747   42.685933   44.845229   -0.337    0.231  1
RGI60-12.01705     1.17620   32.345598   50.079421   -0.018    0.181  1
RGI60-12.00220     1.17178   43.061715   43.120122   -0.098    0.204  1
RGI60-12.00578     1.16102   43.233580   42.204817   -0.728    0.179  1
RGI60-12.00809     1.15990   43.126496   42.476379   -0.651    0.174  1
RGI60-12.00237     1.15514   42.951015   43.537709   -0.914    0.231  1
RGI60-12.01287     1.15252   43.217028   42.243948   -0.799    0.185  1
RGI60-12.00389     1.15062   42.901845   43.323806   -0.470    0.189  1
RGI60-12.00400     1.14442   42.861316   43.586898   -0.819    0.235  1
RGI60-12.01116     1.13739   42.993987   43.382176   -0.172    0.179  1
RGI60-12.01152     1.13555   43.224316   42.098529   -0.910    0.191  1
RGI60-12.00850     1.11887   42.934094   42.551137   -0.347    0.158  1
RGI60-12.00595     1.11799   43.085553   43.212971   -0.189    0.195  1
RGI60-12.01083     1.11037   43.176270   41.803712   -0.732    0.168  1
RGI60-12.01497     1.09889   42.326333   46.206069   -0.365    0.165  1
RGI60-12.00345     1.09111   43.338649   42.538727   -0.665    0.185  1
RGI60-12.00497     1.08001   43.278860   42.837613   -0.669    0.179  1
RGI60-12.01269     1.07848   43.104058   43.216104   -0.664    0.225  1
RGI60-12.01796     1.07507   33.333743   49.327163   -0.006    0.187  1
RGI60-12.00761     1.06820   43.247074   42.437003   -0.797    0.169  1
RGI60-12.00593     1.06459   42.929134   42.561850   -0.167    0.164  1
RGI60-12.01878     1.05853   38.266661   47.809117   -0.222    0.152  1
RGI60-12.00181     1.05822   43.213100   41.961530   -0.788    0.186  1
RGI60-12.00692     1.05700   43.151436   42.893451   -0.497    0.183  1
RGI60-12.01497     1.04242   42.303309   46.187177   -0.838    0.225  1
RGI60-12.00033     1.03952   43.022537   42.992201   -0.057    0.207  1
RGI60-12.01504     1.03734   42.349119   46.266662   -0.597    0.189  1
RGI60-12.00774     1.02989   43.248212   42.858984   -0.472    0.233  1
RGI60-12.01625     1.02988   43.802602   40.217776   -1.555    0.363  1
RGI60-12.00400     1.02975   42.860162   43.563051   -0.680    0.205  1
RGI60-12.01655     1.02067   43.677604   40.577331   -1.053    0.313  1
RGI60-12.00477     1.01409   43.163567   42.460743   -0.667    0.193  1
RGI60-12.01312     1.01069   37.507089   43.960025   -1.299    0.301  1
RGI60-12.00153     1.00621   42.955995   43.260682   -0.200    0.210  1
RGI60-12.00925     1.00138   43.174017   42.166427   -0.471    0.169  1
RGI60-12.00861     0.99919   43.435105   40.993403   -1.211    0.285  1
RGI60-12.01095     0.99824   43.067390   43.005729   -0.144    0.204  1
RGI60-12.01503     0.99778   42.346592   46.252024   -0.764    0.207  1
RGI60-12.00042     0.98658   43.337376   42.406605   -0.028    0.159  1
RGI60-12.00950     0.98636   42.802553   43.833750   -0.454    0.219  1
RGI60-12.00569     0.98138   43.090772   42.104407   -0.535    0.160  1
RGI60-12.00992     0.97943   42.770044   43.692882   -0.581    0.196  1
RGI60-12.00910     0.97857   42.982653   43.396732   -0.444    0.188  1
RGI60-12.00226     0.97542   42.755503   44.167228   -0.382    0.191  1
RGI60-12.01196     0.96916   43.193891   42.143736   -0.362    0.163  1
RGI60-12.00137     0.96848   43.280741   42.949401   -0.660    0.210  1
RGI60-12.00698     0.96556   42.918578   42.640033   -0.649    0.203  1
RGI60-12.00137     0.96511   43.300202   42.965054   -0.332    0.195  1
RGI60-12.01145     0.95034   42.814299   43.859518   -0.563    0.214  1
RGI60-12.01174     0.95034   43.018869   43.234552   -0.642    0.232  1
RGI60-12.00137     0.94396   43.263780   42.913984   -0.440    0.182  1
RGI60-12.00418     0.94143   43.245247   41.788363   -0.611    0.185  1
RGI60-12.00671     0.94110   43.362089   42.405894   -0.088    0.160  1
RGI60-12.01274     0.94012   43.090434   43.070050   -0.066    0.194  1
RGI60-12.00422     0.93815   42.941518   42.485367   -0.520    0.194  1
RGI60-12.00675     0.93425   43.132682   42.467398   -0.314    0.173  1
RGI60-12.01050     0.93116   42.811382   43.847429   -0.827    0.240  1
RGI60-12.00717     0.92535   43.214721   41.863102   -0.649    0.204  1
RGI60-12.01048     0.92325   43.130937   42.348294   -0.653    0.181  1
RGI60-12.00455     0.92011   43.143042   42.107781   -0.558    0.182  1
RGI60-12.01317     0.91705   37.488741   44.012501   -0.556    0.311  1
RGI60-12.01063     0.91687   43.209764   41.805489   -0.669    0.196  1
RGI60-12.00673     0.91332   43.214185   42.415482   -0.571    0.179  1
RGI60-12.00994     0.91301   43.333501   41.582502   -0.477    0.196  1
RGI60-12.00419     0.91233   43.422388   41.089712   -0.707    0.411  1
RGI60-12.01516     0.90669   42.316942   46.224260   -0.195    0.183  1
RGI60-12.00893     0.90595   43.124790   42.095496   -0.833    0.190  1
RGI60-12.01237     0.89598   43.255781   42.084991   -0.649    0.200  1
RGI60-12.00755     0.89182   42.736177   44.149916   -0.242    0.185  1
RGI60-12.01857     0.88626   36.326628   50.751884   -0.257    0.189  1
RGI60-12.00945     0.88588   43.362550   41.353109   -0.461    0.265  1
RGI60-12.00956     0.87990   43.103887   42.690879   -0.487    0.174  1
RGI60-12.00418     0.87941   43.244180   41.774311   -0.671    0.187  1
RGI60-12.00223     0.87591   43.412603   41.113176   -2.394    1.304  1
RGI60-12.01845     0.87199   36.363841   50.959696   -0.266    0.187  1
RGI60-12.00328     0.86867   42.566650   44.300906   -0.500    0.193  1
RGI60-12.00992     0.86614   42.796288   43.679162   -0.825    0.218  1
RGI60-12.00137     0.86451   43.271023   42.921925   -0.354    0.176  1
RGI60-12.00571     0.85958   43.152556   43.087440   -0.440    0.213  1
RGI60-12.01014     0.85692   42.917934   42.624784   -0.598    0.179  1
RGI60-12.01516     0.85603   42.314987   46.202956   -0.684    0.212  1
RGI60-12.00304     0.84951   42.554905   43.960242   -0.100    0.189  1
RGI60-12.01616     0.84914   41.169363   47.991684   -0.491    0.173  1
RGI60-12.00825     0.84880   42.989526   43.406436   -0.741    0.252  1
RGI60-12.00992     0.84765   42.782723   43.681852   -0.439    0.192  1
RGI60-12.00223     0.84743   43.409316   41.099598   -0.871    0.417  1
RGI60-12.00296     0.83216   42.909208   43.311302   -0.408    0.196  1
RGI60-12.01385     0.82052   42.622848   44.753805   -0.860    0.206  1
RGI60-12.00053     0.81590   43.252717   41.668892   -0.686    0.206  1
RGI60-12.00914     0.81422   43.280046   41.195352   -1.028    0.324  1
RGI60-12.00444     0.80874   43.252782   42.894027   -0.629    0.224  1
RGI60-12.01278     0.80719   43.204910   42.136909   -0.721    0.186  1
RGI60-12.00755     0.80646   42.741622   44.161114   -0.268    0.185  1
RGI60-12.01441     0.80533   42.513592   45.642603   -0.759    0.226  1
RGI60-12.01617     0.80415   43.958517   39.897407   -1.703    0.307  1
RGI60-12.00607     0.79867   43.181848   42.595811   -0.650    0.201  1
RGI60-12.00597     0.79730   43.227596   42.252922   -0.584    0.186  1
RGI60-12.00398     0.78505   43.115176   42.095270   -0.532    0.190  1
RGI60-12.00630     0.78505   42.915413   42.586519   -0.567    0.182  1
RGI60-12.00844     0.78418   42.739855   44.073771   -0.574    0.209  1
RGI60-12.01668     0.78353   43.537551   40.497884   -1.255    0.345  1
RGI60-12.00675     0.77972   43.139764   42.452747   -0.437    0.177  1
RGI60-12.00299     0.77750   43.174158   41.825091   -0.698    0.248  1
RGI60-12.00511     0.77497   43.112111   42.076818   -0.606    0.188  1
RGI60-12.00814     0.77263   43.335193   41.418461   -0.552    0.184  1
RGI60-12.00992     0.77186   42.796016   43.717662   -0.575    0.263  1
RGI60-12.01258     0.76945   43.140076   42.738743   -0.478    0.190  1
RGI60-12.01093     0.76393   43.341762   42.395669   -0.068    0.165  1
RGI60-12.00422     0.76044   42.933617   42.492631   -0.469    0.176  1
RGI60-12.00863     0.75961   43.226152   42.769110   -0.685    0.245  1
RGI60-12.00607     0.75856   43.176518   42.583374   -0.837    0.225  1
RGI60-12.00741     0.75823   42.688067   44.488640    0.012    0.171  1
RGI60-12.00480     0.75810   42.821930   43.653211   -0.569    0.212  1
RGI60-12.01222     0.75703   43.217278   41.623951   -0.526    0.192  1
RGI60-12.01558     0.75216   41.902577   46.860978   -0.518    0.239  1
RGI60-12.00633     0.75215   42.926866   43.191259   -0.571    0.239  1
RGI60-12.01064     0.75152   42.721156   44.433353   -0.531    0.205  1
RGI60-12.01652     0.75132   43.704262   40.460380   -1.227    0.336  1
RGI60-12.01199     0.75060   43.231220   42.754159   -0.864    0.233  1
RGI60-12.01060     0.74782   43.219980   41.792665   -0.498    0.192  1
RGI60-12.01130     0.74781   43.285086   41.886626   -0.586    0.173  1
RGI60-12.01797     0.74728   33.341587   49.313517   -0.242    0.179  1
RGI60-12.00684     0.74351   43.258001   41.885067   -0.906    0.198  1
RGI60-12.00066     0.74314   43.280466   42.929347   -0.339    0.176  1
RGI60-12.00398     0.73972   43.141325   42.120643   -0.323    0.166  1
RGI60-12.00076     0.73359   43.211839   41.677005   -0.505    0.184  1
RGI60-12.01506     0.73244   42.359601   46.295137   -0.275    0.167  1
RGI60-12.01030     0.73230   43.270298   41.889443   -0.322    0.166  1
RGI60-12.01609     0.73145   41.272486   48.013538   -0.160    0.159  1
RGI60-12.00042     0.72875   43.306131   42.410105   -0.495    0.173  1
RGI60-12.01047     0.72090   43.277527   41.495844   -0.389    0.169  1
RGI60-12.01456     0.72006   42.493015   45.777533   -0.557    0.195  1
RGI60-12.00898     0.71903   43.162545   42.591462   -0.600    0.201  1
RGI60-12.00598     0.70863   43.244758   42.093846   -0.765    0.212  1
RGI60-12.00608     0.70855   42.895053   43.392370   -0.226    0.187  1
RGI60-12.00173     0.70782   42.839547   43.754434   -0.806    0.224  1
RGI60-12.00914     0.70633   43.284864   41.184723   -1.494    0.284  1
RGI60-12.00482     0.70510   43.239327   42.455732   -0.619    0.194  1
RGI60-12.00160     0.70403   42.727736   43.810753   -0.629    0.226  1
RGI60-12.01097     0.70321   43.110408   42.538249   -0.624    0.191  1
RGI60-12.01188     0.70226   43.313742   41.514080   -1.158    0.238  1
RGI60-12.00838     0.69730   43.166798   42.931140   -0.581    0.248  1
RGI60-12.00433     0.69674   43.219221   41.641830   -0.667    0.193  1
RGI60-12.00110     0.69553   42.614083   43.761825   -0.497    0.205  1
RGI60-12.00304     0.69333   42.550356   43.927023   -0.717    0.218  1
RGI60-12.00517     0.69316   42.797440   43.637427   -0.440    0.194  1
RGI60-12.00860     0.68781   43.233146   41.776556   -0.585    0.192  1
RGI60-12.00932     0.68611   42.738285   43.873957    0.076    0.213  1
RGI60-12.00066     0.68265   43.302666   42.953800   -0.321    0.202  1
RGI60-12.00609     0.68138   43.106741   42.072520   -0.495    0.191  1
RGI60-12.01277     0.68072   42.721432   44.135939   -0.437    0.205  1
RGI60-12.00042     0.67977   43.324964   42.399365   -0.267    0.169  1
RGI60-12.01595     0.67582   41.869400   46.920823   -0.613    0.280  1
RGI60-12.00410     0.67561   42.898867   42.763100   -0.906    0.228  1
RGI60-12.01607     0.67405   41.217739   47.851037   -0.083    0.164  1
RGI60-12.00075     0.67365   43.226190   42.874531   -0.600    0.216  1
RGI60-12.00791     0.67263   42.746311   44.431457   -0.576    0.188  1
RGI60-12.00145     0.66339   43.343395   41.419704   -1.035    0.231  1
RGI60-12.00264     0.66124   42.841887   43.666765   -0.829    0.234  1
RGI60-12.00863     0.64970   43.246352   42.724567   -0.762    0.286  1
RGI60-12.00650     0.64433   43.339149   41.836110   -0.616    0.177  1
RGI60-12.01747     0.64354   32.369075   50.075465   -0.160    0.182  1
RGI60-12.00502     0.63082   43.116294   43.010228   -0.290    0.227  1
RGI60-12.01135     0.62726   43.335805   42.600717   -0.489    0.182  1
RGI60-12.01875     0.62578   38.249118   47.796732   -0.215    0.184  1
RGI60-12.00293     0.62025   43.047951   42.972837   -0.214    0.222  1
RGI60-12.01075     0.61885   42.912791   42.594071   -0.388    0.185  1
RGI60-12.00940     0.61796   42.635666   43.723980   -0.851    0.233  1
RGI60-12.01103     0.61169   43.185601   42.374762   -0.571    0.188  1
RGI60-12.01818     0.61134   35.957526   52.126694    0.029    0.180  1
RGI60-12.01086     0.61084   43.215219   42.549568   -0.673    0.210  1
RGI60-12.00296     0.60792   42.904984   43.336132   -1.095    0.276  1
RGI60-12.00235     0.60786   43.340234   41.403193   -0.686    0.229  1
RGI60-12.01646     0.60343   43.717136   40.464183   -0.496    0.291  1
RGI60-12.00680     0.60099   42.567536   43.928363   -0.043    0.194  1
RGI60-12.00926     0.60034   42.744823   44.061077   -0.676    0.219  1
RGI60-12.01146     0.59809   43.116116   43.068765   -0.620    0.224  1
RGI60-12.01553     0.59160   41.973588   46.791663   -0.548    0.223  1
RGI60-12.01731     0.58962   32.373049   50.071917    0.047    0.185  1
RGI60-12.01284     0.58832   43.339720   42.583625   -0.583    0.229  1
RGI60-12.00624     0.58550   43.145845   42.320279   -0.602    0.218  1
RGI60-12.01881     0.58445   38.274461   47.838558   -0.273    0.190  1
RGI60-12.01617     0.58146   43.957777   39.897718   -2.025    0.397  1
RGI60-12.00568     0.57844   43.180429   42.150830   -0.511    0.172  1
RGI60-12.00976     0.57804   43.314059   41.415676   -0.692    0.258  1
RGI60-12.01296     0.57789   43.392454   41.148638   -1.250    0.329  1
RGI60-12.00314     0.57681   43.192987   42.744776   -0.813    0.257  1
RGI60-12.00588     0.57643   43.427690   41.269719   -0.538    0.499  1
RGI60-12.00773     0.57596   43.252660   41.730168   -0.676    0.238  1
RGI60-12.00469     0.57515   43.299255   42.978754   -0.489    0.218  1
RGI60-12.01646     0.57407   43.735092   40.461293   -0.002    0.200  1
RGI60-12.00933     0.56795   43.253230   41.876293   -0.331    0.169  1
RGI60-12.01272     0.56349   42.938258   42.540936   -0.497    0.179  1
RGI60-12.00357     0.55997   43.225663   41.672096   -0.737    0.221  1
RGI60-12.01607     0.55909   41.222541   47.879163   -0.588    0.197  1
RGI60-12.00429     0.55658   43.089324   43.311887   -0.535    0.228  1
RGI60-12.01430     0.55549   42.558028   45.520355   -0.460    0.208  1
RGI60-12.00742     0.55430   43.117942   42.924543   -0.067    0.174  1
RGI60-12.00118     0.55103   43.198252   41.952504   -0.767    0.244  1
RGI60-12.00292     0.55011   43.108039   42.518780   -1.034    0.265  1
RGI60-12.01163     0.54931   43.334160   41.826923   -0.499    0.192  1
RGI60-12.01425     0.54825   42.598918   45.288649   -0.670    0.218  1
RGI60-12.00402     0.54621   42.808156   43.684659   -0.831    0.270  1
RGI60-12.00201     0.54143   43.115177   42.667945   -0.307    0.201  1
RGI60-12.01624     0.53996   43.805400   40.198434   -0.682    0.430  1
RGI60-12.01734     0.53915   32.463463   50.000317   -0.072    0.178  1
RGI60-12.00817     0.53804   42.683272   44.492101   -0.042    0.174  1
RGI60-12.00834     0.53787   43.257201   42.900175   -0.753    0.270  1
RGI60-12.00772     0.53509   43.390725   41.160999   -1.804    0.669  1
RGI60-12.00495     0.53437   43.180583   41.816483   -0.795    0.209  1
RGI60-12.01746     0.53389   32.363926   50.086655   -0.022    0.195  1
RGI60-12.00390     0.53193   43.279013   41.896663   -0.574    0.200  1
RGI60-12.01020     0.53065   42.743124   44.095738   -0.581    0.227  1
RGI60-12.00484     0.52996   43.348131   42.385379   -0.118    0.191  1
RGI60-12.00604     0.52934   43.066741   43.278728   -0.940    0.303  1
RGI60-12.01409     0.52765   42.670675   44.842254   -0.050    0.232  1
RGI60-12.00368     0.52405   43.218230   41.822088   -0.420    0.214  1
RGI60-12.00042     0.52161   43.337696   42.381157   -0.533    0.233  1
RGI60-12.01248     0.52110   43.362173   41.280170   -0.230    0.249  1
RGI60-12.00947     0.51822   43.301456   41.462792   -0.310    0.208  1
RGI60-12.01427     0.51819   42.574191   45.308811   -0.411    0.233  1
RGI60-12.00752     0.51768   43.322161   41.460909   -0.622    0.241  1
RGI60-12.00625     0.51642   43.135992   42.322966   -0.566    0.214  1
RGI60-12.01270     0.51561   43.230023   42.354404   -0.658    0.195  1
RGI60-12.00526     0.51427   43.231760   41.658423   -0.431    0.237  1
RGI60-12.01646     0.51055   43.732468   40.443669   -1.475    0.349  1
RGI60-12.00367     0.51037   43.242305   42.149943   -0.602    0.221  1
RGI60-12.01616     0.51026   41.264725   47.992777   -0.077    0.153  1
RGI60-12.01082     0.50871   42.578015   43.835197   -0.015    0.202  1
RGI60-12.00553     0.50680   43.368067   41.563941   -0.506    0.208  1
RGI60-12.01084     0.50627   42.723626   44.461449   -0.305    0.200  1
RGI60-12.00811     0.50599   43.214784   42.841094   -0.436    0.228  1
RGI60-12.00395     0.50586   43.260403   41.721421   -1.300    0.298  1
RGI60-12.00974     0.50501   42.849674   43.469757   -0.724    0.252  1
RGI60-12.00402     0.49975   42.830092   43.644389   -0.737    0.242  1
RGI60-12.00741     0.49916   42.666644   44.526456    0.163    0.189  1
RGI60-12.00420     0.49690   42.806736   43.611920   -0.362    0.204  1
RGI60-12.00171     0.49543   43.239459   42.161732   -0.454    0.194  1
RGI60-12.00970     0.49426   43.129952   42.690957   -0.281    0.221  1
RGI60-12.01882     0.49205   38.238600   47.817243   -0.059    0.154  1
RGI60-12.00409     0.49114   43.209003   42.032917   -0.463    0.244  1
RGI60-12.00579     0.49031   43.229453   41.719468   -0.704    0.276  1
RGI60-12.01556     0.48947   41.914110   46.839714   -0.340    0.236  1
RGI60-12.00095     0.48782   43.170201   42.946022   -0.337    0.207  1
RGI60-12.01315     0.48751   37.492799   43.994034   -0.779    0.252  1
RGI60-12.00071     0.48717   43.208031   42.124369   -0.567    0.187  1
RGI60-12.00288     0.48414   43.163926   41.825460   -0.782    0.222  1
RGI60-12.01183     0.47486   43.166254   42.940141   -0.363    0.233  1
RGI60-12.00694     0.47055   43.430380   41.100487   -1.390    0.760  1
RGI60-12.00190     0.47040   43.134865   43.086565   -0.451    0.220  1
RGI60-12.00919     0.46918   43.149929   42.598372   -0.436    0.181  1
RGI60-12.01624     0.46852   43.795143   40.217525   -0.876    0.240  1
RGI60-12.00975     0.46598   43.169724   42.617941   -0.712    0.243  1
RGI60-12.01220     0.46436   43.228208   42.301762   -0.518    0.199  1
RGI60-12.01650     0.45799   43.734343   40.535456   -0.862    0.358  1
RGI60-12.00651     0.45622   42.957239   43.581448   -1.009    0.234  1
RGI60-12.00799     0.45610   43.223943   41.951003   -1.197    0.299  1
RGI60-12.00112     0.45490   43.297819   42.532746   -0.442    0.225  1
RGI60-12.00120     0.45430   43.236887   41.793163   -0.747    0.258  1
RGI60-12.01021     0.45363   43.424798   41.260584   -0.818    0.282  1
RGI60-12.00573     0.45308   43.230670   41.706552   -0.255    0.204  1
RGI60-12.01106     0.45166   42.748814   43.919484   -0.518    0.256  1
RGI60-12.00160     0.44964   42.735545   43.795238   -0.780    0.278  1
RGI60-12.01736     0.44840   32.373862   50.089593   -0.075    0.198  1
RGI60-12.00284     0.44771   43.196101   42.702615   -0.430    0.212  1
RGI60-12.00596     0.44639   43.300644   41.883861   -1.075    0.316  1
RGI60-12.01388     0.44597   42.656803   44.756878   -0.242    0.457  1
RGI60-12.00012     0.44584   42.955627   43.504400   -0.659    0.239  1
RGI60-12.00117     0.44520   42.603749   43.760035   -0.559    0.240  1
RGI60-12.01243     0.44500   43.209734   42.899039   -0.496    0.244  1
RGI60-12.00388     0.44423   42.727596   44.492725   -0.086    0.194  1
RGI60-12.00519     0.44407   42.814041   43.877511   -0.648    0.249  1
RGI60-12.01798     0.44330   33.297375   49.370002   -0.059    0.203  1
RGI60-12.01749     0.44125   32.357955   50.078372   -0.068    0.192  1
RGI60-12.00134     0.44002   43.183195   42.525557   -0.401    0.219  1
RGI60-12.01024     0.43746   43.150861   42.449130   -0.700    0.239  1
RGI60-12.00038     0.43614   43.429665   41.593397   -0.419    0.240  1
RGI60-12.00888     0.43144   43.227463   41.647954   -0.500    0.280  1
RGI60-12.00627     0.43088   42.894879   42.689877   -0.603    0.210  1
RGI60-12.00135     0.42984   43.111619   43.208834   -1.094    0.327  1
RGI60-12.01415     0.42932   42.700223   45.062195   -0.234    0.226  1
RGI60-12.01127     0.42799   42.956188   43.482859   -0.446    0.212  1
RGI60-12.01733     0.42703   32.467277   50.004015   -0.141    0.196  1
RGI60-12.00993     0.42546   43.354669   41.318284   -0.343    0.254  1
RGI60-12.01090     0.42525   42.912635   42.600968   -0.186    0.203  1
RGI60-12.01590     0.42519   41.891096   46.878993   -0.164    0.248  1
RGI60-12.00805     0.42375   42.691017   44.381386   -0.337    0.205  1
RGI60-12.00071     0.42185   43.197122   42.093738   -0.167    0.193  1
RGI60-12.01127     0.42097   42.962516   43.472545   -0.050    0.485  1
RGI60-12.01082     0.41591   42.599223   43.846357   -0.691    0.253  1
RGI60-12.00834     0.41580   43.274283   42.940333   -0.742    0.235  1
RGI60-12.01282     0.41394   43.245793   41.718444   -0.295    0.257  1
RGI60-12.01236     0.41278   43.334146   42.397034   -0.146    0.207  1
RGI60-12.00522     0.41130   42.591249   43.836720   -0.141    0.218  1
RGI60-12.00767     0.41090   43.376266   41.197897   -0.839    0.286  1
RGI60-12.00329     0.41034   43.237730   42.102375   -0.552    0.202  1
RGI60-12.01463     0.40830   42.502255   45.806942   -0.890    0.333  1
RGI60-12.00602     0.40826   43.205873   42.859542   -0.301    0.238  1
RGI60-12.01610     0.40655   41.274118   48.000056   -0.144    0.161  1
RGI60-12.00335     0.40652   43.200909   42.773157   -0.505    0.221  1
RGI60-12.00332     0.40586   43.183152   42.607823   -0.731    0.211  1
RGI60-12.00969     0.40459   43.203814   41.781529   -0.938    0.274  1
RGI60-12.01280     0.40190   42.988914   43.466254   -0.449    0.224  1
RGI60-12.01853     0.40185   36.368246   50.973109   -0.073    0.193  1
RGI60-12.00371     0.39947   43.187742   42.032722   -0.565    0.224  1
RGI60-12.00538     0.39922   43.167100   42.209261   -0.256    0.190  1
RGI60-12.00210     0.39914   43.386962   41.526054   -0.851    0.244  1
RGI60-12.01547     0.39638   41.960234   46.702522   -0.405    0.232  1
RGI60-12.01463     0.39468   42.492662   45.754387    0.258    0.412  1
RGI60-12.00437     0.39407   42.723603   44.327190   -0.714    0.227  1
RGI60-12.00804     0.39356   43.169608   42.580141   -0.586    0.233  1
RGI60-12.00141     0.39210   43.205752   42.782984   -0.366    0.231  1
RGI60-12.00602     0.38932   43.242739   42.876096   -0.484    0.202  1
RGI60-12.01502     0.38733   42.339024   46.240062   -0.174    0.232  1
RGI60-12.00532     0.38730   42.755615   44.048645   -0.489    0.252  1
RGI60-12.01261     0.38716   43.004375   43.234946   -0.800    0.258  1
RGI60-12.01512     0.38677   42.308181   46.272190   -0.209    0.203  1
RGI60-12.01689     0.38602   30.942943   51.454928   -0.147    0.186  1
RGI60-12.00221     0.38520   43.106724   43.194015   -0.511    0.299  1
RGI60-12.00560     0.38484   42.902234   43.495471   -0.614    0.256  1
RGI60-12.01031     0.38482   42.828090   43.575486   -0.648    0.245  1
RGI60-12.00155     0.38355   42.898324   43.436915   -0.718    0.262  1
RGI60-12.00334     0.38263   42.576512   44.314252   -0.046    0.210  1
RGI60-12.00680     0.38220   42.557328   43.937660   -0.886    0.295  1
RGI60-12.00700     0.38177   42.971087   43.202338   -0.026    0.229  1
RGI60-12.01512     0.37880   42.267474   46.313078   -0.733    0.236  1
RGI60-12.00573     0.37853   43.221676   41.720169   -0.405    0.233  1
RGI60-12.00619     0.37679   43.354420   41.440971   -0.918    0.279  1
RGI60-12.00047     0.37509   43.327920   42.648048   -0.302    0.203  1
RGI60-12.00213     0.37441   43.313848   42.404432   -0.317    0.187  1
RGI60-12.01883     0.37349   38.230428   47.805049   -0.075    0.160  1
RGI60-12.01059     0.37283   43.229210   41.794759   -0.435    0.227  1
RGI60-12.01143     0.37178   42.972270   43.458440   -0.022    0.208  1
RGI60-12.00799     0.37167   43.227518   41.946804   -0.591    0.197  1
RGI60-12.01323     0.37031   37.312351   44.253004   -0.899    0.278  1
RGI60-12.00912     0.36991   42.744427   43.902469   -0.641    0.260  1
RGI60-12.00548     0.36958   43.332625   41.907256   -0.352    0.260  1
RGI60-12.00575     0.36941   43.306394   42.107040   -0.523    0.217  1
RGI60-12.00796     0.36922   43.303219   41.818518   -0.679    0.229  1
RGI60-12.01668     0.36753   43.563132   40.671566   -0.642    0.306  1
RGI60-12.00420     0.36523   42.809454   43.600873   -0.722    0.237  1
RGI60-12.01449     0.36467   42.485771   45.740116   -0.680    0.330  1
RGI60-12.00302     0.36457   43.241470   42.263865   -0.634    0.217  1
RGI60-12.00799     0.36350   43.233752   41.939402   -1.030    0.280  1
RGI60-12.00155     0.36347   42.886411   43.453120   -0.598    0.243  1
RGI60-12.00138     0.36311   42.669791   44.507049   -0.236    0.188  1
RGI60-12.00183     0.36286   42.737070   44.134226   -0.942    0.429  1
RGI60-12.01282     0.36239   43.231650   41.736353   -0.833    0.242  1
RGI60-12.01668     0.36117   43.528316   40.507104   -1.217    0.411  1
RGI60-12.01313     0.35999   37.499266   43.968579   -0.452    0.399  1
RGI60-12.00414     0.35949   43.274734   42.823039   -0.590    0.284  1
RGI60-12.00155     0.35946   42.902359   43.470395   -0.416    0.225  1
RGI60-12.00848     0.35916   43.234514   42.745006   -0.426    0.209  1
RGI60-12.01510     0.35693   42.335865   46.259141   -0.074    0.197  1
RGI60-12.01644     0.35671   43.712425   40.451524   -1.220    0.359  1
RGI60-12.00718     0.35615   43.105434   42.070454   -0.046    0.191  1
RGI60-12.01858     0.35553   36.327352   50.695221   -0.073    0.213  1
RGI60-12.01630     0.35473   43.832758   40.257824   -1.793    0.409  1
RGI60-12.00058     0.35414   43.212934   41.815862   -0.309    0.205  1
RGI60-12.01445     0.35344   42.498840   45.694738   -0.069    0.256  1
RGI60-12.01611     0.35303   41.218484   47.850315   -0.104    0.189  1
RGI60-12.00139     0.35093   43.119602   42.081147   -0.614    0.205  1
RGI60-12.01391     0.35027   42.690984   44.759880    0.007    0.204  1
RGI60-12.00934     0.34829   43.226102   42.419167   -0.448    0.195  1
RGI60-12.00964     0.34674   43.131010   42.137579    0.055    0.192  1
RGI60-12.01271     0.34487   43.154409   42.122021   -0.405    0.211  1
RGI60-12.00290     0.34401   43.232512   42.451675   -0.553    0.211  1
RGI60-12.00387     0.34399   43.268894   42.932799   -0.575    0.208  1
RGI60-12.01015     0.34392   42.997660   43.457951   -0.540    0.227  1
RGI60-12.01022     0.34314   43.209340   42.070711   -0.681    0.259  1
RGI60-12.00543     0.34034   43.361759   41.249208   -1.688    0.499  1
RGI60-12.00997     0.33930   43.409762   41.149309   -2.806    1.036  1
RGI60-12.01310     0.33881   37.496385   43.983665   -1.511    0.359  1
RGI60-12.01799     0.33849   33.281359   49.392149   -0.133    0.226  1
RGI60-12.00826     0.33797   42.924650   43.226449   -0.412    0.290  1
RGI60-12.01557     0.33741   41.911420   46.850542   -0.587    0.292  1
RGI60-12.01187     0.33739   43.070532   43.187441   -0.082    0.301  1
RGI60-12.01681     0.33718   42.719282   43.177156   -1.092    0.376  1
RGI60-12.01762     0.33707   32.463200   50.012363    0.143    0.202  1
RGI60-12.00116     0.33506   43.017658   43.388564   -0.177    0.233  1
RGI60-12.01087     0.33406   43.013532   43.249814    0.221    0.284  1
RGI60-12.01533     0.33364   42.194266   46.559445   -0.123    0.191  1
RGI60-12.00234     0.33331   43.216688   42.848656   -0.347    0.273  1
RGI60-12.01378     0.33162   42.545217   44.804739   -0.211    0.227  1
RGI60-12.00827     0.33149   43.076121   43.132266   -0.065    0.291  1
RGI60-12.01259     0.33111   43.171340   42.911260   -0.999    0.280  1
RGI60-12.01477     0.33024   42.547701   45.583115   -0.637    0.273  1
RGI60-12.00906     0.32897   43.414872   41.172092    0.503    0.805  1
RGI60-12.01644     0.32781   43.729212   40.422554   -1.120    0.353  1
RGI60-12.00113     0.32746   43.199823   42.405673   -0.668    0.203  1
RGI60-12.00988     0.32669   43.240001   41.955856   -1.071    0.343  1
RGI60-12.00462     0.32633   43.197670   42.133055   -0.538    0.191  1
RGI60-12.00659     0.32375   42.606954   44.243836    0.026    0.209  1
RGI60-12.01764     0.32324   32.507064   49.963846    0.007    0.193  1
RGI60-12.00847     0.32238   43.192127   41.930772   -1.107    0.331  1
RGI60-12.00016     0.32229   43.269167   42.833965   -0.530    0.273  1
RGI60-12.00449     0.32197   43.066046   43.122350   -0.056    0.323  1
RGI60-12.00265     0.32195   43.166628   41.810553   -0.688    0.242  1
RGI60-12.00884     0.32131   43.229407   42.342105   -0.601    0.227  1
RGI60-12.01860     0.31749   36.324202   50.733648   -0.164    0.214  1
RGI60-12.01162     0.31731   43.006675   43.026050   -0.011    0.210  1
RGI60-12.01461     0.31684   42.459474   45.780615   -0.504    0.255  1
RGI60-12.01087     0.31677   43.027493   43.217450   -0.193    0.244  1
RGI60-12.01557     0.31649   41.928364   46.836409   -0.767    0.300  1
RGI60-12.01860     0.31640   36.324176   50.763316   -0.024    0.224  1
RGI60-12.00655     0.31616   43.157914   43.073202   -0.351    0.284  1
RGI60-12.01598     0.31590   41.849745   46.929422   -0.536    0.312  1
RGI60-12.00828     0.31567   43.156914   42.357654   -0.067    0.192  1
RGI60-12.00397     0.31437   43.191588   42.153702   -0.801    0.267  1
RGI60-12.00654     0.31422   43.389638   41.814371   -0.065    0.237  1
RGI60-12.01819     0.31373   35.962904   52.116326    0.068    0.188  1
RGI60-12.01603     0.31347   41.228730   47.695638   -0.028    0.152  1
RGI60-12.00190     0.31254   43.100660   43.084544   -0.569    0.252  1
RGI60-12.00572     0.31213   43.087633   42.907960   -0.076    0.241  1
RGI60-12.00200     0.31162   42.734173   44.313362   -0.721    0.256  1
RGI60-12.01034     0.31153   42.956422   43.492471   -0.164    0.305  1
RGI60-12.00599     0.31126   43.307012   41.859625   -0.615    0.237  1
RGI60-12.01159     0.31123   42.671301   44.500677   -0.270    0.193  1
RGI60-12.00679     0.30854   43.160682   42.965827   -0.781    0.285  1
RGI60-12.00086     0.30836   43.323954   41.594721    0.090    0.242  1
RGI60-12.01800     0.30799   33.345831   49.298557   -0.123    0.195  1
RGI60-12.00009     0.30786   43.300121   41.450773   -0.671    0.296  1
RGI60-12.00877     0.30760   43.209784   42.476584   -0.683    0.280  1
RGI60-12.01763     0.30746   32.411286   50.029014    0.137    0.215  1
RGI60-12.00458     0.30668   42.777382   43.680654   -0.374    0.213  1
RGI60-12.00592     0.30638   43.102694   42.793654   -0.304    0.245  1
RGI60-12.01637     0.30543   43.789655   40.317219    0.372    0.625  1
RGI60-12.01610     0.30504   41.281769   47.968036   -0.221    0.219  1
RGI60-12.00908     0.30448   42.898623   42.730190   -0.255    0.239  1
RGI60-12.01471     0.30428   42.501951   45.666190   -0.627    0.345  1
RGI60-12.01863     0.30375   36.522884   50.684152   -0.031    0.197  1
RGI60-12.01106     0.30334   42.753405   43.923294   -0.586    0.277  1
RGI60-12.00249     0.30297   43.019050   43.044367    0.123    0.294  1
RGI60-12.00710     0.30214   43.089071   42.819559   -0.508    0.202  1
RGI60-12.01118     0.30127   43.197015   42.040585   -0.752    0.271  1
RGI60-12.00276     0.30018   42.733411   44.118305   -0.215    0.213  1
RGI60-12.01524     0.29871   42.018899   46.646530   -0.893    0.272  1
RGI60-12.00054     0.29780   43.159092   42.204055   -0.338    0.224  1
RGI60-12.00182     0.29648   42.875638   43.415924   -0.171    0.254  1
RGI60-12.00635     0.29541   43.259133   41.960269   -0.295    0.282  1
RGI60-12.00891     0.29539   43.294137   42.914150   -0.292    0.231  1
RGI60-12.01461     0.29485   42.481841   45.784148   -0.263    0.256  1
RGI60-12.00729     0.29483   42.949282   43.553328   -0.895    0.302  1
RGI60-12.01611     0.29456   41.215569   47.896681   -0.384    0.221  1
RGI60-12.00601     0.29410   43.368566   41.375794   -0.937    0.283  1
RGI60-12.00606     0.29313   43.291967   42.387344   -0.276    0.237  1
RGI60-12.01480     0.29266   42.553332   45.303994   -0.805    0.261  1
RGI60-12.00665     0.29238   42.876713   43.559897   -0.445    0.274  1
RGI60-12.01428     0.29192   42.578137   45.310914   -0.179    0.259  1
RGI60-12.00506     0.29024   43.109381   42.533204   -0.626    0.235  1
RGI60-12.00871     0.29004   42.643133   43.708898   -0.601    0.269  1
RGI60-12.01480     0.28986   42.561341   45.331538    0.113    0.225  1
RGI60-12.00852     0.28977   43.381088   41.188401   -0.775    0.322  1
RGI60-12.00915     0.28944   42.983637   41.874452   -0.657    0.282  1
RGI60-12.00881     0.28897   43.305793   41.830266   -0.508    0.232  1
RGI60-12.00379     0.28867   43.333368   41.918890   -0.210    0.283  1
RGI60-12.00852     0.28814   43.386605   41.187885   -0.453    0.308  1
RGI60-12.01229     0.28814   43.211382   42.776146   -0.676    0.266  1
RGI60-12.00313     0.28787   43.307636   42.115439   -0.678    0.283  1
RGI60-12.01660     0.28785   43.659375   40.599201   -1.160    0.442  1
RGI60-12.00936     0.28785   43.030744   43.188713    0.051    0.211  1
RGI60-12.00408     0.28748   43.339572   41.290468   -0.165    0.266  1
RGI60-12.00925     0.28646   43.162953   42.127732   -0.638    0.241  1
RGI60-12.01653     0.28599   43.549235   40.491445   -1.224    0.575  1
RGI60-12.01730     0.28591   32.384159   50.078036   -0.154    0.229  1
RGI60-12.01801     0.28381   33.325991   49.331532   -0.199    0.235  1
RGI60-12.00649     0.28375   42.890483   42.704260   -0.948    0.296  1
RGI60-12.00636     0.28197   42.884324   42.482338    0.114    0.178  1
RGI60-12.00200     0.28186   42.750042   44.331075   -0.362    0.211  1
RGI60-12.00504     0.28017   43.252768   41.891730   -0.466    0.241  1
RGI60-12.01081     0.27966   43.155484   42.592535   -0.506    0.245  1
RGI60-12.01148     0.27963   43.284238   42.547563   -0.467    0.248  1
RGI60-12.00912     0.27903   42.748746   43.866698   -0.102    0.301  1
RGI60-12.00408     0.27777   43.358958   41.260099   -1.174    0.385  1
RGI60-12.01605     0.27740   41.195303   47.752474   -0.458    0.225  1
RGI60-12.00857     0.27648   43.393083   41.512455   -0.287    0.255  1
RGI60-12.00556     0.27551   43.410021   41.173134   -0.753    0.693  1
RGI60-12.00285     0.27510   42.816187   43.657062   -0.080    0.235  1
RGI60-12.01265     0.27389   43.359013   41.842609   -0.413    0.330  1
RGI60-12.01847     0.27103   36.337789   50.971947   -0.595    0.237  1
RGI60-12.01564     0.27010   41.964349   46.922682   -0.405    0.351  1
RGI60-12.00536     0.26862   43.106696   42.300917   -0.725    0.237  1
RGI60-12.01610     0.26777   41.274388   48.000719   -0.202    0.187  1
RGI60-12.00485     0.26776   42.910226   43.332870   -0.822    0.298  1
RGI60-12.01471     0.26750   42.494049   45.684636   -0.383    0.299  1
RGI60-12.00606     0.26662   43.319016   42.405096   -0.613    0.264  1
RGI60-12.00589     0.26643   42.920792   42.631807   -0.807    0.338  1
RGI60-12.00462     0.26520   43.214457   42.147058   -0.009    0.200  1
RGI60-12.00711     0.26481   43.007916   43.413298   -0.419    0.289  1
RGI60-12.00766     0.26430   42.603398   44.256806   -0.621    0.243  1
RGI60-12.00871     0.26372   42.595218   43.753070   -0.817    0.311  1
RGI60-12.00679     0.26361   43.129164   42.989800   -0.055    0.199  1
RGI60-12.01515     0.26344   42.309527   46.199438   -0.470    0.210  1
RGI60-12.00711     0.26272   43.022488   43.403448   -0.713    0.290  1
RGI60-12.00037     0.26252   42.963067   43.457933   -0.179    0.231  1
RGI60-12.01053     0.26126   43.293274   41.880310   -0.583    0.254  1
RGI60-12.01067     0.26036   42.725558   44.120407    0.135    0.216  1
RGI60-12.00551     0.26036   42.612329   44.232537   -0.803    0.307  1
RGI60-12.01091     0.25973   43.140933   42.748965   -0.582    0.256  1
RGI60-12.00206     0.25859   42.717127   44.138817   -0.277    0.256  1
RGI60-12.00246     0.25855   43.181584   42.874269   -0.921    0.300  1
RGI60-12.00524     0.25845   43.328279   41.411328   -0.537    0.249  1
RGI60-12.00057     0.25841   43.030098   43.246528   -0.562    0.350  1
RGI60-12.01546     0.25834   42.003561   46.685475   -0.095    0.217  1
RGI60-12.00665     0.25832   42.862334   43.548634   -0.712    0.287  1
RGI60-12.01864     0.25742   36.520809   50.689120   -0.045    0.214  1
RGI60-12.01037     0.25694   43.166073   41.914281   -0.486    0.268  1
RGI60-12.01505     0.25689   42.359050   46.307833   -0.114    0.212  1
RGI60-12.01603     0.25676   41.215263   47.723651   -0.275    0.192  1
RGI60-12.00871     0.25559   42.597801   43.762073   -0.779    0.292  1
RGI60-12.00232     0.25554   43.208648   42.258513    0.006    0.186  1
RGI60-12.00039     0.25540   43.239372   42.220432   -0.581    0.224  1
RGI60-12.01068     0.25393   42.746839   44.172087   -0.294    0.250  1
RGI60-12.00443     0.25305   43.092563   42.953762   -0.309    0.226  1
RGI60-12.00138     0.25302   42.667180   44.536613   -0.019    0.228  1
RGI60-12.00502     0.25274   43.136015   42.990872   -0.464    0.277  1
RGI60-12.01660     0.25239   43.653409   40.616050   -0.519    0.372  1
RGI60-12.00340     0.25194   43.402848   41.133270   -2.336    1.018  1
RGI60-12.00589     0.25145   42.915398   42.608257   -0.444    0.274  1
RGI60-12.01058     0.25115   43.142341   42.887161   -0.577    0.264  1
RGI60-12.00972     0.25008   43.206097   42.769918   -0.035    0.165  1
RGI60-12.00313     0.24970   43.284069   42.118152   -0.751    0.288  1
RGI60-12.00778     0.24969   43.257813   41.714375   -0.422    0.291  1
RGI60-12.01603     0.24896   41.193718   47.734150   -0.657    0.253  1
RGI60-12.00381     0.24812   42.864794   43.512420   -0.131    0.242  1
RGI60-12.01836     0.24798   36.056635   51.544435   -0.160    0.177  1
RGI60-12.00982     0.24710   42.834102   43.653811   -0.819    0.302  1
RGI60-12.01498     0.24682   42.344612   46.193026   -0.211    0.280  1
RGI60-12.01134     0.24667   42.688179   44.253029   -0.310    0.232  1
RGI60-12.01640     0.24643   43.776460   40.362467   -1.570    0.598  1
RGI60-12.01052     0.24554   43.218200   41.766872   -0.396    0.285  1
RGI60-12.01864     0.24553   36.517177   50.693756   -0.014    0.194  1
RGI60-12.01008     0.24524   42.753555   43.730368   -0.480    0.258  1
RGI60-12.01422     0.24493   42.541225   45.286014   -0.582    0.236  1
RGI60-12.01279     0.24404   43.121777   42.511382   -0.471    0.223  1
RGI60-12.01123     0.24400   43.214995   42.167787   -1.034    0.271  1
RGI60-12.00381     0.24377   42.861398   43.538924   -0.450    0.261  1
RGI60-12.01671     0.24369   42.838629   42.187913   -1.042    0.311  1
RGI60-12.01391     0.24315   42.710470   44.744054   -0.705    0.282  1
RGI60-12.01295     0.24308   43.149288   42.588217   -0.307    0.216  1
RGI60-12.01118     0.24283   43.185454   42.043569   -0.757    0.252  1
RGI60-12.01715     0.24166   32.292027   50.102568   -0.087    0.219  1
RGI60-12.00310     0.24070   43.242951   42.214474   -0.828    0.242  1
RGI60-12.01475     0.23965   42.503570   45.624592   -1.907    0.511  1
RGI60-12.00734     0.23959   42.948225   43.243084    0.321    0.322  1
RGI60-12.00674     0.23904   42.696418   44.409876   -0.003    0.242  1
RGI60-12.00385     0.23814   42.937192   43.589810   -1.320    0.333  1
RGI60-12.01055     0.23731   43.234640   42.114397    0.187    0.222  1
RGI60-12.00995     0.23727   42.723745   44.515481   -0.589    0.276  1
RGI60-12.00996     0.23724   43.166089   42.137706   -0.796    0.286  1
RGI60-12.01780     0.23696   32.393251   50.068444    0.333    0.451  1
RGI60-12.00306     0.23653   43.244389   42.897485   -0.495    0.310  1
RGI60-12.00677     0.23636   43.260340   42.927834   -0.778    0.279  1
RGI60-12.01505     0.23594   42.348903   46.284989   -0.510    0.256  1
RGI60-12.00900     0.23416   43.269472   42.219593   -0.823    0.348  1
RGI60-12.01703     0.23343   32.338059   50.095324   -0.256    0.237  1
RGI60-12.01109     0.23201   42.727833   44.137267   -0.429    0.280  1
RGI60-12.00523     0.23197   43.308100   41.848986   -0.596    0.263  1
RGI60-12.00823     0.23145   42.537945   44.001704   -1.051    0.325  1
RGI60-12.00261     0.23132   43.214006   42.560329   -0.690    0.274  1
RGI60-12.00254     0.23110   43.319943   42.657210   -0.474    0.259  1
RGI60-12.01373     0.23091   42.700823   43.470012   -0.190    0.817  1
RGI60-12.01203     0.22983   43.167106   42.982257   -0.654    0.268  1
RGI60-12.00718     0.22846   43.098342   42.068094   -0.107    0.260  1
RGI60-12.01671     0.22839   42.819008   42.203061   -0.389    0.255  1
RGI60-12.01024     0.22809   43.128317   42.449209   -0.339    0.213  1
RGI60-12.00652     0.22802   42.848064   43.786539   -0.116    0.288  1
RGI60-12.00839     0.22796   42.707074   44.479641   -0.277    0.241  1
RGI60-12.00585     0.22733   43.175129   42.708415    0.065    0.284  1
RGI60-12.01437     0.22693   42.541246   45.577813    0.062    0.350  1
RGI60-12.01572     0.22690   41.910390   47.046710   -0.544    0.287  1
RGI60-12.00781     0.22688   43.194032   41.937855   -0.785    0.320  1
RGI60-12.01489     0.22677   42.477912   45.272242   -0.627    0.291  1
RGI60-12.01231     0.22656   43.164985   42.237771   -0.163    0.221  1
RGI60-12.00144     0.22622   43.013745   43.521193   -0.860    0.308  1
RGI60-12.00732     0.22619   43.206435   42.469269   -0.713    0.244  1
RGI60-12.00764     0.22553   43.317026   42.084995   -0.521    0.232  1
RGI60-12.00500     0.22463   42.751713   44.274654   -0.356    0.277  1
RGI60-12.00718     0.22449   43.114626   42.085990   -0.548    0.267  1
RGI60-12.01171     0.22425   43.275119   42.113847   -0.040    0.193  1
RGI60-12.00250     0.22395   42.697901   44.295487   -0.735    0.249  1
RGI60-12.00789     0.22352   43.348723   41.346300   -0.427    0.294  1
RGI60-12.01536     0.22322   42.172314   46.540562   -0.127    0.241  1
RGI60-12.01416     0.22285   42.711047   45.071990   -0.124    0.258  1
RGI60-12.00952     0.22275   43.158935   42.030718   -0.995    0.316  1
RGI60-12.00356     0.22274   43.226435   41.852984   -0.370    0.300  1
RGI60-12.01671     0.22234   42.815160   42.216639   -1.159    0.355  1
RGI60-12.00984     0.22195   43.179649   42.026471   -0.725    0.301  1
RGI60-12.01182     0.22137   43.343442   42.595063   -0.905    0.316  1
RGI60-12.00111     0.22102   43.287845   41.480974   -0.210    0.266  1
RGI60-12.01416     0.22090   42.714200   45.084591   -0.052    0.242  1
RGI60-12.01381     0.22052   42.644554   44.775677   -0.480    0.257  1
RGI60-12.00027     0.22022   43.289523   42.214079   -0.758    0.322  1
RGI60-12.01246     0.21948   43.219365   41.678457   -0.749    0.293  1
RGI60-12.01171     0.21877   43.277626   42.104622   -0.545    0.290  1
RGI60-12.01648     0.21874   43.745146   40.514105    0.543    0.424  1
RGI60-12.01308     0.21867   40.928568   41.221111   -0.098    0.210  1
RGI60-12.00536     0.21818   43.106346   42.309475    0.005    0.195  1
RGI60-12.00423     0.21773   42.734026   43.801867   -0.711    0.297  1
RGI60-12.00889     0.21772   43.395546   41.254323   -0.846    0.415  1
RGI60-12.00049     0.21738   43.422107   41.599115   -0.819    0.301  1
RGI60-12.01289     0.21722   43.263405   42.225832   -0.361    0.234  1
RGI60-12.01865     0.21716   36.528413   50.684427   -0.084    0.262  1
RGI60-12.00846     0.21669   42.981799   43.383678   -0.302    0.259  1
RGI60-12.00628     0.21636   43.204555   42.464205   -0.094    0.197  1
RGI60-12.00536     0.21634   43.110950   42.314780   -0.025    0.191  1
RGI60-12.01638     0.21568   43.781048   40.330235   -1.567    0.481  1
RGI60-12.00349     0.21563   43.170042   42.029416   -0.755    0.277  1
RGI60-12.00081     0.21539   43.405264   41.166242   -2.183    0.914  1
RGI60-12.01453     0.21424   42.488551   45.765465   -0.637    0.315  1
RGI60-12.00156     0.21287   43.021526   43.241076   -0.171    0.294  1
RGI60-12.01431     0.21259   42.540649   45.520616   -0.060    0.212  1
RGI60-12.00475     0.21247   43.235920   41.860960   -0.751    0.364  1
RGI60-12.01511     0.21224   42.292633   46.281517   -0.073    0.240  1
RGI60-12.00504     0.21218   43.249131   41.885188   -0.693    0.283  1
RGI60-12.00322     0.21206   43.223836   42.057359   -0.202    0.247  1
RGI60-12.01802     0.21069   33.350752   49.286507   -0.055    0.234  1
RGI60-12.00500     0.21008   42.749186   44.321737   -0.505    0.241  1
RGI60-12.00913     0.20979   43.250596   41.551932   -0.301    0.244  1
RGI60-12.00504     0.20965   43.262290   41.876257   -1.034    0.308  1
RGI60-12.01017     0.20921   43.190785   42.382362   -0.464    0.232  1
RGI60-12.00810     0.20883   42.709217   44.343392   -0.306    0.246  1
RGI60-12.00291     0.20882   42.755596   44.318447   -0.313    0.252  1
RGI60-12.01508     0.20861   42.338426   46.270108   -0.292    0.251  1
RGI60-12.01424     0.20860   42.609778   45.273087   -0.685    0.263  1
RGI60-12.01521     0.20843   41.954550   46.657902   -0.311    0.227  1
RGI60-12.00780     0.20718   43.263695   42.846811   -0.229    0.216  1
RGI60-12.01283     0.20704   42.751595   44.144483   -0.505    0.304  1
RGI60-12.01596     0.20703   41.856274   46.924562   -0.410    0.313  1
RGI60-12.00989     0.20595   43.177552   42.144628   -0.591    0.231  1
RGI60-12.00555     0.20584   42.915379   43.219628   -0.602    0.321  1
RGI60-12.01511     0.20571   42.260879   46.311187   -0.191    0.255  1
RGI60-12.00408     0.20525   43.358902   41.270488    0.217    0.453  1
RGI60-12.01106     0.20497   42.753182   43.906248   -0.686    0.370  1
RGI60-12.00936     0.20454   43.049355   43.193651   -0.071    0.334  1
RGI60-12.01234     0.20436   43.148567   41.985683   -0.227    0.253  1
RGI60-12.00017     0.20429   43.152633   42.363034   -0.131    0.228  1
RGI60-12.00623     0.20350   43.122828   42.948173   -0.810    0.270  1
RGI60-12.01555     0.20310   41.936764   46.823809   -0.652    0.270  1
RGI60-12.00385     0.20266   42.942782   43.576240   -0.862    0.280  1
RGI60-12.00585     0.20201   43.170982   42.747711   -0.427    0.289  1
RGI60-12.01182     0.20191   43.320403   42.548963   -0.617    0.261  1
RGI60-12.01699     0.20161   32.349861   50.089663   -0.183    0.230  1
RGI60-12.00628     0.20140   43.215859   42.457148   -0.578    0.286  1
RGI60-12.01194     0.20132   43.002773   43.466564   -0.403    0.255  1
RGI60-12.01626     0.20092   43.828712   40.240463   -2.154    0.607  1
RGI60-12.00718     0.20071   43.088439   42.083599   -0.443    0.237  1
RGI60-12.00786     0.20028   43.239735   42.870153   -0.671    0.250  1
RGI60-12.01610     0.20007   41.276618   48.009523   -0.139    0.210  1
RGI60-12.01293     0.19922   43.413567   41.631388   -0.041    0.309  1
RGI60-12.01040     0.19920   42.918134   42.552528   -0.224    0.232  1
RGI60-12.00536     0.19905   43.106273   42.271095   -0.526    0.264  1
RGI60-12.00955     0.19886   43.423369   41.168615   -2.239    1.056  1
RGI60-12.00525     0.19868   42.977655   43.065053    0.070    0.232  1
RGI60-12.01109     0.19857   42.759128   44.143782   -0.085    0.232  1
RGI60-12.01405     0.19799   42.720888   44.874094    0.082    0.243  1
RGI60-12.01471     0.19786   42.500071   45.681505   -0.484    0.293  1
RGI60-12.01171     0.19757   43.274007   42.098783   -0.206    0.215  1
RGI60-12.01659     0.19662   43.655855   40.607158   -0.827    0.461  1
RGI60-12.01621     0.19628   43.824704   40.177634   -0.631    0.467  1
RGI60-12.00179     0.19626   43.195221   41.691051   -0.449    0.293  1
RGI60-12.00447     0.19583   42.781935   43.699944   -0.176    0.413  1
RGI60-12.00968     0.19532   43.089151   43.324421   -0.599    0.348  1
RGI60-12.01058     0.19529   43.119435   42.897488   -0.292    0.263  1
RGI60-12.00540     0.19498   42.843967   43.770078   -0.299    0.288  1
RGI60-12.00203     0.19481   42.643940   43.677568   -0.738    0.333  1
RGI60-12.00017     0.19472   43.123498   42.321358   -0.539    0.233  1
RGI60-12.01554     0.19456   41.945628   46.814890   -0.469    0.313  1
RGI60-12.00360     0.19447   43.284818   42.825808   -0.939    0.314  1
RGI60-12.01236     0.19445   43.333998   42.349347   -0.163    0.243  1
RGI60-12.00377     0.19411   42.540662   43.969009    0.101    0.221  1
RGI60-12.00044     0.19382   43.175829   42.538511   -0.449    0.226  1
RGI60-12.00342     0.19357   42.907624   42.580691   -0.161    0.192  1
RGI60-12.01266     0.19331   43.431875   41.230749   -0.321    0.267  1
RGI60-12.00051     0.19331   43.269556   42.968132   -0.779    0.306  1
RGI60-12.01212     0.19315   43.273235   41.582691   -1.003    0.333  1
RGI60-12.00489     0.19314   42.894211   42.711890   -0.610    0.290  1
RGI60-12.00677     0.19313   43.278646   42.942613   -0.319    0.203  1
RGI60-12.01051     0.19297   43.431715   41.241425   -0.337    0.285  1
RGI60-12.00690     0.19283   43.193526   42.396945   -0.739    0.253  1
RGI60-12.00154     0.19271   43.308736   41.409517    0.274    0.284  1
RGI60-12.00656     0.19246   43.045041   43.019671    0.173    0.283  1
RGI60-12.01459     0.19246   42.492938   45.804723    0.188    0.417  1
RGI60-12.01803     0.19245   33.315659   49.346865   -0.550    0.278  1
RGI60-12.01508     0.19196   42.328253   46.248231   -0.052    0.245  1
RGI60-12.01234     0.19172   43.145261   42.002284   -0.588    0.342  1
RGI60-12.01531     0.19091   42.256828   46.476935   -0.202    0.238  1
RGI60-12.00775     0.19067   43.247388   41.735813   -0.751    0.540  1
RGI60-12.00652     0.19052   42.855105   43.741746   -0.702    0.345  1
RGI60-12.01036     0.19015   43.217333   42.023622   -0.560    0.279  1
RGI60-12.00616     0.19010   42.961807   43.207306   -0.313    0.272  1
RGI60-12.01234     0.18956   43.130017   42.005333   -0.543    0.345  1
RGI60-12.00739     0.18770   43.266484   41.541223   -0.205    0.279  1
RGI60-12.00762     0.18750   43.017395   43.223544    0.016    0.265  1
RGI60-12.01404     0.18712   42.619744   44.825336   -0.284    0.274  1
RGI60-12.01017     0.18681   43.185548   42.364464   -0.538    0.274  1
RGI60-12.00239     0.18643   43.268688   41.522831   -0.644    0.296  1
RGI60-12.01179     0.18630   42.739460   44.051551   -0.522    0.266  1
RGI60-12.00920     0.18584   42.976282   43.420125   -0.472    0.256  1
RGI60-12.01582     0.18569   41.888276   47.135671   -0.518    0.297  1
RGI60-12.00638     0.18551   42.712438   44.136918    0.014    0.253  1
RGI60-12.00785     0.18513   43.016921   43.054333    0.678    0.387  1
RGI60-12.00964     0.18506   43.127657   42.147718   -0.072    0.214  1
RGI60-12.01395     0.18444   42.666761   44.762624    0.028    0.366  1
RGI60-12.01079     0.18410   42.902440   43.476819   -0.396    0.304  1
RGI60-12.01603     0.18408   41.260310   47.707190   -0.417    0.240  1
RGI60-12.01588     0.18404   41.886362   47.170857    0.059    0.280  1
RGI60-12.00886     0.18400   43.200226   41.799782   -0.904    0.357  1
RGI60-12.00377     0.18380   42.552415   43.946699   -0.199    0.263  1
RGI60-12.00489     0.18376   42.909610   42.752859   -0.321    0.228  1
RGI60-12.00586     0.18369   43.251655   41.566816   -0.607    0.281  1
RGI60-12.00077     0.18346   43.159599   42.042098   -0.666    0.260  1
RGI60-12.00129     0.18314   43.226296   41.934664   -0.513    0.241  1
RGI60-12.00616     0.18299   42.968953   43.207683   -0.349    0.306  1
RGI60-12.00720     0.18296   43.213854   42.018852   -0.669    0.279  1
RGI60-12.01422     0.18296   42.560653   45.321292   -0.793    0.299  1
RGI60-12.00543     0.18288   43.336101   41.282401   -0.618    0.310  1
RGI60-12.00996     0.18249   43.161715   42.196777   -0.369    0.241  1
RGI60-12.00623     0.18221   43.113889   42.892156   -0.835    0.337  1
RGI60-12.00473     0.18212   43.236569   42.249335   -0.589    0.292  1
RGI60-12.00762     0.18196   43.042282   43.213429   -0.166    0.356  1
RGI60-12.00626     0.18133   43.265528   42.042927   -0.110    0.229  1
RGI60-12.01006     0.18131   42.941305   42.475662   -1.067    0.422  1
RGI60-12.01227     0.18100   43.215588   42.883333    0.002    0.336  1
RGI60-12.00017     0.18068   43.136991   42.343401   -0.201    0.231  1
RGI60-12.01453     0.18059   42.480543   45.761235   -0.577    0.352  1
RGI60-12.01632     0.18044   43.802336   40.240792    1.160    0.562  1
RGI60-12.01562     0.18036   41.956533   46.919790    0.462    0.338  1
RGI60-12.00886     0.18032   43.210085   41.797540   -0.721    0.317  1
RGI60-12.00810     0.18007   42.713555   44.352300   -0.391    0.278  1
RGI60-12.00846     0.17996   43.010655   43.358133   -0.221    0.304  1
RGI60-12.01089     0.17989   43.395754   41.598596   -0.606    0.340  1
RGI60-12.00084     0.17966   43.360577   41.862509   -0.235    0.250  1
RGI60-12.00557     0.17902   43.177761   42.007319   -0.504    0.316  1
RGI60-12.01681     0.17835   42.726897   43.171179   -1.396    0.560  1
RGI60-12.01395     0.17801   42.657621   44.765608   -0.339    0.295  1
RGI60-12.01630     0.17787   43.833693   40.263854   -2.064    0.571  1
RGI60-12.01281     0.17781   42.997878   43.128589   -0.061    0.326  1
RGI60-12.00656     0.17767   43.102975   42.976729   -1.049    0.368  1
RGI60-12.00677     0.17735   43.256043   42.920629   -0.538    0.238  1
RGI60-12.00128     0.17730   43.214442   41.764134   -0.608    0.291  1
RGI60-12.00017     0.17724   43.146785   42.354147   -0.034    0.236  1
RGI60-12.00642     0.17680   42.958289   43.428642   -0.375    0.256  1
RGI60-12.01453     0.17625   42.485110   45.768903   -0.590    0.306  1
RGI60-12.00797     0.17623   43.310106   41.840595   -0.486    0.297  1
RGI60-12.00936     0.17602   43.009476   43.193302   -0.620    0.296  1
RGI60-12.00599     0.17599   43.307109   41.873133   -0.573    0.392  1
RGI60-12.00723     0.17594   42.686404   44.376699   -0.351    0.270  1
RGI60-12.00404     0.17579   43.366987   41.554753   -0.566    0.286  1
RGI60-12.00421     0.17568   42.707139   44.139615   -0.222    0.279  1
RGI60-12.01204     0.17565   42.567940   43.950131   -0.297    0.292  1
RGI60-12.00762     0.17559   43.047909   43.216246   -0.781    0.503  1
RGI60-12.01393     0.17464   42.682005   44.756365   -0.550    0.323  1
RGI60-12.01540     0.17462   42.138421   46.572790   -0.056    0.230  1
RGI60-12.01254     0.17446   42.980260   43.054295   -0.139    0.239  1
RGI60-12.00518     0.17441   43.382771   41.576117   -0.675    0.258  1
RGI60-12.00690     0.17428   43.201689   42.412467   -0.603    0.273  1
RGI60-12.01820     0.17390   35.964724   52.122567    0.153    0.253  1
RGI60-12.00416     0.17355   43.166966   42.024903   -0.627    0.333  1
RGI60-12.00513     0.17348   43.206408   41.860648   -1.433    0.472  1
RGI60-12.01437     0.17343   42.526749   45.542741    0.147    0.307  1
RGI60-12.00859     0.17328   43.235528   41.726608   -0.554    0.276  1
RGI60-12.00024     0.17322   42.988344   43.518329   -0.845    0.321  1
RGI60-12.01417     0.17308   42.708545   45.064231   -0.202    0.227  1
RGI60-12.00582     0.17305   43.265498   41.902481   -0.513    0.245  1
RGI60-12.01413     0.17291   42.699199   45.053431   -0.406    0.280  1
RGI60-12.00912     0.17268   42.745282   43.855278   -0.732    0.381  1
RGI60-12.01260     0.17246   43.113431   42.553068   -0.552    0.311  1
RGI60-12.00194     0.17208   43.333564   41.533406   -0.331    0.342  1
RGI60-12.01137     0.17194   43.388334   42.480832   -0.499    0.222  1
RGI60-12.00977     0.17181   43.348848   41.843866   -0.638    0.283  1
RGI60-12.00530     0.17155   43.157217   42.633889   -1.148    0.619  1
RGI60-12.00018     0.17153   43.229985   42.879669   -0.206    0.275  1
RGI60-12.01432     0.17128   42.548292   45.535477   -0.356    0.297  1
RGI60-12.00720     0.17119   43.224851   42.063134   -0.285    0.258  1
RGI60-12.00628     0.17096   43.226925   42.439445   -0.600    0.274  1
RGI60-12.00829     0.17071   42.747643   44.396490   -0.255    0.261  1
RGI60-12.01018     0.17046   42.987153   41.857334   -0.998    0.359  1
RGI60-12.01260     0.17006   43.097640   42.557850   -0.363    0.277  1
RGI60-12.00641     0.16992   43.218994   42.144305   -0.115    0.238  1
RGI60-12.00112     0.16991   43.277994   42.557223   -0.201    0.278  1
RGI60-12.00281     0.16990   43.067003   43.192953   -0.126    0.305  1
RGI60-12.00203     0.16984   42.605952   43.745045   -0.754    0.369  1
RGI60-12.01634     0.16972   43.779636   40.224134    0.790    0.490  1
RGI60-12.01613     0.16915   41.177565   47.908151   -0.349    0.231  1
RGI60-12.01129     0.16893   43.422592   41.248686   -1.031    0.402  1
RGI60-12.00994     0.16890   43.335776   41.570489   -0.527    0.274  1
RGI60-12.00698     0.16870   42.918083   42.662289   -0.373    0.353  1
RGI60-12.00244     0.16849   43.345680   42.301769   -0.625    0.317  1
RGI60-12.01106     0.16799   42.743506   43.916205   -0.636    0.313  1
RGI60-12.01172     0.16758   43.167249   42.792324   -0.110    0.261  1
RGI60-12.01610     0.16758   41.266098   47.993994   -0.326    0.202  1
RGI60-12.01822     0.16722   35.947145   52.120863    0.247    0.251  1
RGI60-12.01627     0.16693   43.873655   40.224996   -1.935    0.679  1
RGI60-12.00585     0.16691   43.193057   42.698456   -0.438    0.305  1
RGI60-12.01546     0.16685   42.012871   46.688021   -0.711    0.330  1
RGI60-12.00203     0.16647   42.627785   43.640989   -0.333    0.368  1
RGI60-12.01603     0.16627   41.239567   47.706524   -0.231    0.219  1
RGI60-12.00252     0.16618   43.289854   42.287567   -0.347    0.301  1
RGI60-12.01605     0.16609   41.194551   47.760426   -0.055    0.200  1
RGI60-12.00026     0.16567   42.870854   43.469749   -0.457    0.334  1
RGI60-12.00536     0.16557   43.114124   42.301932   -0.165    0.217  1
RGI60-12.00324     0.16555   43.292446   42.533073   -0.287    0.195  1
RGI60-12.00843     0.16547   43.297425   42.144105   -0.227    0.255  1
RGI60-12.01668     0.16544   43.537319   40.515526   -0.422    0.363  1
RGI60-12.01511     0.16527   42.270835   46.293088   -0.244    0.214  1
RGI60-12.00803     0.16519   43.384591   42.618373   -0.364    0.257  1
RGI60-12.00560     0.16492   42.895818   43.495560   -0.086    0.278  1
RGI60-12.00737     0.16461   42.962148   43.422406   -0.107    0.231  1
RGI60-12.00286     0.16457   43.405916   41.414848   -0.734    0.349  1
RGI60-12.00525     0.16438   42.980449   43.078506    0.055    0.296  1
RGI60-12.01437     0.16427   42.543383   45.586455    0.475    0.342  1
RGI60-12.00771     0.16419   43.249604   41.716196   -0.258    0.243  1
RGI60-12.01885     0.16418   38.274075   47.848929   -0.150    0.281  1
RGI60-12.01837     0.16412   36.059573   51.538743   -0.048    0.215  1
RGI60-12.01511     0.16412   42.301540   46.279902   -0.031    0.250  1
RGI60-12.00722     0.16407   42.720310   44.418590   -0.274    0.300  1
RGI60-12.00330     0.16392   42.975045   43.194904   -0.040    0.299  1
RGI60-12.01106     0.16390   42.739807   43.882981   -0.090    0.269  1
RGI60-12.00232     0.16374   43.213804   42.298012   -0.706    0.285  1
RGI60-12.00160     0.16365   42.729684   43.826255   -0.462    0.328  1
RGI60-12.01216     0.16327   42.848263   43.459275   -0.226    0.290  1
RGI60-12.00690     0.16324   43.198342   42.399561   -0.550    0.256  1
RGI60-12.00093     0.16223   42.987673   41.864823   -1.434    0.441  1
RGI60-12.00068     0.16181   42.942170   43.281763   -0.195    0.322  1
RGI60-12.00309     0.16139   42.995214   43.467600   -0.428    0.287  1
RGI60-12.01037     0.16100   43.169503   41.911307   -0.761    0.329  1
RGI60-12.01611     0.16089   41.220812   47.870628   -0.225    0.271  1
RGI60-12.01434     0.16058   42.561071   45.574183   -0.779    0.371  1
RGI60-12.01778     0.16054   32.409917   50.062163    0.394    0.388  1
RGI60-12.01271     0.16054   43.166090   42.118077   -0.578    0.249  1
RGI60-12.00146     0.16030   43.224995   41.862562   -1.394    0.692  1
RGI60-12.01550     0.16018   41.913755   46.823597   -0.598    0.359  1
RGI60-12.01468     0.16011   42.479712   45.728049   -0.669    0.544  1
RGI60-12.00481     0.15961   43.449030   41.221859   -0.977    0.348  1
RGI60-12.01475     0.15946   42.500047   45.638972   -0.405    0.336  1
RGI60-12.00501     0.15940   43.055281   42.950132    0.167    0.305  1
RGI60-12.00205     0.15932   42.974899   41.906821   -0.795    0.372  1
RGI60-12.00659     0.15866   42.595997   44.249383   -0.777    0.317  1
RGI60-12.00948     0.15846   42.601875   44.274887   -0.356    0.263  1
RGI60-12.01383     0.15845   42.635824   44.726184   -0.064    0.214  1
RGI60-12.01458     0.15818   42.496907   45.826663    1.010    0.599  1
RGI60-12.00886     0.15809   43.188219   41.797933   -0.674    0.316  1
RGI60-12.00006     0.15762   43.158357   42.515103   -0.522    0.266  1
RGI60-12.01003     0.15746   43.233882   42.310282   -0.866    0.285  1
RGI60-12.00713     0.15731   42.558103   43.978821   -0.014    0.272  1
RGI60-12.01662     0.15729   43.596009   40.667007    0.214    0.400  1
RGI60-12.01611     0.15696   41.221566   47.865371   -0.274    0.258  1
RGI60-12.01003     0.15671   43.240169   42.255251   -0.490    0.224  1
RGI60-12.01671     0.15642   42.809006   42.220996   -0.720    0.475  1
RGI60-12.00456     0.15639   43.287822   41.224579   -0.010    0.273  1
RGI60-12.01612     0.15637   41.205805   47.855072   -0.414    0.242  1
RGI60-12.00747     0.15583   43.167344   41.797995   -0.317    0.244  1
RGI60-12.00698     0.15581   42.907092   42.667968   -0.905    0.396  1
RGI60-12.01621     0.15574   43.830333   40.174067   -0.886    0.523  1
RGI60-12.01408     0.15570   42.681216   44.861923   -0.133    0.221  1
RGI60-12.00077     0.15569   43.176696   42.021107   -0.562    0.331  1
RGI60-12.00337     0.15566   43.204442   41.976979   -0.487    0.258  1
RGI60-12.00159     0.15492   43.175032   42.155201   -0.802    0.304  1
RGI60-12.01548     0.15465   41.896097   46.804344   -0.928    0.356  1
RGI60-12.01532     0.15456   42.245896   46.492663    0.156    0.259  1
RGI60-12.01838     0.15426   36.064241   51.524616   -0.244    0.200  1
RGI60-12.00586     0.15413   43.229508   41.593895   -0.534    0.296  1
RGI60-12.00421     0.15399   42.713173   44.118600   -0.067    0.233  1
RGI60-12.00127     0.15368   42.595756   43.823885   -0.757    0.340  1
RGI60-12.01234     0.15367   43.126607   41.991104   -0.712    0.369  1
RGI60-12.00447     0.15345   42.788392   43.684948   -0.815    0.338  1
RGI60-12.01172     0.15342   43.212863   42.764462   -0.692    0.296  1
RGI60-12.00530     0.15318   43.184156   42.667052   -0.287    0.254  1
RGI60-12.00713     0.15307   42.548405   43.971568   -0.165    0.231  1
RGI60-12.00868     0.15270   43.279456   41.888258   -0.533    0.228  1
RGI60-12.01179     0.15237   42.746132   44.071456    0.010    0.309  1
RGI60-12.00148     0.15219   43.238504   42.344467   -0.056    0.238  1
RGI60-12.01245     0.15199   42.968208   43.589370   -0.675    0.327  1
RGI60-12.00238     0.15182   42.795637   43.745051   -0.294    0.265  1
RGI60-12.01654     0.15180   43.685605   40.512851   -1.482    0.659  1
RGI60-12.00198     0.15170   43.386303   42.402828   -0.173    0.253  1
RGI60-12.00708     0.15150   43.089576   42.928826   -0.693    0.329  1
RGI60-12.00543     0.15104   43.347546   41.284021   -0.706    0.384  1
RGI60-12.00693     0.15062   43.098243   42.295280   -0.254    0.211  1
RGI60-12.01513     0.14978   42.277398   46.305785   -0.110    0.285  1
RGI60-12.00899     0.14967   43.193639   41.799362   -0.147    0.299  1
RGI60-12.01584     0.14923   41.886270   47.155855   -0.373    0.324  1
RGI60-12.00052     0.14922   42.925084   43.413799   -0.054    0.251  1
RGI60-12.01575     0.14917   41.901746   47.064548   -1.278    0.494  1
RGI60-12.01855     0.14907   36.370717   50.987104   -0.222    0.218  1
RGI60-12.01603     0.14900   41.213939   47.730077   -0.200    0.251  1
RGI60-12.01290     0.14889   43.346668   41.437698   -0.461    0.296  1
RGI60-12.00380     0.14860   43.158587   42.140205   -0.145    0.219  1
RGI60-12.00565     0.14790   43.263673   42.926259   -0.318    0.236  1
RGI60-12.01178     0.14637   43.235035   42.166255   -0.366    0.288  1
RGI60-12.00868     0.14633   43.262987   41.909061   -0.661    0.305  1
RGI60-12.00026     0.14593   42.868692   43.465061    0.002    0.350  1
RGI60-12.00359     0.14588   42.741975   44.413982   -0.163    0.282  1
RGI60-12.00442     0.14584   42.699703   44.343376   -0.311    0.291  1
RGI60-12.01680     0.14549   42.707751   43.198901   -0.940    0.442  1
RGI60-12.01447     0.14545   42.486934   45.700152   -0.010    0.332  1
RGI60-12.01666     0.14502   43.713931   40.441225   -0.787    0.392  1
RGI60-12.01447     0.14377   42.483439   45.704717   -0.208    0.376  1
RGI60-12.00735     0.14342   43.303441   41.912750   -1.156    0.367  1
RGI60-12.00536     0.14329   43.119727   42.315159   -0.099    0.270  1
RGI60-12.01413     0.14327   42.710403   45.054989   -0.036    0.294  1
RGI60-12.00803     0.14323   43.402221   42.668318    0.005    0.249  1
RGI60-12.00685     0.14306   43.228827   42.014575   -0.747    0.327  1
RGI60-12.00157     0.14301   42.923557   43.204653   -0.787    0.381  1
RGI60-12.00854     0.14284   43.199203   42.075048   -0.875    0.372  1
RGI60-12.00912     0.14261   42.728094   43.831532   -0.780    0.349  1
RGI60-12.00784     0.14208   42.599247   44.283211   -0.162    0.235  1
RGI60-12.00735     0.14171   43.333522   41.928581   -0.578    0.351  1
RGI60-12.00159     0.14129   43.159176   42.189428   -0.806    0.355  1
RGI60-12.00136     0.14094   42.844588   43.475972   -0.365    0.292  1
RGI60-12.01106     0.14045   42.739497   43.893242   -0.640    0.301  1
RGI60-12.00843     0.14009   43.321779   42.075362   -0.842    0.327  1
RGI60-12.00132     0.13954   42.678179   44.380309   -0.112    0.213  1
RGI60-12.01838     0.13916   36.062418   51.529727   -0.145    0.193  1
RGI60-12.01245     0.13889   42.967557   43.583539   -0.637    0.376  1
RGI60-12.00112     0.13887   43.298354   42.524061   -0.401    0.256  1
RGI60-12.01156     0.13884   42.855193   43.595219   -0.586    0.343  1
RGI60-12.01612     0.13812   41.189099   47.766966   -0.560    0.264  1
RGI60-12.00447     0.13805   42.805102   43.641685   -0.050    0.291  1
RGI60-12.00920     0.13793   42.983616   43.410843   -0.847    0.435  1
RGI60-12.01663     0.13774   43.590759   40.660474   -0.516    0.463  1
RGI60-12.01614     0.13710   41.176235   47.988148   -0.167    0.292  1
RGI60-12.01203     0.13702   43.161885   42.954561   -0.790    0.291  1
RGI60-12.01444     0.13695   42.491923   45.696839   -0.254    0.320  1
RGI60-12.00702     0.13688   43.213205   42.195922   -0.236    0.240  1
RGI60-12.00447     0.13666   42.754917   43.718830   -0.454    0.301  1
RGI60-12.00523     0.13636   43.322967   41.838863   -0.677    0.310  1
RGI60-12.01825     0.13634   35.963115   52.111943    0.122    0.260  1
RGI60-12.00471     0.13627   42.904235   43.486575   -0.596    0.381  1
RGI60-12.00693     0.13599   43.103283   42.292316   -1.021    0.368  1
RGI60-12.01813     0.13549   34.663648   48.490664    0.065    0.192  1
RGI60-12.01185     0.13497   43.347818   42.559283   -0.334    0.227  1
RGI60-12.01614     0.13463   41.187930   47.906974   -0.511    0.282  1
RGI60-12.01098     0.13461   43.243390   42.476003   -0.977    0.433  1
RGI60-12.01437     0.13434   42.531309   45.610901    0.069    0.350  1
RGI60-12.00178     0.13424   43.139800   43.125873   -0.366    0.322  1
RGI60-12.00672     0.13424   43.264703   41.864950   -0.629    0.362  1
RGI60-12.00013     0.13378   43.083043   43.240578   -0.100    0.375  1
RGI60-12.01483     0.13376   42.485437   45.298147   -0.565    0.272  1
RGI60-12.01055     0.13374   43.231538   42.102294   -0.213    0.220  1
RGI60-12.00052     0.13363   42.916705   43.414594   -0.674    0.309  1
RGI60-12.00781     0.13352   43.199389   41.940144   -0.283    0.308  1
RGI60-12.00450     0.13347   43.300736   42.460027   -0.079    0.188  1
RGI60-12.00055     0.13340   42.708669   44.473855    0.264    0.270  1
RGI60-12.01804     0.13335   33.255276   49.426256   -0.384    0.276  1
RGI60-12.00272     0.13323   42.863135   43.522372   -0.531    0.357  1
RGI60-12.00574     0.13297   43.339457   41.326718   -0.699    0.385  1
RGI60-12.01867     0.13297   36.516768   50.662886    0.018    0.281  1
RGI60-12.00203     0.13283   42.621817   43.761661   -0.250    0.357  1
RGI60-12.00073     0.13268   42.743705   44.042227   -0.454    0.352  1
RGI60-12.00334     0.13255   42.574988   44.303670   -0.477    0.260  1
RGI60-12.01316     0.13250   37.512547   44.005030   -0.548    0.375  1
RGI60-12.00334     0.13243   42.506247   44.381839   -0.214    0.220  1
RGI60-12.01215     0.13232   42.956059   43.472045   -0.208    0.319  1
RGI60-12.00178     0.13227   43.103115   43.079674   -0.150    0.323  1
RGI60-12.01826     0.13225   35.962177   52.108434   -0.002    0.246  1
RGI60-12.00204     0.13221   43.290813   42.125606   -0.480    0.271  1
RGI60-12.00475     0.13209   43.231767   41.858404   -0.323    0.467  1
RGI60-12.01535     0.13196   42.185146   46.555411    0.132    0.258  1
RGI60-12.01126     0.13194   43.138121   43.007602   -0.206    0.486  1
RGI60-12.01610     0.13166   41.261033   48.003021    0.033    0.236  1
RGI60-12.00584     0.13164   42.738787   44.297525   -0.072    0.222  1
RGI60-12.01551     0.13164   41.955111   46.809730   -0.501    0.310  1
RGI60-12.01304     0.13150   40.836438   41.153376   -0.900    0.416  1
RGI60-12.00124     0.13133   43.278375   42.579861   -0.114    0.273  1
RGI60-12.01629     0.13127   43.839697   40.245964   -1.696    0.688  1
RGI60-12.00820     0.13105   43.220809   42.067478   -0.651    0.307  1
RGI60-12.00312     0.13070   43.118234   42.477749   -0.624    0.287  1
RGI60-12.01570     0.13064   41.914379   47.031121   -0.870    0.449  1
RGI60-12.00003     0.13059   43.365254   41.829966   -0.423    0.357  1
RGI60-12.01001     0.13058   43.400294   41.157164   -0.553    0.676  1
RGI60-12.00070     0.13025   43.219645   41.985941   -0.425    0.361  1
RGI60-12.00540     0.13022   42.807840   43.769111   -0.427    0.308  1
RGI60-12.01603     0.13000   41.197500   47.729763   -0.250    0.216  1
RGI60-12.00912     0.12987   42.740772   43.844435   -0.273    0.363  1
RGI60-12.00522     0.12964   42.601079   43.823779   -0.486    0.332  1
RGI60-12.00380     0.12945   43.189506   42.135987   -0.094    0.232  1
RGI60-12.00983     0.12940   43.250507   42.467491   -0.776    0.321  1
RGI60-12.00525     0.12938   42.983171   43.130337   -0.017    0.370  1
RGI60-12.00725     0.12933   42.955649   43.434193   -0.552    0.303  1
RGI60-12.00820     0.12912   43.258804   42.058727   -0.496    0.332  1
RGI60-12.01140     0.12902   42.692709   44.267669   -0.293    0.295  1
RGI60-12.00473     0.12901   43.271500   42.223610   -0.712    0.353  1
RGI60-12.00760     0.12901   43.306006   42.634843   -0.460    0.284  1
RGI60-12.01436     0.12897   42.538251   45.552470   -0.418    0.380  1
RGI60-12.01212     0.12893   43.269874   41.576706   -0.539    0.285  1
RGI60-12.00617     0.12858   42.942492   43.178138   -0.340    0.418  1
RGI60-12.00508     0.12851   43.249325   41.897943   -0.695    0.367  1
RGI60-12.00026     0.12835   42.866498   43.478467   -0.288    0.371  1
RGI60-12.00701     0.12829   43.259962   42.214644   -0.367    0.256  1
RGI60-12.01672     0.12807   42.838918   42.179076   -0.837    0.369  1
RGI60-12.00875     0.12801   43.137413   42.001733   -0.157    0.345  1
RGI60-12.00781     0.12790   43.229179   41.941367   -0.373    0.303  1
RGI60-12.01096     0.12786   42.746488   44.312222   -0.989    0.460  1
RGI60-12.00421     0.12783   42.697900   44.148379   -0.080    0.239  1
RGI60-12.00536     0.12752   43.117626   42.307445   -0.113    0.242  1
RGI60-12.00283     0.12725   42.938019   42.559968   -0.460    0.303  1
RGI60-12.00829     0.12721   42.756801   44.413841    0.302    0.350  1
RGI60-12.00203     0.12706   42.589266   43.752111   -0.260    0.281  1
RGI60-12.00522     0.12697   42.587674   43.871546   -1.082    0.438  1
RGI60-12.00251     0.12695   42.676778   44.693583   -0.733    0.420  1
RGI60-12.00052     0.12674   42.914006   43.376146   -0.364    0.290  1
RGI60-12.00749     0.12633   42.725121   44.521409   -0.659    0.312  1
RGI60-12.01173     0.12633   43.014490   43.062474    0.450    0.385  1
RGI60-12.00205     0.12618   42.976762   41.895745   -0.725    0.351  1
RGI60-12.00199     0.12615   42.911427   42.624370   -0.385    0.285  1
RGI60-12.00473     0.12537   43.261195   42.229678   -0.237    0.310  1
RGI60-12.00085     0.12535   43.314066   41.924673   -0.784    0.427  1
RGI60-12.01178     0.12534   43.238552   42.154770   -0.346    0.354  1
RGI60-12.00693     0.12530   43.110411   42.262338   -0.354    0.275  1
RGI60-12.00215     0.12518   43.034244   42.934578   -0.397    0.301  1
RGI60-12.01131     0.12517   42.904642   42.573243   -0.300    0.298  1
RGI60-12.01444     0.12501   42.524333   45.702432   -0.176    0.382  1
RGI60-12.01239     0.12489   43.176425   42.834696   -0.498    0.406  1
RGI60-12.01447     0.12475   42.472473   45.714786    1.804    0.675  1
RGI60-12.01169     0.12470   42.754485   44.193140   -0.032    0.280  1
RGI60-12.00322     0.12462   43.225071   42.021668   -0.574    0.390  1
RGI60-12.00046     0.12448   42.732954   44.139399   -0.044    0.309  1
RGI60-12.01612     0.12442   41.198801   47.862483   -0.140    0.245  1
RGI60-12.01160     0.12427   43.102120   42.284718   -0.886    0.330  1
RGI60-12.00207     0.12421   43.030737   42.997837    0.411    0.461  1
RGI60-12.00901     0.12413   43.251739   42.443971   -0.479    0.276  1
RGI60-12.01078     0.12403   43.191452   42.035356   -1.011    0.366  1
RGI60-12.00283     0.12396   42.941510   42.549446   -0.121    0.322  1
RGI60-12.01612     0.12381   41.190400   47.747185   -0.241    0.221  1
RGI60-12.00224     0.12381   42.907303   42.589171   -0.518    0.249  1
RGI60-12.01533     0.12373   42.205180   46.544633    0.120    0.289  1
RGI60-12.00208     0.12364   43.201034   42.862624   -0.352    0.413  1
RGI60-12.01432     0.12359   42.544184   45.517415   -0.623    0.358  1
RGI60-12.01447     0.12345   42.486400   45.714513    0.493    0.579  1
RGI60-12.00525     0.12337   42.988013   43.118893   -0.255    0.429  1
RGI60-12.00687     0.12330   43.117610   42.544575   -0.208    0.280  1
RGI60-12.01849     0.12296   36.348018   50.966242    0.013    0.267  1
RGI60-12.01344     0.12278   39.474627   39.123990   -0.413    0.313  1
RGI60-12.00866     0.12259   43.054021   43.092385   -0.932    0.517  1
RGI60-12.00018     0.12251   43.251968   42.912828   -0.343    0.286  1
RGI60-12.01413     0.12250   42.693689   45.021139   -0.069    0.345  1
RGI60-12.01612     0.12238   41.220769   47.860477   -0.281    0.274  1
RGI60-12.00178     0.12237   43.155629   43.140094   -0.670    0.371  1
RGI60-12.00760     0.12222   43.318031   42.638870   -0.689    0.308  1
RGI60-12.00890     0.12219   43.261499   41.663553   -0.455    0.369  1
RGI60-12.00334     0.12216   42.558848   44.320160   -0.267    0.271  1
RGI60-12.00965     0.12208   42.667109   44.517352   -0.000    0.239  1
RGI60-12.00735     0.12194   43.309014   41.915120   -0.517    0.294  1
RGI60-12.01133     0.12189   42.662940   44.383121   -0.218    0.284  1
RGI60-12.01032     0.12152   42.705644   44.395693    0.255    0.286  1
RGI60-12.00648     0.12125   43.265415   41.977584   -0.567    0.392  1
RGI60-12.00905     0.12120   42.805822   43.863718   -0.378    0.335  1
RGI60-12.00003     0.12102   43.356055   41.790834    0.126    0.387  1
RGI60-12.01612     0.12096   41.218257   47.840598   -0.003    0.310  1
RGI60-12.00295     0.12095   43.131817   42.792716   -0.725    0.418  1
RGI60-12.01658     0.12093   43.677153   40.589910   -1.062    0.464  1
RGI60-12.01156     0.12085   42.831219   43.614452   -0.921    0.422  1
RGI60-12.01642     0.12063   43.777851   40.349294   -0.408    0.419  1
RGI60-12.01096     0.12062   42.749419   44.296246   -0.271    0.312  1
RGI60-12.01466     0.12058   42.478725   45.769108   -0.373    0.309  1
RGI60-12.01321     0.12044   37.304132   44.265290   -0.923    0.346  1
RGI60-12.01154     0.12027   43.090230   42.947702   -0.821    0.382  1
RGI60-12.01293     0.12023   43.400204   41.589326   -0.376    0.351  1
RGI60-12.00351     0.12009   43.218239   42.319617   -0.870    0.328  1
RGI60-12.00442     0.11944   42.711643   44.361154    0.165    0.254  1
RGI60-12.01494     0.11923   42.303751   46.062764   -0.836    0.369  1
RGI60-12.01525     0.11902   42.035516   46.635362   -0.304    0.330  1
RGI60-12.01545     0.11901   42.035342   46.641349   -0.473    0.346  1
RGI60-12.00364     0.11888   42.959686   43.273227   -0.256    0.469  1
RGI60-12.00252     0.11858   43.268731   42.349947   -0.962    0.447  1
RGI60-12.00771     0.11839   43.224728   41.709828   -0.753    0.439  1
RGI60-12.01538     0.11837   42.154669   46.536343   -0.321    0.238  1
RGI60-12.01642     0.11798   43.772583   40.370184   -0.730    0.468  1
RGI60-12.00102     0.11792   42.903275   42.742654    0.010    0.315  1
RGI60-12.01239     0.11790   43.190126   42.878536   -0.298    0.333  1
RGI60-12.00843     0.11789   43.311865   42.096769   -0.740    0.414  1
RGI60-12.00716     0.11785   43.122975   42.690679   -0.473    0.329  1
RGI60-12.01525     0.11783   42.034706   46.627281   -1.322    0.432  1
RGI60-12.01868     0.11759   36.514802   50.703091    0.287    0.287  1
RGI60-12.00007     0.11723   42.952269   43.516655   -1.052    0.524  1
RGI60-12.01816     0.11723   35.770997   52.237262    0.017    0.241  1
RGI60-12.00102     0.11721   42.905293   42.749670   -0.483    0.287  1
RGI60-12.01428     0.11721   42.550214   45.299518   -0.393    0.318  1
RGI60-12.00247     0.11718   43.146052   42.019396   -0.899    0.402  1
RGI60-12.01078     0.11703   43.225786   42.013842   -0.768    0.365  1
RGI60-12.01383     0.11689   42.639089   44.714844   -0.108    0.244  1
RGI60-12.00822     0.11680   42.774855   43.800946   -0.120    0.424  1
RGI60-12.00951     0.11668   43.370827   41.179872    0.209    0.373  1
RGI60-12.00687     0.11655   43.155728   42.521132   -0.910    0.390  1
RGI60-12.00663     0.11653   42.918091   42.616328   -0.573    0.337  1
RGI60-12.00251     0.11647   42.656754   44.714947   -0.020    0.299  1
RGI60-12.00626     0.11624   43.264551   42.050779   -0.793    0.341  1
RGI60-12.01106     0.11624   42.762034   43.926284   -0.674    0.394  1
RGI60-12.00687     0.11621   43.155475   42.526374   -0.200    0.273  1
RGI60-12.00621     0.11594   43.218726   42.428262   -0.569    0.297  1
RGI60-12.01426     0.11565   42.541313   45.279976   -0.351    0.361  1
RGI60-12.01473     0.11539   42.497313   45.646032    0.031    0.307  1
RGI60-12.01790     0.11527   32.455120   50.016966   -0.215    0.297  1
RGI60-12.00822     0.11522   42.742983   43.798478   -0.334    0.419  1
RGI60-12.01203     0.11495   43.165661   42.975113   -0.641    0.411  1
RGI60-12.01239     0.11484   43.205853   42.846258   -0.050    0.255  1
RGI60-12.01255     0.11483   43.228433   42.291715    0.025    0.302  1
RGI60-12.00091     0.11479   42.903256   43.300001    0.025    0.321  1
RGI60-12.00020     0.11477   42.694011   44.520991    0.087    0.300  1
RGI60-12.00243     0.11463   43.126154   42.987142    0.945    0.799  1
RGI60-12.01156     0.11374   42.860509   43.575527   -0.643    0.393  1
RGI60-12.01628     0.11352   43.853249   40.224203   -1.206    0.691  1
RGI60-12.00986     0.11343   43.007642   43.229720   -0.715    0.411  1
RGI60-12.00043     0.11329   43.164254   42.031134   -0.872    0.407  1
RGI60-12.01413     0.11318   42.699601   45.040380   -0.138    0.307  1
RGI60-12.01612     0.11303   41.209117   47.723557   -0.805    0.335  1
RGI60-12.00077     0.11300   43.180111   42.015813   -0.294    0.370  1
RGI60-12.00442     0.11268   42.708312   44.354538    0.182    0.281  1
RGI60-12.00787     0.11245   43.210278   41.607303    0.265    0.372  1
RGI60-12.01406     0.11203   42.644078   44.823131   -0.148    0.357  1
RGI60-12.00334     0.11197   42.565934   44.312944   -0.297    0.282  1
RGI60-12.00525     0.11182   43.012659   43.067615    1.022    0.517  1
RGI60-12.00510     0.11182   42.974931   43.144676   -0.120    0.335  1
RGI60-12.00820     0.11152   43.255367   42.069607   -0.522    0.369  1
RGI60-12.01078     0.11130   43.180889   42.038757   -0.205    0.258  1
RGI60-12.01612     0.11109   41.233179   47.894316   -0.352    0.291  1
RGI60-12.01576     0.11081   41.904607   47.070562   -0.918    0.473  1
RGI60-12.01474     0.11076   42.504582   45.632883   -3.072    0.991  1
RGI60-12.00801     0.11061   42.925526   43.419293   -0.491    0.307  1
RGI60-12.00831     0.11058   42.787289   43.833607   -0.443    0.416  1
RGI60-12.01383     0.11056   42.622929   44.735747   -0.122    0.247  1
RGI60-12.00989     0.11053   43.212651   42.153474    0.026    0.198  1
RGI60-12.00027     0.11053   43.286562   42.222894   -0.714    0.419  1
RGI60-12.01538     0.11040   42.159266   46.545510   -0.296    0.322  1
RGI60-12.00070     0.11028   43.269977   41.966048   -0.816    0.372  1
RGI60-12.00040     0.11017   43.253195   41.640250   -0.749    0.369  1
RGI60-12.01642     0.11008   43.774527   40.386778   -0.848    0.583  1
RGI60-12.01054     0.11006   43.224760   42.921893   -0.948    0.660  1
RGI60-12.00280     0.11004   43.285769   41.901407   -0.900    0.393  1
RGI60-12.01596     0.10995   41.861242   46.923784   -1.157    0.451  1
RGI60-12.01117     0.10977   43.220905   42.301109   -1.055    0.379  1
RGI60-12.00432     0.10959   43.306738   41.516138   -0.240    0.221  1
RGI60-12.00092     0.10958   43.291539   41.203287   -0.210    0.376  1
RGI60-12.00757     0.10952   43.314295   42.623816   -0.012    0.241  1
RGI60-12.00070     0.10950   43.268237   41.974221   -0.515    0.383  1
RGI60-12.01526     0.10934   42.151455   46.506678   -0.206    0.300  1
RGI60-12.00503     0.10928   42.832553   43.557599   -0.789    0.366  1
RGI60-12.01520     0.10907   41.950554   46.627714   -0.087    0.291  1
RGI60-12.00301     0.10898   43.196338   42.084356   -0.171    0.256  1
RGI60-12.00515     0.10880   43.402203   41.096257   -0.238    0.471  1
RGI60-12.00777     0.10866   43.128854   42.514267   -0.007    0.292  1
RGI60-12.00295     0.10849   43.129815   42.801682   -0.694    0.344  1
RGI60-12.00476     0.10847   43.247841   42.740948   -0.788    0.475  1
RGI60-12.00070     0.10838   43.251931   41.966105   -0.431    0.459  1
RGI60-12.00273     0.10800   42.990407   41.872114   -0.946    0.489  1
RGI60-12.00243     0.10764   43.118792   42.997581   -0.040    0.556  1
RGI60-12.00088     0.10742   42.916315   42.757666   -0.251    0.294  1
RGI60-12.00054     0.10731   43.164732   42.213177   -0.470    0.314  1
RGI60-12.01096     0.10727   42.742204   44.310740   -0.281    0.278  1
RGI60-12.01526     0.10721   42.151195   46.524848   -0.352    0.242  1
RGI60-12.00203     0.10702   42.593187   43.746496   -0.904    0.374  1
RGI60-12.00525     0.10694   42.987277   43.123495    1.287    0.769  1
RGI60-12.00351     0.10691   43.246245   42.354552   -0.691    0.330  1
RGI60-12.00801     0.10688   42.891790   43.441231   -0.858    0.384  1
RGI60-12.01413     0.10666   42.689186   45.050463    0.128    0.267  1
RGI60-12.00114     0.10664   43.097388   42.802474   -0.522    0.289  1
RGI60-12.01376     0.10655   42.688611   43.483334   -1.100    0.481  1
RGI60-12.01348     0.10651   38.920960   42.826659   -0.195    0.252  1
RGI60-12.00797     0.10619   43.313754   41.845982   -0.679    0.354  1
RGI60-12.00658     0.10614   43.087020   42.826631   -0.300    0.336  1
RGI60-12.01551     0.10586   42.007385   46.801544   -0.608    0.423  1
RGI60-12.01739     0.10581   32.378463   50.084850   -0.013    0.230  1
RGI60-12.00754     0.10579   42.547698   43.936898    0.003    0.326  1
RGI60-12.01306     0.10572   40.841426   41.159220   -0.765    0.360  1
RGI60-12.00404     0.10559   43.357650   41.575545   -0.684    0.360  1
RGI60-12.00432     0.10545   43.272548   41.508180   -0.081    0.333  1
RGI60-12.01622     0.10540   43.829946   40.163952   -0.335    0.609  1
RGI60-12.01078     0.10534   43.160179   42.023486   -1.055    0.455  1
RGI60-12.01428     0.10531   42.566686   45.315157   -0.225    0.300  1
RGI60-12.01614     0.10529   41.176575   47.988006   -0.265    0.339  1
RGI60-12.01096     0.10517   42.738992   44.316686   -0.999    0.397  1
RGI60-12.01483     0.10511   42.463142   45.282902   -0.163    0.255  1
RGI60-12.00442     0.10510   42.717688   44.340023   -0.734    0.359  1
RGI60-12.01531     0.10504   42.256882   46.483306   -0.405    0.314  1
RGI60-12.01584     0.10493   41.887949   47.122773   -0.400    0.330  1
RGI60-12.00757     0.10490   43.313599   42.617587    0.155    0.207  1
RGI60-12.00247     0.10489   43.122920   41.986748   -0.954    0.413  1
RGI60-12.01612     0.10480   41.210201   47.878828   -0.261    0.266  1
RGI60-12.01418     0.10471   42.704274   45.075534    0.511    0.281  1
RGI60-12.00126     0.10457   43.170060   42.798256   -0.116    0.384  1
RGI60-12.00481     0.10453   43.449841   41.213231   -0.281    0.334  1
RGI60-12.01466     0.10428   42.474233   45.772810   -0.170    0.416  1
RGI60-12.01263     0.10412   42.798711   43.646888   -0.354    0.341  1
RGI60-12.00890     0.10406   43.284087   41.706833   -0.478    0.329  1
RGI60-12.01111     0.10388   43.313088   42.521086   -0.150    0.317  1
RGI60-12.01139     0.10373   43.248928   42.252948   -0.092    0.281  1
RGI60-12.00043     0.10365   43.154034   42.019937   -1.354    0.602  1
RGI60-12.00451     0.10348   43.125034   42.086340   -0.231    0.256  1
RGI60-12.00186     0.10346   43.154722   42.454572   -0.614    0.343  1
RGI60-12.01587     0.10300   41.881039   47.168827    0.208    0.353  1
RGI60-12.01550     0.10293   41.924761   46.825967   -1.189    0.497  1
RGI60-12.01664     0.10287   43.635967   40.719914   -0.151    0.634  1
RGI60-12.01568     0.10273   41.922047   46.997515    0.411    0.611  1
RGI60-12.00697     0.10250   42.906370   42.564602   -0.566    0.322  1
RGI60-12.00647     0.10235   43.228641   42.743466   -0.558    0.322  1
RGI60-12.00258     0.10233   42.739923   44.187859   -0.466    0.325  1
RGI60-12.00908     0.10223   42.897141   42.718929   -0.897    0.428  1
RGI60-12.00506     0.10223   43.124984   42.507466   -0.387    0.275  1
RGI60-12.01614     0.10203   41.169230   47.977224   -0.086    0.278  1
RGI60-12.00672     0.10180   43.302955   41.874023   -0.309    0.380  1
RGI60-12.01341     0.10174   39.462218   39.290993   -0.009    0.295  1
RGI60-12.00283     0.10172   42.943467   42.545479   -0.530    0.255  1
RGI60-12.01444     0.10172   42.504766   45.699498   -0.207    0.386  1
RGI60-12.01523     0.10161   42.033721   46.618006   -0.374    0.283  1
RGI60-12.01518     0.10148   41.867443   46.751293   -0.491    0.322  1
RGI60-12.00620     0.10144   43.408752   41.242151   -0.507    0.355  1
RGI60-12.01654     0.10123   43.680175   40.522121   -0.819    0.645  1
RGI60-12.01783     0.10122   32.387611   50.070988   -0.142    0.324  1
RGI60-12.01256     0.10121   43.217384   41.853067   -0.834    0.452  1
RGI60-12.01379     0.10114   42.611347   44.822485   -0.655    0.369  1
RGI60-12.00706     0.10113   43.208173   41.949627   -0.515    0.327  1
RGI60-12.01123     0.10110   43.219258   42.154609   -0.570    0.283  1
RGI60-12.00043     0.10106   43.173633   42.021852   -0.385    0.284  1
RGI60-12.01011     0.10098   43.396060   41.208085   -0.498    0.583  1
RGI60-12.00277     0.10096   42.884842   42.400739   -0.483    0.313  1
RGI60-12.01839     0.10086   36.067348   51.519377   -0.196    0.275  1
RGI60-12.00026     0.10082   42.882078   43.463794   -0.482    0.337  1
RGI60-12.00929     0.10070   43.290184   41.211160   -1.000    0.598  1
RGI60-12.01589     0.10066   41.913594   47.005417   -0.074    0.415  1
RGI60-12.00754     0.10065   42.539288   43.901404   -0.694    0.406  1
RGI60-12.01121     0.10057   42.695368   44.204741   -0.408    0.377  1
RGI60-12.01675     0.10057   42.798439   42.227263   -0.451    0.264  1
RGI60-12.01245     0.10056   42.980541   43.597736   -0.200    0.280  1
RGI60-12.01666     0.10037   43.743696   40.478649   -0.258    0.308  1
RGI60-12.00830     0.10027   43.242402   42.713910   -0.036    0.214  1
RGI60-12.01178     0.10024   43.234635   42.152431   -0.616    0.300  1
RGI60-12.00241     0.10018   43.196016   42.029820   -0.614    0.337  1
RGI60-12.01533     0.10013   42.201775   46.551308   -0.197    0.326  1
RGI60-12.01612     0.10007   41.190983   47.759584   -0.401    0.273  1
RGI60-12.00508     0.10003   43.228046   41.913885   -0.526    0.327  1
RGI60-12.00605     0.09987   43.266473   41.504230   -0.089    0.365  1
RGI60-12.01178     0.09980   43.230204   42.158951   -0.555    0.358  1
RGI60-12.01622     0.09978   43.794637   40.204317    0.393    0.488  1
RGI60-12.01466     0.09964   42.500666   45.771707   -0.431    0.431  1
RGI60-12.01612     0.09951   41.199222   47.858284   -0.579    0.257  1
RGI60-12.00278     0.09950   43.093481   42.916227   -0.037    0.525  1
RGI60-12.00667     0.09942   42.726331   44.416819   -0.215    0.356  1
RGI60-12.01452     0.09942   42.479039   45.754283    0.056    0.602  1
RGI60-12.00385     0.09936   42.938411   43.583079   -0.799    0.405  1
RGI60-12.00277     0.09909   42.948459   42.471662   -0.525    0.392  1
RGI60-12.01513     0.09906   42.271737   46.303948   -0.058    0.276  1
RGI60-12.00654     0.09906   43.381503   41.823178   -0.585    0.335  1
RGI60-12.00927     0.09897   43.122887   43.105801   -0.282    0.362  1
RGI60-12.01049     0.09892   43.034773   43.525162   -0.266    0.538  1
RGI60-12.00404     0.09886   43.372380   41.542929    0.038    0.268  1
RGI60-12.01089     0.09852   43.389470   41.620907   -0.654    0.433  1
RGI60-12.01418     0.09837   42.713842   45.091043   -0.257    0.329  1
RGI60-12.01612     0.09834   41.207784   47.718388   -0.701    0.332  1
RGI60-12.00452     0.09827   42.701126   44.299934   -0.669    0.337  1
RGI60-12.01085     0.09813   42.751395   44.062096   -0.988    0.386  1
RGI60-12.00558     0.09805   43.290611   41.174985    0.516    0.506  1
RGI60-12.00890     0.09804   43.253185   41.717943   -3.063    1.166  1
RGI60-12.00658     0.09800   43.115655   42.849525   -0.157    0.352  1
RGI60-12.01493     0.09797   42.265768   46.149514   -0.239    0.353  1
RGI60-12.00060     0.09781   42.749262   44.045311   -0.067    0.382  1
RGI60-12.00263     0.09758   42.979340   43.416001   -1.218    0.643  1
RGI60-12.01614     0.09758   41.184939   47.903285   -0.479    0.290  1
RGI60-12.01276     0.09732   43.285140   41.558614   -0.736    0.461  1
RGI60-12.01054     0.09727   43.214311   42.936008   -0.213    0.377  1
RGI60-12.01602     0.09692   41.868900   46.767749   -0.409    0.314  1
RGI60-12.00706     0.09690   43.233198   41.960034   -0.510    0.274  1
RGI60-12.01032     0.09681   42.712151   44.373516    0.150    0.266  1
RGI60-12.00793     0.09652   42.920760   42.570083   -0.613    0.366  1
RGI60-12.01123     0.09614   43.219083   42.163075   -0.725    0.410  1
RGI60-12.01546     0.09612   41.994637   46.687179   -0.349    0.297  1
RGI60-12.00452     0.09609   42.710661   44.309010   -0.512    0.396  1
RGI60-12.00801     0.09601   42.923744   43.382518   -0.252    0.335  1
RGI60-12.01664     0.09586   43.688792   40.710787   -1.954    0.951  1
RGI60-12.00822     0.09579   42.771495   43.804416   -0.418    0.421  1
RGI60-12.01666     0.09574   43.725179   40.430660   -0.919    0.397  1
RGI60-12.00873     0.09567   42.685589   44.389555   -0.264    0.269  1
RGI60-12.01263     0.09562   42.825998   43.647288   -0.502    0.400  1
RGI60-12.00166     0.09545   42.951071   42.462905   -0.644    0.408  1
RGI60-12.00831     0.09523   42.761303   43.915499   -0.290    0.382  1
RGI60-12.00794     0.09513   43.039072   42.926589   -0.548    0.398  1
RGI60-12.00754     0.09505   42.551287   43.940201   -0.041    0.304  1
RGI60-12.00354     0.09500   43.006562   43.071403   -0.298    0.484  1
RGI60-12.00801     0.09493   42.910347   43.413932   -0.140    0.316  1
RGI60-12.00688     0.09490   42.733065   43.781535   -0.856    0.517  1
RGI60-12.00017     0.09448   43.144517   42.308807   -0.465    0.367  1
RGI60-12.01157     0.09422   43.221549   41.862736   -0.942    0.491  1
RGI60-12.00587     0.09422   43.216902   41.941557   -0.824    0.430  1
RGI60-12.01610     0.09393   41.281846   47.960239    0.035    0.275  1
RGI60-12.01612     0.09391   41.228934   47.862372   -0.144    0.316  1
RGI60-12.00460     0.09387   43.261423   41.543701   -0.383    0.327  1
RGI60-12.01610     0.09372   41.282731   47.968945   -0.852    0.550  1
RGI60-12.00205     0.09369   42.968789   41.912321   -0.621    0.385  1
RGI60-12.01242     0.09365   42.605661   43.842028   -0.899    0.371  1
RGI60-12.00620     0.09350   43.398271   41.250611   -1.290    0.745  1
RGI60-12.00399     0.09346   43.388198   41.176421   -0.268    0.376  1
RGI60-12.01123     0.09344   43.230195   42.167366   -0.459    0.398  1
RGI60-12.01658     0.09324   43.642553   40.611069   -0.639    0.411  1
RGI60-12.01150     0.09301   43.223115   42.111963   -0.304    0.280  1
RGI60-12.01099     0.09284   42.941927   43.649269   -0.637    0.415  1
RGI60-12.01570     0.09278   41.913846   47.021791   -0.390    0.414  1
RGI60-12.00244     0.09273   43.350580   42.294903   -0.517    0.344  1
RGI60-12.01002     0.09261   43.267049   41.883756   -0.252    0.279  1
RGI60-12.00693     0.09256   43.110659   42.303750   -0.284    0.258  1
RGI60-12.01383     0.09248   42.640087   44.723699   -0.199    0.243  1
RGI60-12.00142     0.09245   42.551017   44.333524   -0.045    0.253  1
RGI60-12.01674     0.09243   42.824518   42.208204   -0.708    0.341  1
RGI60-12.01383     0.09232   42.633309   44.731546   -0.749    0.317  1
RGI60-12.00648     0.09223   43.237871   41.950289    0.111    0.424  1
RGI60-12.00488     0.09219   43.250385   42.255946   -0.231    0.281  1
RGI60-12.01545     0.09217   42.018495   46.661194   -0.051    0.383  1
RGI60-12.00510     0.09202   42.967631   43.140970    0.118    0.401  1
RGI60-12.01108     0.09193   43.424742   40.963364   -0.506    0.392  1
RGI60-12.01629     0.09192   43.810274   40.236268   -1.907    0.678  1
RGI60-12.01114     0.09191   42.612533   44.269865   -0.449    0.303  1
RGI60-12.01383     0.09189   42.620259   44.744257   -0.307    0.248  1
RGI60-12.00897     0.09178   43.303352   42.911450   -0.019    0.354  1
RGI60-12.01117     0.09177   43.237718   42.350163   -0.262    0.263  1
RGI60-12.01690     0.09162   30.963315   51.433016   -0.127    0.237  1
RGI60-12.00318     0.09128   42.979609   41.881498   -0.728    0.397  1
RGI60-12.01612     0.09092   41.224674   47.825629   -0.393    0.355  1
RGI60-12.00908     0.09082   42.877308   42.752117   -0.237    0.324  1
RGI60-12.00436     0.09061   42.941655   42.496522   -0.604    0.403  1
RGI60-12.01658     0.09061   43.683699   40.585631    0.154    0.422  1
RGI60-12.01548     0.09055   41.896084   46.811040   -0.550    0.374  1
RGI60-12.01584     0.09053   41.891922   47.152242   -0.530    0.337  1
RGI60-12.00451     0.09053   43.146845   42.116104   -0.441    0.258  1
RGI60-12.01483     0.09038   42.478834   45.293317    0.049    0.226  1
RGI60-12.01428     0.09026   42.547658   45.292059   -0.741    0.513  1
RGI60-12.01305     0.09015   40.824346   41.150127   -0.693    0.363  1
RGI60-12.01244     0.09003   42.548402   43.988832   -0.812    0.376  1
RGI60-12.00986     0.09001   43.013686   43.226034    0.106    0.361  1
RGI60-12.01219     0.08990   42.902506   42.671658   -0.997    0.528  1
RGI60-12.00241     0.08982   43.231660   42.021945   -0.325    0.357  1
RGI60-12.01610     0.08938   41.278123   48.005512   -0.060    0.344  1
RGI60-12.00321     0.08927   42.909919   43.383854   -1.092    0.498  1
RGI60-12.01614     0.08923   41.171467   47.991576   -0.368    0.293  1
RGI60-12.01114     0.08913   42.615987   44.231075   -0.139    0.309  1
RGI60-12.01565     0.08907   41.991303   46.933591   -0.348    0.697  1
RGI60-12.00048     0.08899   43.189288   42.607229   -0.153    0.328  1
RGI60-12.01123     0.08898   43.220575   42.140279   -0.286    0.491  1
RGI60-12.00640     0.08895   43.466651   41.096886   -1.171    0.608  1
RGI60-12.01513     0.08885   42.273810   46.297533   -0.345    0.366  1
RGI60-12.00530     0.08883   43.174645   42.657571   -0.841    0.605  1
RGI60-12.01401     0.08879   42.654977   44.771240    0.040    0.323  1
RGI60-12.01028     0.08864   43.062242   42.257497   -0.690    0.312  1
RGI60-12.00456     0.08858   43.275797   41.193009   -1.094    0.595  1
RGI60-12.00344     0.08858   43.047292   43.132127   -0.136    0.386  1
RGI60-12.00333     0.08851   43.123677   42.484511   -0.574    0.387  1
RGI60-12.01245     0.08850   42.974888   43.599616   -0.165    0.280  1
RGI60-12.00105     0.08849   42.805892   43.798141   -0.883    0.479  1
RGI60-12.01487     0.08840   42.470332   45.311928   -0.149    0.246  1
RGI60-12.00154     0.08832   43.314644   41.423571   -0.084    0.249  1
RGI60-12.01843     0.08785   36.399372   50.967486    0.067    0.275  1
RGI60-12.01612     0.08784   41.203659   47.760859   -0.421    0.270  1
RGI60-12.01311     0.08771   37.497107   44.005795    0.584    0.623  1
RGI60-12.01418     0.08764   42.719976   45.089543   -0.075    0.214  1
RGI60-12.01379     0.08758   42.607254   44.822889    0.024    0.273  1
RGI60-12.01526     0.08744   42.151357   46.531209   -0.588    0.315  1
RGI60-12.01591     0.08731   41.904887   46.878442    1.427    0.648  1
RGI60-12.00816     0.08727   43.136666   42.726222   -0.227    0.313  1
RGI60-12.00488     0.08722   43.240020   42.307874   -0.586    0.371  1
RGI60-12.00041     0.08708   42.916715   43.405566   -0.332    0.360  1
RGI60-12.00897     0.08704   43.273669   42.962995   -0.362    0.406  1
RGI60-12.00091     0.08699   42.917466   43.263859   -0.286    0.373  1
RGI60-12.00892     0.08651   43.430519   41.092655   -1.411    0.624  1
RGI60-12.01574     0.08645   41.905645   47.054296   -0.603    0.420  1
RGI60-12.00109     0.08639   43.307008   41.878330   -0.668    0.497  1
RGI60-12.01054     0.08636   43.217805   42.926370   -0.090    0.305  1
RGI60-12.01123     0.08629   43.227842   42.196727    0.188    0.442  1
RGI60-12.00962     0.08628   42.986032   43.474450   -0.722    0.463  1
RGI60-12.00574     0.08615   43.358263   41.321743    0.015    0.364  1
RGI60-12.01809     0.08606   33.246611   49.442172   -0.188    0.364  1
RGI60-12.00907     0.08602   43.139240   43.075388    0.044    0.285  1
RGI60-12.00927     0.08568   43.120038   43.104710   -0.481    0.404  1
RGI60-12.00995     0.08540   42.720838   44.517642   -0.397    0.279  1
RGI60-12.01483     0.08520   42.479042   45.301454    0.055    0.290  1
RGI60-12.00503     0.08513   42.819412   43.581771   -0.986    0.429  1
RGI60-12.01255     0.08501   43.211317   42.280147   -1.232    0.475  1
RGI60-12.00198     0.08501   43.386743   42.404736   -0.555    0.304  1
RGI60-12.00962     0.08500   42.978084   43.523037   -0.550    0.301  1
RGI60-12.00693     0.08477   43.114005   42.311385   -0.504    0.286  1
RGI60-12.00695     0.08473   43.091430   42.124948   -0.261    0.346  1
RGI60-12.00777     0.08473   43.112399   42.505458   -0.494    0.305  1
RGI60-12.00446     0.08447   43.201365   41.807576   -0.656    0.367  1
RGI60-12.01538     0.08444   42.131355   46.572231    0.004    0.343  1
RGI60-12.00124     0.08441   43.288852   42.535013   -0.133    0.229  1
RGI60-12.00321     0.08438   42.914764   43.386877   -0.475    0.404  1
RGI60-12.01054     0.08415   43.224949   42.937485   -0.449    0.441  1
RGI60-12.01133     0.08400   42.696832   44.429069   -0.290    0.289  1
RGI60-12.01532     0.08397   42.237501   46.492974   -0.100    0.375  1
RGI60-12.01035     0.08394   43.332883   41.315212   -0.300    0.386  1
RGI60-12.00286     0.08394   43.373854   41.364873   -0.586    0.386  1
RGI60-12.01406     0.08392   42.666160   44.834240    1.530    0.770  1
RGI60-12.00949     0.08387   42.693033   44.534745   -0.950    0.500  1
RGI60-12.01418     0.08384   42.706403   45.084371    0.070    0.317  1
RGI60-12.00712     0.08382   43.360092   41.435278   -1.601    0.768  1
RGI60-12.00203     0.08380   42.646249   43.659973   -0.444    0.371  1
RGI60-12.00661     0.08374   43.355620   41.310793   -0.566    0.573  1
RGI60-12.00036     0.08368   43.230338   41.583811   -0.135    0.284  1
RGI60-12.00621     0.08356   43.224292   42.448918   -0.986    0.523  1
RGI60-12.00404     0.08354   43.380395   41.583068   -0.223    0.345  1
RGI60-12.01167     0.08352   43.174411   42.361784   -0.468    0.328  1
RGI60-12.00648     0.08346   43.261787   41.969121   -1.116    0.450  1
RGI60-12.01307     0.08339   40.845852   41.165333   -0.601    0.441  1
RGI60-12.01042     0.08337   42.761144   44.439691   -0.285    0.375  1
RGI60-12.00203     0.08333   42.663890   43.637335   -0.657    0.466  1
RGI60-12.01424     0.08332   42.614635   45.288386   -0.192    0.333  1
RGI60-12.01106     0.08314   42.747354   43.870768   -0.613    0.524  1
RGI60-12.00620     0.08311   43.402721   41.249904   -0.524    0.574  1
RGI60-12.00321     0.08307   42.887413   43.360222    0.044    0.299  1
RGI60-12.00203     0.08288   42.621976   43.752184   -0.398    0.333  1
RGI60-12.00300     0.08284   43.268276   42.415289   -0.703    0.319  1
RGI60-12.01591     0.08273   41.884596   46.910612   -1.236    0.576  1
RGI60-12.01466     0.08269   42.484828   45.774715   -1.343    0.735  1
RGI60-12.00301     0.08267   43.228757   42.108879   -0.054    0.365  1
RGI60-12.01570     0.08264   41.912732   47.016514   -0.904    0.551  1
RGI60-12.01450     0.08258   42.481823   45.722403    0.105    0.893  1
RGI60-12.00693     0.08238   43.106431   42.257204   -0.459    0.322  1
RGI60-12.01618     0.08236   43.995400   39.889301   -1.478    0.755  1
RGI60-12.01426     0.08225   42.586984   45.142377   -0.017    0.263  1
RGI60-12.01666     0.08215   43.729429   40.432519   -0.621    0.462  1
RGI60-12.01038     0.08207   42.871001   43.475271   -0.219    0.439  1
RGI60-12.00300     0.08205   43.257345   42.443625   -0.386    0.347  1
RGI60-12.00987     0.08198   42.848536   43.762779   -0.675    0.461  1
RGI60-12.01464     0.08192   42.486223   45.787543   -0.650    0.466  1
RGI60-12.00695     0.08164   43.128678   42.087592   -0.228    0.367  1
RGI60-12.00986     0.08142   43.012444   43.264163   -1.444    0.653  1
RGI60-12.00338     0.08135   43.014980   43.398257   -0.380    0.366  1
RGI60-12.01663     0.08128   43.562572   40.680771   -1.258    0.659  1
RGI60-12.01612     0.08123   41.210257   47.728214   -0.512    0.349  1
RGI60-12.00204     0.08118   43.289155   42.132536   -0.158    0.312  1
RGI60-12.01176     0.08106   43.204029   42.476395    0.083    0.290  1
RGI60-12.01436     0.08105   42.538421   45.559642   -1.856    0.974  1
RGI60-12.01420     0.08096   42.630177   45.060353   -0.184    0.291  1
RGI60-12.00243     0.08091   43.092090   42.967280   -0.542    0.377  1
RGI60-12.00208     0.08079   43.199155   42.856491   -0.294    0.313  1
RGI60-12.00301     0.08078   43.218759   42.096432   -0.901    0.531  1
RGI60-12.01641     0.08073   43.793707   40.373397   -1.321    0.567  1
RGI60-12.01019     0.08072   43.368421   41.223462   -1.101    0.579  1
RGI60-12.01642     0.08062   43.773658   40.386083   -0.703    0.697  1
RGI60-12.00172     0.08055   43.217483   41.674545   -0.703    0.406  1
RGI60-12.00091     0.08045   42.918042   43.272911   -0.740    0.522  1
RGI60-12.01376     0.08045   42.687105   43.505853   -0.805    0.437  1
RGI60-12.00615     0.08010   42.699115   44.136535   -0.571    0.370  1
RGI60-12.00654     0.07996   43.378418   41.771319   -0.633    0.538  1
RGI60-12.00347     0.07991   43.262476   42.415547   -0.326    0.273  1
RGI60-12.00740     0.07985   42.861837   43.474124   -0.691    0.460  1
RGI60-12.01041     0.07982   43.174009   42.545069    0.228    0.312  1
RGI60-12.00286     0.07978   43.376695   41.369031   -0.541    0.378  1
RGI60-12.00194     0.07977   43.341786   41.578273   -0.488    0.413  1
RGI60-12.00349     0.07963   43.176235   42.028970   -0.365    0.362  1
RGI60-12.01157     0.07963   43.226457   41.820695   -0.010    0.374  1
RGI60-12.01167     0.07957   43.192480   42.391343   -0.695    0.406  1
RGI60-12.01591     0.07954   41.887537   46.904830   -0.641    0.438  1
RGI60-12.01263     0.07953   42.841747   43.651719   -0.372    0.461  1
RGI60-12.01807     0.07950   33.271962   49.408638   -0.199    0.342  1
RGI60-12.01600     0.07947   41.845145   46.947581   -0.434    0.426  1
RGI60-12.01551     0.07946   42.006739   46.805972   -1.094    0.531  1
RGI60-12.00962     0.07941   43.035740   43.529389    0.501    0.554  1
RGI60-12.01563     0.07926   41.961532   46.916499   -1.877    0.749  1
RGI60-12.01642     0.07922   43.775865   40.378470   -1.446    0.726  1
RGI60-12.00415     0.07915   43.094463   42.075635   -0.568    0.395  1
RGI60-12.00693     0.07913   43.131341   42.325166    0.120    0.357  1
RGI60-12.01854     0.07908   36.367998   50.992438   -0.067    0.329  1
RGI60-12.01861     0.07907   36.322484   50.721328   -0.251    0.365  1
RGI60-12.01832     0.07901   35.942285   52.122007    0.280    0.328  1
RGI60-12.01121     0.07869   42.695210   44.200740   -0.062    0.292  1
RGI60-12.01377     0.07865   42.539615   44.785230   -0.303    0.325  1
RGI60-12.01108     0.07864   43.455685   40.932109   -1.174    0.571  1
RGI60-12.01823     0.07858   35.960701   52.103311    0.165    0.326  1
RGI60-12.00971     0.07851   42.748128   44.156453   -0.835    0.548  1
RGI60-12.00230     0.07832   42.601969   43.832909   -1.100    0.607  1
RGI60-12.00843     0.07827   43.309769   42.101401   -0.082    0.388  1
RGI60-12.01217     0.07824   43.231710   41.896561   -0.692    0.389  1
RGI60-12.00041     0.07816   42.912849   43.410723   -0.426    0.353  1
RGI60-12.00001     0.07814   43.186894   42.061504   -0.054    0.268  1
RGI60-12.00247     0.07794   43.130680   41.996331   -0.620    0.424  1
RGI60-12.01610     0.07793   41.275987   48.009954   -0.282    0.235  1
RGI60-12.01869     0.07783   36.512000   50.709331    0.390    0.399  1
RGI60-12.00001     0.07770   43.219656   42.108108   -0.642    0.369  1
RGI60-12.01618     0.07740   43.949266   39.909496   -2.114    0.923  1
RGI60-12.01551     0.07739   41.964358   46.788955   -0.375    0.311  1
RGI60-12.01176     0.07733   43.158800   42.461122   -0.123    0.450  1
RGI60-12.01701     0.07730   32.350094   50.071115   -0.019    0.353  1
RGI60-12.01636     0.07726   43.763488   40.269851   -1.191    0.663  1
RGI60-12.00666     0.07718   43.143502   42.785240    0.149    0.309  1
RGI60-12.01108     0.07715   43.454186   41.015763   -0.932    0.534  1
RGI60-12.00837     0.07681   43.144722   42.604487   -0.620    0.379  1
RGI60-12.01464     0.07673   42.491189   45.795338   -1.210    0.579  1
RGI60-12.01016     0.07669   43.437668   41.237432   -0.106    0.377  1
RGI60-12.01343     0.07659   39.495055   39.136494   -0.242    0.372  1
RGI60-12.00728     0.07643   42.735423   44.094324   -0.174    0.285  1
RGI60-12.00703     0.07642   43.107856   42.839129   -0.547    0.436  1
RGI60-12.01598     0.07639   41.851134   46.937209   -0.749    0.451  1
RGI60-12.01505     0.07625   42.354547   46.280303   -1.020    0.536  1
RGI60-12.00211     0.07624   43.108581   42.699416   -0.292    0.349  1
RGI60-12.00703     0.07620   43.098997   42.812929   -0.606    0.427  1
RGI60-12.00127     0.07617   42.589897   43.773817   -0.475    0.407  1
RGI60-12.00413     0.07616   42.919244   42.478842   -0.110    0.380  1
RGI60-12.01691     0.07614   30.900550   51.494242   -0.269    0.274  1
RGI60-12.00831     0.07609   42.754253   43.869588   -0.321    0.361  1
RGI60-12.01133     0.07605   42.669194   44.383631   -0.048    0.289  1
RGI60-12.01208     0.07602   42.564944   43.955491   -0.472    0.402  1
RGI60-12.01230     0.07600   43.099339   42.677137    0.126    0.241  1
RGI60-12.01672     0.07589   42.839929   42.169677   -0.177    0.316  1
RGI60-12.00203     0.07583   42.636800   43.639460   -0.853    0.446  1
RGI60-12.00380     0.07572   43.168975   42.177535   -0.410    0.351  1
RGI60-12.00194     0.07561   43.343122   41.578190   -0.366    0.342  1
RGI60-12.01016     0.07558   43.443504   41.230952   -0.204    0.427  1
RGI60-12.00620     0.07557   43.413088   41.277860   -0.864    0.524  1
RGI60-12.01614     0.07548   41.181094   47.986518   -0.325    0.393  1
RGI60-12.01426     0.07545   42.546112   45.286239   -0.548    0.446  1
RGI60-12.01610     0.07537   41.278254   48.006235   -0.006    0.370  1
RGI60-12.01426     0.07527   42.544271   45.283761   -0.736    0.437  1
RGI60-12.00460     0.07525   43.272915   41.553638   -0.243    0.380  1
RGI60-12.01547     0.07523   41.919261   46.744574   -0.277    0.291  1
RGI60-12.01114     0.07513   42.607854   44.275652   -0.288    0.359  1
RGI60-12.01009     0.07510   43.226702   42.426648   -0.318    0.293  1
RGI60-12.01324     0.07496   37.315658   44.244235   -0.091    0.238  1
RGI60-12.00693     0.07493   43.111939   42.323270   -0.703    0.376  1
RGI60-12.01594     0.07487   41.880255   46.913445   -1.623    0.934  1
RGI60-12.01406     0.07487   42.660885   44.841836   -0.058    0.375  1
RGI60-12.01176     0.07481   43.163768   42.476902   -0.143    0.289  1
RGI60-12.00822     0.07471   42.757713   43.760239   -0.364    0.319  1
RGI60-12.00105     0.07439   42.833612   43.762968   -0.561    0.335  1
RGI60-12.01397     0.07437   42.675415   44.759616   -2.584    1.333  1
RGI60-12.01421     0.07430   42.594709   45.020142   -0.335    0.271  1
RGI60-12.01450     0.07419   42.480864   45.735377   -0.710    0.559  1
RGI60-12.00618     0.07402   43.326945   41.833715   -0.551    0.325  1
RGI60-12.00461     0.07399   43.259608   42.340975   -0.125    0.316  1
RGI60-12.01244     0.07396   42.531522   44.001135   -0.190    0.340  1
RGI60-12.01413     0.07369   42.694562   45.050891   -0.763    0.438  1
RGI60-12.00726     0.07364   43.202170   42.028019   -0.376    0.389  1
RGI60-12.01186     0.07361   43.149105   43.067993   -0.269    0.388  1
RGI60-12.00529     0.07351   43.203757   42.778158   -0.468    0.366  1
RGI60-12.01397     0.07351   42.706935   44.752912    0.292    0.348  1
RGI60-12.00857     0.07349   43.379320   41.524218   -0.012    0.266  1
RGI60-12.00169     0.07339   43.370931   41.826684    0.389    0.439  1
RGI60-12.01810     0.07337   33.347484   49.274850    0.058    0.272  1
RGI60-12.00245     0.07329   43.265070   41.966275   -0.650    0.462  1
RGI60-12.00452     0.07324   42.707807   44.306806   -0.166    0.363  1
RGI60-12.00236     0.07306   43.221241   42.336269   -0.404    0.301  1
RGI60-12.00327     0.07304   43.125452   42.109775    0.093    0.308  1
RGI60-12.00818     0.07304   42.759226   44.182711   -0.320    0.450  1
RGI60-12.01108     0.07298   43.455268   40.938191   -1.172    0.673  1
RGI60-12.01168     0.07286   43.283789   42.834467   -0.796    0.447  1
RGI60-12.01157     0.07278   43.216699   41.859306   -0.715    0.434  1
RGI60-12.00666     0.07271   43.145158   42.789490   -0.671    0.473  1
RGI60-12.00703     0.07263   43.093592   42.809952   -0.594    0.343  1
RGI60-12.01517     0.07255   42.326646   46.233114   -0.106    0.446  1
RGI60-12.01378     0.07244   42.621356   44.832228   -0.009    0.395  1
RGI60-12.01661     0.07229   43.529724   40.493913   -1.708    0.784  1
RGI60-12.01681     0.07217   42.710118   43.190561   -0.052    0.455  1
RGI60-12.01533     0.07201   42.185073   46.549713   -0.387    0.394  1
RGI60-12.00036     0.07199   43.220032   41.615203   -0.225    0.543  1
RGI60-12.01422     0.07197   42.538499   45.289808   -1.417    0.624  1
RGI60-12.01612     0.07196   41.209422   47.865685   -1.176    0.494  1
RGI60-12.01110     0.07190   43.146867   43.081006    0.106    0.310  1
RGI60-12.01294     0.07187   43.301122   42.092284   -0.473    0.332  1
RGI60-12.01675     0.07185   42.788566   42.261015   -0.433    0.370  1
RGI60-12.01610     0.07171   41.267846   48.008042   -0.421    0.340  1
RGI60-12.01184     0.07169   43.183925   42.531878    0.122    0.281  1
RGI60-12.00971     0.07154   42.746724   44.165507   -0.125    0.425  1
RGI60-12.00127     0.07149   42.587245   43.829986   -0.011    0.345  1
RGI60-12.00224     0.07133   42.905463   42.585877   -0.407    0.320  1
RGI60-12.00689     0.07127   43.314195   42.564710    0.100    0.289  1
RGI60-12.01576     0.07126   41.886192   47.089331   -0.398    0.356  1
RGI60-12.00562     0.07122   42.992452   41.865433   -1.210    0.561  1
RGI60-12.00843     0.07119   43.308564   42.092258   -0.026    0.204  1
RGI60-12.01016     0.07117   43.417553   41.263099   -2.763    1.100  1
RGI60-12.00300     0.07116   43.271624   42.416085   -0.447    0.302  1
RGI60-12.01044     0.07114   42.763826   44.154610   -0.051    0.356  1
RGI60-12.01247     0.07097   43.144579   41.989545   -0.433    0.387  1
RGI60-12.01610     0.07087   41.274529   48.013462   -0.031    0.343  1
RGI60-12.01035     0.07080   43.332003   41.281867   -0.880    0.461  1
RGI60-12.00802     0.07076   43.246826   41.957929   -0.530    0.359  1
RGI60-12.00179     0.07075   43.192494   41.682493   -1.025    0.603  1
RGI60-12.00723     0.07069   42.683022   44.372410   -0.472    0.331  1
RGI60-12.00379     0.07051   43.333382   41.913592   -0.136    0.452  1
RGI60-12.01600     0.07050   41.846856   46.942200   -0.972    0.522  1
RGI60-12.00169     0.07049   43.373262   41.776269    0.255    0.450  1
RGI60-12.01565     0.07044   41.991381   46.927380   -0.085    0.446  1
RGI60-12.01108     0.07035   43.463744   40.993008   -1.364    0.631  1
RGI60-12.01377     0.07022   42.534476   44.790555    0.054    0.284  1
RGI60-12.01167     0.07022   43.139794   42.351489   -1.259    0.534  1
RGI60-12.00321     0.07008   42.889637   43.349834   -0.491    0.428  1
RGI60-12.00802     0.06989   43.216689   41.981201   -0.163    0.408  1
RGI60-12.00830     0.06986   43.246429   42.731055   -0.201    0.465  1
RGI60-12.00236     0.06980   43.241515   42.349763    0.109    0.242  1
RGI60-12.01271     0.06971   43.157044   42.116741   -0.576    0.326  1
RGI60-12.00693     0.06953   43.072784   42.272226   -0.192    0.283  1
RGI60-12.00461     0.06949   43.266621   42.355696   -0.644    0.435  1
RGI60-12.01373     0.06948   42.697074   43.463597   -0.662    0.472  1
RGI60-12.01664     0.06939   43.616382   40.754570   -1.115    0.597  1
RGI60-12.01664     0.06935   43.609352   40.743009   -1.710    1.063  1
RGI60-12.00203     0.06916   42.632655   43.644990   -0.679    0.510  1
RGI60-12.01489     0.06908   42.473741   45.279770   -0.587    0.384  1
RGI60-12.00176     0.06899   42.584982   43.916232    0.051    0.301  1
RGI60-12.00274     0.06891   43.207019   42.235980    0.107    0.324  1
RGI60-12.00685     0.06890   43.214963   42.028642   -0.472    0.403  1
RGI60-12.00986     0.06886   43.023678   43.218530   -0.174    0.387  1
RGI60-12.01481     0.06870   42.496239   45.272672   -0.453    0.312  1
RGI60-12.00060     0.06857   42.767147   44.044629    0.209    0.526  1
RGI60-12.01612     0.06850   41.210579   47.888368    0.017    0.281  1
RGI60-12.00637     0.06844   43.210707   42.485843   -1.225    0.638  1
RGI60-12.01848     0.06842   36.341411   50.966138   -0.012    0.282  1
RGI60-12.01634     0.06835   43.787569   40.216512   -0.766    0.463  1
RGI60-12.01271     0.06835   43.160182   42.118190   -0.714    0.337  1
RGI60-12.00885     0.06834   43.405772   41.152832   -4.756    1.894  1
RGI60-12.01043     0.06820   42.542661   43.916034   -0.587    0.469  1
RGI60-12.01450     0.06819   42.476409   45.734284    0.127    0.424  1
RGI60-12.00726     0.06811   43.203491   42.040919   -0.389    0.452  1
RGI60-12.00107     0.06809   42.926038   42.507859   -0.142    0.364  1
RGI60-12.01111     0.06798   43.306127   42.524230   -1.013    0.527  1
RGI60-12.00215     0.06792   43.033483   42.942585   -1.484    0.743  1
RGI60-12.01674     0.06784   42.802601   42.222268   -0.191    0.245  1
RGI60-12.00244     0.06784   43.321044   42.371953   -0.134    0.233  1
RGI60-12.00460     0.06784   43.266914   41.590252   -0.544    0.421  1
RGI60-12.00274     0.06767   43.219808   42.305562   -0.508    0.361  1
RGI60-12.01672     0.06752   42.834299   42.173988   -0.376    0.365  1
RGI60-12.01167     0.06751   43.151256   42.353013   -0.713    0.458  1
RGI60-12.01610     0.06747   41.282789   47.976636    0.119    0.467  1
RGI60-12.00448     0.06744   43.420948   41.592376   -0.124    0.417  1
RGI60-12.01140     0.06740   42.690441   44.269954   -0.009    0.248  1
RGI60-12.00082     0.06732   43.311351   42.081811    0.055    0.254  1
RGI60-12.01294     0.06730   43.277154   42.042978   -0.263    0.451  1
RGI60-12.01576     0.06712   41.900653   47.080073   -0.394    0.473  1
RGI60-12.01039     0.06708   42.743164   44.321129   -0.009    0.289  1
RGI60-12.01821     0.06702   35.965968   52.123400   -0.001    0.317  1
RGI60-12.00245     0.06693   43.266029   41.981527   -0.240    0.359  1
RGI60-12.00179     0.06689   43.190805   41.703365    0.167    0.435  1
RGI60-12.00851     0.06683   43.087970   43.193385   -0.620    0.454  1
RGI60-12.01167     0.06664   43.181989   42.367898   -0.405    0.331  1
RGI60-12.01732     0.06661   32.379072   50.071350    0.229    0.517  1
RGI60-12.00706     0.06659   43.203921   41.961417   -0.641    0.458  1
RGI60-12.00740     0.06656   42.865228   43.486727   -0.736    0.505  1
RGI60-12.00987     0.06649   42.848956   43.742308   -0.578    0.359  1
RGI60-12.00905     0.06645   42.765326   43.929621   -0.673    0.429  1
RGI60-12.01244     0.06641   42.526302   44.009190   -0.035    0.523  1
RGI60-12.01054     0.06639   43.220394   42.934098   -1.082    0.607  1
RGI60-12.01457     0.06639   42.503944   45.823892   -0.419    0.393  1
RGI60-12.01037     0.06639   43.190838   41.956644   -1.084    0.556  1
RGI60-12.01526     0.06630   42.150164   46.518375   -0.228    0.272  1
RGI60-12.00307     0.06624   42.855033   43.574638   -0.127    0.407  1
RGI60-12.01346     0.06622   38.937504   42.826254   -0.047    0.314  1
RGI60-12.01814     0.06600   34.668203   48.484156    0.161    0.246  1
RGI60-12.00721     0.06588   43.339844   42.571225   -0.853    0.562  1
RGI60-12.00196     0.06588   43.082885   42.903563   -0.041    0.355  1
RGI60-12.00968     0.06587   43.086604   43.333481   -0.504    0.430  1
RGI60-12.00364     0.06564   42.958618   43.278355    0.318    0.579  1
RGI60-12.00203     0.06563   42.609372   43.748595   -1.008    0.573  1
RGI60-12.00858     0.06563   43.331975   42.385358   -0.437    0.357  1
RGI60-12.00929     0.06542   43.289257   41.206588   -0.333    0.504  1
RGI60-12.00964     0.06542   43.149981   42.092158   -0.961    0.448  1
RGI60-12.01339     0.06539   39.463481   39.297673    0.032    0.367  1
RGI60-12.00851     0.06539   43.100650   43.201671   -0.187    0.364  1
RGI60-12.00366     0.06535   43.267810   42.232787   -0.140    0.339  1
RGI60-12.00257     0.06528   43.218325   42.137628   -0.272    0.465  1
RGI60-12.01444     0.06528   42.510263   45.696920   -0.017    0.534  1
RGI60-12.00274     0.06524   43.208757   42.287673    0.246    0.394  1
RGI60-12.00822     0.06520   42.773310   43.817918    0.024    0.743  1
RGI60-12.00060     0.06518   42.767559   44.036234    0.013    0.445  1
RGI60-12.00857     0.06518   43.388169   41.517086   -0.574    0.397  1
RGI60-12.01207     0.06515   43.065292   43.269508   -0.784    0.594  1
RGI60-12.01184     0.06510   43.165174   42.504428   -0.360    0.306  1
RGI60-12.00721     0.06508   43.401194   42.662427   -0.386    0.434  1
RGI60-12.00282     0.06503   43.260578   41.730789   -0.361    0.466  1
RGI60-12.01862     0.06490   36.324664   50.714267   -0.133    0.334  1
RGI60-12.01663     0.06490   43.565752   40.660898   -0.954    0.757  1
RGI60-12.00448     0.06487   43.409933   41.581599    0.072    0.368  1
RGI60-12.00179     0.06485   43.189746   41.690168   -0.462    0.355  1
RGI60-12.01603     0.06480   41.204093   47.727347    0.200    0.286  1
RGI60-12.01610     0.06460   41.262792   47.986672   -0.173    0.291  1
RGI60-12.00300     0.06452   43.273237   42.411846   -0.248    0.298  1
RGI60-12.00964     0.06449   43.128067   42.083404   -0.865    0.538  1
RGI60-12.01622     0.06445   43.791094   40.215408   -0.674    0.471  1
RGI60-12.00689     0.06432   43.327549   42.522157   -0.465    0.446  1
RGI60-12.01718     0.06422   32.278481   50.110263   -0.255    0.241  1
RGI60-12.01397     0.06414   42.668716   44.757163   -1.237    0.795  1
RGI60-12.00987     0.06396   42.861806   43.732866   -0.776    0.572  1
RGI60-12.00008     0.06370   43.096752   43.241524   -0.666    0.471  1
RGI60-12.00868     0.06368   43.277055   41.891382   -0.607    0.355  1
RGI60-12.00800     0.06365   42.994835   43.056356    0.018    0.256  1
RGI60-12.01106     0.06357   42.754173   43.873236   -0.334    0.540  1
RGI60-12.01197     0.06352   42.892750   42.769508   -0.423    0.437  1
RGI60-12.00466     0.06349   42.755849   44.276093   -0.077    0.341  1
RGI60-12.00600     0.06346   43.275316   42.810112   -0.020    0.453  1
RGI60-12.01294     0.06338   43.265786   42.094001   -0.087    0.346  1
RGI60-12.01046     0.06338   43.178181   42.575367   -0.273    0.433  1
RGI60-12.01566     0.06330   41.961753   46.929285   -0.024    0.434  1
RGI60-12.01622     0.06319   43.831402   40.158355   -0.543    0.966  1
RGI60-12.01591     0.06318   41.896327   46.884584   -0.838    0.591  1
RGI60-12.01666     0.06317   43.724765   40.436438   -1.100    0.536  1
RGI60-12.01603     0.06308   41.207862   47.728497   -0.473    0.393  1
RGI60-12.01513     0.06307   42.277702   46.299982    0.012    0.400  1
RGI60-12.01013     0.06307   42.615236   44.171054   -0.165    0.382  1
RGI60-12.00905     0.06303   42.758946   43.937010   -0.596    0.393  1
RGI60-12.00366     0.06300   43.274663   42.214073   -0.647    0.447  1
RGI60-12.00654     0.06299   43.350459   41.735991   -0.088    0.486  1
RGI60-12.01576     0.06294   41.893223   47.084581   -0.021    0.358  1
RGI60-12.00407     0.06289   43.224894   41.580890   -0.417    0.397  1
RGI60-12.01694     0.06281   30.945423   51.449012   -0.741    0.597  1
RGI60-12.01483     0.06278   42.478091   45.283297   -0.037    0.367  1
RGI60-12.00924     0.06275   42.910752   42.610908    0.008    0.299  1
RGI60-12.00876     0.06272   43.208910   42.422015   -0.845    0.525  1
RGI60-12.01231     0.06265   43.161477   42.221943   -0.569    0.405  1
RGI60-12.00654     0.06260   43.366384   41.868871   -0.171    0.345  1
RGI60-12.01567     0.06245   41.937094   46.958941   -0.522    0.401  1
RGI60-12.00448     0.06241   43.393560   41.605314    0.451    0.518  1
RGI60-12.00216     0.06241   43.222762   42.414377   -0.131    0.355  1
RGI60-12.01156     0.06235   42.845785   43.610454   -0.190    0.351  1
RGI60-12.01616     0.06223   41.168761   47.978419   -0.155    0.336  1
RGI60-12.01824     0.06211   35.959469   52.106931   -0.008    0.332  1
RGI60-12.01074     0.06208   43.187415   42.750095   -0.513    0.498  1
RGI60-12.01681     0.06207   42.722570   43.178461   -0.280    0.510  1
RGI60-12.00372     0.06197   43.240176   41.708894   -0.663    0.446  1
RGI60-12.00851     0.06179   43.086376   43.246236   -1.670    0.802  1
RGI60-12.00030     0.06175   43.200193   41.862859   -1.732    0.909  1
RGI60-12.00198     0.06172   43.384714   42.398513   -0.316    0.377  1
RGI60-12.00929     0.06164   43.289226   41.197468   -0.360    0.339  1
RGI60-12.00600     0.06160   43.285855   42.850678   -0.616    0.489  1
RGI60-12.01675     0.06158   42.779864   42.244432   -0.358    0.393  1
RGI60-12.01674     0.06153   42.830663   42.202066   -1.293    0.699  1
RGI60-12.00640     0.06150   43.442445   41.118716   -0.110    0.887  1
RGI60-12.00587     0.06147   43.203010   41.944339   -0.566    0.446  1
RGI60-12.00851     0.06145   43.115298   43.194501   -0.539    0.734  1
RGI60-12.01401     0.06141   42.635408   44.757982   -0.198    0.326  1
RGI60-12.01840     0.06140   36.067236   51.510423   -0.193    0.246  1
RGI60-12.01268     0.06136   42.916131   43.270160   -0.139    0.399  1
RGI60-12.00858     0.06128   43.332384   42.389901   -0.176    0.396  1
RGI60-12.00401     0.06125   42.763038   44.324486   -0.020    0.335  1
RGI60-12.01244     0.06113   42.523381   44.002547   -0.307    0.401  1
RGI60-12.01421     0.06106   42.600611   45.017413   -0.091    0.359  1
RGI60-12.00723     0.06101   42.685981   44.395138   -0.143    0.303  1
RGI60-12.00194     0.06095   43.308939   41.528601   -0.593    0.396  1
RGI60-12.01256     0.06092   43.207102   41.846569   -0.378    0.459  1
RGI60-12.01784     0.06092   32.388147   50.076360    0.109    0.386  1
RGI60-12.00563     0.06079   43.155700   41.828053   -0.526    0.362  1
RGI60-12.00723     0.06077   42.705733   44.351423   -0.245    0.389  1
RGI60-12.01263     0.06075   42.846598   43.662141   -0.579    0.458  1
RGI60-12.01115     0.06066   43.277555   42.587293   -0.259    0.362  1
RGI60-12.00436     0.06064   42.938829   42.479397   -0.485    0.515  1
RGI60-12.01347     0.06062   38.933629   42.819826   -0.113    0.309  1
RGI60-12.00182     0.06061   42.876557   43.421285   -0.176    0.409  1
RGI60-12.00470     0.06050   43.133760   42.865192   -0.620    0.520  1
RGI60-12.00661     0.06042   43.362673   41.324931   -0.225    0.494  1
RGI60-12.01106     0.06040   42.743361   43.864612   -0.130    0.429  1
RGI60-12.01013     0.06032   42.605932   44.265222   -0.041    0.362  1
RGI60-12.00946     0.06026   43.048433   43.093210   -0.517    0.447  1
RGI60-12.00894     0.06011   43.248520   42.711797   -0.651    0.500  1
RGI60-12.01432     0.06008   42.546736   45.528159   -0.744    0.511  1
RGI60-12.00236     0.06007   43.256349   42.348727   -0.612    0.312  1
RGI60-12.00079     0.06006   43.386295   41.156352   -1.468    0.849  1
RGI60-12.01377     0.05998   42.530875   44.788161    0.344    0.327  1
RGI60-12.00986     0.05985   43.018899   43.173466   -0.545    0.669  1
RGI60-12.00194     0.05978   43.328525   41.588573   -0.827    0.554  1
RGI60-12.00105     0.05977   42.795843   43.789410   -0.556    0.751  1
RGI60-12.00959     0.05966   43.182616   42.576787   -1.131    0.516  1
RGI60-12.00436     0.05951   42.909997   42.482759   -0.122    0.459  1
RGI60-12.00740     0.05937   42.854888   43.465735   -0.496    0.402  1
RGI60-12.01418     0.05933   42.695249   45.069276   -0.068    0.349  1
RGI60-12.01610     0.05929   41.278587   47.950301   -0.076    0.314  1
RGI60-12.01610     0.05927   41.283274   47.978129   -0.033    0.488  1
RGI60-12.00819     0.05926   43.312160   42.905046   -0.133    0.433  1
RGI60-12.01120     0.05917   43.143093   42.659041   -0.541    0.680  1
RGI60-12.01208     0.05915   42.543341   43.905173   -0.183    0.402  1
RGI60-12.00927     0.05915   43.130916   43.112096    0.619    0.549  1
RGI60-12.01167     0.05893   43.179543   42.363575   -0.433    0.310  1
RGI60-12.00689     0.05882   43.317761   42.556158   -0.094    0.310  1
RGI60-12.00864     0.05877   42.907388   43.380930   -0.236    0.387  1
RGI60-12.00041     0.05874   42.915049   43.418906   -0.240    0.340  1
RGI60-12.00706     0.05864   43.200510   41.958318   -0.688    0.507  1
RGI60-12.00096     0.05848   42.915655   43.291655   -0.479    0.323  1
RGI60-12.00695     0.05842   43.089320   42.119491   -0.923    0.520  1
RGI60-12.01377     0.05841   42.541798   44.789865   -0.048    0.358  1
RGI60-12.01008     0.05839   42.752682   43.714372   -0.998    0.626  1
RGI60-12.01663     0.05838   43.551126   40.680430   -1.424    0.831  1
RGI60-12.01614     0.05831   41.181441   47.986198   -0.954    0.547  1
RGI60-12.00510     0.05831   42.954148   43.168653   -0.509    0.614  1
RGI60-12.00036     0.05828   43.209901   41.618016   -0.330    0.492  1
RGI60-12.00203     0.05827   42.593827   43.739053   -0.778    0.541  1
RGI60-12.01610     0.05822   41.271943   48.014920   -0.086    0.305  1
RGI60-12.01074     0.05822   43.239998   42.757998   -0.643    0.411  1
RGI60-12.00510     0.05815   42.954179   43.144344   -0.305    0.511  1
RGI60-12.01436     0.05804   42.537950   45.611164    0.008    0.511  1
RGI60-12.00657     0.05795   43.168192   41.816327   -0.435    0.427  1
RGI60-12.00600     0.05794   43.252656   42.832508   -1.368    0.764  1
RGI60-12.01642     0.05794   43.772594   40.376733    1.542    0.905  1
RGI60-12.00096     0.05793   42.941693   43.291159   -1.163    0.666  1
RGI60-12.01754     0.05786   32.426054   50.022747   -0.135    0.273  1
RGI60-12.00060     0.05784   42.727617   44.035367   -0.400    0.332  1
RGI60-12.01487     0.05782   42.469613   45.319105   -0.333    0.309  1
RGI60-12.00661     0.05781   43.355629   41.278609   -0.322    0.475  1
RGI60-12.00851     0.05777   43.078394   43.241266   -0.405    0.558  1
RGI60-12.00383     0.05770   42.737315   44.040018   -0.483    0.538  1
RGI60-12.01208     0.05769   42.571276   43.914521   -0.468    0.385  1
RGI60-12.01214     0.05766   43.172076   42.920597   -0.646    0.553  1
RGI60-12.01675     0.05764   42.779156   42.240534   -0.629    0.472  1
RGI60-12.00404     0.05759   43.365153   41.599026   -1.208    0.652  1
RGI60-12.00096     0.05757   42.935668   43.285058   -1.244    0.640  1
RGI60-12.00740     0.05755   42.885462   43.464063   -0.479    0.440  1
RGI60-12.01614     0.05751   41.175494   47.895523   -0.705    0.361  1
RGI60-12.00816     0.05750   43.140760   42.717549   -0.435    0.370  1
RGI60-12.01377     0.05749   42.534667   44.772523   -0.253    0.389  1
RGI60-12.00721     0.05745   43.378168   42.583132   -0.308    0.373  1
RGI60-12.01377     0.05745   42.551718   44.791942   -0.051    0.377  1
RGI60-12.01028     0.05744   43.066285   42.257128   -0.416    0.378  1
RGI60-12.00465     0.05735   43.166279   42.473708    0.109    0.327  1
RGI60-12.00942     0.05732   43.426487   40.977221   -1.660    0.753  1
RGI60-12.00097     0.05726   42.942407   43.550481   -0.413    0.379  1
RGI60-12.01870     0.05723   36.508031   50.700278   -0.108    0.370  1
RGI60-12.00244     0.05721   43.359294   42.299658   -0.337    0.435  1
RGI60-12.00918     0.05716   43.245437   42.467729   -0.958    0.587  1
RGI60-12.00657     0.05715   43.162680   41.796937   -0.601    0.476  1
RGI60-12.00273     0.05708   42.984099   41.902791   -0.825    0.558  1
RGI60-12.00905     0.05707   42.800922   43.849357   -0.430    0.526  1
RGI60-12.00457     0.05707   43.219911   42.256195   -0.418    0.382  1
RGI60-12.01517     0.05704   42.279352   46.154581    0.016    0.388  1
RGI60-12.00515     0.05704   43.399199   41.095219   -1.095    0.838  1
RGI60-12.01428     0.05702   42.548589   45.295757    0.151    0.445  1
RGI60-12.01663     0.05696   43.554814   40.678038   -2.093    1.064  1
RGI60-12.00681     0.05693   43.152651   42.535278   -0.572    0.426  1
RGI60-12.00857     0.05693   43.429782   41.416897   -0.717    0.520  1
RGI60-12.01681     0.05687   42.713255   43.187388   -1.303    0.862  1
RGI60-12.01511     0.05672   42.300403   46.273451    0.021    0.279  1
RGI60-12.00105     0.05670   42.792794   43.804452   -0.054    0.542  1
RGI60-12.01658     0.05659   43.672931   40.592787   -0.108    0.488  1
RGI60-12.01828     0.05654   35.965307   52.094434    0.241    0.300  1
RGI60-12.01535     0.05651   42.165039   46.540057    0.060    0.375  1
RGI60-12.00095     0.05647   43.176032   42.950318   -0.328    0.482  1
RGI60-12.01035     0.05642   43.264581   41.321544   -0.498    0.552  1
RGI60-12.00905     0.05622   42.794122   43.843162   -0.027    0.507  1
RGI60-12.00461     0.05620   43.261225   42.350440   -0.170    0.331  1
RGI60-12.00726     0.05612   43.164779   42.015839   -0.530    0.466  1
RGI60-12.01291     0.05611   43.213195   41.794900   -0.515    0.429  1
RGI60-12.01675     0.05606   42.753163   42.254232    0.130    0.278  1
RGI60-12.01551     0.05605   42.013337   46.810973   -0.911    0.614  1
RGI60-12.00428     0.05600   43.046653   43.143498   -0.600    0.569  1
RGI60-12.01028     0.05596   43.072588   42.268325    0.063    0.375  1
RGI60-12.00829     0.05594   42.741790   44.409398   -0.053    0.426  1
RGI60-12.00855     0.05588   43.122440   42.505383   -0.294    0.329  1
RGI60-12.01320     0.05582   38.533834   35.443873   -0.239    0.466  1
RGI60-12.00864     0.05580   42.914888   43.387479   -0.434    0.480  1
RGI60-12.01378     0.05575   42.616345   44.833751   -0.404    0.415  1
RGI60-12.00271     0.05574   42.979981   43.393364   -0.859    0.533  1
RGI60-12.01383     0.05572   42.652661   44.724077   -0.488    0.472  1
RGI60-12.00307     0.05571   42.869368   43.561328    0.645    0.497  1
RGI60-12.00959     0.05558   43.175812   42.572357   -2.124    0.959  1
RGI60-12.01239     0.05550   43.199926   42.903612   -0.866    0.556  1
RGI60-12.00300     0.05545   43.265717   42.410240   -0.015    0.295  1
RGI60-12.00362     0.05544   42.934786   42.518044   -0.544    0.509  1
RGI60-12.01664     0.05529   43.617178   40.670176    0.396    0.594  1
RGI60-12.00109     0.05527   43.312446   41.916047   -0.747    0.416  1
RGI60-12.01430     0.05518   42.550987   45.411602   -1.447    0.754  1
RGI60-12.00487     0.05497   43.491932   40.835111   -0.899    0.698  1
RGI60-12.01551     0.05495   41.958392   46.807061   -0.580    0.424  1
RGI60-12.00338     0.05489   42.986560   43.382554   -0.243    0.457  1
RGI60-12.01420     0.05488   42.632652   45.052284   -0.736    0.464  1
RGI60-12.01447     0.05487   42.484218   45.698987   -0.590    0.486  1
RGI60-12.00565     0.05469   43.259798   42.961490    0.038    0.409  1
RGI60-12.00251     0.05467   42.678504   44.689357   -0.361    0.458  1
RGI60-12.01673     0.05466   42.831336   42.182581   -0.099    0.237  1
RGI60-12.01576     0.05457   41.898188   47.085668   -0.779    0.541  1
RGI60-12.00912     0.05457   42.742547   43.849253   -0.156    0.520  1
RGI60-12.00082     0.05446   43.296652   42.119192   -0.033    0.361  1
RGI60-12.00460     0.05445   43.269071   41.533920   -0.340    0.377  1
RGI60-12.00415     0.05435   43.093893   42.071119   -0.334    0.435  1
RGI60-12.00009     0.05434   43.307002   41.444675   -0.071    0.574  1
RGI60-12.01028     0.05431   43.070015   42.264352   -0.604    0.473  1
RGI60-12.00688     0.05427   42.753152   43.774961    0.050    0.433  1
RGI60-12.00105     0.05423   42.807982   43.782001   -0.316    0.317  1
RGI60-12.00251     0.05413   42.676066   44.697346    0.033    0.619  1
RGI60-12.00800     0.05412   42.979534   43.073764    0.020    0.427  1
RGI60-12.00999     0.05402   43.332627   42.528201   -0.138    0.350  1
RGI60-12.01862     0.05398   36.322297   50.709211   -0.182    0.329  1
RGI60-12.00864     0.05379   42.889610   43.397831   -0.029    0.409  1
RGI60-12.00689     0.05376   43.297390   42.519280   -0.398    0.450  1
RGI60-12.00876     0.05372   43.213789   42.426787   -0.608    0.511  1
RGI60-12.00656     0.05367   43.071978   42.994786   -0.193    0.441  1
RGI60-12.01241     0.05365   42.922943   43.178180   -0.519    0.505  1
RGI60-12.01436     0.05355   42.556279   45.589297   -4.887    1.914  1
RGI60-12.01756     0.05350   32.416985   50.020360   -0.334    0.475  1
RGI60-12.01092     0.05348   42.929476   43.582076   -1.047    0.562  1
RGI60-12.00587     0.05344   43.215110   41.977217   -0.349    0.380  1
RGI60-12.01829     0.05343   35.968396   52.130520    0.042    0.302  1
RGI60-12.00436     0.05340   42.943489   42.500122   -0.523    0.458  1
RGI60-12.01299     0.05338   42.724227   44.487056   -0.190    0.376  1
RGI60-12.01197     0.05335   42.886119   42.762894   -1.927    0.913  1
RGI60-12.01428     0.05334   42.576171   45.317734   -0.423    0.530  1
RGI60-12.00179     0.05325   43.197641   41.682406   -0.362    0.432  1
RGI60-12.01214     0.05323   43.134429   42.920253   -0.042    0.386  1
RGI60-12.00712     0.05318   43.362082   41.431014   -0.796    0.447  1
RGI60-12.00634     0.05318   43.266986   42.226908   -0.629    0.539  1
RGI60-12.01045     0.05317   43.238867   42.753097   -0.261    0.412  1
RGI60-12.00949     0.05315   42.689618   44.538669   -0.417    0.394  1
RGI60-12.00661     0.05312   43.362635   41.316316   -0.064    0.485  1
RGI60-12.00953     0.05306   42.696034   44.284449    0.289    0.378  1
RGI60-12.01318     0.05306   37.515580   43.893678   -0.364    0.523  1
RGI60-12.01420     0.05303   42.635034   45.038607   -0.017    0.321  1
RGI60-12.01039     0.05302   42.720112   44.314321   -0.272    0.307  1
RGI60-12.01742     0.05297   32.361406   50.084194   -0.066    0.374  1
RGI60-12.01419     0.05297   42.672853   45.063823   -0.391    0.362  1
RGI60-12.00726     0.05282   43.220992   42.023805   -0.533    0.541  1
RGI60-12.00967     0.05282   43.084895   42.840770   -0.306    0.396  1
RGI60-12.01373     0.05276   42.713755   43.455676   -0.080    0.416  1
RGI60-12.01700     0.05275   32.337906   50.098832   -0.621    0.468  1
RGI60-12.01191     0.05268   43.320994   42.538637   -0.057    0.254  1
RGI60-12.01037     0.05266   43.196553   41.872266   -0.863    0.774  1
RGI60-12.01786     0.05260   32.398845   50.083404   -0.090    0.296  1
RGI60-12.01674     0.05260   42.806331   42.225652   -0.905    0.640  1
RGI60-12.01664     0.05253   43.628846   40.776411    0.974    0.874  1
RGI60-12.00646     0.05245   43.326465   42.653726   -0.346    0.391  1
RGI60-12.01852     0.05244   36.336740   50.986521   -0.869    0.500  1
RGI60-12.01268     0.05232   42.905509   43.293733   -1.047    0.665  1
RGI60-12.01610     0.05224   41.261497   48.001017    0.057    0.272  1
RGI60-12.01340     0.05214   39.462390   39.294860   -0.241    0.400  1
RGI60-12.00154     0.05201   43.250569   41.394806   -0.052    0.617  1
RGI60-12.01636     0.05201   43.762102   40.261110   -1.172    0.670  1
RGI60-12.00912     0.05200   42.718031   43.842074   -0.334    0.446  1
RGI60-12.00727     0.05197   43.112250   42.885335   -0.268    0.429  1
RGI60-12.01600     0.05194   41.843121   46.951422   -0.678    0.572  1
RGI60-12.01397     0.05191   42.676671   44.754470   -0.214    0.963  1
RGI60-12.01879     0.05191   38.256611   47.808280   -0.291    0.347  1
RGI60-12.00510     0.05190   42.970700   43.116323    0.042    0.382  1
RGI60-12.00099     0.05189   43.340157   42.557313   -0.273    0.274  1
RGI60-12.00383     0.05180   42.733619   44.040210    0.124    0.384  1
RGI60-12.00879     0.05170   43.089167   42.941429   -0.815    0.554  1
RGI60-12.01263     0.05165   42.804732   43.696378   -0.567    0.521  1
RGI60-12.00236     0.05162   43.234900   42.348164    0.015    0.272  1
RGI60-12.00230     0.05152   42.608243   43.848511   -0.529    0.413  1
RGI60-12.01035     0.05140   43.345347   41.283724   -0.125    0.537  1
RGI60-12.00030     0.05139   43.202362   41.858861   -1.866    0.937  1
RGI60-12.00105     0.05137   42.794691   43.753132    0.078    0.694  1
RGI60-12.01724     0.05134   32.306031   50.111979   -0.190    0.276  1
RGI60-12.00721     0.05129   43.375950   42.589810   -0.215    0.419  1
RGI60-12.00855     0.05125   43.122486   42.550974   -0.255    0.384  1
RGI60-12.00362     0.05119   42.915896   42.482435   -0.116    0.396  1
RGI60-12.00441     0.05114   43.210888   42.565896    0.011    0.302  1
RGI60-12.01009     0.05113   43.258695   42.410512   -0.818    0.517  1
RGI60-12.01260     0.05110   43.111427   42.546709   -0.251    0.456  1
RGI60-12.01610     0.05109   41.269818   48.017514   -0.246    0.314  1
RGI60-12.01642     0.05099   43.772039   40.376786    1.756    1.004  1
RGI60-12.00248     0.05099   43.312436   42.946763    0.162    0.372  1
RGI60-12.00800     0.05098   43.015890   43.027273   -0.327    0.516  1
RGI60-12.01300     0.05082   42.725801   44.525927   -0.765    0.573  1
RGI60-12.00562     0.05080   42.989471   41.831886   -0.713    0.484  1
RGI60-12.00132     0.05070   42.677886   44.387248   -0.090    0.340  1
RGI60-12.00040     0.05067   43.249811   41.602556   -0.014    0.448  1
RGI60-12.00468     0.05059   43.286834   42.818683   -0.392    0.472  1
RGI60-12.00634     0.05054   43.288021   42.288837   -0.885    0.562  1
RGI60-12.01675     0.05043   42.785679   42.259003   -0.363    0.659  1
RGI60-12.00248     0.05034   43.287872   42.922372   -0.204    0.284  1
RGI60-12.01291     0.05031   43.208478   41.817901   -0.109    0.334  1
RGI60-12.00912     0.05026   42.737637   43.840880   -0.529    0.561  1
RGI60-12.00770     0.05018   43.100260   43.207631    0.677    0.580  1
RGI60-12.00447     0.05017   42.765147   43.702258   -0.373    0.418  1
RGI60-12.01397     0.05016   42.666540   44.775990    0.346    0.457  1
RGI60-12.01191     0.05009   43.318680   42.543779   -0.206    0.310  1
RGI60-12.01871     0.04996   36.513596   50.730383    0.283    0.430  1
RGI60-12.00440     0.04993   43.338731   41.825198   -0.209    0.312  1
RGI60-12.00244     0.04993   43.338298   42.335143   -0.402    0.467  1
RGI60-12.01483     0.04992   42.488174   45.269976   -0.161    0.384  1
RGI60-12.01268     0.04984   42.904323   43.304973   -0.243    0.385  1
RGI60-12.01547     0.04983   41.957830   46.709708   -0.189    0.380  1
RGI60-12.00726     0.04975   43.215350   42.008215   -0.177    0.338  1
RGI60-12.00307     0.04967   42.866822   43.537679   -0.353    0.617  1
RGI60-12.01851     0.04964   36.344929   50.961581   -0.223    0.418  1
RGI60-12.00662     0.04949   43.232698   42.169459   -0.307    0.424  1
RGI60-12.01584     0.04945   41.889153   47.144217   -1.423    0.826  1
RGI60-12.00990     0.04940   42.950330   42.537870   -0.784    0.517  1
RGI60-12.01391     0.04936   42.704083   44.747032   -0.121    0.459  1
RGI60-12.01383     0.04924   42.618026   44.761184    0.286    0.354  1
RGI60-12.00109     0.04923   43.314923   41.919723   -0.587    0.475  1
RGI60-12.01815     0.04914   34.671439   48.477814    0.103    0.231  1
RGI60-12.00858     0.04913   43.279193   42.404520    0.159    0.255  1
RGI60-12.00097     0.04910   42.946154   43.545533   -0.086    0.578  1
RGI60-12.00822     0.04895   42.769297   43.798089   -0.940    0.624  1
RGI60-12.00380     0.04882   43.171247   42.179396   -0.071    0.443  1
RGI60-12.00361     0.04877   42.891606   42.697998   -0.660    0.586  1
RGI60-12.01622     0.04875   43.810986   40.180900   -0.116    0.442  1
RGI60-12.00072     0.04869   43.209853   42.273554   -0.889    0.510  1
RGI60-12.01674     0.04862   42.825374   42.196324   -0.035    0.299  1
RGI60-12.01605     0.04861   41.191261   47.740959   -0.166    0.336  1
RGI60-12.01437     0.04857   42.525907   45.600185   -1.219    0.833  1
RGI60-12.00562     0.04856   42.985493   41.851508   -1.020    0.633  1
RGI60-12.01695     0.04855   30.946517   51.444618   -0.042    0.276  1
RGI60-12.00317     0.04848   42.705614   44.391506    0.271    0.408  1
RGI60-12.01268     0.04846   42.939253   43.282704   -0.496    0.613  1
RGI60-12.01554     0.04841   41.967842   46.799715   -1.009    0.692  1
RGI60-12.01610     0.04841   41.284340   47.960629   -0.404    0.419  1
RGI60-12.00936     0.04839   43.014074   43.189386   -0.083    0.383  1
RGI60-12.00159     0.04839   43.165218   42.201070   -0.820    0.611  1
RGI60-12.01648     0.04838   43.741441   40.522206   -0.659    0.518  1
RGI60-12.01406     0.04824   42.732076   44.871833    0.033    0.547  1
RGI60-12.01106     0.04823   42.746262   43.918716   -0.637    0.449  1
RGI60-12.00740     0.04815   42.896395   43.493498   -0.111    0.381  1
RGI60-12.01458     0.04815   42.507432   45.828891   -0.695    0.605  1
RGI60-12.00664     0.04812   43.116290   42.853699   -0.009    0.618  1
RGI60-12.01473     0.04808   42.494576   45.649711   -0.356    0.547  1
RGI60-12.01544     0.04807   42.023490   46.652115   -1.215    0.715  1
RGI60-12.00640     0.04801   43.463945   41.102082   -0.336    0.463  1
RGI60-12.01612     0.04797   41.219514   47.886519   -0.082    0.371  1
RGI60-12.00547     0.04791   43.230828   41.866755   -0.446    0.569  1
RGI60-12.00640     0.04780   43.441266   41.112165   -2.102    1.124  1
RGI60-12.01383     0.04776   42.615335   44.744426    0.341    0.318  1
RGI60-12.00876     0.04775   43.185512   42.384036   -0.552    0.445  1
RGI60-12.00753     0.04775   43.412670   41.246112   -0.380    0.812  1
RGI60-12.00858     0.04770   43.329905   42.365083    0.152    0.298  1
RGI60-12.00098     0.04754   43.208531   42.405124   -0.150    0.441  1
RGI60-12.01322     0.04749   37.306955   44.259780   -0.347    0.535  1
RGI60-12.00109     0.04745   43.269203   41.855702   -0.748    0.545  1
RGI60-12.01376     0.04742   42.700000   43.480072   -0.708    0.549  1
RGI60-12.00105     0.04739   42.793519   43.791313    0.784    0.646  1
RGI60-12.01094     0.04735   43.166466   42.484385   -0.457    0.441  1
RGI60-12.00666     0.04733   43.137813   42.785780   -1.141    0.711  1
RGI60-12.01612     0.04711   41.225181   47.820533   -0.332    0.351  1
RGI60-12.00857     0.04692   43.382783   41.517379   -0.086    0.327  1
RGI60-12.00109     0.04684   43.324974   41.921692   -0.955    0.549  1
RGI60-12.00618     0.04684   43.318332   41.843001   -0.630    0.455  1
RGI60-12.01531     0.04680   42.235453   46.489036    0.015    0.434  1
RGI60-12.00697     0.04677   42.910122   42.561753   -0.129    0.464  1
RGI60-12.00924     0.04669   42.907520   42.604301   -0.429    0.482  1
RGI60-12.01437     0.04663   42.530490   45.598498   -1.031    0.756  1
RGI60-12.00286     0.04657   43.372093   41.361870   -0.033    0.560  1
RGI60-12.01517     0.04654   42.276452   46.154013   -0.014    0.464  1
RGI60-12.00664     0.04631   43.138158   42.885683   -0.766    0.586  1
RGI60-12.00154     0.04627   43.249820   41.387955   -0.214    0.494  1
RGI60-12.00404     0.04619   43.365871   41.588854   -0.365    0.468  1
RGI60-12.01628     0.04614   43.859640   40.232011    2.473    1.500  1
RGI60-12.01110     0.04610   43.156891   43.134846   -0.245    0.649  1
RGI60-12.01483     0.04609   42.487391   45.293418   -0.041    0.390  1
RGI60-12.00688     0.04609   42.738792   43.804826   -0.145    0.563  1
RGI60-12.00244     0.04604   43.332558   42.355560   -0.160    0.349  1
RGI60-12.01300     0.04600   42.753881   44.536015    0.385    0.378  1
RGI60-12.00380     0.04597   43.175305   42.180933    0.141    0.415  1
RGI60-12.00570     0.04586   43.354380   41.845794   -0.082    0.544  1
RGI60-12.01309     0.04585   40.935530   41.215937   -0.670    0.445  1
RGI60-12.01817     0.04577   35.771656   52.227178   -0.047    0.295  1
RGI60-12.00509     0.04575   42.912806   42.555051    0.102    0.445  1
RGI60-12.00194     0.04574   43.330542   41.563638   -0.781    0.567  1
RGI60-12.00695     0.04572   43.111046   42.095356   -1.030    0.607  1
RGI60-12.00661     0.04566   43.353762   41.351593    0.216    0.561  1
RGI60-12.00240     0.04558   43.300815   42.638439   -0.445    0.459  1
RGI60-12.01263     0.04548   42.831176   43.663988   -0.523    0.469  1
RGI60-12.01300     0.04548   42.756312   44.532725   -0.509    0.603  1
RGI60-12.00457     0.04547   43.210863   42.248060   -0.054    0.264  1
RGI60-12.01704     0.04547   32.341495   50.086150   -0.389    0.498  1
RGI60-12.01299     0.04546   42.702059   44.473203   -0.021    0.302  1
RGI60-12.00989     0.04544   43.189809   42.157449   -0.840    0.542  1
RGI60-12.00082     0.04539   43.291109   42.112388    0.224    0.252  1
RGI60-12.00415     0.04530   43.088183   42.073009   -1.031    0.573  1
RGI60-12.00770     0.04530   43.118547   43.203438    0.177    0.603  1
RGI60-12.00726     0.04526   43.195225   42.067427   -0.134    0.511  1
RGI60-12.00752     0.04519   43.317015   41.467315   -0.393    0.569  1
RGI60-12.00461     0.04505   43.266378   42.361187   -0.034    0.377  1
RGI60-12.01601     0.04503   41.891244   46.870913   -0.898    0.710  1
RGI60-12.01208     0.04503   42.557494   43.949239    0.155    0.541  1
RGI60-12.00999     0.04500   43.326223   42.539577   -0.038    0.284  1
RGI60-12.01028     0.04485   43.060069   42.262214   -0.706    0.526  1
RGI60-12.00770     0.04484   43.075289   43.227915    0.329    0.620  1
RGI60-12.01327     0.04479   39.449172   39.594243    0.128    0.483  1
RGI60-12.01013     0.04478   42.607887   44.265515   -1.040    0.736  1
RGI60-12.01674     0.04473   42.822919   42.194464   -0.475    0.484  1
RGI60-12.00394     0.04473   43.156383   42.508626   -0.220    0.337  1
RGI60-12.01452     0.04469   42.484212   45.750222   -0.490    0.568  1
RGI60-12.01682     0.04469   42.535589   44.817763    0.164    0.330  1
RGI60-12.00871     0.04466   42.599080   43.745932   -0.480    0.522  1
RGI60-12.00953     0.04465   42.691815   44.246890   -0.496    0.472  1
RGI60-12.00693     0.04452   43.120930   42.319589   -0.656    0.424  1
RGI60-12.00244     0.04447   43.337416   42.331928   -0.893    0.656  1
RGI60-12.00855     0.04445   43.121305   42.518162   -0.809    0.574  1
RGI60-12.00447     0.04443   42.772436   43.674016   -0.562    0.410  1
RGI60-12.00712     0.04441   43.362377   41.401467   -0.517    0.376  1
RGI60-12.00227     0.04437   42.927073   42.474431   -0.104    0.313  1
RGI60-12.00428     0.04434   43.044589   43.145859   -0.160    0.608  1
RGI60-12.00278     0.04428   43.116948   42.889648   -0.144    0.379  1
RGI60-12.00162     0.04428   43.280568   41.208375   -0.798    0.617  1
RGI60-12.00634     0.04423   43.308625   42.215205   -0.184    0.518  1
RGI60-12.01591     0.04417   41.909960   46.883853    0.781    0.912  1
RGI60-12.01383     0.04414   42.649742   44.716375   -0.263    0.527  1
RGI60-12.00154     0.04410   43.250143   41.391552   -0.846    0.649  1
RGI60-12.01444     0.04392   42.507452   45.703543   -0.058    0.542  1
RGI60-12.00999     0.04392   43.329619   42.539106   -0.194    0.296  1
RGI60-12.00541     0.04386   42.547493   44.410658   -0.132    0.227  1
RGI60-12.01594     0.04378   41.876545   46.913406    0.836    0.958  1
RGI60-12.01436     0.04378   42.535514   45.541069   -0.138    0.331  1
RGI60-12.00618     0.04366   43.334790   41.841945   -0.140    0.276  1
RGI60-12.00986     0.04362   43.009953   43.236088   -0.376    0.399  1
RGI60-12.01674     0.04358   42.806838   42.233804   -0.847    0.609  1
RGI60-12.00726     0.04355   43.190401   42.053504   -0.456    0.504  1
RGI60-12.01208     0.04355   42.574678   43.951762   -0.265    0.396  1
RGI60-12.01080     0.04351   42.906865   42.601060   -0.719    0.558  1
RGI60-12.00816     0.04347   43.143309   42.716788   -0.205    0.473  1
RGI60-12.00109     0.04343   43.271326   41.900526   -1.578    0.845  1
RGI60-12.00562     0.04342   42.989650   41.817356   -0.560    0.481  1
RGI60-12.00448     0.04340   43.415103   41.582232    0.128    0.564  1
RGI60-12.01085     0.04336   42.732019   44.077190   -0.266    0.408  1
RGI60-12.01618     0.04333   43.986799   39.900921   -1.709    1.074  1
RGI60-12.00924     0.04332   42.913141   42.616385   -0.756    0.567  1
RGI60-12.01413     0.04324   42.691601   45.027252   -0.101    0.409  1
RGI60-12.01696     0.04321   30.960131   51.436070   -0.144    0.259  1
RGI60-12.00274     0.04311   43.209442   42.291673   -0.859    0.523  1
RGI60-12.00802     0.04306   43.245774   41.954620   -0.604    0.486  1
RGI60-12.00905     0.04300   42.816755   43.870317   -1.060    0.644  1
RGI60-12.01167     0.04297   43.161418   42.365923   -0.171    0.315  1
RGI60-12.01473     0.04294   42.490676   45.647684   -0.908    0.589  1
RGI60-12.01545     0.04290   42.016925   46.639255   -1.069    0.678  1
RGI60-12.01670     0.04286   42.799302   42.235558   -0.862    0.573  1
RGI60-12.01788     0.04284   32.395568   50.080244   -0.193    0.269  1
RGI60-12.00018     0.04282   43.228801   42.905643   -0.043    0.454  1
RGI60-12.00399     0.04280   43.366420   41.175222   -0.227    0.466  1
RGI60-12.00662     0.04280   43.216122   42.186342   -0.265    0.428  1
RGI60-12.00890     0.04277   43.246387   41.662282   -0.837    0.685  1
RGI60-12.01489     0.04276   42.468835   45.277041   -0.108    0.343  1
RGI60-12.01214     0.04275   43.115201   42.904565   -0.414    0.428  1
RGI60-12.00831     0.04268   42.794361   43.829981   -0.351    0.548  1
RGI60-12.00109     0.04268   43.291702   41.888343   -0.351    0.382  1
RGI60-12.01751     0.04267   32.421445   50.022389   -0.157    0.357  1
RGI60-12.01080     0.04265   42.915469   42.546346   -0.096    0.507  1
RGI60-12.01099     0.04262   42.939395   43.625175   -0.246    0.856  1
RGI60-12.01002     0.04259   43.240858   41.865398   -0.498    0.404  1
RGI60-12.00211     0.04252   43.120250   42.670408   -0.190    0.496  1
RGI60-12.00248     0.04252   43.269767   42.899139   -0.393    0.538  1
RGI60-12.00002     0.04250   43.201530   42.706862   -0.993    0.655  1
RGI60-12.00323     0.04250   43.236174   41.734461   -0.021    0.343  1
RGI60-12.01675     0.04239   42.757851   42.252853   -0.217    0.300  1
RGI60-12.00973     0.04231   43.235909   42.305276   -0.298    0.378  1
RGI60-12.01551     0.04231   41.965671   46.795570   -0.011    0.381  1
RGI60-12.00307     0.04217   42.866101   43.572191   -0.106    0.533  1
RGI60-12.00986     0.04212   43.015115   43.181374   -0.192    0.380  1
RGI60-12.00788     0.04210   42.595643   44.313500   -0.841    0.595  1
RGI60-12.00499     0.04206   43.092393   42.117791   -0.239    0.430  1
RGI60-12.00056     0.04189   42.670181   44.512817    0.198    0.356  1
RGI60-12.01672     0.04184   42.842278   42.190264   -0.979    0.668  1
RGI60-12.00132     0.04179   42.681863   44.385428   -0.250    0.350  1
RGI60-12.00959     0.04176   43.165524   42.596827   -0.453    0.433  1
RGI60-12.00953     0.04161   42.700226   44.226077   -0.174    0.327  1
RGI60-12.01681     0.04151   42.732078   43.161181   -0.031    0.718  1
RGI60-12.00029     0.04150   43.132465   42.112125   -0.791    0.537  1
RGI60-12.01085     0.04150   42.732636   44.036884    0.509    0.451  1
RGI60-12.00740     0.04141   42.872723   43.496435    1.324    1.051  1
RGI60-12.01692     0.04140   30.923530   51.479892   -0.415    0.354  1
RGI60-12.00082     0.04139   43.297363   42.107885   -0.318    0.343  1
RGI60-12.00999     0.04138   43.331780   42.542926   -0.450    0.589  1
RGI60-12.00001     0.04136   43.223012   42.092391   -0.639    0.599  1
RGI60-12.00688     0.04134   42.753055   43.778082   -0.179    0.551  1
RGI60-12.01654     0.04124   43.682305   40.496082   -0.822    0.659  1
RGI60-12.00792     0.04120   42.693848   44.209754   -0.193    0.307  1
RGI60-12.00194     0.04118   43.341700   41.521492   -0.269    0.635  1
RGI60-12.01238     0.04113   42.538318   44.010571   -0.676    0.616  1
RGI60-12.00432     0.04099   43.279084   41.501623   -1.174    0.789  1
RGI60-12.00460     0.04091   43.255381   41.545277   -0.053    0.432  1
RGI60-12.00524     0.04086   43.326245   41.409332   -0.108    0.506  1
RGI60-12.00541     0.04084   42.530202   44.379677    0.004    0.291  1
RGI60-12.00194     0.04070   43.330435   41.569263    0.066    0.325  1
RGI60-12.00987     0.04066   42.841874   43.765833   -0.630    0.656  1
RGI60-12.01413     0.04054   42.693024   45.032000    0.046    0.413  1
RGI60-12.00693     0.04053   43.101323   42.303174   -1.208    0.653  1
RGI60-12.01345     0.04042   39.476453   39.118275    0.146    0.551  1
RGI60-12.01551     0.04042   41.949012   46.804842   -0.697    0.580  1
RGI60-12.00045     0.04037   42.543476   43.994726   -0.135    0.395  1
RGI60-12.01533     0.04032   42.185662   46.539123   -0.423    0.444  1
RGI60-12.00529     0.04032   43.202279   42.788312   -0.154    0.464  1
RGI60-12.01373     0.04027   42.709551   43.466280   -0.691    0.587  1
RGI60-12.00203     0.04023   42.603819   43.751890   -0.884    0.698  1
RGI60-12.00831     0.04023   42.769777   43.833394   -0.604    0.715  1
RGI60-12.01474     0.04019   42.522852   45.635637    0.764    0.688  1
RGI60-12.01758     0.04019   32.428158   50.015399   -0.298    0.473  1
RGI60-12.01076     0.04017   43.191567   42.616777   -1.100    0.652  1
RGI60-12.00065     0.04017   43.166495   43.148892   -1.053    0.848  1
RGI60-12.01013     0.04015   42.609242   44.233969   -0.142    0.459  1
RGI60-12.00662     0.04010   43.220526   42.158836   -0.397    0.360  1
RGI60-12.01614     0.04007   41.240650   48.113150   -0.499    0.611  1
RGI60-12.00724     0.03998   42.712094   44.129536   -0.757    0.561  1
RGI60-12.00082     0.03993   43.313015   42.088282    0.103    0.396  1
RGI60-12.00661     0.03982   43.362527   41.361670   -1.216    0.799  1
RGI60-12.00873     0.03981   42.693114   44.389057    0.103    0.414  1
RGI60-12.01271     0.03976   43.151884   42.115933   -0.582    0.511  1
RGI60-12.00248     0.03972   43.256442   42.931899   -0.390    0.494  1
RGI60-12.01719     0.03964   32.277879   50.114754   -0.160    0.260  1
RGI60-12.01618     0.03961   43.995030   39.943521   -0.914    0.555  1
RGI60-12.01085     0.03956   42.751249   44.055907   -0.605    0.646  1
RGI60-12.00547     0.03952   43.262441   41.868044   -0.249    0.299  1
RGI60-12.01672     0.03951   42.851462   42.152085   -0.237    0.414  1
RGI60-12.00392     0.03946   42.545533   43.908494   -0.623    0.667  1
RGI60-12.01383     0.03939   42.651426   44.711222   -0.115    0.460  1
RGI60-12.00457     0.03939   43.234510   42.254405   -0.197    0.406  1
RGI60-12.01191     0.03937   43.329536   42.546412   -0.707    0.610  1
RGI60-12.01110     0.03934   43.121197   43.046333   -0.337    0.576  1
RGI60-12.01674     0.03933   42.834806   42.187156   -0.307    0.339  1
RGI60-12.01518     0.03930   41.864297   46.759028   -0.539    0.459  1
RGI60-12.00194     0.03923   43.317107   41.517852   -0.836    0.628  1
RGI60-12.01635     0.03911   43.774351   40.247767    0.093    0.530  1
RGI60-12.01670     0.03899   42.795935   42.232438   -0.944    0.586  1
RGI60-12.00702     0.03897   43.177821   42.180278   -0.249    0.444  1
RGI60-12.00087     0.03895   42.749279   44.340173   -0.347    0.534  1
RGI60-12.00111     0.03893   43.292454   41.482817   -0.462    0.557  1
RGI60-12.01466     0.03888   42.493860   45.766111    0.676    0.809  1
RGI60-12.01663     0.03883   43.523061   40.550894   -0.096    0.777  1
RGI60-12.00873     0.03882   42.689699   44.391986   -0.060    0.471  1
RGI60-12.01811     0.03874   33.295154   49.387261   -0.409    0.545  1
RGI60-12.01629     0.03866   43.829975   40.250182   -0.210    0.461  1
RGI60-12.01483     0.03866   42.482815   45.300774   -0.493    0.473  1
RGI60-12.00986     0.03864   43.012447   43.234001   -1.387    0.848  1
RGI60-12.00104     0.03864   42.986069   41.819329   -1.913    0.934  1
RGI60-12.01473     0.03864   42.522846   45.647001   -1.291    0.786  1
RGI60-12.00963     0.03861   42.844744   43.485926   -1.522    0.924  1
RGI60-12.00762     0.03858   43.044073   43.218682    0.154    0.724  1
RGI60-12.01886     0.03848   38.244088   47.804934   -0.310    0.357  1
RGI60-12.01600     0.03847   41.843114   46.954885   -0.791    0.608  1
RGI60-12.01827     0.03829   35.966001   52.090906    0.121    0.415  1
RGI60-12.01263     0.03824   42.794096   43.645270   -0.602    0.489  1
RGI60-12.00750     0.03813   42.918324   43.235999    0.496    0.579  1
RGI60-12.00510     0.03804   42.966904   43.194214    0.136    0.651  1
RGI60-12.01464     0.03803   42.491318   45.791598   -0.611    0.725  1
RGI60-12.01191     0.03801   43.315132   42.489366    0.125    0.336  1
RGI60-12.00253     0.03796   43.198259   42.625909   -0.257    0.352  1
RGI60-12.01342     0.03794   39.456254   39.288521    0.134    0.340  1
RGI60-12.00499     0.03793   43.089824   42.112968   -0.362    0.404  1
RGI60-12.00121     0.03791   43.163016   42.013395   -1.452    0.830  1
RGI60-12.01672     0.03791   42.831507   42.163312   -0.243    0.421  1
RGI60-12.01517     0.03774   42.310102   46.225902   -1.211    0.683  1
RGI60-12.01413     0.03768   42.691171   45.057803   -0.056    0.345  1
RGI60-12.00179     0.03766   43.201115   41.677031   -0.219    0.455  1
RGI60-12.01464     0.03753   42.475627   45.778818   -0.472    0.629  1
RGI60-12.00980     0.03751   42.993691   43.409582    0.000    0.718  1
RGI60-12.00268     0.03749   43.169041   42.739583   -0.209    0.397  1
RGI60-12.00528     0.03749   43.116931   42.914511   -0.653    0.500  1
RGI60-12.01612     0.03748   41.218047   47.864334    0.026    0.204  1
RGI60-12.01263     0.03747   42.806004   43.679073   -0.575    0.712  1
RGI60-12.00764     0.03744   43.318912   42.079498   -0.870    0.521  1
RGI60-12.01191     0.03743   43.323530   42.540128   -0.072    0.316  1
RGI60-12.00307     0.03743   42.857439   43.572460   -0.159    0.394  1
RGI60-12.01674     0.03739   42.812500   42.221165   -0.623    0.523  1
RGI60-12.00587     0.03726   43.219421   41.989600   -0.663    0.532  1
RGI60-12.01191     0.03726   43.331238   42.523903    0.213    0.398  1
RGI60-12.01738     0.03725   32.368631   50.086129    0.140    0.375  1
RGI60-12.01292     0.03722   42.548945   44.338848   -0.067    0.348  1
RGI60-12.01759     0.03720   32.422444   50.028304    0.256    0.515  1
RGI60-12.00082     0.03713   43.278377   42.113035   -0.298    0.389  1
RGI60-12.00942     0.03707   43.467567   40.994816   -0.720    0.785  1
RGI60-12.00565     0.03698   43.266107   42.964608    0.137    0.486  1
RGI60-12.00894     0.03696   43.241330   42.722689   -0.217    0.504  1
RGI60-12.00922     0.03695   42.864133   43.411917   -0.922    0.771  1
RGI60-12.01356     0.03691   42.782049   43.257903   -0.958    0.679  1
RGI60-12.00002     0.03686   43.188397   42.741767   -0.528    0.596  1
RGI60-12.00936     0.03678   43.010813   43.186426   -0.207    0.350  1
RGI60-12.00529     0.03675   43.167171   42.804382   -0.048    0.572  1
RGI60-12.00770     0.03673   43.088731   43.242201   -0.642    0.558  1
RGI60-12.00515     0.03664   43.396168   41.061176   -1.893    1.058  1
RGI60-12.00092     0.03661   43.286421   41.176552    0.128    0.453  1
RGI60-12.00007     0.03656   42.956068   43.522053    0.981    0.689  1
RGI60-12.01247     0.03626   43.121095   41.981581   -1.411    0.790  1
RGI60-12.01759     0.03624   32.450604   50.025068   -0.040    0.454  1
RGI60-12.00505     0.03611   43.222722   42.762746   -0.630    0.622  1
RGI60-12.00216     0.03605   43.270555   42.423008    0.107    0.387  1
RGI60-12.01654     0.03605   43.679045   40.498726    0.041    0.617  1
RGI60-12.00318     0.03605   42.984034   41.898824   -1.185    0.804  1
RGI60-12.00876     0.03605   43.211814   42.424653   -0.581    0.476  1
RGI60-12.00873     0.03602   42.666922   44.392665    0.145    0.442  1
RGI60-12.00439     0.03595   42.953491   43.511405   -0.964    0.644  1
RGI60-12.00358     0.03588   43.168775   42.821387    0.140    0.682  1
RGI60-12.00216     0.03584   43.225871   42.431545   -0.681    0.525  1
RGI60-12.01768     0.03584   32.401121   50.049506    0.187    0.518  1
RGI60-12.01658     0.03569   43.604708   40.618478   -1.156    0.823  1
RGI60-12.01674     0.03554   42.830341   42.192966   -0.274    0.317  1
RGI60-12.00953     0.03550   42.693566   44.242919   -0.274    0.488  1
RGI60-12.00724     0.03550   42.724094   44.083062    0.230    0.445  1
RGI60-12.01335     0.03550   39.463343   39.314572   -0.032    0.483  1
RGI60-12.01268     0.03549   42.914890   43.265969   -0.333    0.415  1
RGI60-12.00248     0.03547   43.265367   42.960214   -0.107    0.390  1
RGI60-12.00812     0.03547   43.298453   42.640890   -0.578    0.501  1
RGI60-12.00105     0.03539   42.794248   43.750546    0.262    0.563  1
RGI60-12.00361     0.03537   42.903881   42.649264    0.121    0.486  1
RGI60-12.01436     0.03535   42.560093   45.584262   -2.098    1.258  1
RGI60-12.01664     0.03531   43.614389   40.731708   -1.398    1.127  1
RGI60-12.00962     0.03531   42.979461   43.516059   -0.226    0.403  1
RGI60-12.00740     0.03527   42.868826   43.509559    0.520    0.892  1
RGI60-12.01049     0.03519   42.983600   43.518508   -0.433    0.599  1
RGI60-12.01674     0.03519   42.832984   42.204073   -0.727    0.709  1
RGI60-12.00194     0.03517   43.317748   41.505128   -0.479    0.550  1
RGI60-12.00831     0.03517   42.791461   43.841102    0.013    0.654  1
RGI60-12.01218     0.03516   43.375194   42.572489   -0.512    0.345  1
RGI60-12.00317     0.03515   42.699650   44.387711   -0.668    0.569  1
RGI60-12.01383     0.03491   42.630974   44.737751   -0.490    0.425  1
RGI60-12.01674     0.03490   42.820195   42.227246   -1.101    0.789  1
RGI60-12.00770     0.03484   43.107619   43.204970    0.104    0.698  1
RGI60-12.00402     0.03481   42.808335   43.690856   -0.819    0.764  1
RGI60-12.01493     0.03472   42.248916   46.141623    0.329    0.424  1
RGI60-12.00472     0.03470   43.283515   41.714489   -1.000    0.706  1
RGI60-12.00543     0.03462   43.367022   41.247072   -0.566    0.660  1
RGI60-12.00750     0.03450   42.919464   43.240102   -1.019    0.894  1
RGI60-12.01610     0.03442   41.265738   48.011372   -0.045    0.384  1
RGI60-12.01772     0.03433   32.401627   50.027754    0.207    0.439  1
RGI60-12.00603     0.03431   43.031371   43.406626    0.128    0.684  1
RGI60-12.00753     0.03430   43.423837   41.242742    0.023    0.355  1
RGI60-12.00940     0.03427   42.630028   43.727284   -1.506    0.943  1
RGI60-12.00986     0.03424   43.015731   43.242079   -0.487    0.548  1
RGI60-12.00858     0.03412   43.291494   42.395699   -0.198    0.428  1
RGI60-12.01457     0.03406   42.499837   45.816468   -0.177    0.840  1
RGI60-12.00762     0.03403   43.043560   43.210287    1.248    1.011  1
RGI60-12.01189     0.03394   43.331057   42.533654   -0.205    0.365  1
RGI60-12.00043     0.03392   43.162837   42.047028   -0.660    0.506  1
RGI60-12.00584     0.03391   42.742375   44.295481   -0.633    0.658  1
RGI60-12.01338     0.03389   39.460415   39.302100    0.278    0.366  1
RGI60-12.01717     0.03389   32.309351   50.123211   -0.093    0.295  1
RGI60-12.01622     0.03386   43.814501   40.179809   -0.408    0.603  1
RGI60-12.00740     0.03385   42.860667   43.505570   -0.643    0.587  1
RGI60-12.00176     0.03383   42.579223   43.908263    0.162    0.583  1
RGI60-12.00953     0.03377   42.695587   44.281544   -0.067    0.451  1
RGI60-12.00194     0.03360   43.336654   41.516125   -0.192    0.488  1
RGI60-12.00087     0.03360   42.751504   44.316522   -0.629    0.602  1
RGI60-12.00376     0.03358   42.656020   44.709490   -0.247    0.533  1
RGI60-12.00404     0.03351   43.384612   41.554185   -0.184    0.413  1
RGI60-12.00953     0.03346   42.687871   44.244540    0.008    0.281  1
RGI60-12.00693     0.03337   43.120333   42.328247   -0.340    0.434  1
RGI60-12.00661     0.03333   43.364426   41.365185   -0.646    0.516  1
RGI60-12.01781     0.03331   32.400768   50.071166    0.119    0.365  1
RGI60-12.01379     0.03331   42.613130   44.814114    0.078    0.324  1
RGI60-12.01208     0.03331   42.548695   43.958018   -0.517    0.611  1
RGI60-12.00864     0.03328   42.910804   43.372283   -0.369    0.486  1
RGI60-12.01418     0.03323   42.711510   45.079531    0.047    0.570  1
RGI60-12.00829     0.03317   42.752730   44.401499    0.240    0.606  1
RGI60-12.01432     0.03314   42.549189   45.517411   -0.010    0.377  1
RGI60-12.00300     0.03313   43.268410   42.410116   -0.599    0.454  1
RGI60-12.01668     0.03312   43.524423   40.536399   -0.454    0.676  1
RGI60-12.01300     0.03309   42.692532   44.526983   -0.001    0.387  1
RGI60-12.00248     0.03305   43.316578   42.948414   -0.008    0.518  1
RGI60-12.01377     0.03302   42.540599   44.776405    0.052    0.401  1
RGI60-12.01670     0.03289   42.804571   42.229275   -1.128    0.763  1
RGI60-12.01207     0.03280   43.060817   43.275357   -0.389    0.542  1
RGI60-12.01805     0.03276   33.257251   49.430599   -0.408    0.473  1
RGI60-12.01300     0.03275   42.732183   44.501005    0.041    0.434  1
RGI60-12.00985     0.03272   43.308812   42.625881   -0.368    0.402  1
RGI60-12.01189     0.03268   43.315180   42.559178   -0.140    0.482  1
RGI60-12.00703     0.03262   43.103101   42.772961   -0.083    0.376  1
RGI60-12.01775     0.03259   32.409527   50.033659   -0.225    0.552  1
RGI60-12.00399     0.03257   43.375214   41.206022    0.117    0.622  1
RGI60-12.01740     0.03256   32.368720   50.092184   -0.077    0.527  1
RGI60-12.00615     0.03251   42.691331   44.185172   -0.143    0.233  1
RGI60-12.01300     0.03250   42.729122   44.516642   -0.497    0.589  1
RGI60-12.00216     0.03250   43.229487   42.424890   -0.192    0.496  1
RGI60-12.00822     0.03247   42.768872   43.827796    0.288    0.759  1
RGI60-12.00942     0.03243   43.435415   40.977101   -2.196    1.543  1
RGI60-12.00439     0.03237   42.975530   43.505275   -0.488    0.633  1
RGI60-12.01473     0.03233   42.502321   45.673493   -0.466    0.568  1
RGI60-12.00864     0.03231   42.899142   43.336629   -0.488    0.535  1
RGI60-12.00399     0.03230   43.384284   41.174183   -0.760    0.697  1
RGI60-12.01137     0.03217   43.385844   42.484231   -0.526    0.423  1
RGI60-12.01544     0.03215   42.017491   46.651911   -0.753    0.510  1
RGI60-12.00731     0.03212   42.746831   44.177123    0.705    0.562  1
RGI60-12.00678     0.03210   42.923803   42.471307   -0.180    0.545  1
RGI60-12.01300     0.03209   42.739283   44.502255    0.059    0.475  1
RGI60-12.00587     0.03196   43.217337   41.946067   -0.652    0.439  1
RGI60-12.00603     0.03187   43.025158   43.395049   -0.134    0.441  1
RGI60-12.00104     0.03182   42.986203   41.847858   -1.039    0.739  1
RGI60-12.01056     0.03182   42.735698   44.319901   -0.495    0.499  1
RGI60-12.00857     0.03180   43.383298   41.530215   -1.535    0.966  1
RGI60-12.01677     0.03168   42.782485   42.263350   -0.389    0.511  1
RGI60-12.00936     0.03166   43.016424   43.184504   -0.263    0.318  1
RGI60-12.00108     0.03166   43.075821   43.190309   -0.114    0.570  1
RGI60-12.01547     0.03157   41.956570   46.695668   -0.974    0.763  1
RGI60-12.01106     0.03150   42.755061   43.911737   -0.113    0.591  1
RGI60-12.01189     0.03142   43.341312   42.601749   -0.208    0.318  1
RGI60-12.00740     0.03135   42.858349   43.471122   -0.088    0.353  1
RGI60-12.00640     0.03134   43.427713   41.107268   -3.050    1.653  1
RGI60-12.00051     0.03130   43.271744   42.968459   -0.213    0.656  1
RGI60-12.01675     0.03130   42.779827   42.261315   -0.955    0.635  1
RGI60-12.00378     0.03128   42.938144   42.565296   -0.036    0.417  1
RGI60-12.00547     0.03125   43.227555   41.825235   -0.102    0.540  1
RGI60-12.00953     0.03115   42.698085   44.237307   -0.919    0.690  1
RGI60-12.00753     0.03113   43.388454   41.234285   -0.742    0.861  1
RGI60-12.01744     0.03105   32.361926   50.100930   -0.080    0.484  1
RGI60-12.01049     0.03103   42.985129   43.512616   -0.931    0.762  1
RGI60-12.01110     0.03093   43.137703   43.129679   -0.573    0.552  1
RGI60-12.00025     0.03090   42.848926   43.587091   -0.654    0.593  1
RGI60-12.01232     0.03089   42.892261   43.445948   -0.464    0.485  1
RGI60-12.01753     0.03085   32.425419   50.014711   -0.104    0.459  1
RGI60-12.00740     0.03082   42.881341   43.501700   -0.439    0.662  1
RGI60-12.01239     0.03081   43.193552   42.881351   -0.255    0.633  1
RGI60-12.00056     0.03075   42.678600   44.495101    0.074    0.322  1
RGI60-12.01706     0.03059   32.337007   50.090374    0.247    0.371  1
RGI60-12.00108     0.03057   43.089855   43.196508   -0.728    0.768  1
RGI60-12.00448     0.03055   43.387733   41.611451   -0.057    0.464  1
RGI60-12.01121     0.03054   42.698079   44.234366   -0.439    0.416  1
RGI60-12.00487     0.03050   43.489390   40.843286   -0.325    0.557  1
RGI60-12.00541     0.03048   42.522688   44.427461   -0.200    0.395  1
RGI60-12.01110     0.03041   43.123149   43.101327   -0.935    0.965  1
RGI60-12.00693     0.03033   43.117035   42.320140   -0.309    0.396  1
RGI60-12.01707     0.03027   32.287633   50.095741   -0.341    0.354  1
RGI60-12.00257     0.03023   43.246509   42.158585   -0.273    0.470  1
RGI60-12.01673     0.03022   42.832482   42.179599   -0.146    0.276  1
RGI60-12.00740     0.03022   42.859324   43.468318   -0.219    0.382  1
RGI60-12.01263     0.03019   42.814832   43.692597   -0.471    0.718  1
RGI60-12.00349     0.03016   43.175665   42.027632   -0.465    0.558  1
RGI60-12.00005     0.03015   43.157595   42.662168   -0.177    0.469  1
RGI60-12.00543     0.03014   43.361177   41.240934   -1.333    0.966  1
RGI60-12.01674     0.03013   42.835700   42.194740   -0.468    0.370  1
RGI60-12.00973     0.03013   43.230797   42.348794   -0.346    0.380  1
RGI60-12.00109     0.03013   43.294474   41.892416   -0.087    0.545  1
RGI60-12.01377     0.03009   42.532571   44.780806    0.410    0.431  1
RGI60-12.01402     0.03008   42.645278   44.781354   -0.223    0.419  1
RGI60-12.00039     0.03001   43.236984   42.224796   -0.643    0.614  1
RGI60-12.01102     0.02997   43.471161   41.194222    0.397    0.459  1
RGI60-12.00543     0.02989   43.366459   41.255737   -2.380    1.564  1
RGI60-12.00726     0.02984   43.205597   42.043923   -0.058    0.526  1
RGI60-12.01675     0.02982   42.793138   42.256570   -0.050    0.384  1
RGI60-12.01189     0.02976   43.345528   42.557045    0.051    0.288  1
RGI60-12.00108     0.02976   43.076206   43.236125   -0.177    0.660  1
RGI60-12.01675     0.02973   42.761242   42.259450   -0.037    0.308  1
RGI60-12.00378     0.02971   42.955412   42.531603   -0.954    0.645  1
RGI60-12.00440     0.02968   43.305513   41.805746   -0.873    0.658  1
RGI60-12.00036     0.02968   43.222972   41.615513   -0.541    0.830  1
RGI60-12.01393     0.02961   42.679391   44.771599   -0.170    0.578  1
RGI60-12.01042     0.02945   42.756845   44.413997   -0.015    0.466  1
RGI60-12.00448     0.02940   43.412585   41.621771   -0.769    0.784  1
RGI60-12.00661     0.02924   43.363964   41.321408   -0.338    0.640  1
RGI60-12.01099     0.02922   42.941456   43.622901   -0.332    0.719  1
RGI60-12.00082     0.02902   43.295140   42.111867    0.064    0.293  1
RGI60-12.00953     0.02902   42.695090   44.275031   -0.075    0.317  1
RGI60-12.00905     0.02902   42.769814   43.938793   -0.346    0.714  1
RGI60-12.00873     0.02901   42.668736   44.389530    0.040    0.390  1
RGI60-12.01666     0.02896   43.724115   40.442503   -0.198    0.423  1
RGI60-12.00815     0.02889   43.224861   42.242239   -0.026    0.396  1
RGI60-12.00922     0.02888   42.884829   43.428536    0.008    0.369  1
RGI60-12.01013     0.02887   42.603866   44.223055   -0.702    0.595  1
RGI60-12.00662     0.02883   43.227925   42.163983   -0.987    0.948  1
RGI60-12.01872     0.02882   36.512104   50.737753    0.119    0.402  1
RGI60-12.00966     0.02878   43.205017   42.837642   -0.064    0.437  1
RGI60-12.01300     0.02873   42.762681   44.550730   -0.300    0.363  1
RGI60-12.01106     0.02861   42.730733   43.896795   -0.746    0.535  1
RGI60-12.01110     0.02851   43.140090   43.129924   -0.563    0.696  1
RGI60-12.00176     0.02849   42.579579   43.891662   -0.273    0.457  1
RGI60-12.00404     0.02848   43.367774   41.582454   -0.583    0.681  1
RGI60-12.00029     0.02848   43.121952   42.103367   -0.368    0.396  1
RGI60-12.00726     0.02847   43.193013   42.065621   -0.120    0.315  1
RGI60-12.01483     0.02845   42.485999   45.265194   -0.287    0.639  1
RGI60-12.00615     0.02845   42.695790   44.153796    0.178    0.548  1
RGI60-12.00054     0.02839   43.161714   42.213422   -0.878    0.627  1
RGI60-12.01745     0.02835   32.362492   50.083177   -0.210    0.537  1
RGI60-12.00858     0.02829   43.325373   42.368890   -0.212    0.496  1
RGI60-12.01074     0.02829   43.218604   42.755294   -0.044    0.233  1
RGI60-12.00875     0.02821   43.156218   42.025271   -0.554    0.551  1
RGI60-12.00726     0.02814   43.193704   42.059522   -0.492    0.468  1
RGI60-12.00688     0.02811   42.726560   43.802096   -0.570    0.571  1
RGI60-12.01421     0.02803   42.614930   45.013793   -0.100    0.550  1
RGI60-12.01835     0.02803   35.955631   52.099492    0.132    0.426  1
RGI60-12.00203     0.02799   42.624763   43.768103   -0.211    0.567  1
RGI60-12.00831     0.02792   42.788729   43.819381    0.482    0.682  1
RGI60-12.00460     0.02791   43.248591   41.545515    0.481    0.662  1
RGI60-12.00510     0.02790   42.967399   43.158057   -1.061    0.800  1
RGI60-12.00895     0.02785   43.273724   42.813926   -0.436    0.683  1
RGI60-12.00973     0.02785   43.240797   42.300720   -0.221    0.385  1
RGI60-12.00373     0.02784   43.384653   41.148735   -0.700    0.801  1
RGI60-12.01793     0.02775   32.448092   50.021793    0.036    0.348  1
RGI60-12.00242     0.02775   42.894826   42.718196   -1.276    0.908  1
RGI60-12.00440     0.02772   43.316861   41.780942   -0.667    0.601  1
RGI60-12.00045     0.02770   42.544240   43.989692   -0.054    0.537  1
RGI60-12.00240     0.02770   43.332630   42.654494   -0.171    0.341  1
RGI60-12.01189     0.02762   43.327226   42.592418    0.075    0.258  1
RGI60-12.00065     0.02759   43.167754   43.152476   -0.059    0.785  1
RGI60-12.01675     0.02757   42.794880   42.235596   -0.441    0.417  1
RGI60-12.01054     0.02755   43.221942   42.929553   -0.516    0.761  1
RGI60-12.00317     0.02755   42.732484   44.386533   -0.265    0.347  1
RGI60-12.01777     0.02746   32.402172   50.064976   -0.026    0.526  1
RGI60-12.00719     0.02741   43.159118   42.185043   -0.353    0.361  1
RGI60-12.00999     0.02741   43.349451   42.562980   -0.977    0.735  1
RGI60-12.00104     0.02740   42.988482   41.824047   -1.022    0.679  1
RGI60-12.01271     0.02739   43.186173   42.145446   -0.606    0.497  1
RGI60-12.01401     0.02737   42.639091   44.761962   -0.496    0.578  1
RGI60-12.01019     0.02735   43.365876   41.229475    0.319    0.617  1
RGI60-12.01189     0.02733   43.344189   42.542858   -0.057    0.310  1
RGI60-12.01106     0.02732   42.753992   43.910612    0.125    0.686  1
RGI60-12.00640     0.02732   43.459382   41.097399   -1.269    0.994  1
RGI60-12.00688     0.02727   42.792483   43.793983    0.824    0.726  1
RGI60-12.00179     0.02719   43.190133   41.678113   -0.409    0.474  1
RGI60-12.01401     0.02718   42.647863   44.767688   -0.193    0.487  1
RGI60-12.01886     0.02715   38.245376   47.808564   -0.303    0.505  1
RGI60-12.00460     0.02711   43.263775   41.589745   -0.624    0.613  1
RGI60-12.01702     0.02706   32.339165   50.081849   -0.227    0.530  1
RGI60-12.00912     0.02695   42.719145   43.862009   -0.081    0.457  1
RGI60-12.00858     0.02693   43.327706   42.360195    0.112    0.362  1
RGI60-12.01054     0.02682   43.180394   42.943759   -0.156    0.602  1
RGI60-12.01850     0.02677   36.346018   50.975017   -0.544    0.693  1
RGI60-12.00953     0.02675   42.685864   44.265776    0.436    0.559  1
RGI60-12.01713     0.02671   32.296562   50.100202   -0.057    0.378  1
RGI60-12.01672     0.02670   42.860472   42.137507   -0.960    0.740  1
RGI60-12.00244     0.02669   43.319817   42.342024   -0.428    0.455  1
RGI60-12.01565     0.02669   41.993614   46.925742   -1.130    1.102  1
RGI60-12.00922     0.02666   42.879104   43.420315   -0.018    0.662  1
RGI60-12.00242     0.02664   42.895940   42.724880   -0.369    0.409  1
RGI60-12.01377     0.02656   42.536930   44.782719   -0.353    0.393  1
RGI60-12.00927     0.02647   43.115855   43.106957   -0.347    0.628  1
RGI60-12.00248     0.02647   43.312807   42.908767   -0.330    0.633  1
RGI60-12.01232     0.02645   42.951009   43.431134   -0.259    0.488  1
RGI60-12.01383     0.02644   42.612404   44.740807   -0.182    0.478  1
RGI60-12.01672     0.02644   42.855098   42.146144   -0.354    0.438  1
RGI60-12.01189     0.02643   43.334425   42.531837   -0.238    0.482  1
RGI60-12.01614     0.02637   41.188295   47.911306   -0.018    0.364  1
RGI60-12.01076     0.02637   43.176546   42.664398   -0.557    0.640  1
RGI60-12.00615     0.02625   42.697278   44.187537   -0.156    0.457  1
RGI60-12.01682     0.02622   42.531845   44.827917    0.492    0.707  1
RGI60-12.00432     0.02622   43.293390   41.507210   -0.137    0.478  1
RGI60-12.00942     0.02617   43.443358   41.004079   -3.372    2.311  1
RGI60-12.01483     0.02614   42.460527   45.284102   -0.232    0.340  1
RGI60-12.00194     0.02611   43.321111   41.521910   -0.641    0.458  1
RGI60-12.01043     0.02607   42.554276   43.977143   -0.634    0.587  1
RGI60-12.01622     0.02605   43.818370   40.179432   -0.721    0.913  1
RGI60-12.01106     0.02601   42.757171   43.929847   -0.560    0.764  1
RGI60-12.00179     0.02598   43.194720   41.681844   -0.423    0.501  1
RGI60-12.01675     0.02582   42.754672   42.261411   -0.093    0.285  1
RGI60-12.01381     0.02577   42.632737   44.768247   -0.589    0.514  1
RGI60-12.01294     0.02576   43.246578   42.085622   -0.083    0.420  1
RGI60-12.00587     0.02575   43.190978   41.948163   -0.434    0.490  1
RGI60-12.00666     0.02572   43.107610   42.828959    0.053    0.492  1
RGI60-12.00745     0.02571   43.146469   42.712764   -0.693    0.690  1
RGI60-12.00094     0.02566   43.239377   42.745768   -0.148    0.537  1
RGI60-12.01292     0.02562   42.524646   44.424744    0.021    0.323  1
RGI60-12.01618     0.02555   43.993257   39.930122   -1.960    1.338  1
RGI60-12.01765     0.02552   32.407636   50.050950    0.802    1.394  1
RGI60-12.01888     0.02552   38.241090   47.807575   -0.091    0.395  1
RGI60-12.00696     0.02547   43.197463   42.522479   -0.940    0.943  1
RGI60-12.01325     0.02543   39.496552   39.689386   -0.465    0.656  1
RGI60-12.00987     0.02543   42.857566   43.753149   -1.026    0.823  1
RGI60-12.00615     0.02541   42.691224   44.155592   -0.022    0.270  1
RGI60-12.00461     0.02541   43.261866   42.347289   -0.222    0.587  1
RGI60-12.00194     0.02541   43.327764   41.584067   -0.407    0.815  1
RGI60-12.01698     0.02540   32.336806   50.101067   -0.317    0.623  1
RGI60-12.00515     0.02534   43.391231   41.067576   -2.763    1.795  1
RGI60-12.00726     0.02528   43.204928   42.021985   -0.384    0.456  1
RGI60-12.01670     0.02528   42.801330   42.232345   -0.543    0.681  1
RGI60-12.00873     0.02527   42.692345   44.391410    0.135    0.494  1
RGI60-12.00448     0.02519   43.404529   41.674250    0.126    0.378  1
RGI60-12.01189     0.02511   43.333192   42.537360   -0.258    0.307  1
RGI60-12.01672     0.02508   42.849097   42.137227    0.206    0.435  1
RGI60-12.00203     0.02508   42.592671   43.732397   -0.662    0.641  1
RGI60-12.01056     0.02489   42.740452   44.284772   -0.023    0.328  1
RGI60-12.00230     0.02484   42.599838   43.804679   -0.052    0.494  1
RGI60-12.00726     0.02472   43.190647   42.060557   -0.681    0.476  1
RGI60-12.01102     0.02471   43.438403   41.223937   -0.196    0.515  1
RGI60-12.01776     0.02471   32.394413   50.062313    0.265    0.719  1
RGI60-12.00230     0.02465   42.592926   43.855381   -1.046    0.781  1
RGI60-12.01444     0.02463   42.493222   45.688744    0.418    0.607  1
RGI60-12.01110     0.02460   43.138646   43.120059   -0.063    0.703  1
RGI60-12.01618     0.02449   43.989563   39.933046   -1.410    0.916  1
RGI60-12.01610     0.02449   41.275639   47.993840   -0.072    0.317  1
RGI60-12.00212     0.02441   43.105345   43.189406   -0.477    0.750  1
RGI60-12.00009     0.02435   43.303786   41.456731    0.025    0.409  1
RGI60-12.00448     0.02434   43.437159   41.582150   -0.132    0.639  1
RGI60-12.00828     0.02431   43.181187   42.378209   -0.224    0.455  1
RGI60-12.00873     0.02429   42.672537   44.390979   -0.167    0.372  1
RGI60-12.00468     0.02428   43.284067   42.820717   -0.905    0.862  1
RGI60-12.01681     0.02428   42.730462   43.163437   -0.353    0.761  1
RGI60-12.01378     0.02428   42.591137   44.874050   -0.233    0.390  1
RGI60-12.00726     0.02425   43.186730   42.050654   -1.314    0.873  1
RGI60-12.01550     0.02419   41.915387   46.828798   -0.334    0.654  1
RGI60-12.01268     0.02416   42.914095   43.319581   -0.308    0.638  1
RGI60-12.00618     0.02413   43.339993   41.845864   -0.123    0.348  1
RGI60-12.01373     0.02407   42.700713   43.463897   -0.319    0.528  1
RGI60-12.01054     0.02406   43.220792   42.948437   -0.596    0.677  1
RGI60-12.00666     0.02405   43.108083   42.826661    0.168    0.568  1
RGI60-12.01085     0.02400   42.735224   44.084937   -0.254    0.312  1
RGI60-12.01203     0.02396   43.179030   42.958965   -0.525    0.659  1
RGI60-12.00928     0.02390   43.117572   42.562659   -1.183    0.948  1
RGI60-12.01268     0.02389   42.920915   43.258681   -0.664    0.743  1
RGI60-12.00408     0.02389   43.356045   41.264957   -0.808    0.671  1
RGI60-12.01808     0.02378   33.267330   49.412658   -0.005    0.474  1
RGI60-12.00724     0.02378   42.736422   44.090278   -0.004    0.319  1
RGI60-12.01711     0.02364   32.298441   50.119749   -0.389    0.719  1
RGI60-12.01674     0.02357   42.821189   42.209312   -0.183    0.529  1
RGI60-12.00693     0.02355   43.115320   42.323185   -0.129    0.312  1
RGI60-12.00365     0.02350   43.268922   41.530007   -0.455    0.557  1
RGI60-12.00376     0.02346   42.652207   44.719208    0.405    0.671  1
RGI60-12.00858     0.02340   43.278254   42.406298    0.293    0.314  1
RGI60-12.01550     0.02336   41.946804   46.803912   -1.054    0.982  1
RGI60-12.01035     0.02334   43.259910   41.335288   -0.881    0.890  1
RGI60-12.01102     0.02334   43.429026   41.238937   -0.211    0.736  1
RGI60-12.00245     0.02328   43.267224   41.973080   -0.755    0.852  1
RGI60-12.01873     0.02323   36.517044   50.652727    1.210    1.119  1
RGI60-12.00740     0.02320   42.857485   43.508365   -0.633    0.544  1
RGI60-12.01214     0.02311   43.166972   42.935355   -0.089    0.569  1
RGI60-12.01300     0.02307   42.754570   44.515834   -0.047    0.518  1
RGI60-12.01239     0.02305   43.198046   42.884708   -0.457    0.705  1
RGI60-12.00440     0.02303   43.304388   41.800565   -0.250    0.420  1
RGI60-12.00678     0.02284   42.889461   42.401676    0.020    0.299  1
RGI60-12.00194     0.02274   43.335304   41.525421   -1.013    0.783  1
RGI60-12.01675     0.02266   42.758524   42.257526   -0.709    0.692  1
RGI60-12.00445     0.02265   43.179269   42.662737   -0.388    0.599  1
RGI60-12.01291     0.02264   43.210862   41.762519   -0.447    0.731  1
RGI60-12.01092     0.02258   42.999872   43.611173   -0.062    0.340  1
RGI60-12.01300     0.02255   42.704429   44.545473   -0.530    0.680  1
RGI60-12.01729     0.02251   32.277371   50.104976   -0.198    0.293  1
RGI60-12.00097     0.02247   42.945489   43.549591    0.912    0.842  1
RGI60-12.00445     0.02245   43.183496   42.662255   -0.002    0.493  1
RGI60-12.00065     0.02242   43.160924   43.145768    0.076    0.700  1
RGI60-12.01232     0.02241   42.926833   43.424987    0.214    0.403  1
RGI60-12.01298     0.02236   43.152292   42.593141   -0.353    0.540  1
RGI60-12.00257     0.02233   43.252231   42.163401   -0.171    0.532  1
RGI60-12.00109     0.02208   43.309393   41.862067   -0.549    0.540  1
RGI60-12.01654     0.02196   43.679489   40.506768   -1.921    1.453  1
RGI60-12.01830     0.02194   35.967255   52.132668    0.026    0.331  1
RGI60-12.01383     0.02192   42.645210   44.723861   -0.383    0.610  1
RGI60-12.01300     0.02181   42.741849   44.506565   -0.381    0.620  1
RGI60-12.00399     0.02161   43.384418   41.181738    0.006    0.366  1
RGI60-12.01042     0.02157   42.756563   44.416226    0.015    0.576  1
RGI60-12.00380     0.02142   43.173688   42.177112    0.254    0.445  1
RGI60-12.01378     0.02134   42.612087   44.863578   -0.025    0.643  1
RGI60-12.01632     0.02128   43.795000   40.228189   -0.141    0.785  1
RGI60-12.01491     0.02125   42.365631   45.998972   -0.774    0.800  1
RGI60-12.00518     0.02121   43.380455   41.579230   -0.163    0.460  1
RGI60-12.01612     0.02120   41.218571   47.858714   -0.160    0.252  1
RGI60-12.01402     0.02120   42.639476   44.780536   -0.069    0.305  1
RGI60-12.00858     0.02114   43.332603   42.397937   -0.115    0.509  1
RGI60-12.00252     0.02110   43.272719   42.349587    0.040    0.258  1
RGI60-12.01610     0.02106   41.266376   48.003999   -0.174    0.395  1
RGI60-12.00876     0.02105   43.211122   42.407881   -0.336    0.595  1
RGI60-12.00142     0.02092   42.553626   44.322265   -0.640    0.589  1
RGI60-12.00327     0.02077   43.162548   42.133345   -0.208    0.336  1
RGI60-12.00622     0.02068   43.126840   42.998000   -0.365    0.666  1
RGI60-12.01757     0.02058   32.423727   50.026536    0.100    0.513  1
RGI60-12.00515     0.02052   43.406907   41.095723   -1.184    0.937  1
RGI60-12.00109     0.02050   43.300967   41.907412   -0.158    0.324  1
RGI60-12.01859     0.02042   36.322937   50.704103    0.385    0.588  1
RGI60-12.01663     0.02026   43.541883   40.692303   -1.237    1.135  1
RGI60-12.00688     0.02026   42.763752   43.826833   -0.190    0.516  1
RGI60-12.01189     0.02023   43.333829   42.582851    0.049    0.282  1
RGI60-12.01056     0.02022   42.719922   44.332472   -0.208    0.451  1
RGI60-12.00985     0.02019   43.316743   42.665411   -0.529    0.538  1
RGI60-12.01752     0.02017   32.420778   50.025437    0.072    0.363  1
RGI60-12.00301     0.02017   43.194492   42.072837   -0.515    0.505  1
RGI60-12.00515     0.02007   43.398047   41.096945   -1.165    1.170  1
RGI60-12.01102     0.01984   43.412472   41.239903   -1.294    1.224  1
RGI60-12.00401     0.01962   42.753508   44.323143    0.239    0.575  1
RGI60-12.01787     0.01962   32.404194   50.079872   -0.275    0.531  1
RGI60-12.00922     0.01955   42.910143   43.376888   -0.074    0.556  1
RGI60-12.00634     0.01954   43.260766   42.208053    0.087    0.408  1
RGI60-12.01239     0.01941   43.194189   42.901976   -0.118    0.352  1
RGI60-12.01436     0.01935   42.546820   45.608491   -2.038    1.562  1
RGI60-12.01672     0.01929   42.841650   42.185685   -0.556    0.487  1
RGI60-12.00487     0.01926   43.490501   40.839659   -1.031    1.045  1
RGI60-12.01239     0.01918   43.197704   42.910314   -0.217    0.627  1
RGI60-12.00487     0.01903   43.516862   40.765038   -0.453    0.549  1
RGI60-12.00438     0.01900   43.018056   43.048820   -0.219    0.730  1
RGI60-12.00434     0.01862   43.112435   42.500740   -0.197    0.445  1
RGI60-12.01110     0.01856   43.135581   43.116688    0.421    0.822  1
RGI60-12.00858     0.01852   43.331714   42.387980   -0.224    0.502  1
RGI60-12.01300     0.01849   42.753707   44.530363   -0.725    0.754  1
RGI60-12.01334     0.01849   39.469214   39.322906    0.300    0.438  1
RGI60-12.00194     0.01824   43.338494   41.575069   -0.432    0.472  1
RGI60-12.00399     0.01823   43.384365   41.171075   -0.805    0.778  1
RGI60-12.00894     0.01803   43.240736   42.716363    0.009    0.480  1
RGI60-12.01291     0.01803   43.214684   41.768758   -1.863    1.674  1
RGI60-12.01663     0.01798   43.552004   40.486949   -0.332    0.731  1
RGI60-12.01110     0.01795   43.157434   43.130415   -0.151    0.631  1
RGI60-12.01464     0.01791   42.480615   45.780258   -0.599    0.835  1
RGI60-12.01214     0.01790   43.165599   42.919005   -0.342    0.467  1
RGI60-12.01610     0.01785   41.272698   48.007617   -0.028    0.263  1
RGI60-12.00248     0.01756   43.285691   42.909555   -0.286    0.389  1
RGI60-12.01189     0.01751   43.335914   42.589127   -0.634    0.566  1
RGI60-12.00858     0.01749   43.326013   42.373541    0.142    0.449  1
RGI60-12.01789     0.01734   32.393962   50.078406   -0.018    0.499  1
RGI60-12.01737     0.01732   32.377189   50.091798   -0.045    0.400  1
RGI60-12.00666     0.01725   43.140089   42.819465   -1.220    1.084  1
RGI60-12.00622     0.01720   43.116408   43.048539   -0.175    0.395  1
RGI60-12.00428     0.01718   43.037754   43.143633   -0.649    0.811  1
RGI60-12.00922     0.01714   42.917500   43.380891   -0.174    0.451  1
RGI60-12.00918     0.01701   43.245831   42.466828   -0.424    0.614  1
RGI60-12.00366     0.01688   43.281485   42.216103   -0.165    0.310  1
RGI60-12.01056     0.01683   42.719592   44.334427   -0.101    0.493  1
RGI60-12.01391     0.01671   42.704580   44.743015    0.026    0.561  1
RGI60-12.01834     0.01670   35.943136   52.106843    0.133    0.328  1
RGI60-12.00973     0.01666   43.233236   42.319483   -0.061    0.417  1
RGI60-12.00448     0.01664   43.410582   41.656864    0.003    0.457  1
RGI60-12.01628     0.01658   43.864339   40.230161   -0.911    0.862  1
RGI60-12.00109     0.01655   43.298323   41.910387   -0.042    0.362  1
RGI60-12.01743     0.01637   32.365614   50.092077    0.174    0.438  1
RGI60-12.01231     0.01609   43.158451   42.220924    0.012    0.372  1
RGI60-12.00364     0.01576   42.956671   43.282320   -0.352    0.588  1
RGI60-12.01622     0.01568   43.805430   40.183897    0.252    0.728  1
RGI60-12.01447     0.01567   42.465274   45.707255   -1.226    1.111  1
RGI60-12.00505     0.01567   43.245358   42.756550   -0.645    0.748  1
RGI60-12.01110     0.01547   43.128209   43.115208    0.856    0.951  1
RGI60-12.01618     0.01542   43.948370   39.908385   -0.335    0.927  1
RGI60-12.01873     0.01513   36.515435   50.669585    0.482    0.527  1
RGI60-12.01189     0.01507   43.331927   42.579011   -0.140    0.300  1
RGI60-12.01726     0.01498   32.287854   50.110832   -0.118    0.294  1
RGI60-12.01728     0.01489   32.297590   50.115100   -0.096    0.285  1
RGI60-12.00936     0.01469   43.002335   43.192378   -0.705    0.630  1
RGI60-12.00404     0.01446   43.359672   41.607659   -0.345    0.772  1
RGI60-12.01722     0.01443   32.289152   50.124595    0.266    0.587  1
RGI60-12.00640     0.01441   43.472856   41.088198   -0.478    0.501  1
RGI60-12.01618     0.01424   43.994419   39.944264   -1.176    1.077  1
RGI60-12.01331     0.01420   39.449227   39.539967    0.033    0.521  1
RGI60-12.00688     0.01381   42.732346   43.816471    0.020    0.598  1
RGI60-12.01710     0.01381   32.286410   50.102852   -0.054    0.342  1
RGI60-12.01755     0.01379   32.423920   50.019258   -0.034    0.332  1
RGI60-12.00640     0.01377   43.470942   41.087414   -0.550    0.598  1
RGI60-12.00815     0.01371   43.209598   42.265794   -0.377    0.406  1
RGI60-12.00745     0.01365   43.172496   42.739476   -0.272    0.571  1
RGI60-12.01693     0.01364   30.928063   51.480102    0.086    0.414  1
RGI60-12.00383     0.01350   42.742847   43.934290   -0.775    0.841  1
RGI60-12.01735     0.01348   32.382860   50.087174   -0.172    0.376  1
RGI60-12.01189     0.01342   43.331650   42.592398   -0.040    0.347  1
RGI60-12.01774     0.01324   32.407670   50.031895   -0.179    0.526  1
RGI60-12.00439     0.01316   43.014328   43.535154   -0.702    0.769  1
RGI60-12.01636     0.01298   43.763595   40.265407   -1.131    1.095  1
RGI60-12.01842     0.01280   36.383746   50.958043   -0.594    0.648  1
RGI60-12.01452     0.01271   42.488018   45.751618   -0.499    0.924  1
RGI60-12.01748     0.01055   32.361195   50.072551    0.398    0.760  1
RGI60-12.01741     0.01042   32.360180   50.086785   -0.046    0.575  1
RGI60-12.01300     0.01020   42.704020   44.543420   -0.876    0.933  1
RGI60-12.01716     0.01008   32.299695   50.116765   -0.249    0.567  1
RGI60-12.01716     0.00999   32.303752   50.118933   -0.166    0.338  1
RGI60-12.01330     0.00950   39.442638   39.552018   -0.733    0.801  1
RGI60-12.01721     0.00808   32.275844   50.120698   -0.098    0.317  1
RGI60-12.01748     0.00702   32.362676   50.072161    0.151    0.655  1
RGI60-12.01803     0.00574   33.313905   49.349868    0.966    2.475  1
RGI60-12.01811     0.00558   33.288274   49.385952    0.325    0.966  1
RGI60-12.01785     0.00507   32.387027   50.081047   -0.206    0.553  1
RGI60-12.01861     0.00278   36.319303   50.737565    0.073    0.520  1
RGI60-12.01585     0.37293   41.499440   47.324825   -0.504    0.206  2
RGI60-12.01640     0.33291   43.887830   40.425174   -0.504    0.206  2
RGI60-12.00906     0.30454   43.421151   41.159956   -0.504    0.206  2
RGI60-12.00262     0.29844   43.074480   43.139430   -0.504    0.206  2
RGI60-12.00218     0.29683   43.030862   42.989272   -0.504    0.206  2
RGI60-12.01253     0.23311   43.374895   41.280172   -0.504    0.206  2
RGI60-12.00343     0.20255   42.867276   43.060316   -0.504    0.206  2
RGI60-12.01396     0.19464   42.671596   44.750412   -0.504    0.206  2
RGI60-12.00902     0.19252   43.072839   43.128217   -0.504    0.206  2
RGI60-12.00559     0.18522   43.143628   42.730030   -0.504    0.206  2
RGI60-12.01643     0.17337   43.883793   40.434287   -0.504    0.206  2
RGI60-12.00015     0.16389   43.276202   41.550598   -0.504    0.206  2
RGI60-12.01462     0.16319   42.331189   45.858077   -0.504    0.206  2
RGI60-12.00343     0.16164   42.860610   43.060852   -0.504    0.206  2
RGI60-12.00471     0.16086   42.892008   43.475848   -0.504    0.206  2
RGI60-12.00297     0.16062   43.045396   43.123253   -0.504    0.206  2
RGI60-12.01397     0.14280   42.660610   44.764430   -0.504    0.206  2
RGI60-12.01584     0.13633   41.500026   47.299095   -0.504    0.206  2
RGI60-12.01584     0.13632   41.547698   47.258190   -0.504    0.206  2
RGI60-12.00028     0.13617   42.974288   43.466199   -0.504    0.206  2
RGI60-12.01584     0.13029   41.501887   47.313809   -0.504    0.206  2
RGI60-12.01663     0.12833   43.442353   40.362477   -0.504    0.206  2
RGI60-12.00794     0.12656   43.036960   42.975997   -0.504    0.206  2
RGI60-12.01584     0.11948   41.502960   47.318683   -0.504    0.206  2
RGI60-12.01584     0.11348   41.559916   47.247462   -0.504    0.206  2
RGI60-12.01101     0.11340   43.043277   43.127667   -0.504    0.206  2
RGI60-12.00530     0.10997   43.143001   42.635735   -0.504    0.206  2
RGI60-12.01674     0.10467   42.809373   42.213827   -0.504    0.206  2
RGI60-12.01584     0.10089   41.562859   47.250348   -0.504    0.206  2
RGI60-12.01587     0.09915   41.510400   47.285275   -0.504    0.206  2
RGI60-12.00885     0.09570   43.405503   41.145620   -0.504    0.206  2
RGI60-12.00525     0.09256   42.989448   43.084076   -0.504    0.206  2
RGI60-12.01661     0.09112   43.440050   40.377740   -0.504    0.206  2
RGI60-12.01587     0.09044   41.530106   47.273962   -0.504    0.206  2
RGI60-12.00986     0.09026   43.040652   43.193831   -0.504    0.206  2
RGI60-12.01603     0.08745   41.352170   47.262931   -0.504    0.206  2
RGI60-12.01603     0.08649   41.387228   47.307734   -0.504    0.206  2
RGI60-12.01049     0.08622   42.983376   43.513318   -0.504    0.206  2
RGI60-12.00892     0.08594   43.403131   41.110447   -0.504    0.206  2
RGI60-12.00471     0.08494   42.891050   43.470486   -0.504    0.206  2
RGI60-12.00354     0.08489   42.999037   43.110347   -0.504    0.206  2
RGI60-12.01406     0.08470   42.672775   44.832883   -0.504    0.206  2
RGI60-12.00980     0.08408   42.999307   43.390361   -0.504    0.206  2
RGI60-12.01603     0.08174   41.384205   47.333102   -0.504    0.206  2
RGI60-12.00986     0.08141   43.042028   43.189409   -0.504    0.206  2
RGI60-12.00510     0.08043   42.863671   43.066934   -0.504    0.206  2
RGI60-12.01587     0.07999   41.490861   47.329925   -0.504    0.206  2
RGI60-12.01603     0.07991   41.308547   47.304077   -0.504    0.206  2
RGI60-12.00354     0.07937   42.996149   43.104497   -0.504    0.206  2
RGI60-12.01126     0.07873   43.129876   42.994032   -0.504    0.206  2
RGI60-12.01603     0.07816   41.382075   47.329796   -0.504    0.206  2
RGI60-12.00631     0.07601   43.209424   42.833551   -0.504    0.206  2
RGI60-12.01603     0.07556   41.446267   47.417064   -0.504    0.206  2
RGI60-12.01406     0.07534   42.663214   44.831421   -0.504    0.206  2
RGI60-12.01397     0.07274   42.662842   44.762956   -0.504    0.206  2
RGI60-12.01254     0.07227   42.998118   43.100300   -0.504    0.206  2
RGI60-12.00816     0.07083   43.177892   42.706205   -0.504    0.206  2
RGI60-12.00726     0.07059   43.200457   42.032839   -0.504    0.206  2
RGI60-12.00354     0.06963   43.011778   43.047244   -0.504    0.206  2
RGI60-12.00740     0.06899   42.896963   43.480389   -0.504    0.206  2
RGI60-12.01464     0.06835   42.346732   45.813205   -0.504    0.206  2
RGI60-12.01000     0.06768   43.015736   43.167364   -0.504    0.206  2
RGI60-12.00885     0.06660   43.398689   41.104064   -0.504    0.206  2
RGI60-12.01587     0.06509   41.492070   47.334389   -0.504    0.206  2
RGI60-12.01612     0.06298   41.329444   47.799800   -0.504    0.206  2
RGI60-12.00885     0.06193   43.418623   41.149962   -0.504    0.206  2
RGI60-12.01207     0.06188   43.059589   43.260428   -0.504    0.206  2
RGI60-12.01603     0.06151   41.387330   47.322518   -0.504    0.206  2
RGI60-12.00879     0.06131   43.088604   42.918949   -0.504    0.206  2
RGI60-12.01587     0.06028   41.498420   47.334521   -0.504    0.206  2
RGI60-12.01587     0.05700   41.484876   47.329903   -0.504    0.206  2
RGI60-12.01587     0.05384   41.518498   47.278736   -0.504    0.206  2
RGI60-12.00439     0.05384   42.979016   43.509975   -0.504    0.206  2
RGI60-12.01464     0.05368   42.346086   45.818332   -0.504    0.206  2
RGI60-12.01674     0.05333   42.805613   42.219258   -0.504    0.206  2
RGI60-12.00529     0.05313   43.174514   42.797056   -0.504    0.206  2
RGI60-12.00002     0.05113   43.198748   42.710013   -0.504    0.206  2
RGI60-12.01314     0.05048   37.496277   43.968987   -0.504    0.206  2
RGI60-12.00640     0.05006   43.400931   41.106596   -0.504    0.206  2
RGI60-12.01126     0.04833   43.141291   42.998958   -0.504    0.206  2
RGI60-12.00664     0.04823   43.133114   42.802666   -0.504    0.206  2
RGI60-12.01241     0.04738   42.937443   43.182330   -0.504    0.206  2
RGI60-12.00664     0.04730   43.136554   42.832583   -0.504    0.206  2
RGI60-12.01603     0.04717   41.385332   47.313591   -0.504    0.206  2
RGI60-12.01319     0.04703   37.512787   44.036085   -0.504    0.206  2
RGI60-12.00448     0.04680   43.479942   41.454411   -0.504    0.206  2
RGI60-12.01587     0.04642   41.502451   47.331889   -0.504    0.206  2
RGI60-12.01603     0.04480   41.345357   47.265261   -0.504    0.206  2
RGI60-12.01241     0.04327   42.871610   43.069150   -0.504    0.206  2
RGI60-12.01654     0.04302   43.679828   40.516860   -0.504    0.206  2
RGI60-12.00438     0.04302   43.016450   42.982811   -0.504    0.206  2
RGI60-12.01587     0.04286   41.493682   47.326508   -0.504    0.206  2
RGI60-12.01587     0.04192   41.516590   47.283922   -0.504    0.206  2
RGI60-12.00510     0.04115   42.972269   43.145036   -0.504    0.206  2
RGI60-12.01126     0.04059   43.138373   42.995763   -0.504    0.206  2
RGI60-12.00438     0.03854   43.011720   43.030390   -0.504    0.206  2
RGI60-12.00428     0.03794   43.046141   43.158402   -0.504    0.206  2
RGI60-12.00399     0.03774   43.386064   41.150894   -0.504    0.206  2
RGI60-12.00399     0.03770   43.408291   41.139107   -0.504    0.206  2
RGI60-12.01664     0.03741   43.612412   40.737064   -0.504    0.206  2
RGI60-12.00629     0.03662   42.991977   43.100233   -0.504    0.206  2
RGI60-12.00108     0.03644   43.078714   43.216184   -0.504    0.206  2
RGI60-12.00281     0.03604   43.044926   43.192387   -0.504    0.206  2
RGI60-12.00740     0.03536   42.870521   43.481447   -0.504    0.206  2
RGI60-12.00857     0.03525   43.479890   41.419596   -0.504    0.206  2
RGI60-12.00028     0.03459   42.950233   43.510378   -0.504    0.206  2
RGI60-12.00770     0.03314   43.096036   43.209629   -0.504    0.206  2
RGI60-12.00005     0.03244   43.154302   42.640652   -0.504    0.206  2
RGI60-12.01070     0.03224   43.067616   43.127112   -0.504    0.206  2
RGI60-12.00753     0.03193   43.418099   41.254284   -0.504    0.206  2
RGI60-12.01674     0.03165   42.807804   42.209031   -0.504    0.206  2
RGI60-12.01401     0.03130   42.658885   44.774724   -0.504    0.206  2
RGI60-12.00399     0.03064   43.410810   41.160002   -0.504    0.206  2
RGI60-12.00622     0.03063   43.120975   42.987736   -0.504    0.206  2
RGI60-12.01396     0.03049   42.666145   44.751737   -0.504    0.206  2
RGI60-12.00501     0.03036   43.045505   42.956251   -0.504    0.206  2
RGI60-12.00323     0.03034   43.241521   41.720141   -0.504    0.206  2
RGI60-12.00894     0.02921   43.241477   42.702620   -0.504    0.206  2
RGI60-12.01603     0.02917   41.386755   47.320111   -0.504    0.206  2
RGI60-12.00820     0.02902   43.258628   42.065325   -0.504    0.206  2
RGI60-12.00338     0.02893   43.011926   43.388064   -0.504    0.206  2
RGI60-12.00740     0.02843   42.877080   43.486616   -0.504    0.206  2
RGI60-12.00603     0.02800   43.030593   43.402140   -0.504    0.206  2
RGI60-12.00028     0.02792   42.957340   43.467887   -0.504    0.206  2
RGI60-12.00358     0.02790   43.176760   42.796698   -0.504    0.206  2
RGI60-12.01603     0.02738   41.353120   47.253300   -0.504    0.206  2
RGI60-12.00726     0.02708   43.204085   42.034187   -0.504    0.206  2
RGI60-12.00399     0.02705   43.420339   41.167339   -0.504    0.206  2
RGI60-12.00726     0.02701   43.200722   42.037936   -0.504    0.206  2
RGI60-12.01054     0.02608   43.219973   42.945235   -0.504    0.206  2
RGI60-12.00323     0.02579   43.199697   41.756808   -0.504    0.206  2
RGI60-12.01587     0.02573   41.493981   47.327407   -0.504    0.206  2
RGI60-12.00268     0.02528   43.181138   42.689117   -0.504    0.206  2
RGI60-12.00399     0.02527   43.402895   41.165012   -0.504    0.206  2
RGI60-12.01668     0.02462   43.540420   40.490189   -0.504    0.206  2
RGI60-12.01708     0.02454   32.285159   50.116436   -0.504    0.206  2
RGI60-12.01674     0.02361   42.818437   42.208934   -0.504    0.206  2
RGI60-12.01164     0.02360   43.064052   43.001303   -0.504    0.206  2
RGI60-12.01401     0.02359   42.651071   44.765558   -0.504    0.206  2
RGI60-12.01880     0.02337   38.269703   47.836331   -0.504    0.206  2
RGI60-12.01603     0.02327   41.450532   47.438844   -0.504    0.206  2
RGI60-12.00203     0.02295   42.614979   43.753188   -0.504    0.206  2
RGI60-12.00510     0.02288   42.988531   43.166843   -0.504    0.206  2
RGI60-12.00434     0.02261   43.122928   42.462758   -0.504    0.206  2
RGI60-12.01212     0.02254   43.264499   41.586868   -0.504    0.206  2
RGI60-12.01483     0.02251   42.454955   45.288410   -0.504    0.206  2
RGI60-12.01406     0.02242   42.658322   44.830024   -0.504    0.206  2
RGI60-12.00885     0.02229   43.404972   41.141070   -0.504    0.206  2
RGI60-12.00652     0.02227   42.858211   43.747741   -0.504    0.206  2
RGI60-12.00547     0.02208   43.233991   41.830499   -0.504    0.206  2
RGI60-12.01641     0.02188   43.888519   40.416880   -0.504    0.206  2
RGI60-12.01054     0.02149   43.221884   42.941317   -0.504    0.206  2
RGI60-12.00753     0.02126   43.417946   41.286461   -0.504    0.206  2
RGI60-12.01428     0.02078   42.572824   45.316637   -0.504    0.206  2
RGI60-12.01603     0.02072   41.451360   47.444108   -0.504    0.206  2
RGI60-12.01709     0.02062   32.305777   50.125791   -0.504    0.206  2
RGI60-12.00017     0.02054   43.127527   42.342158   -0.504    0.206  2
RGI60-12.00196     0.02043   43.088394   42.901680   -0.504    0.206  2
RGI60-12.00048     0.02035   43.155301   42.638551   -0.504    0.206  2
RGI60-12.00434     0.01964   43.114631   42.507382   -0.504    0.206  2
RGI60-12.01421     0.01957   42.602147   45.012854   -0.504    0.206  2
RGI60-12.01299     0.01941   42.724222   44.497070   -0.504    0.206  2
RGI60-12.00615     0.01921   42.700943   44.141844   -0.504    0.206  2
RGI60-12.01300     0.01886   42.754642   44.521720   -0.504    0.206  2
RGI60-12.01587     0.01884   41.536234   47.264157   -0.504    0.206  2
RGI60-12.01401     0.01872   42.651515   44.764258   -0.504    0.206  2
RGI60-12.00281     0.01853   43.047132   43.192031   -0.504    0.206  2
RGI60-12.01641     0.01844   43.884210   40.426605   -0.504    0.206  2
RGI60-12.00986     0.01840   42.998775   43.231539   -0.504    0.206  2
RGI60-12.01771     0.01806   32.403985   50.040665   -0.504    0.206  2
RGI60-12.01677     0.01804   42.778813   42.265575   -0.504    0.206  2
RGI60-12.00745     0.01801   43.175005   42.740680   -0.504    0.206  2
RGI60-12.01042     0.01800   42.741701   44.422105   -0.504    0.206  2
RGI60-12.00505     0.01772   43.224113   42.758117   -0.504    0.206  2
RGI60-12.00640     0.01770   43.431047   41.108557   -0.504    0.206  2
RGI60-12.00584     0.01759   42.741877   44.301719   -0.504    0.206  2
RGI60-12.01618     0.01755   43.953989   39.905904   -0.504    0.206  2
RGI60-12.01493     0.01738   42.287092   46.063814   -0.504    0.206  2
RGI60-12.00154     0.01731   43.250287   41.398927   -0.504    0.206  2
RGI60-12.00740     0.01727   42.867357   43.482226   -0.504    0.206  2
RGI60-12.01056     0.01725   42.743169   44.327739   -0.504    0.206  2
RGI60-12.01291     0.01717   43.213472   41.792323   -0.504    0.206  2
RGI60-12.00547     0.01699   43.228420   41.862146   -0.504    0.206  2
RGI60-12.01668     0.01697   43.523660   40.530139   -0.504    0.206  2
RGI60-12.01092     0.01666   43.003356   43.622037   -0.504    0.206  2
RGI60-12.00252     0.01658   43.273138   42.348629   -0.504    0.206  2
RGI60-12.00439     0.01648   42.995375   43.514116   -0.504    0.206  2
RGI60-12.01677     0.01641   42.780551   42.264180   -0.504    0.206  2
RGI60-12.00176     0.01640   42.577612   43.903631   -0.504    0.206  2
RGI60-12.00953     0.01636   42.694469   44.240242   -0.504    0.206  2
RGI60-12.00947     0.01631   43.304789   41.464363   -0.504    0.206  2
RGI60-12.01769     0.01628   32.402076   50.036627   -0.504    0.206  2
RGI60-12.00472     0.01624   43.283188   41.711200   -0.504    0.206  2
RGI60-12.00858     0.01611   43.328144   42.376683   -0.504    0.206  2
RGI60-12.01401     0.01605   42.641620   44.766402   -0.504    0.206  2
RGI60-12.00719     0.01604   43.152038   42.124841   -0.504    0.206  2
RGI60-12.00615     0.01596   42.696720   44.131923   -0.504    0.206  2
RGI60-12.01668     0.01586   43.522360   40.534989   -0.504    0.206  2
RGI60-12.00858     0.01584   43.328158   42.375540   -0.504    0.206  2
RGI60-12.00858     0.01569   43.321024   42.408326   -0.504    0.206  2
RGI60-12.01189     0.01564   43.332185   42.582751   -0.504    0.206  2
RGI60-12.00212     0.01549   43.104900   43.186711   -0.504    0.206  2
RGI60-12.01291     0.01541   43.197947   41.755774   -0.504    0.206  2
RGI60-12.01256     0.01520   43.212388   41.843546   -0.504    0.206  2
RGI60-12.01664     0.01516   43.615684   40.663909   -0.504    0.206  2
RGI60-12.00753     0.01511   43.388849   41.236864   -0.504    0.206  2
RGI60-12.01422     0.01485   42.535243   45.294907   -0.504    0.206  2
RGI60-12.01782     0.01484   32.396992   50.072202   -0.504    0.206  2
RGI60-12.01641     0.01481   43.889350   40.411712   -0.504    0.206  2
RGI60-12.00634     0.01466   43.265269   42.220342   -0.504    0.206  2
RGI60-12.01263     0.01434   42.802062   43.675109   -0.504    0.206  2
RGI60-12.01641     0.01427   43.898560   40.405501   -0.504    0.206  2
RGI60-12.01723     0.01425   32.280150   50.115210   -0.504    0.206  2
RGI60-12.00740     0.01424   42.882380   43.456966   -0.504    0.206  2
RGI60-12.00828     0.01420   43.179619   42.376040   -0.504    0.206  2
RGI60-12.00858     0.01410   43.318639   42.360348   -0.504    0.206  2
RGI60-12.01618     0.01400   43.954647   39.897252   -0.504    0.206  2
RGI60-12.01402     0.01390   42.636120   44.784326   -0.504    0.206  2
RGI60-12.00404     0.01367   43.366745   41.594243   -0.504    0.206  2
RGI60-12.01714     0.01365   32.308922   50.125420   -0.504    0.206  2
RGI60-12.01664     0.01359   43.620098   40.729799   -0.504    0.206  2
RGI60-12.01106     0.01358   42.758358   43.928134   -0.504    0.206  2
RGI60-12.00985     0.01344   43.305209   42.626179   -0.504    0.206  2
RGI60-12.00905     0.01341   42.801539   43.855379   -0.504    0.206  2
RGI60-12.00404     0.01335   43.376915   41.532193   -0.504    0.206  2
RGI60-12.01450     0.01332   42.488256   45.730972   -0.504    0.206  2
RGI60-12.00968     0.01323   43.092977   43.302962   -0.504    0.206  2
RGI60-12.01770     0.01323   32.396512   50.052894   -0.504    0.206  2
RGI60-12.01622     0.01322   43.819010   40.181970   -0.504    0.206  2
RGI60-12.01326     0.01317   39.501395   39.694723   -0.504    0.206  2
RGI60-12.01641     0.01297   43.882015   40.430909   -0.504    0.206  2
RGI60-12.01263     0.01286   42.812310   43.691304   -0.504    0.206  2
RGI60-12.00518     0.01282   43.377742   41.577593   -0.504    0.206  2
RGI60-12.00760     0.01280   43.303674   42.632315   -0.504    0.206  2
RGI60-12.01791     0.01276   32.441530   50.016236   -0.504    0.206  2
RGI60-12.01755     0.01275   32.419842   50.019138   -0.504    0.206  2
RGI60-12.00622     0.01273   43.116868   43.055756   -0.504    0.206  2
RGI60-12.00082     0.01273   43.305005   42.124480   -0.504    0.206  2
RGI60-12.01766     0.01267   32.410313   50.048139   -0.504    0.206  2
RGI60-12.01332     0.01252   39.469732   39.625768   -0.504    0.206  2
RGI60-12.01779     0.01246   32.397991   50.064401   -0.504    0.206  2
RGI60-12.01610     0.01234   41.274109   48.006386   -0.504    0.206  2
RGI60-12.01795     0.01231   32.433554   50.016939   -0.504    0.206  2
RGI60-12.00086     0.01219   43.331135   41.589802   -0.504    0.206  2
RGI60-12.00565     0.01218   43.249630   42.904951   -0.504    0.206  2
RGI60-12.01420     0.01217   42.634764   45.047251   -0.504    0.206  2
RGI60-12.01661     0.01217   43.514980   40.560326   -0.504    0.206  2
RGI60-12.01675     0.01216   42.791453   42.256216   -0.504    0.206  2
RGI60-12.01712     0.01215   32.285997   50.111693   -0.504    0.206  2
RGI60-12.01785     0.01215   32.389599   50.077490   -0.504    0.206  2
RGI60-12.01336     0.01209   39.464247   39.307499   -0.504    0.206  2
RGI60-12.01812     0.01205   33.259370   49.440805   -0.504    0.206  2
RGI60-12.01857     0.01179   36.318418   50.750365   -0.504    0.206  2
RGI60-12.00109     0.01173   43.302866   41.877260   -0.504    0.206  2
RGI60-12.01610     0.01173   41.269691   48.007164   -0.504    0.206  2
RGI60-12.01337     0.01164   39.464339   39.302293   -0.504    0.206  2
RGI60-12.01697     0.01158   30.917176   51.483760   -0.504    0.206  2
RGI60-12.00154     0.01156   43.309895   41.430785   -0.504    0.206  2
RGI60-12.01727     0.01140   32.310381   50.110305   -0.504    0.206  2
RGI60-12.00640     0.01133   43.457288   41.102731   -0.504    0.206  2
RGI60-12.01767     0.01113   32.404379   50.030129   -0.504    0.206  2
RGI60-12.01329     0.01110   39.447176   39.563007   -0.504    0.206  2
RGI60-12.01846     0.01110   36.364395   50.952143   -0.504    0.206  2
RGI60-12.00122     0.01109   43.234716   42.724227   -0.504    0.206  2
RGI60-12.01760     0.01109   32.421774   50.016992   -0.504    0.206  2
RGI60-12.01773     0.01106   32.408246   50.039001   -0.504    0.206  2
RGI60-12.01070     0.01106   43.081502   43.138365   -0.504    0.206  2
RGI60-12.01761     0.01099   32.425065   50.026619   -0.504    0.206  2
RGI60-12.01333     0.01091   39.480945   39.378779   -0.504    0.206  2
RGI60-12.01618     0.01075   43.993178   39.895923   -0.504    0.206  2
RGI60-12.01794     0.01070   32.440922   50.029405   -0.504    0.206  2
RGI60-12.01328     0.01067   39.453478   39.591842   -0.504    0.206  2
RGI60-12.01641     0.01066   43.893093   40.409029   -0.504    0.206  2
RGI60-12.01831     0.01061   35.970519   52.135623   -0.504    0.206  2
RGI60-12.00104     0.01053   42.987520   41.825663   -0.504    0.206  2
RGI60-12.01833     0.01044   35.939790   52.106915   -0.504    0.206  2
RGI60-12.00461     0.01042   43.276505   42.339193   -0.504    0.206  2
RGI60-12.01037     0.01037   43.171292   41.906981   -0.504    0.206  2
RGI60-12.01668     0.01028   43.530101   40.487979   -0.504    0.206  2
RGI60-12.01720     0.00990   32.299556   50.109814   -0.504    0.206  2
RGI60-12.01721     0.00971   32.282787   50.132662   -0.504    0.206  2
RGI60-12.00194     0.00970   43.315369   41.520087   -0.504    0.206  2
RGI60-12.00383     0.00967   42.735579   44.041517   -0.504    0.206  2
RGI60-12.01054     0.00959   43.228105   42.919279   -0.504    0.206  2
RGI60-12.01806     0.00958   33.260805   49.428456   -0.504    0.206  2
RGI60-12.01815     0.00945   34.668703   48.480018   -0.504    0.206  2
RGI60-12.01887     0.00943   38.245137   47.806829   -0.504    0.206  2
RGI60-12.01806     0.00929   33.246953   49.437292   -0.504    0.206  2
RGI60-12.01641     0.00926   43.884421   40.422570   -0.504    0.206  2
RGI60-12.00334     0.00907   42.570765   44.309504   -0.504    0.206  2
RGI60-12.00550     0.00903   43.168608   43.155809   -0.504    0.206  2
RGI60-12.01833     0.00893   35.948284   52.099810   -0.504    0.206  2
RGI60-12.01741     0.00892   32.343417   50.089757   -0.504    0.206  2
RGI60-12.01641     0.00877   43.886077   40.420490   -0.504    0.206  2
RGI60-12.01750     0.00872   32.413714   50.021601   -0.504    0.206  2
RGI60-12.01785     0.00870   32.396551   50.077341   -0.504    0.206  2
RGI60-12.01622     0.00867   43.807897   40.187857   -0.504    0.206  2
RGI60-12.01794     0.00864   32.442577   50.010548   -0.504    0.206  2
RGI60-12.01750     0.00864   32.412041   50.021311   -0.504    0.206  2
RGI60-12.01741     0.00851   32.373006   50.084127   -0.504    0.206  2
RGI60-12.01887     0.00841   38.245194   47.805038   -0.504    0.206  2
RGI60-12.01767     0.00831   32.397335   50.031224   -0.504    0.206  2
RGI60-12.01885     0.00808   38.267697   47.835928   -0.504    0.206  2
RGI60-12.01693     0.00805   30.930305   51.485169   -0.504    0.206  2
RGI60-12.01326     0.00797   39.502448   39.697446   -0.504    0.206  2
RGI60-12.01712     0.00788   32.282574   50.110208   -0.504    0.206  2
RGI60-12.01810     0.00786   33.355742   49.302566   -0.504    0.206  2
RGI60-12.01785     0.00781   32.390025   50.074452   -0.504    0.206  2
RGI60-12.01741     0.00778   32.340230   50.087602   -0.504    0.206  2
RGI60-12.01328     0.00773   39.451026   39.578841   -0.504    0.206  2
RGI60-12.01850     0.00772   36.342871   50.962567   -0.504    0.206  2
RGI60-12.01766     0.00771   32.407170   50.061221   -0.504    0.206  2
RGI60-12.01741     0.00760   32.368508   50.095008   -0.504    0.206  2
RGI60-12.01329     0.00757   39.446173   39.564400   -0.504    0.206  2
RGI60-12.01741     0.00752   32.363172   50.086149   -0.504    0.206  2
RGI60-12.01887     0.00747   38.244199   47.795507   -0.504    0.206  2
RGI60-12.01811     0.00746   33.303183   49.365141   -0.504    0.206  2
RGI60-12.01720     0.00744   32.302427   50.114003   -0.504    0.206  2
RGI60-12.01725     0.00742   32.306657   50.117098   -0.504    0.206  2
RGI60-12.01618     0.00742   43.989943   39.888785   -0.504    0.206  2
RGI60-12.01721     0.00733   32.285643   50.130984   -0.504    0.206  2
RGI60-12.01326     0.00726   39.489399   39.681239   -0.504    0.206  2
RGI60-12.01885     0.00725   38.266972   47.837784   -0.504    0.206  2
RGI60-12.00448     0.00712   43.406744   41.667447   -0.504    0.206  2
RGI60-12.01618     0.00703   43.996651   39.886008   -0.504    0.206  2
RGI60-12.01735     0.00699   32.381862   50.088855   -0.504    0.206  2
RGI60-12.01720     0.00687   32.292970   50.097511   -0.504    0.206  2
RGI60-12.01693     0.00686   30.929308   51.461335   -0.504    0.206  2
RGI60-12.01789     0.00676   32.396476   50.078660   -0.504    0.206  2
RGI60-12.01785     0.00674   32.387678   50.073571   -0.504    0.206  2
RGI60-12.01721     0.00674   32.272837   50.119935   -0.504    0.206  2
RGI60-12.01766     0.00672   32.407848   50.044287   -0.504    0.206  2
RGI60-12.01735     0.00671   32.384183   50.090625   -0.504    0.206  2
RGI60-12.01737     0.00669   32.375044   50.086257   -0.504    0.206  2
RGI60-12.01741     0.00669   32.338249   50.073738   -0.504    0.206  2
RGI60-12.01750     0.00654   32.421433   50.018738   -0.504    0.206  2
RGI60-12.01833     0.00646   35.947626   52.097751   -0.504    0.206  2
RGI60-12.01720     0.00643   32.289290   50.121049   -0.504    0.206  2
RGI60-12.01750     0.00636   32.419647   50.017052   -0.504    0.206  2
RGI60-12.01618     0.00632   43.991828   39.888971   -0.504    0.206  2
RGI60-12.01328     0.00627   39.459273   39.586738   -0.504    0.206  2
RGI60-12.01887     0.00626   38.239476   47.793212   -0.504    0.206  2
RGI60-12.01691     0.00624   30.900717   51.494032   -0.504    0.206  2
RGI60-12.01727     0.00623   32.309966   50.113656   -0.504    0.206  2
RGI60-12.01785     0.00621   32.385089   50.070465   -0.504    0.206  2
RGI60-12.01720     0.00616   32.300934   50.092479   -0.504    0.206  2
RGI60-12.01714     0.00613   32.314442   50.122551   -0.504    0.206  2
RGI60-12.01618     0.00610   43.988101   39.892571   -0.504    0.206  2
RGI60-12.01833     0.00604   35.948964   52.098225   -0.504    0.206  2
RGI60-12.01767     0.00602   32.399866   50.033765   -0.504    0.206  2
RGI60-12.01702     0.00599   32.339705   50.084809   -0.504    0.206  2
RGI60-12.01779     0.00596   32.403330   50.070686   -0.504    0.206  2
RGI60-12.01842     0.00591   36.371906   50.940208   -0.504    0.206  2
RGI60-12.01720     0.00580   32.303144   50.092684   -0.504    0.206  2
RGI60-12.01833     0.00579   35.949514   52.126873   -0.504    0.206  2
RGI60-12.01710     0.00578   32.287852   50.098156   -0.504    0.206  2
RGI60-12.01766     0.00576   32.396571   50.041543   -0.504    0.206  2
RGI60-12.01770     0.00572   32.398813   50.050701   -0.504    0.206  2
RGI60-12.01720     0.00571   32.304721   50.113850   -0.504    0.206  2
RGI60-12.01748     0.00569   32.376778   50.069696   -0.504    0.206  2
RGI60-12.01885     0.00568   38.274548   47.843447   -0.504    0.206  2
RGI60-12.01741     0.00563   32.335059   50.072028   -0.504    0.206  2
RGI60-12.01785     0.00562   32.397782   50.086856   -0.504    0.206  2
RGI60-12.01846     0.00552   36.366187   50.953489   -0.504    0.206  2
RGI60-12.01814     0.00551   34.666027   48.485477   -0.504    0.206  2
RGI60-12.01712     0.00546   32.285776   50.107673   -0.504    0.206  2
RGI60-12.01770     0.00546   32.394416   50.048605   -0.504    0.206  2
RGI60-12.01795     0.00531   32.433210   50.021547   -0.504    0.206  2
RGI60-12.01887     0.00527   38.241307   47.794757   -0.504    0.206  2
RGI60-12.01735     0.00525   32.381271   50.091095   -0.504    0.206  2
RGI60-12.01723     0.00511   32.282057   50.112623   -0.504    0.206  2
RGI60-12.01709     0.00507   32.305137   50.127630   -0.504    0.206  2
RGI60-12.01712     0.00505   32.285607   50.113001   -0.504    0.206  2
RGI60-12.01833     0.00504   35.944831   52.100408   -0.504    0.206  2
RGI60-12.01846     0.00501   36.358263   50.956156   -0.504    0.206  2
RGI60-12.01723     0.00499   32.282009   50.115808   -0.504    0.206  2
RGI60-12.01859     0.00497   36.319659   50.704720   -0.504    0.206  2
RGI60-12.01833     0.00484   35.946706   52.102785   -0.504    0.206  2
RGI60-12.01702     0.00484   32.341810   50.080041   -0.504    0.206  2
RGI60-12.01641     0.00483   43.894506   40.407115   -0.504    0.206  2
RGI60-12.01618     0.00481   43.996488   39.893366   -0.504    0.206  2
RGI60-12.01803     0.00471   33.319406   49.335882   -0.504    0.206  2
RGI60-12.01785     0.00470   32.378400   50.068882   -0.504    0.206  2
RGI60-12.01812     0.00465   33.256936   49.437183   -0.504    0.206  2
RGI60-12.01803     0.00465   33.320155   49.336810   -0.504    0.206  2
RGI60-12.01723     0.00464   32.273690   50.110578   -0.504    0.206  2
RGI60-12.01716     0.00463   32.301722   50.116831   -0.504    0.206  2
RGI60-12.01770     0.00462   32.396466   50.047737   -0.504    0.206  2
RGI60-12.01815     0.00461   34.673233   48.476330   -0.504    0.206  2
RGI60-12.01769     0.00459   32.401425   50.040374   -0.504    0.206  2
RGI60-12.01722     0.00459   32.290792   50.122706   -0.504    0.206  2
RGI60-12.01720     0.00456   32.291869   50.107725   -0.504    0.206  2
RGI60-12.01714     0.00451   32.310752   50.125961   -0.504    0.206  2
RGI60-12.01710     0.00439   32.289379   50.096497   -0.504    0.206  2
RGI60-12.01720     0.00437   32.293263   50.108380   -0.504    0.206  2
RGI60-12.01803     0.00433   33.322027   49.346490   -0.504    0.206  2
RGI60-12.01767     0.00421   32.397593   50.027428   -0.504    0.206  2
RGI60-12.01767     0.00416   32.399670   50.024555   -0.504    0.206  2
RGI60-12.01727     0.00415   32.313973   50.116607   -0.504    0.206  2
RGI60-12.01729     0.00414   32.277307   50.107915   -0.504    0.206  2
RGI60-12.01791     0.00412   32.441258   50.013959   -0.504    0.206  2
RGI60-12.01760     0.00410   32.421731   50.021508   -0.504    0.206  2
RGI60-12.01761     0.00410   32.417989   50.026987   -0.504    0.206  2
RGI60-12.01791     0.00401   32.440208   50.013478   -0.504    0.206  2
RGI60-12.01860     0.00400   36.319237   50.733453   -0.504    0.206  2
RGI60-12.01795     0.00398   32.435312   50.015660   -0.504    0.206  2
RGI60-12.01712     0.00397   32.281974   50.110119   -0.504    0.206  2
RGI60-12.01706     0.00395   32.336045   50.086753   -0.504    0.206  2
RGI60-12.01708     0.00395   32.285786   50.119441   -0.504    0.206  2
RGI60-12.01728     0.00394   32.293702   50.115768   -0.504    0.206  2
RGI60-12.01770     0.00391   32.395051   50.054868   -0.504    0.206  2
RGI60-12.01714     0.00387   32.305939   50.131903   -0.504    0.206  2
RGI60-12.01862     0.00386   36.333336   50.717111   -0.504    0.206  2
RGI60-12.01846     0.00384   36.364046   50.953078   -0.504    0.206  2
RGI60-12.01741     0.00383   32.354145   50.083840   -0.504    0.206  2
RGI60-12.01720     0.00383   32.292214   50.116956   -0.504    0.206  2
RGI60-12.01776     0.00383   32.393550   50.066092   -0.504    0.206  2
RGI60-12.01770     0.00377   32.399614   50.052436   -0.504    0.206  2
RGI60-12.01741     0.00372   32.351869   50.094102   -0.504    0.206  2
RGI60-12.01714     0.00371   32.314460   50.128173   -0.504    0.206  2
RGI60-12.01769     0.00367   32.397672   50.037363   -0.504    0.206  2
RGI60-12.01714     0.00361   32.310199   50.119564   -0.504    0.206  2
RGI60-12.01833     0.00357   35.947232   52.110037   -0.504    0.206  2
RGI60-12.01735     0.00356   32.389989   50.093720   -0.504    0.206  2
RGI60-12.01785     0.00355   32.385504   50.077519   -0.504    0.206  2
RGI60-12.01741     0.00354   32.351098   50.085838   -0.504    0.206  2
RGI60-12.01887     0.00351   38.240976   47.793267   -0.504    0.206  2
RGI60-12.01791     0.00349   32.442045   50.014394   -0.504    0.206  2
RGI60-12.01791     0.00349   32.441568   50.012311   -0.504    0.206  2
RGI60-12.01779     0.00344   32.403227   50.060295   -0.504    0.206  2
RGI60-12.01815     0.00343   34.675897   48.474645   -0.504    0.206  2
RGI60-12.01770     0.00335   32.402390   50.056574   -0.504    0.206  2
RGI60-12.01794     0.00329   32.436127   50.040882   -0.504    0.206  2
RGI60-12.01723     0.00329   32.282978   50.117231   -0.504    0.206  2
RGI60-12.01846     0.00328   36.371126   50.955802   -0.504    0.206  2
RGI60-12.01696     0.00320   30.956341   51.429884   -0.504    0.206  2
RGI60-12.01770     0.00312   32.399408   50.057544   -0.504    0.206  2
RGI60-12.01741     0.00310   32.352071   50.087379   -0.504    0.206  2
RGI60-12.01750     0.00303   32.416102   50.018242   -0.504    0.206  2
RGI60-12.01767     0.00302   32.398612   50.024613   -0.504    0.206  2
RGI60-12.01770     0.00299   32.396477   50.043873   -0.504    0.206  2
RGI60-12.01815     0.00289   34.674388   48.475014   -0.504    0.206  2
RGI60-12.01801     0.00288   33.336571   49.324571   -0.504    0.206  2
RGI60-12.01737     0.00287   32.379596   50.093147   -0.504    0.206  2
RGI60-12.01721     0.00283   32.283043   50.124839   -0.504    0.206  2
RGI60-12.01785     0.00279   32.384928   50.075633   -0.504    0.206  2
RGI60-12.01735     0.00274   32.380614   50.087989   -0.504    0.206  2
RGI60-12.01785     0.00271   32.388470   50.081990   -0.504    0.206  2
RGI60-12.01770     0.00263   32.398101   50.053448   -0.504    0.206  2
RGI60-12.01850     0.00259   36.343549   50.969585   -0.504    0.206  2
RGI60-12.01862     0.00258   36.318943   50.726856   -0.504    0.206  2
RGI60-12.01727     0.00258   32.312986   50.115361   -0.504    0.206  2
RGI60-12.01767     0.00256   32.406050   50.022949   -0.504    0.206  2
RGI60-12.01712     0.00253   32.288921   50.118041   -0.504    0.206  2
RGI60-12.01702     0.00252   32.337451   50.075942   -0.504    0.206  2
RGI60-12.01873     0.00250   36.528125   50.690851   -0.504    0.206  2
RGI60-12.01702     0.00242   32.339026   50.074514   -0.504    0.206  2
RGI60-12.01791     0.00242   32.440805   50.012657   -0.504    0.206  2
RGI60-12.01748     0.00241   32.354413   50.073580   -0.504    0.206  2
RGI60-12.01721     0.00240   32.288962   50.130233   -0.504    0.206  2
RGI60-12.01735     0.00239   32.382585   50.088687   -0.504    0.206  2
RGI60-12.01697     0.00236   30.920917   51.482395   -0.504    0.206  2
RGI60-12.01860     0.00234   36.320727   50.733713   -0.504    0.206  2
RGI60-12.01769     0.00231   32.397325   50.034594   -0.504    0.206  2
RGI60-12.01766     0.00230   32.405032   50.059505   -0.504    0.206  2
RGI60-12.01737     0.00225   32.372190   50.086148   -0.504    0.206  2
RGI60-12.01766     0.00221   32.409582   50.045770   -0.504    0.206  2
RGI60-12.01720     0.00219   32.303821   50.089296   -0.504    0.206  2
RGI60-12.01702     0.00214   32.337641   50.073186   -0.504    0.206  2
RGI60-12.01795     0.00209   32.434802   50.014343   -0.504    0.206  2
RGI60-12.01755     0.00207   32.419244   50.020125   -0.504    0.206  2
RGI60-12.01803     0.00207   33.321236   49.347991   -0.504    0.206  2
RGI60-12.01789     0.00206   32.398671   50.079013   -0.504    0.206  2
RGI60-12.01720     0.00202   32.305490   50.088443   -0.504    0.206  2
RGI60-12.01735     0.00198   32.389818   50.092024   -0.504    0.206  2
RGI60-12.01750     0.00197   32.415679   50.014890   -0.504    0.206  2
RGI60-12.01752     0.00197   32.419936   50.025225   -0.504    0.206  2
RGI60-12.01714     0.00194   32.308888   50.133431   -0.504    0.206  2
RGI60-12.01698     0.00193   32.338410   50.100664   -0.504    0.206  2
RGI60-12.01740     0.00193   32.369831   50.092235   -0.504    0.206  2
RGI60-12.01696     0.00187   30.954040   51.431616   -0.504    0.206  2
RGI60-12.01735     0.00182   32.383584   50.089660   -0.504    0.206  2
RGI60-12.01761     0.00182   32.428338   50.024967   -0.504    0.206  2
RGI60-12.01725     0.00175   32.301622   50.120901   -0.504    0.206  2
RGI60-12.01709     0.00173   32.306307   50.125138   -0.504    0.206  2
RGI60-12.01712     0.00173   32.288452   50.116108   -0.504    0.206  2
RGI60-12.01720     0.00169   32.302794   50.112581   -0.504    0.206  2
RGI60-12.01767     0.00168   32.400573   50.023851   -0.504    0.206  2
RGI60-12.01737     0.00168   32.381158   50.092132   -0.504    0.206  2
RGI60-12.01696     0.00162   30.958865   51.429009   -0.504    0.206  2
RGI60-12.01741     0.00160   32.352944   50.093505   -0.504    0.206  2
RGI60-12.01766     0.00155   32.404254   50.049858   -0.504    0.206  2
RGI60-12.01770     0.00155   32.395308   50.047188   -0.504    0.206  2
RGI60-12.01726     0.00154   32.289037   50.109345   -0.504    0.206  2
RGI60-12.01726     0.00153   32.291931   50.111335   -0.504    0.206  2
RGI60-12.01728     0.00152   32.295182   50.114502   -0.504    0.206  2
RGI60-12.01720     0.00151   32.296536   50.108187   -0.504    0.206  2
RGI60-12.01862     0.00147   36.320825   50.714838   -0.504    0.206  2
RGI60-12.01693     0.00145   30.925496   51.477661   -0.504    0.206  2
RGI60-12.01815     0.00144   34.675228   48.474817   -0.504    0.206  2
RGI60-12.01723     0.00143   32.278689   50.113926   -0.504    0.206  2
RGI60-12.01721     0.00138   32.285288   50.133320   -0.504    0.206  2
RGI60-12.01748     0.00136   32.376488   50.067604   -0.504    0.206  2
RGI60-12.01704     0.00135   32.343457   50.085819   -0.504    0.206  2
RGI60-12.01693     0.00134   30.924257   51.477404   -0.504    0.206  2
RGI60-12.01693     0.00133   30.925258   51.482192   -0.504    0.206  2
RGI60-12.01814     0.00130   34.665061   48.485628   -0.504    0.206  2
RGI60-12.01728     0.00126   32.294580   50.115908   -0.504    0.206  2
RGI60-12.01702     0.00122   32.343557   50.082852   -0.504    0.206  2
RGI60-12.01695     0.00121   30.945206   51.445862   -0.504    0.206  2
RGI60-12.01723     0.00114   32.278398   50.113271   -0.504    0.206  2
RGI60-12.01727     0.00114   32.311784   50.114787   -0.504    0.206  2
RGI60-12.01873     0.00112   36.514793   50.668370   -0.504    0.206  2
RGI60-12.01866     0.00111   36.528205   50.688949   -0.504    0.206  2
RGI60-12.01773     0.00109   32.407734   50.041270   -0.504    0.206  2
RGI60-12.01785     0.00108   32.385504   50.073875   -0.504    0.206  2
RGI60-12.01811     0.00105   33.298306   49.372394   -0.504    0.206  2
RGI60-12.01833     0.00104   35.943983   52.099206   -0.504    0.206  2
RGI60-12.01693     0.00101   30.923807   51.477921   -0.504    0.206  2
RGI60-12.01811     0.00100   33.299468   49.368645   -0.504    0.206  2
RGI60-12.01741     0.00098   32.342594   50.091172   -0.504    0.206  2
RGI60-12.01870     0.00092   36.510575   50.698948   -0.504    0.206  2
RGI60-12.01727     0.00091   32.313418   50.113774   -0.504    0.206  2
RGI60-12.01813     0.00089   34.661905   48.488857   -0.504    0.206  2
RGI60-12.01806     0.00088   33.255637   49.430048   -0.504    0.206  2
RGI60-12.01721     0.00088   32.283457   50.131622   -0.504    0.206  2
RGI60-12.01726     0.00085   32.290576   50.108518   -0.504    0.206  2
RGI60-12.01862     0.00083   36.332364   50.716335   -0.504    0.206  2
RGI60-12.01697     0.00081   30.899744   51.489322   -0.504    0.206  2
RGI60-12.01723     0.00081   32.273327   50.115225   -0.504    0.206  2
RGI60-12.01741     0.00080   32.360776   50.089956   -0.504    0.206  2
RGI60-12.01862     0.00077   36.318900   50.706298   -0.504    0.206  2
RGI60-12.01723     0.00076   32.279078   50.113934   -0.504    0.206  2
RGI60-12.01693     0.00073   30.928167   51.483057   -0.504    0.206  2
RGI60-12.01775     0.00068   32.411043   50.033231   -0.504    0.206  2
RGI60-12.01873     0.00067   36.521326   50.680725   -0.504    0.206  2
RGI60-12.01695     0.00061   30.943928   51.444753   -0.504    0.206  2
RGI60-12.01726     0.00060   32.289207   50.113108   -0.504    0.206  2
RGI60-12.01862     0.00059   36.337250   50.717023   -0.504    0.206  2
RGI60-12.01723     0.00056   32.274392   50.115103   -0.504    0.206  2
RGI60-12.01861     0.00054   36.320451   50.762220   -0.504    0.206  2
RGI60-12.01712     0.00054   32.283369   50.110351   -0.504    0.206  2
RGI60-12.01721     0.00051   32.279797   50.122619   -0.504    0.206  2
RGI60-12.01697     0.00050   30.919847   51.483014   -0.504    0.206  2
RGI60-12.01695     0.00046   30.944220   51.444092   -0.504    0.206  2
RGI60-12.01833     0.00044   35.946528   52.109993   -0.504    0.206  2
RGI60-12.01721     0.00044   32.280293   50.123155   -0.504    0.206  2
RGI60-12.01811     0.00041   33.304009   49.366861   -0.504    0.206  2
RGI60-12.01860     0.00037   36.319815   50.730312   -0.504    0.206  2
RGI60-12.01716     0.00036   32.292091   50.118875   -0.504    0.206  2
RGI60-12.01727     0.00034   32.312225   50.113306   -0.504    0.206  2
RGI60-12.01727     0.00031   32.310443   50.115823   -0.504    0.206  2
RGI60-12.01727     0.00025   32.310178   50.115726   -0.504    0.206  2
RGI60-12.01813     0.00023   34.662150   48.488426   -0.504    0.206  2
RGI60-12.01862     0.00020   36.331877   50.716232   -0.504    0.206  2
RGI60-12.01862     0.00015   36.321405   50.714568   -0.504    0.206  2
RGI60-12.01817     0.00015   35.769791   52.226987   -0.504    0.206  2
RGI60-12.01695     0.00014   30.945249   51.446269   -0.504    0.206  2
RGI60-12.01870     0.00010   36.510372   50.698688   -0.504    0.206  2
RGI60-12.01727     0.00008   32.311432   50.114790   -0.504    0.206  2
RGI60-12.01862     0.00007   36.332751   50.716576   -0.504    0.206  2
RGI60-12.01693     0.00006   30.924941   51.477476   -0.504    0.206  2
RGI60-12.01723     0.00002   32.278485   50.113575   -0.504    0.206  2
RGI60-12.01833     0.00002   35.949824   52.127674   -0.504    0.206  2
RGI60-12.01862     0.00002   36.332038   50.716334   -0.504    0.206  2
RGI60-12.01728     0.00002   32.294218   50.115946   -0.504    0.206  2
RGI60-12.01862     0.00001   36.319050   50.705796   -0.504    0.206  2
RGI60-12.01812     0.00000   33.257408   49.437749   -0.504    0.206  2
RGI60-12.01833     0.00000   35.946673   52.109903   -0.504    0.206  2
RGI60-12.01862     0.00000   36.319099   50.705702   -0.504    0.206  2
RGI60-12.01880     0.00000   38.268658   47.826196   -0.504    0.206  2
RGI60-12.01791     0.00000   32.472267   50.000446   -0.504    0.206  2
RGI60-12.01862     0.00000   36.319028   50.705823   -0.504    0.206  2
RGI60-12.01817     0.00000   35.769882   52.227049   -0.504    0.206  2
RGI60-12.01862     0.00000   36.323657   50.716587   -0.504    0.206  2
RGI60-12.01722     0.00000   32.289828   50.121851   -0.504    0.206  2
RGI60-12.01722     0.00000   32.289822   50.121848   -0.504    0.206  2
