Glacier-specific geodetic mass balance (m w.e. a-1) 2000_2020/ according to Hugonnet et al. (2021)
ID=1: measured, ID=2: regional mean
RGI-ID  Area  lat  lon  B  errB  ID
RGI60-15.11909   179.67601   29.334731   96.652584   -0.994    0.133  1
RGI60-15.06881   121.88733   30.802263   79.146174   -0.564    0.095  1
RGI60-15.11926    96.32034   29.215953   96.743257   -0.733    0.128  1
RGI60-15.09991    73.15683   28.048358   86.829881   -0.749    0.101  1
RGI60-15.02703    68.63400   27.741876   88.239248   -0.494    0.105  1
RGI60-15.10718    66.08105   28.117690   90.370847   -0.657    0.104  1
RGI60-15.09803    64.34142   27.986025   86.989561   -0.325    0.113  1
RGI60-15.03473    61.00665   28.053789   86.708018   -0.451    0.099  1
RGI60-15.02846    58.23264   27.800284   88.139293   -0.511    0.104  1
RGI60-15.12644    55.11524   29.160190   96.948170   -1.139    0.150  1
RGI60-15.07141    52.71939   30.892329   79.223552   -0.213    0.094  1
RGI60-15.06977    52.00852   30.918949   79.670281   -0.513    0.108  1
RGI60-15.07122    49.30597   30.777445   79.311185   -0.528    0.108  1
RGI60-15.06720    48.89270   30.534181   80.052497   -0.438    0.145  1
RGI60-15.01078    47.66881   30.400998   95.174692   -0.637    0.127  1
RGI60-15.09921    47.07595   28.146517   86.716393   -0.286    0.105  1
RGI60-15.09870    46.65305   27.921441   87.133777   -0.147    0.114  1
RGI60-15.00621    45.98475   30.302412   95.146969   -0.914    0.141  1
RGI60-15.09675    42.70955   28.285744   86.295765   -0.538    0.111  1
RGI60-15.04515    42.44659   28.507898   84.129236   -0.097    0.114  1
RGI60-15.01485    41.52968   28.025550   92.698211   -0.279    0.128  1
RGI60-15.07153    39.58797   30.822776   79.655412   -0.513    0.110  1
RGI60-15.01152    37.78213   29.625911   95.110252    0.022    0.171  1
RGI60-15.04121    37.77651   28.305004   85.701444   -0.581    0.120  1
RGI60-15.04151    36.06719   28.421651   84.687402   -0.246    0.132  1
RGI60-15.11880    35.58789   29.418508   96.423112   -0.547    0.121  1
RGI60-15.09255    35.03257   28.365056   85.146866   -0.187    0.114  1
RGI60-15.02231    34.41414   28.021027   90.440464   -0.601    0.114  1
RGI60-15.09474    34.18402   28.316069   85.750365   -0.598    0.121  1
RGI60-15.07034    34.08582   30.315211   79.821585   -0.276    0.124  1
RGI60-15.10299    34.05986   28.428744   85.692373   -0.805    0.125  1
RGI60-15.10147    33.26534   28.110724   86.613063   -0.654    0.109  1
RGI60-15.02709    32.17781   27.661057   88.095121   -0.519    0.110  1
RGI60-15.10755    32.04627   28.080796   90.472051   -0.292    0.104  1
RGI60-15.02229    31.55003   28.139837   90.152358   -0.372    0.109  1
RGI60-15.04541    31.29012   28.718816   84.449398   -0.072    0.130  1
RGI60-15.07500    30.67879   30.834550   78.884258   -0.251    0.103  1
RGI60-15.09408    29.99464   28.525795   85.542058   -0.595    0.126  1
RGI60-15.03619    29.94399   27.907972   87.005096   -0.831    0.128  1
RGI60-15.10994    29.94088   29.800339   82.727324   -0.772    0.130  1
RGI60-15.06666    29.87508   30.375319   80.321363   -0.585    0.131  1
RGI60-15.06558    29.63711   30.684092   79.342553   -0.640    0.116  1
RGI60-15.06563    29.57337   30.449536   79.986936   -0.454    0.154  1
RGI60-15.09361    29.16439   28.609071   85.427312   -0.584    0.126  1
RGI60-15.11888    28.83928   29.413655   96.511017   -0.658    0.121  1
RGI60-15.11003    28.62634   29.752325   82.798334   -0.664    0.119  1
RGI60-15.01077    28.59880   30.627639   95.119086   -0.850    0.140  1
RGI60-15.03448    28.55288   27.874610   86.533960   -0.444    0.112  1
RGI60-15.10434    28.35221   27.904175   88.108004   -0.466    0.105  1
RGI60-15.09871    28.25227   27.867704   87.131088   -0.233    0.116  1
RGI60-15.11823    28.22253   29.577050   96.080503   -0.740    0.142  1
RGI60-15.12500    28.15069   29.377819   96.463994   -0.266    0.123  1
RGI60-15.04676    27.88890   28.903087   84.167354   -0.395    0.121  1
RGI60-15.06574    27.80638   30.973666   79.182071   -0.156    0.103  1
RGI60-15.08775    27.43236   30.975243   79.270028   -0.373    0.105  1
RGI60-15.03422    27.14258   28.055015   86.577985   -0.718    0.120  1
RGI60-15.10135    26.82840   28.290584   86.438516   -1.001    0.131  1
RGI60-15.09459    26.79855   28.401445   85.648354   -0.499    0.120  1
RGI60-15.10055    26.70572   28.044844   86.936362   -0.409    0.097  1
RGI60-15.07893    25.84506   29.623227  101.943623   -0.180    0.119  1
RGI60-15.09729    25.83392   28.273523   86.374852   -0.376    0.113  1
RGI60-15.03206    25.72487   27.628445   88.154926   -0.096    0.109  1
RGI60-15.12112    25.48703   29.371781   96.040347   -0.774    0.134  1
RGI60-15.11957    25.38224   29.156535   96.897911   -1.017    0.158  1
RGI60-15.09771    25.33404   27.974037   86.480975   -0.829    0.124  1
RGI60-15.04438    25.21178   28.696386   83.303759   -0.255    0.111  1
RGI60-15.04833    24.76325   28.708906   83.243801   -0.129    0.111  1
RGI60-15.07374    24.73446   31.193125   78.576646   -0.479    0.139  1
RGI60-15.07886    24.55417   29.584865  101.913759   -0.728    0.141  1
RGI60-15.04415    24.25913   28.724327   83.395755   -0.236    0.109  1
RGI60-15.03366    23.82633   27.823549   87.019303   -0.479    0.115  1
RGI60-15.09500    23.44555   28.378767   85.817959   -0.274    0.117  1
RGI60-15.13104    22.69844   31.050758   79.450504   -0.484    0.105  1
RGI60-15.10232    22.50995   28.330951   86.364099   -0.414    0.113  1
RGI60-15.09426    22.41211   28.463706   85.579824   -0.662    0.129  1
RGI60-15.02644    21.80078   28.136774   89.998333   -0.624    0.119  1
RGI60-15.10255    21.34238   28.385990   85.750226   -0.227    0.112  1
RGI60-15.11855    21.28552   29.478272   96.274317   -0.835    0.151  1
RGI60-15.04070    21.04758   28.535463   84.594857   -0.175    0.124  1
RGI60-15.12605    20.81836   29.147833   96.757398   -0.669    0.158  1
RGI60-15.11019    20.76855   29.858199   82.662688   -0.572    0.134  1
RGI60-15.11867    20.69115   29.454895   96.342885   -0.835    0.137  1
RGI60-15.07872    20.14890   29.628955  101.869722   -0.287    0.124  1
RGI60-15.10180    19.81416   28.127234   86.660989   -0.132    0.108  1
RGI60-15.07158    19.47823   30.297957   79.898093   -0.520    0.161  1
RGI60-15.09805    19.16122   28.046187   87.006526   -0.279    0.107  1
RGI60-15.07851    19.13672   29.562749  101.857776   -0.311    0.126  1
RGI60-15.11240    19.08516   29.912769   95.978230   -0.568    0.171  1
RGI60-15.03733    19.08158   27.983612   86.870034   -0.446    0.106  1
RGI60-15.10689    18.92127   27.913391   88.898401   -0.598    0.120  1
RGI60-15.04830    18.89395   28.729868   83.521606   -0.351    0.119  1
RGI60-15.12594    18.80955   29.142803   96.711541   -0.596    0.142  1
RGI60-15.04785    18.79382   28.569686   83.850081   -0.398    0.122  1
RGI60-15.06607    18.72706   30.878541   78.962683   -0.421    0.112  1
RGI60-15.07025    18.48311   30.542728   79.957741   -0.352    0.155  1
RGI60-15.09792    18.46078   28.080281   86.542037   -0.442    0.117  1
RGI60-15.12829    18.07403   29.093517   97.119964   -0.885    0.144  1
RGI60-15.12566    17.97756   29.259324   96.651134    0.011    0.160  1
RGI60-15.07123    17.81873   30.845654   79.307318   -0.608    0.125  1
RGI60-15.06826    17.68464   30.907683   79.556728   -0.326    0.108  1
RGI60-15.12737    17.60429   29.151679   97.052222   -0.931    0.145  1
RGI60-15.10921    17.47075   28.062727   90.834679   -0.408    0.130  1
RGI60-15.03765    17.10038   27.757433   87.018138   -0.509    0.127  1
RGI60-15.11812    17.05264   29.574475   96.012865   -0.842    0.184  1
RGI60-15.04071    17.02504   28.489260   84.639922   -0.705    0.140  1
RGI60-15.08489    17.02272   29.737491   96.514610   -0.922    0.140  1
RGI60-15.05140    16.90535   28.518446   84.537059   -0.139    0.124  1
RGI60-15.01566    16.77334   28.082987   92.692670   -0.047    0.144  1
RGI60-15.07714    16.66819   31.807099   99.064710   -0.687    0.133  1
RGI60-15.01996    16.62948   27.826285   92.445202   -0.592    0.137  1
RGI60-15.01141    16.25763   29.583951   95.058751   -0.249    0.138  1
RGI60-15.10878    16.14218   28.232094   90.669520   -0.444    0.140  1
RGI60-15.09965    15.90343   28.108703   86.786271   -0.558    0.119  1
RGI60-15.09457    15.81779   28.313243   85.640621   -0.401    0.126  1
RGI60-15.04789    15.77517   28.623974   83.834408   -0.299    0.120  1
RGI60-15.11821    15.62862   29.665910   96.060511   -0.559    0.153  1
RGI60-15.03052    15.59623   27.897858   88.851635   -0.425    0.114  1
RGI60-15.07881    15.59248   29.757526  101.901856   -0.320    0.139  1
RGI60-15.09483    15.54325   28.336767   85.812378   -0.391    0.138  1
RGI60-15.09650    15.43557   28.283835   86.218527   -0.785    0.134  1
RGI60-15.07519    15.42576   31.028530   78.543280   -0.482    0.157  1
RGI60-15.04835    15.38447   28.759084   83.363535   -0.051    0.116  1
RGI60-15.11842    15.37264   29.533217   96.166082   -0.434    0.163  1
RGI60-15.04768    15.33198   28.607223   83.996645   -0.160    0.126  1
RGI60-15.11975    15.23863   29.216583   96.960436   -0.755    0.134  1
RGI60-15.12740    14.99678   29.097003   97.057548   -0.554    0.137  1
RGI60-15.09354    14.93994   28.576682   85.389775   -0.669    0.138  1
RGI60-15.10222    14.84152   28.323625   86.316607   -0.182    0.115  1
RGI60-15.11824    14.62799   29.621806   96.084554   -0.439    0.138  1
RGI60-15.12693    14.45888   29.155212   97.005440   -0.828    0.147  1
RGI60-15.04813    14.39981   28.556671   84.095125   -0.149    0.129  1
RGI60-15.04929    14.31504   29.130424   83.701169   -0.857    0.128  1
RGI60-15.03743    14.25454   27.923798   86.957913   -0.699    0.137  1
RGI60-15.04230    14.19223   28.162775   85.834126   -0.543    0.142  1
RGI60-15.10814    13.88950   28.065675   90.544880   -0.981    0.143  1
RGI60-15.04714    13.60402   28.754622   84.368363   -0.385    0.125  1
RGI60-15.06538    13.54249   30.227592   80.390618   -0.330    0.136  1
RGI60-15.12540    13.45540   29.321343   96.575534   -0.266    0.142  1
RGI60-15.08968    13.37200   30.034580   81.146610   -0.414    0.124  1
RGI60-15.02167    13.29485   28.044038   91.332050   -0.891    0.146  1
RGI60-15.03428    13.28408   27.921274   86.498816   -0.541    0.122  1
RGI60-15.09839    13.26119   27.931635   87.081499   -0.206    0.118  1
RGI60-15.07587    13.25689   30.893122   78.888752   -0.318    0.117  1
RGI60-15.07618    13.23112   30.997702   78.576507   -0.181    0.161  1
RGI60-15.10279    13.21280   28.579660   85.519629   -0.456    0.132  1
RGI60-15.10290    13.10454   28.467047   85.617257   -0.234    0.124  1
RGI60-15.11008    12.96882   29.712206   82.840537   -0.624    0.132  1
RGI60-15.03474    12.90933   28.046286   86.634553   -0.164    0.115  1
RGI60-15.07245    12.81783   30.256796   80.100405   -0.387    0.135  1
RGI60-15.12809    12.79322   29.064582   97.103680   -0.858    0.153  1
RGI60-15.04600    12.76356   28.709116   84.534002    0.157    0.132  1
RGI60-15.10070    12.63553   28.093628   86.954275   -0.428    0.113  1
RGI60-15.03417    12.59366   28.006449   86.755682   -0.600    0.126  1
RGI60-15.02637    12.50454   28.034841   90.515306   -0.924    0.153  1
RGI60-15.03734    12.44103   27.991796   86.799853   -0.578    0.124  1
RGI60-15.12613    12.42076   29.136983   96.805860   -2.081    0.253  1
RGI60-15.08054    12.37278   28.437110   98.712978   -0.496    0.137  1
RGI60-15.07165    12.33697   30.945481   79.295681   -0.389    0.117  1
RGI60-15.07508    12.24570   30.884755   78.839395   -0.285    0.117  1
RGI60-15.05606    12.19764   29.377870   82.721774   -0.482    0.163  1
RGI60-15.11517    12.19158   29.691863   96.528791   -0.567    0.132  1
RGI60-15.06385    12.17327   30.262149   80.409074   -0.374    0.126  1
RGI60-15.11849    12.05758   29.522632   96.219300   -0.430    0.170  1
RGI60-15.03188    11.98842   27.663035   88.247704   -0.199    0.123  1
RGI60-15.09781    11.96161   28.010029   86.496197   -0.381    0.121  1
RGI60-15.10342    11.87049   27.923987   87.887742   -0.735    0.134  1
RGI60-15.06358    11.86149   30.240565   80.694170   -0.382    0.123  1
RGI60-15.11973    11.86077   29.225851   96.919966   -0.592    0.131  1
RGI60-15.04119    11.83168   28.262351   85.644977   -0.388    0.137  1
RGI60-15.04860    11.79884   28.753819   83.188949   -0.628    0.132  1
RGI60-15.07086    11.79493   30.370649   79.802912   -0.072    0.128  1
RGI60-15.06564    11.78998   30.341300   79.760181   -0.246    0.117  1
RGI60-15.06559    11.73053   30.697213   79.738896   -0.504    0.131  1
RGI60-15.02698    11.70436   27.898194   88.155380   -0.665    0.126  1
RGI60-15.06519    11.69751   30.000730   81.079481   -0.565    0.130  1
RGI60-15.11839    11.67708   29.553027   96.133715   -0.444    0.150  1
RGI60-15.12479    11.65133   29.356318   96.411692   -0.687    0.151  1
RGI60-15.06961    11.63819   31.002976   79.486066   -0.204    0.115  1
RGI60-15.10860    11.55289   28.248462   90.625363   -0.339    0.133  1
RGI60-15.11241    11.52565   29.951237   95.974083   -0.264    0.190  1
RGI60-15.02866    11.51969   27.874230   88.187206   -0.562    0.126  1
RGI60-15.07075    11.50601   30.773609   79.610061   -0.760    0.138  1
RGI60-15.07501    11.49840   30.943108   78.842735   -0.048    0.117  1
RGI60-15.12587    11.49838   29.188445   96.683720   -0.201    0.145  1
RGI60-15.02831    11.45208   27.701323   88.265708   -0.081    0.128  1
RGI60-15.10879    11.35067   28.283101   90.673020   -0.429    0.135  1
RGI60-15.11789    11.34860   29.712848   95.895940   -0.088    0.186  1
RGI60-15.11444    11.31892   29.844448   96.399328   -0.891    0.155  1
RGI60-15.04258    11.31130   28.158556   85.798875   -0.614    0.145  1
RGI60-15.06095    11.30960   30.138628   81.826817   -0.460    0.142  1
RGI60-15.04101    11.24322   28.468883   84.721556   -0.057    0.145  1
RGI60-15.06611    11.22881   30.769116   79.009929   -0.468    0.123  1
RGI60-15.04717    11.20535   28.696273   84.379851   -0.349    0.136  1
RGI60-15.02077    11.18060   27.989799   91.490463   -0.688    0.132  1
RGI60-15.09106    11.17281   28.755961   84.482750   -0.216    0.119  1
RGI60-15.02373    10.95165   28.126606   90.317495   -0.855    0.144  1
RGI60-15.09249    10.88717   28.411688   85.135052    0.042    0.147  1
RGI60-15.12754    10.77661   29.065109   97.068583   -0.923    0.160  1
RGI60-15.12404    10.77365   29.527809   96.100610    0.100    0.215  1
RGI60-15.06472    10.72953   29.911356   81.481539   -0.333    0.120  1
RGI60-15.06094    10.72337   30.173900   81.866826   -1.067    0.156  1
RGI60-15.01127    10.63238   30.589497   95.105199   -0.762    0.161  1
RGI60-15.07073    10.58039   30.802923   79.591343   -0.529    0.133  1
RGI60-15.01971    10.57649   27.804864   92.408114   -0.500    0.153  1
RGI60-15.12526    10.51918   29.349304   96.531548   -0.165    0.149  1
RGI60-15.02371    10.49583   28.134504   90.276147   -0.546    0.126  1
RGI60-15.11782    10.48557   29.627609   95.864492   -0.850    0.207  1
RGI60-15.12448    10.45147   29.415790   96.328184   -0.677    0.177  1
RGI60-15.07173    10.43993   30.301449   80.007143   -0.092    0.169  1
RGI60-15.12079    10.43252   29.531740   95.932087   -0.230    0.236  1
RGI60-15.12116    10.38176   29.485503   96.069215   -0.333    0.165  1
RGI60-15.01024    10.38084   30.361448   95.319344   -0.737    0.156  1
RGI60-15.04176    10.27984   28.200093   85.747482   -0.796    0.149  1
RGI60-15.12686    10.25741   29.197733   96.996409   -0.713    0.142  1
RGI60-15.12403    10.20984   29.465960   96.084747   -0.275    0.182  1
RGI60-15.10437    10.19699   27.961554   88.119611   -0.155    0.116  1
RGI60-15.04098    10.16526   28.581596   84.587667   -0.070    0.133  1
RGI60-15.07873    10.12558   29.728487  101.856616   -0.611    0.145  1
RGI60-15.11199    10.11884   29.950913   95.925527   -0.559    0.189  1
RGI60-15.11820    10.05563   29.631652   96.041012   -0.525    0.160  1
RGI60-15.08053    10.00071   28.468891   98.697428   -0.555    0.137  1
RGI60-15.12786     9.95912   29.120004   97.104698   -0.860    0.157  1
RGI60-15.05997     9.95032   30.024226   80.905222   -0.253    0.123  1
RGI60-15.04631     9.92353   28.788067   84.418013   -0.175    0.126  1
RGI60-15.09377     9.92071   28.596048   85.478953   -0.756    0.148  1
RGI60-15.01950     9.85594   27.834392   92.385144   -0.242    0.136  1
RGI60-15.08915     9.83665   30.338747   80.811531   -0.489    0.125  1
RGI60-15.09858     9.80916   27.961644   87.110324   -0.146    0.136  1
RGI60-15.02358     9.80504   28.116171   90.083724   -0.667    0.136  1
RGI60-15.03150     9.80474   27.813096   88.212021   -0.810    0.138  1
RGI60-15.10999     9.77202   29.776923   82.775977   -0.545    0.128  1
RGI60-15.09350     9.69905   28.549340   85.368645   -0.712    0.151  1
RGI60-15.10815     9.69844   28.223187   90.551029   -0.269    0.129  1
RGI60-15.06314     9.60746   30.213774   80.465943   -0.591    0.143  1
RGI60-15.04653     9.59237   28.873656   84.196172   -0.275    0.133  1
RGI60-15.12723     9.51948   29.133516   97.039146   -0.838    0.157  1
RGI60-15.06561     9.48875   30.491938   79.896617   -0.496    0.160  1
RGI60-15.07716     9.43675   31.780804   99.094753   -0.716    0.139  1
RGI60-15.12435     9.42785   29.444600   96.297091   -0.202    0.138  1
RGI60-15.02789     9.38099   27.731109   88.082079   -0.200    0.118  1
RGI60-15.07912     9.34695   29.821743  101.931751   -0.244    0.132  1
RGI60-15.04858     9.29831   28.763285   83.127628   -0.609    0.135  1
RGI60-15.09587     9.29361   28.317511   86.242646   -0.779    0.141  1
RGI60-15.11794     9.26382   29.622695   95.914204   -0.243    0.216  1
RGI60-15.09862     9.23171   28.030454   87.119288   -0.482    0.129  1
RGI60-15.10721     9.20007   28.186114   90.364372   -0.173    0.114  1
RGI60-15.12925     9.17370   29.232785   97.275251   -0.956    0.152  1
RGI60-15.02771     9.17252   27.650454   88.018019   -0.308    0.129  1
RGI60-15.04998     9.14754   29.044422   83.639912   -0.932    0.141  1
RGI60-15.11007     9.14372   29.746966   82.832014   -0.404    0.126  1
RGI60-15.10407     9.09578   27.904850   88.056844   -0.599    0.126  1
RGI60-15.10413     9.09399   27.990320   88.068770   -0.321    0.124  1
RGI60-15.09760     9.07259   27.982383   86.418962   -0.196    0.143  1
RGI60-15.02384     9.06854   28.023954   90.313063   -0.706    0.127  1
RGI60-15.06606     9.06279   30.824819   79.003026   -0.252    0.125  1
RGI60-15.12470     9.05784   29.377110   96.396887   -0.032    0.161  1
RGI60-15.12493     9.00639   29.308783   96.445079   -0.284    0.136  1
RGI60-15.08660     8.91239   30.315093   95.871048   -0.214    0.192  1
RGI60-15.02856     8.91128   27.846242   88.089303   -0.549    0.131  1
RGI60-15.10663     8.85783   27.924449   87.807638   -1.126    0.165  1
RGI60-15.10243     8.83843   28.344778   86.424947   -0.271    0.119  1
RGI60-15.02896     8.81951   27.887691   87.946422   -0.426    0.128  1
RGI60-15.01637     8.80854   28.347670   91.120909   -0.416    0.124  1
RGI60-15.11779     8.75537   29.626716   95.825374   -0.681    0.208  1
RGI60-15.04763     8.75426   28.629667   83.895199   -0.341    0.128  1
RGI60-15.04793     8.70196   28.541305   83.811015   -0.198    0.131  1
RGI60-15.00639     8.69053   30.653375   95.176358   -0.704    0.148  1
RGI60-15.02274     8.65262   28.098391   89.839307   -0.663    0.135  1
RGI60-15.10839     8.63311   28.246002   90.583989   -0.496    0.133  1
RGI60-15.10972     8.62450   27.944198   88.857156   -0.408    0.123  1
RGI60-15.11904     8.60763   29.407303   96.596481   -0.462    0.149  1
RGI60-15.06987     8.54907   30.944752   79.524054   -0.279    0.121  1
RGI60-15.00234     8.50521   28.352482   97.476101   -0.736    0.138  1
RGI60-15.10906     8.49738   28.058407   90.775327   -0.814    0.150  1
RGI60-15.04766     8.47308   28.626404   83.940593   -0.427    0.131  1
RGI60-15.05194     8.41655   30.141656   82.160343   -0.442    0.131  1
RGI60-15.04060     8.38678   28.546455   84.979760   -0.198    0.145  1
RGI60-15.12246     8.37891   29.383078   96.075957   -0.392    0.152  1
RGI60-15.02263     8.36241   28.136413   89.867792   -0.572    0.132  1
RGI60-15.00957     8.33173   30.581824   95.150265   -0.449    0.146  1
RGI60-15.10373     8.30714   27.900847   87.984236   -0.659    0.136  1
RGI60-15.06556     8.29839   30.738530   79.727672   -0.638    0.143  1
RGI60-15.07072     8.29031   30.832323   79.571475   -0.507    0.129  1
RGI60-15.03217     8.28355   27.582311   88.109400   -0.357    0.128  1
RGI60-15.06896     8.24265   30.829271   79.397256   -0.454    0.133  1
RGI60-15.07042     8.23490   30.397981   80.361330   -0.690    0.157  1
RGI60-15.00368     8.21270   28.414622   98.682317   -0.328    0.154  1
RGI60-15.10987     8.18520   28.836626   84.424536   -0.488    0.130  1
RGI60-15.09271     8.17940   28.406947   85.173360    0.145    0.152  1
RGI60-15.10883     8.15449   28.262097   90.682894   -0.431    0.144  1
RGI60-15.02591     8.06071   28.034925   90.751265   -0.675    0.154  1
RGI60-15.10819     8.05449   28.096105   90.555367   -0.921    0.151  1
RGI60-15.08715     7.99640   31.011216   79.096827   -0.328    0.128  1
RGI60-15.01151     7.99607   29.574282   95.133242    0.005    0.204  1
RGI60-15.05830     7.94105   30.167901   81.814773   -0.460    0.137  1
RGI60-15.10912     7.91707   28.027688   90.817984   -0.434    0.142  1
RGI60-15.02319     7.89124   28.162603   89.912198   -0.502    0.131  1
RGI60-15.06597     7.87593   30.264425   79.832089   -0.427    0.162  1
RGI60-15.01004     7.80176   30.330690   95.211714   -0.567    0.154  1
RGI60-15.04757     7.80094   28.756488   84.036674   -0.362    0.139  1
RGI60-15.00406     7.79517   28.647211   98.190680   -1.065    0.197  1
RGI60-15.06674     7.77528   30.412880   80.238109   -0.266    0.149  1
RGI60-15.10240     7.76476   28.335197   86.400156   -0.356    0.125  1
RGI60-15.10778     7.74693   28.169795   90.503750   -0.335    0.128  1
RGI60-15.10653     7.73452   27.889309   87.762182   -0.627    0.140  1
RGI60-15.09308     7.71488   28.500702   85.301468   -0.512    0.150  1
RGI60-15.04220     7.69974   28.159147   85.747227   -0.378    0.147  1
RGI60-15.07376     7.68348   31.116353   78.521575   -0.567    0.160  1
RGI60-15.03149     7.65067   27.664727   88.051305   -0.313    0.136  1
RGI60-15.07439     7.64251   31.159454   78.593418   -0.148    0.172  1
RGI60-15.09876     7.62502   27.834024   87.164632    0.032    0.153  1
RGI60-15.02997     7.59811   27.699044   88.340607   -0.242    0.147  1
RGI60-15.04474     7.55118   28.609618   84.563488   -0.477    0.138  1
RGI60-15.04611     7.54787   28.839025   84.390499   -0.357    0.129  1
RGI60-15.09811     7.54450   28.119609   87.013903   -0.317    0.126  1
RGI60-15.02911     7.52856   27.944128   88.154195   -0.569    0.133  1
RGI60-15.06014     7.50932   30.134449   80.742400   -0.419    0.143  1
RGI60-15.13116     7.42267   30.338931   81.993426   -0.853    0.149  1
RGI60-15.07036     7.39827   30.452844   80.303719   -0.412    0.135  1
RGI60-15.09020     7.39771   30.417114   81.313917   -0.232    0.123  1
RGI60-15.08994     7.39069   30.429989   81.268184   -0.164    0.122  1
RGI60-15.06462     7.36837   29.967294   82.190438   -0.836    0.153  1
RGI60-15.10286     7.35196   28.524270   85.581320   -0.553    0.153  1
RGI60-15.09026     7.34226   30.454697   81.323364   -0.358    0.125  1
RGI60-15.07889     7.30750   29.546331  101.924875   -0.429    0.146  1
RGI60-15.10968     7.30452   28.149839   89.581206   -0.356    0.125  1
RGI60-15.01102     7.27988   30.202727   95.602688   -0.407    0.130  1
RGI60-15.10056     7.27231   28.122274   86.929241   -0.432    0.123  1
RGI60-15.10209     7.26508   28.315299   86.463298   -0.551    0.130  1
RGI60-15.07499     7.25973   31.028186   78.599586    0.213    0.168  1
RGI60-15.09283     7.25809   28.396555   85.200235   -0.030    0.168  1
RGI60-15.07112     7.25535   30.965701   79.513608   -0.229    0.124  1
RGI60-15.06701     7.24174   30.605296   80.005348   -0.284    0.182  1
RGI60-15.13044     7.23977   29.468574   97.395771   -1.270    0.163  1
RGI60-15.07164     7.22364   30.887968   79.292928   -0.423    0.132  1
RGI60-15.10765     7.21435   28.150021   90.481124   -0.216    0.125  1
RGI60-15.00186     7.20850   30.653638   99.433808   -1.644    0.190  1
RGI60-15.03049     7.18903   27.949347   88.821396   -0.559    0.132  1
RGI60-15.02897     7.17828   27.899509   87.910896   -0.704    0.145  1
RGI60-15.11011     7.15536   29.701170   82.865679   -0.643    0.143  1
RGI60-15.05762     7.14426   30.275791   81.440018   -1.083    0.157  1
RGI60-15.04679     7.12730   28.892281   84.103623    0.007    0.136  1
RGI60-15.12075     7.07978   29.591083   95.925407   -0.984    0.262  1
RGI60-15.08498     7.07496   29.724704   96.562084   -0.566    0.135  1
RGI60-15.09868     7.05491   28.050438   87.130791   -0.658    0.143  1
RGI60-15.01901     7.05305   27.844289   92.313200   -0.751    0.151  1
RGI60-15.12090     7.02957   29.376385   95.985395   -1.047    0.169  1
RGI60-15.03401     7.01185   27.854298   86.968618   -0.755    0.145  1
RGI60-15.00503     7.00062   28.453739   98.652981   -0.932    0.173  1
RGI60-15.07169     6.99434   30.843287   79.704773   -0.226    0.128  1
RGI60-15.11144     6.97582   29.965074   95.862132   -0.620    0.198  1
RGI60-15.04857     6.96383   28.718990   83.487183   -0.128    0.127  1
RGI60-15.10463     6.92069   27.965084   88.253724   -0.433    0.126  1
RGI60-15.02783     6.90156   27.705714   88.036648   -0.430    0.147  1
RGI60-15.03744     6.88381   27.995586   86.539252   -0.634    0.139  1
RGI60-15.12263     6.86463   29.289316   96.185043   -0.389    0.301  1
RGI60-15.12627     6.84798   29.111731   96.903843   -0.576    0.180  1
RGI60-15.09096     6.84227   30.265150   81.394383   -0.646    0.141  1
RGI60-15.06313     6.84217   30.234692   80.452165   -0.222    0.145  1
RGI60-15.08911     6.83719   30.372220   80.786956   -0.354    0.131  1
RGI60-15.03742     6.81948   27.926625   86.915283   -0.644    0.132  1
RGI60-15.00642     6.80354   30.631853   95.205750   -0.647    0.151  1
RGI60-15.08809     6.80188   31.039956   79.339590   -0.876    0.150  1
RGI60-15.09801     6.79724   28.104349   86.985546   -0.247    0.122  1
RGI60-15.06345     6.79487   30.195909   80.708453   -0.319    0.140  1
RGI60-15.09481     6.78976   28.213483   85.807257   -0.296    0.155  1
RGI60-15.10866     6.78521   28.216624   90.640831   -0.224    0.145  1
RGI60-15.13117     6.78228   30.439922   81.354683   -0.531    0.130  1
RGI60-15.12535     6.78194   29.134528   96.558865   -0.303    0.184  1
RGI60-15.06535     6.77102   30.424115   80.550334   -0.187    0.127  1
RGI60-15.01509     6.76647   27.928577   92.628226   -0.522    0.156  1
RGI60-15.12979     6.76520   29.201586   97.311008   -1.418    0.189  1
RGI60-15.11015     6.74695   29.896503   82.640255   -0.537    0.137  1
RGI60-15.08759     6.74375   31.015735   79.213136   -0.228    0.126  1
RGI60-15.06194     6.72861   29.897238   81.548496   -0.555    0.145  1
RGI60-15.11798     6.69762   29.687518   95.923180    1.056    0.236  1
RGI60-15.04149     6.68813   28.450847   84.633344    0.039    0.148  1
RGI60-15.03976     6.68635   28.345892   85.054817   -0.039    0.125  1
RGI60-15.06546     6.66592   30.172317   80.445477   -0.188    0.138  1
RGI60-15.07550     6.66233   31.021006   78.508297   -0.381    0.153  1
RGI60-15.07044     6.65262   30.434836   80.237089   -0.275    0.143  1
RGI60-15.12553     6.64239   29.291329   96.623267   -0.202    0.208  1
RGI60-15.01548     6.62195   28.034135   92.656064   -0.125    0.152  1
RGI60-15.03030     6.60228   27.912412   88.818766   -0.555    0.133  1
RGI60-15.11956     6.59807   29.211393   96.891504   -0.686    0.144  1
RGI60-15.02906     6.59089   27.893593   87.880625   -0.476    0.137  1
RGI60-15.01396     6.59068   28.156920   92.847183   -0.451    0.158  1
RGI60-15.07711     6.55880   31.831543   99.033982   -0.961    0.156  1
RGI60-15.06686     6.55579   30.542175   80.154182   -0.347    0.146  1
RGI60-15.09745     6.55066   27.953848   86.349093   -0.163    0.149  1
RGI60-15.04866     6.53525   28.759337   83.333488   -0.078    0.124  1
RGI60-15.11923     6.53327   29.285983   96.734785   -0.742    0.152  1
RGI60-15.12067     6.53320   29.344760   95.916744   -0.987    0.225  1
RGI60-15.07605     6.51944   30.849929   78.829204   -0.106    0.126  1
RGI60-15.13065     6.51416   28.986199   97.525193   -0.450    0.149  1
RGI60-15.04847     6.50812   28.827027   83.489980   -0.441    0.135  1
RGI60-15.02908     6.50718   27.919036   88.137132   -0.468    0.128  1
RGI60-15.10697     6.48925   27.876705   88.907691   -0.213    0.132  1
RGI60-15.00899     6.48857   30.191253   95.631160   -0.548    0.145  1
RGI60-15.04719     6.46758   28.709684   84.339484   -0.370    0.132  1
RGI60-15.08967     6.46292   30.068049   81.123257   -0.373    0.135  1
RGI60-15.04569     6.46239   28.737374   83.164504   -0.026    0.149  1
RGI60-15.10673     6.44728   27.956459   87.844754   -1.073    0.156  1
RGI60-15.04118     6.44617   28.433659   84.598607    0.016    0.130  1
RGI60-15.10965     6.42429   28.101158   89.527829   -0.409    0.124  1
RGI60-15.11897     6.41968   29.411396   96.561590   -0.443    0.151  1
RGI60-15.12827     6.41097   29.530341   97.118905   -1.172    0.171  1
RGI60-15.01631     6.40746   28.087005   92.643382   -0.241    0.162  1
RGI60-15.09491     6.40021   28.161032   85.869222   -0.411    0.174  1
RGI60-15.10130     6.39616   28.242960   86.710172   -0.387    0.123  1
RGI60-15.05181     6.38765   29.748861   82.389996   -1.253    0.216  1
RGI60-15.12547     6.37937   29.175002   96.586871    0.476    0.516  1
RGI60-15.01262     6.32790   29.992268   95.506180   -0.691    0.155  1
RGI60-15.08051     6.32039   28.494576   98.662826   -0.476    0.166  1
RGI60-15.06357     6.31442   30.256381   80.633933   -0.340    0.139  1
RGI60-15.09802     6.28758   28.080440   86.984889   -0.359    0.122  1
RGI60-15.05188     6.27836   30.329977   82.033309   -0.506    0.151  1
RGI60-15.11534     6.26085   29.674981   96.585589   -0.774    0.147  1
RGI60-15.10356     6.24224   27.919333   87.944384   -0.894    0.154  1
RGI60-15.07163     6.19810   30.917102   79.301645   -0.297    0.132  1
RGI60-15.11930     6.14032   29.265809   96.753576   -0.942    0.160  1
RGI60-15.12203     6.12444   29.147448   96.308128   -0.751    0.157  1
RGI60-15.12092     6.11347   29.545518   96.001808   -0.703    0.232  1
RGI60-15.00898     6.09915   30.196586   95.575297   -0.578    0.137  1
RGI60-15.11758     6.08818   29.753947   95.732453   -0.200    0.180  1
RGI60-15.07869     6.04408   29.663088  101.849715   -0.371    0.158  1
RGI60-15.07907     6.03606   29.778348  101.859468   -0.348    0.146  1
RGI60-15.09599     6.01425   28.335988   86.275021   -0.374    0.130  1
RGI60-15.08871     6.00460   30.581914   80.097060   -0.460    0.168  1
RGI60-15.08736     6.00260   31.018270   79.145726   -0.218    0.132  1
RGI60-15.02706     5.97988   27.792926   88.284654   -0.330    0.128  1
RGI60-15.01974     5.97204   27.774368   92.453992   -1.444    0.193  1
RGI60-15.05832     5.96916   30.138931   81.867614   -0.547    0.146  1
RGI60-15.07257     5.96712   30.409903   80.057319   -0.711    0.181  1
RGI60-15.06562     5.95630   30.433557   80.339047   -0.651    0.153  1
RGI60-15.12520     5.95555   29.364199   96.504108    0.135    0.154  1
RGI60-15.12579     5.93386   29.226663   96.669040   -0.163    0.161  1
RGI60-15.05116     5.91537   28.736141   83.283840   -0.135    0.144  1
RGI60-15.03435     5.90683   27.955112   86.540768   -0.574    0.147  1
RGI60-15.10779     5.90278   28.212097   90.498391   -0.597    0.140  1
RGI60-15.12756     5.89257   29.449429   97.069648   -0.826    0.159  1
RGI60-15.00885     5.87127   30.317158   95.415893   -0.456    0.138  1
RGI60-15.12248     5.83418   29.370243   96.103596   -0.193    0.201  1
RGI60-15.06709     5.83221   30.608993   79.947023   -0.237    0.192  1
RGI60-15.10181     5.82217   28.173219   86.661420   -0.111    0.118  1
RGI60-15.01356     5.81842   28.168256   92.744401   -0.474    0.159  1
RGI60-15.01502     5.81580   27.890034   92.553699   -0.887    0.178  1
RGI60-15.10459     5.81077   27.961183   88.198819   -0.302    0.132  1
RGI60-15.11906     5.77276   29.393859   96.628269   -0.699    0.185  1
RGI60-15.00835     5.75119   30.308182   95.642175   -0.821    0.162  1
RGI60-15.01107     5.74478   30.198158   95.546695   -0.619    0.143  1
RGI60-15.07846     5.73219   29.594851  101.849222   -0.345    0.154  1
RGI60-15.02888     5.71472   27.868129   88.005347   -0.846    0.161  1
RGI60-15.12294     5.70568   29.048309   96.375232   -0.153    0.157  1
RGI60-15.04100     5.68431   28.496906   84.578023    0.261    0.205  1
RGI60-15.11808     5.67310   29.579090   95.969355   -0.285    0.247  1
RGI60-15.10834     5.67018   28.227208   90.578075   -0.519    0.154  1
RGI60-15.10285     5.64814   28.552774   85.571769   -0.719    0.163  1
RGI60-15.07506     5.61831   30.812124   78.846360   -0.145    0.126  1
RGI60-15.07862     5.61014   29.532983  101.908913   -0.115    0.160  1
RGI60-15.04137     5.61007   28.571949   84.966523   -0.196    0.149  1
RGI60-15.08904     5.58303   30.415453   80.727529   -0.389    0.146  1
RGI60-15.06398     5.58006   30.128003   80.495472   -0.182    0.169  1
RGI60-15.02833     5.56996   27.654868   88.207057   -0.216    0.134  1
RGI60-15.12065     5.56753   29.561358   95.903251   -1.015    0.277  1
RGI60-15.12498     5.55975   29.208181   96.461827   -0.339    0.174  1
RGI60-15.07180     5.55779   30.273712   80.356139   -0.286    0.139  1
RGI60-15.00850     5.55392   30.279353   95.583307   -0.527    0.168  1
RGI60-15.01408     5.54623   28.175185   92.863880   -0.404    0.165  1
RGI60-15.02594     5.52362   28.024053   90.786900   -0.578    0.151  1
RGI60-15.11826     5.51533   29.595526   96.089332   -0.652    0.243  1
RGI60-15.06763     5.50941   30.478448   79.936856   -0.462    0.187  1
RGI60-15.10444     5.48281   27.988771   88.124112   -0.154    0.129  1
RGI60-15.05545     5.44268   29.291131   82.594350   -0.070    0.138  1
RGI60-15.05736     5.41784   29.427950   82.567262   -0.401    0.179  1
RGI60-15.11014     5.40988   29.891499   82.620988   -0.878    0.179  1
RGI60-15.07736     5.40287   31.464710  100.220666   -0.224    0.175  1
RGI60-15.12457     5.38224   29.329671   96.350222    0.656    0.335  1
RGI60-15.07555     5.37044   31.048266   78.568441   -0.457    0.174  1
RGI60-15.09338     5.35702   28.645891   85.413463   -0.483    0.162  1
RGI60-15.06555     5.33077   30.895937   79.020608   -0.232    0.141  1
RGI60-15.06981     5.32490   30.704435   79.285262   -0.300    0.134  1
RGI60-15.06557     5.31796   30.718462   79.674857   -0.492    0.149  1
RGI60-15.10464     5.31671   27.973348   88.272825   -0.478    0.137  1
RGI60-15.12032     5.30538   29.604644   95.804319   -0.552    0.537  1
RGI60-15.08166     5.29789   29.446971   97.416329   -0.843    0.147  1
RGI60-15.03986     5.29613   28.387898   84.657517   -0.108    0.153  1
RGI60-15.11422     5.28684   29.845998   96.364017   -0.612    0.152  1
RGI60-15.00655     5.28629   30.633339   95.323348   -0.923    0.166  1
RGI60-15.03337     5.26719   27.917690   88.802737   -0.437    0.133  1
RGI60-15.05196     5.26019   30.097023   82.155470   -0.448    0.141  1
RGI60-15.11527     5.25894   29.694651   96.557627   -0.611    0.161  1
RGI60-15.05575     5.24822   29.410309   82.611155   -0.353    0.160  1
RGI60-15.00872     5.24627   30.330727   95.505509   -0.852    0.162  1
RGI60-15.10076     5.24451   28.121132   86.967269   -0.329    0.128  1
RGI60-15.08130     5.23925   28.956963   97.620604   -0.804    0.165  1
RGI60-15.12186     5.23650   29.219850   96.246135   -0.562    0.166  1
RGI60-15.12200     5.23593   29.110989   96.298519   -0.162    0.217  1
RGI60-15.04442     5.22767   28.666273   83.752651   -0.154    0.143  1
RGI60-15.02862     5.22154   27.863529   88.064561   -0.549    0.141  1
RGI60-15.11420     5.21015   29.785419   96.350598   -0.704    0.262  1
RGI60-15.01690     5.20728   28.314971   91.115567   -0.440    0.158  1
RGI60-15.01182     5.20250   30.171482   95.551292   -0.185    0.142  1
RGI60-15.11761     5.20108   29.705021   95.747949   -0.662    0.256  1
RGI60-15.12622     5.19022   29.144875   96.866235   -1.108    0.202  1
RGI60-15.06551     5.16285   30.989917   79.135345   -0.191    0.128  1
RGI60-15.06727     5.15997   30.327363   79.964685   -0.425    0.179  1
RGI60-15.08127     5.15892   28.982817   97.612327   -0.517    0.136  1
RGI60-15.06595     5.15618   30.270716   79.787024   -0.253    0.163  1
RGI60-15.09475     5.15411   28.233484   85.776165   -0.484    0.156  1
RGI60-15.07572     5.14044   30.850016   78.927686   -0.143    0.127  1
RGI60-15.07344     5.12289   31.149863   78.843563   -0.375    0.133  1
RGI60-15.04834     5.12132   28.678306   83.224589   -0.232    0.136  1
RGI60-15.09492     5.11735   28.134188   85.887334   -0.554    0.164  1
RGI60-15.11172     5.11664   29.944191   95.897290   -0.098    0.784  1
RGI60-15.04568     5.11445   28.697139   83.537744   -0.044    0.224  1
RGI60-15.12439     5.11393   29.393456   96.309276   -0.066    0.281  1
RGI60-15.06515     5.07357   29.848386   81.063400   -0.682    0.158  1
RGI60-15.10695     5.06139   27.863988   88.894004   -0.699    0.143  1
RGI60-15.01491     5.06100   27.862235   92.512704   -0.488    0.148  1
RGI60-15.03673     5.03340   27.796057   87.797577   -0.841    0.159  1
RGI60-15.01181     5.03095   30.178775   95.522836   -0.443    0.145  1
RGI60-15.12624     5.01311   29.117708   96.875194   -0.300    0.181  1
RGI60-15.02235     5.01253   27.828749   89.322035   -0.552    0.141  1
RGI60-15.01263     4.96865   30.008752   95.447105   -0.709    0.156  1
RGI60-15.09765     4.96707   27.922117   86.449237   -0.566    0.145  1
RGI60-15.01683     4.95839   28.328805   91.141044   -0.390    0.165  1
RGI60-15.10892     4.95339   28.079625   90.716836   -0.929    0.170  1
RGI60-15.06552     4.94001   30.976271   79.109968   -0.225    0.129  1
RGI60-15.07735     4.93089   31.472224  100.194623   -0.427    0.199  1
RGI60-15.11579     4.93073   29.569024   96.662358   -0.497    0.168  1
RGI60-15.05103     4.92711   28.780709   83.098215   -0.654    0.143  1
RGI60-15.04780     4.92189   28.589004   83.897950   -0.042    0.137  1
RGI60-15.08998     4.92087   30.451606   81.273463   -0.068    0.127  1
RGI60-15.01098     4.91833   30.253907   95.576673   -0.564    0.172  1
RGI60-15.06623     4.91196   30.757588   79.107503   -0.340    0.136  1
RGI60-15.00194     4.91159   30.644196   99.456511   -1.241    0.178  1
RGI60-15.06321     4.90945   30.122155   80.458121   -0.018    0.144  1
RGI60-15.04627     4.89990   28.770792   84.400553   -0.081    0.133  1
RGI60-15.10283     4.89042   28.567300   85.555560   -0.247    0.143  1
RGI60-15.09438     4.88908   28.317179   85.608442   -0.247    0.157  1
RGI60-15.12217     4.87909   29.034748   96.360590   -0.308    0.165  1
RGI60-15.09383     4.87121   28.549688   85.497662   -0.332    0.141  1
RGI60-15.09348     4.87057   28.534030   85.347293   -0.576    0.163  1
RGI60-15.02163     4.87004   28.018055   91.443408   -0.514    0.140  1
RGI60-15.07910     4.86494   29.799664  101.890171   -0.433    0.158  1
RGI60-15.09331     4.85133   28.601500   85.376832   -0.595    0.152  1
RGI60-15.02942     4.84656   27.959820   88.684335   -1.002    0.168  1
RGI60-15.11750     4.83897   29.783279   95.640825   -0.755    0.184  1
RGI60-15.08766     4.83509   30.993445   79.226400   -0.184    0.129  1
RGI60-15.07583     4.82302   30.925586   78.866225   -0.079    0.131  1
RGI60-15.03403     4.82002   27.873319   86.885367   -0.427    0.137  1
RGI60-15.10205     4.81476   28.217425   86.699793   -0.211    0.138  1
RGI60-15.04603     4.81319   28.647853   84.547273   -0.079    0.139  1
RGI60-15.01096     4.79240   30.301766   95.586383   -0.529    0.159  1
RGI60-15.01034     4.78085   30.347712   95.137408   -0.558    0.165  1
RGI60-15.09478     4.78054   28.305928   85.792239   -0.313    0.146  1
RGI60-15.12762     4.77097   29.536042   97.075676   -0.901    0.164  1
RGI60-15.03784     4.75749   27.843563   86.900663   -0.748    0.148  1
RGI60-15.05211     4.75667   29.861596   82.623325   -0.433    0.158  1
RGI60-15.04867     4.74515   28.780968   83.426350   -0.817    0.164  1
RGI60-15.08812     4.73728   31.059369   79.365877   -1.008    0.148  1
RGI60-15.02162     4.73298   28.029793   91.416670   -0.701    0.145  1
RGI60-15.10448     4.73276   27.969503   88.156356   -0.101    0.129  1
RGI60-15.07148     4.72834   31.019375   79.467698   -0.306    0.131  1
RGI60-15.04497     4.71989   28.557442   84.009337    0.150    0.177  1
RGI60-15.02369     4.71329   28.124372   90.221210   -0.723    0.153  1
RGI60-15.07315     4.70478   31.204434   78.631990   -0.350    0.188  1
RGI60-15.10784     4.70445   28.196069   90.509920   -0.482    0.143  1
RGI60-15.12411     4.70060   29.457251   96.130329   -0.035    0.603  1
RGI60-15.10787     4.68468   28.086248   90.514057   -0.340    0.133  1
RGI60-15.10859     4.68315   28.206148   90.622878   -0.400    0.160  1
RGI60-15.11752     4.67477   29.779983   95.668568   -0.209    0.296  1
RGI60-15.04809     4.65685   28.529610   84.173713   -0.332    0.151  1
RGI60-15.12871     4.65617   29.426232   97.174773   -0.922    0.174  1
RGI60-15.11833     4.63946   29.661252   96.115115   -0.348    0.319  1
RGI60-15.10967     4.63743   28.129814   89.559622   -0.744    0.148  1
RGI60-15.12033     4.63197   29.348388   95.805144   -1.263    0.635  1
RGI60-15.08138     4.62146   29.019092   97.638623   -0.465    0.140  1
RGI60-15.11256     4.62073   29.870360   96.006609   -0.610    0.317  1
RGI60-15.10564     4.61775   28.185465   87.594070   -0.911    0.173  1
RGI60-15.13092     4.61704   28.935892   97.616811   -0.987    0.166  1
RGI60-15.12104     4.58805   29.543926   96.024332   -0.157    0.431  1
RGI60-15.11150     4.57767   29.940520   95.875145    0.399    0.794  1
RGI60-15.01634     4.57244   28.060917   92.649023   -0.253    0.163  1
RGI60-15.12289     4.52411   29.093066   96.355972   -0.300    0.140  1
RGI60-15.09486     4.52284   28.193294   85.833793   -0.361    0.151  1
RGI60-15.10738     4.52093   28.112875   90.428603   -0.258    0.134  1
RGI60-15.11069     4.50062   30.309521   95.798286   -0.811    0.484  1
RGI60-15.09578     4.49821   28.292972   86.180367   -0.705    0.147  1
RGI60-15.05967     4.49595   30.030062   80.978994   -0.428    0.141  1
RGI60-15.06789     4.48772   30.654843   79.724702   -0.624    0.154  1
RGI60-15.05444     4.48212   29.127454   82.744776   -0.085    0.181  1
RGI60-15.09799     4.47976   28.119379   86.555680   -0.581    0.143  1
RGI60-15.06055     4.45347   30.044241   80.923653   -0.020    0.137  1
RGI60-15.09194     4.45262   28.592949   84.962270   -0.153    0.210  1
RGI60-15.11381     4.44781   29.910531   96.298421   -0.758    0.346  1
RGI60-15.01918     4.44044   27.870072   92.306503   -0.575    0.150  1
RGI60-15.06038     4.43391   30.180396   80.500331   -0.433    0.159  1
RGI60-15.11963     4.43354   29.287773   96.907886   -0.721    0.175  1
RGI60-15.12873     4.43172   29.390826   97.176629   -1.311    0.195  1
RGI60-15.10473     4.41319   27.996338   88.354015   -0.640    0.141  1
RGI60-15.03618     4.41046   27.927243   87.036757   -0.135    0.130  1
RGI60-15.02420     4.40539   27.926776   90.276116   -0.738    0.143  1
RGI60-15.00868     4.39686   30.338628   95.531619   -0.703    0.149  1
RGI60-15.04720     4.39136   28.676429   84.309620   -0.205    0.132  1
RGI60-15.08485     4.36902   29.780936   96.488364   -0.836    0.154  1
RGI60-15.06741     4.36133   30.250376   80.036547    0.029    0.140  1
RGI60-15.02008     4.35878   27.865264   92.433024   -0.430    0.157  1
RGI60-15.01599     4.35461   27.896091   92.611383   -0.206    0.172  1
RGI60-15.04232     4.34849   28.148411   85.667650   -0.465    0.148  1
RGI60-15.07168     4.34442   30.854738   79.715895   -0.509    0.144  1
RGI60-15.12221     4.33169   29.020011   96.385070   -0.694    0.193  1
RGI60-15.13061     4.33116   28.966196   97.508990   -0.434    0.158  1
RGI60-15.06539     4.32745   30.208696   80.405151    0.015    0.174  1
RGI60-15.11949     4.32543   29.178398   96.844042   -0.634    0.183  1
RGI60-15.11492     4.31517   29.720691   96.462422   -0.915    0.165  1
RGI60-15.03551     4.31241   27.829299   86.424613   -0.441    0.141  1
RGI60-15.10573     4.30843   28.054525   87.595928   -0.567    0.169  1
RGI60-15.08502     4.30592   29.702544   96.577758   -0.638    0.163  1
RGI60-15.03595     4.30531   27.686296   86.885368   -0.370    0.141  1
RGI60-15.03684     4.29302   27.812886   87.774680   -0.441    0.144  1
RGI60-15.05313     4.28966   29.766736   82.350143   -0.544    0.187  1
RGI60-15.06554     4.28707   30.974441   79.341526   -0.352    0.134  1
RGI60-15.12552     4.28585   29.163248   96.615189    0.189    0.509  1
RGI60-15.06723     4.28470   30.375878   80.052731   -0.582    0.174  1
RGI60-15.01577     4.28090   28.113506   92.656758   -0.309    0.157  1
RGI60-15.02885     4.27675   27.866555   87.977140   -0.289    0.132  1
RGI60-15.07289     4.27305   30.235205   80.132689    0.122    0.441  1
RGI60-15.06730     4.25916   30.317510   79.885657    0.082    0.203  1
RGI60-15.12151     4.25715   29.352481   96.036363   -1.147    0.212  1
RGI60-15.02663     4.24616   27.820542   89.293958   -0.612    0.158  1
RGI60-15.05879     4.24129   30.317066   80.412580   -0.673    0.169  1
RGI60-15.12889     4.23797   29.442043   97.201358   -0.928    0.177  1
RGI60-15.10741     4.23726   28.099673   90.444297   -0.034    0.132  1
RGI60-15.06728     4.23130   30.348528   79.895671    0.287    0.243  1
RGI60-15.04075     4.22342   28.258257   85.572659    0.026    0.188  1
RGI60-15.11803     4.21923   29.665908   95.939368    0.076    0.638  1
RGI60-15.06854     4.21808   30.943697   79.360293   -0.554    0.141  1
RGI60-15.02578     4.21775   28.020093   90.608209   -1.258    0.189  1
RGI60-15.01338     4.21745   28.164092   92.694418   -0.585    0.167  1
RGI60-15.11271     4.19851   29.784933   96.027003   -0.600    0.381  1
RGI60-15.10276     4.19497   28.624947   85.475445   -0.931    0.181  1
RGI60-15.10897     4.18555   28.063349   90.743036   -1.050    0.183  1
RGI60-15.05402     4.18368   29.405794   82.694453   -0.399    0.199  1
RGI60-15.10426     4.17562   28.006477   88.095065   -0.371    0.136  1
RGI60-15.04024     4.16955   28.454682   84.580245   -0.192    0.147  1
RGI60-15.12153     4.15635   29.330391   96.054200   -0.649    0.192  1
RGI60-15.11029     4.15019   29.952707   95.723730   -0.457    0.266  1
RGI60-15.11770     4.14131   29.749629   95.783791   -0.099    0.274  1
RGI60-15.12152     4.13883   29.336626   96.040675   -0.151    0.170  1
RGI60-15.09785     4.13766   28.032274   86.521080   -0.760    0.181  1
RGI60-15.07582     4.13160   30.916204   78.875412   -0.147    0.134  1
RGI60-15.10456     4.11710   27.965641   88.177003   -0.194    0.132  1
RGI60-15.10840     4.10908   28.035696   90.585417   -0.582    0.152  1
RGI60-15.02473     4.10781   28.055267   90.370480   -0.147    0.130  1
RGI60-15.10796     4.10464   28.240438   90.530575   -0.225    0.135  1
RGI60-15.11266     4.09235   29.881096   96.027622   -0.796    0.270  1
RGI60-15.10146     4.09219   28.170597   86.570558   -0.216    0.129  1
RGI60-15.05773     4.09106   30.180603   81.635577   -0.769    0.166  1
RGI60-15.10247     4.09065   28.358130   86.442609   -0.307    0.131  1
RGI60-15.07740     4.08944   31.455058  100.248782   -0.400    0.166  1
RGI60-15.12293     4.08101   29.091164   96.374922   -0.015    0.229  1
RGI60-15.09795     4.07623   28.169085   86.552075   -0.389    0.147  1
RGI60-15.06331     4.07387   30.171573   80.736558    0.046    0.156  1
RGI60-15.01166     4.07043   30.290613   95.525149   -0.611    0.178  1
RGI60-15.05933     4.06705   30.018243   81.012147   -0.503    0.146  1
RGI60-15.05142     4.06001   28.565548   84.556246    0.079    0.158  1
RGI60-15.12958     4.05792   29.217659   97.297213   -0.947    0.161  1
RGI60-15.09267     4.05781   28.508875   85.168166   -0.210    0.218  1
RGI60-15.07346     4.05708   31.131121   78.860535   -0.338    0.138  1
RGI60-15.07071     4.05676   30.854795   79.577555   -0.385    0.130  1
RGI60-15.09744     4.04471   27.981503   86.334183   -0.112    0.149  1
RGI60-15.01089     4.04015   30.323625   95.580172   -0.829    0.177  1
RGI60-15.11269     4.03842   29.825233   96.025707   -0.639    0.450  1
RGI60-15.07839     4.02394   29.679672  101.831153   -0.596    0.199  1
RGI60-15.12111     4.01410   29.469640   96.034322   -1.033    0.547  1
RGI60-15.12215     4.01229   29.072919   96.355300   -0.434    0.187  1
RGI60-15.04693     4.01107   28.838234   84.175399   -0.304    0.150  1
RGI60-15.10890     4.00505   28.298144   90.713361   -0.316    0.164  1
RGI60-15.09056     3.99589   30.473551   81.353878   -0.263    0.132  1
RGI60-15.12061     3.97728   29.613560   95.893008    0.349    0.721  1
RGI60-15.03697     3.96169   27.849917   87.772647   -0.245    0.141  1
RGI60-15.06320     3.94706   30.142244   80.459482   -0.180    0.160  1
RGI60-15.06754     3.94562   30.245428   80.059811    0.074    0.164  1
RGI60-15.06347     3.92335   30.217050   80.742328   -0.434    0.151  1
RGI60-15.02883     3.91972   27.841260   87.990741   -0.379    0.136  1
RGI60-15.01002     3.91708   30.315303   95.227616   -0.322    0.160  1
RGI60-15.02072     3.91024   27.947426   91.499954   -0.307    0.138  1
RGI60-15.04865     3.90962   28.753733   83.317663   -0.076    0.135  1
RGI60-15.07871     3.90749   29.690012  101.859880   -0.610    0.178  1
RGI60-15.03599     3.90357   27.664491   86.879212   -0.382    0.138  1
RGI60-15.04492     3.89148   28.736387   84.053189   -0.140    0.147  1
RGI60-15.06807     3.88230   30.752234   79.680011   -0.450    0.162  1
RGI60-15.02201     3.87874   28.069195   91.312922   -0.824    0.154  1
RGI60-15.02375     3.87464   28.086867   90.349355   -1.020    0.168  1
RGI60-15.04831     3.87240   28.664918   83.488482   -0.285    0.144  1
RGI60-15.05968     3.87150   30.036328   80.951782   -0.418    0.146  1
RGI60-15.10943     3.86521   27.860912   89.313937   -0.377    0.160  1
RGI60-15.12464     3.86393   29.412079   96.372500   -0.199    0.258  1
RGI60-15.08866     3.86231   30.602964   80.075031   -0.095    0.185  1
RGI60-15.04855     3.86032   28.754586   83.533368   -0.107    0.145  1
RGI60-15.12091     3.85353   29.560050   95.986542   -0.720    0.371  1
RGI60-15.01903     3.85232   27.820865   92.296274   -0.827    0.176  1
RGI60-15.09303     3.84264   28.515587   85.271219   -0.399    0.169  1
RGI60-15.10088     3.84113   28.135423   86.999302   -0.506    0.142  1
RGI60-15.01949     3.84045   27.846055   92.412801   -0.448    0.148  1
RGI60-15.02052     3.83208   27.969210   91.631141   -0.297    0.202  1
RGI60-15.12066     3.82803   29.540346   95.900911   -0.611    0.629  1
RGI60-15.02440     3.82586   27.903786   90.298847   -0.398    0.139  1
RGI60-15.12870     3.81896   29.363615   97.173291   -0.751    0.176  1
RGI60-15.11827     3.81795   29.676704   96.093948   -0.323    0.314  1
RGI60-15.09807     3.81534   28.103362   87.013845   -0.277    0.134  1
RGI60-15.09389     3.81458   28.518758   85.507471   -0.428    0.160  1
RGI60-15.04786     3.81350   28.524492   83.846028   -0.114    0.141  1
RGI60-15.04778     3.81172   28.589261   83.919527   -0.025    0.142  1
RGI60-15.04776     3.81039   28.564555   83.967408   -0.164    0.147  1
RGI60-15.10604     3.80523   28.068926   87.609032   -0.423    0.175  1
RGI60-15.10928     3.79939   28.041818   90.859167   -0.554    0.170  1
RGI60-15.04148     3.79608   28.438570   84.624835    0.538    0.158  1
RGI60-15.08900     3.79204   30.426625   80.697002   -0.868    0.154  1
RGI60-15.06845     3.79145   30.914251   79.375230   -0.488    0.138  1
RGI60-15.07864     3.78487   29.505581  101.924551   -0.386    0.221  1
RGI60-15.09380     3.77946   28.567622   85.490844   -0.345    0.152  1
RGI60-15.10846     3.75809   28.111573   90.598920   -0.871    0.170  1
RGI60-15.10467     3.74224   27.982379   88.290913   -0.425    0.145  1
RGI60-15.03142     3.73565   27.873565   87.962021   -0.287    0.135  1
RGI60-15.09241     3.72458   28.453374   85.115444   -0.096    0.187  1
RGI60-15.05866     3.72317   30.404790   80.675865   -0.537    0.148  1
RGI60-15.01557     3.70883   28.043158   92.755101   -0.034    0.175  1
RGI60-15.11416     3.70825   29.847361   96.344895   -0.415    0.220  1
RGI60-15.01494     3.70489   27.891257   92.526626   -0.565    0.165  1
RGI60-15.04583     3.70386   28.753084   83.423581   -0.061    0.136  1
RGI60-15.03973     3.70266   28.377367   85.089315   -0.585    0.161  1
RGI60-15.09923     3.68981   28.240986   86.733899   -0.180    0.143  1
RGI60-15.09309     3.68958   28.515860   85.315595   -0.414    0.163  1
RGI60-15.03735     3.68873   27.945605   86.867746   -0.342    0.135  1
RGI60-15.03359     3.68796   27.832954   88.745930   -0.787    0.160  1
RGI60-15.10254     3.68466   28.403412   85.729300   -0.245    0.140  1
RGI60-15.07301     3.68148   30.360024   79.980458   -0.033    0.286  1
RGI60-15.02873     3.67676   27.890461   88.034186   -0.596    0.148  1
RGI60-15.11415     3.67557   29.809002   96.340421   -0.175    0.194  1
RGI60-15.11205     3.67486   29.828968   95.932410   -1.476    0.435  1
RGI60-15.00232     3.67439   28.366985   97.506733   -0.489    0.145  1
RGI60-15.10567     3.66765   28.084598   87.592927   -0.297    0.182  1
RGI60-15.06576     3.66551   31.029311   79.411370   -0.333    0.133  1
RGI60-15.12056     3.66525   29.406304   95.880422   -0.578    0.610  1
RGI60-15.07905     3.65925   29.745946  101.838978   -0.561    0.217  1
RGI60-15.01087     3.65774   30.344307   95.578226   -0.800    0.160  1
RGI60-15.12703     3.63691   29.187878   97.016683   -0.683    0.165  1
RGI60-15.06776     3.63513   30.536345   79.868259    0.023    0.164  1
RGI60-15.07305     3.62746   31.271724   78.370300   -0.190    0.145  1
RGI60-15.10470     3.62370   27.979177   88.307695   -0.693    0.144  1
RGI60-15.13097     3.61390   30.595639   80.219928   -0.377    0.157  1
RGI60-15.01062     3.61054   30.080102   95.302183   -0.251    0.155  1
RGI60-15.11759     3.60656   29.661689   95.740871   -0.257    0.455  1
RGI60-15.10633     3.60484   27.880338   87.729198   -0.489    0.166  1
RGI60-15.12157     3.59974   29.325043   96.074030   -1.120    0.238  1
RGI60-15.01980     3.59928   27.740439   92.403901   -0.982    0.193  1
RGI60-15.07375     3.59846   31.137624   78.556761   -0.167    0.171  1
RGI60-15.00643     3.59213   30.668193   95.153348   -1.160    0.194  1
RGI60-15.11980     3.59171   29.765899   95.646272   -0.169    0.452  1
RGI60-15.03498     3.57871   27.792682   86.551890   -0.399    0.148  1
RGI60-15.09291     3.57289   28.367759   85.223389   -0.480    0.220  1
RGI60-15.06598     3.56599   30.254654   79.819105   -0.130    0.177  1
RGI60-15.07341     3.56506   31.173493   78.828505   -0.703    0.152  1
RGI60-15.06366     3.56423   30.301464   80.650124   -0.468    0.155  1
RGI60-15.08821     3.56264   30.958603   79.718302   -0.848    0.168  1
RGI60-15.01553     3.56048   28.112320   92.690142   -0.212    0.179  1
RGI60-15.08117     3.55637   29.020210   97.568397   -1.007    0.177  1
RGI60-15.01653     3.55635   28.412394   91.124067   -0.343    0.146  1
RGI60-15.06978     3.55393   30.841622   79.691152   -0.196    0.137  1
RGI60-15.04607     3.54741   28.597757   84.529244   -0.211    0.140  1
RGI60-15.04063     3.54614   28.616589   84.599122   -0.085    0.153  1
RGI60-15.12424     3.54444   29.509632   96.189152    0.217    0.516  1
RGI60-15.06724     3.54058   30.311818   80.059101   -0.488    0.150  1
RGI60-15.04144     3.53759   28.604684   84.749718   -0.036    0.154  1
RGI60-15.02867     3.52759   27.851823   88.216761   -0.602    0.156  1
RGI60-15.06884     3.52343   30.884124   79.046179   -0.299    0.136  1
RGI60-15.09332     3.51330   28.618208   85.388555   -1.216    0.183  1
RGI60-15.04870     3.50929   28.791710   83.466687   -0.698    0.164  1
RGI60-15.06693     3.50553   30.501408   80.247110   -0.107    0.149  1
RGI60-15.04662     3.50519   28.855886   84.155007   -0.112    0.152  1
RGI60-15.09606     3.49446   28.100778   86.092834   -0.473    0.162  1
RGI60-15.04775     3.48806   28.587108   83.958258   -0.222    0.141  1
RGI60-15.06609     3.48591   30.843515   78.955799    0.000    0.132  1
RGI60-15.04863     3.47227   28.763390   83.161726   -0.318    0.147  1
RGI60-15.10404     3.46828   28.020453   88.050913   -0.365    0.138  1
RGI60-15.07522     3.46683   31.082791   78.554353   -0.329    0.175  1
RGI60-15.10428     3.45934   27.984201   88.100791   -0.259    0.136  1
RGI60-15.10940     3.45237   27.840387   89.275708   -0.174    0.238  1
RGI60-15.06579     3.45087   30.354325   79.705431   -0.165    0.132  1
RGI60-15.05608     3.45063   29.351457   82.657604   -0.053    0.157  1
RGI60-15.05623     3.44284   29.307551   82.552993   -0.394    0.169  1
RGI60-15.11273     3.44094   29.855626   96.029564   -0.526    0.507  1
RGI60-15.03609     3.43589   27.859425   87.096986   -0.187    0.156  1
RGI60-15.07328     3.43574   31.254552   78.813244   -0.199    0.137  1
RGI60-15.03706     3.43083   27.936930   87.846074   -0.551    0.154  1
RGI60-15.02497     3.42962   27.962337   90.397126   -0.994    0.160  1
RGI60-15.02381     3.42887   27.982860   90.275176   -0.974    0.161  1
RGI60-15.02940     3.42464   27.988803   88.675597   -0.508    0.156  1
RGI60-15.12543     3.42349   29.124906   96.586694   -0.128    0.901  1
RGI60-15.04715     3.42330   28.739522   84.349175   -0.072    0.135  1
RGI60-15.00881     3.42290   30.321630   95.442750   -0.790    0.166  1
RGI60-15.10261     3.42092   28.403763   85.788826   -0.050    0.138  1
RGI60-15.08265     3.41496   29.642957   97.245462   -0.788    0.163  1
RGI60-15.10275     3.41201   28.632317   85.454741   -0.586    0.172  1
RGI60-15.00647     3.40849   30.636680   95.289984   -0.833    0.169  1
RGI60-15.06560     3.40843   30.617612   79.696479   -0.642    0.144  1
RGI60-15.02710     3.39972   27.610620   88.097210   -0.142    0.133  1
RGI60-15.10196     3.39782   28.208327   86.682225   -0.268    0.130  1
RGI60-15.07887     3.39130   29.651634  101.919373   -0.083    0.189  1
RGI60-15.03505     3.38486   27.737312   86.574292   -0.630    0.169  1
RGI60-15.02976     3.38425   27.893780   88.661265   -1.119    0.187  1
RGI60-15.10292     3.37754   28.464476   85.659116   -0.506    0.141  1
RGI60-15.04582     3.37479   28.759426   83.437857   -0.114    0.145  1
RGI60-15.09152     3.37233   28.619666   84.777744   -0.578    0.163  1
RGI60-15.11040     3.36869   29.951349   95.754688   -0.100    0.235  1
RGI60-15.12585     3.36838   29.206161   96.678880   -0.124    0.168  1
RGI60-15.03948     3.36665   27.779052   86.840482   -0.543    0.150  1
RGI60-15.09435     3.36086   28.422954   85.598016   -0.670    0.156  1
RGI60-15.12536     3.35732   29.117605   96.562068   -0.123    0.345  1
RGI60-15.07448     3.35504   31.108043   78.562550   -0.603    0.181  1
RGI60-15.04018     3.35480   28.263243   85.480235   -0.256    0.171  1
RGI60-15.01354     3.35358   28.175904   92.788887   -0.291    0.179  1
RGI60-15.01960     3.34300   27.796742   92.368600   -0.549    0.157  1
RGI60-15.04347     3.34187   28.572788   84.502652   -0.401    0.167  1
RGI60-15.08296     3.34123   29.492731   97.346048   -1.284    0.177  1
RGI60-15.12696     3.33734   29.367945   97.007747   -1.064    0.194  1
RGI60-15.12243     3.33420   29.409284   96.048923   -0.149    0.296  1
RGI60-15.11757     3.33376   29.724088   95.729223   -0.357    0.596  1
RGI60-15.01367     3.33071   28.201533   92.794069   -0.511    0.172  1
RGI60-15.11012     3.32585   29.914971   82.596206   -0.634    0.171  1
RGI60-15.00356     3.32559   28.536902   98.608090   -0.674    0.166  1
RGI60-15.03504     3.32475   27.739776   86.594584   -0.455    0.162  1
RGI60-15.10190     3.32176   28.150860   86.670830   -0.146    0.129  1
RGI60-15.06889     3.31574   30.900345   79.295235   -0.169    0.134  1
RGI60-15.11042     3.31528   29.932390   95.754937    0.580    0.715  1
RGI60-15.05899     3.31475   29.868919   81.458600   -0.712    0.163  1
RGI60-15.11455     3.31393   29.863468   96.423778   -1.197    0.191  1
RGI60-15.10273     3.31320   28.650926   85.445160   -0.597    0.168  1
RGI60-15.12993     3.30268   29.217013   97.330475   -1.090    0.170  1
RGI60-15.12921     3.30168   29.258486   97.267818   -0.947    0.164  1
RGI60-15.10761     3.30135   28.168705   90.477244   -0.322    0.137  1
RGI60-15.10188     3.29016   28.183815   86.669421   -0.102    0.129  1
RGI60-15.02092     3.28935   27.982357   91.533646   -0.565    0.163  1
RGI60-15.09804     3.28208   28.071346   87.000264   -0.258    0.139  1
RGI60-15.10416     3.28029   28.013439   88.074456   -0.296    0.139  1
RGI60-15.01305     3.27566   28.190259   92.819474   -0.523    0.170  1
RGI60-15.12549     3.27396   29.146101   96.597021    0.399    1.283  1
RGI60-15.05727     3.27221   29.436651   82.615155   -0.420    0.175  1
RGI60-15.01654     3.27149   28.425017   91.128570   -0.525    0.140  1
RGI60-15.00355     3.26074   28.496155   98.614503   -0.298    0.157  1
RGI60-15.11788     3.25943   29.642534   95.892089    0.058    0.723  1
RGI60-15.02192     3.22795   27.805520   92.309805   -0.463    0.157  1
RGI60-15.10651     3.21905   27.869022   87.766226   -0.228    0.142  1
RGI60-15.02202     3.21390   27.991647   91.611493   -0.662    0.170  1
RGI60-15.04609     3.21216   28.680212   84.501359   -0.165    0.153  1
RGI60-15.03833     3.21169   27.762130   87.128196   -0.676    0.156  1
RGI60-15.12717     3.21073   29.191385   97.037774   -0.679    0.164  1
RGI60-15.08231     3.20282   29.658449   97.180224   -0.956    0.175  1
RGI60-15.10710     3.20050   28.240001   90.326315   -0.177    0.131  1
RGI60-15.07143     3.19920   30.786495   79.042563   -0.032    0.144  1
RGI60-15.10713     3.19750   28.218205   90.339361   -0.197    0.130  1
RGI60-15.07911     3.19117   29.818318  101.902255   -0.349    0.161  1
RGI60-15.12040     3.18449   29.362797   95.840887   -0.760    0.753  1
RGI60-15.07388     3.18248   31.235482   78.432680   -0.312    0.163  1
RGI60-15.10303     3.17406   28.427511   85.740884   -0.277    0.138  1
RGI60-15.10597     3.17188   27.822929   87.603985   -0.793    0.162  1
RGI60-15.05296     3.16944   30.139423   81.900339   -0.636    0.163  1
RGI60-15.11554     3.16917   29.648469   96.628878   -0.557    0.174  1
RGI60-15.10386     3.16898   28.014224   88.028509   -0.497    0.145  1
RGI60-15.09087     3.16806   30.239820   81.381659   -0.457    0.150  1
RGI60-15.10288     3.16571   28.500004   85.602178   -0.453    0.155  1
RGI60-15.02879     3.16513   27.822701   87.967240   -0.335    0.144  1
RGI60-15.07888     3.16371   29.794597  101.921570   -0.607    0.160  1
RGI60-15.06290     3.15621   29.819055   81.106678   -0.264    0.138  1
RGI60-15.06648     3.14699   30.634263   79.365545   -0.621    0.157  1
RGI60-15.01588     3.14484   27.939046   92.692569   -0.557    0.270  1
RGI60-15.00920     3.14355   30.545990   95.167787   -0.376    0.173  1
RGI60-15.12833     3.14332   29.070022   97.126994   -0.913    0.182  1
RGI60-15.12414     3.13939   29.517639   96.146995    0.936    1.127  1
RGI60-15.06098     3.13369   30.179393   81.830522   -0.705    0.157  1
RGI60-15.04173     3.13291   28.288671   85.537311   -0.409    0.149  1
RGI60-15.10314     3.13190   28.195869   87.616357   -0.118    0.150  1
RGI60-15.11618     3.13163   29.575759   96.877683   -0.862    0.165  1
RGI60-15.08875     3.12910   30.569245   80.120757   -0.070    0.226  1
RGI60-15.03975     3.12793   28.402063   84.997757    0.101    0.171  1
RGI60-15.09835     3.12390   28.149723   87.065655   -0.413    0.156  1
RGI60-15.01593     3.12174   27.906213   92.642920    0.009    0.170  1
RGI60-15.04061     3.11577   28.568568   85.058947   -0.257    0.152  1
RGI60-15.05930     3.10634   30.069258   81.069890   -0.326    0.138  1
RGI60-15.04675     3.10596   28.924089   84.125142   -0.137    0.147  1
RGI60-15.08244     3.10255   29.634002   97.211086   -0.963    0.169  1
RGI60-15.05586     3.10168   29.303009   82.718041   -0.838    0.167  1
RGI60-15.10715     3.09786   28.204480   90.347900   -0.156    0.131  1
RGI60-15.08791     3.09292   31.020851   79.303943   -0.094    0.147  1
RGI60-15.06861     3.08953   30.851861   79.395486   -0.508    0.158  1
RGI60-15.11955     3.08741   29.302189   96.886214   -0.931    0.198  1
RGI60-15.06361     3.08566   30.275184   80.671332   -0.448    0.156  1
RGI60-15.04674     3.08499   28.916153   84.106331   -0.186    0.148  1
RGI60-15.10248     3.08214   28.363922   86.456099   -0.352    0.135  1
RGI60-15.02844     3.08116   27.645987   88.103671   -0.049    0.134  1
RGI60-15.12295     3.07705   29.122137   96.384450   -0.164    0.228  1
RGI60-15.02282     3.06789   27.992731   89.908256   -0.569    0.148  1
RGI60-15.04692     3.06211   28.866669   84.145858   -0.138    0.150  1
RGI60-15.04732     3.05888   28.811413   84.006004   -0.156    0.144  1
RGI60-15.03704     3.05657   27.898949   87.845222   -0.499    0.158  1
RGI60-15.04691     3.04996   28.869764   84.127046   -0.318    0.153  1
RGI60-15.11028     3.04901   29.942112   95.727573   -0.314    0.407  1
RGI60-15.08909     3.04690   30.383316   80.766623   -0.520    0.145  1
RGI60-15.11495     3.04380   29.742100   96.469877   -1.087    0.179  1
RGI60-15.00880     3.03997   30.313997   95.466972   -0.842    0.176  1
RGI60-15.05129     3.03863   28.584353   84.526047   -0.154    0.148  1
RGI60-15.03520     3.03854   27.796644   86.583620   -0.222    0.171  1
RGI60-15.00911     3.03779   30.172759   95.617561    1.891    0.255  1
RGI60-15.09582     3.03261   28.313995   86.196406   -0.331    0.143  1
RGI60-15.09740     3.01958   27.955887   86.323877   -0.166    0.264  1
RGI60-15.02699     3.00936   27.873683   88.129556   -0.015    0.144  1
RGI60-15.09419     3.00868   28.352355   85.558163   -0.156    0.160  1
RGI60-15.02762     3.00582   27.628522   88.045210   -0.545    0.149  1
RGI60-15.10818     3.00419   28.254435   90.556730   -0.651    0.166  1
RGI60-15.09508     3.00051   28.360209   85.829699   -0.557    0.183  1
RGI60-15.07868     2.99962   29.648007  101.847399   -0.195    0.161  1
RGI60-15.11795     2.99477   29.641521   95.919600   -0.648    0.691  1
RGI60-15.10327     2.98915   27.999498   87.853378   -0.944    0.163  1
RGI60-15.10193     2.98684   28.194300   86.677003   -0.187    0.132  1
RGI60-15.04480     2.98521   28.674515   84.349858   -0.199    0.151  1
RGI60-15.09260     2.98217   28.413277   85.155834   -0.087    0.166  1
RGI60-15.08701     2.97217   31.053882   79.015272   -0.255    0.302  1
RGI60-15.04764     2.96939   28.641410   83.914732   -0.251    0.142  1
RGI60-15.09458     2.96767   28.356795   85.642883   -0.430    0.204  1
RGI60-15.04122     2.96453   28.338211   85.677885   -0.418    0.161  1
RGI60-15.07204     2.95863   30.744964   79.535703   -0.203    0.133  1
RGI60-15.08852     2.95610   30.764503   79.968471   -0.666    0.208  1
RGI60-15.12122     2.95574   29.344158   95.832111   -0.629    1.879  1
RGI60-15.04257     2.95264   28.137510   85.851914   -0.369    0.159  1
RGI60-15.06679     2.94791   30.509616   80.270664   -0.086    0.149  1
RGI60-15.12492     2.94500   29.285309   96.442895   -0.072    0.400  1
RGI60-15.00107     2.94204   30.581109   99.519162   -0.830    0.172  1
RGI60-15.06204     2.93821   29.915662   81.530410    0.041    0.151  1
RGI60-15.10966     2.93682   28.116464   89.543937   -0.304    0.132  1
RGI60-15.12586     2.93383   29.165776   96.689626   -0.598    0.182  1
RGI60-15.11118     2.93315   30.319146   95.845298   -1.291    0.321  1
RGI60-15.11709     2.93293   29.501931   97.004951   -1.321    0.192  1
RGI60-15.04377     2.92461   29.148456   83.751786   -0.594    0.150  1
RGI60-15.02189     2.92172   27.795575   92.438498   -0.743    0.189  1
RGI60-15.10278     2.91947   28.603354   85.497824   -0.543    0.214  1
RGI60-15.05666     2.91917   29.704583   82.383661   -1.105    0.204  1
RGI60-15.03250     2.91409   27.971883   88.534611   -0.250    0.201  1
RGI60-15.12438     2.91389   29.410528   96.299617   -0.003    0.222  1
RGI60-15.02104     2.91369   27.968296   91.478381   -0.241    0.142  1
RGI60-15.10764     2.90887   28.225542   90.480970   -0.339    0.144  1
RGI60-15.01150     2.90679   29.594473   95.137509    0.283    0.505  1
RGI60-15.08160     2.90662   29.489409   97.396751   -0.763    0.155  1
RGI60-15.01905     2.90635   27.806059   92.332671   -0.599    0.168  1
RGI60-15.01032     2.90557   30.258074   95.204127   -0.611    0.179  1
RGI60-15.00233     2.90277   28.379841   97.495961   -0.663    0.168  1
RGI60-15.03152     2.90130   27.883179   88.049756   -0.574    0.150  1
RGI60-15.04345     2.90092   28.533635   84.500325   -0.149    0.148  1
RGI60-15.08240     2.90064   29.694482   97.201078   -0.863    0.184  1
RGI60-15.08751     2.89941   31.027397   79.172761   -0.140    0.184  1
RGI60-15.03201     2.89884   27.591555   88.166159   -0.496    0.151  1
RGI60-15.12115     2.89384   29.555490   96.044616   -1.903    1.041  1
RGI60-15.09762     2.89211   27.914227   86.419111   -0.185    0.149  1
RGI60-15.09219     2.88999   28.729648   85.118498   -0.149    0.146  1
RGI60-15.12914     2.88563   29.447334   97.257001   -1.185    0.203  1
RGI60-15.02549     2.88031   27.908917   90.792727   -1.123    0.197  1
RGI60-15.11982     2.87863   29.668643   95.696971   -0.383    0.454  1
RGI60-15.10945     2.87444   27.872725   89.350071   -0.309    0.143  1
RGI60-15.12793     2.87027   28.891521   97.092868   -0.635    0.284  1
RGI60-15.12429     2.87018   29.492267   96.228860    0.476    0.901  1
RGI60-15.03378     2.86908   27.810264   86.993812   -0.485    0.149  1
RGI60-15.12506     2.86631   29.313961   96.472366   -0.384    0.156  1
RGI60-15.03357     2.86588   27.848839   88.738996   -0.949    0.175  1
RGI60-15.09326     2.86507   28.570761   85.353448   -0.879    0.170  1
RGI60-15.01501     2.86142   27.903816   92.583186   -0.376    0.157  1
RGI60-15.04685     2.86065   28.852545   84.074522   -0.444    0.156  1
RGI60-15.11622     2.86030   29.548538   96.882466   -1.128    0.187  1
RGI60-15.12219     2.85952   28.499349   96.376134   -0.129    0.365  1
RGI60-15.07885     2.85456   29.719632  101.912005   -0.174    0.192  1
RGI60-15.02326     2.85432   28.146328   89.946774   -0.664    0.159  1
RGI60-15.11135     2.85080   29.885320   95.856903    0.054    0.789  1
RGI60-15.02240     2.85025   27.853466   89.362073   -0.759    0.171  1
RGI60-15.11656     2.84882   29.465735   96.941617   -1.322    0.210  1
RGI60-15.05587     2.84516   29.309479   82.758102   -0.977    0.175  1
RGI60-15.03575     2.84057   27.772482   86.894774   -0.397    0.145  1
RGI60-15.10062     2.83976   28.163694   86.945105   -0.373    0.141  1
RGI60-15.03731     2.83956   27.939943   86.891092   -0.322    0.144  1
RGI60-15.10511     2.83540   28.212619   87.598736   -0.212    0.149  1
RGI60-15.12454     2.83490   29.430905   96.346089   -0.072    0.243  1
RGI60-15.03850     2.82878   27.870925   87.075534   -0.287    0.145  1
RGI60-15.00423     2.82724   28.638192   98.232325   -1.166    0.224  1
RGI60-15.09385     2.82397   28.443132   85.506594   -0.857    0.191  1
RGI60-15.04385     2.81890   29.131415   83.766866   -0.711    0.157  1
RGI60-15.08864     2.81479   30.603399   80.053199   -0.191    0.231  1
RGI60-15.11090     2.81297   30.217267   95.828378   -0.570    0.348  1
RGI60-15.07831     2.81144   29.659271  101.822906   -0.504    0.184  1
RGI60-15.09800     2.80567   28.142793   86.562350   -0.691    0.153  1
RGI60-15.06025     2.80263   30.305727   80.848632   -0.445    0.161  1
RGI60-15.01094     2.79943   30.315112   95.532089   -0.426    0.159  1
RGI60-15.12410     2.79907   29.479777   96.112238   -2.786    1.451  1
RGI60-15.11763     2.79856   29.743749   95.749309   -0.292    0.457  1
RGI60-15.10935     2.79569   28.050917   90.878608   -0.313    0.164  1
RGI60-15.11693     2.79235   29.386869   96.975809   -1.051    0.185  1
RGI60-15.12939     2.79134   29.488288   97.293042   -1.062    0.197  1
RGI60-15.10363     2.79115   27.938445   87.968836   -0.358    0.139  1
RGI60-15.10648     2.79017   27.850886   87.740046   -0.730    0.165  1
RGI60-15.02441     2.78845   27.882296   90.311362   -1.116    0.180  1
RGI60-15.06079     2.78843   30.189660   81.624631   -0.769    0.167  1
RGI60-15.13067     2.78700   29.004309   97.535117   -0.819    0.170  1
RGI60-15.06828     2.78660   30.871766   79.568104   -0.394    0.135  1
RGI60-15.12118     2.78528   29.534378   96.075338    0.145    0.415  1
RGI60-15.02065     2.77650   27.981229   91.554669   -0.893    0.177  1
RGI60-15.00617     2.77525   30.094874   95.310777   -0.329    0.159  1
RGI60-15.04215     2.77138   28.208715   85.719580   -0.120    0.147  1
RGI60-15.11401     2.77027   29.805650   96.321511   -0.416    0.213  1
RGI60-15.11877     2.76837   29.458089   96.386506   -0.754    0.174  1
RGI60-15.01256     2.76687   30.012657   95.421293   -0.945    0.176  1
RGI60-15.13013     2.76635   29.172279   97.346854   -0.630    0.168  1
RGI60-15.01592     2.76459   27.958489   92.726857   -0.307    0.715  1
RGI60-15.10115     2.76368   28.160725   87.072894   -0.387    0.191  1
RGI60-15.09494     2.76164   28.119771   85.898984   -0.399    0.163  1
RGI60-15.03741     2.75451   27.767942   86.803019   -0.275    0.168  1
RGI60-15.00855     2.75237   30.256375   95.631342   -0.718    0.162  1
RGI60-15.11164     2.75221   29.921112   95.890631   -0.371    0.679  1
RGI60-15.08920     2.74565   30.320817   80.841587   -0.473    0.163  1
RGI60-15.05957     2.74484   29.868497   81.049056    0.003    0.199  1
RGI60-15.06177     2.73928   30.083405   81.922233   -0.696    0.168  1
RGI60-15.10399     2.73837   27.984031   88.043179   -0.297    0.139  1
RGI60-15.09173     2.73776   28.588607   84.877669   -0.448    0.174  1
RGI60-15.07084     2.73730   30.335871   79.894525   -0.014    0.256  1
RGI60-15.11792     2.73480   29.655210   95.912004   -0.057    0.455  1
RGI60-15.04428     2.73479   28.726636   83.130835   -0.335    0.146  1
RGI60-15.04808     2.73163   28.501088   84.210514   -0.227    0.152  1
RGI60-15.12705     2.73086   29.053458   97.017783   -0.661    0.176  1
RGI60-15.07151     2.72706   30.870763   79.726844   -0.418    0.151  1
RGI60-15.03830     2.72631   27.737130   86.980913   -0.142    0.158  1
RGI60-15.01174     2.72078   30.178112   95.595754   -0.133    0.149  1
RGI60-15.01212     2.71882   29.931835   95.275558   -0.186    0.161  1
RGI60-15.06465     2.71486   29.951073   82.168285   -0.911    0.179  1
RGI60-15.11874     2.71345   29.555185   96.367303    0.155    0.218  1
RGI60-15.09008     2.71197   30.456603   81.293181   -0.138    0.158  1
RGI60-15.04172     2.71163   28.281893   85.524611   -0.506    0.166  1
RGI60-15.04760     2.71144   28.763050   84.014370   -0.303    0.152  1
RGI60-15.10211     2.70998   28.339186   86.458787   -0.295    0.136  1
RGI60-15.02474     2.70986   28.046482   90.389870   -0.623    0.146  1
RGI60-15.00055     2.69954   30.574309   99.538784   -1.010    0.169  1
RGI60-15.07830     2.69866   29.644644  101.819321   -0.496    0.164  1
RGI60-15.02477     2.69719   28.017395   90.388453   -0.694    0.147  1
RGI60-15.12228     2.69259   28.988895   96.433293   -0.479    0.170  1
RGI60-15.11480     2.68846   29.627804   96.448580   -0.034    0.213  1
RGI60-15.12726     2.68469   29.076381   97.046926   -0.773    0.180  1
RGI60-15.00399     2.68268   28.619624   98.225488   -0.748    0.221  1
RGI60-15.12405     2.68235   29.489043   96.098869   -0.580    0.476  1
RGI60-15.12284     2.68126   29.122842   96.318435   -0.623    0.200  1
RGI60-15.07880     2.68036   29.719854  101.893969   -0.194    0.204  1
RGI60-15.03981     2.67762   28.416103   84.610831   -0.316    0.153  1
RGI60-15.12512     2.67247   29.235957   96.487437   -0.327    0.196  1
RGI60-15.01610     2.67169   27.880440   92.514988   -0.339    0.159  1
RGI60-15.03335     2.66889   27.890323   88.796756   -0.559    0.152  1
RGI60-15.09546     2.66453   28.116573   86.076573   -0.372    0.146  1
RGI60-15.06553     2.65921   30.982499   79.501848   -0.173    0.137  1
RGI60-15.06020     2.65856   30.229667   80.623917   -0.328    0.162  1
RGI60-15.12082     2.65810   29.573386   95.939040   -0.389    0.746  1
RGI60-15.09585     2.65232   28.322492   86.211111   -0.458    0.151  1
RGI60-15.07594     2.65071   30.804562   78.913365   -0.212    0.139  1
RGI60-15.01236     2.64973   29.970918   95.472032   -0.044    0.162  1
RGI60-15.09185     2.64693   28.598440   84.915603   -0.395    0.204  1
RGI60-15.12084     2.64616   29.371585   95.953138   -0.607    0.305  1
RGI60-15.09962     2.64110   28.122140   86.788509   -0.411    0.135  1
RGI60-15.01443     2.63915   28.665737   93.489235   -0.486    0.168  1
RGI60-15.11344     2.63906   29.847898   96.225296   -0.830    0.207  1
RGI60-15.06998     2.63891   30.523401   80.134111   -0.529    0.187  1
RGI60-15.12388     2.63724   28.275754   96.889733   -0.748    0.167  1
RGI60-15.02843     2.63623   27.633261   88.098498   -0.078    0.138  1
RGI60-15.08906     2.63546   30.393795   80.750567   -0.411    0.147  1
RGI60-15.05945     2.62975   29.907560   81.058700   -0.819    0.168  1
RGI60-15.10161     2.62824   28.139351   86.621189   -0.125    0.133  1
RGI60-15.08159     2.62797   29.401926   97.393072   -0.835    0.156  1
RGI60-15.03611     2.62700   27.889396   87.063759   -0.402    0.142  1
RGI60-15.01957     2.62645   27.789325   92.321688   -0.616    0.173  1
RGI60-15.09123     2.62476   28.741863   84.574247   -0.168    0.150  1
RGI60-15.08626     2.62150   29.838536   96.432165   -0.665    0.190  1
RGI60-15.10271     2.62095   28.669885   85.441515   -0.440    0.150  1
RGI60-15.11817     2.61895   29.591457   96.037315   -0.539    0.251  1
RGI60-15.12432     2.61861   29.458710   96.259632    0.183    0.661  1
RGI60-15.11180     2.61801   30.187152   95.906130   -0.430    0.467  1
RGI60-15.06060     2.60840   30.339153   81.433462   -0.534    0.145  1
RGI60-15.07176     2.60800   30.255905   80.361183   -0.095    0.164  1
RGI60-15.12400     2.60536   29.452839   96.036724   -0.601    0.619  1
RGI60-15.04510     2.60254   28.470868   84.243097   -0.528    0.167  1
RGI60-15.11154     2.60230   29.910775   95.877974    0.675    0.730  1
RGI60-15.05193     2.60206   30.177055   82.172643   -0.480    0.155  1
RGI60-15.10821     2.60134   28.195480   90.560973   -0.286    0.149  1
RGI60-15.08352     2.59966   29.863049   96.960126   -0.931    0.173  1
RGI60-15.09428     2.59824   28.368821   85.572316   -0.611    0.178  1
RGI60-15.07266     2.58953   30.266337   79.894431    0.776    0.461  1
RGI60-15.03728     2.58656   27.909590   87.062763   -0.229    0.137  1
RGI60-15.05136     2.58443   28.477119   84.542684   -0.653    0.161  1
RGI60-15.04269     2.58116   28.161979   85.517911   -0.574    0.160  1
RGI60-15.12504     2.57979   29.192280   96.470640   -0.064    0.233  1
RGI60-15.11879     2.57960   29.444049   96.387272   -0.590    0.298  1
RGI60-15.01030     2.57641   30.228618   95.269076   -0.269    0.178  1
RGI60-15.08068     2.57402   28.327076   98.756229   -0.551    0.202  1
RGI60-15.05609     2.56966   29.380484   82.623222   -0.176    0.163  1
RGI60-15.10054     2.56941   28.145136   86.929246   -0.386    0.137  1
RGI60-15.09453     2.56827   28.345008   85.626847   -0.172    0.145  1
RGI60-15.11551     2.56651   29.583444   96.626839   -0.624    0.173  1
RGI60-15.07836     2.56436   29.633352  101.827690   -0.765    0.176  1
RGI60-15.08148     2.56168   28.997854   97.658355   -0.594    0.162  1
RGI60-15.05859     2.55648   30.379632   80.570441   -0.598    0.161  1
RGI60-15.04046     2.55522   28.262568   85.540385   -0.289    0.189  1
RGI60-15.07174     2.55361   30.320838   80.019599   -0.326    0.184  1
RGI60-15.05932     2.55118   30.037979   81.042115   -0.360    0.144  1
RGI60-15.10446     2.54898   27.985501   88.145510   -0.266    0.140  1
RGI60-15.04306     2.54761   28.104596   85.886425   -0.591    0.178  1
RGI60-15.04325     2.54428   28.659574   83.866981   -0.396    0.147  1
RGI60-15.00358     2.54368   28.423046   98.633414   -0.115    0.153  1
RGI60-15.03499     2.54154   27.773121   86.586959   -1.691    0.252  1
RGI60-15.05953     2.54038   29.815803   81.077532   -0.173    0.138  1
RGI60-15.02452     2.54005   27.915164   90.308333   -1.385    0.206  1
RGI60-15.05571     2.53906   29.122192   82.764655   -0.587    0.176  1
RGI60-15.01961     2.53712   27.796454   92.351280   -0.536    0.171  1
RGI60-15.02164     2.53502   28.031247   91.370668   -0.702    0.180  1
RGI60-15.10942     2.53391   27.858765   89.292424   -0.288    0.151  1
RGI60-15.03923     2.52850   27.780427   87.044404   -0.495    0.190  1
RGI60-15.03541     2.52031   27.815016   86.467513   -0.800    0.167  1
RGI60-15.02316     2.51929   28.114975   89.880156   -0.288    0.155  1
RGI60-15.05345     2.51858   30.076755   82.153375   -0.070    0.141  1
RGI60-15.05424     2.51410   29.333020   82.838607   -1.092    0.189  1
RGI60-15.01615     2.51154   27.924549   92.592691   -0.332    0.166  1
RGI60-15.00909     2.50907   30.222325   95.615403   -0.299    0.153  1
RGI60-15.06387     2.50510   30.252058   80.446360    0.016    0.158  1
RGI60-15.11943     2.50356   29.254699   96.787985   -0.970    0.190  1
RGI60-15.02457     2.50213   27.967122   90.292878   -0.385    0.139  1
RGI60-15.05473     2.50208   29.404619   82.567710    0.061    0.200  1
RGI60-15.06383     2.50184   30.359012   80.402401   -0.319    0.165  1
RGI60-15.02228     2.50157   28.108116   89.572071   -0.636    0.177  1
RGI60-15.03025     2.50146   27.813005   88.332321   -0.463    0.169  1
RGI60-15.01495     2.49915   27.834617   92.537977   -0.624    0.194  1
RGI60-15.04084     2.49619   28.555142   85.061164   -0.105    0.158  1
RGI60-15.07833     2.49543   29.726393  101.829128   -0.505    0.273  1
RGI60-15.02188     2.49540   27.800627   92.460640   -0.394    0.170  1
RGI60-15.03200     2.49403   27.578276   88.155537   -0.313    0.154  1
RGI60-15.01669     2.49363   28.368033   91.153354   -0.569    0.154  1
RGI60-15.12727     2.49353   29.464357   97.048074   -1.114    0.181  1
RGI60-15.11765     2.48949   29.771433   95.758879    0.526    0.238  1
RGI60-15.02721     2.48766   27.565697   88.065761   -0.716    0.173  1
RGI60-15.12068     2.48541   29.521768   95.921601   -0.546    0.576  1
RGI60-15.11701     2.48447   29.493141   96.981511   -1.262    0.196  1
RGI60-15.10970     2.48044   27.966531   88.847477   -0.299    0.140  1
RGI60-15.09320     2.47986   28.591880   85.344306   -0.240    0.161  1
RGI60-15.12160     2.47942   29.355559   96.091770   -0.245    0.177  1
RGI60-15.12502     2.47930   29.299259   96.466226    0.174    0.170  1
RGI60-15.11871     2.47818   29.572441   96.353913   -0.343    0.313  1
RGI60-15.11357     2.47297   29.862950   96.235547   -0.874    0.231  1
RGI60-15.08463     2.46463   29.669455   97.160077   -1.043    0.177  1
RGI60-15.13027     2.46214   29.476297   97.359147   -1.679    0.216  1
RGI60-15.04023     2.46166   28.434038   84.573776   -0.107    0.164  1
RGI60-15.01689     2.46129   28.314075   91.088991   -0.309    0.150  1
RGI60-15.12434     2.46056   29.422386   96.295487   -0.231    0.170  1
RGI60-15.10867     2.45999   28.282321   90.642642   -0.368    0.153  1
RGI60-15.00869     2.45904   30.311522   95.511455   -0.775    0.183  1
RGI60-15.03617     2.45537   27.911160   87.029380   -0.341    0.139  1
RGI60-15.01712     2.45532   28.208980   91.862998   -0.164    0.140  1
RGI60-15.01503     2.45101   27.866137   92.548323   -0.278    0.195  1
RGI60-15.04659     2.44866   28.930988   84.163036   -0.176    0.153  1
RGI60-15.11760     2.44797   29.772425   95.740947   -0.651    0.332  1
RGI60-15.09924     2.44735   28.209376   86.725918   -0.199    0.159  1
RGI60-15.00024     2.44506   29.796825   99.607435   -0.571    0.175  1
RGI60-15.03782     2.44379   27.820171   86.443253   -0.433    0.153  1
RGI60-15.06307     2.44342   30.140300   80.707339   -0.155    0.149  1
RGI60-15.04750     2.44181   28.815067   84.027278   -0.431    0.156  1
RGI60-15.12544     2.43815   29.152503   96.588634    0.328    0.609  1
RGI60-15.00726     2.43724   30.563105   95.340286   -0.427    0.168  1
RGI60-15.01904     2.43498   27.819539   92.324157   -0.684    0.169  1
RGI60-15.09476     2.43476   28.327582   85.780894   -0.074    0.147  1
RGI60-15.12897     2.43338   29.454587   97.214729   -0.816    0.191  1
RGI60-15.03361     2.43327   27.841849   88.763639   -0.581    0.155  1
RGI60-15.02284     2.43071   27.959541   89.906240   -1.082    0.178  1
RGI60-15.12843     2.42771   28.966489   97.152687   -1.015    0.201  1
RGI60-15.06774     2.42461   30.494273   79.874124   -0.322    0.147  1
RGI60-15.08957     2.42446   30.106920   81.100443   -0.201    0.140  1
RGI60-15.12685     2.42264   29.388393   96.998229   -0.721    0.174  1
RGI60-15.10154     2.42259   28.133706   86.607865   -0.317    0.140  1
RGI60-15.04601     2.42130   28.717622   84.525597   -0.185    0.151  1
RGI60-15.10706     2.42107   27.810147   89.249510   -0.506    0.153  1
RGI60-15.03510     2.41996   27.835169   86.968421   -0.924    0.164  1
RGI60-15.11454     2.41905   29.822914   96.422416   -0.541    0.263  1
RGI60-15.12975     2.41678   29.176615   97.311830   -0.675    0.174  1
RGI60-15.00057     2.41591   30.556344   99.539175   -0.888    0.179  1
RGI60-15.05964     2.40917   29.964317   80.997743   -0.544    0.159  1
RGI60-15.05070     2.40869   28.997583   83.732780   -0.835    0.167  1
RGI60-15.09189     2.40689   28.601489   84.937650   -0.252    0.153  1
RGI60-15.03837     2.40462   27.767014   87.112028   -0.336    0.215  1
RGI60-15.12638     2.39979   29.012665   96.927807   -0.728    0.177  1
RGI60-15.06777     2.39836   30.557780   79.894082   -0.268    0.151  1
RGI60-15.08989     2.39478   30.450855   81.253301   -0.171    0.141  1
RGI60-15.02661     2.39109   28.088452   89.560699   -0.829    0.189  1
RGI60-15.04188     2.38996   28.251914   85.206065   -0.739    0.181  1
RGI60-15.05462     2.38965   29.361903   82.636276   -0.167    0.166  1
RGI60-15.05038     2.38751   28.743598   83.268566   -0.510    0.205  1
RGI60-15.12970     2.38668   29.163864   97.306425   -0.583    0.170  1
RGI60-15.10105     2.38532   28.143918   87.044729   -0.382    0.144  1
RGI60-15.07024     2.38422   30.573133   80.011883   -0.262    0.514  1
RGI60-15.05580     2.37734   29.418436   82.686925   -0.166    0.157  1
RGI60-15.02376     2.37564   28.063139   90.354317   -0.592    0.151  1
RGI60-15.10720     2.37535   28.155450   90.361331   -0.218    0.152  1
RGI60-15.04443     2.37315   28.707196   83.815968   -0.350    0.144  1
RGI60-15.04408     2.37250   28.828715   83.526703   -0.281    0.159  1
RGI60-15.09686     2.37117   28.207050   86.325814   -0.424    0.145  1
RGI60-15.02471     2.36977   28.040730   90.342957   -0.203    0.137  1
RGI60-15.12025     2.36962   29.628561   95.793873   -0.141    0.385  1
RGI60-15.06630     2.36779   30.665393   79.300928   -0.704    0.168  1
RGI60-15.04854     2.36682   28.766483   83.547962   -0.249    0.169  1
RGI60-15.10847     2.36556   28.225396   90.602344   -0.257    0.159  1
RGI60-15.03093     2.36423   27.803166   87.949467   -0.624    0.168  1
RGI60-15.06024     2.36330   30.127934   80.691974   -0.588    0.162  1
RGI60-15.11787     2.36146   29.695305   95.889633   -0.300    0.438  1
RGI60-15.11985     2.36004   29.659539   95.719174   -0.048    0.387  1
RGI60-15.07507     2.35962   30.828481   78.836778   -0.135    0.139  1
RGI60-15.11018     2.35873   29.897672   82.658453   -0.303    0.142  1
RGI60-15.04441     2.35839   28.632391   83.473335   -0.501    0.153  1
RGI60-15.09889     2.35773   27.869999   87.183656   -0.029    0.260  1
RGI60-15.12981     2.35660   29.494242   97.321135   -1.312    0.197  1
RGI60-15.08635     2.35551   29.814758   96.452910   -0.680    0.170  1
RGI60-15.00996     2.35534   30.331265   95.183062   -0.613    0.179  1
RGI60-15.03396     2.35523   27.719453   86.996089   -0.451    0.165  1
RGI60-15.11541     2.34887   29.660410   96.612365   -0.969    0.194  1
RGI60-15.01919     2.34743   27.866588   92.285948   -0.779    0.188  1
RGI60-15.06722     2.34678   30.442384   80.067480   -0.349    0.160  1
RGI60-15.10644     2.34520   27.838993   87.742310   -0.630    0.165  1
RGI60-15.03272     2.34422   27.846880   88.651819   -0.957    0.185  1
RGI60-15.12027     2.34300   29.641658   95.795461   -0.150    0.306  1
RGI60-15.11510     2.34258   29.696492   96.511171   -0.885    0.182  1
RGI60-15.11628     2.33806   29.538935   96.901079   -1.109    0.213  1
RGI60-15.10508     2.33763   28.213341   87.580880   -0.663    0.199  1
RGI60-15.06457     2.33719   29.907168   82.157393   -0.925    0.194  1
RGI60-15.12658     2.33124   29.447902   96.984996   -1.201    0.199  1
RGI60-15.10335     2.32830   27.941357   87.872543   -0.669    0.162  1
RGI60-15.05353     2.32745   30.043577   82.181695   -0.477    0.161  1
RGI60-15.12128     2.32702   29.366631   95.966297   -0.711    0.463  1
RGI60-15.08677     2.32421   31.224651   78.938570   -0.801    0.162  1
RGI60-15.03253     2.32346   27.998086   88.519156   -0.438    0.170  1
RGI60-15.06504     2.32315   30.282551   81.847411   -0.830    0.176  1
RGI60-15.06618     2.32120   30.986072   79.080012   -0.247    0.142  1
RGI60-15.09150     2.31999   28.620656   84.759464   -0.165    0.166  1
RGI60-15.08357     2.31951   29.855414   96.979410   -0.955    0.177  1
RGI60-15.13088     2.31908   28.930276   97.592436   -0.948    0.175  1
RGI60-15.11099     2.31216   29.971554   95.835755   -0.583    0.223  1
RGI60-15.01168     2.31080   30.170113   95.645992   -0.555    0.220  1
RGI60-15.05012     2.30597   29.066671   83.620398   -0.904    0.173  1
RGI60-15.08009     2.30492   31.270770  103.097410   -0.908    0.176  1
RGI60-15.07275     2.30430   30.238521   79.827549    0.373    0.637  1
RGI60-15.12908     2.29418   29.253752   97.247882   -0.521    0.162  1
RGI60-15.05820     2.29364   30.159358   81.780918   -0.738    0.175  1
RGI60-15.04350     2.29290   28.832128   84.340470   -0.792    0.171  1
RGI60-15.08461     2.28935   29.689053   97.157734   -0.694    0.168  1
RGI60-15.13033     2.28724   29.399491   97.368948   -0.811    0.161  1
RGI60-15.12121     2.28497   29.339742   95.816518   -1.219    1.012  1
RGI60-15.09809     2.28497   28.026630   87.016007   -0.530    0.158  1
RGI60-15.12041     2.28401   29.351507   95.849752   -0.959    0.744  1
RGI60-15.09467     2.28252   28.110973   85.914797   -0.728    0.185  1
RGI60-15.02999     2.27673   27.729045   88.358871   -0.737    0.176  1
RGI60-15.04588     2.27662   28.725512   83.161688   -0.227    0.150  1
RGI60-15.12332     2.27643   28.824807   96.598812   -0.721    0.186  1
RGI60-15.04323     2.27605   28.687638   83.839597   -0.064    0.142  1
RGI60-15.11564     2.27362   29.607237   96.639714   -0.253    0.169  1
RGI60-15.12593     2.27192   29.107312   96.709845   -0.737    0.202  1
RGI60-15.09834     2.27052   28.045160   87.065061   -0.444    0.145  1
RGI60-15.03001     2.26821   27.714701   88.359105   -0.544    0.178  1
RGI60-15.05751     2.26789   29.245416   82.775290   -0.282    0.168  1
RGI60-15.01031     2.26761   30.221759   95.286396   -0.478    0.177  1
RGI60-15.12462     2.26747   29.361164   96.369320   -0.104    0.248  1
RGI60-15.03210     2.26487   27.686279   88.270155    0.004    0.156  1
RGI60-15.02464     2.26335   27.978855   90.308613   -0.506    0.149  1
RGI60-15.12798     2.26316   29.488344   97.095363   -1.150    0.190  1
RGI60-15.07124     2.26197   30.908269   78.947614   -0.162    0.140  1
RGI60-15.06816     2.26146   30.830966   79.751198   -0.453    0.149  1
RGI60-15.06096     2.26122   30.144791   81.799332   -0.574    0.164  1
RGI60-15.04851     2.26121   28.852065   83.493039   -0.458    0.148  1
RGI60-15.06065     2.25187   30.264556   81.470132   -0.872    0.165  1
RGI60-15.07857     2.25073   29.547221  101.884587   -0.201    0.165  1
RGI60-15.08849     2.24890   30.794497   79.943382   -0.832    0.168  1
RGI60-15.12912     2.24567   29.353128   97.255148   -0.844    0.182  1
RGI60-15.02774     2.24352   27.675810   87.988064   -0.400    0.155  1
RGI60-15.09714     2.24340   28.210839   86.341059   -0.786    0.162  1
RGI60-15.05989     2.23633   29.981988   80.894125   -0.382    0.158  1
RGI60-15.02631     2.23528   27.788724   89.242642   -0.432    0.154  1
RGI60-15.02256     2.23467   28.229887   89.826948   -0.523    0.165  1
RGI60-15.05528     2.23427   29.369590   82.792693   -0.460    0.161  1
RGI60-15.02939     2.23299   27.973083   88.654367   -0.510    0.166  1
RGI60-15.05471     2.23259   29.354634   82.785674   -0.363    0.162  1
RGI60-15.06817     2.23250   30.903353   79.653601   -0.141    0.142  1
RGI60-15.05665     2.23132   29.714906   82.395566   -1.271    0.248  1
RGI60-15.04326     2.22871   28.641726   83.875141   -0.334    0.159  1
RGI60-15.08238     2.22440   29.463311   97.198799   -0.833    0.191  1
RGI60-15.12304     2.22261   28.975362   96.441689   -0.213    0.196  1
RGI60-15.08996     2.22023   30.419400   81.272861   -0.081    0.140  1
RGI60-15.11513     2.21755   29.714571   96.511283   -0.763    0.172  1
RGI60-15.06211     2.21629   29.680073   81.523763   -0.889    0.201  1
RGI60-15.03356     2.21423   27.860153   88.754430   -0.818    0.180  1
RGI60-15.07917     2.21397   30.279161  101.958609   -1.165    0.227  1
RGI60-15.01746     2.21182   28.136355   91.546872   -0.540    0.150  1
RGI60-15.05224     2.20977   29.766340   82.675351   -0.765    0.211  1
RGI60-15.12924     2.20593   29.323033   97.277769   -0.962    0.178  1
RGI60-15.06620     2.20447   30.835862   79.155146    0.010    0.147  1
RGI60-15.00475     2.20352   28.778330   97.746458   -1.090    0.181  1
RGI60-15.11984     2.20331   29.602675   95.705304   -0.631    0.269  1
RGI60-15.04289     2.20297   28.163789   85.695981   -0.613    0.182  1
RGI60-15.10269     2.20213   28.704946   85.428621   -0.322    0.157  1
RGI60-15.09143     2.20126   28.639431   84.710153   -0.203    0.171  1
RGI60-15.05582     2.19859   29.349280   82.760362   -0.353    0.163  1
RGI60-15.10436     2.19853   28.007057   88.113953   -0.172    0.144  1
RGI60-15.12305     2.19851   29.005172   96.443805   -0.287    0.169  1
RGI60-15.07739     2.19787   31.451071  100.213323   -0.349    0.185  1
RGI60-15.02046     2.19597   28.008872   91.641584   -0.187    0.222  1
RGI60-15.12030     2.19506   29.570119   95.797348   -0.083    1.406  1
RGI60-15.10458     2.19472   28.003971   88.194716   -0.042    0.140  1
RGI60-15.08140     2.19094   28.981452   97.649173   -0.606    0.164  1
RGI60-15.10836     2.19030   28.192335   90.579901   -0.288    0.157  1
RGI60-15.12216     2.18936   29.056865   96.356492   -0.294    0.181  1
RGI60-15.02067     2.18811   28.001678   91.551440   -0.743    0.179  1
RGI60-15.11446     2.18763   29.821963   96.404636   -0.674    0.206  1
RGI60-15.13070     2.18525   29.020888   97.549329   -0.627    0.168  1
RGI60-15.00612     2.18485   30.319967   95.314017   -0.751    0.196  1
RGI60-15.03613     2.18257   27.912636   87.055793   -0.260    0.142  1
RGI60-15.09817     2.17995   28.106338   87.038082   -0.236    0.141  1
RGI60-15.02944     2.17687   27.952235   88.668331   -1.020    0.179  1
RGI60-15.12550     2.17222   29.304810   96.599900    0.817    0.550  1
RGI60-15.08137     2.17180   28.999533   97.636134   -0.457    0.147  1
RGI60-15.05816     2.17166   30.177129   81.845843   -0.495    0.154  1
RGI60-15.02001     2.16797   27.860644   92.452124   -0.391    0.166  1
RGI60-15.01676     2.16485   28.361935   91.167855   -0.484    0.154  1
RGI60-15.04803     2.16280   28.502113   84.069260    0.146    0.184  1
RGI60-15.02054     2.16004   27.999944   91.590652   -0.767    0.182  1
RGI60-15.04792     2.15962   28.599591   83.786547   -0.088    0.146  1
RGI60-15.03592     2.15604   27.713814   86.889417   -0.204    0.141  1
RGI60-15.12775     2.15446   29.053606   97.080358   -0.812    0.186  1
RGI60-15.02740     2.15439   27.550145   88.227062   -0.081    0.185  1
RGI60-15.07354     2.15391   31.158740   78.764983   -0.265    0.152  1
RGI60-15.11804     2.15101   29.588543   95.951810   -0.243    0.308  1
RGI60-15.00379     2.14826   28.387589   98.704773   -0.666    0.172  1
RGI60-15.04724     2.14737   28.687828   84.306816   -0.147    0.139  1
RGI60-15.06491     2.14701   30.330024   81.858069   -0.531    0.162  1
RGI60-15.10895     2.14491   28.308716   90.727456   -0.260    0.161  1
RGI60-15.01340     2.14466   28.147986   92.705325   -0.212    0.185  1
RGI60-15.01951     2.14269   27.856406   92.393693   -0.280    0.164  1
RGI60-15.04843     2.14249   28.865411   83.517026   -0.511    0.151  1
RGI60-15.10488     2.14035   28.042069   88.533293   -0.265    0.144  1
RGI60-15.07337     2.13685   31.200586   78.826943   -0.409    0.151  1
RGI60-15.01572     2.13299   27.883572   92.634138   -0.308    0.181  1
RGI60-15.00026     2.13252   29.797379   99.621912   -0.594    0.186  1
RGI60-15.07734     2.13160   31.482604  100.171198   -0.183    0.202  1
RGI60-15.00910     2.12829   30.216631   95.644849   -0.403    0.164  1
RGI60-15.09925     2.12629   28.219086   86.729465   -0.395    0.158  1
RGI60-15.00410     2.12603   28.645827   98.162607   -1.003    0.214  1
RGI60-15.02642     2.12563   28.129167   90.114058   -0.192    0.161  1
RGI60-15.00288     2.12540   28.330401   97.504850   -0.721    0.163  1
RGI60-15.01635     2.12455   27.913624   92.673976   -0.465    0.255  1
RGI60-15.04639     2.12420   28.838917   84.365455   -0.468    0.149  1
RGI60-15.09276     2.11950   28.331940   85.180808   -0.154    0.198  1
RGI60-15.04125     2.11686   28.388813   85.059412    0.092    0.799  1
RGI60-15.10313     2.11424   28.178195   87.608626   -0.384    0.153  1
RGI60-15.09700     2.11324   28.101491   86.266045   -0.775    0.169  1
RGI60-15.11230     2.11036   29.838083   95.948500   -0.139    0.365  1
RGI60-15.04979     2.10810   29.112126   83.682892   -0.621    0.152  1
RGI60-15.03954     2.10601   28.236484   85.617850   -0.624    0.197  1
RGI60-15.02233     2.10588   27.979825   89.920565   -0.432    0.150  1
RGI60-15.05299     2.10493   30.110151   81.930031   -0.150    0.155  1
RGI60-15.12654     2.10448   29.047711   96.978179   -0.306    0.276  1
RGI60-15.08806     2.10319   30.993285   79.318500   -0.519    0.147  1
RGI60-15.04154     2.10026   28.486899   84.709006    0.056    0.171  1
RGI60-15.01562     2.09714   27.982819   92.753187    0.083    0.186  1
RGI60-15.01862     2.09691   27.782154   92.071519   -0.839    0.178  1
RGI60-15.05896     2.09684   29.879252   81.435686   -0.137    0.152  1
RGI60-15.05515     2.09354   29.353815   82.778250   -0.108    0.152  1
RGI60-15.07378     2.09162   31.236474   78.393601   -0.160    0.160  1
RGI60-15.09227     2.08928   28.774745   85.061277   -0.741    0.164  1
RGI60-15.12582     2.08904   29.170703   96.675412   -0.385    0.185  1
RGI60-15.06941     2.08665   30.768110   79.066582   -0.356    0.154  1
RGI60-15.02461     2.08452   27.958620   90.310103   -0.621    0.153  1
RGI60-15.10126     2.08350   28.257440   86.677765   -0.371    0.136  1
RGI60-15.07599     2.08215   30.943581   78.806105   -0.071    0.145  1
RGI60-15.00648     2.08011   30.638754   95.231059   -0.276    0.169  1
RGI60-15.10047     2.07913   28.162282   86.915358   -0.520    0.146  1
RGI60-15.04632     2.07820   28.818412   84.423388   -0.205    0.148  1
RGI60-15.01791     2.07779   28.194469   91.855795   -0.128    0.143  1
RGI60-15.08056     2.07777   28.396879   98.729750   -0.411    0.172  1
RGI60-15.09953     2.07672   28.136591   86.776416   -0.151    0.148  1
RGI60-15.05583     2.07535   29.341333   82.741619   -0.863    0.180  1
RGI60-15.10270     2.07524   28.696106   85.440141   -0.484    0.154  1
RGI60-15.02702     2.07462   27.830226   88.212212   -0.164    0.141  1
RGI60-15.12258     2.07316   29.307389   96.175050   -0.261    0.213  1
RGI60-15.09721     2.07268   28.255340   86.351541   -0.517    0.170  1
RGI60-15.03841     2.07240   27.717149   87.019602   -0.351    0.180  1
RGI60-15.00679     2.07159   30.502730   95.353025   -0.906    0.194  1
RGI60-15.10961     2.06823   28.070926   89.486928   -0.953    0.169  1
RGI60-15.11145     2.06595   29.917979   95.871194   -0.100    0.382  1
RGI60-15.01131     2.06518   30.295090   95.435691    0.261    0.438  1
RGI60-15.10885     2.06500   28.276645   90.695578   -0.223    0.167  1
RGI60-15.12266     2.06360   29.306340   96.196646   -0.595    0.353  1
RGI60-15.08232     2.06178   29.456131   97.187004   -1.148    0.196  1
RGI60-15.07601     2.05271   30.934778   78.818060    0.068    0.145  1
RGI60-15.01283     2.05165   28.130866   92.678685   -0.417    0.191  1
RGI60-15.07265     2.05130   30.258885   79.892515    1.510    0.812  1
RGI60-15.11371     2.05118   29.873946   96.282143    0.391    0.892  1
RGI60-15.00894     2.04881   30.207137   95.525045   -0.318    0.162  1
RGI60-15.02734     2.04293   27.587447   88.212993   -0.261    0.198  1
RGI60-15.12339     2.04274   28.833082   96.610902   -0.650    0.195  1
RGI60-15.04005     2.04050   28.589283   84.762643   -0.287    0.176  1
RGI60-15.05226     2.03841   29.688050   82.900145   -0.283    0.151  1
RGI60-15.04686     2.03499   28.874338   84.080734   -0.145    0.156  1
RGI60-15.11162     2.03496   29.965160   95.889626   -0.230    0.262  1
RGI60-15.04392     2.03093   28.860300   83.635976   -0.134    0.141  1
RGI60-15.13083     2.02836   28.983473   97.583637   -0.545    0.153  1
RGI60-15.03512     2.02559   27.749819   86.557602   -0.327    0.167  1
RGI60-15.11359     2.02496   29.830748   96.240324   -0.711    0.644  1
RGI60-15.00372     2.01877   28.485877   98.638492   -0.246    0.211  1
RGI60-15.03094     2.01840   27.769235   87.916076   -0.124    0.143  1
RGI60-15.11954     2.01640   29.191211   96.885859   -0.980    0.187  1
RGI60-15.10827     2.01605   28.048816   90.571002   -0.920    0.182  1
RGI60-15.07333     2.01599   31.224706   78.849530   -0.567    0.160  1
RGI60-15.09766     2.01589   27.994830   86.457390   -0.249    0.162  1
RGI60-15.01554     2.01144   28.103635   92.713881   -0.354    0.189  1
RGI60-15.12143     2.01025   29.231662   96.003389   -1.637    0.378  1
RGI60-15.11991     2.00928   29.683049   95.734031   -0.187    0.336  1
RGI60-15.11563     2.00890   29.574452   96.637082    0.233    0.179  1
RGI60-15.05578     2.00800   29.412385   82.720462   -0.771    0.213  1
RGI60-15.03692     2.00603   27.831256   87.751278   -0.298    0.152  1
RGI60-15.01315     2.00531   28.677302   93.432154   -0.627    0.193  1
RGI60-15.12517     2.00468   29.279795   96.495455   -0.361    0.210  1
RGI60-15.05576     2.00422   29.404586   82.649006   -0.563    0.182  1
RGI60-15.06324     2.00394   29.960005   81.140053   -0.057    0.143  1
RGI60-15.11816     1.99858   29.612021   96.032685   -0.676    0.225  1
RGI60-15.04777     1.99857   28.578895   83.938299   -0.385    0.160  1
RGI60-15.04807     1.99817   28.491664   84.225078   -0.192    0.169  1
RGI60-15.02980     1.99673   27.890449   88.631963   -0.945    0.202  1
RGI60-15.05251     1.99607   29.862648   82.345447   -0.892    0.209  1
RGI60-15.01320     1.99488   28.677373   93.491883   -0.749    0.176  1
RGI60-15.02327     1.99175   28.140459   89.965016   -0.473    0.155  1
RGI60-15.09007     1.98950   30.419063   81.292084   -0.127    0.147  1
RGI60-15.09444     1.98678   28.336336   85.617424   -0.035    0.158  1
RGI60-15.08916     1.98652   30.366937   80.812761   -0.480    0.162  1
RGI60-15.04094     1.98636   28.239341   85.737745   -0.099    0.161  1
RGI60-15.11355     1.98436   29.921540   96.232071   -0.234    0.373  1
RGI60-15.02261     1.98332   28.180746   89.882611   -0.466    0.142  1
RGI60-15.04056     1.97999   28.592594   85.068705   -0.261    0.173  1
RGI60-15.10226     1.97915   28.353824   86.325544   -0.242    0.148  1
RGI60-15.08663     1.97894   30.293355   95.891131   -0.974    0.230  1
RGI60-15.06326     1.97869   29.983192   81.140268   -0.121    0.145  1
RGI60-15.00821     1.97710   30.325659   95.665345   -0.822    0.180  1
RGI60-15.06048     1.97692   30.110608   80.478981    0.107    0.189  1
RGI60-15.03683     1.97682   27.799277   87.766778   -0.695    0.169  1
RGI60-15.01561     1.97543   28.001566   92.735490   -0.208    0.204  1
RGI60-15.10249     1.97302   28.374937   86.463632   -0.392    0.143  1
RGI60-15.01745     1.97261   28.137994   91.514796   -0.713    0.170  1
RGI60-15.01604     1.97118   28.011874   92.737926   -0.080    0.323  1
RGI60-15.09592     1.97016   28.349989   86.255132   -0.230    0.148  1
RGI60-15.02416     1.96903   27.964811   90.265914   -0.967    0.189  1
RGI60-15.06614     1.96668   30.912377   79.008032    0.024    0.158  1
RGI60-15.08237     1.96379   29.640667   97.194186   -0.810    0.170  1
RGI60-15.05907     1.96374   29.835181   81.372822   -0.159    0.151  1
RGI60-15.07399     1.96270   31.189197   78.499804   -0.394    0.172  1
RGI60-15.02975     1.96079   27.911516   88.657115   -0.594    0.161  1
RGI60-15.12430     1.96036   29.472869   96.242640    0.716    0.522  1
RGI60-15.12471     1.95974   29.285012   96.396370    0.058    0.228  1
RGI60-15.12866     1.95572   29.449057   97.173717   -0.993    0.192  1
RGI60-15.08829     1.95363   30.908672   79.799463   -0.499    0.176  1
RGI60-15.05818     1.95328   30.183244   81.767964   -0.642    0.170  1
RGI60-15.03096     1.95290   27.806315   87.930675   -0.340    0.149  1
RGI60-15.07423     1.95281   31.142903   78.623982    0.552    0.209  1
RGI60-15.05786     1.95252   29.927798   81.427582   -0.605    0.152  1
RGI60-15.03634     1.95022   27.761561   87.673507   -0.892    0.186  1
RGI60-15.05617     1.95015   29.197160   82.587922   -0.879    0.212  1
RGI60-15.10461     1.94833   27.969766   88.222395   -0.416    0.149  1
RGI60-15.06649     1.94813   30.638887   79.389055   -0.527    0.164  1
RGI60-15.06130     1.94800   30.396984   80.554556   -0.106    0.148  1
RGI60-15.06864     1.94617   30.843750   79.439949   -0.571    0.162  1
RGI60-15.10442     1.94489   28.006469   88.129936   -0.109    0.146  1
RGI60-15.08820     1.94461   31.077521   79.405885   -0.661    0.149  1
RGI60-15.06755     1.94332   30.309299   80.076414   -0.400    0.157  1
RGI60-15.11938     1.94318   29.262538   96.779658   -0.375    0.163  1
RGI60-15.11944     1.94310   29.219421   96.795051   -0.915    0.206  1
RGI60-15.06880     1.94292   30.871539   79.149463   -0.169    0.145  1
RGI60-15.03273     1.94255   27.834251   88.648316   -0.923    0.186  1
RGI60-15.02198     1.94235   27.986289   91.464570   -0.190    0.156  1
RGI60-15.06814     1.94132   30.774219   79.736546   -0.447    0.144  1
RGI60-15.12603     1.93920   29.138291   96.744482   -0.456    0.293  1
RGI60-15.03846     1.93782   27.819062   87.133546   -0.797    0.183  1
RGI60-15.10607     1.93584   28.041635   87.616837   -0.339    0.228  1
RGI60-15.00991     1.93387   30.442654   95.203238   -0.309    0.171  1
RGI60-15.05106     1.93384   28.778457   83.054853   -0.823    0.173  1
RGI60-15.13018     1.93347   29.461983   97.351863   -0.972    0.181  1
RGI60-15.11990     1.93314   29.648731   95.729220   -0.504    0.711  1
RGI60-15.01917     1.93202   27.883480   92.284143   -0.733    0.169  1
RGI60-15.07867     1.92921   29.512689  101.945646   -0.729    0.190  1
RGI60-15.09849     1.92718   28.055314   87.089774   -0.614    0.158  1
RGI60-15.04085     1.92398   28.575773   85.044240   -0.303    0.155  1
RGI60-15.04844     1.92221   28.879108   83.512751   -0.613    0.161  1
RGI60-15.09289     1.92212   28.390056   85.221178   -0.411    0.197  1
RGI60-15.07000     1.92091   30.482779   80.013460   -0.371    0.272  1
RGI60-15.04434     1.92037   28.683549   83.332822    0.096    0.146  1
RGI60-15.03732     1.92027   27.878590   86.936314   -0.584    0.158  1
RGI60-15.05102     1.91912   28.809976   83.081704   -0.742    0.161  1
RGI60-15.09262     1.91848   28.489084   85.160101   -0.028    0.312  1
RGI60-15.02790     1.91826   27.713552   88.117168    0.135    0.139  1
RGI60-15.07901     1.91764   29.818872  101.967493   -0.284    0.158  1
RGI60-15.11988     1.91757   29.671479   95.723271    0.166    0.307  1
RGI60-15.07554     1.91584   31.050831   78.588281   -0.023    0.235  1
RGI60-15.00614     1.91541   30.334740   95.329899   -0.306    0.182  1
RGI60-15.06451     1.91541   29.933452   82.116490   -0.867    0.208  1
RGI60-15.10546     1.91405   28.128853   87.492389   -0.868    0.177  1
RGI60-15.11429     1.91386   29.804528   96.361026   -0.576    0.278  1
RGI60-15.07523     1.91273   31.096781   78.489696   -0.327    0.178  1
RGI60-15.04767     1.90824   28.631815   83.967219   -0.190    0.152  1
RGI60-15.04217     1.90721   28.146766   85.701723   -0.497    0.175  1
RGI60-15.11882     1.90719   29.420022   96.437745   -0.456    0.156  1
RGI60-15.03347     1.90653   27.760624   87.900038   -0.563    0.179  1
RGI60-15.00971     1.90310   30.507138   95.181800   -0.973    0.202  1
RGI60-15.00838     1.90111   30.332585   95.601806   -1.113    0.201  1
RGI60-15.09269     1.89944   28.343928   85.170443   -0.181    0.187  1
RGI60-15.03983     1.89942   28.409199   84.622378   -0.224    0.154  1
RGI60-15.02423     1.89620   27.919611   90.224714   -0.829    0.158  1
RGI60-15.00690     1.89540   30.463656   95.386513   -0.613    0.182  1
RGI60-15.05060     1.89450   29.027970   83.694365   -0.740    0.163  1
RGI60-15.07179     1.89256   30.238676   80.348742   -0.039    0.162  1
RGI60-15.12099     1.89192   29.465681   96.017681   -0.141    0.237  1
RGI60-15.04437     1.88947   28.725848   83.318581    0.310    0.174  1
RGI60-15.09083     1.88851   30.226268   81.381653   -0.332    0.148  1
RGI60-15.04251     1.88835   28.168001   85.756519   -0.545    0.173  1
RGI60-15.04591     1.88768   28.831876   83.508117   -0.257    0.153  1
RGI60-15.09381     1.88364   28.426804   85.493637   -0.425    0.169  1
RGI60-15.01319     1.88295   28.677350   93.513834   -0.897    0.191  1
RGI60-15.04660     1.88235   28.927776   84.144736   -0.254    0.160  1
RGI60-15.10829     1.87981   28.186233   90.572688   -0.359    0.160  1
RGI60-15.10944     1.87927   27.866957   89.331835   -0.406    0.152  1
RGI60-15.11222     1.87900   29.912744   95.943979   -0.093    0.205  1
RGI60-15.05929     1.87723   30.083430   81.087103   -0.466    0.147  1
RGI60-15.01758     1.87712   28.115122   91.450825   -0.834    0.170  1
RGI60-15.06434     1.87658   29.981257   82.094762   -0.388    0.169  1
RGI60-15.05185     1.87645   30.320397   82.006952   -0.527    0.157  1
RGI60-15.08984     1.87623   30.449021   81.237740   -0.116    0.145  1
RGI60-15.07157     1.87597   30.342844   79.816724   -0.200    0.166  1
RGI60-15.02422     1.87576   27.910170   90.240900   -1.194    0.198  1
RGI60-15.06348     1.87576   30.232866   80.741122   -0.281    0.163  1
RGI60-15.10471     1.87217   27.983188   88.326696   -0.476    0.149  1
RGI60-15.05067     1.87213   29.018647   83.737821   -0.572    0.153  1
RGI60-15.05752     1.87185   29.237618   82.753421   -0.110    0.207  1
RGI60-15.06550     1.86697   30.108031   81.908898   -0.687    0.168  1
RGI60-15.07496     1.86629   31.174952   78.758790   -0.125    0.141  1
RGI60-15.07394     1.86626   31.196238   78.467271   -0.204    0.173  1
RGI60-15.01413     1.86615   28.210892   92.897325   -0.444    0.188  1
RGI60-15.03077     1.86539   27.820406   87.987394   -0.595    0.185  1
RGI60-15.05885     1.86467   29.759590   81.500383   -0.034    0.144  1
RGI60-15.12931     1.86214   29.364872   97.281987   -0.752    0.160  1
RGI60-15.08052     1.86035   28.491312   98.686566   -0.548    0.221  1
RGI60-15.10489     1.85871   28.046808   88.546148   -0.274    0.144  1
RGI60-15.01711     1.85786   28.235172   91.865052   -0.312    0.147  1
RGI60-15.06869     1.85640   30.718863   79.394154   -0.158    0.152  1
RGI60-15.08125     1.85560   28.992205   97.594592   -0.854    0.171  1
RGI60-15.01581     1.85441   28.107069   92.638699   -0.208    0.184  1
RGI60-15.02370     1.85301   28.127327   90.247148   -0.648    0.162  1
RGI60-15.11491     1.85113   29.667823   96.460166   -0.481    0.170  1
RGI60-15.10443     1.85060   28.030754   88.132262   -0.119    0.146  1
RGI60-15.06100     1.85033   30.177208   81.787710   -0.616    0.173  1
RGI60-15.11521     1.84818   29.680245   96.546473   -0.625    0.180  1
RGI60-15.01310     1.84777   28.678417   93.460096   -0.754    0.190  1
RGI60-15.05317     1.84756   29.770329   82.398216   -1.343    0.253  1
RGI60-15.06738     1.84721   30.284239   79.973562    1.368    0.534  1
RGI60-15.04509     1.84719   28.488750   84.255310   -0.579    0.163  1
RGI60-15.10989     1.84697   28.829463   84.450341   -0.158    0.150  1
RGI60-15.06379     1.84688   30.402538   80.576392   -0.359    0.146  1
RGI60-15.04502     1.84624   28.655422   84.284950   -0.224    0.148  1
RGI60-15.11313     1.84537   30.107631   96.185923   -0.674    0.250  1
RGI60-15.07014     1.83954   30.484698   80.235895   -0.083    0.156  1
RGI60-15.06719     1.83834   30.560248   80.092084   -0.068    0.178  1
RGI60-15.07513     1.83624   30.874220   78.826100   -0.308    0.145  1
RGI60-15.06323     1.83336   29.948133   81.137536   -0.161    0.146  1
RGI60-15.11560     1.83279   29.621820   96.633031   -0.246    0.183  1
RGI60-15.12915     1.83101   29.461727   97.261217   -1.018    0.199  1
RGI60-15.07614     1.83091   30.993331   78.522300   -0.429    0.218  1
RGI60-15.09224     1.82989   28.777610   85.040979   -0.820    0.178  1
RGI60-15.03996     1.82918   28.368211   84.680364    0.009    0.251  1
RGI60-15.10884     1.82896   28.084628   90.694920   -0.413    0.171  1
RGI60-15.05042     1.82862   28.789003   83.395146   -0.226    0.153  1
RGI60-15.10934     1.82802   28.123275   90.875445   -0.113    0.183  1
RGI60-15.11189     1.82494   29.938025   95.920147   -0.126    0.731  1
RGI60-15.08091     1.82228   29.282128   98.352802   -1.197    0.231  1
RGI60-15.11363     1.82152   29.868092   96.246938   -0.511    0.174  1
RGI60-15.06815     1.81867   30.842679   79.737998   -0.681    0.167  1
RGI60-15.00925     1.81643   30.662925   95.126361   -0.500    0.183  1
RGI60-15.12528     1.81559   29.116785   96.541366    0.342    0.185  1
RGI60-15.08940     1.81414   30.185931   81.050985   -0.224    0.144  1
RGI60-15.03099     1.81272   27.803371   87.920383   -0.380    0.152  1
RGI60-15.10380     1.81258   27.906320   88.017344   -0.356    0.145  1
RGI60-15.06108     1.81252   29.943862   81.020794   -0.177    0.159  1
RGI60-15.10374     1.81225   28.007913   87.990631   -0.450    0.148  1
RGI60-15.06895     1.81194   30.815603   79.399460   -0.397    0.151  1
RGI60-15.13049     1.81117   29.216984   97.446766   -0.926    0.204  1
RGI60-15.02265     1.81105   28.130066   89.830778   -0.589    0.159  1
RGI60-15.07402     1.81087   31.190269   78.526396   -0.363    0.175  1
RGI60-15.04578     1.80854   28.733867   83.567995    0.029    0.277  1
RGI60-15.02330     1.80651   28.094914   89.937763   -0.728    0.170  1
RGI60-15.03220     1.80502   27.592414   88.100111   -0.181    0.148  1
RGI60-15.02824     1.80484   27.744680   88.203563    0.003    0.154  1
RGI60-15.08846     1.80264   30.801322   79.923395   -0.574    0.151  1
RGI60-15.02502     1.80246   28.002941   90.396020   -0.753    0.161  1
RGI60-15.08135     1.80145   28.972150   97.634320   -0.542    0.173  1
RGI60-15.11362     1.80144   29.841843   96.246194   -0.380    0.626  1
RGI60-15.10918     1.80142   28.035158   90.840085   -0.903    0.188  1
RGI60-15.11280     1.80102   29.835500   96.047957   -0.584    0.313  1
RGI60-15.06893     1.80092   30.866116   79.289269   -0.149    0.146  1
RGI60-15.03943     1.80033   27.865505   86.501017   -0.518    0.148  1
RGI60-15.11771     1.79971   29.739215   95.787612    0.259    0.376  1
RGI60-15.05614     1.79917   29.312041   82.601187   -0.236    0.155  1
RGI60-15.11179     1.79810   29.885504   95.906236   -0.104    0.459  1
RGI60-15.04346     1.79784   28.518590   84.498829   -0.200    0.161  1
RGI60-15.00652     1.79740   30.604205   95.246948   -0.243    0.171  1
RGI60-15.12298     1.79666   29.035913   96.397916   -0.248    0.164  1
RGI60-15.09443     1.79500   28.265394   85.616867    0.030    0.188  1
RGI60-15.02089     1.79417   28.004527   91.520474   -0.344    0.155  1
RGI60-15.10114     1.79265   28.215836   87.069956   -0.612    0.168  1
RGI60-15.06429     1.79149   29.988242   82.086434   -0.569    0.171  1
RGI60-15.01805     1.79138   28.148467   91.871480   -0.414    0.154  1
RGI60-15.08109     1.79109   29.132927   97.538133   -0.829    0.185  1
RGI60-15.12401     1.79027   29.455614   96.055247   -0.213    0.421  1
RGI60-15.04099     1.78990   28.549722   84.566659   -0.287    0.546  1
RGI60-15.10410     1.78981   28.037572   88.060958   -0.442    0.161  1
RGI60-15.12551     1.78918   29.177702   96.609537    0.995    0.714  1
RGI60-15.09808     1.78392   28.064031   87.017012   -0.452    0.148  1
RGI60-15.06700     1.78004   30.498282   80.214802    0.115    0.252  1
RGI60-15.01964     1.77833   27.784185   92.380309   -0.647    0.184  1
RGI60-15.09145     1.77807   28.627983   84.730335   -0.198    0.166  1
RGI60-15.11370     1.77740   29.882822   96.275899   -0.455    0.509  1
RGI60-15.04604     1.77111   28.628474   84.529048   -0.117    0.158  1
RGI60-15.06040     1.76851   30.155200   80.494236    0.046    0.224  1
RGI60-15.03810     1.76802   27.761538   86.836171   -0.155    0.241  1
RGI60-15.06965     1.76778   30.886454   79.593641    0.263    0.151  1
RGI60-15.06968     1.76773   30.715825   79.261196   -0.127    0.151  1
RGI60-15.09440     1.76731   28.411460   85.609850   -0.634    0.172  1
RGI60-15.06766     1.76656   30.490005   79.964425    0.028    0.245  1
RGI60-15.04058     1.76550   28.525631   84.982387    0.039    0.527  1
RGI60-15.04155     1.76220   28.487006   84.724497   -0.165    0.171  1
RGI60-15.08195     1.76143   29.551187   97.119834   -0.992    0.188  1
RGI60-15.12117     1.75862   29.552988   96.072303    0.094    0.409  1
RGI60-15.05059     1.75828   29.015780   83.701427   -0.594    0.154  1
RGI60-15.10668     1.75720   27.988740   87.819340   -0.901    0.172  1
RGI60-15.09772     1.75683   28.068199   86.484555   -0.597    0.163  1
RGI60-15.05234     1.75682   29.679825   82.886428   -0.393    0.158  1
RGI60-15.08069     1.75569   28.339007   98.763125   -0.647    0.195  1
RGI60-15.05622     1.75484   29.304923   82.530715   -0.313    0.182  1
RGI60-15.05225     1.75263   29.677906   82.862755   -0.314    0.162  1
RGI60-15.09837     1.75184   28.049479   87.076350   -0.365    0.145  1
RGI60-15.01796     1.74927   28.191041   91.875969   -0.302    0.159  1
RGI60-15.07091     1.74704   30.286895   79.766145    0.046    0.164  1
RGI60-15.06111     1.74700   30.006340   81.147318   -0.263    0.149  1
RGI60-15.05327     1.74413   29.812143   82.413088   -1.164    0.244  1
RGI60-15.03443     1.74349   27.864364   86.518282   -0.171    0.145  1
RGI60-15.05162     1.74007   30.181973   81.909422   -0.512    0.168  1
RGI60-15.06668     1.73939   30.357786   80.300511   -0.650    0.176  1
RGI60-15.01482     1.73902   28.285776   93.456759    0.271    0.312  1
RGI60-15.04790     1.73830   28.619820   83.799077   -0.365    0.157  1
RGI60-15.00020     1.73585   29.908966   99.633153   -1.073    0.223  1
RGI60-15.02822     1.73418   27.747335   88.218225   -0.090    0.147  1
RGI60-15.01545     1.73391   28.014915   92.663528   -0.208    0.172  1
RGI60-15.06513     1.73308   29.858143   81.028178   -0.198    0.158  1
RGI60-15.12409     1.73202   29.448352   96.107799    0.338    0.582  1
RGI60-15.09282     1.72681   28.374805   85.199179   -0.293    0.222  1
RGI60-15.04268     1.72660   28.167308   85.504151   -0.618    0.166  1
RGI60-15.06362     1.72536   30.284086   80.640004   -0.112    0.170  1
RGI60-15.01679     1.72398   28.346163   91.171336   -0.294    0.180  1
RGI60-15.08245     1.72394   29.470281   97.215472   -1.131    0.212  1
RGI60-15.09920     1.72249   28.197835   86.715063   -0.222    0.161  1
RGI60-15.03929     1.72243   27.924960   86.566243   -0.473    0.164  1
RGI60-15.05230     1.72196   29.685522   82.837070   -0.168    0.160  1
RGI60-15.03590     1.72168   27.702365   86.907269   -0.203    0.147  1
RGI60-15.02006     1.72162   27.882967   92.442079   -0.274    0.171  1
RGI60-15.06250     1.72142   29.780299   81.544136   -0.232    0.160  1
RGI60-15.06284     1.72008   29.876460   81.372962   -0.019    0.148  1
RGI60-15.01656     1.71990   28.388196   91.136041   -0.320    0.166  1
RGI60-15.08066     1.71866   28.308276   98.754254   -1.016    0.201  1
RGI60-15.02864     1.71718   27.837861   88.218623   -0.230    0.145  1
RGI60-15.03522     1.71696   27.795986   86.539732   -0.337    0.159  1
RGI60-15.12922     1.71315   29.480696   97.277501   -1.207    0.219  1
RGI60-15.10763     1.71296   28.243284   90.480497   -0.163    0.150  1
RGI60-15.04022     1.71229   28.356045   84.678785   -0.783    0.198  1
RGI60-15.03591     1.71228   27.709260   86.897669   -0.242    0.146  1
RGI60-15.05908     1.71200   29.845138   81.376356   -0.081    0.159  1
RGI60-15.08628     1.71158   29.823721   96.437843   -1.099    0.226  1
RGI60-15.11704     1.71156   29.516643   96.987269   -0.940    0.185  1
RGI60-15.06214     1.70686   29.701595   81.523385   -1.148    0.236  1
RGI60-15.00801     1.70629   30.361930   95.643396   -0.703    0.185  1
RGI60-15.05952     1.70597   29.804030   81.095845   -0.550    0.156  1
RGI60-15.04577     1.70450   28.732412   83.555469   -7.455    3.446  1
RGI60-15.11398     1.70378   29.912633   96.317974   -0.813    0.293  1
RGI60-15.07310     1.70251   31.261523   78.392393   -0.183    0.161  1
RGI60-15.05029     1.70121   28.759768   83.224495   -0.082    0.157  1
RGI60-15.09982     1.70077   28.076388   86.815278   -0.270    0.141  1
RGI60-15.05149     1.69682   28.794523   83.070998   -0.764    0.165  1
RGI60-15.09441     1.69448   28.422896   85.616009   -0.349    0.158  1
RGI60-15.08049     1.69430   28.515547   98.634386   -0.450    0.182  1
RGI60-15.04491     1.69310   28.728803   84.070481   -0.058    0.158  1
RGI60-15.08877     1.69309   30.569843   80.133901   -0.115    0.155  1
RGI60-15.04931     1.69174   29.150610   83.690344   -0.371    0.158  1
RGI60-15.00298     1.69079   28.326321   97.568205   -0.574    0.179  1
RGI60-15.06799     1.69074   30.754355   79.548557    0.041    0.146  1
RGI60-15.04996     1.68492   29.070371   83.635846   -1.044    0.188  1
RGI60-15.05117     1.68467   28.735326   84.328772   -0.287    0.152  1
RGI60-15.06369     1.68115   30.323165   80.614605   -0.443    0.186  1
RGI60-15.04237     1.68001   28.148278   85.606075   -0.588    0.166  1
RGI60-15.04504     1.67647   28.479166   84.276597   -0.463    0.161  1
RGI60-15.05426     1.67428   29.212052   82.555175   -0.658    0.182  1
RGI60-15.04590     1.67408   28.718762   83.158173   -0.375    0.158  1
RGI60-15.07536     1.67385   31.036825   78.478858    0.097    0.176  1
RGI60-15.06762     1.67257   30.461928   79.910557   -0.194    0.231  1
RGI60-15.00644     1.67215   30.623958   95.285375   -0.166    0.176  1
RGI60-15.08603     1.67209   29.875289   96.950711   -1.046    0.183  1
RGI60-15.06819     1.67109   30.913192   79.665069   -0.209    0.152  1
RGI60-15.11017     1.66940   29.881938   82.653507   -0.328    0.172  1
RGI60-15.05533     1.66748   29.360103   82.645460   -0.158    0.168  1
RGI60-15.09059     1.66693   30.221529   81.355821   -0.231    0.152  1
RGI60-15.10577     1.66625   28.036500   87.600869   -0.397    0.201  1
RGI60-15.01935     1.66510   27.874827   92.384446   -0.358    0.171  1
RGI60-15.10861     1.66504   28.285757   90.627373   -0.432    0.156  1
RGI60-15.00827     1.66431   30.276980   95.633657   -0.336    0.165  1
RGI60-15.02601     1.66052   27.939627   90.766706   -0.817    0.182  1
RGI60-15.03056     1.65958   27.876963   88.870480   -0.335    0.162  1
RGI60-15.11533     1.65810   29.691878   96.597526   -0.597    0.183  1
RGI60-15.01863     1.65774   27.796103   92.064949   -0.530    0.157  1
RGI60-15.06604     1.65624   30.781326   78.995082   -0.243    0.145  1
RGI60-15.02121     1.65615   28.073071   91.341686   -0.413    0.159  1
RGI60-15.09850     1.65575   28.149293   87.091675   -0.707    0.169  1
RGI60-15.00967     1.65457   30.468451   95.169746   -0.569    0.180  1
RGI60-15.09538     1.65403   28.028750   86.077579   -0.632    0.168  1
RGI60-15.03087     1.65368   27.796896   87.959509   -0.510    0.159  1
RGI60-15.04832     1.65358   28.668653   83.515825   -0.397    0.366  1
RGI60-15.12933     1.65319   29.205374   97.280982   -0.536    0.165  1
RGI60-15.03349     1.65220   27.741919   87.903747   -0.316    0.156  1
RGI60-15.12484     1.65110   29.284236   96.424382    0.002    0.190  1
RGI60-15.09854     1.65082   28.061012   87.101331   -0.574    0.158  1
RGI60-15.06834     1.65076   30.920714   79.529502   -0.226    0.144  1
RGI60-15.06298     1.65031   29.884433   81.060383    0.040    0.180  1
RGI60-15.11766     1.65020   29.751742   95.763065    0.017    0.269  1
RGI60-15.11942     1.64904   29.388036   96.785805   -0.580    0.199  1
RGI60-15.01587     1.64412   27.921268   92.691381   -0.272    0.254  1
RGI60-15.05821     1.64355   30.111306   81.792046   -0.867    0.193  1
RGI60-15.01504     1.64209   27.939725   92.604513   -0.179    0.170  1
RGI60-15.00858     1.64125   30.246547   95.685713   -0.062    0.163  1
RGI60-15.07087     1.64055   30.362724   79.728750   -0.367    0.153  1
RGI60-15.06483     1.64046   30.206888   81.775687   -0.674    0.176  1
RGI60-15.04811     1.63922   28.545064   84.131007   -0.214    0.165  1
RGI60-15.09306     1.63852   28.493771   85.279988   -0.699    0.180  1
RGI60-15.01743     1.63840   28.141969   91.532145   -0.534    0.163  1
RGI60-15.04584     1.63835   28.744871   83.416526   -0.227    0.153  1
RGI60-15.10251     1.63754   28.377818   86.473807   -0.409    0.147  1
RGI60-15.07276     1.63751   30.228320   79.838776    0.403    0.300  1
RGI60-15.12053     1.63691   29.390799   95.876770   -0.973    0.547  1
RGI60-15.00857     1.63560   30.257393   95.674947   -0.520    0.181  1
RGI60-15.01563     1.63523   27.969089   92.760111   -0.266    0.187  1
RGI60-15.11275     1.63419   29.866268   96.035316   -0.894    0.317  1
RGI60-15.04501     1.63310   28.643263   84.315380   -0.171    0.154  1
RGI60-15.13063     1.63238   29.000440   97.516884   -0.471    0.232  1
RGI60-15.08262     1.63189   29.455309   97.239402   -0.815    0.178  1
RGI60-15.01982     1.63117   27.728925   92.380215   -1.239    0.217  1
RGI60-15.11367     1.63020   29.875594   96.258628   -0.777    0.210  1
RGI60-15.03130     1.63012   27.720370   87.901242   -0.295    0.156  1
RGI60-15.06956     1.62975   30.922463   79.403586   -0.392    0.151  1
RGI60-15.12753     1.62968   29.495554   97.068923   -1.050    0.182  1
RGI60-15.01225     1.62947   29.966691   95.216024   -0.291    0.203  1
RGI60-15.06603     1.62577   30.776302   78.981248   -0.343    0.147  1
RGI60-15.00412     1.62445   28.666041   98.161080   -1.054    0.214  1
RGI60-15.04500     1.62404   28.627637   84.330043   -0.289    0.148  1
RGI60-15.01213     1.62241   29.947028   95.282867   -0.122    0.161  1
RGI60-15.02861     1.62197   27.847822   88.072474   -0.299    0.147  1
RGI60-15.12391     1.62192   28.426349   96.896106   -0.660    0.168  1
RGI60-15.05358     1.62135   30.037169   82.200378   -0.625    0.175  1
RGI60-15.07502     1.62129   30.796709   78.892565   -0.101    0.164  1
RGI60-15.04127     1.61879   28.389255   85.041121   -0.111    0.168  1
RGI60-15.02737     1.61805   27.568150   88.229396    0.106    0.293  1
RGI60-15.08684     1.61704   31.197267   78.964272   -0.707    0.177  1
RGI60-15.10791     1.61508   28.222270   90.523010   -0.352    0.148  1
RGI60-15.08664     1.61456   30.286939   95.911806   -0.829    0.209  1
RGI60-15.06999     1.61377   30.458085   80.007542   -0.002    0.192  1
RGI60-15.05926     1.61187   30.113676   81.064883   -0.354    0.145  1
RGI60-15.03550     1.61164   27.840763   86.440982   -0.511    0.156  1
RGI60-15.04630     1.61138   28.790869   84.380551   -0.285    0.155  1
RGI60-15.08662     1.61098   30.332931   95.883721   -0.860    0.502  1
RGI60-15.00932     1.61040   30.595917   95.233161   -0.085    0.176  1
RGI60-15.08966     1.60934   30.093046   81.116374   -0.262    0.213  1
RGI60-15.08782     1.60631   31.144921   79.292298   -0.893    0.186  1
RGI60-15.01797     1.60473   28.166840   91.876801   -0.121    0.151  1
RGI60-15.03239     1.60436   27.736091   88.031585   -0.187    0.151  1
RGI60-15.09545     1.60381   28.079900   86.079763   -0.282    0.159  1
RGI60-15.12795     1.60232   29.408054   97.096269   -1.190    0.204  1
RGI60-15.05616     1.59994   29.232810   82.547047   -0.282    0.195  1
RGI60-15.02165     1.59815   28.018356   91.368475   -0.056    0.173  1
RGI60-15.12249     1.59667   29.382235   96.115658    0.059    0.275  1
RGI60-15.05996     1.59619   30.024167   80.872193   -0.080    0.174  1
RGI60-15.07894     1.59594   29.532588  101.948173   -0.681    0.199  1
RGI60-15.13091     1.59489   28.947931   97.604462   -0.456    0.157  1
RGI60-15.04853     1.59411   28.849137   83.513529   -0.530    0.154  1
RGI60-15.12959     1.59390   29.177019   97.298212   -0.251    0.167  1
RGI60-15.08858     1.59308   30.642709   80.036185    0.333    0.333  1
RGI60-15.03224     1.58997   27.579853   88.129781   -0.244    0.151  1
RGI60-15.03277     1.58922   27.829836   88.631029   -0.541    0.180  1
RGI60-15.10603     1.58796   28.092635   87.610540   -1.483    0.287  1
RGI60-15.01540     1.58626   28.104235   92.617964   -0.445    0.191  1
RGI60-15.12412     1.58536   29.472795   96.126546   -0.447    0.631  1
RGI60-15.00846     1.58377   30.324383   95.545814   -0.383    0.171  1
RGI60-15.08576     1.58373   29.841722   96.900245   -1.123    0.193  1
RGI60-15.12291     1.58363   29.107181   96.370713   -0.336    0.165  1
RGI60-15.06341     1.58332   30.250479   80.722355   -0.474    0.167  1
RGI60-15.00890     1.58052   30.206089   95.462748    0.025    0.202  1
RGI60-15.11013     1.57903   29.899708   82.603928   -0.308    0.173  1
RGI60-15.06381     1.57575   30.387205   80.401815   -0.506    0.182  1
RGI60-15.01761     1.57507   28.100376   91.438877   -0.355    0.151  1
RGI60-15.10256     1.57462   28.423403   85.751848   -0.308    0.149  1
RGI60-15.12670     1.57419   29.376403   96.989888   -0.914    0.192  1
RGI60-15.06591     1.57415   30.264454   79.758915    0.015    0.164  1
RGI60-15.06639     1.57011   30.649132   79.337629   -0.504    0.155  1
RGI60-15.09301     1.56933   28.531845   85.263281   -0.014    0.183  1
RGI60-15.05141     1.56932   28.560912   84.543124   -0.081    0.164  1
RGI60-15.03189     1.56850   27.606376   88.170895   -0.276    0.156  1
RGI60-15.08185     1.56755   29.544096   97.098927   -1.016    0.193  1
RGI60-15.05510     1.56740   29.397743   82.682846   -0.489    0.204  1
RGI60-15.00251     1.56577   28.404900   97.511831   -0.682    0.168  1
RGI60-15.10569     1.56561   28.200954   87.593149   -0.250    0.159  1
RGI60-15.11281     1.56132   29.821668   96.050636   -0.328    0.230  1
RGI60-15.04731     1.56072   28.799456   83.992104   -0.459    0.164  1
RGI60-15.09341     1.55980   28.707155   85.416495   -0.390    0.167  1
RGI60-15.08214     1.55963   29.616200   97.151958   -0.965    0.188  1
RGI60-15.05717     1.55793   29.150527   82.757943   -0.629    0.169  1
RGI60-15.12881     1.55737   29.379188   97.183339   -0.769    0.211  1
RGI60-15.07279     1.55669   30.269748   80.067080    0.014    0.218  1
RGI60-15.04259     1.55593   28.143853   85.782719   -0.154    0.188  1
RGI60-15.12146     1.55567   29.233352   96.018761   -1.074    0.420  1
RGI60-15.00414     1.55532   28.668933   98.189882   -0.815    0.203  1
RGI60-15.05966     1.55518   29.986511   80.971827   -0.503    0.159  1
RGI60-15.03989     1.55416   28.253819   85.509431    0.015    0.180  1
RGI60-15.03570     1.55309   27.827272   86.882019   -0.172    0.140  1
RGI60-15.07259     1.55283   30.270810   79.969504   -0.561    0.339  1
RGI60-15.02538     1.55056   27.728317   89.421839   -0.977    0.181  1
RGI60-15.12767     1.54847   29.415387   97.076952   -0.974    0.198  1
RGI60-15.08484     1.54762   29.799545   96.486045   -0.734    0.168  1
RGI60-15.11562     1.54607   29.633225   96.633063   -0.217    0.182  1
RGI60-15.06045     1.54428   30.137290   80.535059   -0.197    0.223  1
RGI60-15.11872     1.54411   29.544094   96.356929   -0.411    0.371  1
RGI60-15.12776     1.54352   29.500834   97.082345   -0.976    0.185  1
RGI60-15.06898     1.54315   30.831323   79.424894   -0.104    0.146  1
RGI60-15.00261     1.54289   28.390512   97.758119   -0.870    0.214  1
RGI60-15.12681     1.54245   29.403279   96.996665   -1.148    0.208  1
RGI60-15.03767     1.54227   27.762076   87.088665   -0.404    0.205  1
RGI60-15.01352     1.54086   28.137263   92.666204   -0.522    0.182  1
RGI60-15.07273     1.54010   30.210094   79.848857   -0.002    0.239  1
RGI60-15.09181     1.53959   28.803799   84.902815   -0.535    0.197  1
RGI60-15.12950     1.53885   29.367792   97.295026   -1.137    0.192  1
RGI60-15.02244     1.53855   28.021856   89.601581   -1.161    0.211  1
RGI60-15.03836     1.53718   27.810086   87.164215   -0.881    0.173  1
RGI60-15.01987     1.53483   27.724570   92.421836   -0.982    0.219  1
RGI60-15.02857     1.53383   27.842998   88.141118   -0.317    0.148  1
RGI60-15.04922     1.53316   28.975555   83.188992   -0.412    0.165  1
RGI60-15.13089     1.53275   28.960271   97.599598   -0.466    0.165  1
RGI60-15.06315     1.53103   30.197008   80.485463    0.139    0.213  1
RGI60-15.02807     1.52995   27.786109   88.255863   -0.224    0.146  1
RGI60-15.09823     1.52993   28.028414   87.049034   -0.333    0.147  1
RGI60-15.08493     1.52973   29.738519   96.541265   -1.091    0.191  1
RGI60-15.07701     1.52959   31.522404   99.869587   -0.726    0.189  1
RGI60-15.01732     1.52903   28.149037   91.475124   -0.492    0.155  1
RGI60-15.04014     1.52902   28.526892   84.938645   -0.167    0.210  1
RGI60-15.02470     1.52881   28.028590   90.345583   -0.355    0.144  1
RGI60-15.10393     1.52585   27.997963   88.039105   -0.440    0.155  1
RGI60-15.03838     1.52363   27.742005   87.048819   -0.254    0.175  1
RGI60-15.07515     1.52262   30.899503   78.788280   -0.054    0.145  1
RGI60-15.10385     1.52233   27.915593   88.028617   -0.741    0.165  1
RGI60-15.08894     1.52213   30.496626   80.651000   -0.746    0.166  1
RGI60-15.04779     1.52164   28.576138   83.890348   -0.103    0.158  1
RGI60-15.02239     1.52133   27.841716   89.352475   -0.349    0.163  1
RGI60-15.03302     1.52027   27.719948   88.404717   -0.527    0.203  1
RGI60-15.09098     1.52001   30.285961   81.394029   -0.285    0.171  1
RGI60-15.00828     1.51993   30.290407   95.635279   -0.064    0.156  1
RGI60-15.12447     1.51979   29.308225   96.327557   -0.112    0.367  1
RGI60-15.06694     1.51973   30.482057   80.260232   -0.204    0.167  1
RGI60-15.02087     1.51903   28.018113   91.541129   -0.556    0.163  1
RGI60-15.12945     1.51821   28.906654   97.289814   -0.705    0.190  1
RGI60-15.06877     1.51820   30.963115   79.091095   -0.475    0.150  1
RGI60-15.11022     1.51729   29.897959   82.673622   -0.057    0.156  1
RGI60-15.11251     1.51717   29.930181   96.003063   -0.713    0.455  1
RGI60-15.04142     1.51531   28.594976   85.011881   -0.325    0.168  1
RGI60-15.06976     1.51341   30.928530   79.595115    0.115    0.316  1
RGI60-15.08625     1.51086   29.850511   96.429913   -0.985    0.225  1
RGI60-15.02458     1.51085   27.965437   90.280319   -0.480    0.152  1
RGI60-15.05346     1.51059   30.063385   82.157479   -0.549    0.161  1
RGI60-15.05165     1.51048   30.071643   82.107172   -0.454    0.158  1
RGI60-15.06110     1.50940   29.996425   81.139784   -0.221    0.172  1
RGI60-15.10863     1.50614   28.052067   90.633074   -1.022    0.204  1
RGI60-15.06899     1.50526   30.826453   79.438628   -0.184    0.149  1
RGI60-15.03053     1.50346   27.903501   88.829473   -0.677    0.165  1
RGI60-15.11500     1.50295   29.751862   96.483496   -0.756    0.171  1
RGI60-15.01335     1.50201   28.203159   92.692313   -0.324    0.190  1
RGI60-15.09343     1.50001   28.664098   85.423541   -0.155    0.156  1
RGI60-15.10865     1.49916   28.266338   90.640485   -0.096    0.171  1
RGI60-15.05172     1.49853   29.905047   82.220364   -1.392    0.220  1
RGI60-15.10661     1.49823   27.947726   87.807510   -1.036    0.222  1
RGI60-15.02390     1.49775   28.042408   90.280482   -0.670    0.159  1
RGI60-15.08713     1.49774   31.040081   79.055179   -0.053    0.160  1
RGI60-15.08945     1.49252   30.160866   81.078895   -0.463    0.157  1
RGI60-15.10737     1.49236   28.129089   90.421999   -0.071    0.147  1
RGI60-15.12542     1.49229   29.193906   96.583990   -0.156    0.557  1
RGI60-15.05063     1.48858   29.023093   83.716959   -0.583    0.161  1
RGI60-15.10869     1.48823   28.058007   90.645365   -1.216    0.211  1
RGI60-15.09824     1.48696   27.945225   87.049970   -0.097    0.143  1
RGI60-15.06291     1.48549   29.840265   81.098594   -0.002    0.153  1
RGI60-15.05295     1.48476   30.152574   81.912944   -0.598    0.188  1
RGI60-15.12766     1.48410   29.269889   97.076239   -0.671    0.180  1
RGI60-15.11724     1.48410   29.491017   97.047546   -1.084    0.209  1
RGI60-15.06089     1.48313   30.130046   81.888022   -0.475    0.172  1
RGI60-15.11122     1.48276   29.954763   95.848173    0.206    0.494  1
RGI60-15.07312     1.48238   31.207835   78.466114   -0.204    0.173  1
RGI60-15.06791     1.48162   30.687491   79.687561   -0.056    0.163  1
RGI60-15.09763     1.48098   27.961487   86.422293   -0.088    0.157  1
RGI60-15.12636     1.48043   29.104821   96.926094   -0.368    0.241  1
RGI60-15.05702     1.48009   29.126673   83.064606   -0.604    0.181  1
RGI60-15.03088     1.47960   27.808196   87.973075   -0.368    0.159  1
RGI60-15.00299     1.47952   28.350931   97.499189   -0.457    0.161  1
RGI60-15.06299     1.47900   29.852043   81.017648   -0.406    0.156  1
RGI60-15.07514     1.47830   30.894386   78.772937   -0.306    0.149  1
RGI60-15.06851     1.47715   30.963714   79.366541   -0.355    0.147  1
RGI60-15.00121     1.47708   30.066068   99.288423   -0.764    0.168  1
RGI60-15.07860     1.47042   29.294367  101.896912   -0.084    0.175  1
RGI60-15.12100     1.47039   29.529264   96.015355   -0.489    0.429  1
RGI60-15.06844     1.46957   30.909495   79.401943   -0.469    0.151  1
RGI60-15.03157     1.46760   27.812887   88.096557   -0.420    0.154  1
RGI60-15.10931     1.46729   28.124383   90.864574   -0.170    0.175  1
RGI60-15.02808     1.46635   27.804862   88.259026   -0.332    0.145  1
RGI60-15.04452     1.46619   28.764831   83.929342   -0.367    0.156  1
RGI60-15.05894     1.46578   29.874582   81.509561    0.157    0.164  1
RGI60-15.08732     1.46562   31.037321   79.125836    0.072    0.156  1
RGI60-15.10175     1.46554   28.167624   86.644204   -0.112    0.145  1
RGI60-15.11800     1.46439   29.608113   95.932116   -0.718    0.428  1
RGI60-15.07622     1.46317   30.775653   78.860782   -0.012    0.187  1
RGI60-15.09349     1.46281   28.496610   85.358517   -0.140    0.211  1
RGI60-15.11036     1.46177   30.007410   95.747122   -0.557    0.433  1
RGI60-15.02223     1.46160   27.941552   91.471554   -0.687    0.167  1
RGI60-15.08149     1.46122   29.010733   97.656391   -0.399    0.163  1
RGI60-15.06248     1.46119   29.792556   81.557818   -0.262    0.172  1
RGI60-15.04045     1.45964   28.239008   85.556084   -1.407    0.246  1
RGI60-15.03729     1.45813   27.909059   87.046126   -0.219    0.146  1
RGI60-15.04454     1.45764   28.748370   83.899421   -0.183    0.155  1
RGI60-15.03531     1.45750   27.797872   86.500169   -0.443    0.171  1
RGI60-15.02817     1.45611   27.803995   88.292939   -0.387    0.146  1
RGI60-15.03074     1.45582   27.842696   88.007453   -0.521    0.172  1
RGI60-15.01088     1.45525   30.314960   95.597439   -0.280    0.172  1
RGI60-15.00185     1.45360   30.403887   99.540308   -0.692    0.186  1
RGI60-15.04028     1.45160   28.579138   84.931744    0.021    0.256  1
RGI60-15.11114     1.45066   29.913230   95.842397    0.304    0.415  1
RGI60-15.08942     1.45060   30.175135   81.063920   -0.397    0.152  1
RGI60-15.09149     1.45003   28.622421   84.741343    0.040    0.210  1
RGI60-15.07709     1.44968   31.845416   99.009675   -0.338    0.234  1
RGI60-15.11785     1.44956   29.703190   95.875438   -0.293    0.221  1
RGI60-15.04069     1.44784   28.510684   84.624918    0.006    0.163  1
RGI60-15.03796     1.44663   27.808757   86.900643   -0.486    0.152  1
RGI60-15.10716     1.44612   28.233699   90.345548   -0.353    0.143  1
RGI60-15.09121     1.44563   28.750129   84.570012   -0.284    0.155  1
RGI60-15.10061     1.44556   28.148344   86.945684   -0.328    0.153  1
RGI60-15.05009     1.44434   29.034458   83.622180   -0.716    0.164  1
RGI60-15.08649     1.44400   30.366903   95.837543   -1.016    0.202  1
RGI60-15.04124     1.44298   28.308250   85.690540   -0.892    0.181  1
RGI60-15.08891     1.44292   30.593242   80.201047   -0.279    0.168  1
RGI60-15.02281     1.44282   28.018468   89.888828   -0.712    0.169  1
RGI60-15.08204     1.44258   29.621748   97.137674   -0.713    0.176  1
RGI60-15.07490     1.44199   31.181090   78.712224    0.235    0.152  1
RGI60-15.11213     1.43970   29.851654   95.932588   -0.133    0.530  1
RGI60-15.12949     1.43784   28.958497   97.294109   -1.164    0.230  1
RGI60-15.00779     1.43733   30.357785   95.571632   -0.667    0.168  1
RGI60-15.01736     1.43666   28.148224   91.508225   -0.526    0.168  1
RGI60-15.04412     1.43606   28.772128   83.491304   -0.285    0.156  1
RGI60-15.06856     1.43580   30.957459   79.332688   -0.615    0.159  1
RGI60-15.03586     1.43504   27.728914   86.889147   -0.320    0.151  1
RGI60-15.11191     1.43479   29.856052   95.921435   -0.049    0.429  1
RGI60-15.06549     1.43454   30.122671   81.905048   -0.548    0.168  1
RGI60-15.10793     1.43445   28.207753   90.525228   -0.358    0.149  1
RGI60-15.01337     1.43110   28.150631   92.669620   -0.229    0.171  1
RGI60-15.02311     1.43009   28.083478   89.856058   -1.046    0.221  1
RGI60-15.12652     1.42920   29.034325   96.972296   -0.511    0.185  1
RGI60-15.11305     1.42884   30.109816   96.168710   -0.586    0.256  1
RGI60-15.05396     1.42834   29.379586   82.559988   -0.096    0.161  1
RGI60-15.04634     1.42791   28.802346   84.425230   -0.001    0.153  1
RGI60-15.02372     1.42789   28.114165   90.304515   -0.777    0.173  1
RGI60-15.09095     1.42780   30.210012   81.389127   -0.822    0.180  1
RGI60-15.02823     1.42769   27.740563   88.194448   -0.038    0.172  1
RGI60-15.02224     1.42673   28.035690   91.299579   -0.398    0.160  1
RGI60-15.05544     1.42499   29.286040   82.572129   -0.194    0.166  1
RGI60-15.00285     1.42399   28.295698   97.479686   -0.273    0.271  1
RGI60-15.03526     1.42309   27.781617   86.509651   -0.422    0.170  1
RGI60-15.04856     1.42119   28.717048   83.463776   -0.092    0.157  1
RGI60-15.01058     1.42072   30.053697   95.354301   -0.615    0.186  1
RGI60-15.07146     1.41898   30.923972   79.605182   -0.073    0.236  1
RGI60-15.00103     1.41694   30.571726   99.509286   -0.983    0.204  1
RGI60-15.00693     1.41678   30.466293   95.405138   -0.599    0.182  1
RGI60-15.02662     1.41601   27.800654   89.269416   -0.644    0.178  1
RGI60-15.06800     1.41559   30.748314   79.559626   -0.131    0.158  1
RGI60-15.09544     1.41556   28.063793   86.085575   -0.155    0.164  1
RGI60-15.01716     1.41494   28.204749   91.880712   -0.311    0.160  1
RGI60-15.01713     1.41457   28.223690   91.856599   -0.303    0.155  1
RGI60-15.08059     1.41397   28.408936   98.730284   -0.563    0.185  1
RGI60-15.11439     1.41330   29.824073   96.375854   -0.458    0.195  1
RGI60-15.00105     1.41214   30.585116   99.504191   -0.534    0.178  1
RGI60-15.05489     1.41182   29.327501   82.581718   -0.083    0.181  1
RGI60-15.04444     1.41135   28.715292   83.870557   -0.828    0.176  1
RGI60-15.01272     1.40954   29.350519   94.899754   -0.239    0.179  1
RGI60-15.10192     1.40859   28.245649   86.674330   -0.202    0.144  1
RGI60-15.01199     1.40774   29.811868   95.447621   -0.556    0.174  1
RGI60-15.07518     1.40729   30.948138   78.876209   -0.052    0.151  1
RGI60-15.06035     1.40674   30.312315   80.812426   -0.261    0.165  1
RGI60-15.02956     1.40648   27.986091   88.710263   -1.499    0.234  1
RGI60-15.03158     1.40631   27.807823   88.110812   -0.223    0.147  1
RGI60-15.01380     1.40620   28.598237   93.216866   -0.646    0.203  1
RGI60-15.08760     1.40526   31.028337   79.209876   -0.265    0.156  1
RGI60-15.12917     1.40504   29.337484   97.264055   -1.159    0.225  1
RGI60-15.07706     1.40472   31.882098   98.978762   -0.858    0.185  1
RGI60-15.06442     1.40383   29.992583   82.066594   -0.502    0.174  1
RGI60-15.05530     1.40346   29.341130   82.667049   -0.369    0.183  1
RGI60-15.06643     1.40296   30.630974   79.344474   -0.547    0.158  1
RGI60-15.10479     1.40217   27.988177   88.385391   -0.806    0.166  1
RGI60-15.01586     1.40214   27.950173   92.707393   -0.782    0.431  1
RGI60-15.06176     1.40178   29.986727   82.223597   -0.715    0.184  1
RGI60-15.08997     1.40154   30.372731   81.274809   -0.522    0.155  1
RGI60-15.12529     1.40137   29.332139   96.547462    0.476    0.198  1
RGI60-15.04986     1.40134   29.091999   83.743415   -0.626    0.161  1
RGI60-15.02197     1.40099   27.956128   91.493326   -0.676    0.171  1
RGI60-15.08038     1.40028   31.322988  103.013368   -0.466    0.181  1
RGI60-15.11461     1.40018   29.667879   96.427503   -0.416    0.164  1
RGI60-15.01529     1.39959   28.066319   92.534742   -0.989    0.208  1
RGI60-15.04486     1.39902   28.711259   84.115489   -0.372    0.163  1
RGI60-15.12455     1.39900   29.350462   96.347938    0.030    0.237  1
RGI60-15.06675     1.39852   30.557032   80.267783   -0.439    0.183  1
RGI60-15.05985     1.39786   29.967386   80.878861   -0.010    0.173  1
RGI60-15.02724     1.39626   27.548675   88.062100   -0.864    0.181  1
RGI60-15.08198     1.39619   29.541464   97.128462   -0.602    0.191  1
RGI60-15.10060     1.39449   28.071522   86.942721   -0.344    0.148  1
RGI60-15.12212     1.39416   29.088198   96.344027   -0.134    0.166  1
RGI60-15.13005     1.39356   28.748219   97.344514   -0.926    0.203  1
RGI60-15.06097     1.39288   30.127407   81.797561   -0.692    0.176  1
RGI60-15.12734     1.39113   29.113124   97.050676   -0.223    0.177  1
RGI60-15.06865     1.38992   30.852845   79.423148   -0.223    0.154  1
RGI60-15.04451     1.38924   28.770753   83.911062   -0.837    0.190  1
RGI60-15.12247     1.38885   29.388897   96.101969   -0.464    0.240  1
RGI60-15.07617     1.38724   30.976726   78.590514    0.223    0.192  1
RGI60-15.02796     1.38701   27.758773   88.099506   -0.083    0.146  1
RGI60-15.04301     1.38659   28.109009   85.869172   -0.293    0.175  1
RGI60-15.02463     1.38625   27.966635   90.318224   -0.748    0.166  1
RGI60-15.03133     1.38412   27.704889   87.919528   -0.371    0.158  1
RGI60-15.12166     1.38355   29.339518   96.133850   -0.272    0.213  1
RGI60-15.04606     1.38265   28.616701   84.530517   -0.313    0.161  1
RGI60-15.01684     1.38047   28.312489   91.137200   -0.330    0.195  1
RGI60-15.05114     1.38029   28.750902   83.248852   -0.305    0.222  1
RGI60-15.06660     1.37950   30.452126   80.339452   -0.513    0.178  1
RGI60-15.13071     1.37940   29.010708   97.549814   -0.934    0.190  1
RGI60-15.08067     1.37888   28.347275   98.756673   -0.596    0.211  1
RGI60-15.04411     1.37868   28.783024   83.501762   -0.361    0.152  1
RGI60-15.12937     1.37847   28.964145   97.287058   -0.890    0.197  1
RGI60-15.11100     1.37807   30.200523   95.834698   -0.548    0.397  1
RGI60-15.08504     1.37788   29.727276   96.610261   -0.682    0.184  1
RGI60-15.06605     1.37745   30.798147   79.000592   -0.108    0.152  1
RGI60-15.09787     1.37680   28.051234   86.526519   -0.380    0.199  1
RGI60-15.11437     1.37673   29.853618   96.376233   -0.397    0.177  1
RGI60-15.02610     1.37613   28.166008   89.882229   -0.558    0.167  1
RGI60-15.00183     1.37596   30.377241   99.574273   -1.186    0.221  1
RGI60-15.11192     1.37530   29.996441   95.924105   -0.812    0.236  1
RGI60-15.09273     1.37511   28.487172   85.181267   -0.339    0.195  1
RGI60-15.06293     1.37510   29.858638   81.105493    0.020    0.171  1
RGI60-15.06867     1.37301   30.810316   79.450111   -0.281    0.154  1
RGI60-15.04812     1.37233   28.570979   84.141539   -0.139    0.163  1
RGI60-15.12162     1.37219   29.193065   96.098976   -0.593    0.931  1
RGI60-15.07197     1.37219   30.826589   79.321466   -0.191    0.148  1
RGI60-15.12314     1.37217   28.954081   96.509376   -0.714    0.198  1
RGI60-15.09496     1.37188   28.127396   85.919180   -0.625    0.171  1
RGI60-15.10717     1.37125   28.246459   90.350074   -0.380    0.144  1
RGI60-15.12533     1.37121   29.189830   96.558719    0.159    0.190  1
RGI60-15.12744     1.36907   29.194633   97.058061   -0.753    0.188  1
RGI60-15.09989     1.36848   28.088076   86.826776   -0.307    0.153  1
RGI60-15.12038     1.36834   29.609962   95.822746   -0.200    0.697  1
RGI60-15.08156     1.36798   29.025377   97.701578   -0.343    0.186  1
RGI60-15.05598     1.36596   29.250831   82.878515   -0.159    0.233  1
RGI60-15.08144     1.36584   28.972620   97.654281   -0.429    0.204  1
RGI60-15.04629     1.36485   28.789498   84.390592   -0.208    0.158  1
RGI60-15.10813     1.36449   28.262930   90.547672   -0.407    0.163  1
RGI60-15.10888     1.35973   28.314790   90.710842   -0.347    0.164  1
RGI60-15.11070     1.35816   30.329011   95.799973   -0.829    0.220  1
RGI60-15.13115     1.35528   30.336671   81.976871   -0.793    0.167  1
RGI60-15.07512     1.35447   30.882505   78.807303   -0.161    0.148  1
RGI60-15.09010     1.35262   30.477670   81.299056   -0.149    0.147  1
RGI60-15.10104     1.35194   28.179697   87.034265   -0.336    0.156  1
RGI60-15.01119     1.35164   30.302858   95.454341    0.201    0.190  1
RGI60-15.04972     1.35010   29.217786   83.831178   -0.427    0.163  1
RGI60-15.04621     1.35002   28.786076   84.367889   -0.376    0.159  1
RGI60-15.04449     1.34980   28.774140   83.939886   -0.469    0.164  1
RGI60-15.10620     1.34968   27.902669   87.713177   -0.349    0.179  1
RGI60-15.01054     1.34746   30.059119   95.371656   -0.679    0.204  1
RGI60-15.10481     1.34564   27.981846   88.395921   -0.707    0.174  1
RGI60-15.08141     1.34529   28.926222   97.646128   -0.559    0.185  1
RGI60-15.01036     1.34451   30.340238   95.169943   -0.300    0.175  1
RGI60-15.03046     1.34401   27.970665   88.805593   -0.298    0.164  1
RGI60-15.10478     1.34397   28.018454   88.382791   -0.735    0.164  1
RGI60-15.01412     1.34223   28.209608   92.910298   -0.356    0.190  1
RGI60-15.11310     1.34141   29.741351   96.175459   -0.084    0.250  1
RGI60-15.11790     1.34084   29.684345   95.900248    0.730    0.550  1
RGI60-15.03440     1.34036   27.907929   86.567940   -0.435    0.172  1
RGI60-15.04291     1.34027   28.175451   85.735404   -0.192    0.232  1
RGI60-15.06989     1.33995   30.541821   79.919564   -0.328    0.328  1
RGI60-15.03381     1.33905   27.817172   86.980302   -0.431    0.161  1
RGI60-15.05055     1.33845   29.026233   83.672433   -0.730    0.171  1
RGI60-15.11732     1.33766   29.546955   97.066268   -0.721    0.184  1
RGI60-15.01613     1.33598   27.890960   92.573990   -0.536    0.185  1
RGI60-15.04548     1.33588   28.706450   84.125385   -0.642    0.179  1
RGI60-15.08120     1.33462   29.037339   97.580515   -0.643    0.188  1
RGI60-15.08151     1.33253   29.008713   97.672971   -0.412    0.161  1
RGI60-15.11261     1.33252   29.844367   96.013626   -0.100    0.327  1
RGI60-15.02332     1.33249   28.102078   89.964208   -0.455    0.159  1
RGI60-15.09933     1.33215   28.258260   86.739694   -0.375    0.171  1
RGI60-15.01601     1.33210   27.866435   92.632617   -0.336    0.201  1
RGI60-15.02479     1.33168   27.996584   90.386324   -0.485    0.150  1
RGI60-15.10797     1.33162   28.253323   90.527649   -0.169    0.149  1
RGI60-15.12656     1.33150   29.464769   96.981526   -0.933    0.205  1
RGI60-15.01506     1.33113   27.945517   92.653585   -0.097    0.176  1
RGI60-15.00404     1.33048   28.642014   98.151953   -1.335    0.259  1
RGI60-15.04095     1.33022   28.250479   85.740369   -0.181    0.202  1
RGI60-15.04698     1.32948   28.820617   84.222154   -0.359    0.170  1
RGI60-15.08310     1.32924   29.742225   97.191354   -0.948    0.192  1
RGI60-15.01785     1.32915   28.073263   91.855546   -0.355    0.156  1
RGI60-15.12615     1.32907   29.168487   96.835421   -0.406    0.203  1
RGI60-15.04410     1.32821   28.775877   83.562500   -0.459    0.156  1
RGI60-15.12919     1.32805   29.213134   97.266409   -0.883    0.190  1
RGI60-15.12445     1.32719   29.320349   96.327906   -0.233    0.173  1
RGI60-15.09085     1.32633   30.280460   81.379970   -0.284    0.166  1
RGI60-15.10263     1.32592   28.471201   85.817049   -0.764    0.169  1
RGI60-15.06740     1.32380   30.247881   80.019221   -0.348    0.169  1
RGI60-15.06711     1.32344   30.592515   79.955570    0.171    0.242  1
RGI60-15.05326     1.32299   29.797266   82.356561   -0.760    0.208  1
RGI60-15.08803     1.32241   31.041403   79.314124   -0.447    0.154  1
RGI60-15.11232     1.32235   29.901816   95.952332    0.536    0.374  1
RGI60-15.11989     1.31940   29.735251   95.722600   -0.373    0.294  1
RGI60-15.00796     1.31830   30.355152   95.625039   -0.967    0.211  1
RGI60-15.11676     1.31749   29.376838   96.959913   -0.908    0.202  1
RGI60-15.12909     1.31683   29.341370   97.249322   -0.954    0.207  1
RGI60-15.05291     1.31664   29.998560   82.075343   -0.798    0.186  1
RGI60-15.10976     1.31573   27.945975   88.880367   -0.220    0.150  1
RGI60-15.05066     1.31566   29.007766   83.744410   -0.685    0.171  1
RGI60-15.11060     1.31551   30.118928   95.786862   -0.301    0.243  1
RGI60-15.05754     1.31530   29.233886   82.740854   -0.018    0.181  1
RGI60-15.03928     1.31163   27.868969   86.569833   -0.060    0.184  1
RGI60-15.12964     1.31120   28.934264   97.302870   -0.684    0.200  1
RGI60-15.03095     1.31003   27.819790   87.940650   -0.318    0.157  1
RGI60-15.10474     1.30996   27.997762   88.370107   -0.691    0.163  1
RGI60-15.02941     1.30899   27.965508   88.663182   -0.527    0.178  1
RGI60-15.03680     1.30818   27.821242   87.766170   -0.514    0.163  1
RGI60-15.03605     1.30763   27.842023   87.107040   -0.785    0.179  1
RGI60-15.03107     1.30749   27.780678   87.922842   -0.305    0.162  1
RGI60-15.11899     1.30710   29.419953   96.571476   -0.555    0.182  1
RGI60-15.12080     1.30632   29.505542   95.932653   -0.596    0.711  1
RGI60-15.00604     1.30572   30.205025   95.653984   -0.049    0.171  1
RGI60-15.12242     1.30477   29.426305   96.037174    0.025    0.266  1
RGI60-15.12114     1.30465   29.402032   96.042757   -0.521    0.212  1
RGI60-15.13082     1.30429   28.994270   97.576408   -0.696    0.173  1
RGI60-15.02331     1.30321   28.107352   89.946801   -0.751    0.177  1
RGI60-15.12748     1.30208   29.274566   97.064657   -0.873    0.184  1
RGI60-15.00531     1.30152   28.067514   97.249201   -1.014    0.185  1
RGI60-15.10301     1.30073   28.417527   85.716992   -0.210    0.157  1
RGI60-15.06663     1.30054   30.437191   80.374187   -0.305    0.173  1
RGI60-15.10593     1.29932   28.170094   87.596047   -0.138    0.152  1
RGI60-15.07898     1.29906   29.834282  101.961976   -0.314    0.169  1
RGI60-15.06503     1.29896   30.334093   81.884990   -0.342    0.170  1
RGI60-15.12268     1.29761   29.267119   96.213835   -0.577    0.349  1
RGI60-15.06464     1.29732   29.963087   82.160391   -0.485    0.184  1
RGI60-15.08454     1.29711   29.665139   97.137281   -0.801    0.187  1
RGI60-15.07454     1.29701   31.109698   78.881674   -0.181    0.150  1
RGI60-15.12511     1.29582   29.295638   96.483993   -0.356    0.254  1
RGI60-15.04564     1.29510   28.466295   84.187777   -0.325    0.184  1
RGI60-15.05329     1.29492   29.801255   82.413536   -0.917    0.252  1
RGI60-15.04310     1.29481   28.174135   85.667091   -0.299    0.164  1
RGI60-15.09967     1.29360   28.147181   86.792011   -0.379    0.148  1
RGI60-15.00937     1.29332   30.568635   95.234456   -0.608    0.207  1
RGI60-15.13094     1.29314   28.917982   97.639075   -0.901    0.190  1
RGI60-15.05153     1.29282   28.690064   83.484364    1.432    0.235  1
RGI60-15.09691     1.29259   28.226690   86.337459   -0.680    0.177  1
RGI60-15.10316     1.29215   28.208370   87.618703   -0.587    0.177  1
RGI60-15.08108     1.29090   29.138812   97.526016   -0.907    0.210  1
RGI60-15.00686     1.28966   30.472848   95.374124   -0.770    0.205  1
RGI60-15.06943     1.28886   30.722436   79.362292    0.197    0.158  1
RGI60-15.06237     1.28876   29.755777   81.559039   -0.159    0.168  1
RGI60-15.13043     1.28834   29.445438   97.391953   -0.971    0.174  1
RGI60-15.02448     1.28736   27.872202   90.330335   -1.491    0.227  1
RGI60-15.12913     1.28674   29.223706   97.255862   -0.925    0.194  1
RGI60-15.12701     1.28667   29.379774   97.010802   -0.697    0.191  1
RGI60-15.07562     1.28615   31.025074   78.618095   -0.102    0.197  1
RGI60-15.05006     1.28498   29.035592   83.604041   -0.794    0.190  1
RGI60-15.12005     1.28405   29.611515   95.729001   -0.547    0.331  1
RGI60-15.04734     1.28373   28.806445   83.988317   -0.507    0.168  1
RGI60-15.10277     1.28362   28.617755   85.491105   -0.296    0.176  1
RGI60-15.11857     1.28349   29.573042   96.280767    0.006    0.277  1
RGI60-15.12880     1.28291   29.439092   97.186871   -0.763    0.205  1
RGI60-15.03216     1.28217   27.552195   88.080762   -0.469    0.166  1
RGI60-15.09023     1.28171   30.332277   81.319831   -0.633    0.183  1
RGI60-15.05807     1.28129   30.312030   81.885726   -0.439    0.164  1
RGI60-15.07645     1.28068   27.105616  100.186941   -0.743    0.188  1
RGI60-15.02318     1.27990   28.146929   89.889615   -0.585    0.167  1
RGI60-15.07859     1.27957   29.547007  101.894215   -0.289    0.183  1
RGI60-15.06247     1.27790   29.783329   81.562421   -0.454    0.181  1
RGI60-15.06461     1.27668   29.979609   82.162107   -0.633    0.209  1
RGI60-15.03243     1.27624   27.677491   88.158202    0.215    0.407  1
RGI60-15.02418     1.27585   27.942281   90.262730   -1.071    0.182  1
RGI60-15.05078     1.27536   28.787448   84.047706   -0.392    0.173  1
RGI60-15.01968     1.27521   27.812683   92.362282   -0.499    0.178  1
RGI60-15.02830     1.27472   27.717982   88.250309   -0.125    0.148  1
RGI60-15.02909     1.27467   27.873581   88.145349   -0.218    0.156  1
RGI60-15.08950     1.27374   30.118680   81.091326   -0.156    0.168  1
RGI60-15.12381     1.27296   28.264951   96.874304   -0.462    0.166  1
RGI60-15.04495     1.27257   28.747494   84.014309   -0.228    0.176  1
RGI60-15.10981     1.27108   28.796620   87.594746   -0.238    0.156  1
RGI60-15.09317     1.26966   28.513563   85.338117   -0.442    0.175  1
RGI60-15.03276     1.26957   27.830210   88.641365   -0.750    0.200  1
RGI60-15.07400     1.26909   31.179210   78.510125   -0.313    0.183  1
RGI60-15.01687     1.26813   28.299200   91.139447   -0.488    0.184  1
RGI60-15.09251     1.26779   28.765457   85.136437   -0.357    0.171  1
RGI60-15.10881     1.26685   28.072884   90.674485   -0.900    0.206  1
RGI60-15.02156     1.26675   28.063267   91.429203   -0.587    0.169  1
RGI60-15.07062     1.26617   30.360004   79.815621    0.124    0.163  1
RGI60-15.02380     1.26433   27.983829   90.300506   -0.504    0.155  1
RGI60-15.12175     1.26412   29.263979   96.189760   -0.182    0.288  1
RGI60-15.07220     1.26381   30.747733   79.125142   -0.303    0.162  1
RGI60-15.04135     1.26317   28.548407   84.944156    0.014    0.189  1
RGI60-15.01611     1.26262   27.911514   92.537028   -0.632    0.191  1
RGI60-15.11620     1.26262   29.562786   96.877611   -0.623    0.197  1
RGI60-15.07771     1.26173   29.198808  101.219866   -1.056    0.267  1
RGI60-15.10158     1.25998   28.182176   86.622330   -0.443    0.153  1
RGI60-15.09931     1.25916   28.195673   86.734968   -0.318    0.165  1
RGI60-15.07433     1.25862   31.126052   78.617846   -0.334    0.321  1
RGI60-15.08711     1.25849   31.042800   79.040321   -0.104    0.152  1
RGI60-15.05294     1.25790   30.166207   81.901429   -0.645    0.179  1
RGI60-15.12043     1.25778   29.605286   95.851037    0.648    0.335  1
RGI60-15.11095     1.25740   30.020503   95.830261   -0.093    0.284  1
RGI60-15.09339     1.25683   28.699096   85.410392   -0.226    0.170  1
RGI60-15.03829     1.25593   27.704009   87.014000    1.550    0.705  1
RGI60-15.02826     1.25433   27.714745   88.167151   -0.535    0.329  1
RGI60-15.01159     1.25387   30.270544   95.517294   -0.473    0.210  1
RGI60-15.09697     1.25320   28.087018   86.214530   -0.596    0.178  1
RGI60-15.11545     1.25278   29.637422   96.619447   -0.497    0.184  1
RGI60-15.09873     1.25257   27.969777   87.148862   -0.192    0.286  1
RGI60-15.07607     1.25215   31.044158   78.594953   -0.830    0.348  1
RGI60-15.00045     1.25104   30.135654   99.480558   -1.038    0.201  1
RGI60-15.05645     1.24976   29.643746   82.611419   -0.774    0.219  1
RGI60-15.10845     1.24919   28.098628   90.593807   -0.227    0.180  1
RGI60-15.10377     1.24884   28.023752   88.003816   -0.335    0.156  1
RGI60-15.04201     1.24857   28.121873   85.504561   -0.391    0.167  1
RGI60-15.03367     1.24831   27.755938   86.974941   -0.109    0.186  1
RGI60-15.02707     1.24821   27.657608   88.179884   -0.232    0.158  1
RGI60-15.11619     1.24742   29.539818   96.876571   -0.537    0.185  1
RGI60-15.00141     1.24551   29.927767   99.622468   -1.605    0.275  1
RGI60-15.12271     1.24532   29.261748   96.229411   -0.675    0.433  1
RGI60-15.08055     1.24507   28.385646   98.724839   -0.397    0.198  1
RGI60-15.09477     1.24480   28.217876   85.786135   -0.346    0.181  1
RGI60-15.06801     1.24468   30.750069   79.568425    0.113    0.153  1
RGI60-15.01020     1.24450   30.470087   95.291822   -0.480    0.197  1
RGI60-15.04375     1.24394   29.148540   83.773854   -0.624    0.158  1
RGI60-15.12057     1.24327   29.330141   95.886453   -0.848    0.331  1
RGI60-15.08057     1.24240   28.433946   98.729055   -0.506    0.185  1
RGI60-15.07655     1.24120   31.766137   99.084230   -0.619    0.182  1
RGI60-15.09272     1.23970   28.338416   85.174850   -0.079    0.238  1
RGI60-15.03961     1.23916   28.329577   85.071840   -0.565    0.207  1
RGI60-15.09836     1.23867   28.029991   87.068716   -0.374    0.149  1
RGI60-15.05206     1.23846   30.038879   82.291235   -0.407    0.167  1
RGI60-15.12105     1.23813   29.438408   96.025948   -0.059    0.278  1
RGI60-15.00756     1.23812   30.411517   95.625962   -0.744    0.189  1
RGI60-15.03594     1.23811   27.699373   86.883476   -0.163    0.148  1
RGI60-15.12029     1.23804   29.411190   95.801021   -1.466    0.640  1
RGI60-15.13009     1.23743   28.740061   97.346719   -0.314    0.194  1
RGI60-15.06213     1.23568   29.711194   81.514668   -0.831    0.202  1
RGI60-15.02793     1.23467   27.712719   88.145586   -0.100    0.164  1
RGI60-15.02927     1.23449   27.966441   88.710957   -0.935    0.194  1
RGI60-15.02005     1.23432   27.889518   92.456727   -0.226    0.176  1
RGI60-15.02849     1.23395   27.814542   88.160354   -0.244    0.153  1
RGI60-15.00201     1.23356   30.385887   99.578352   -1.032    0.210  1
RGI60-15.12210     1.23255   29.108923   96.326596   -0.384    0.214  1
RGI60-15.02990     1.22888   27.705793   88.396921   -0.408    0.187  1
RGI60-15.08761     1.22725   31.039171   79.210951   -0.306    0.158  1
RGI60-15.07700     1.22684   31.537901   99.867918   -0.560    0.207  1
RGI60-15.05757     1.22662   29.304854   82.573311   -0.286    0.185  1
RGI60-15.07585     1.22608   30.889071   78.922154   -0.159    0.171  1
RGI60-15.05680     1.22592   29.722267   82.271891   -0.788    0.202  1
RGI60-15.04828     1.22514   28.687211   83.730144   -0.093    0.167  1
RGI60-15.00929     1.22460   30.618246   95.220686   -0.431    0.187  1
RGI60-15.12505     1.22449   29.231632   96.471787   -0.066    0.196  1
RGI60-15.03521     1.22386   27.788090   86.522427   -0.379    0.176  1
RGI60-15.02350     1.22165   28.123823   90.040076   -0.861    0.198  1
RGI60-15.08472     1.21986   29.740305   97.178692   -0.857    0.183  1
RGI60-15.09764     1.21984   27.964611   86.433481   -0.171    0.161  1
RGI60-15.04652     1.21928   28.892909   84.190720    0.013    0.168  1
RGI60-15.00265     1.21830   28.427525   98.610314   -0.283    0.164  1
RGI60-15.11753     1.21766   29.811452   95.670650    0.282    0.257  1
RGI60-15.01051     1.21639   30.045256   95.366621   -0.634    0.190  1
RGI60-15.07278     1.21418   30.290885   80.081099    0.336    0.236  1
RGI60-15.11519     1.21336   29.667484   96.532983   -0.174    0.174  1
RGI60-15.10265     1.21311   28.729298   85.415358   -0.493    0.184  1
RGI60-15.03029     1.21271   27.838612   88.663476   -0.466    0.181  1
RGI60-15.04736     1.21267   28.816747   83.977845   -0.636    0.173  1
RGI60-15.01857     1.21210   27.772764   92.061364   -0.952    0.229  1
RGI60-15.04580     1.21109   28.764011   83.455597   -0.044    0.158  1
RGI60-15.02933     1.21082   27.992857   88.658257   -0.227    0.158  1
RGI60-15.04274     1.21046   28.162492   85.579013   -0.705    0.182  1
RGI60-15.01619     1.20950   27.969286   92.704839    0.021    0.177  1
RGI60-15.06695     1.20920   30.487576   80.276869   -0.619    0.187  1
RGI60-15.10106     1.20910   28.171379   87.045600   -0.354    0.164  1
RGI60-15.11604     1.20734   29.540579   96.864376   -0.694    0.191  1
RGI60-15.10887     1.20711   28.285524   90.700296   -0.266    0.187  1
RGI60-15.04819     1.20694   28.674473   83.808041   -0.069    0.158  1
RGI60-15.11696     1.20680   29.524864   96.977595   -1.115    0.203  1
RGI60-15.00374     1.20534   28.424863   98.587683   -0.577    0.189  1
RGI60-15.04278     1.20528   28.161038   85.589066   -0.780    0.177  1
RGI60-15.09324     1.20458   28.555414   85.347420   -0.460    0.171  1
RGI60-15.12741     1.20410   29.472695   97.056207   -1.089    0.200  1
RGI60-15.07475     1.20355   31.179368   78.782524   -0.125    0.155  1
RGI60-15.08040     1.20348   31.309223  103.028704   -0.167    0.181  1
RGI60-15.06046     1.20302   30.113763   80.500714   -0.257    0.218  1
RGI60-15.12481     1.20257   29.295718   96.415436   -0.022    0.191  1
RGI60-15.03427     1.20247   27.929237   86.516893   -0.428    0.155  1
RGI60-15.04805     1.19933   28.489663   84.240131   -0.381    0.167  1
RGI60-15.06808     1.19851   30.771636   79.657340   -0.593    0.170  1
RGI60-15.07262     1.19670   30.233081   79.958825   -0.846    0.403  1
RGI60-15.10772     1.19597   28.130386   90.492878   -0.232    0.147  1
RGI60-15.00413     1.19320   28.674800   98.148323   -1.134    0.242  1
RGI60-15.12729     1.19135   29.447847   97.049112   -0.919    0.185  1
RGI60-15.03516     1.19024   27.788335   86.576886   -0.218    0.177  1
RGI60-15.06942     1.18922   30.738765   79.387851   -0.294    0.154  1
RGI60-15.10523     1.18799   28.126246   87.424353   -0.819    0.188  1
RGI60-15.12677     1.18618   29.254562   96.995028   -0.570    0.189  1
RGI60-15.00286     1.18579   28.302994   97.485773   -0.787    0.215  1
RGI60-15.08654     1.18419   30.366711   95.849844   -0.804    0.236  1
RGI60-15.05376     1.18384   29.647078   82.633828   -1.084    0.217  1
RGI60-15.04470     1.18275   28.802425   84.238418   -0.625    0.172  1
RGI60-15.09952     1.18248   28.154728   86.777605   -0.410    0.164  1
RGI60-15.12614     1.18147   29.171971   96.824700   -0.420    0.198  1
RGI60-15.08333     1.18095   29.722748   96.922009   -1.310    0.238  1
RGI60-15.05639     1.18009   29.435814   82.703557   -0.214    0.327  1
RGI60-15.09645     1.17924   28.266144   86.207775   -0.821    0.181  1
RGI60-15.11140     1.17886   29.902229   95.858592   -0.122    0.301  1
RGI60-15.07473     1.17612   31.185849   78.803685   -0.392    0.162  1
RGI60-15.12596     1.17533   29.107769   96.727631   -0.897    0.221  1
RGI60-15.05984     1.17439   29.957195   80.869007   -0.172    0.178  1
RGI60-15.09690     1.17429   28.257227   86.338732   -0.547    0.183  1
RGI60-15.00919     1.17300   30.557366   95.175216   -0.618    0.191  1
RGI60-15.06843     1.17201   30.937326   79.381002   -0.416    0.154  1
RGI60-15.07855     1.17192   29.279253  101.871243   -0.635    0.200  1
RGI60-15.00038     1.17172   30.070139   99.302536   -0.734    0.191  1
RGI60-15.00651     1.17151   30.616002   95.238649   -0.534    0.198  1
RGI60-15.04754     1.17124   28.796068   84.037851   -0.511    0.179  1
RGI60-15.12646     1.17102   29.038222   96.962506   -0.776    0.188  1
RGI60-15.04036     1.17098   28.253670   85.673136   -0.441    0.182  1
RGI60-15.06860     1.16984   30.854484   79.373797   -0.214    0.150  1
RGI60-15.07835     1.16913   29.703653  101.827081   -0.739    0.240  1
RGI60-15.04918     1.16884   28.980171   83.151500   -0.610    0.184  1
RGI60-15.12667     1.16753   29.040209   96.988620   -0.569    0.215  1
RGI60-15.09246     1.16703   28.766075   85.124949   -0.341    0.167  1
RGI60-15.06670     1.16672   30.368477   80.293468   -0.440    0.180  1
RGI60-15.07732     1.16610   31.655161   99.553665   -0.694    0.170  1
RGI60-15.09758     1.16530   27.968741   86.410452   -0.090    0.167  1
RGI60-15.07986     1.16469   30.699350  102.328584    0.001    0.162  1
RGI60-15.11764     1.16406   29.687073   95.751461    1.641    0.642  1
RGI60-15.07772     1.16356   29.210166  101.227419   -0.489    0.203  1
RGI60-15.09503     1.16284   28.408781   85.807614   -0.300    0.154  1
RGI60-15.04641     1.16255   28.851365   84.350446   -0.267    0.160  1
RGI60-15.12385     1.16213   28.501952   96.886963   -0.344    0.169  1
RGI60-15.06681     1.16135   30.494132   80.307511   -0.021    0.171  1
RGI60-15.04216     1.16066   28.191325   85.788506   -0.008    0.162  1
RGI60-15.12800     1.16019   29.439181   97.097308   -1.110    0.212  1
RGI60-15.00053     1.15987   29.950053   99.640638   -1.065    0.240  1
RGI60-15.12561     1.15793   29.175408   96.645794   -0.790    0.211  1
RGI60-15.10634     1.15790   27.907494   87.727683   -0.584    0.185  1
RGI60-15.00118     1.15630   30.128771   99.482916   -0.911    0.199  1
RGI60-15.03926     1.15604   27.901790   86.457768   -0.657    0.185  1
RGI60-15.09114     1.15593   28.748023   84.526953   -0.190    0.206  1
RGI60-15.11139     1.15571   30.259592   95.858416   -0.509    0.268  1
RGI60-15.12235     1.15540   28.516089   96.476418   -0.667    0.200  1
RGI60-15.05121     1.15517   28.727668   84.314869   -0.304    0.161  1
RGI60-15.09487     1.15484   28.189264   85.853255   -0.217    0.173  1
RGI60-15.05398     1.15457   29.419437   82.634162   -0.475    0.195  1
RGI60-15.07217     1.15409   30.738984   78.988958   -0.579    0.160  1
RGI60-15.10614     1.15393   27.812036   87.671168   -1.031    0.216  1
RGI60-15.10728     1.15364   28.195292   90.399811   -0.191    0.153  1
RGI60-15.13014     1.15344   29.154583   97.348902   -0.690    0.201  1
RGI60-15.05362     1.15100   29.051532   83.026363   -0.595    0.172  1
RGI60-15.03814     1.15056   27.725000   86.798390   -0.386    0.174  1
RGI60-15.04746     1.15040   28.824812   83.945841   -0.380    0.158  1
RGI60-15.07114     1.15005   30.777468   79.119070   -0.053    0.180  1
RGI60-15.05404     1.14866   29.271032   82.557593   -0.336    0.186  1
RGI60-15.00968     1.14835   30.454509   95.193887   -0.234    0.175  1
RGI60-15.05536     1.14702   29.409086   82.580121   -0.374    0.215  1
RGI60-15.07808     1.14633   29.309270  101.959233   -0.478    0.242  1
RGI60-15.06270     1.14588   29.806633   81.339434   -0.465    0.158  1
RGI60-15.06459     1.14579   29.946654   82.198029   -0.950    0.220  1
RGI60-15.01249     1.14568   29.969314   95.523718   -0.268    0.182  1
RGI60-15.06254     1.14503   29.802586   81.556021   -0.173    0.175  1
RGI60-15.07190     1.14496   30.819430   79.309418   -0.385    0.156  1
RGI60-15.08781     1.14440   31.049659   79.292264   -0.343    0.152  1
RGI60-15.03891     1.14264   27.953308   86.907544    0.241    0.277  1
RGI60-15.00102     1.14211   30.563691   99.524124   -1.183    0.210  1
RGI60-15.06852     1.14206   30.988293   79.348034   -0.433    0.156  1
RGI60-15.07001     1.14163   30.451149   80.014658    0.009    0.201  1
RGI60-15.02160     1.14158   28.050618   91.413436   -0.519    0.174  1
RGI60-15.06570     1.14138   30.312643   80.375121   -0.275    0.163  1
RGI60-15.09904     1.14105   27.877955   87.210684   -0.043    0.152  1
RGI60-15.05427     1.13991   29.221914   82.534623   -0.404    0.189  1
RGI60-15.09423     1.13981   28.386248   85.569913   -1.056    0.211  1
RGI60-15.09430     1.13945   28.406921   85.580570   -1.385    0.255  1
RGI60-15.05843     1.13930   29.861835   81.564452   -0.508    0.173  1
RGI60-15.04453     1.13804   28.758482   83.908288   -1.090    0.216  1
RGI60-15.09806     1.13790   28.081145   87.009391   -0.400    0.156  1
RGI60-15.09847     1.13764   27.967040   87.088160   -0.372    0.175  1
RGI60-15.07971     1.13754   31.191840  102.890959   -0.342    0.176  1
RGI60-15.07155     1.13750   30.503386   80.288818   -0.134    0.168  1
RGI60-15.10011     1.13659   28.183977   86.880701   -0.542    0.163  1
RGI60-15.05201     1.13608   30.008466   82.372062   -0.278    0.203  1
RGI60-15.12365     1.13606   28.613303   96.799301   -0.898    0.243  1
RGI60-15.06330     1.13465   30.167283   80.713573   -0.097    0.163  1
RGI60-15.11566     1.13441   29.590634   96.643784   -0.594    0.213  1
RGI60-15.04139     1.13432   28.586520   84.998202   -0.635    0.170  1
RGI60-15.07896     1.13371   29.804065  101.951629   -0.486    0.189  1
RGI60-15.10472     1.13362   27.991723   88.335981   -0.403    0.157  1
RGI60-15.03404     1.13347   27.876360   86.901812   -0.312    0.156  1
RGI60-15.01179     1.13335   30.167333   95.572165   -0.011    0.171  1
RGI60-15.04511     1.13313   28.476091   84.212518   -0.340    0.176  1
RGI60-15.03426     1.13260   27.947594   86.492703   -0.435    0.161  1
RGI60-15.01528     1.13140   28.057108   92.540978   -0.962    0.213  1
RGI60-15.10727     1.13100   28.119243   90.397680   -0.207    0.158  1
RGI60-15.12510     1.13036   29.218870   96.485334   -0.310    0.346  1
RGI60-15.07488     1.12971   31.180531   78.728729    0.380    0.161  1
RGI60-15.05024     1.12846   28.954380   83.611728   -0.805    0.178  1
RGI60-15.03091     1.12561   27.818168   87.950189   -0.240    0.159  1
RGI60-15.04179     1.12514   28.271374   85.194008   -0.286    0.183  1
RGI60-15.06750     1.12508   30.225526   80.080257    0.124    0.189  1
RGI60-15.03785     1.12493   27.823016   86.900592   -0.613    0.163  1
RGI60-15.06277     1.12455   29.774029   81.498583   -0.356    0.164  1
RGI60-15.07002     1.12412   30.318432   80.089679   -0.303    0.179  1
RGI60-15.06453     1.12398   29.925145   82.158265   -0.885    0.203  1
RGI60-15.09506     1.12317   28.446580   85.813008   -0.468    0.163  1
RGI60-15.03572     1.12288   27.821065   86.868421   -0.514    0.158  1
RGI60-15.03192     1.12248   27.761895   88.069578    0.042    0.152  1
RGI60-15.07116     1.12237   30.847379   78.988324   -0.055    0.155  1
RGI60-15.00295     1.12174   28.373203   97.475652   -0.746    0.185  1
RGI60-15.07313     1.12140   31.190823   78.548788   -0.319    0.183  1
RGI60-15.12896     1.12120   28.763908   97.213100   -0.985    0.203  1
RGI60-15.01288     1.12084   28.193718   92.672820   -0.293    0.195  1
RGI60-15.01490     1.12081   27.845484   92.486286   -0.533    0.182  1
RGI60-15.04771     1.12055   28.549965   83.958279   -0.213    0.174  1
RGI60-15.09783     1.11953   28.069239   86.500679   -0.317    0.159  1
RGI60-15.04163     1.11886   28.481061   84.747825   -0.194    0.210  1
RGI60-15.07022     1.11850   30.496566   79.858588   -0.476    0.179  1
RGI60-15.09505     1.11806   28.430318   85.811707   -0.337    0.161  1
RGI60-15.08168     1.11801   29.228219   97.433273   -0.977    0.212  1
RGI60-15.09851     1.11773   28.024635   87.093446   -0.391    0.152  1
RGI60-15.05581     1.11711   29.384216   82.783155   -0.516    0.182  1
RGI60-15.09856     1.11672   28.017014   87.103957   -0.239    0.154  1
RGI60-15.09685     1.11579   28.221520   86.324125   -0.410    0.174  1
RGI60-15.10886     1.11553   28.306914   90.702455   -0.454    0.180  1
RGI60-15.06370     1.11504   30.327505   80.634478   -0.261    0.180  1
RGI60-15.05922     1.11475   29.966155   81.115683   -0.057    0.152  1
RGI60-15.11435     1.11472   29.796864   96.369325   -0.586    0.289  1
RGI60-15.08446     1.11451   29.659055   97.108294   -0.982    0.208  1
RGI60-15.05841     1.11433   29.848449   81.570424   -0.892    0.207  1
RGI60-15.02508     1.11332   28.011793   90.451376   -0.866    0.201  1
RGI60-15.01959     1.11295   27.788778   92.341033   -0.825    0.232  1
RGI60-15.10641     1.11292   27.897669   87.739462   -0.451    0.183  1
RGI60-15.04478     1.11286   28.646061   84.335310   -0.220    0.171  1
RGI60-15.11979     1.11270   29.768107   95.624317   -0.444    0.202  1
RGI60-15.08448     1.11194   29.661608   97.122369   -0.880    0.185  1
RGI60-15.08756     1.11157   31.038144   79.187694   -0.218    0.160  1
RGI60-15.05158     1.11153   30.045005   81.903038   -0.795    0.200  1
RGI60-15.06969     1.11153   30.749806   79.402863    0.165    0.152  1
RGI60-15.10929     1.11146   28.108703   90.858240   -0.310    0.193  1
RGI60-15.10932     1.11104   28.061483   90.867445   -0.874    0.186  1
RGI60-15.00040     1.11018   30.058041   99.277080   -0.948    0.205  1
RGI60-15.03433     1.10959   27.928235   86.478311   -0.493    0.165  1
RGI60-15.02898     1.10944   27.909469   87.911276   -0.514    0.162  1
RGI60-15.05434     1.10911   28.828271   82.632038   -0.315    0.185  1
RGI60-15.06243     1.10885   29.753266   81.536961   -0.479    0.179  1
RGI60-15.11961     1.10817   29.246463   96.898604   -0.487    0.172  1
RGI60-15.07465     1.10803   31.121160   78.840367    0.049    0.159  1
RGI60-15.05223     1.10676   29.760303   82.685604   -0.254    0.178  1
RGI60-15.01145     1.10665   29.579228   95.090776   -0.406    0.260  1
RGI60-15.11218     1.10534   29.927640   95.938761    0.018    0.229  1
RGI60-15.04208     1.10486   28.156776   85.536720   -0.525    0.175  1
RGI60-15.02480     1.10400   27.981533   90.391428   -0.616    0.155  1
RGI60-15.07524     1.10386   31.105712   78.483264   -0.373    0.192  1
RGI60-15.01123     1.10316   30.302484   95.474261   -0.533    0.200  1
RGI60-15.00009     1.10282   30.005128  102.049490    0.061    0.598  1
RGI60-15.12669     1.10269   29.424906   96.989337   -0.862    0.202  1
RGI60-15.00803     1.10198   30.348058   95.610259   -0.814    0.186  1
RGI60-15.07525     1.10170   31.045563   78.519069    0.064    0.181  1
RGI60-15.09177     1.10095   28.594467   84.891293   -0.208    0.174  1
RGI60-15.04537     1.10078   28.646213   84.303554   -0.057    0.165  1
RGI60-15.05707     1.09988   29.112194   83.049672   -1.062    0.218  1
RGI60-15.08207     1.09937   29.648570   97.141184   -0.963    0.205  1
RGI60-15.03109     1.09929   27.775810   87.907318   -0.088    0.150  1
RGI60-15.04741     1.09916   28.833140   83.980981   -0.284    0.158  1
RGI60-15.11561     1.09915   29.667782   96.632889   -0.396    0.188  1
RGI60-15.04041     1.09911   28.243748   85.655529   -0.406    0.254  1
RGI60-15.07384     1.09900   31.215914   78.354107   -0.319    0.168  1
RGI60-15.11364     1.09872   29.854822   96.251973   -0.293    0.330  1
RGI60-15.12960     1.09727   28.907707   97.299962   -1.141    0.223  1
RGI60-15.08839     1.09711   30.850979   79.899890   -0.696    0.185  1
RGI60-15.12183     1.09660   29.212681   96.229223   -0.596    0.317  1
RGI60-15.07175     1.09624   30.308112   80.040601    0.042    0.179  1
RGI60-15.02841     1.09572   27.617116   88.090900   -0.116    0.160  1
RGI60-15.07612     1.09523   30.991021   78.541225   -0.291    0.208  1
RGI60-15.05995     1.09502   30.030318   80.861410   -0.328    0.168  1
RGI60-15.03298     1.09447   27.723642   88.489797   -0.306    0.191  1
RGI60-15.01379     1.09444   28.598839   93.236091   -0.927    0.220  1
RGI60-15.06768     1.09388   30.436158   80.023324   -0.217    0.193  1
RGI60-15.11210     1.09384   30.243739   95.935862   -0.252    0.203  1
RGI60-15.00257     1.09381   28.393425   97.722340   -0.861    0.202  1
RGI60-15.07272     1.09350   30.217098   79.842000    0.226    0.386  1
RGI60-15.10599     1.09213   28.112197   87.607756   -0.024    0.414  1
RGI60-15.00017     1.09211   29.875674   99.647058   -1.052    0.229  1
RGI60-15.04485     1.09195   28.720248   84.132207   -0.429    0.170  1
RGI60-15.12611     1.09127   29.176573   96.812155   -0.467    0.192  1
RGI60-15.08006     1.09119   31.259941  103.080989   -0.680    0.177  1
RGI60-15.10355     1.09100   28.031637   87.924801   -0.675    0.179  1
RGI60-15.06518     1.09098   29.996913   81.111746   -0.270    0.160  1
RGI60-15.01284     1.09089   28.177939   92.681853   -0.255    0.207  1
RGI60-15.12211     1.09074   29.098566   96.333442   -0.627    0.204  1
RGI60-15.09313     1.09073   28.585766   85.328364   -0.356    0.183  1
RGI60-15.01652     1.09046   28.431290   91.139331   -0.320    0.161  1
RGI60-15.00946     1.08936   30.546257   95.257803   -0.694    0.203  1
RGI60-15.00961     1.08896   30.494912   95.206869   -0.403    0.233  1
RGI60-15.08643     1.08810   30.391554   95.800520   -1.322    0.279  1
RGI60-15.04747     1.08780   28.816227   83.949820   -0.567    0.181  1
RGI60-15.12419     1.08721   29.438192   96.158145    0.410    0.830  1
RGI60-15.01576     1.08626   28.098244   92.626940   -0.213    0.198  1
RGI60-15.06178     1.08574   30.062521   81.911004   -0.751    0.199  1
RGI60-15.11111     1.08571   29.986771   95.840850   -0.278    0.257  1
RGI60-15.12841     1.08537   29.072458   97.143193   -0.741    0.209  1
RGI60-15.04512     1.08465   28.472361   84.199021   -0.085    0.185  1
RGI60-15.06583     1.08441   30.336977   79.721281   -0.076    0.162  1
RGI60-15.11322     1.08404   29.943803   96.201411   -0.155    0.303  1
RGI60-15.12674     1.08402   29.050359   96.992579   -0.379    0.248  1
RGI60-15.10923     1.08273   28.107668   90.849422   -0.270    0.176  1
RGI60-15.01667     1.08196   28.375472   91.149196   -0.449    0.182  1
RGI60-15.02251     1.08137   28.151748   89.763081   -0.321    0.184  1
RGI60-15.12807     1.08135   29.399171   97.103413   -0.947    0.207  1
RGI60-15.12287     1.08082   29.147101   96.328621   -0.195    0.208  1
RGI60-15.12127     1.08075   29.358561   95.945929   -0.535    0.664  1
RGI60-15.04487     1.07879   28.720568   84.108052    0.119    0.166  1
RGI60-15.11306     1.07865   30.099760   96.168276    0.273    0.744  1
RGI60-15.07381     1.07852   31.230553   78.409185   -0.274    0.181  1
RGI60-15.06246     1.07813   29.778042   81.567552   -0.121    0.189  1
RGI60-15.12475     1.07790   29.233003   96.403909    0.249    0.562  1
RGI60-15.05228     1.07776   29.688094   82.819972   -0.133    0.167  1
RGI60-15.11703     1.07709   29.408582   96.985189   -1.201    0.206  1
RGI60-15.06736     1.07653   30.273356   79.951489    0.245    0.266  1
RGI60-15.01353     1.07638   28.162212   92.781846   -0.304    0.218  1
RGI60-15.08898     1.07635   30.479156   80.674994   -0.302    0.173  1
RGI60-15.03726     1.07627   27.789801   86.889629   -0.395    0.164  1
RGI60-15.11719     1.07527   29.665117   97.030725   -1.215    0.219  1
RGI60-15.12415     1.07496   29.431257   96.150388   -0.221    0.510  1
RGI60-15.05668     1.07462   29.708543   82.361875   -1.421    0.266  1
RGI60-15.02842     1.07447   27.624325   88.112924    0.153    0.153  1
RGI60-15.10963     1.07272   28.098884   89.501845   -0.609    0.170  1
RGI60-15.08200     1.07203   29.652755   97.130585   -0.819    0.187  1
RGI60-15.11183     1.07183   30.265471   95.908372   -0.912    0.235  1
RGI60-15.05850     1.07108   29.924224   81.507196   -0.159    0.146  1
RGI60-15.03211     1.07105   27.679602   88.270678   -0.088    0.178  1
RGI60-15.02400     1.07096   27.982160   90.121773   -0.646    0.166  1
RGI60-15.06090     1.06960   30.141861   81.852210   -0.138    0.174  1
RGI60-15.12109     1.06740   29.415314   96.029624   -0.290    0.217  1
RGI60-15.12240     1.06717   28.943049   96.502910   -0.455    0.206  1
RGI60-15.00843     1.06709   30.335107   95.555409   -0.661    0.195  1
RGI60-15.07565     1.06657   30.910483   78.831000    0.087    0.158  1
RGI60-15.07531     1.06528   31.040785   78.448849   -0.511    0.182  1
RGI60-15.02612     1.06520   28.134887   89.844016   -0.459    0.157  1
RGI60-15.05538     1.06434   29.389169   82.560666   -0.320    0.178  1
RGI60-15.07571     1.06388   30.844289   78.808181   -0.215    0.161  1
RGI60-15.06428     1.06380   30.087730   81.984022   -0.594    0.171  1
RGI60-15.07031     1.06351   30.287586   79.936791    0.078    0.312  1
RGI60-15.02232     1.06320   28.038939   89.868169   -0.661    0.183  1
RGI60-15.11485     1.06316   29.791884   96.449108   -0.765    0.223  1
RGI60-15.12286     1.06262   29.158069   96.328247   -0.409    0.183  1
RGI60-15.09611     1.06261   28.116591   86.109850   -0.793    0.189  1
RGI60-15.10552     1.06158   28.227607   87.498756   -0.558    0.201  1
RGI60-15.07451     1.06107   31.082499   78.572017   -0.297    0.213  1
RGI60-15.10515     1.06088   28.224660   87.616846   -0.626    0.199  1
RGI60-15.09659     1.06050   28.097435   86.233192   -0.126    0.170  1
RGI60-15.12185     1.05978   29.204635   96.236894   -0.307    0.401  1
RGI60-15.06705     1.05966   30.648182   79.946532   -0.166    0.234  1
RGI60-15.04846     1.05818   28.862322   83.499843   -0.312    0.165  1
RGI60-15.02011     1.05770   27.902984   92.442049   -0.414    0.184  1
RGI60-15.06041     1.05741   30.147412   80.510593    0.172    0.197  1
RGI60-15.08072     1.05731   29.231377   98.449578   -0.281    0.198  1
RGI60-15.09358     1.05687   28.517596   85.419313   -0.540    0.180  1
RGI60-15.04338     1.05669   28.638622   84.529446    0.044    0.166  1
RGI60-15.06193     1.05632   30.040046   82.114791   -0.710    0.183  1
RGI60-15.09281     1.05628   28.418920   85.193314   -0.062    0.202  1
RGI60-15.06654     1.05622   30.641612   79.410820   -0.200    0.157  1
RGI60-15.11776     1.05585   29.655451   95.809468    0.221    0.851  1
RGI60-15.04823     1.05577   28.709730   83.772170   -0.334    0.169  1
RGI60-15.11940     1.05533   29.236708   96.784639   -0.567    0.217  1
RGI60-15.02385     1.05488   28.041373   90.323465   -0.575    0.162  1
RGI60-15.07704     1.05485   31.528913   99.881410   -0.537    0.198  1
RGI60-15.04748     1.05476   28.793161   84.004494   -0.244    0.161  1
RGI60-15.08879     1.05382   30.574102   80.140902   -0.239    0.171  1
RGI60-15.11971     1.05291   29.271516   96.915501   -0.606    0.189  1
RGI60-15.02429     1.05109   27.900545   90.222645   -0.496    0.158  1
RGI60-15.01889     1.05085   27.789661   92.253985   -0.860    0.197  1
RGI60-15.03967     1.05064   28.336109   85.098482   -0.313    0.186  1
RGI60-15.07877     1.05050   29.729700  101.888154   -0.282    0.330  1
RGI60-15.03582     1.05034   27.712555   86.871128   -0.024    0.158  1
RGI60-15.11941     1.04993   29.244840   96.785021   -0.649    0.212  1
RGI60-15.05615     1.04980   29.299317   82.623539   -0.555    0.192  1
RGI60-15.07979     1.04977   30.568548  102.152153   -0.264    0.183  1
RGI60-15.10051     1.04954   28.103952   86.925967   -0.202    0.150  1
RGI60-15.07432     1.04929   31.126739   78.629583   -0.578    0.229  1
RGI60-15.04924     1.04895   28.986786   83.181600   -0.301    0.172  1
RGI60-15.06829     1.04877   30.917721   79.507580   -0.441    0.156  1
RGI60-15.09950     1.04859   28.170857   86.775244   -0.209    0.157  1
RGI60-15.09456     1.04848   28.335427   85.634075   -0.287    0.176  1
RGI60-15.12792     1.04828   28.878309   97.093045   -0.663    0.198  1
RGI60-15.07560     1.04790   31.041427   78.532109   -0.470    0.211  1
RGI60-15.12042     1.04772   29.341394   95.852346   -1.168    0.514  1
RGI60-15.05814     1.04770   30.194765   81.906138   -1.158    0.213  1
RGI60-15.07779     1.04749   29.189724  101.228343   -0.600    0.299  1
RGI60-15.04131     1.04718   28.587746   85.049951   -0.299    0.166  1
RGI60-15.02191     1.04580   27.831636   92.446995   -0.429    0.172  1
RGI60-15.09576     1.04561   28.315223   86.172722   -0.497    0.168  1
RGI60-15.12421     1.04500   29.509539   96.164752    2.009    0.818  1
RGI60-15.02424     1.04427   27.910021   90.221391   -0.735    0.185  1
RGI60-15.01013     1.04338   30.391747   95.305210   -0.243    0.186  1
RGI60-15.10379     1.04333   28.021771   88.013972   -0.547    0.181  1
RGI60-15.06957     1.04252   30.931880   79.388473   -0.313    0.154  1
RGI60-15.00615     1.04211   30.087663   95.331612   -0.611    0.192  1
RGI60-15.11390     1.04079   29.792989   96.312089   -0.442    0.310  1
RGI60-15.11831     1.03990   29.598040   96.106850   -0.330    0.228  1
RGI60-15.05925     1.03960   30.049055   81.088816   -0.033    0.171  1
RGI60-15.04586     1.03848   28.692285   83.329797   -0.114    0.156  1
RGI60-15.09798     1.03829   28.190722   86.553370   -0.582    0.162  1
RGI60-15.08282     1.03785   29.492586   97.275124   -1.082    0.208  1
RGI60-15.00832     1.03747   30.313599   95.621623   -0.481    0.177  1
RGI60-15.02603     1.03743   27.943262   90.777485   -0.802    0.200  1
RGI60-15.04407     1.03679   28.797137   83.495900   -0.622    0.169  1
RGI60-15.13066     1.03643   29.014649   97.533379   -0.533    0.174  1
RGI60-15.00359     1.03591   28.410643   98.598056   -0.455    0.187  1
RGI60-15.08762     1.03578   31.056125   79.210929   -0.048    0.163  1
RGI60-15.09761     1.03559   28.022860   86.418995   -0.709    0.179  1
RGI60-15.00706     1.03549   30.434596   95.402520   -0.612    0.182  1
RGI60-15.04795     1.03527   28.525542   83.794517   -0.408    0.182  1
RGI60-15.06482     1.03519   30.205080   81.758656   -0.835    0.210  1
RGI60-15.05809     1.03494   30.293905   81.864777   -0.510    0.183  1
RGI60-15.06456     1.03489   29.934959   82.139493   -0.801    0.202  1
RGI60-15.10598     1.03399   28.019804   87.604723   -0.462    0.172  1
RGI60-15.00649     1.03398   30.628646   95.233671   -0.588    0.185  1
RGI60-15.05663     1.03323   29.699262   82.403346   -0.677    0.231  1
RGI60-15.12159     1.03171   29.200500   96.090278   -0.065    0.290  1
RGI60-15.00289     1.03163   28.321349   97.499418   -0.668    0.177  1
RGI60-15.05405     1.03133   29.281833   82.567445   -0.130    0.198  1
RGI60-15.06424     1.03092   30.086701   81.955232   -0.554    0.166  1
RGI60-15.08903     1.03085   30.431163   80.722530   -0.517    0.161  1
RGI60-15.08944     1.03009   30.165737   81.070355   -0.380    0.161  1
RGI60-15.12158     1.03001   29.352215   96.078088   -0.151    0.204  1
RGI60-15.08205     1.02996   29.555720   97.139968   -1.127    0.211  1
RGI60-15.04562     1.02921   28.478797   84.144614   -0.038    0.177  1
RGI60-15.05812     1.02911   30.248914   81.882622   -0.476    0.174  1
RGI60-15.03461     1.02850   27.926758   86.673064   -0.858    0.214  1
RGI60-15.02624     1.02838   28.092753   89.968096   -0.502    0.167  1
RGI60-15.03722     1.02794   27.781431   86.575115   -0.088    0.187  1
RGI60-15.01084     1.02762   30.563474   95.241156   -0.850    0.231  1
RGI60-15.07738     1.02733   31.457637  100.193652   -0.516    0.193  1
RGI60-15.05303     1.02701   30.098671   81.893571   -0.617    0.190  1
RGI60-15.09356     1.02659   28.507501   85.416853   -0.711    0.207  1
RGI60-15.05096     1.02647   28.826185   83.087172   -0.714    0.170  1
RGI60-15.00274     1.02528   28.732227   97.986517   -0.523    0.221  1
RGI60-15.06725     1.02518   30.324412   79.947554    0.082    0.219  1
RGI60-15.01063     1.02439   30.083291   95.281695   -0.337    0.183  1
RGI60-15.07863     1.02388   29.301547  101.917168   -0.394    0.192  1
RGI60-15.11837     1.02339   29.650125   96.122374   -0.086    0.282  1
RGI60-15.07495     1.02337   31.225471   78.355045   -0.306    0.163  1
RGI60-15.11773     1.02323   29.657442   95.800629    0.010    0.304  1
RGI60-15.03889     1.02320   27.951343   86.940039   -0.159    0.198  1
RGI60-15.01309     1.02293   28.681207   93.448782   -0.971    0.228  1
RGI60-15.09103     1.02292   30.298266   81.406827   -0.342    0.158  1
RGI60-15.04202     1.02219   28.145183   85.487891   -0.893    0.193  1
RGI60-15.07340     1.02196   31.186727   78.827391   -0.359    0.163  1
RGI60-15.06305     1.02185   30.158442   80.767078   -0.194    0.158  1
RGI60-15.07650     1.02180   27.143648  100.171690   -0.803    0.208  1
RGI60-15.05079     1.02058   28.783730   84.063638   -0.231    0.177  1
RGI60-15.04815     1.02012   28.678163   83.783576   -0.049    0.158  1
RGI60-15.04774     1.01993   28.522350   83.949367   -0.162    0.176  1
RGI60-15.06099     1.01870   30.164952   81.795809   -0.335    0.172  1
RGI60-15.05250     1.01838   29.865486   82.332954   -0.759    0.210  1
RGI60-15.06436     1.01737   29.977363   82.068319   -0.366    0.169  1
RGI60-15.03991     1.01726   28.367904   84.757114   -0.538    0.194  1
RGI60-15.06706     1.01714   30.646437   79.926571    0.031    0.210  1
RGI60-15.06798     1.01615   30.760401   79.535677   -0.218    0.148  1
RGI60-15.01397     1.01580   28.161115   92.871716   -0.627    0.235  1
RGI60-15.06622     1.01549   30.813263   79.181800   -0.049    0.156  1
RGI60-15.02869     1.01487   27.864223   88.219036   -0.503    0.175  1
RGI60-15.04479     1.01437   28.667815   84.328782    0.360    0.182  1
RGI60-15.06062     1.01423   30.341932   81.449991   -0.744    0.178  1
RGI60-15.06879     1.01333   30.928576   79.199229   -0.098    0.156  1
RGI60-15.13021     1.01292   29.187992   97.353026   -0.757    0.212  1
RGI60-15.01658     1.01229   28.406474   91.105003    0.028    0.160  1
RGI60-15.04145     1.01227   28.592950   84.778628   -0.170    0.199  1
RGI60-15.12972     1.01208   29.492677   97.309578   -0.912    0.192  1
RGI60-15.01799     1.01184   28.176047   91.879205   -0.300    0.167  1
RGI60-15.03803     1.01094   27.807835   86.853119   -0.648    0.155  1
RGI60-15.01579     1.00972   28.070241   92.748174   -0.307    0.208  1
RGI60-15.01832     1.00892   28.372847   91.129767   -0.324    0.160  1
RGI60-15.03749     1.00891   27.916443   86.577946   -0.590    0.180  1
RGI60-15.09171     1.00754   28.809707   84.875651   -0.813    0.180  1
RGI60-15.06056     1.00674   30.322983   81.436083   -0.901    0.200  1
RGI60-15.11775     1.00651   29.756808   95.804758   -0.152    0.299  1
RGI60-15.10826     1.00621   28.208730   90.572792   -0.218    0.173  1
RGI60-15.06637     1.00619   30.659025   79.322270   -0.227    0.154  1
RGI60-15.03455     1.00536   27.898009   86.676788   -1.224    0.226  1
RGI60-15.10319     1.00485   28.183833   87.628676   -0.467    0.170  1
RGI60-15.04770     1.00483   28.623643   84.033348   -0.424    0.209  1
RGI60-15.12814     1.00466   29.414071   97.109417   -0.889    0.195  1
RGI60-15.12452     1.00436   29.340147   96.337295   -0.044    0.190  1
RGI60-15.00495     1.00419   28.816126   98.053828   -0.800    0.265  1
RGI60-15.05944     1.00397   29.912410   81.043924   -1.100    0.209  1
RGI60-15.10134     1.00390   28.262981   86.730555   -0.331    0.170  1
RGI60-15.04414     1.00365   28.774345   83.468430   -0.022    0.164  1
RGI60-15.04788     1.00348   28.645921   83.841499   -0.193    0.164  1
RGI60-15.10572     1.00312   28.146019   87.599110   -0.373    0.227  1
RGI60-15.12861     1.00267   29.403728   97.165034   -1.075    0.201  1
RGI60-15.04852     1.00233   28.856818   83.514432   -0.415    0.156  1
RGI60-15.04123     1.00231   28.344757   85.719079   -0.383    0.161  1
RGI60-15.00021     1.00159   29.909050   99.652074   -1.191    0.238  1
RGI60-15.13035     1.00126   29.391662   97.373352   -0.719    0.179  1
RGI60-15.01895     1.00107   27.815464   92.267638   -0.814    0.198  1
RGI60-15.09243     1.00020   28.474070   85.118283    0.291    0.307  1
RGI60-15.06573     0.99974   31.050315   78.992064   -0.184    0.161  1
RGI60-15.01316     0.99954   28.680682   93.469682   -0.654    0.197  1
RGI60-15.10093     0.99953   28.140620   87.018327   -0.412    0.162  1
RGI60-15.05355     0.99896   30.053253   82.167710   -0.385    0.173  1
RGI60-15.06505     0.99849   30.275289   81.860973   -0.419    0.173  1
RGI60-15.06232     0.99830   29.694359   81.510363   -0.449    0.184  1
RGI60-15.06655     0.99826   30.639488   79.419424   -0.451    0.166  1
RGI60-15.11264     0.99778   29.804275   96.017052   -1.051    0.412  1
RGI60-15.05662     0.99773   29.688861   82.404320   -1.206    0.288  1
RGI60-15.07902     0.99726   29.794034  101.973890   -0.314    0.178  1
RGI60-15.12920     0.99573   29.358803   97.270272   -0.611    0.186  1
RGI60-15.12509     0.99572   29.211915   96.484581   -0.196    0.288  1
RGI60-15.03885     0.99569   27.776169   86.989382   -0.978    0.504  1
RGI60-15.00396     0.99548   28.619605   98.258120   -0.864    0.239  1
RGI60-15.11170     0.99513   30.219707   95.899141   -0.896    0.401  1
RGI60-15.08767     0.99508   30.983789   79.231678   -0.347    0.157  1
RGI60-15.03097     0.99465   27.803858   87.910741   -0.253    0.158  1
RGI60-15.11847     0.99454   29.585215   96.217399   -0.686    0.215  1
RGI60-15.03573     0.99431   27.803911   86.888636   -0.685    0.174  1
RGI60-15.02865     0.99346   27.877176   88.222502   -0.967    0.206  1
RGI60-15.08479     0.99295   29.794420   97.198023   -0.915    0.200  1
RGI60-15.00438     0.99260   28.739797   98.070635   -0.348    0.202  1
RGI60-15.04617     0.99212   28.944653   84.127663   -0.138    0.169  1
RGI60-15.02050     0.99130   27.978158   91.628617   -0.504    0.200  1
RGI60-15.01035     0.99129   30.341983   95.156307   -0.157    0.183  1
RGI60-15.07865     0.99128   29.318484  101.942815   -0.193    0.191  1
RGI60-15.00636     0.99047   30.662021   95.260968   -0.709    0.197  1
RGI60-15.01733     0.99045   28.143072   91.489579   -0.873    0.195  1
RGI60-15.10238     0.98988   28.355937   86.382809   -0.139    0.157  1
RGI60-15.09559     0.98964   27.978247   86.099600   -0.258    0.167  1
RGI60-15.11300     0.98942   30.117719   96.152155   -0.716    0.312  1
RGI60-15.11345     0.98862   29.776593   96.227717   -0.473    0.331  1
RGI60-15.12019     0.98856   29.333287   95.785559   -0.772    0.510  1
RGI60-15.05290     0.98832   29.816298   82.399194   -0.752    0.232  1
RGI60-15.12940     0.98709   28.896534   97.291759   -0.283    0.191  1
RGI60-15.00004     0.98646   29.962297  102.050283   -0.564    0.197  1
RGI60-15.12848     0.98633   29.362673   97.157917   -0.872    0.209  1
RGI60-15.13048     0.98601   29.231537   97.447635   -0.358    0.200  1
RGI60-15.12559     0.98554   29.173977   96.634947   -0.565    0.226  1
RGI60-15.10977     0.98460   27.944356   88.890721   -0.740    0.172  1
RGI60-15.01247     0.98441   29.934676   95.557687   -0.150    0.182  1
RGI60-15.12588     0.98326   29.117563   96.694715   -0.712    0.214  1
RGI60-15.01707     0.98278   28.228106   91.874718   -0.714    0.175  1
RGI60-15.12508     0.98254   29.203524   96.480696    0.110    0.239  1
RGI60-15.07553     0.98240   31.091153   78.543149   -0.541    0.199  1
RGI60-15.07012     0.98175   30.516993   80.356966   -0.005    0.181  1
RGI60-15.08508     0.98161   29.709772   96.621550   -1.113    0.222  1
RGI60-15.09863     0.98147   28.060196   87.114795   -0.671    0.183  1
RGI60-15.04633     0.98069   28.807478   84.419820   -0.197    0.160  1
RGI60-15.02555     0.98052   27.999559   90.504153   -1.191    0.210  1
RGI60-15.00184     0.98033   30.391550   99.559705   -0.975    0.208  1
RGI60-15.06704     0.98003   30.637570   79.964488   -0.014    0.296  1
RGI60-15.00258     0.97964   28.382498   97.772407   -1.284    0.270  1
RGI60-15.03410     0.97961   27.924758   86.932083   -0.297    0.172  1
RGI60-15.09831     0.97956   28.137696   87.060286   -0.356    0.165  1
RGI60-15.04740     0.97952   28.833473   83.970579   -0.628    0.176  1
RGI60-15.05367     0.97835   29.092489   82.991387   -0.534    0.178  1
RGI60-15.00129     0.97739   29.957063   99.578838   -1.124    0.248  1
RGI60-15.06775     0.97723   30.523654   79.842437   -0.067    0.155  1
RGI60-15.11119     0.97712   30.266298   95.845880   -0.601    0.318  1
RGI60-15.10455     0.97692   28.024931   88.170388   -0.063    0.148  1
RGI60-15.12548     0.97690   29.184458   96.595129    0.517    0.528  1
RGI60-15.06492     0.97670   30.335086   81.841537   -0.536    0.177  1
RGI60-15.10958     0.97636   28.021235   89.466391   -0.644    0.176  1
RGI60-15.02912     0.97625   27.934709   88.192797   -0.951    0.197  1
RGI60-15.04827     0.97586   28.678230   83.717524   -0.321    0.175  1
RGI60-15.03828     0.97562   27.693610   86.911839   -0.275    0.169  1
RGI60-15.12819     0.97494   28.880224   97.112483   -0.563    0.204  1
RGI60-15.02493     0.97480   27.949999   90.394068   -0.602    0.166  1
RGI60-15.11851     0.97363   29.519507   96.247243   -0.351    0.266  1
RGI60-15.11136     0.97358   29.945154   95.857303   -0.241    0.553  1
RGI60-15.10803     0.97307   28.209161   90.535511   -0.301    0.165  1
RGI60-15.12757     0.97282   29.431577   97.071594   -0.737    0.197  1
RGI60-15.04826     0.97265   28.690922   83.757647   -0.452    0.267  1
RGI60-15.06251     0.97245   29.799593   81.538384   -0.536    0.186  1
RGI60-15.02451     0.97210   27.900287   90.314094   -0.352    0.153  1
RGI60-15.11574     0.97189   29.584199   96.655023   -0.457    0.258  1
RGI60-15.07906     0.97188   29.757281  101.849108   -0.590    0.201  1
RGI60-15.04292     0.97160   28.183674   85.763972   -0.388    0.170  1
RGI60-15.01803     0.97040   28.155690   91.875841   -0.271    0.167  1
RGI60-15.05432     0.96992   29.242550   82.533098   -0.674    0.200  1
RGI60-15.09955     0.96888   28.176948   86.780373   -0.512    0.179  1
RGI60-15.07678     0.96840   28.359853  100.365891   -0.267    0.243  1
RGI60-15.05028     0.96824   28.752898   83.215050   -0.284    0.161  1
RGI60-15.10789     0.96797   28.146406   90.519903   -0.214    0.160  1
RGI60-15.01126     0.96792   30.362160   95.585579   -0.543    0.181  1
RGI60-15.07933     0.96683   31.096357  101.270115   -0.682    0.174  1
RGI60-15.11201     0.96678   30.046601   95.930560   -0.288    0.263  1
RGI60-15.08467     0.96547   29.730014   97.170254   -0.671    0.179  1
RGI60-15.13086     0.96505   28.970191   97.589621   -0.364    0.167  1
RGI60-15.05940     0.96496   29.921589   81.016220   -0.297    0.153  1
RGI60-15.05881     0.96138   29.745935   81.524680   -0.871    0.223  1
RGI60-15.05210     0.96075   29.828454   82.609420   -0.597    0.192  1
RGI60-15.08409     0.96041   29.664822   97.045914   -1.241    0.249  1
RGI60-15.02101     0.95964   28.012915   91.411450   -0.430    0.189  1
RGI60-15.05604     0.95891   29.340362   82.773385   -0.388    0.186  1
RGI60-15.05178     0.95890   29.748904   82.367364   -0.792    0.261  1
RGI60-15.02650     0.95657   28.006629   89.911860   -0.684    0.180  1
RGI60-15.06207     0.95638   29.935980   81.526678   -0.349    0.162  1
RGI60-15.01539     0.95637   28.114435   92.610214   -0.522    0.203  1
RGI60-15.01003     0.95615   30.305949   95.239027   -0.115    0.210  1
RGI60-15.03707     0.95578   27.916438   87.856336   -0.555    0.179  1
RGI60-15.10543     0.95513   28.178087   87.488067   -0.604    0.177  1
RGI60-15.04435     0.95481   28.710844   83.366170   -0.076    0.159  1
RGI60-15.07329     0.95472   31.240808   78.826869   -0.692    0.173  1
RGI60-15.11243     0.95457   29.881224   95.988249   -0.046    0.536  1
RGI60-15.09253     0.95383   28.729947   85.139997   -0.811    0.211  1
RGI60-15.09304     0.95207   28.533396   85.275642   -0.132    0.191  1
RGI60-15.09796     0.95170   28.156148   86.551785   -0.485    0.180  1
RGI60-15.07623     0.95142   30.783500   78.860550    0.274    0.197  1
RGI60-15.07321     0.95129   31.184562   78.650583   -0.265    0.198  1
RGI60-15.00034     0.95117   29.957441   99.588695   -1.393    0.254  1
RGI60-15.00476     0.95102   28.776737   97.764107   -0.946    0.199  1
RGI60-15.02288     0.95100   27.950298   89.938082   -0.736    0.190  1
RGI60-15.07035     0.95076   30.287019   80.065303    0.012    0.256  1
RGI60-15.12531     0.95074   29.108642   96.552866   -0.716    0.241  1
RGI60-15.01894     0.94992   27.807311   92.275646   -0.917    0.207  1
RGI60-15.01659     0.94967   28.401287   91.114688    0.159    0.175  1
RGI60-15.00424     0.94938   28.655745   98.148611   -1.154    0.263  1
RGI60-15.10016     0.94889   28.131511   86.889288   -0.371    0.169  1
RGI60-15.00628     0.94841   30.645153   95.152770   -0.220    0.215  1
RGI60-15.01196     0.94809   29.792309   95.447456   -0.459    0.193  1
RGI60-15.10302     0.94789   28.426857   85.728040   -0.299    0.157  1
RGI60-15.10914     0.94778   28.077824   90.820482   -0.450    0.180  1
RGI60-15.00815     0.94774   30.315715   95.692211   -0.446    0.197  1
RGI60-15.12980     0.94714   28.910188   97.320233   -0.567    0.197  1
RGI60-15.05369     0.94653   29.104560   83.008396   -0.740    0.181  1
RGI60-15.10571     0.94635   28.110486   87.597702   -0.189    0.177  1
RGI60-15.06131     0.94549   30.389124   80.575865    0.093    0.157  1
RGI60-15.05105     0.94521   28.763509   83.040641   -0.953    0.200  1
RGI60-15.10677     0.94498   28.016344   87.858411   -0.701    0.167  1
RGI60-15.02064     0.94422   27.990563   91.571778   -1.070    0.216  1
RGI60-15.03393     0.94323   27.704009   86.987897   -0.326    0.174  1
RGI60-15.00802     0.94306   30.344008   95.601256   -0.963    0.210  1
RGI60-15.01864     0.94303   27.802340   92.076728   -0.683    0.173  1
RGI60-15.04238     0.94206   28.155125   85.611564   -0.942    0.203  1
RGI60-15.02308     0.94203   28.070872   89.867273   -0.725    0.181  1
RGI60-15.10775     0.94118   28.134074   90.499334   -0.195    0.151  1
RGI60-15.00973     0.94023   30.464505   95.261436   -0.521    0.193  1
RGI60-15.02608     0.94016   27.835961   89.343580   -0.234    0.193  1
RGI60-15.11193     0.94003   29.867571   95.921807    0.457    0.457  1
RGI60-15.00921     0.93903   30.520492   95.180237   -0.559    0.197  1
RGI60-15.12700     0.93888   29.489152   97.009804   -1.121    0.212  1
RGI60-15.02681     0.93833   27.913488   90.283791   -0.415    0.156  1
RGI60-15.08122     0.93827   29.004644   97.579790   -0.497    0.175  1
RGI60-15.07747     0.93705   31.039724  101.307421   -0.243    0.165  1
RGI60-15.01065     0.93667   30.097965   95.280607    2.902    0.510  1
RGI60-15.01399     0.93662   28.148512   92.876653   -0.836    0.227  1
RGI60-15.03859     0.93635   27.971492   86.757263   -0.752    0.187  1
RGI60-15.03090     0.93541   27.833785   87.976390   -0.472    0.171  1
RGI60-15.03225     0.93413   27.583697   88.156093   -0.342    0.170  1
RGI60-15.04436     0.93386   28.723020   83.337905   -0.161    0.159  1
RGI60-15.01941     0.93375   27.854914   92.374900   -0.180    0.178  1
RGI60-15.05089     0.93365   28.820919   84.190049   -0.523    0.193  1
RGI60-15.06830     0.93311   30.909409   79.517124   -0.164    0.150  1
RGI60-15.02810     0.93210   27.810480   88.279409   -0.730    0.169  1
RGI60-15.11889     0.93194   29.505562   96.530787   -0.500    0.189  1
RGI60-15.04026     0.93172   28.600214   85.027520   -0.203    0.170  1
RGI60-15.03481     0.93053   27.845592   86.560910   -0.497    0.171  1
RGI60-15.09692     0.92905   28.244404   86.340160   -0.587    0.164  1
RGI60-15.01392     0.92839   28.191845   92.850412   -0.497    0.188  1
RGI60-15.12655     0.92839   29.146597   96.979569   -0.591    0.206  1
RGI60-15.09733     0.92780   28.267558   86.423174   -0.577    0.168  1
RGI60-15.05619     0.92762   29.202344   82.574768   -0.280    0.216  1
RGI60-15.04574     0.92691   28.850887   83.621558   -0.068    0.152  1
RGI60-15.04158     0.92669   28.478911   84.757824   -0.131    0.194  1
RGI60-15.09488     0.92627   28.182674   85.856020   -0.319    0.177  1
RGI60-15.12413     0.92615   29.466468   96.140598   -0.603    0.423  1
RGI60-15.06878     0.92524   30.979281   79.156346   -0.081    0.164  1
RGI60-15.02930     0.92506   27.976343   88.634973   -0.341    0.183  1
RGI60-15.06019     0.92479   30.223291   80.659181   -0.258    0.188  1
RGI60-15.08266     0.92360   29.585276   97.245725   -1.055    0.211  1
RGI60-15.06608     0.92355   30.840827   78.977288   -0.121    0.156  1
RGI60-15.05203     0.92316   29.739071   82.632747   -0.986    0.210  1
RGI60-15.03476     0.92296   27.828168   86.551746   -0.811    0.264  1
RGI60-15.00931     0.92289   30.588008   95.223360   -0.493    0.210  1
RGI60-15.07277     0.92280   30.247935   79.883989    0.038    1.294  1
RGI60-15.09390     0.92266   28.407929   85.507878   -1.157    0.245  1
RGI60-15.06813     0.92236   30.730178   79.747119   -0.047    0.175  1
RGI60-15.04359     0.92233   29.030785   83.762736   -0.557    0.167  1
RGI60-15.02414     0.92176   27.976863   90.245613   -0.958    0.187  1
RGI60-15.01511     0.92114   28.000866   92.679589   -0.312    0.191  1
RGI60-15.12672     0.92108   29.488488   96.989974   -0.954    0.211  1
RGI60-15.03583     0.91956   27.719726   86.879561    0.065    0.153  1
RGI60-15.12664     0.91902   29.219741   96.989480   -0.305    0.194  1
RGI60-15.11080     0.91900   30.230666   95.821108   -0.317    0.256  1
RGI60-15.12818     0.91862   28.869829   97.111842   -0.816    0.207  1
RGI60-15.08933     0.91774   30.288375   80.924590   -0.184    0.172  1
RGI60-15.12176     0.91772   29.103358   96.201046   -0.207    0.198  1
RGI60-15.01565     0.91737   28.067882   92.758971   -0.441    0.227  1
RGI60-15.11767     0.91734   29.740166   95.765166    0.376    0.378  1
RGI60-15.10541     0.91614   28.145640   87.481701   -0.329    0.187  1
RGI60-15.06657     0.91609   30.509243   80.359075   -0.117    0.173  1
RGI60-15.10294     0.91549   28.461354   85.675169   -0.643    0.171  1
RGI60-15.03847     0.91499   27.822028   87.144276   -0.664    0.190  1
RGI60-15.04047     0.91368   28.247999   85.536053   -0.163    0.185  1
RGI60-15.11039     0.91325   30.034486   95.749139   -0.545    0.238  1
RGI60-15.05710     0.91309   29.105795   82.986408   -0.830    0.203  1
RGI60-15.06840     0.91301   30.967803   79.471047   -0.744    0.197  1
RGI60-15.06080     0.91209   30.178432   81.612265   -0.615    0.190  1
RGI60-15.05022     0.91188   29.021732   83.610386   -0.794    0.193  1
RGI60-15.02073     0.91186   27.940121   91.511057   -0.339    0.176  1
RGI60-15.00989     0.91144   30.481906   95.279870   -0.252    0.188  1
RGI60-15.04753     0.91117   28.789352   84.025299   -0.397    0.178  1
RGI60-15.05407     0.91106   29.371792   82.545522   -0.135    0.181  1
RGI60-15.08728     0.91047   31.026091   79.118269   -0.003    0.189  1
RGI60-15.10124     0.90916   28.272068   86.667012   -0.433    0.155  1
RGI60-15.04223     0.90892   28.136507   85.767113   -0.343    0.176  1
RGI60-15.01827     0.90884   28.419972   91.108946   -0.264    0.167  1
RGI60-15.09450     0.90820   28.318189   85.623539   -0.343    0.183  1
RGI60-15.09302     0.90811   28.501615   85.270197   -0.534    0.192  1
RGI60-15.01747     0.90727   28.133219   91.556975   -0.674    0.175  1
RGI60-15.06104     0.90724   29.942979   81.032890   -0.328    0.158  1
RGI60-15.02875     0.90595   27.893248   88.007556   -0.734    0.188  1
RGI60-15.05298     0.90592   30.107405   81.938101   -0.429    0.186  1
RGI60-15.04253     0.90576   28.139228   85.673066   -0.404    0.184  1
RGI60-15.10732     0.90533   28.124253   90.409322   -0.104    0.169  1
RGI60-15.00389     0.90509   29.243946   97.582326   -1.092    0.217  1
RGI60-15.03392     0.90504   27.696467   86.983440   -0.046    0.165  1
RGI60-15.02412     0.90474   27.996592   90.244220   -0.461    0.152  1
RGI60-15.00935     0.90446   30.575826   95.227151   -1.059    0.237  1
RGI60-15.04655     0.90364   28.891205   84.067905   -0.220    0.175  1
RGI60-15.04513     0.90351   28.586558   84.027225   -0.164    0.188  1
RGI60-15.12301     0.90330   29.025261   96.413428   -0.247    0.189  1
RGI60-15.04850     0.90309   28.871553   83.544364   -0.301    0.157  1
RGI60-15.00498     0.90299   28.820741   98.074222   -0.520    0.213  1
RGI60-15.04540     0.90295   28.690373   84.342295    0.025    0.171  1
RGI60-15.11580     0.90214   29.554568   96.660788   -0.685    0.217  1
RGI60-15.02840     0.90207   27.602308   88.083700   -0.151    0.160  1
RGI60-15.03809     0.90198   27.753389   86.858375   -0.154    0.154  1
RGI60-15.06940     0.90165   30.777567   79.053863   -0.312    0.184  1
RGI60-15.03490     0.90162   27.786485   86.647790   -0.251    0.172  1
RGI60-15.02237     0.89929   27.794556   89.282603   -0.251    0.175  1
RGI60-15.08666     0.89900   30.273921   95.922520    0.634    0.279  1
RGI60-15.05815     0.89850   30.179993   81.889526   -0.569    0.173  1
RGI60-15.07487     0.89789   31.116527   78.772397   -0.450    0.162  1
RGI60-15.08291     0.89754   29.499191   97.296774   -0.902    0.224  1
RGI60-15.03670     0.89743   27.813722   87.804879   -0.598    0.181  1
RGI60-15.04116     0.89700   28.516226   84.951536   -0.348    0.307  1
RGI60-15.04925     0.89698   28.990171   83.192177   -0.310    0.173  1
RGI60-15.08111     0.89676   29.099216   97.550084   -0.910    0.208  1
RGI60-15.03524     0.89662   27.790497   86.527671   -0.400    0.183  1
RGI60-15.11077     0.89654   30.324273   95.812360   -0.837    0.244  1
RGI60-15.08778     0.89649   31.139999   79.273956   -0.462    0.163  1
RGI60-15.10082     0.89633   28.146826   86.980191   -0.404    0.162  1
RGI60-15.05711     0.89612   29.105471   82.979106   -0.576    0.181  1
RGI60-15.04605     0.89473   28.642344   84.523672   -0.087    0.172  1
RGI60-15.10962     0.89461   28.080217   89.499698   -0.793    0.186  1
RGI60-15.06760     0.89402   30.219034   80.114647    0.694    0.623  1
RGI60-15.04761     0.89322   28.783826   83.916315   -0.213    0.171  1
RGI60-15.12167     0.89281   29.330393   96.140562    0.646    0.361  1
RGI60-15.03737     0.89244   27.744398   86.622258   -0.139    0.195  1
RGI60-15.05100     0.89193   28.791401   83.088486   -0.278    0.156  1
RGI60-15.02012     0.89102   27.900511   92.451388   -0.416    0.192  1
RGI60-15.12708     0.89094   29.039075   97.026637   -0.737    0.231  1
RGI60-15.02535     0.89089   27.714443   89.413751   -1.032    0.209  1
RGI60-15.10129     0.89071   28.246384   86.691710   -0.126    0.149  1
RGI60-15.04025     0.89047   28.608074   85.018915   -0.406    0.177  1
RGI60-15.08326     0.89038   29.719359   97.263715   -0.734    0.203  1
RGI60-15.09293     0.89036   28.394640   85.236396   -0.162    0.206  1
RGI60-15.12253     0.89013   29.345645   96.143290   -0.928    0.783  1
RGI60-15.10052     0.88941   28.172227   86.924553   -0.545    0.174  1
RGI60-15.12675     0.88933   29.352039   96.994224   -0.922    0.214  1
RGI60-15.02361     0.88890   28.116620   90.124614   -0.308    0.212  1
RGI60-15.09716     0.88827   28.172494   86.345732   -0.701    0.185  1
RGI60-15.06192     0.88811   30.051170   82.109532   -0.588    0.192  1
RGI60-15.00042     0.88796   30.073891   99.276975   -0.646    0.186  1
RGI60-15.07033     0.88794   30.282292   79.911527    0.002    0.373  1
RGI60-15.07589     0.88771   30.920113   78.924009   -0.215    0.164  1
RGI60-15.05588     0.88746   29.226917   82.728863   -0.336    0.180  1
RGI60-15.08640     0.88610   29.804850   96.473248   -0.834    0.208  1
RGI60-15.03023     0.88593   27.822963   88.319855   -0.621    0.194  1
RGI60-15.05670     0.88590   29.717813   82.346072   -0.974    0.242  1
RGI60-15.02403     0.88521   28.014719   90.135691   -0.792    0.183  1
RGI60-15.11749     0.88477   29.826453   95.633021   -0.234    0.218  1
RGI60-15.07832     0.88464   29.545712  101.821946   -0.326    0.186  1
RGI60-15.10594     0.88448   28.154660   87.596777   -0.190    0.232  1
RGI60-15.04286     0.88417   28.134429   85.625686   -0.634    0.184  1
RGI60-15.03647     0.88381   27.718554   87.633433   -0.761    0.204  1
RGI60-15.08153     0.88380   28.998873   97.682595   -0.050    0.173  1
RGI60-15.11748     0.88373   29.822356   95.625430   -0.637    0.294  1
RGI60-15.02543     0.88340   27.986654   90.608115   -0.822    0.201  1
RGI60-15.12214     0.88332   29.050690   96.349619   -0.317    0.178  1
RGI60-15.02744     0.88303   27.562198   88.214945   -0.098    0.190  1
RGI60-15.00342     0.88273   28.929805   98.360773   -1.263    0.261  1
RGI60-15.10430     0.88213   28.033309   88.099774   -0.363    0.165  1
RGI60-15.04477     0.88213   28.663397   84.413260   -0.787    0.213  1
RGI60-15.08441     0.88186   29.664296   97.091994   -0.910    0.202  1
RGI60-15.04769     0.88129   28.625803   84.013138   -0.242    0.187  1
RGI60-15.12406     0.88081   29.435823   96.098421   -0.295    0.698  1
RGI60-15.02782     0.88048   27.723335   88.050891   -0.219    0.154  1
RGI60-15.04200     0.88011   28.129175   85.500201   -0.630    0.190  1
RGI60-15.10678     0.87988   28.014126   87.867792   -0.453    0.179  1
RGI60-15.05175     0.87918   29.909288   82.080010   -0.434    0.201  1
RGI60-15.03269     0.87837   27.864465   88.645372   -0.654    0.181  1
RGI60-15.05297     0.87830   30.120481   81.920285   -0.507    0.177  1
RGI60-15.04840     0.87817   28.903654   83.472832   -0.702    0.176  1
RGI60-15.06970     0.87803   30.752155   79.411320   -0.046    0.158  1
RGI60-15.02367     0.87785   28.119396   90.135088   -0.238    0.215  1
RGI60-15.06437     0.87754   29.982161   82.070588   -0.277    0.168  1
RGI60-15.10933     0.87704   28.042494   90.872690   -0.245    0.194  1
RGI60-15.12628     0.87643   29.097261   96.903084   -0.424    0.233  1
RGI60-15.08872     0.87632   30.614358   80.104251   -0.429    0.225  1
RGI60-15.00818     0.87559   30.292197   95.711680   -0.315    0.196  1
RGI60-15.08850     0.87505   30.782602   79.955415   -0.302    0.190  1
RGI60-15.08970     0.87455   30.085944   81.155241   -0.215    0.155  1
RGI60-15.12743     0.87442   29.484257   97.057924   -0.816    0.201  1
RGI60-15.00363     0.87428   28.425413   98.622000   -0.132    0.177  1
RGI60-15.09883     0.87403   27.888766   87.168770   -0.150    0.169  1
RGI60-15.09822     0.87273   28.096726   87.048343   -0.192    0.152  1
RGI60-15.01627     0.87256   28.119448   92.549463   -0.479    0.191  1
RGI60-15.10287     0.87232   28.513849   85.598271   -0.262    0.171  1
RGI60-15.07657     0.87228   31.767188   99.109197   -0.816    0.207  1
RGI60-15.00122     0.87212   30.052327   99.290876   -0.809    0.206  1
RGI60-15.08627     0.87192   29.878002   96.440056   -0.832    0.190  1
RGI60-15.07489     0.87091   31.182715   78.740196    0.092    0.161  1
RGI60-15.00641     0.87076   30.644473   95.164769   -0.167    0.184  1
RGI60-15.06325     0.87073   29.970788   81.144551   -0.081    0.161  1
RGI60-15.00793     0.87066   30.346076   95.628282   -0.647    0.194  1
RGI60-15.03523     0.87054   27.792372   86.532343   -0.500    0.188  1
RGI60-15.02568     0.86992   28.015974   90.581793   -0.772    0.203  1
RGI60-15.11342     0.86982   29.936189   96.223294   -0.824    0.239  1
RGI60-15.05058     0.86862   29.016604   83.686547   -0.825    0.197  1
RGI60-15.01146     0.86860   29.558101   95.105359   -0.640    0.314  1
RGI60-15.09522     0.86844   28.309609   85.934542   -0.377    0.192  1
RGI60-15.12716     0.86828   29.356728   97.032073   -1.196    0.238  1
RGI60-15.10560     0.86813   28.199007   87.576419   -0.253    0.175  1
RGI60-15.09768     0.86772   28.004683   86.466575   -0.427    0.170  1
RGI60-15.06773     0.86757   30.480531   79.848867   -0.261    0.180  1
RGI60-15.10610     0.86713   28.076584   87.621747   -0.170    0.167  1
RGI60-15.07558     0.86703   31.057649   78.605218    0.328    0.208  1
RGI60-15.12490     0.86646   29.271137   96.434397    0.067    0.208  1
RGI60-15.02651     0.86535   28.003778   89.898064   -0.478    0.164  1
RGI60-15.10518     0.86514   28.232833   87.628596   -0.621    0.185  1
RGI60-15.12865     0.86510   29.035066   97.170488   -1.203    0.237  1
RGI60-15.00825     0.86445   30.284150   95.621108   -0.452    0.162  1
RGI60-15.10369     0.86384   27.924946   87.979694   -0.350    0.246  1
RGI60-15.02250     0.86356   28.144427   89.748925   -0.280    0.177  1
RGI60-15.00028     0.86321   29.828585   99.555914   -1.163    0.250  1
RGI60-15.03439     0.86315   27.897847   86.562767   -0.187    0.176  1
RGI60-15.09568     0.86284   28.279501   86.127261   -0.458    0.172  1
RGI60-15.00533     0.86262   28.044641   97.271088   -0.681    0.179  1
RGI60-15.05422     0.86262   29.324297   82.846881   -0.748    0.188  1
RGI60-15.09816     0.86249   28.134152   87.036136   -0.402    0.157  1
RGI60-15.04476     0.86238   28.647957   84.518024   -0.113    0.173  1
RGI60-15.07797     0.86228   29.089870  101.830494   -0.768    0.239  1
RGI60-15.01831     0.86153   28.366755   91.117895   -0.377    0.175  1
RGI60-15.02723     0.86079   27.554489   88.055864   -0.632    0.174  1
RGI60-15.05109     0.86066   28.815243   83.092072   -0.726    0.177  1
RGI60-15.08937     0.86059   30.268413   80.937418   -0.253    0.177  1
RGI60-15.12541     0.86020   29.114715   96.577249   -0.007    0.365  1
RGI60-15.06876     0.85981   30.725809   79.329508   -0.422    0.163  1
RGI60-15.00876     0.85961   30.312631   95.489377   -0.642    0.203  1
RGI60-15.10841     0.85914   28.123942   90.584370   -0.326    0.192  1
RGI60-15.02955     0.85888   27.986195   88.715926   -0.908    0.220  1
RGI60-15.05348     0.85779   29.996169   82.413821   -0.638    0.203  1
RGI60-15.10964     0.85757   28.090217   89.502768   -0.514    0.171  1
RGI60-15.05990     0.85703   29.996361   80.878689   -0.162    0.190  1
RGI60-15.02915     0.85663   27.972195   88.411898   -0.889    0.207  1
RGI60-15.07517     0.85572   30.963388   78.795788   -0.184    0.162  1
RGI60-15.03372     0.85550   27.848570   87.031591   -0.303    0.162  1
RGI60-15.00640     0.85537   30.652067   95.143353   -0.657    0.199  1
RGI60-15.05031     0.85502   28.796087   83.228631   -0.002    0.167  1
RGI60-15.13053     0.85479   29.224086   97.452770   -0.886    0.228  1
RGI60-15.07442     0.85470   31.138147   78.606624   -0.041    0.204  1
RGI60-15.05963     0.85454   29.944175   80.989754   -0.464    0.164  1
RGI60-15.12984     0.85444   28.903931   97.327107    0.108    0.180  1
RGI60-15.05570     0.85443   29.118437   82.773615   -0.589    0.197  1
RGI60-15.02467     0.85384   28.016194   90.331202   -0.444    0.156  1
RGI60-15.02338     0.85371   28.077902   89.981441   -0.412    0.173  1
RGI60-15.11488     0.85366   29.603349   96.453322   -0.271    0.188  1
RGI60-15.11608     0.85365   29.557890   96.865051   -1.142    0.218  1
RGI60-15.10281     0.85351   28.592030   85.552041   -0.296    0.166  1
RGI60-15.00327     0.85334   29.268168   98.337680   -0.775    0.220  1
RGI60-15.00914     0.85334   30.617630   95.142680   -0.309    0.187  1
RGI60-15.09396     0.85328   28.427380   85.513707   -1.073    0.222  1
RGI60-15.06617     0.85287   31.005875   79.075051   -0.023    0.172  1
RGI60-15.12055     0.85278   29.318358   95.876864   -0.815    0.272  1
RGI60-15.07989     0.85275   31.096639  102.920597   -0.226    0.192  1
RGI60-15.00081     0.85217   29.850813   99.570637   -0.865    0.232  1
RGI60-15.03970     0.85201   28.302158   85.124526   -0.476    0.178  1
RGI60-15.05302     0.85169   30.096165   81.885443   -0.532    0.195  1
RGI60-15.04087     0.85154   28.565894   85.035288   -0.209    0.169  1
RGI60-15.00312     0.85148   28.382213   97.727985   -0.118    0.195  1
RGI60-15.00411     0.85145   28.663643   98.173394   -0.771    0.238  1
RGI60-15.11297     0.85130   30.118557   96.138537   -0.692    0.278  1
RGI60-15.10911     0.85115   28.078226   90.809868   -0.295    0.180  1
RGI60-15.06673     0.85101   30.395801   80.271107    0.046    0.178  1
RGI60-15.02262     0.85078   28.157382   89.880592   -0.506    0.167  1
RGI60-15.09928     0.85061   28.161890   86.730524   -0.337    0.180  1
RGI60-15.06073     0.84948   30.206329   81.611060   -0.271    0.160  1
RGI60-15.07317     0.84943   31.186610   78.614979    0.441    0.227  1
RGI60-15.10872     0.84929   28.062398   90.661389   -0.574    0.199  1
RGI60-15.08050     0.84925   28.526062   98.634553   -0.733    0.208  1
RGI60-15.03740     0.84925   27.963103   86.793848   -0.344    0.168  1
RGI60-15.10568     0.84896   28.103447   87.593325   -0.084    0.207  1
RGI60-15.04150     0.84788   28.470654   84.685289   -0.436    0.469  1
RGI60-15.10798     0.84714   28.153016   90.526214   -0.280    0.159  1
RGI60-15.11176     0.84682   29.898828   95.901376    0.892    0.545  1
RGI60-15.12965     0.84617   29.384211   97.302650   -0.824    0.199  1
RGI60-15.00525     0.84566   28.094959   97.969748    0.114    0.236  1
RGI60-15.07362     0.84555   31.269845   78.327489   -0.533    0.176  1
RGI60-15.09724     0.84461   28.225848   86.355902   -0.727    0.183  1
RGI60-15.11572     0.84395   29.557676   96.648435   -0.433    0.205  1
RGI60-15.01261     0.84377   29.569021   95.193159   -0.580    0.746  1
RGI60-15.02490     0.84312   27.921570   90.399081   -1.296    0.266  1
RGI60-15.05463     0.84292   29.353911   82.625829   -0.202    0.190  1
RGI60-15.09049     0.84259   30.245396   81.351401   -0.308    0.158  1
RGI60-15.12494     0.84216   29.188844   96.449385    0.229    0.217  1
RGI60-15.11862     0.84211   29.490235   96.324027   -0.150    0.208  1
RGI60-15.01009     0.84198   30.396221   95.290505   -0.466    0.193  1
RGI60-15.12113     0.84160   29.483771   96.041434   -0.669    0.572  1
RGI60-15.00831     0.84071   30.300778   95.622008   -0.468    0.179  1
RGI60-15.07320     0.83980   31.162101   78.617103    0.362    0.217  1
RGI60-15.13000     0.83962   29.196102   97.340886   -1.280    0.239  1
RGI60-15.02951     0.83960   27.985154   88.693776   -0.091    0.179  1
RGI60-15.04009     0.83946   28.523118   84.639769   -0.104    0.216  1
RGI60-15.12444     0.83902   29.400338   96.326884    0.099    0.276  1
RGI60-15.12188     0.83883   29.237810   96.256338   -0.538    0.266  1
RGI60-15.04049     0.83861   28.258759   85.456975   -0.269    0.170  1
RGI60-15.04012     0.83817   28.624033   84.667855    0.073    0.203  1
RGI60-15.02051     0.83725   27.985627   91.627321   -0.350    0.178  1
RGI60-15.10242     0.83719   28.363778   86.408842   -0.379    0.159  1
RGI60-15.05566     0.83687   29.096943   82.995054   -0.806    0.200  1
RGI60-15.05150     0.83659   28.638346   83.447150   -0.137    0.172  1
RGI60-15.09934     0.83655   28.227200   86.745112   -0.271    0.182  1
RGI60-15.10946     0.83629   27.880880   89.370139   -0.176    0.176  1
RGI60-15.00822     0.83617   30.314307   95.662563    0.169    0.195  1
RGI60-15.02289     0.83516   27.961825   89.922440   -0.782    0.186  1
RGI60-15.00750     0.83509   30.419418   95.592517   -0.536    0.187  1
RGI60-15.10229     0.83501   28.368289   86.347276   -0.052    0.146  1
RGI60-15.10228     0.83483   28.357461   86.341324   -0.035    0.151  1
RGI60-15.05411     0.83475   29.220225   82.868778   -0.117    0.196  1
RGI60-15.05750     0.83463   29.241749   82.764603   -0.190    0.189  1
RGI60-15.03125     0.83458   27.731713   87.914646   -0.401    0.175  1
RGI60-15.00875     0.83428   30.323512   95.485407   -0.704    0.185  1
RGI60-15.03015     0.83362   27.799389   88.337836   -0.453    0.198  1
RGI60-15.02060     0.83362   27.969847   91.596678   -0.557    0.193  1
RGI60-15.05638     0.83354   29.439208   82.709794   -0.572    0.194  1
RGI60-15.05286     0.83343   29.866675   82.454680   -1.052    0.252  1
RGI60-15.02341     0.83335   28.099466   89.977197   -0.507    0.182  1
RGI60-15.02800     0.83316   27.743881   88.164724   -0.189    0.320  1
RGI60-15.06332     0.83313   30.161862   80.747797   -0.059    0.168  1
RGI60-15.09825     0.83266   28.102712   87.050650   -0.347    0.155  1
RGI60-15.04625     0.83229   28.778063   84.389951   -0.055    0.170  1
RGI60-15.01111     0.83202   30.627225   95.304733   -0.709    0.212  1
RGI60-15.00442     0.83197   28.721704   97.979504   -0.814    0.250  1
RGI60-15.02799     0.83152   27.763418   88.100552   -0.245    0.154  1
RGI60-15.09359     0.83143   28.565677   85.421881   -0.458    0.176  1
RGI60-15.04695     0.83124   28.847770   84.207167   -0.757    0.184  1
RGI60-15.12018     0.83117   29.353697   95.784692   -1.047    0.253  1
RGI60-15.01902     0.83080   27.833655   92.322767   -0.944    0.198  1
RGI60-15.09523     0.83079   28.307595   85.942674   -0.116    0.199  1
RGI60-15.01510     0.83036   28.005506   92.669553   -0.144    0.193  1
RGI60-15.03746     0.82982   28.050613   86.554770   -0.577    0.988  1
RGI60-15.11068     0.82973   30.114116   95.795234   -0.745    0.575  1
RGI60-15.10786     0.82963   28.182449   90.510152   -0.522    0.193  1
RGI60-15.09833     0.82922   28.092852   87.062574   -0.652    0.168  1
RGI60-15.02938     0.82867   27.984018   88.652256    0.021    0.169  1
RGI60-15.02816     0.82866   27.781194   88.285131   -0.297    0.164  1
RGI60-15.10570     0.82848   28.074039   87.593919   -0.115    0.216  1
RGI60-15.07593     0.82841   30.796495   78.922923   -0.237    0.177  1
RGI60-15.13079     0.82816   29.036099   97.568942   -0.317    0.185  1
RGI60-15.09877     0.82800   27.910090   87.164267   -0.024    0.158  1
RGI60-15.11458     0.82790   29.639686   96.426683   -0.528    0.193  1
RGI60-15.06488     0.82779   30.209007   81.794531   -0.722    0.205  1
RGI60-15.07679     0.82774   28.386246  100.410664   -0.308    0.222  1
RGI60-15.10988     0.82748   28.819955   84.448447   -0.324    0.189  1
RGI60-15.10040     0.82625   28.069206   86.909230   -0.365    0.155  1
RGI60-15.00290     0.82566   28.338853   97.496642   -0.453    0.169  1
RGI60-15.12463     0.82473   29.347285   96.370830   -0.013    0.544  1
RGI60-15.04132     0.82389   28.537907   84.928213    0.063    0.195  1
RGI60-15.12879     0.82336   29.368822   97.185837   -0.781    0.254  1
RGI60-15.03171     0.82323   27.874401   88.240244   -0.652    0.183  1
RGI60-15.04521     0.82221   28.508313   83.865076    0.180    0.191  1
RGI60-15.07576     0.82130   30.824998   78.807359   -0.115    0.168  1
RGI60-15.07567     0.82061   30.881091   78.839283   -0.255    0.172  1
RGI60-15.05579     0.81952   29.409112   82.670477   -0.021    0.193  1
RGI60-15.02242     0.81912   27.883072   89.386705   -0.323    0.184  1
RGI60-15.12538     0.81876   29.192985   96.571447    2.251    1.369  1
RGI60-15.06871     0.81845   30.709805   79.352758   -0.284    0.157  1
RGI60-15.10280     0.81807   28.592856   85.544554   -0.367    0.175  1
RGI60-15.05064     0.81807   29.024781   83.725006   -0.364    0.154  1
RGI60-15.12801     0.81796   28.872177   97.097259   -0.489    0.199  1
RGI60-15.03798     0.81786   27.807639   86.879598   -0.478    0.172  1
RGI60-15.07878     0.81647   29.770725  101.891844    0.356    0.428  1
RGI60-15.05888     0.81617   29.859410   81.494557   -0.079    0.172  1
RGI60-15.03639     0.81612   27.759474   87.660995   -1.015    0.214  1
RGI60-15.05163     0.81570   30.040459   82.084625   -0.633    0.182  1
RGI60-15.03966     0.81551   28.334134   85.091274   -0.383    0.198  1
RGI60-15.11547     0.81428   29.614791   96.622549   -0.297    0.202  1
RGI60-15.10896     0.81419   28.318465   90.729242   -0.565    0.183  1
RGI60-15.12802     0.81365   28.866903   97.101507   -0.465    0.197  1
RGI60-15.06132     0.81333   30.392751   80.681631   -0.898    0.201  1
RGI60-15.02705     0.81291   27.810198   88.248347   -0.440    0.156  1
RGI60-15.09520     0.81256   28.314397   85.919138   -0.599    0.184  1
RGI60-15.06376     0.81253   30.352756   80.604127   -0.427    0.187  1
RGI60-15.09901     0.81157   27.876430   87.202517    0.093    0.170  1
RGI60-15.06003     0.81155   29.832373   81.151807   -0.095    0.159  1
RGI60-15.09347     0.81126   28.682457   85.432118   -0.425    0.160  1
RGI60-15.00033     0.81041   29.876242   99.511147   -0.897    0.239  1
RGI60-15.06402     0.80986   30.014987   82.065172   -0.401    0.178  1
RGI60-15.04105     0.80937   28.515171   84.652214   -0.145    0.279  1
RGI60-15.01991     0.80916   27.714708   92.437604   -0.967    0.240  1
RGI60-15.03921     0.80887   27.755598   87.097601   -0.386    0.188  1
RGI60-15.04290     0.80862   28.178745   85.754949   -0.498    0.189  1
RGI60-15.04806     0.80854   28.486316   84.194745   -0.316    0.207  1
RGI60-15.02268     0.80848   28.103225   89.816512   -0.421    0.162  1
RGI60-15.07511     0.80833   30.890997   78.798238   -0.243    0.156  1
RGI60-15.12491     0.80819   29.342018   96.442800    0.102    0.235  1
RGI60-15.12840     0.80796   28.959657   97.142181   -0.802    0.214  1
RGI60-15.04007     0.80796   28.246426   85.518614    0.073    0.177  1
RGI60-15.03801     0.80792   27.800407   86.824164   -0.285    0.168  1
RGI60-15.02264     0.80719   28.142883   89.850521   -0.634    0.177  1
RGI60-15.08869     0.80712   30.600373   80.093764   -0.038    0.208  1
RGI60-15.05742     0.80674   29.399138   82.751325   -0.703    0.229  1
RGI60-15.05895     0.80616   29.858105   81.475079   -0.257    0.163  1
RGI60-15.07924     0.80577   31.045367  101.312306   -0.603    0.183  1
RGI60-15.00250     0.80554   28.408049   97.497736   -0.590    0.173  1
RGI60-15.03195     0.80540   27.665532   88.008518   -0.300    0.190  1
RGI60-15.10398     0.80479   27.933589   88.042077   -0.496    0.185  1
RGI60-15.03354     0.80404   27.857146   88.729973   -0.905    0.204  1
RGI60-15.04880     0.80324   28.867869   83.553454   -0.143    0.155  1
RGI60-15.03477     0.80310   27.820091   86.552618   -0.210    0.178  1
RGI60-15.03406     0.80294   27.881519   86.904598   -0.196    0.166  1
RGI60-15.10178     0.80289   28.202424   86.654501   -0.162    0.156  1
RGI60-15.04839     0.80208   28.866454   83.434356   -0.617    0.183  1
RGI60-15.12441     0.80165   29.310929   96.312698   -0.188    0.240  1
RGI60-15.04526     0.80157   28.823276   84.245020   -0.624    0.199  1
RGI60-15.04593     0.80100   28.824871   83.542051   -0.171    0.175  1
RGI60-15.06115     0.80072   29.992006   80.928635    0.089    0.254  1
RGI60-15.08453     0.80031   29.748994   97.136626   -0.869    0.195  1
RGI60-15.02529     0.80025   27.671297   89.427542   -0.552    0.188  1
RGI60-15.09195     0.80018   28.623965   84.994359   -0.476    0.181  1
RGI60-15.12758     0.80013   29.280842   97.072714   -0.789    0.196  1
RGI60-15.11037     0.79973   29.961390   95.746738   -0.537    0.244  1
RGI60-15.02877     0.79951   27.892116   88.016543   -0.305    0.169  1
RGI60-15.02312     0.79949   28.096111   89.863586   -0.280    0.182  1
RGI60-15.05529     0.79853   29.363539   82.745231    0.114    0.185  1
RGI60-15.10746     0.79849   28.165327   90.455500   -0.479    0.212  1
RGI60-15.07649     0.79790   27.151434  100.168810   -0.827    0.225  1
RGI60-15.04398     0.79656   28.963673   83.736413   -0.702    0.205  1
RGI60-15.05410     0.79554   29.212449   82.876679   -0.589    0.197  1
RGI60-15.00789     0.79548   30.372727   95.641762   -0.836    0.213  1
RGI60-15.10802     0.79540   28.101811   90.533057   -0.644    0.183  1
RGI60-15.11038     0.79484   30.023258   95.746880   -0.517    0.255  1
RGI60-15.11606     0.79448   29.594823   96.861112   -1.410    0.241  1
RGI60-15.04153     0.79444   28.478560   84.700156    0.100    0.209  1
RGI60-15.09941     0.79434   28.251974   86.751911   -0.271    0.180  1
RGI60-15.11211     0.79420   29.818430   95.933317   -3.032    0.969  1
RGI60-15.02736     0.79350   27.580132   88.242107   -0.168    0.206  1
RGI60-15.03651     0.79303   27.708339   87.612486   -0.654    0.194  1
RGI60-15.05700     0.79283   29.117505   83.065566   -0.252    0.166  1
RGI60-15.00019     0.79260   29.934847   99.634456   -0.975    0.247  1
RGI60-15.04872     0.79255   28.822227   83.473949   -0.382    0.164  1
RGI60-15.08689     0.79250   31.184850   78.979472   -0.539    0.201  1
RGI60-15.00215     0.79211   28.316764   97.549349   -0.951    0.469  1
RGI60-15.09651     0.79196   28.240502   86.215389   -0.892    0.206  1
RGI60-15.05014     0.79130   29.043075   83.609550   -0.508    0.167  1
RGI60-15.01544     0.79116   28.035234   92.626209   -0.128    0.179  1
RGI60-15.09689     0.79116   28.193885   86.332680   -0.546    0.176  1
RGI60-15.01148     0.79095   29.557004   95.128759    0.201    0.528  1
RGI60-15.04304     0.79076   28.129475   85.866757   -0.371    0.439  1
RGI60-15.11970     0.79056   29.264259   96.912635   -0.434    0.197  1
RGI60-15.06355     0.79052   30.267818   80.592166   -0.005    0.172  1
RGI60-15.05187     0.79052   30.335931   82.062944   -0.507    0.174  1
RGI60-15.02893     0.78982   27.866718   87.923336   -0.291    0.168  1
RGI60-15.05927     0.78975   30.104711   81.060740   -0.297    0.160  1
RGI60-15.04302     0.78972   28.116813   85.866656   -0.397    0.218  1
RGI60-15.10822     0.78961   28.181045   90.561700   -0.391    0.165  1
RGI60-15.09815     0.78940   28.095908   87.032080   -0.238    0.153  1
RGI60-15.07242     0.78844   30.352011   80.015780    0.301    0.227  1
RGI60-15.06672     0.78843   30.392717   80.290822   -0.480    0.211  1
RGI60-15.04623     0.78823   28.779467   84.375464   -0.082    0.164  1
RGI60-15.07895     0.78723   29.590203  101.950695   -0.199    0.226  1
RGI60-15.02302     0.78723   27.994813   89.929284   -0.573    0.178  1
RGI60-15.08880     0.78704   30.576256   80.149736   -0.300    0.182  1
RGI60-15.03932     0.78611   27.878188   86.857495   -0.637    0.171  1
RGI60-15.02791     0.78588   27.728076   88.110924   -0.010    0.153  1
RGI60-15.02435     0.78574   27.839747   90.261218   -1.042    0.206  1
RGI60-15.03950     0.78568   27.802074   86.794031   -0.490    0.219  1
RGI60-15.00721     0.78549   30.447203   95.450433   -0.552    0.195  1
RGI60-15.08157     0.78527   29.390240   97.386565   -0.964    0.212  1
RGI60-15.00016     0.78475   29.975860   99.790792   -0.731    0.215  1
RGI60-15.06050     0.78466   30.181571   80.389598   -0.413    0.178  1
RGI60-15.05227     0.78458   29.681463   82.822490   -0.180    0.171  1
RGI60-15.01414     0.78452   28.203895   92.919060   -0.635    0.218  1
RGI60-15.08173     0.78435   29.561199   97.076252   -0.781    0.194  1
RGI60-15.01027     0.78399   30.246281   95.250542   -0.243    0.251  1
RGI60-15.09066     0.78319   30.254689   81.361353   -0.141    0.188  1
RGI60-15.02803     0.78260   27.764396   88.174110   -0.178    0.161  1
RGI60-15.09537     0.78238   28.095486   86.071976   -0.642    0.191  1
RGI60-15.05516     0.78234   29.361468   82.768927   -0.059    0.180  1
RGI60-15.07904     0.78225   29.884112  101.831491   -0.342    0.231  1
RGI60-15.05061     0.78211   29.027584   83.707685   -0.359    0.168  1
RGI60-15.05631     0.78210   29.449208   82.435529   -0.626    0.243  1
RGI60-15.05478     0.78208   29.427098   82.638956   -0.594    0.207  1
RGI60-15.12995     0.78194   29.483204   97.334883   -1.171    0.215  1
RGI60-15.09516     0.78172   28.423415   85.852799   -0.735    0.195  1
RGI60-15.05122     0.78166   28.747159   84.328527   -0.191    0.162  1
RGI60-15.07101     0.78146   30.685429   79.707702    0.354    0.616  1
RGI60-15.12948     0.78129   28.939828   97.293594   -0.669    0.195  1
RGI60-15.09838     0.78122   28.031725   87.079110   -0.534    0.172  1
RGI60-15.10298     0.78122   28.485498   85.683980   -0.407    0.156  1
RGI60-15.00969     0.78106   30.505127   95.207033   -0.210    0.209  1
RGI60-15.06501     0.78103   30.329934   81.903507   -0.540    0.180  1
RGI60-15.12173     0.78065   29.270947   96.182471   -0.602    0.201  1
RGI60-15.07982     0.78061   30.634357  102.183530   -1.144    0.270  1
RGI60-15.09104     0.78017   30.307768   81.415259   -0.542    0.174  1
RGI60-15.05694     0.78015   29.684444   82.238091   -0.668    0.203  1
RGI60-15.00196     0.77987   30.627932   99.450138   -0.843    0.233  1
RGI60-15.02863     0.77926   27.891746   88.171666   -0.142    0.166  1
RGI60-15.06653     0.77839   30.637246   79.434425   -0.563    0.171  1
RGI60-15.07962     0.77692   31.250156  102.758730   -0.483    0.191  1
RGI60-15.02813     0.77617   27.800534   88.283521   -0.197    0.149  1
RGI60-15.10828     0.77578   28.273878   90.572395   -0.395    0.181  1
RGI60-15.09422     0.77571   28.404825   85.567578   -0.566    0.192  1
RGI60-15.05456     0.77560   29.296857   82.740251   -0.433    0.201  1
RGI60-15.08309     0.77538   29.709623   97.187994   -0.793    0.196  1
RGI60-15.08292     0.77524   29.503623   97.313907   -1.201    0.227  1
RGI60-15.02352     0.77455   28.128474   90.024607   -0.389    0.180  1
RGI60-15.02494     0.77447   27.951511   90.405407   -0.857    0.194  1
RGI60-15.07913     0.77360   29.845933  101.951031   -0.802    0.209  1
RGI60-15.04073     0.77342   28.384106   85.072492   -0.429    0.231  1
RGI60-15.01651     0.77336   28.438036   91.129747   -0.515    0.164  1
RGI60-15.11530     0.77313   29.650336   96.570895   -0.586    0.188  1
RGI60-15.12047     0.77265   29.382140   95.862183    0.117    1.246  1
RGI60-15.07142     0.77221   30.814809   79.020137    0.040    0.167  1
RGI60-15.05748     0.77129   29.288309   82.787091   -0.540    0.200  1
RGI60-15.04648     0.77104   28.953975   84.129860   -0.393    0.184  1
RGI60-15.01999     0.77091   27.854477   92.443193   -0.117    0.180  1
RGI60-15.12193     0.77050   29.109573   96.279973   -0.230    0.241  1
RGI60-15.06652     0.77035   30.626645   79.458049   -0.770    0.183  1
RGI60-15.08307     0.77013   29.716543   97.178531   -0.572    0.183  1
RGI60-15.04563     0.76988   28.480804   84.165819   -0.079    0.186  1
RGI60-15.07908     0.76966   29.874488  101.859492   -1.134    0.234  1
RGI60-15.12453     0.76902   29.312042   96.340693   -0.189    0.397  1
RGI60-15.09078     0.76897   30.254804   81.373417   -0.294    0.236  1
RGI60-15.00654     0.76886   30.620572   95.333484   -0.957    0.218  1
RGI60-15.09948     0.76886   28.145800   86.769312   -0.296    0.149  1
RGI60-15.08578     0.76884   29.612667   96.901994   -1.191    0.225  1
RGI60-15.06249     0.76883   29.790302   81.539956   -0.297    0.173  1
RGI60-15.06502     0.76809   30.331167   81.892605   -0.143    0.176  1
RGI60-15.00758     0.76793   30.409056   95.612512   -0.705    0.184  1
RGI60-15.00365     0.76735   28.417540   98.657901   -0.484    0.211  1
RGI60-15.06806     0.76733   30.712088   79.657794   -0.123    0.166  1
RGI60-15.03548     0.76702   27.855385   86.450965   -0.516    0.187  1
RGI60-15.09439     0.76698   28.300893   85.609913   -0.260    0.210  1
RGI60-15.06009     0.76687   29.826829   81.199603   -0.438    0.167  1
RGI60-15.06794     0.76654   30.734990   79.568738   -0.183    0.173  1
RGI60-15.03736     0.76643   27.724259   86.629004   -0.278    0.193  1
RGI60-15.09431     0.76600   28.389661   85.583130   -0.762    0.190  1
RGI60-15.05032     0.76544   28.804769   83.226051   -0.166    0.163  1
RGI60-15.12497     0.76540   29.326394   96.457791    0.054    0.190  1
RGI60-15.12781     0.76483   29.135676   97.084743   -1.024    0.222  1
RGI60-15.06735     0.76417   30.325298   79.865199    0.093    0.205  1
RGI60-15.11616     0.76356   29.605518   96.871949   -0.703    0.200  1
RGI60-15.00646     0.76327   30.650188   95.292077   -0.816    0.205  1
RGI60-15.11543     0.76316   29.628734   96.617882   -0.156    0.201  1
RGI60-15.00544     0.76310   28.195503   96.928523   -0.237    0.212  1
RGI60-15.03964     0.76262   28.329191   85.086133   -0.557    0.208  1
RGI60-15.05278     0.76255   29.800775   82.245917   -0.732    0.216  1
RGI60-15.07492     0.76215   31.181401   78.752477    0.082    0.159  1
RGI60-15.10420     0.76211   28.036995   88.089889   -0.437    0.174  1
RGI60-15.00985     0.76200   30.455076   95.265814   -0.690    0.216  1
RGI60-15.08113     0.76194   29.134867   97.552970   -0.761    0.197  1
RGI60-15.02447     0.76175   27.858582   90.325088   -1.184    0.236  1
RGI60-15.07497     0.76172   31.168995   78.762111   -0.311    0.158  1
RGI60-15.00849     0.76113   30.274306   95.559857   -0.309    0.212  1
RGI60-15.12784     0.76081   29.278096   97.086299   -0.741    0.228  1
RGI60-15.07850     0.76060   29.534087  101.854785   -0.081    0.208  1
RGI60-15.05328     0.76057   29.789713   82.412150   -0.777    0.284  1
RGI60-15.02078     0.76043   27.937709   91.485011   -0.229    0.187  1
RGI60-15.05893     0.76040   29.861163   81.515496   -1.716    0.256  1
RGI60-15.03615     0.76027   27.899297   87.033332   -0.662    0.187  1
RGI60-15.03035     0.76024   27.953117   88.800801   -0.720    0.183  1
RGI60-15.02182     0.76023   28.074572   91.322325   -0.523    0.170  1
RGI60-15.09498     0.75996   28.390187   85.794653   -0.122    0.177  1
RGI60-15.02741     0.75965   27.588954   88.245655   -0.314    0.205  1
RGI60-15.09818     0.75935   28.022210   87.041346   -0.545    0.176  1
RGI60-15.03539     0.75922   27.815995   86.492732   -0.931    0.215  1
RGI60-15.04758     0.75856   28.775622   84.022634   -0.218    0.180  1
RGI60-15.02410     0.75843   28.005803   90.243751   -1.387    0.252  1
RGI60-15.10870     0.75794   28.286103   90.651079   -0.480    0.185  1
RGI60-15.09819     0.75788   28.090996   87.041415   -0.252    0.157  1
RGI60-15.04718     0.75765   28.711363   84.344370   -0.137    0.171  1
RGI60-15.11087     0.75760   30.005334   95.824666   -0.710    0.222  1
RGI60-15.12828     0.75758   28.877346   97.119867   -0.569    0.216  1
RGI60-15.05965     0.75741   29.977063   80.996669   -0.186    0.169  1
RGI60-15.01536     0.75722   28.124715   92.591238   -0.447    0.184  1
RGI60-15.12450     0.75719   29.332070   96.332533   -0.481    0.375  1
RGI60-15.04032     0.75715   28.469538   84.591216    0.092    0.213  1
RGI60-15.08317     0.75671   29.790278   97.207173   -0.590    0.178  1
RGI60-15.11611     0.75604   29.531253   96.866134   -0.456    0.198  1
RGI60-15.04952     0.75599   29.232500   83.362787   -0.087    0.172  1
RGI60-15.07017     0.75559   30.502414   79.841958   -0.093    0.179  1
RGI60-15.04673     0.75540   28.928708   84.108215   -0.181    0.180  1
RGI60-15.04628     0.75533   28.791554   84.397592   -0.139    0.172  1
RGI60-15.01200     0.75497   29.817323   95.497136   -0.644    0.197  1
RGI60-15.09905     0.75495   28.015974   87.212236   -1.059    0.215  1
RGI60-15.09280     0.75390   28.558819   85.191698   -0.661    0.207  1
RGI60-15.05756     0.75363   29.375436   82.722759   -0.125    0.199  1
RGI60-15.10947     0.75315   27.888306   89.378487   -0.197    0.173  1
RGI60-15.07903     0.75308   30.379121  101.709570   -0.669    0.209  1
RGI60-15.11486     0.75294   29.676495   96.451714   -0.415    0.186  1
RGI60-15.02935     0.75279   27.989828   88.645737   -0.242    0.169  1
RGI60-15.01095     0.75277   30.310941   95.568193   -0.415    0.187  1
RGI60-15.06280     0.75251   29.747539   81.550914   -0.653    0.212  1
RGI60-15.04106     0.75174   28.509871   84.636459   -0.144    0.190  1
RGI60-15.07258     0.75158   30.261282   79.955324    0.098    0.300  1
RGI60-15.02838     0.75157   27.620926   88.095593    0.029    0.194  1
RGI60-15.07306     0.75154   31.258923   78.369338   -0.494    0.187  1
RGI60-15.11958     0.75092   29.224609   96.897789   -0.404    0.190  1
RGI60-15.10382     0.75086   28.000619   88.024310   -0.556    0.183  1
RGI60-15.03568     0.75078   27.945559   86.309750   -0.205    0.191  1
RGI60-15.00130     0.75076   29.924734   99.580258   -0.529    0.192  1
RGI60-15.00048     0.75064   30.157996   99.476255   -0.516    0.195  1
RGI60-15.01508     0.75053   27.931955   92.651357    0.096    0.184  1
RGI60-15.01286     0.75026   28.186807   92.762783   -0.326    0.184  1
RGI60-15.11891     0.74986   29.498583   96.538695   -0.593    0.210  1
RGI60-15.06833     0.74977   30.911231   79.529675   -0.225    0.158  1
RGI60-15.07398     0.74967   31.190476   78.481656   -0.316    0.200  1
RGI60-15.07915     0.74960   30.189033  101.999311    0.316    0.376  1
RGI60-15.03957     0.74953   28.242529   85.500244   -0.557    0.218  1
RGI60-15.09016     0.74903   30.476940   81.308399   -0.096    0.171  1
RGI60-15.03370     0.74856   27.858278   87.012705   -0.251    0.159  1
RGI60-15.11255     0.74848   29.790290   96.008957   -1.124    0.388  1
RGI60-15.03738     0.74834   27.906572   86.755713   -0.670    0.202  1
RGI60-15.06953     0.74830   30.938415   79.343281   -0.460    0.166  1
RGI60-15.12530     0.74783   29.099722   96.551194   -0.406    0.269  1
RGI60-15.07981     0.74780   30.618413  102.176631   -0.557    0.185  1
RGI60-15.07228     0.74767   30.728331   79.425218    0.111    0.186  1
RGI60-15.03980     0.74700   28.420567   84.635162   -0.096    0.185  1
RGI60-15.03223     0.74667   27.570886   88.136305   -0.269    0.174  1
RGI60-15.06905     0.74664   30.695791   79.264821   -0.192    0.168  1
RGI60-15.12002     0.74641   29.581038   95.702690   -0.217    0.263  1
RGI60-15.10133     0.74619   28.267543   86.722216   -0.197    0.175  1
RGI60-15.03436     0.74554   27.941711   86.543038   -0.500    0.196  1
RGI60-15.05240     0.74481   29.870697   82.393165   -1.018    0.271  1
RGI60-15.07391     0.74472   31.232138   78.458609   -0.222    0.186  1
RGI60-15.02222     0.74430   27.951624   91.477639   -0.509    0.171  1
RGI60-15.07632     0.74418   31.055746   78.624175    0.419    0.219  1
RGI60-15.04405     0.74366   28.807723   83.479492   -0.464    0.175  1
RGI60-15.03155     0.74344   27.841587   88.062391   -0.406    0.163  1
RGI60-15.02146     0.74333   27.979586   91.253209   -0.859    0.201  1
RGI60-15.11236     0.74327   29.895693   95.961051    1.495    1.271  1
RGI60-15.12039     0.74292   29.357268   95.825923    2.963    1.852  1
RGI60-15.08723     0.74283   31.049440   79.112591   -0.148    0.166  1
RGI60-15.12651     0.74200   29.376451   96.969965   -0.689    0.224  1
RGI60-15.05057     0.74190   29.013462   83.675797   -0.688    0.184  1
RGI60-15.11859     0.74177   29.508414   96.320404   -0.548    0.185  1
RGI60-15.06526     0.74124   30.476120   80.499470   -0.040    0.179  1
RGI60-15.13024     0.74115   28.932007   97.355572    0.265    0.190  1
RGI60-15.04773     0.74099   28.533237   83.949592   -0.208    0.179  1
RGI60-15.02298     0.74084   27.993236   89.942330   -0.518    0.174  1
RGI60-15.05976     0.74029   29.942465   80.842776   -0.094    0.184  1
RGI60-15.11828     0.74013   29.654090   96.095044   -0.234    0.225  1
RGI60-15.09573     0.73887   28.287129   86.157158   -0.647    0.193  1
RGI60-15.02168     0.73866   28.027818   91.316378   -0.812    0.219  1
RGI60-15.02153     0.73840   28.037600   91.384264   -0.864    0.189  1
RGI60-15.03681     0.73821   27.829317   87.780352   -0.413    0.175  1
RGI60-15.03193     0.73801   27.757171   88.079861   -0.192    0.182  1
RGI60-15.11043     0.73730   29.914004   95.766086    0.751    0.488  1
RGI60-15.11624     0.73727   29.520543   96.889913   -0.651    0.217  1
RGI60-15.01952     0.73722   27.778370   92.299193   -0.894    0.204  1
RGI60-15.06640     0.73684   30.674815   79.339136   -0.087    0.160  1
RGI60-15.03204     0.73636   27.510643   88.273839   -0.926    0.258  1
RGI60-15.01271     0.73634   29.373044   94.933212   -0.269    0.213  1
RGI60-15.00986     0.73633   30.443693   95.265593   -0.580    0.218  1
RGI60-15.02510     0.73628   27.932619   90.516552   -0.817    0.217  1
RGI60-15.08726     0.73612   31.073478   79.112748    0.071    0.171  1
RGI60-15.01814     0.73582   28.002144   92.330015   -0.465    0.186  1
RGI60-15.09647     0.73534   28.252958   86.210665   -1.002    0.205  1
RGI60-15.08574     0.73531   29.787966   96.898431   -1.096    0.210  1
RGI60-15.01270     0.73520   29.399197   94.916182   -0.036    0.231  1
RGI60-15.10757     0.73510   28.210969   90.474274   -0.078    0.159  1
RGI60-15.03299     0.73465   27.737331   88.487655   -0.046    0.180  1
RGI60-15.10752     0.73436   28.240439   90.467295   -0.198    0.165  1
RGI60-15.12647     0.73319   29.366386   96.961159   -1.121    0.249  1
RGI60-15.02061     0.73309   27.977634   91.593569   -0.407    0.184  1
RGI60-15.01431     0.73306   28.303653   93.038410   -0.063    0.209  1
RGI60-15.03949     0.73274   27.818701   86.918469   -0.497    0.170  1
RGI60-15.06792     0.73223   30.669408   79.695253   -0.024    0.159  1
RGI60-15.11462     0.73202   29.684700   96.427658   -0.144    0.188  1
RGI60-15.00304     0.73174   28.400914   97.524973   -0.669    0.197  1
RGI60-15.04581     0.73166   28.773094   83.462208   -0.133    0.174  1
RGI60-15.10739     0.73076   28.108826   90.445345   -0.203    0.155  1
RGI60-15.04339     0.73061   28.690647   84.530845    0.132    0.188  1
RGI60-15.07077     0.73033   30.789254   79.645758   -0.007    0.374  1
RGI60-15.09208     0.73001   28.676513   85.088136    0.034    0.175  1
RGI60-15.03902     0.72994   27.738474   86.629038   -0.138    0.200  1
RGI60-15.11744     0.72926   29.793872   95.593689   -0.163    0.215  1
RGI60-15.04522     0.72911   28.500592   83.863358   -0.689    0.209  1
RGI60-15.11353     0.72826   29.821114   96.231919   -0.640    0.265  1
RGI60-15.05788     0.72819   29.916877   81.447488   -0.145    0.162  1
RGI60-15.10852     0.72774   28.254694   90.607809   -0.257    0.182  1
RGI60-15.12093     0.72742   29.461708   96.005370   -0.366    0.364  1
RGI60-15.08367     0.72735   29.854264   97.001595   -1.088    0.228  1
RGI60-15.11151     0.72733   30.066510   95.880444   -0.165    0.693  1
RGI60-15.06301     0.72730   29.897077   81.073805   -0.391    0.171  1
RGI60-15.03958     0.72673   28.238963   85.486342    0.079    0.206  1
RGI60-15.03322     0.72653   27.883729   88.752094   -0.582    0.165  1
RGI60-15.02280     0.72644   28.026665   89.875608   -0.465    0.183  1
RGI60-15.03409     0.72643   27.906858   86.964128   -0.227    0.178  1
RGI60-15.01341     0.72616   28.157982   92.715802   -0.507    0.211  1
RGI60-15.06914     0.72612   30.775930   79.314543    0.152    0.237  1
RGI60-15.01345     0.72566   28.155081   92.750336   -0.889    0.245  1
RGI60-15.00847     0.72560   30.295579   95.566363   -0.458    0.191  1
RGI60-15.05216     0.72533   29.748259   82.634765   -0.684    0.206  1
RGI60-15.02074     0.72486   27.935660   91.502116    0.144    0.186  1
RGI60-15.09624     0.72473   28.271461   86.137348   -1.030    0.214  1
RGI60-15.08993     0.72421   30.375854   81.264447   -0.551    0.176  1
RGI60-15.10522     0.72411   28.124227   87.411768   -0.415    0.188  1
RGI60-15.08114     0.72402   29.057778   97.562972   -0.993    0.208  1
RGI60-15.05425     0.72297   29.222584   82.554122   -0.252    0.201  1
RGI60-15.06907     0.72282   30.722820   79.233682   -0.177    0.220  1
RGI60-15.03968     0.72280   28.316572   85.101519   -1.034    0.333  1
RGI60-15.05853     0.72275   30.477133   80.404899   -0.315    0.188  1
RGI60-15.03873     0.72244   27.839515   86.881322   -0.295    0.160  1
RGI60-15.04469     0.72226   28.823913   84.234036   -0.247    0.176  1
RGI60-15.04387     0.72195   28.985896   83.292072   -1.262    0.247  1
RGI60-15.03075     0.72184   27.826013   87.998889   -0.401    0.174  1
RGI60-15.11477     0.72139   29.715883   96.445356   -0.521    0.201  1
RGI60-15.05772     0.72069   30.198814   81.598457   -0.639    0.186  1
RGI60-15.08447     0.72056   29.754571   97.115629   -1.271    0.265  1
RGI60-15.11935     0.72031   29.396675   96.770675   -0.473    0.221  1
RGI60-15.03945     0.71957   27.729318   86.864977   -0.450    0.168  1
RGI60-15.03766     0.71956   27.768313   87.077670   -0.455    0.213  1
RGI60-15.01001     0.71954   30.353613   95.232264   -0.243    0.217  1
RGI60-15.04710     0.71904   28.857794   84.091731   -0.614    0.218  1
RGI60-15.10007     0.71869   28.041868   86.861159   -0.351    0.164  1
RGI60-15.07323     0.71828   31.178169   78.664319   -0.255    0.313  1
RGI60-15.06890     0.71792   30.875815   79.323020   -0.241    0.162  1
RGI60-15.06921     0.71757   30.938024   78.982157   -0.162    0.161  1
RGI60-15.07806     0.71714   29.307591  101.943417   -0.647    0.215  1
RGI60-15.05741     0.71714   29.386251   82.762956   -0.656    0.213  1
RGI60-15.06841     0.71711   30.976491   79.466715   -0.827    0.186  1
RGI60-15.09820     0.71666   28.131376   87.045495   -0.815    0.183  1
RGI60-15.04656     0.71659   28.932166   84.176291   -0.028    0.169  1
RGI60-15.11354     0.71655   29.911968   96.232835   -0.044    0.457  1
RGI60-15.03156     0.71650   27.812242   88.082452   -0.651    0.201  1
RGI60-15.07118     0.71643   30.831113   78.975508    0.009    0.156  1
RGI60-15.12098     0.71514   29.457357   96.014785   -0.336    0.238  1
RGI60-15.09942     0.71488   28.135725   86.756835   -0.412    0.171  1
RGI60-15.03593     0.71423   27.705559   86.902948   -0.111    0.161  1
RGI60-15.08121     0.71384   29.099509   97.583051   -0.650    0.181  1
RGI60-15.03340     0.71381   27.819260   87.926819   -0.307    0.178  1
RGI60-15.06971     0.71370   30.757436   79.423069   -0.128    0.170  1
RGI60-15.02932     0.71345   27.993292   88.619635   -0.510    0.211  1
RGI60-15.01448     0.71339   28.657610   93.440865   -0.372    0.265  1
RGI60-15.09674     0.71336   28.134310   86.275834   -0.327    0.194  1
RGI60-15.12918     0.71323   29.315977   97.266832   -0.973    0.210  1
RGI60-15.09264     0.71312   28.351212   85.166523    0.099    0.207  1
RGI60-15.11321     0.71298   29.930375   96.199799    1.118    0.630  1
RGI60-15.12803     0.71284   29.479833   97.103999   -0.754    0.212  1
RGI60-15.11799     0.71246   29.651127   95.929294    0.517    0.670  1
RGI60-15.11576     0.71238   29.548204   96.652792   -0.685    0.233  1
RGI60-15.07013     0.71188   30.474337   80.244725    0.000    0.188  1
RGI60-15.04534     0.71169   28.669257   84.279705   -0.159    0.155  1
RGI60-15.12303     0.71117   29.015328   96.437104   -0.253    0.199  1
RGI60-15.00635     0.71072   30.652178   95.226919   -0.515    0.190  1
RGI60-15.11104     0.71070   30.150594   95.835813   -0.222    0.418  1
RGI60-15.01770     0.71012   28.140135   91.677723   -0.440    0.199  1
RGI60-15.11270     0.71003   29.842039   96.028881   -0.163    0.444  1
RGI60-15.11202     0.71003   29.931734   95.930223    0.439    0.263  1
RGI60-15.12340     0.70955   28.822309   96.611876   -0.749    0.240  1
RGI60-15.02787     0.70918   27.748356   88.020957   -0.073    0.182  1
RGI60-15.00007     0.70886   30.014503  102.050820   -0.395    0.226  1
RGI60-15.06245     0.70842   29.770366   81.549848    0.009    0.176  1
RGI60-15.02860     0.70839   27.810971   88.128267   -0.428    0.168  1
RGI60-15.09211     0.70825   28.731956   85.098855   -0.239    0.196  1
RGI60-15.00829     0.70702   30.267365   95.647345   -0.327    0.184  1
RGI60-15.01640     0.70698   28.537648   91.193066   -0.589    0.198  1
RGI60-15.03646     0.70664   27.720209   87.621464   -0.799    0.207  1
RGI60-15.08629     0.70654   29.859620   96.438531   -1.130    0.242  1
RGI60-15.10445     0.70618   28.026494   88.140585   -0.383    0.166  1
RGI60-15.05101     0.70616   28.799165   83.089741   -0.642    0.177  1
RGI60-15.08433     0.70528   29.666092   97.079388   -0.990    0.229  1
RGI60-15.12680     0.70526   29.414863   96.997246   -0.904    0.219  1
RGI60-15.11234     0.70464   30.012661   95.957311   -0.266    0.270  1
RGI60-15.01930     0.70458   27.944198   92.273569   -0.923    0.219  1
RGI60-15.02649     0.70452   28.030771   89.882788   -0.274    0.178  1
RGI60-15.06520     0.70428   30.517676   80.411872   -0.161    0.177  1
RGI60-15.00023     0.70421   29.796079   99.596500   -0.704    0.218  1
RGI60-15.11553     0.70414   29.592325   96.628121   -0.773    0.215  1
RGI60-15.11712     0.70371   29.722619   97.012954   -0.910    0.202  1
RGI60-15.05490     0.70371   29.336085   82.854928   -0.727    0.195  1
RGI60-15.04994     0.70365   29.064934   83.654119   -1.280    0.239  1
RGI60-15.04825     0.70339   28.700360   83.748308    0.073    0.208  1
RGI60-15.08566     0.70332   29.767648   96.882991   -1.075    0.224  1
RGI60-15.09969     0.70283   28.157958   86.795857   -0.370    0.154  1
RGI60-15.01608     0.70282   27.913179   92.521288   -0.433    0.196  1
RGI60-15.03863     0.70271   28.010963   86.833008   -0.478    0.252  1
RGI60-15.00162     0.70264   29.901161   99.633268   -1.115    0.270  1
RGI60-15.01161     0.70251   30.262597   95.523426   -0.219    0.214  1
RGI60-15.08503     0.70247   29.704468   96.601335   -0.918    0.216  1
RGI60-15.12465     0.70235   29.271975   96.376677    0.296    0.429  1
RGI60-15.02966     0.70205   27.903321   88.678832   -0.794    0.212  1
RGI60-15.09756     0.70195   27.927652   86.397819    0.109    0.195  1
RGI60-15.09322     0.70185   28.602498   85.346265   -0.212    0.190  1
RGI60-15.04270     0.70179   28.173818   85.540877   -0.427    0.184  1
RGI60-15.06028     0.70176   30.287385   80.849918   -0.255    0.189  1
RGI60-15.03627     0.70144   27.795056   87.667766   -0.897    0.217  1
RGI60-15.06790     0.70135   30.696382   79.706603    0.032    0.187  1
RGI60-15.08474     0.70071   29.751600   97.184949   -1.041    0.218  1
RGI60-15.05213     0.70055   29.762869   82.630701   -0.130    0.183  1
RGI60-15.05872     0.69944   30.284721   80.386043   -0.263    0.203  1
RGI60-15.01220     0.69924   29.966493   95.242195   -0.091    0.215  1
RGI60-15.12688     0.69919   29.492264   96.999556   -1.026    0.224  1
RGI60-15.04965     0.69911   29.230636   83.817047   -0.381    0.166  1
RGI60-15.08154     0.69831   29.013891   97.690578   -0.171    0.186  1
RGI60-15.05882     0.69786   29.744841   81.502238   -0.085    0.181  1
RGI60-15.11267     0.69738   29.957451   96.022284   -0.377    0.277  1
RGI60-15.09875     0.69715   27.965567   87.157960   -0.395    0.193  1
RGI60-15.08115     0.69659   29.089359   97.563665   -1.096    0.212  1
RGI60-15.02475     0.69586   28.040826   90.382514   -0.488    0.160  1
RGI60-15.11813     0.69574   29.620838   96.019207   -0.514    0.251  1
RGI60-15.00328     0.69536   29.242999   98.357796   -1.397    0.297  1
RGI60-15.01826     0.69531   28.419524   91.190055   -0.160    0.179  1
RGI60-15.03252     0.69528   27.986923   88.523331   -0.125    0.222  1
RGI60-15.02533     0.69428   27.699418   89.412812   -1.035    0.229  1
RGI60-15.00713     0.69423   30.421152   95.402390   -0.994    0.234  1
RGI60-15.11858     0.69394   29.488477   96.316505   -0.541    0.201  1
RGI60-15.05537     0.69368   29.394542   82.566352   -0.260    0.182  1
RGI60-15.00987     0.69364   30.428394   95.269059   -0.719    0.215  1
RGI60-15.04987     0.69282   29.124396   83.653904   -0.643    0.186  1
RGI60-15.09077     0.69250   30.312215   81.372883   -0.475    0.175  1
RGI60-15.08099     0.69206   30.579366   97.347623   -0.901    0.222  1
RGI60-15.09153     0.69175   28.634908   84.778717   -0.370    0.198  1
RGI60-15.07997     0.69167   31.130848  103.003792   -0.771    0.189  1
RGI60-15.00047     0.69161   30.148006   99.492397   -0.918    0.214  1
RGI60-15.12523     0.69135   29.133952   96.522749   -0.344    0.195  1
RGI60-15.11893     0.69124   29.510860   96.541445    0.546    0.459  1
RGI60-15.10112     0.69119   28.167127   87.059857   -0.433    0.196  1
RGI60-15.04473     0.69103   28.630786   84.559292   -0.838    0.234  1
RGI60-15.10591     0.69072   27.847344   87.591417   -0.662    0.187  1
RGI60-15.11540     0.69069   29.705058   96.611562   -0.704    0.228  1
RGI60-15.05628     0.69016   29.412424   82.546269   -0.008    0.206  1
RGI60-15.04885     0.68973   28.882712   83.498920   -0.589    0.181  1
RGI60-15.00984     0.68950   30.450100   95.266549   -0.899    0.243  1
RGI60-15.12476     0.68901   29.294223   96.406272   -0.026    0.227  1
RGI60-15.02501     0.68899   27.990572   90.397208   -1.097    0.231  1
RGI60-15.01178     0.68847   30.177259   95.569880   -0.003    0.272  1
RGI60-15.05048     0.68845   28.879525   83.487350   -0.582    0.171  1
RGI60-15.01573     0.68842   27.886550   92.644171    0.219    0.212  1
RGI60-15.03159     0.68822   27.801107   88.122277   -0.372    0.168  1
RGI60-15.08199     0.68817   29.631992   97.129705   -0.697    0.188  1
RGI60-15.00807     0.68777   30.362322   95.686475   -0.636    0.213  1
RGI60-15.09620     0.68764   28.193581   86.173904   -0.577    0.186  1
RGI60-15.12006     0.68739   29.647926   95.740114    0.276    0.450  1
RGI60-15.02299     0.68733   27.792874   89.288408   -0.523    0.184  1
RGI60-15.03034     0.68720   27.939486   88.791530   -0.414    0.176  1
RGI60-15.07145     0.68674   30.771990   79.030140    0.015    0.181  1
RGI60-15.03956     0.68640   28.246031   85.608020   -0.194    0.207  1
RGI60-15.05705     0.68603   29.099177   83.054001   -0.754    0.212  1
RGI60-15.03492     0.68590   27.794437   86.633406   -0.429    0.199  1
RGI60-15.08212     0.68520   29.522917   97.149028   -1.011    0.225  1
RGI60-15.09403     0.68436   28.429283   85.523546   -0.836    0.223  1
RGI60-15.10282     0.68417   28.581261   85.553324   -0.594    0.193  1
RGI60-15.00061     0.68413   30.664743   99.411690   -0.861    0.222  1
RGI60-15.01175     0.68401   30.171487   95.584831   -0.057    0.215  1
RGI60-15.00044     0.68394   30.142205   99.471952   -0.646    0.200  1
RGI60-15.11483     0.68367   29.612836   96.448373   -0.197    0.200  1
RGI60-15.00266     0.68342   28.437446   98.624779    0.132    0.202  1
RGI60-15.05972     0.68333   30.185528   80.927356   -0.276    0.165  1
RGI60-15.04649     0.68323   28.948061   84.139844   -0.538    0.201  1
RGI60-15.05401     0.68248   29.404463   82.718248   -0.128    0.182  1
RGI60-15.02080     0.68184   27.933149   91.476397   -0.365    0.176  1
RGI60-15.02118     0.68177   27.964961   91.261316   -0.186    0.202  1
RGI60-15.00930     0.68175   30.608275   95.229074   -0.887    0.222  1
RGI60-15.04738     0.68151   28.823948   83.971373   -0.390    0.164  1
RGI60-15.04871     0.68049   28.815809   83.473533   -0.493    0.179  1
RGI60-15.06389     0.67956   30.258522   80.467481   -0.078    0.183  1
RGI60-15.05270     0.67935   29.813605   82.302281    0.288    0.239  1
RGI60-15.00981     0.67920   30.378524   95.316191   -0.404    0.223  1
RGI60-15.03747     0.67913   27.765666   86.611508   -0.168    0.185  1
RGI60-15.00512     0.67894   28.770196   97.932298   -0.740    0.233  1
RGI60-15.10362     0.67867   27.954570   87.966805   -0.326    0.179  1
RGI60-15.09363     0.67829   28.520065   85.428840   -0.729    0.211  1
RGI60-15.04995     0.67823   29.065451   83.646246   -1.275    0.249  1
RGI60-15.01269     0.67820   29.349953   94.910338   -0.271    0.214  1
RGI60-15.11063     0.67802   29.964900   95.787599    0.604    0.494  1
RGI60-15.02151     0.67792   28.025895   91.309539   -0.054    0.228  1
RGI60-15.05152     0.67735   28.700146   83.494175    0.390    0.373  1
RGI60-15.02238     0.67735   27.803302   89.289139   -0.725    0.229  1
RGI60-15.03630     0.67705   27.790396   87.673574   -0.731    0.199  1
RGI60-15.01765     0.67704   28.087595   91.443257   -0.721    0.181  1
RGI60-15.08819     0.67684   31.074497   79.389985   -0.390    0.162  1
RGI60-15.00195     0.67684   30.631381   99.444075   -0.910    0.206  1
RGI60-15.09550     0.67677   28.000476   86.085908   -0.435    0.184  1
RGI60-15.02566     0.67661   28.024177   90.578227   -0.994    0.245  1
RGI60-15.04110     0.67659   28.597777   84.596572   -0.201    0.190  1
RGI60-15.05423     0.67645   29.344922   82.857208   -0.958    0.211  1
RGI60-15.03179     0.67632   27.917190   88.778364   -0.931    0.201  1
RGI60-15.02086     0.67632   28.020855   91.531474   -0.237    0.163  1
RGI60-15.09048     0.67524   30.429364   81.349447   -0.714    0.178  1
RGI60-15.00695     0.67484   30.456620   95.418346   -0.133    0.187  1
RGI60-15.02129     0.67431   28.068276   91.420070   -0.438    0.186  1
RGI60-15.09784     0.67416   28.062725   86.510148   -0.792    0.193  1
RGI60-15.00036     0.67411   29.965419   99.598493   -0.768    0.200  1
RGI60-15.06680     0.67410   30.501369   80.303518   -0.266    0.173  1
RGI60-15.05785     0.67360   30.014244   81.506603   -0.458    0.180  1
RGI60-15.07189     0.67357   30.822323   79.345366   -0.197    0.161  1
RGI60-15.11158     0.67356   30.249381   95.885204   -0.671    0.467  1
RGI60-15.04178     0.67351   28.344065   84.688668   -0.644    0.218  1
RGI60-15.02386     0.67332   28.016826   90.288147   -0.617    0.166  1
RGI60-15.05247     0.67307   29.861912   82.367493   -0.246    0.228  1
RGI60-15.11075     0.67293   30.220307   95.810594   -0.029    0.270  1
RGI60-15.04782     0.67264   28.565131   83.879123   -0.222    0.180  1
RGI60-15.05805     0.67263   29.891902   81.212767   -0.341    0.166  1
RGI60-15.07844     0.67260   29.534431  101.842059   -0.275    0.219  1
RGI60-15.04585     0.67200   28.721964   83.354498   -0.032    0.187  1
RGI60-15.09704     0.67174   28.158045   86.311615   -0.573    0.185  1
RGI60-15.03315     0.67171   27.874462   88.765766   -1.184    0.259  1
RGI60-15.01325     0.67161   28.124415   92.898822   -1.363    0.264  1
RGI60-15.01560     0.67155   28.024237   92.741045   -0.202    0.232  1
RGI60-15.06319     0.67111   30.153282   80.436128    0.198    0.186  1
RGI60-15.12969     0.67106   28.964522   97.306179   -0.610    0.221  1
RGI60-15.06413     0.67086   30.052497   81.893320   -0.451    0.202  1
RGI60-15.05956     0.67085   29.855892   81.050027   -0.023    0.165  1
RGI60-15.04818     0.67084   28.681115   83.804822    0.018    0.174  1
RGI60-15.05414     0.67071   29.228611   82.767026   -0.137    0.182  1
RGI60-15.06514     0.67026   29.843081   81.035680   -0.020    0.253  1
RGI60-15.07085     0.66990   30.343548   79.873417    0.022    0.303  1
RGI60-15.03166     0.66989   27.657278   87.995069   -0.682    0.201  1
RGI60-15.08293     0.66982   29.513175   97.319521   -1.300    0.236  1
RGI60-15.05033     0.66959   28.812562   83.223929   -0.209    0.166  1
RGI60-15.13022     0.66941   28.861180   97.355067   -0.738    0.228  1
RGI60-15.09088     0.66938   30.315761   81.381566   -0.285    0.170  1
RGI60-15.05840     0.66934   29.857133   81.580287   -0.341    0.180  1
RGI60-15.11184     0.66904   30.277449   95.911280    0.012    0.205  1
RGI60-15.08320     0.66882   29.719639   97.220959   -0.916    0.214  1
RGI60-15.00208     0.66766   28.358215   99.413741   -0.610    0.210  1
RGI60-15.12155     0.66739   29.340257   96.069361    0.112    0.262  1
RGI60-15.02393     0.66730   27.968566   90.107524   -1.385    0.289  1
RGI60-15.01546     0.66726   28.032055   92.636150   -0.162    0.192  1
RGI60-15.02329     0.66726   28.102467   89.927238   -0.560    0.185  1
RGI60-15.11403     0.66706   29.789290   96.325582   -0.951    0.269  1
RGI60-15.13090     0.66698   28.924953   97.601764   -0.960    0.212  1
RGI60-15.07288     0.66676   30.249151   80.122354   -0.045    0.215  1
RGI60-15.09094     0.66670   30.317292   81.391163   -0.754    0.187  1
RGI60-15.04814     0.66634   28.572346   84.065975   -0.199    0.208  1
RGI60-15.05331     0.66630   29.817531   82.429647   -1.214    0.306  1
RGI60-15.04108     0.66588   28.533620   84.663793    0.041    0.274  1
RGI60-15.02379     0.66537   28.050025   90.317354   -0.874    0.205  1
RGI60-15.11221     0.66504   30.039621   95.941997   -0.501    0.356  1
RGI60-15.11259     0.66494   29.958419   96.013136   -0.620    0.312  1
RGI60-15.00983     0.66478   30.461840   95.274545    0.372    0.218  1
RGI60-15.12468     0.66463   29.272604   96.388204   -0.580    0.567  1
RGI60-15.11868     0.66438   29.551292   96.349183   -0.335    0.223  1
RGI60-15.12855     0.66422   29.010755   97.161495   -1.098    0.236  1
RGI60-15.11846     0.66421   29.567703   96.208982   -0.203    0.205  1
RGI60-15.04008     0.66393   28.528653   84.632776    0.056    0.189  1
RGI60-15.08876     0.66388   30.671451   80.126410   -0.436    0.229  1
RGI60-15.04781     0.66344   28.561906   83.884147   -0.231    0.184  1
RGI60-15.07882     0.66337   29.639266  101.899657   -0.202    0.225  1
RGI60-15.08457     0.66336   29.696232   97.143549   -0.725    0.188  1
RGI60-15.00449     0.66322   29.244562   97.734523   -1.078    0.225  1
RGI60-15.12626     0.66287   28.986333   96.903092   -1.254    0.259  1
RGI60-15.06751     0.66260   30.217169   80.080730    0.004    0.243  1
RGI60-15.13030     0.66225   29.182666   97.363723   -0.907    0.472  1
RGI60-15.04494     0.66195   28.758972   84.048548   -0.094    0.179  1
RGI60-15.06779     0.66186   30.615056   79.718426   -0.444    0.223  1
RGI60-15.11239     0.66164   29.886674   95.976524   -0.780    0.822  1
RGI60-15.05123     0.66163   28.754328   84.335610   -0.184    0.173  1
RGI60-15.06616     0.66144   30.999781   79.067199   -0.306    0.167  1
RGI60-15.09344     0.66137   28.692663   85.425282   -0.229    0.175  1
RGI60-15.02981     0.66124   27.882357   88.627941   -0.820    0.204  1
RGI60-15.07372     0.66104   31.273535   78.337165   -0.824    0.220  1
RGI60-15.04759     0.66099   28.771451   84.017120   -0.361    0.187  1
RGI60-15.12187     0.66056   29.206405   96.250258    0.782    0.328  1
RGI60-15.05749     0.66027   29.262404   82.770730   -0.566    0.229  1
RGI60-15.09688     0.66014   28.174466   86.331189   -0.528    0.168  1
RGI60-15.08681     0.65986   31.212864   78.956444   -0.386    0.186  1
RGI60-15.07843     0.65972   29.620900  101.842151   -0.504    0.238  1
RGI60-15.11621     0.65963   29.501929   96.881203   -0.938    0.217  1
RGI60-15.07884     0.65945   29.642583  101.909096   -0.218    0.209  1
RGI60-15.01330     0.65934   28.116344   92.928097   -1.162    0.251  1
RGI60-15.05200     0.65928   30.112819   82.160686   -0.521    0.188  1
RGI60-15.02487     0.65865   27.902557   90.409530   -1.069    0.240  1
RGI60-15.06334     0.65853   30.192626   80.735759   -0.269    0.210  1
RGI60-15.09480     0.65825   28.284096   85.802757   -0.314    0.175  1
RGI60-15.11215     0.65824   30.001149   95.937738   -0.314    0.446  1
RGI60-15.07510     0.65822   30.922683   78.822439    0.063    0.169  1
RGI60-15.00966     0.65804   30.458746   95.182474   -0.261    0.194  1
RGI60-15.02884     0.65795   27.808579   88.006441   -0.407    0.176  1
RGI60-15.09378     0.65785   28.418177   85.482979   -0.436    0.210  1
RGI60-15.02428     0.65776   27.900276   90.234288   -0.599    0.181  1
RGI60-15.08060     0.65764   28.426642   98.741388   -0.731    0.235  1
RGI60-15.09097     0.65753   30.358611   81.393159   -0.477    0.174  1
RGI60-15.09560     0.65737   27.957921   86.100314   -0.885    0.238  1
RGI60-15.07447     0.65734   31.124266   78.568794   -0.367    0.319  1
RGI60-15.04799     0.65716   28.480023   83.951178   -0.404    0.203  1
RGI60-15.06059     0.65594   30.331865   81.444692   -0.496    0.180  1
RGI60-15.09827     0.65591   28.132068   87.053974   -0.603    0.191  1
RGI60-15.03920     0.65578   27.864324   87.085927   -0.190    0.163  1
RGI60-15.11142     0.65574   29.867684   95.860654   -1.147    0.713  1
RGI60-15.05027     0.65557   28.768649   83.226560   -0.155    0.179  1
RGI60-15.05813     0.65547   30.193750   81.892659   -0.381    0.169  1
RGI60-15.10559     0.65481   28.207388   87.570023   -0.501    0.238  1
RGI60-15.12886     0.65470   28.782771   97.198811   -0.959    0.212  1
RGI60-15.09362     0.65452   28.571255   85.427605   -0.567    0.199  1
RGI60-15.11659     0.65452   29.441279   96.944775   -0.616    0.200  1
RGI60-15.08797     0.65447   31.008060   79.303951    0.092    0.161  1
RGI60-15.06327     0.65435   29.991594   80.853281   -0.264    0.195  1
RGI60-15.06850     0.65431   30.960509   79.382577   -0.457    0.174  1
RGI60-15.04642     0.65404   28.890221   84.221286   -0.562    0.219  1
RGI60-15.12951     0.65394   29.323938   97.295418   -0.992    0.220  1
RGI60-15.00417     0.65369   28.660301   98.212059   -0.937    0.255  1
RGI60-15.05800     0.65355   29.915646   81.247554   -0.259    0.166  1
RGI60-15.11419     0.65322   29.897362   96.348858   -0.310    0.200  1
RGI60-15.12989     0.65313   28.739286   97.330709   -0.663    0.205  1
RGI60-15.11395     0.65309   29.901293   96.316095   -0.757    0.608  1
RGI60-15.01317     0.65298   28.681065   93.477076   -0.630    0.207  1
RGI60-15.02323     0.65262   28.145005   89.926606   -0.401    0.184  1
RGI60-15.00504     0.65245   28.739491   97.835397   -0.104    0.185  1
RGI60-15.05277     0.65245   29.802532   82.250848   -0.628    0.217  1
RGI60-15.05550     0.65245   29.248486   82.526838   -0.438    0.187  1
RGI60-15.02652     0.65195   28.009812   89.895995   -0.434    0.176  1
RGI60-15.07840     0.65191   29.712689  101.831090   -0.370    0.322  1
RGI60-15.03048     0.65189   27.975980   88.814034   -0.068    0.231  1
RGI60-15.01068     0.65100   30.106313   95.301689   -0.104    0.212  1
RGI60-15.01082     0.65074   30.224568   95.469620   -0.546    0.235  1
RGI60-15.07963     0.65068   31.264543  102.767302   -0.274    0.193  1
RGI60-15.02704     0.65064   27.806432   88.237218   -0.468    0.171  1
RGI60-15.01663     0.65034   28.354979   91.111784   -0.210    0.165  1
RGI60-15.11414     0.65016   29.776611   96.337503   -0.596    0.269  1
RGI60-15.06726     0.64990   30.327825   79.958107    0.146    0.251  1
RGI60-15.00883     0.64949   30.287528   95.477438   -0.122    0.303  1
RGI60-15.06533     0.64932   30.429853   80.522973   -0.162    0.180  1
RGI60-15.02113     0.64927   27.944276   91.249823   -1.276    0.240  1
RGI60-15.09916     0.64886   27.958615   87.312294   -0.536    0.185  1
RGI60-15.03121     0.64853   27.743753   87.932778   -0.409    0.183  1
RGI60-15.12020     0.64803   29.390240   95.784277   -0.623    0.457  1
RGI60-15.06997     0.64798   30.537240   80.132164    0.068    0.202  1
RGI60-15.11870     0.64761   29.558889   96.351365   -0.292    0.211  1
RGI60-15.02043     0.64751   28.022280   91.647984   -0.368    0.294  1
RGI60-15.09687     0.64742   28.261731   86.326048   -0.388    0.172  1
RGI60-15.05936     0.64736   30.017284   81.054361   -0.258    0.197  1
RGI60-15.01342     0.64731   28.156054   92.724951   -0.642    0.247  1
RGI60-15.12420     0.64720   29.426455   96.160536    0.329    0.937  1
RGI60-15.05125     0.64716   28.756914   84.329974   -0.341    0.177  1
RGI60-15.12436     0.64716   29.398674   96.297462   -0.140    0.263  1
RGI60-15.05801     0.64685   29.921919   81.238711   -0.376    0.176  1
RGI60-15.12054     0.64666   29.614303   95.877766   -0.873    0.446  1
RGI60-15.10795     0.64638   28.262533   90.528668   -0.274    0.175  1
RGI60-15.04864     0.64631   28.766403   83.345781   -0.075    0.168  1
RGI60-15.11317     0.64622   30.099242   96.194519   -0.292    0.316  1
RGI60-15.05373     0.64598   29.110184   82.778536   -1.198    0.230  1
RGI60-15.00445     0.64597   28.723412   97.943904   -0.687    0.232  1
RGI60-15.01606     0.64595   27.925764   92.520990   -0.391    0.205  1
RGI60-15.05126     0.64577   28.693116   84.539920    0.134    0.197  1
RGI60-15.06593     0.64552   30.253356   79.777165   -0.325    0.213  1
RGI60-15.05871     0.64532   30.291401   80.395810   -0.180    0.210  1
RGI60-15.00990     0.64511   30.429912   95.202382    1.245    0.276  1
RGI60-15.00002     0.64507   29.987019  102.042346   -0.551    0.210  1
RGI60-15.00443     0.64471   28.722251   97.965903   -0.915    0.238  1
RGI60-15.12817     0.64412   29.403691   97.111696   -0.707    0.230  1
RGI60-15.06952     0.64409   30.954324   79.325890   -0.339    0.159  1
RGI60-15.05164     0.64406   30.062727   82.112000   -0.495    0.180  1
RGI60-15.03420     0.64385   28.086355   86.591998   -0.177    0.183  1
RGI60-15.01033     0.64365   30.254187   95.222821   -0.223    0.238  1
RGI60-15.02253     0.64351   28.167853   89.780148   -0.342    0.261  1
RGI60-15.05393     0.64351   29.414634   82.518162   -0.729    0.222  1
RGI60-15.04891     0.64324   28.921841   83.487945   -0.803    0.204  1
RGI60-15.02200     0.64323   28.069348   91.293889   -0.837    0.214  1
RGI60-15.11598     0.64320   29.532194   96.857481   -0.549    0.195  1
RGI60-15.06150     0.64305   29.999462   82.053014   -0.248    0.194  1
RGI60-15.07332     0.64301   31.240075   78.846302   -0.526    0.195  1
RGI60-15.08289     0.64277   29.502874   97.286052   -1.120    0.249  1
RGI60-15.01792     0.64273   28.185958   91.857211   -0.270    0.174  1
RGI60-15.02324     0.64249   28.152984   89.929900   -0.363    0.186  1
RGI60-15.02628     0.64247   28.117681   89.968545   -0.202    0.180  1
RGI60-15.00888     0.64166   30.360468   95.352788   -0.322    0.222  1
RGI60-15.07369     0.64134   31.290717   78.307310   -0.394    0.193  1
RGI60-15.12580     0.64117   29.056761   96.674644   -0.691    0.222  1
RGI60-15.12368     0.64088   28.609347   96.806391   -0.322    0.229  1
RGI60-15.11301     0.64074   30.099486   96.153752   -0.199    0.259  1
RGI60-15.11227     0.64064   30.010881   95.944950   -0.424    0.351  1
RGI60-15.07608     0.64035   30.968515   78.566581    0.206    0.214  1
RGI60-15.06669     0.63986   30.355210   80.284739   -0.401    0.195  1
RGI60-15.07968     0.63925   31.080426  102.837725   -0.604    0.226  1
RGI60-15.10136     0.63896   28.299439   86.454099   -0.834    0.186  1
RGI60-15.12783     0.63865   28.882180   97.086106   -0.466    0.209  1
RGI60-15.05010     0.63859   29.026764   83.644723   -0.425    0.177  1
RGI60-15.07723     0.63806   31.734348   99.226064   -0.137    0.189  1
RGI60-15.11450     0.63796   29.683289   96.413982   -0.201    0.177  1
RGI60-15.04644     0.63783   28.961000   84.116389   -0.201    0.185  1
RGI60-15.03752     0.63782   27.703964   87.619287   -0.871    0.235  1
RGI60-15.00683     0.63776   30.489061   95.360267   -0.871    0.229  1
RGI60-15.11902     0.63751   29.477338   96.592743    0.012    0.213  1
RGI60-15.00719     0.63744   30.437471   95.454436    0.468    0.196  1
RGI60-15.05229     0.63705   29.682685   82.849736   -0.050    0.183  1
RGI60-15.10340     0.63702   28.062533   87.883994   -0.416    0.175  1
RGI60-15.06388     0.63702   30.256239   80.461756    0.052    0.191  1
RGI60-15.12742     0.63675   29.518999   97.058250   -1.061    0.218  1
RGI60-15.07026     0.63653   30.264915   79.940712    0.015    0.273  1
RGI60-15.04797     0.63642   28.502684   83.931391    0.033    0.188  1
RGI60-15.07702     0.63592   31.507976   99.871474   -0.589    0.196  1
RGI60-15.08506     0.63586   29.715119   96.610190   -0.568    0.194  1
RGI60-15.11850     0.63571   29.528258   96.244550   -0.739    0.247  1
RGI60-15.03382     0.63559   27.776827   87.092987   -0.220    0.202  1
RGI60-15.05191     0.63537   30.183737   82.150019   -0.474    0.176  1
RGI60-15.07592     0.63521   30.806449   78.904714    0.107    0.173  1
RGI60-15.07449     0.63508   31.088882   78.579059   -1.335    0.292  1
RGI60-15.12362     0.63474   28.606637   96.784425   -0.401    0.235  1
RGI60-15.03503     0.63447   27.731381   86.549837   -0.278    0.174  1
RGI60-15.10891     0.63416   28.318182   90.720392   -0.444    0.209  1
RGI60-15.03852     0.63359   28.082528   86.599916    0.090    0.177  1
RGI60-15.04222     0.63318   28.139022   85.755768   -0.942    0.218  1
RGI60-15.05595     0.63262   29.218977   82.902878   -0.163    0.214  1
RGI60-15.10451     0.63208   27.983866   88.159701   -0.265    0.161  1
RGI60-15.03509     0.63200   27.824669   86.965473   -0.535    0.173  1
RGI60-15.02462     0.63193   27.951990   90.299947   -0.357    0.159  1
RGI60-15.12862     0.63145   29.419421   97.165466   -1.052    0.224  1
RGI60-15.06158     0.63124   29.943150   82.183464   -0.551    0.218  1
RGI60-15.10272     0.63072   28.685582   85.444446   -0.339    0.167  1
RGI60-15.04037     0.63044   28.267045   85.670248   -0.743    0.201  1
RGI60-15.00448     0.63030   29.239605   97.748061   -0.965    0.209  1
RGI60-15.06788     0.63027   30.641473   79.707855   -0.355    0.181  1
RGI60-15.02395     0.62998   27.978079   90.110212   -1.029    0.212  1
RGI60-15.06435     0.62997   29.969497   82.083094   -0.296    0.198  1
RGI60-15.12884     0.62989   29.390292   97.193463   -0.764    0.258  1
RGI60-15.11385     0.62989   29.741856   96.306696   -0.171    0.299  1
RGI60-15.00297     0.62988   28.343708   97.446674   -0.727    0.203  1
RGI60-15.04211     0.62968   28.126656   85.623669   -0.844    0.238  1
RGI60-15.08061     0.62958   28.366283   98.740802   -0.615    0.223  1
RGI60-15.02949     0.62943   27.979908   88.692129    0.115    0.190  1
RGI60-15.09880     0.62940   27.962298   87.165914   -0.522    0.208  1
RGI60-15.04129     0.62914   28.367324   85.063485    0.102    0.579  1
RGI60-15.05174     0.62910   29.903163   82.078296   -0.348    0.222  1
RGI60-15.04664     0.62910   28.936367   84.078600   -0.321    0.179  1
RGI60-15.05817     0.62906   30.187143   81.783367   -0.813    0.198  1
RGI60-15.04496     0.62889   28.722643   84.039489    0.004    0.182  1
RGI60-15.12671     0.62887   29.268280   96.989645   -0.679    0.216  1
RGI60-15.00136     0.62864   29.859611   99.633530   -1.063    0.241  1
RGI60-15.06822     0.62848   30.836692   79.653539    0.046    0.189  1
RGI60-15.02829     0.62819   27.714016   88.245742   -0.161    0.174  1
RGI60-15.02738     0.62816   27.541638   88.213236   -0.130    0.204  1
RGI60-15.01938     0.62796   27.862849   92.378067   -0.432    0.178  1
RGI60-15.08222     0.62795   29.680436   97.169401   -0.797    0.218  1
RGI60-15.09464     0.62786   28.099794   85.902960   -0.472    0.225  1
RGI60-15.08345     0.62782   29.738759   96.946205   -1.016    0.237  1
RGI60-15.07837     0.62780   29.739053  101.826430   -0.345    0.231  1
RGI60-15.08380     0.62766   29.711421   97.016876   -0.738    0.234  1
RGI60-15.04236     0.62743   28.152863   85.529029   -0.287    0.184  1
RGI60-15.09030     0.62739   30.343110   81.328194   -0.627    0.183  1
RGI60-15.04317     0.62727   28.737251   83.902601   -0.635    0.202  1
RGI60-15.08163     0.62713   29.481706   97.413267   -1.068    0.215  1
RGI60-15.00211     0.62713   28.305773   98.989581    0.129    0.183  1
RGI60-15.02812     0.62689   27.811665   88.287711   -0.537    0.169  1
RGI60-15.00521     0.62675   28.151311   97.373877   -0.019    0.192  1
RGI60-15.07453     0.62640   31.074026   78.569403   -0.791    0.239  1
RGI60-15.07760     0.62624   29.192961  101.312887   -0.978    0.233  1
RGI60-15.01706     0.62549   28.369227   91.874852   -0.567    0.172  1
RGI60-15.06454     0.62537   29.934325   82.151234   -1.000    0.227  1
RGI60-15.01603     0.62481   27.851592   92.494205   -0.653    0.232  1
RGI60-15.11335     0.62408   29.912931   96.218002   -0.068    0.320  1
RGI60-15.11091     0.62404   30.326769   95.828255   -0.855    0.297  1
RGI60-15.06216     0.62402   29.730568   81.516013   -0.467    0.189  1
RGI60-15.00309     0.62387   28.401585   97.741799   -1.080    0.245  1
RGI60-15.11901     0.62352   29.424009   96.581695   -0.733    0.230  1
RGI60-15.06937     0.62330   30.731204   79.189697   -0.063    0.189  1
RGI60-15.04424     0.62308   28.793065   83.170797   -0.553    0.205  1
RGI60-15.08184     0.62283   29.654314   97.100331   -0.902    0.221  1
RGI60-15.04409     0.62267   28.803459   83.609336   -0.672    0.180  1
RGI60-15.01649     0.62255   28.426104   91.112280   -0.472    0.162  1
RGI60-15.02351     0.62226   28.135304   90.014806   -0.312    0.177  1
RGI60-15.05244     0.62179   29.869944   82.360684   -0.453    0.239  1
RGI60-15.06458     0.62158   29.908437   82.171805   -0.713    0.224  1
RGI60-15.10352     0.62155   28.042486   87.915254   -0.739    0.208  1
RGI60-15.12610     0.62144   28.851345   96.809821   -1.147    0.260  1
RGI60-15.09884     0.62131   28.065019   87.169799   -0.336    0.204  1
RGI60-15.08008     0.62130   31.260061  103.092792   -0.548    0.184  1
RGI60-15.08230     0.62128   29.641373   97.181858   -1.078    0.216  1
RGI60-15.11250     0.62088   30.173214   95.997393   -0.807    0.303  1
RGI60-15.10009     0.62039   28.192549   86.879371   -0.484    0.162  1
RGI60-15.03475     0.62033   28.076068   86.656119   -0.048    0.206  1
RGI60-15.02007     0.62021   27.875829   92.453450   -0.210    0.189  1
RGI60-15.07761     0.62013   29.195012  101.326897   -0.933    0.251  1
RGI60-15.07206     0.61998   30.734249   79.548867   -0.196    0.190  1
RGI60-15.07698     0.61981   31.546710   99.819956   -0.632    0.201  1
RGI60-15.13046     0.61968   29.219499   97.433766   -0.582    0.221  1
RGI60-15.04207     0.61931   28.162579   85.539626   -0.649    0.201  1
RGI60-15.06770     0.61930   30.427323   80.025254   -0.315    0.213  1
RGI60-15.02801     0.61927   27.767197   88.143166   -0.410    0.183  1
RGI60-15.10909     0.61920   28.074035   90.802093   -0.201    0.205  1
RGI60-15.07117     0.61897   30.827233   78.965046   -0.065    0.171  1
RGI60-15.12370     0.61871   28.267085   96.811810   -0.844    0.204  1
RGI60-15.07227     0.61867   30.759815   79.629724   -0.114    0.182  1
RGI60-15.09479     0.61836   28.291457   85.797947   -0.330    0.176  1
RGI60-15.11791     0.61818   29.678593   95.907277   -1.066    0.814  1
RGI60-15.03139     0.61797   27.694326   87.907878   -0.409    0.179  1
RGI60-15.03311     0.61796   27.675222   88.344831   -0.059    0.209  1
RGI60-15.00279     0.61774   28.831015   98.045095   -0.323    0.237  1
RGI60-15.12806     0.61750   28.882364   97.103083   -0.614    0.226  1
RGI60-15.03739     0.61746   27.908840   86.786161   -0.269    0.192  1
RGI60-15.02360     0.61741   28.123451   90.119794   -0.234    0.201  1
RGI60-15.07238     0.61669   30.823312   79.458258   -0.456    0.195  1
RGI60-15.09757     0.61654   27.922779   86.403977   -0.297    0.179  1
RGI60-15.01483     0.61594   28.281803   93.441833    0.219    0.376  1
RGI60-15.11115     0.61569   30.355937   95.843309    0.008    0.311  1
RGI60-15.04873     0.61555   28.841518   83.476854   -0.124    0.166  1
RGI60-15.11127     0.61536   30.135145   95.852866   -0.667    0.532  1
RGI60-15.04363     0.61533   29.279898   83.863574   -0.285    0.171  1
RGI60-15.04669     0.61490   28.925648   84.096692   -0.109    0.167  1
RGI60-15.01191     0.61462   29.603047   95.075051   -1.064    0.394  1
RGI60-15.00613     0.61457   30.331105   95.315125   -0.804    0.250  1
RGI60-15.03131     0.61456   27.718516   87.917583   -0.461    0.189  1
RGI60-15.00817     0.61442   30.295373   95.703578   -0.374    0.214  1
RGI60-15.04730     0.61441   28.819296   84.010301   -0.296    0.185  1
RGI60-15.10529     0.61436   28.199691   87.435407   -0.236    0.195  1
RGI60-15.05321     0.61436   29.787653   82.397638   -1.043    0.272  1
RGI60-15.02187     0.61417   27.812067   92.468672   -0.453    0.218  1
RGI60-15.01391     0.61389   28.551889   93.017315   -0.266    0.192  1
RGI60-15.04358     0.61350   29.030784   83.775083   -0.624    0.180  1
RGI60-15.07308     0.61315   31.248518   78.393913   -0.128    0.187  1
RGI60-15.02695     0.61308   27.979813   90.621240   -0.734    0.208  1
RGI60-15.08990     0.61282   30.378689   81.254434   -0.429    0.174  1
RGI60-15.10216     0.61243   28.375174   86.481658   -0.382    0.164  1
RGI60-15.08218     0.61225   29.608750   97.161405   -0.865    0.224  1
RGI60-15.01769     0.61205   28.081832   91.446713   -0.596    0.181  1
RGI60-15.00970     0.61202   30.514041   95.198691   -0.433    0.211  1
RGI60-15.00856     0.61200   30.250790   95.641850   -0.071    0.201  1
RGI60-15.07368     0.61199   31.306197   78.292455   -0.179    0.163  1
RGI60-15.06913     0.61165   30.889419   79.130249   -0.392    0.226  1
RGI60-15.09971     0.61147   28.179434   86.793674   -0.365    0.199  1
RGI60-15.08158     0.61132   29.393085   97.392664   -0.743    0.201  1
RGI60-15.06481     0.61108   30.279087   80.836512   -0.288    0.195  1
RGI60-15.11468     0.61044   29.620526   96.434222   -0.315    0.179  1
RGI60-15.06742     0.60999   30.264058   80.050197    0.220    0.192  1
RGI60-15.11675     0.60992   29.462635   96.958818   -0.771    0.231  1
RGI60-15.09174     0.60984   28.808980   84.885265   -0.172    0.177  1
RGI60-15.00366     0.60981   28.412020   98.645392   -0.403    0.216  1
RGI60-15.07784     0.60962   29.212968  101.237865   -0.528    0.266  1
RGI60-15.01655     0.60936   28.405352   91.135968   -0.457    0.212  1
RGI60-15.05154     0.60927   29.766348   82.410637   -0.788    0.254  1
RGI60-15.04273     0.60900   28.174016   85.552013   -0.286    0.195  1
RGI60-15.12826     0.60829   28.748875   97.117443   -1.469    0.291  1
RGI60-15.00209     0.60829   28.349221   99.415853   -0.638    0.228  1
RGI60-15.12867     0.60821   29.406881   97.174169   -0.753    0.225  1
RGI60-15.00345     0.60806   28.912137   98.393552   -0.581    0.268  1
RGI60-15.10995     0.60799   29.788708   82.759444   -0.226    0.262  1
RGI60-15.11588     0.60795   29.540330   96.729512   -1.061    0.258  1
RGI60-15.00075     0.60765   29.923111   99.602969   -0.900    0.249  1
RGI60-15.00535     0.60762   27.998464   98.481664   -0.638    0.260  1
RGI60-15.09814     0.60751   28.031341   87.031704   -0.308    0.178  1
RGI60-15.03993     0.60749   28.352933   84.704722   -0.594    0.216  1
RGI60-15.12589     0.60739   29.109642   96.696024   -0.423    0.216  1
RGI60-15.05695     0.60729   29.679547   82.229545   -0.771    0.209  1
RGI60-15.06042     0.60723   30.137637   80.565567   -0.840    0.221  1
RGI60-15.00050     0.60667   30.137404   99.521897   -0.546    0.217  1
RGI60-15.12337     0.60655   28.862747   96.609153   -1.299    0.277  1
RGI60-15.11242     0.60632   29.979664   95.980380    0.258    0.458  1
RGI60-15.09268     0.60596   28.529216   85.169033    0.260    0.258  1
RGI60-15.00193     0.60588   30.628562   99.467858   -1.016    0.232  1
RGI60-15.11166     0.60572   30.226200   95.891878   -0.835    1.037  1
RGI60-15.10675     0.60572   27.982783   87.848061   -0.713    0.182  1
RGI60-15.02766     0.60554   27.628080   88.011325   -0.134    0.168  1
RGI60-15.11334     0.60541   29.922853   96.220258   -0.189    0.264  1
RGI60-15.11873     0.60534   29.564636   96.364149   -0.181    0.252  1
RGI60-15.05316     0.60526   29.775027   82.376033   -0.578    0.237  1
RGI60-15.01124     0.60520   30.349891   95.591719   -0.513    0.203  1
RGI60-15.03377     0.60499   27.842783   87.040213   -0.134    0.166  1
RGI60-15.01070     0.60476   30.120782   95.300183   -0.725    0.221  1
RGI60-15.02772     0.60460   27.664496   87.974168   -0.833    0.207  1
RGI60-15.04661     0.60437   28.933688   84.136130   -0.354    0.187  1
RGI60-15.09330     0.60404   28.583355   85.361074   -0.312    0.198  1
RGI60-15.03558     0.60401   27.900165   86.431993   -0.348    0.181  1
RGI60-15.00964     0.60397   30.491118   95.178134   -0.374    0.222  1
RGI60-15.08294     0.60356   29.509263   97.327256   -1.314    0.246  1
RGI60-15.10589     0.60326   27.957177   87.591978   -0.600    0.197  1
RGI60-15.00963     0.60282   30.451252   95.204510   -0.681    0.221  1
RGI60-15.05449     0.60256   29.224529   82.755136   -0.160    0.212  1
RGI60-15.06057     0.60242   30.329231   81.422135   -0.266    0.155  1
RGI60-15.02178     0.60215   28.009297   91.313078   -0.876    0.226  1
RGI60-15.11116     0.60178   29.886692   95.845446   -0.231    0.382  1
RGI60-15.10067     0.60172   28.132458   86.954441   -0.292    0.177  1
RGI60-15.06076     0.60124   30.168942   81.616169   -0.253    0.188  1
RGI60-15.04709     0.60120   28.802799   84.182758   -0.307    0.188  1
RGI60-15.07322     0.60089   31.171793   78.663568   -0.281    0.324  1
RGI60-15.09788     0.59972   28.167505   86.527600   -0.744    0.197  1
RGI60-15.02417     0.59949   27.951721   90.264171   -0.790    0.186  1
RGI60-15.09265     0.59941   28.495102   85.167097    0.380    0.271  1
RGI60-15.12514     0.59939   29.224783   96.493180   -0.095    0.256  1
RGI60-15.11168     0.59936   29.888500   95.894112   -1.532    0.710  1
RGI60-15.04985     0.59935   29.101115   83.738809   -0.427    0.174  1
RGI60-15.09434     0.59933   28.301440   85.594374   -0.280    0.187  1
RGI60-15.06885     0.59919   30.683352   79.295800   -0.208    0.179  1
RGI60-15.01484     0.59896   28.303369   93.390231   -0.431    0.515  1
RGI60-15.11918     0.59892   29.422975   96.712144   -0.582    0.206  1
RGI60-15.09405     0.59890   28.448662   85.538820    0.063    0.188  1
RGI60-15.01285     0.59890   28.175296   92.669590   -0.378    0.252  1
RGI60-15.11778     0.59874   29.642879   95.813249    0.281    0.795  1
RGI60-15.09067     0.59839   30.281474   81.365082   -0.172    0.175  1
RGI60-15.11861     0.59836   29.474646   96.323049   -0.659    0.220  1
RGI60-15.11501     0.59828   29.735303   96.486509   -0.751    0.222  1
RGI60-15.11113     0.59804   30.193071   95.843889   -0.584    0.451  1
RGI60-15.05715     0.59799   29.143154   82.748175   -0.382    0.187  1
RGI60-15.06093     0.59749   30.120375   81.807402   -0.653    0.219  1
RGI60-15.10360     0.59718   27.931034   87.957028   -0.376    0.172  1
RGI60-15.12563     0.59703   29.236240   96.648102   -0.536    0.227  1
RGI60-15.06809     0.59702   30.765794   79.649639   -0.522    0.201  1
RGI60-15.12966     0.59692   29.364130   97.304150   -0.913    0.216  1
RGI60-15.08253     0.59680   29.465045   97.226200   -0.602    0.242  1
RGI60-15.05160     0.59624   30.085240   81.937762   -0.589    0.198  1
RGI60-15.11318     0.59598   29.953999   96.193597   -0.267    0.222  1
RGI60-15.08675     0.59588   29.309325   98.324408   -0.781    0.225  1
RGI60-15.03992     0.59563   28.363250   84.741606   -0.752    0.197  1
RGI60-15.01543     0.59554   28.066411   92.635169    0.030    0.211  1
RGI60-15.06873     0.59552   30.665951   79.372503    0.010    0.172  1
RGI60-15.06610     0.59533   30.840885   78.941441    0.029    0.169  1
RGI60-15.02387     0.59432   28.008539   90.298667   -0.424    0.163  1
RGI60-15.06312     0.59365   30.285053   80.673670    0.017    0.185  1
RGI60-15.04052     0.59351   28.288063   85.188351   -0.101    0.206  1
RGI60-15.05320     0.59336   29.780902   82.406060   -0.314    0.237  1
RGI60-15.00804     0.59306   30.362839   95.677105   -0.435    0.185  1
RGI60-15.09747     0.59296   27.978304   86.349598   -0.289    0.211  1
RGI60-15.03845     0.59271   27.822620   87.123494   -0.289    0.199  1
RGI60-15.11718     0.59268   29.501144   97.021104   -0.818    0.224  1
RGI60-15.06527     0.59263   30.469293   80.506106   -0.415    0.198  1
RGI60-15.07791     0.59260   29.199975  101.684457    0.002    0.181  1
RGI60-15.00666     0.59233   30.488888   95.496996   -1.167    0.282  1
RGI60-15.05104     0.59179   28.779345   83.075707   -0.463    0.186  1
RGI60-15.00861     0.59155   30.242652   95.625887    0.084    0.201  1
RGI60-15.05731     0.59128   29.448188   82.595904   -0.353    0.269  1
RGI60-15.03111     0.59106   27.765966   87.929464   -0.440    0.190  1
RGI60-15.10959     0.59061   28.044913   89.468358   -0.779    0.218  1
RGI60-15.02158     0.59054   28.051688   91.424664   -0.773    0.199  1
RGI60-15.02283     0.59005   27.975936   89.904807   -0.464    0.178  1
RGI60-15.03892     0.58978   27.960672   86.886273   -0.053    0.185  1
RGI60-15.11565     0.58961   29.534469   96.640463   -0.425    0.228  1
RGI60-15.11143     0.58952   30.355441   95.862745   -0.233    0.227  1
RGI60-15.01818     0.58940   27.999606   92.356587   -0.798    0.215  1
RGI60-15.08607     0.58933   29.879905   96.961887   -0.886    0.217  1
RGI60-15.06087     0.58925   30.255953   81.892455   -0.378    0.171  1
RGI60-15.03259     0.58914   27.879212   88.650520   -0.682    0.220  1
RGI60-15.00524     0.58908   28.087924   97.966143   -0.096    0.310  1
RGI60-15.02453     0.58892   27.925076   90.291958   -0.496    0.174  1
RGI60-15.03606     0.58880   27.834616   87.113586   -0.604    0.180  1
RGI60-15.05845     0.58867   29.872123   81.553387   -0.487    0.209  1
RGI60-15.01988     0.58863   27.714634   92.424687   -1.139    0.259  1
RGI60-15.03214     0.58825   27.550149   88.086698   -0.211    0.166  1
RGI60-15.04523     0.58813   28.537122   83.845295   -0.067    0.189  1
RGI60-15.00913     0.58808   30.592986   95.123041   -0.655    0.217  1
RGI60-15.01395     0.58806   28.162565   92.834996   -0.204    0.228  1
RGI60-15.01140     0.58781   29.593924   95.109825   -0.185    0.313  1
RGI60-15.00694     0.58778   30.469466   95.417092   -0.525    0.207  1
RGI60-15.11379     0.58777   29.710850   96.296018    0.017    0.358  1
RGI60-15.10441     0.58765   28.018938   88.131824   -0.158    0.166  1
RGI60-15.10494     0.58739   28.262332   87.607610   -0.482    0.177  1
RGI60-15.07297     0.58725   30.951703   79.009282   -0.207    0.186  1
RGI60-15.08928     0.58673   30.303691   80.894338   -0.161    0.172  1
RGI60-15.02872     0.58662   27.882435   88.023034   -0.525    0.191  1
RGI60-15.02088     0.58643   28.015284   91.477084   -0.423    0.180  1
RGI60-15.07422     0.58642   31.144689   78.623660    0.073    0.234  1
RGI60-15.07060     0.58551   30.354723   79.824543   -0.053    0.181  1
RGI60-15.03028     0.58471   27.801485   88.323401   -0.431    0.182  1
RGI60-15.10806     0.58425   28.266541   90.537072   -0.287    0.184  1
RGI60-15.03079     0.58417   27.810337   87.983510   -0.519    0.194  1
RGI60-15.10519     0.58409   28.256290   87.630213   -0.315    0.172  1
RGI60-15.00542     0.58404   28.291076   97.417796   -0.871    0.216  1
RGI60-15.02850     0.58383   27.799828   88.156825   -0.081    0.181  1
RGI60-15.04744     0.58320   28.839485   83.948972   -0.573    0.175  1
RGI60-15.01859     0.58289   27.783551   92.051711   -0.881    0.223  1
RGI60-15.10109     0.58222   28.159505   87.052921   -0.571    0.220  1
RGI60-15.04525     0.58181   28.673026   84.536665   -0.190    0.167  1
RGI60-15.03464     0.58175   27.942681   86.667531   -1.131    0.233  1
RGI60-15.03544     0.58168   27.830776   86.465765   -0.711    0.228  1
RGI60-15.02770     0.58152   27.650451   88.024236   -0.299    0.170  1
RGI60-15.09292     0.58144   28.387755   85.233224   -0.323    0.203  1
RGI60-15.08136     0.58138   28.936995   97.635834   -0.474    0.204  1
RGI60-15.04862     0.58123   28.771646   83.158499   -0.452    0.197  1
RGI60-15.09482     0.58103   28.280928   85.809741   -0.171    0.176  1
RGI60-15.04688     0.58091   28.876789   84.095730   -0.407    0.193  1
RGI60-15.04016     0.58089   28.564792   84.924757   -0.252    0.224  1
RGI60-15.09109     0.58066   28.804911   84.501161    0.035    0.183  1
RGI60-15.09912     0.58054   27.835652   87.229865   -0.509    0.340  1
RGI60-15.00361     0.58038   28.413773   98.605297   -0.156    0.215  1
RGI60-15.09155     0.58037   28.636360   84.789130   -0.349    0.189  1
RGI60-15.03696     0.58023   27.869197   87.791314   -0.289    0.183  1
RGI60-15.09584     0.57971   28.337776   86.212916   -0.379    0.184  1
RGI60-15.07409     0.57969   31.192550   78.395910   -0.174    0.187  1
RGI60-15.00205     0.57967   28.313765   98.975678   -0.467    0.223  1
RGI60-15.00751     0.57959   30.426878   95.586247   -0.826    0.209  1
RGI60-15.12923     0.57956   29.314222   97.275141   -0.891    0.210  1
RGI60-15.02100     0.57932   27.956076   91.422368   -0.760    0.206  1
RGI60-15.12856     0.57899   28.972545   97.163558   -1.050    0.269  1
RGI60-15.12999     0.57854   29.165776   97.339356   -0.595    0.218  1
RGI60-15.03305     0.57832   27.701576   88.386876   -0.314    0.197  1
RGI60-15.04357     0.57817   29.037636   83.786008   -0.443    0.174  1
RGI60-15.04181     0.57816   28.270496   85.178793   -0.192    0.193  1
RGI60-15.03874     0.57807   27.846123   86.879447   -0.288    0.162  1
RGI60-15.06016     0.57805   30.179456   80.797354   -0.320    0.203  1
RGI60-15.00505     0.57796   28.684730   97.872537    0.068    0.207  1
RGI60-15.07379     0.57778   31.229601   78.368439   -0.220    0.168  1
RGI60-15.06006     0.57755   29.806065   81.180488   -0.443    0.175  1
RGI60-15.11350     0.57737   29.737091   96.228376   -0.227    0.250  1
RGI60-15.06543     0.57681   30.192101   80.424729   -0.327    0.206  1
RGI60-15.09318     0.57671   28.528894   85.334664   -0.583    0.181  1
RGI60-15.00111     0.57662   30.630268   99.478772   -0.580    0.194  1
RGI60-15.11182     0.57657   29.873731   95.912212   -0.233    0.380  1
RGI60-15.04550     0.57639   28.758656   83.938231   -0.576    0.190  1
RGI60-15.02745     0.57631   27.537556   88.228587   -0.129    0.198  1
RGI60-15.04614     0.57624   28.882253   84.266603   -0.665    0.209  1
RGI60-15.02934     0.57620   27.987931   88.637392   -0.152    0.169  1
RGI60-15.08215     0.57620   29.512039   97.151664   -0.049    0.183  1
RGI60-15.01550     0.57557   28.118631   92.632252   -0.657    0.221  1
RGI60-15.12255     0.57556   29.337098   96.145944   -0.101    1.021  1
RGI60-15.01589     0.57540   27.996087   92.717263    0.068    0.202  1
RGI60-15.04859     0.57492   28.773728   83.186747   -0.478    0.188  1
RGI60-15.10670     0.57464   27.997464   87.836222   -0.839    0.205  1
RGI60-15.02498     0.57461   27.953128   90.417631   -0.738    0.199  1
RGI60-15.11106     0.57443   30.067808   95.838305   -0.526    0.309  1
RGI60-15.00321     0.57422   28.288745   97.768525   -0.523    0.257  1
RGI60-15.12996     0.57393   28.732630   97.335247   -0.481    0.204  1
RGI60-15.01329     0.57387   28.114341   92.912655   -1.047    0.253  1
RGI60-15.06165     0.57356   30.029913   82.115011   -0.962    0.254  1
RGI60-15.04383     0.57322   29.131643   83.788658   -0.666    0.184  1
RGI60-15.00732     0.57321   30.601805   95.313621   -0.718    0.227  1
RGI60-15.03321     0.57314   27.888093   88.759534   -0.527    0.177  1
RGI60-15.00165     0.57293   29.927116   99.588569   -1.113    0.271  1
RGI60-15.00143     0.57266   29.929832   99.671329   -1.157    0.269  1
RGI60-15.11268     0.57259   30.209547   96.024100   -0.585    0.251  1
RGI60-15.10338     0.57232   27.954663   87.882059   -0.528    0.185  1
RGI60-15.03906     0.57214   27.918061   86.591467   -0.837    0.232  1
RGI60-15.03170     0.57204   27.542113   88.093609   -0.661    0.207  1
RGI60-15.05572     0.57185   29.397733   82.604422   -0.088    0.217  1
RGI60-15.12234     0.57177   28.577352   96.478618   -0.669    0.223  1
RGI60-15.12241     0.57174   29.436415   96.034843    0.370    0.306  1
RGI60-15.02827     0.57167   27.708862   88.154102    1.068    0.385  1
RGI60-15.10092     0.57158   28.194419   87.017381   -0.547    0.187  1
RGI60-15.01158     0.57156   30.263489   95.512959   -0.462    0.323  1
RGI60-15.00965     0.57106   30.480115   95.170388   -0.552    0.223  1
RGI60-15.05095     0.57091   28.843210   84.146384   -0.112    0.203  1
RGI60-15.02758     0.57090   27.523803   88.250246   -0.863    0.242  1
RGI60-15.08396     0.57074   29.913488   97.035815   -0.704    0.202  1
RGI60-15.03758     0.57066   27.712355   86.621268   -0.659    0.214  1
RGI60-15.10006     0.57065   28.050641   86.865727   -0.353    0.185  1
RGI60-15.05443     0.57051   29.123369   82.724221   -0.247    0.300  1
RGI60-15.01061     0.57049   30.078287   95.288713   -0.236    0.202  1
RGI60-15.06408     0.57033   29.964133   82.051857   -0.197    0.209  1
RGI60-15.05993     0.57027   30.045122   80.855148   -0.080    0.190  1
RGI60-15.09776     0.57018   28.077393   86.495075   -0.433    0.180  1
RGI60-15.03376     0.56985   27.846866   87.046581   -0.161    0.177  1
RGI60-15.12380     0.56959   28.453138   96.869175   -0.786    0.223  1
RGI60-15.00362     0.56942   28.419297   98.614162   -0.159    0.188  1
RGI60-15.11272     0.56940   29.952666   96.029367    0.048    0.281  1
RGI60-15.02095     0.56934   27.976285   91.520046   -0.579    0.217  1
RGI60-15.06034     0.56913   30.309112   80.829316   -0.154    0.172  1
RGI60-15.03664     0.56885   27.771818   87.812183   -0.701    0.196  1
RGI60-15.04448     0.56877   28.783285   83.933486   -0.190    0.185  1
RGI60-15.01297     0.56870   28.606560   93.219450   -1.029    0.257  1
RGI60-15.10954     0.56858   28.013293   89.458564   -0.568    0.191  1
RGI60-15.04342     0.56820   28.521582   84.529062   -0.150    0.236  1
RGI60-15.12774     0.56818   29.312734   97.080185   -0.939    0.257  1
RGI60-15.03120     0.56813   27.743009   87.926805   -0.240    0.169  1
RGI60-15.03289     0.56811   27.719698   88.703863   -0.459    0.195  1
RGI60-15.10339     0.56791   28.011796   87.880915   -0.540    0.185  1
RGI60-15.04678     0.56785   28.878802   84.108995   -0.412    0.191  1
RGI60-15.07549     0.56758   30.975051   78.516922   -0.171    0.204  1
RGI60-15.04432     0.56750   28.722277   83.194119   -0.278    0.184  1
RGI60-15.09327     0.56727   28.600893   85.354259   -0.380    0.229  1
RGI60-15.04416     0.56698   28.662991   83.457949   -0.390    0.160  1
RGI60-15.03386     0.56697   27.777945   87.063467   -0.539    0.185  1
RGI60-15.08830     0.56684   30.889956   79.805975   -0.551    0.195  1
RGI60-15.07139     0.56676   30.389668   79.950165   -0.486    0.252  1
RGI60-15.05975     0.56675   29.935486   80.815962   -0.322    0.170  1
RGI60-15.09352     0.56670   28.525390   85.378156   -0.745    0.220  1
RGI60-15.04892     0.56669   28.927814   83.436744   -0.608    0.199  1
RGI60-15.11430     0.56664   29.812918   96.363172   -0.445    0.229  1
RGI60-15.06810     0.56654   30.769779   79.671865   -0.102    0.174  1
RGI60-15.06234     0.56641   29.717379   81.524999   -0.225    0.193  1
RGI60-15.10215     0.56636   28.354796   86.477144   -0.602    0.183  1
RGI60-15.09411     0.56636   28.440438   85.547214    0.143    0.209  1
RGI60-15.06092     0.56622   30.138518   81.846038   -0.055    0.196  1
RGI60-15.11898     0.56618   29.483096   96.570831   -0.238    0.246  1
RGI60-15.11055     0.56609   30.330004   95.787389   -1.238    0.316  1
RGI60-15.08668     0.56588   30.254233   95.934070   -0.699    0.242  1
RGI60-15.03365     0.56573   27.945237   87.833680   -0.770    0.196  1
RGI60-15.10722     0.56557   28.169040   90.366550    0.092    0.199  1
RGI60-15.12229     0.56491   28.976169   96.433166   -0.167    0.208  1
RGI60-15.11986     0.56491   29.616633   95.718573   -1.459    0.361  1
RGI60-15.04373     0.56490   29.145080   83.789751   -0.501    0.172  1
RGI60-15.09521     0.56490   28.313060   85.927178   -0.432    0.208  1
RGI60-15.11568     0.56479   29.637056   96.643858   -0.727    0.238  1
RGI60-15.11394     0.56466   29.720397   96.314439   -0.163    0.322  1
RGI60-15.02411     0.56447   27.989945   90.249778   -0.480    0.171  1
RGI60-15.00441     0.56437   28.718494   97.992648   -1.043    0.308  1
RGI60-15.07504     0.56368   30.734952   78.826557   -0.343    0.168  1
RGI60-15.00754     0.56278   30.418493   95.617846   -0.687    0.199  1
RGI60-15.01303     0.56251   28.643613   93.237916   -0.898    0.226  1
RGI60-15.05139     0.56249   28.498506   84.553566   -0.143    0.190  1
RGI60-15.02399     0.56244   27.973307   90.130526   -0.760    0.224  1
RGI60-15.09369     0.56233   28.535083   85.440554   -0.655    0.225  1
RGI60-15.12110     0.56221   29.422204   96.032157   -0.796    0.246  1
RGI60-15.07350     0.56216   31.162848   78.878329   -0.164    0.161  1
RGI60-15.01420     0.56198   28.265117   92.973269   -0.985    0.269  1
RGI60-15.12711     0.56154   29.052450   97.029547   -0.843    0.247  1
RGI60-15.02777     0.56149   27.692126   88.020725   -0.025    0.204  1
RGI60-15.08369     0.56121   29.740451   97.007722   -1.396    0.256  1
RGI60-15.08315     0.56102   29.756211   97.198640   -0.934    0.248  1
RGI60-15.09184     0.56101   28.796307   84.914734   -1.063    0.266  1
RGI60-15.02528     0.56076   27.843329   90.585953   -1.149    0.230  1
RGI60-15.06283     0.56074   29.764163   81.564375   -0.327    0.206  1
RGI60-15.04729     0.56074   28.823232   84.014966   -0.418    0.200  1
RGI60-15.05238     0.56071   29.660919   82.937667   -0.942    0.221  1
RGI60-15.04019     0.56060   28.415873   85.037416   -1.045    0.285  1
RGI60-15.06771     0.56049   30.415727   80.021541   -0.633    0.247  1
RGI60-15.03324     0.56043   27.878308   88.748889   -0.735    0.193  1
RGI60-15.02978     0.56042   27.882818   88.642576   -0.452    0.192  1
RGI60-15.12192     0.56010   29.102113   96.277770   -0.514    0.280  1
RGI60-15.08010     0.55966   31.257628  103.101415   -0.449    0.178  1
RGI60-15.04187     0.55951   28.254659   85.191288   -0.617    0.222  1
RGI60-15.11526     0.55931   29.626449   96.556866   -0.588    0.210  1
RGI60-15.01042     0.55914   30.073241   95.420357   -0.603    0.216  1
RGI60-15.12906     0.55909   29.346383   97.241047   -1.095    0.254  1
RGI60-15.05802     0.55907   29.910814   81.225599   -0.421    0.206  1
RGI60-15.02186     0.55896   27.822220   92.474186   -0.481    0.221  1
RGI60-15.03607     0.55876   27.828096   87.111083   -0.427    0.298  1
RGI60-15.04401     0.55871   28.957017   83.724113   -0.466    0.188  1
RGI60-15.10544     0.55860   28.140982   87.492833   -0.166    0.214  1
RGI60-15.04745     0.55826   28.835041   83.944480   -0.678    0.193  1
RGI60-15.04254     0.55798   28.164897   85.670408   -0.190    0.177  1
RGI60-15.11340     0.55797   30.080552   96.220957   -0.103    0.403  1
RGI60-15.00703     0.55775   30.446990   95.406837   -0.518    0.204  1
RGI60-15.12014     0.55743   29.361941   95.777172   -1.635    0.624  1
RGI60-15.04552     0.55721   28.499638   83.797038   -0.365    0.229  1
RGI60-15.08248     0.55687   29.627114   97.220336   -0.645    0.196  1
RGI60-15.00541     0.55659   28.192927   97.396748   -0.254    0.182  1
RGI60-15.05942     0.55658   29.915251   81.026686   -0.550    0.188  1
RGI60-15.06027     0.55646   30.294506   80.832967   -0.318    0.194  1
RGI60-15.01967     0.55640   27.807854   92.348394   -0.516    0.190  1
RGI60-15.10801     0.55601   28.273358   90.533388   -0.345    0.171  1
RGI60-15.08867     0.55571   30.625749   80.087381   -0.198    0.247  1
RGI60-15.06625     0.55561   30.742512   79.177780   -0.211    0.189  1
RGI60-15.10102     0.55556   28.170929   87.030336   -0.325    0.169  1
RGI60-15.07191     0.55528   30.718862   79.410573   -0.194    0.196  1
RGI60-15.11629     0.55475   29.552324   96.903717   -1.316    0.256  1
RGI60-15.03835     0.55464   27.802481   87.171352   -0.180    0.187  1
RGI60-15.07386     0.55451   31.208702   78.323414    0.031    0.181  1
RGI60-15.04165     0.55449   28.479439   84.764248   -0.100    0.200  1
RGI60-15.12251     0.55446   29.350081   96.133764    0.779    0.368  1
RGI60-15.05969     0.55437   30.175900   80.956019   -0.455    0.193  1
RGI60-15.08295     0.55433   29.502083   97.332662   -1.060    0.215  1
RGI60-15.06870     0.55432   30.719518   79.375953    0.072    0.173  1
RGI60-15.03534     0.55429   27.811540   86.508178   -0.664    0.213  1
RGI60-15.04772     0.55429   28.542150   83.956265   -0.468    0.265  1
RGI60-15.01798     0.55425   28.180147   91.869912   -0.034    0.183  1
RGI60-15.06226     0.55415   29.668658   81.505292   -0.998    0.248  1
RGI60-15.02500     0.55409   27.981385   90.402801   -1.056    0.227  1
RGI60-15.11977     0.55401   29.785594   95.619630   -0.103    0.235  1
RGI60-15.05189     0.55382   30.315756   81.992827   -0.625    0.183  1
RGI60-15.01237     0.55332   29.960537   95.488971   -0.040    0.197  1
RGI60-15.12746     0.55280   29.185415   97.061903   -1.045    0.254  1
RGI60-15.10766     0.55275   28.263745   90.484327   -0.370    0.180  1
RGI60-15.00489     0.55244   28.762341   98.051432   -1.307    0.270  1
RGI60-15.11094     0.55226   30.156221   95.830528   -0.399    0.386  1
RGI60-15.05774     0.55224   30.200832   81.627253   -0.535    0.213  1
RGI60-15.08902     0.55189   30.436364   80.718573   -0.136    0.162  1
RGI60-15.02795     0.55186   27.756844   88.135428   -0.273    0.165  1
RGI60-15.11023     0.55174   30.262020   82.119612   -1.063    0.230  1
RGI60-15.05651     0.55169   29.641058   82.793372   -0.891    0.213  1
RGI60-15.02565     0.55144   28.043081   90.543666   -0.226    0.173  1
RGI60-15.11097     0.55115   30.000191   95.832361   -0.349    0.327  1
RGI60-15.08748     0.55101   31.058136   79.172246   -0.346    0.184  1
RGI60-15.03799     0.55099   27.799563   86.870631   -0.200    0.176  1
RGI60-15.02853     0.55062   27.804795   88.153100   -0.170    0.179  1
RGI60-15.07718     0.55061   31.773497   99.116782   -0.395    0.195  1
RGI60-15.11471     0.55046   29.668458   96.440095   -0.669    0.199  1
RGI60-15.04080     0.55045   28.300707   85.724771   -0.064    0.217  1
RGI60-15.10635     0.55036   27.847419   87.727237   -0.115    0.167  1
RGI60-15.03328     0.55034   27.885403   88.810125   -1.307    0.293  1
RGI60-15.06918     0.55009   30.869458   79.026144   -0.020    0.200  1
RGI60-15.04970     0.54962   29.226170   83.821579   -0.426    0.171  1
RGI60-15.00530     0.54938   28.022040   97.252576   -0.606    0.188  1
RGI60-15.06229     0.54894   29.681828   81.510181   -0.799    0.229  1
RGI60-15.08325     0.54887   29.723513   97.249942   -0.632    0.192  1
RGI60-15.03237     0.54880   27.735647   88.021746   -0.209    0.171  1
RGI60-15.06566     0.54870   30.289271   80.346684   -0.024    0.192  1
RGI60-15.09238     0.54865   28.767246   85.109618   -0.642    0.201  1
RGI60-15.03100     0.54863   27.790994   87.917551   -0.284    0.180  1
RGI60-15.10252     0.54860   28.387334   86.482045   -0.738    0.187  1
RGI60-15.12929     0.54859   29.253706   97.281369   -0.846    0.228  1
RGI60-15.02241     0.54847   27.864336   89.358217   -0.821    0.220  1
RGI60-15.01802     0.54846   28.146503   91.855626   -0.486    0.183  1
RGI60-15.00848     0.54826   30.281490   95.563128   -0.458    0.204  1
RGI60-15.06925     0.54804   30.929672   79.008858   -0.260    0.230  1
RGI60-15.01402     0.54797   28.132353   92.869176   -0.927    0.289  1
RGI60-15.11081     0.54755   30.208608   95.821583   -0.049    0.257  1
RGI60-15.07457     0.54751   31.115286   78.910725   -0.276    0.171  1
RGI60-15.03788     0.54748   27.862056   86.947811   -0.636    0.192  1
RGI60-15.08139     0.54704   28.991182   97.644428   -0.765    0.238  1
RGI60-15.12653     0.54693   29.030006   96.977831   -0.552    0.254  1
RGI60-15.06712     0.54676   30.579819   79.961292   -0.162    0.279  1
RGI60-15.09882     0.54642   28.072940   87.170059   -0.530    0.271  1
RGI60-15.00388     0.54635   29.254971   97.575921   -1.085    0.214  1
RGI60-15.04206     0.54632   28.163033   85.556004   -0.770    0.217  1
RGI60-15.00354     0.54620   28.900430   98.268081   -0.476    0.232  1
RGI60-15.08110     0.54584   29.120307   97.546023   -0.616    0.199  1
RGI60-15.08417     0.54572   29.895610   97.053893   -0.849    0.244  1
RGI60-15.01598     0.54568   27.955934   92.668525   -0.204    0.201  1
RGI60-15.09493     0.54550   28.157606   85.891371   -0.012    0.200  1
RGI60-15.05634     0.54539   29.511411   82.452632   -0.581    0.220  1
RGI60-15.09502     0.54517   28.461304   85.807075   -0.437    0.173  1
RGI60-15.07874     0.54516   29.671380  101.867834   -0.804    0.237  1
RGI60-15.03317     0.54505   27.889069   88.772947   -0.988    0.218  1
RGI60-15.08260     0.54481   29.595323   97.236984   -1.040    0.257  1
RGI60-15.08150     0.54475   28.968459   97.660260   -0.019    0.216  1
RGI60-15.11683     0.54465   29.491523   96.967518   -1.027    0.229  1
RGI60-15.01954     0.54457   27.791187   92.304348   -0.600    0.214  1
RGI60-15.09976     0.54456   28.153287   86.802883   -0.609    0.174  1
RGI60-15.07020     0.54455   30.487118   79.858212   -0.316    0.187  1
RGI60-15.12998     0.54447   28.865198   97.338874   -0.746    0.215  1
RGI60-15.03882     0.54443   27.760028   87.080848   -1.100    0.240  1
RGI60-15.10008     0.54373   28.176575   86.871837   -0.636    0.188  1
RGI60-15.04120     0.54363   28.327158   85.670862   -0.470    0.212  1
RGI60-15.08410     0.54356   29.911190   97.049546   -0.680    0.205  1
RGI60-15.01942     0.54346   27.849419   92.369635   -0.029    0.192  1
RGI60-15.01801     0.54331   28.160544   91.860343   -0.341    0.183  1
RGI60-15.08070     0.54286   28.825036   98.557749   -0.851    0.232  1
RGI60-15.11646     0.54284   29.619788   96.934775   -0.857    0.225  1
RGI60-15.07919     0.54264   30.610816  101.896097   -0.605    0.228  1
RGI60-15.11378     0.54233   29.885744   96.293403   -0.663    0.855  1
RGI60-15.06310     0.54221   30.301355   80.686662   -0.255    0.190  1
RGI60-15.06872     0.54217   30.677694   79.397874   -0.252    0.166  1
RGI60-15.03122     0.54211   27.737353   87.922491   -0.385    0.182  1
RGI60-15.10893     0.54198   28.096958   90.722636   -0.644    0.199  1
RGI60-15.01038     0.54187   30.315827   95.192535   -0.341    0.206  1
RGI60-15.01287     0.54186   28.202425   92.758854   -0.144    0.204  1
RGI60-15.00629     0.54152   30.647777   95.193489   -0.676    0.197  1
RGI60-15.12532     0.53991   29.202536   96.556642    0.147    0.242  1
RGI60-15.00781     0.53975   30.374512   95.665497   -0.885    0.219  1
RGI60-15.01524     0.53975   28.042522   92.555004   -0.495    0.196  1
RGI60-15.06407     0.53970   29.956639   82.054290   -0.174    0.246  1
RGI60-15.02015     0.53964   27.917655   92.436340   -0.442    0.203  1
RGI60-15.10957     0.53950   28.040846   89.461863   -0.415    0.197  1
RGI60-15.05539     0.53927   29.382545   82.565877   -0.744    0.241  1
RGI60-15.02947     0.53925   27.960038   88.699028   -0.222    0.182  1
RGI60-15.12140     0.53905   29.263941   95.997270   -0.120    0.460  1
RGI60-15.07068     0.53897   30.512687   79.841748    0.036    0.210  1
RGI60-15.08252     0.53894   29.644478   97.225044   -1.800    0.306  1
RGI60-15.05492     0.53893   29.333043   82.826642   -0.263    0.178  1
RGI60-15.03497     0.53884   27.795160   86.601344   -0.275    0.210  1
RGI60-15.01648     0.53877   28.434381   91.117371   -0.564    0.170  1
RGI60-15.02638     0.53871   28.175200   89.936945    0.084    0.206  1
RGI60-15.03705     0.53864   27.921076   87.848540   -0.537    0.196  1
RGI60-15.09639     0.53857   28.240465   86.205993   -0.545    0.204  1
RGI60-15.05470     0.53852   29.330823   82.762597   -0.424    0.196  1
RGI60-15.04483     0.53849   28.711302   84.143747   -0.399    0.190  1
RGI60-15.06137     0.53845   30.110211   80.494754    0.167    0.358  1
RGI60-15.00915     0.53843   30.595589   95.163834   -0.506    0.220  1
RGI60-15.03236     0.53824   27.724645   88.024465   -0.430    0.188  1
RGI60-15.05159     0.53775   30.050124   81.881043   -0.897    0.254  1
RGI60-15.12666     0.53768   29.435261   96.990408   -1.148    0.252  1
RGI60-15.13076     0.53763   29.032653   97.561817   -0.270    0.201  1
RGI60-15.01496     0.53758   27.846996   92.555353   -0.857    0.331  1
RGI60-15.10758     0.53744   28.199744   90.477009   -0.060    0.168  1
RGI60-15.08209     0.53740   29.529103   97.142020   -0.642    0.227  1
RGI60-15.03849     0.53702   27.834273   87.063438   -0.637    0.212  1
RGI60-15.04895     0.53679   28.938980   83.438093   -0.640    0.210  1
RGI60-15.05986     0.53654   29.964260   80.873812    0.059    0.219  1
RGI60-15.03287     0.53645   27.845145   88.610645   -0.504    0.220  1
RGI60-15.06613     0.53643   30.900789   79.002662   -0.100    0.216  1
RGI60-15.05611     0.53630   29.363328   82.575454   -0.519    0.232  1
RGI60-15.08254     0.53612   29.613360   97.226341   -0.873    0.233  1
RGI60-15.08709     0.53606   31.070815   79.036129   -0.228    0.177  1
RGI60-15.08428     0.53604   29.668113   97.065400   -1.034    0.243  1
RGI60-15.06688     0.53592   30.557862   80.110924    0.290    0.217  1
RGI60-15.11556     0.53591   29.598405   96.630081   -0.434    0.218  1
RGI60-15.07192     0.53582   30.708063   79.378229   -0.276    0.189  1
RGI60-15.08383     0.53532   29.687264   97.020149   -1.166    0.258  1
RGI60-15.12633     0.53526   29.098908   96.916913    0.059    0.317  1
RGI60-15.02613     0.53523   28.107387   89.811724   -0.804    0.202  1
RGI60-15.07100     0.53501   30.652111   79.723225   -0.373    0.182  1
RGI60-15.07225     0.53495   30.668568   79.408524   -0.049    0.168  1
RGI60-15.01434     0.53463   28.297131   93.037275   -0.312    0.288  1
RGI60-15.04838     0.53446   28.859462   83.429367   -0.940    0.235  1
RGI60-15.00432     0.53437   28.693611   98.107231   -0.704    0.275  1
RGI60-15.07052     0.53415   30.646310   79.961044   -0.233    0.297  1
RGI60-15.08073     0.53376   29.234348   98.459415   -0.207    0.246  1
RGI60-15.05971     0.53365   30.188664   80.961635   -0.258    0.197  1
RGI60-15.03727     0.53332   27.854451   87.018908   -0.208    0.169  1
RGI60-15.11175     0.53326   30.210401   95.898375    2.110    0.918  1
RGI60-15.12398     0.53314   28.427993   96.911789   -0.650    0.221  1
RGI60-15.07491     0.53308   31.170808   78.711996    0.058    0.168  1
RGI60-15.11987     0.53302   29.625168   95.720929   -0.048    0.360  1
RGI60-15.08475     0.53291   29.788955   97.189485   -0.746    0.212  1
RGI60-15.07093     0.53289   30.374004   79.720660   -0.092    0.192  1
RGI60-15.05323     0.53254   29.797405   82.397010   -1.100    0.300  1
RGI60-15.09043     0.53244   30.308780   81.346378   -0.299    0.218  1
RGI60-15.11161     0.53228   30.236699   95.888642   -0.387    0.460  1
RGI60-15.03712     0.53228   27.914375   86.401033   -0.347    0.182  1
RGI60-15.12864     0.53212   29.023054   97.167105   -1.050    0.247  1
RGI60-15.03016     0.53208   27.793036   88.328275   -0.414    0.176  1
RGI60-15.02904     0.53201   27.887073   87.896054   -0.283    0.184  1
RGI60-15.00687     0.53187   30.459632   95.371633   -0.626    0.210  1
RGI60-15.03638     0.53180   27.748826   87.655326   -1.036    0.238  1
RGI60-15.08486     0.53170   29.762557   96.492650   -0.839    0.221  1
RGI60-15.00616     0.53161   30.088735   95.322955   -0.466    0.228  1
RGI60-15.01355     0.53144   28.181100   92.798691    0.056    0.234  1
RGI60-15.07178     0.53120   30.230815   80.338346    0.053    0.217  1
RGI60-15.11516     0.53115   29.656760   96.525139   -0.372    0.210  1
RGI60-15.01486     0.53082   27.744137   92.472424   -0.771    0.233  1
RGI60-15.08311     0.53063   29.777394   97.194273   -0.539    0.183  1
RGI60-15.07611     0.53052   30.985611   78.549938   -0.453    0.226  1
RGI60-15.07973     0.53038   31.097093  102.903390   -0.548    0.199  1
RGI60-15.02465     0.53024   27.996670   90.315886   -1.086    0.236  1
RGI60-15.12296     0.53022   29.110435   96.388998    0.123    0.360  1
RGI60-15.02611     0.52984   28.149635   89.878334   -0.677    0.184  1
RGI60-15.01492     0.52976   27.870027   92.509328   -0.311    0.189  1
RGI60-15.07255     0.52960   30.424360   80.074755    0.208    0.272  1
RGI60-15.06928     0.52954   30.932699   79.139779   -0.139    0.194  1
RGI60-15.07331     0.52943   31.237556   78.854602   -0.720    0.191  1
RGI60-15.12085     0.52939   29.501133   95.958705   -0.883    0.666  1
RGI60-15.11497     0.52913   29.791827   96.474991   -0.534    0.203  1
RGI60-15.12169     0.52890   29.290514   96.168571   -0.156    0.570  1
RGI60-15.11260     0.52863   29.798125   96.011075   -0.524    0.355  1
RGI60-15.00203     0.52860   28.295933   98.977909   -0.777    0.250  1
RGI60-15.06135     0.52851   30.293363   80.410006   -0.203    0.213  1
RGI60-15.10843     0.52847   28.175395   90.585421   -0.668    0.222  1
RGI60-15.00333     0.52833   29.234954   98.352267   -0.981    0.248  1
RGI60-15.03791     0.52802   27.729056   86.969185   -0.577    0.209  1
RGI60-15.05464     0.52788   29.352191   82.621542    0.081    0.207  1
RGI60-15.05658     0.52782   29.675132   82.403656   -1.351    0.332  1
RGI60-15.01029     0.52776   30.242621   95.262615   -0.828    0.266  1
RGI60-15.06138     0.52765   30.105419   80.468658   -0.217    0.256  1
RGI60-15.01136     0.52745   29.992647   95.416818   -0.518    0.209  1
RGI60-15.04982     0.52725   29.108680   83.696683   -0.456    0.174  1
RGI60-15.04919     0.52691   28.983048   83.172171   -0.393    0.200  1
RGI60-15.09637     0.52672   28.280210   86.189172   -0.275    0.198  1
RGI60-15.12264     0.52670   29.315286   96.188662   -0.326    0.286  1
RGI60-15.12973     0.52656   29.373620   97.307139   -0.870    0.221  1
RGI60-15.07914     0.52652   30.180493  101.999678    0.079    0.315  1
RGI60-15.07770     0.52615   29.189301  101.212640   -0.921    0.345  1
RGI60-15.10781     0.52609   28.106431   90.504379   -0.343    0.153  1
RGI60-15.02697     0.52604   27.890705   88.183836   -1.311    0.248  1
RGI60-15.04531     0.52590   28.661540   84.281254   -0.290    0.166  1
RGI60-15.05065     0.52570   29.011036   83.724733   -0.629    0.199  1
RGI60-15.09940     0.52567   28.219445   86.752378   -0.292    0.186  1
RGI60-15.02786     0.52555   27.757489   88.007672   -0.221    0.172  1
RGI60-15.11673     0.52535   29.594624   96.956451   -0.848    0.248  1
RGI60-15.12446     0.52519   29.388939   96.327740    0.306    0.471  1
RGI60-15.02322     0.52517   28.134531   89.925793   -0.860    0.232  1
RGI60-15.11208     0.52514   30.144826   95.929307   -0.778    0.454  1
RGI60-15.12994     0.52488   29.326199   97.333818   -0.645    0.193  1
RGI60-15.09116     0.52483   28.748404   84.541943    0.023    0.260  1
RGI60-15.02959     0.52480   28.004187   88.671725   -0.282    0.187  1
RGI60-15.03631     0.52451   27.780789   87.675165   -0.562    0.208  1
RGI60-15.11400     0.52442   29.850028   96.319975   -0.288    0.285  1
RGI60-15.09558     0.52439   27.969805   86.100872   -0.156    0.208  1
RGI60-15.03868     0.52430   27.745329   87.121119   -0.416    0.212  1
RGI60-15.06710     0.52415   30.563384   79.913752   -0.380    0.282  1
RGI60-15.03369     0.52411   27.786627   86.973022    0.294    0.194  1
RGI60-15.00392     0.52402   29.291571   97.696451   -1.221    0.241  1
RGI60-15.06691     0.52392   30.458322   80.258758   -0.034    0.204  1
RGI60-15.00488     0.52376   28.728768   97.955718   -0.821    0.243  1
RGI60-15.03518     0.52368   27.766082   86.553586   -0.134    0.186  1
RGI60-15.03024     0.52360   27.813267   88.310629   -0.226    0.163  1
RGI60-15.07316     0.52294   31.192932   78.648421   -0.344    0.213  1
RGI60-15.09536     0.52283   28.013203   86.068530   -0.348    0.187  1
RGI60-15.03000     0.52279   27.706967   88.355543   -0.578    0.237  1
RGI60-15.05039     0.52245   28.793103   83.370268   -0.240    0.161  1
RGI60-15.02125     0.52239   28.051804   91.350066   -0.734    0.220  1
RGI60-15.05119     0.52213   28.731591   84.319613   -0.435    0.213  1
RGI60-15.06739     0.52201   30.289477   79.996007    0.091    0.664  1
RGI60-15.05499     0.52177   29.227871   82.871692   -0.184    0.495  1
RGI60-15.04535     0.52174   28.650070   84.283009   -0.379    0.201  1
RGI60-15.05488     0.52142   29.331690   82.572357   -0.266    0.201  1
RGI60-15.13010     0.52140   28.867572   97.346897   -0.623    0.220  1
RGI60-15.07201     0.52134   30.768158   79.357270   -0.099    0.188  1
RGI60-15.08470     0.52110   29.694667   97.175884   -0.682    0.191  1
RGI60-15.09199     0.52086   28.661034   85.036143   -0.657    0.216  1
RGI60-15.09662     0.52066   28.187260   86.234976   -0.710    0.204  1
RGI60-15.05681     0.52056   29.715218   82.265122   -0.631    0.220  1
RGI60-15.09239     0.52049   28.465017   85.112121    0.083    0.280  1
RGI60-15.03336     0.52031   27.916311   88.789587   -0.506    0.174  1
RGI60-15.12364     0.52000   28.606129   96.796596    0.072    0.225  1
RGI60-15.10913     0.51981   28.091566   90.817658   -0.866    0.221  1
RGI60-15.04031     0.51959   28.464172   84.632468    0.196    0.204  1
RGI60-15.06641     0.51958   30.640305   79.346462   -0.312    0.168  1
RGI60-15.10606     0.51950   28.143247   87.612552   -0.497    0.230  1
RGI60-15.05844     0.51923   29.850108   81.557715   -0.403    0.193  1
RGI60-15.04527     0.51906   28.825123   84.239124   -0.366    0.201  1
RGI60-15.08556     0.51897   29.873613   96.868648   -0.852    0.212  1
RGI60-15.00429     0.51891   28.706855   98.111788   -0.770    0.268  1
RGI60-15.03821     0.51888   27.703495   86.849998   -0.588    0.244  1
RGI60-15.06665     0.51870   30.419633   80.359167    0.029    0.178  1
RGI60-15.12213     0.51863   29.044481   96.347577   -0.161    0.185  1
RGI60-15.04595     0.51861   28.830060   83.548838   -0.073    0.194  1
RGI60-15.01756     0.51856   28.133686   91.599568   -0.342    0.172  1
RGI60-15.10698     0.51850   27.901064   88.920421   -0.299    0.193  1
RGI60-15.12641     0.51846   29.008232   96.938912   -0.929    0.269  1
RGI60-15.06882     0.51826   30.876029   79.234618   -0.125    0.169  1
RGI60-15.09749     0.51825   27.942396   86.378812   -0.090    0.191  1
RGI60-15.02339     0.51764   28.084460   89.980119   -0.579    0.204  1
RGI60-15.09333     0.51732   28.637590   85.392982   -0.152    0.185  1
RGI60-15.11002     0.51695   29.809020   82.784754   -0.581    0.222  1
RGI60-15.04344     0.51675   28.545948   84.473769   -0.184    0.187  1
RGI60-15.01821     0.51654   28.057274   92.517792   -0.693    0.244  1
RGI60-15.03924     0.51645   27.853370   86.870056   -0.308    0.180  1
RGI60-15.12928     0.51634   28.894843   97.281221   -0.283    0.207  1
RGI60-15.00749     0.51626   30.418484   95.582507   -0.648    0.210  1
RGI60-15.02315     0.51623   28.101201   89.879924   -0.425    0.222  1
RGI60-15.12645     0.51623   29.105064   96.945314   -0.274    0.324  1
RGI60-15.11302     0.51615   30.105445   96.157023   -0.865    0.309  1
RGI60-15.12282     0.51597   29.139521   96.314395   -0.294    0.254  1
RGI60-15.09162     0.51588   28.841224   84.787537   -0.888    0.279  1
RGI60-15.08258     0.51587   29.638141   97.231937   -0.908    0.268  1
RGI60-15.08107     0.51556   29.147811   97.523712   -0.750    0.229  1
RGI60-15.06144     0.51531   30.072923   81.941209   -0.068    0.191  1
RGI60-15.12599     0.51515   29.137396   96.734894   -0.245    0.257  1
RGI60-15.10065     0.51513   28.174161   86.952752   -0.462    0.182  1
RGI60-15.06151     0.51476   29.893873   82.083400   -0.736    0.266  1
RGI60-15.03358     0.51475   27.837770   88.737946   -0.964    0.218  1
RGI60-15.12046     0.51460   29.368709   95.855477   -1.366    0.732  1
RGI60-15.05746     0.51423   29.326721   82.721514   -0.292    0.209  1
RGI60-15.04810     0.51404   28.538680   84.158769   -0.123    0.261  1
RGI60-15.04804     0.51377   28.512790   84.063227   -0.144    0.184  1
RGI60-15.10714     0.51332   28.255489   90.343626   -0.303    0.163  1
RGI60-15.02996     0.51320   27.661511   88.356793   -0.605    0.216  1
RGI60-15.12824     0.51318   29.408441   97.116570   -1.059    0.262  1
RGI60-15.03918     0.51318   27.705554   86.856241   -0.376    0.190  1
RGI60-15.02306     0.51302   28.043355   89.890509   -0.494    0.200  1
RGI60-15.07292     0.51288   30.659470   79.698422   -0.022    0.178  1
RGI60-15.03620     0.51281   27.936208   86.357868   -0.302    0.196  1
RGI60-15.12850     0.51280   29.425929   97.160177   -1.382    0.274  1
RGI60-15.03922     0.51236   27.798416   87.041258    0.054    0.225  1
RGI60-15.01723     0.51221   28.230909   91.338051   -0.574    0.200  1
RGI60-15.12395     0.51207   28.513498   96.904948   -0.141    0.198  1
RGI60-15.04967     0.51195   29.252971   83.814498   -0.421    0.169  1
RGI60-15.10750     0.51154   28.228516   90.466679   -0.283    0.184  1
RGI60-15.02317     0.51131   28.131166   89.893202   -0.375    0.204  1
RGI60-15.11407     0.51116   29.723720   96.326353   -0.924    0.372  1
RGI60-15.10032     0.51100   28.124971   86.903348   -0.448    0.201  1
RGI60-15.08895     0.51068   30.485808   80.664138   -0.328    0.200  1
RGI60-15.05869     0.51048   30.298749   80.432289   -0.450    0.213  1
RGI60-15.02378     0.51031   28.052943   90.328863   -0.506    0.177  1
RGI60-15.02544     0.51022   27.982955   90.614318   -0.937    0.221  1
RGI60-15.06664     0.51021   30.419744   80.386084   -0.372    0.210  1
RGI60-15.10563     0.51014   28.168410   87.586850   -0.574    0.208  1
RGI60-15.00882     0.50974   30.285390   95.467367   -0.172    0.237  1
RGI60-15.03218     0.50972   27.545149   88.096908   -0.559    0.199  1
RGI60-15.12013     0.50930   29.355732   95.774732   -0.436    0.311  1
RGI60-15.11231     0.50917   29.825307   95.950687    0.410    1.159  1
RGI60-15.00886     0.50900   30.313516   95.394934   -0.413    0.223  1
RGI60-15.01505     0.50867   27.956015   92.649510    0.122    0.207  1
RGI60-15.02931     0.50860   27.980324   88.625432   -0.534    0.216  1
RGI60-15.02548     0.50859   27.893115   90.799805   -0.714    0.214  1
RGI60-15.07162     0.50850   30.916247   79.244480   -0.091    0.173  1
RGI60-15.02779     0.50847   27.695764   88.000980   -0.149    0.226  1
RGI60-15.12227     0.50830   29.007467   96.431564   -0.171    0.212  1
RGI60-15.03086     0.50813   27.785146   87.963409   -0.451    0.201  1
RGI60-15.08438     0.50793   29.685171   97.087561   -0.948    0.234  1
RGI60-15.00043     0.50787   30.145698   99.462636   -0.774    0.238  1
RGI60-15.03138     0.50779   27.691101   87.918534   -0.419    0.192  1
RGI60-15.04010     0.50771   28.614671   84.671657   -0.038    0.215  1
RGI60-15.11489     0.50766   29.731705   96.455844   -0.653    0.187  1
RGI60-15.01409     0.50757   28.196637   92.933061    0.391    0.398  1
RGI60-15.09860     0.50745   28.053316   87.113234   -0.449    0.191  1
RGI60-15.09810     0.50740   28.057321   87.019033   -0.412    0.174  1
RGI60-15.02070     0.50710   27.860654   91.593039   -1.140    0.239  1
RGI60-15.10745     0.50695   28.117278   90.454463   -0.161    0.155  1
RGI60-15.11368     0.50692   29.865606   96.262377    0.062    0.552  1
RGI60-15.06263     0.50641   29.834129   81.556679   -0.769    0.210  1
RGI60-15.09074     0.50639   30.218559   81.366760   -0.385    0.180  1
RGI60-15.10334     0.50634   27.954329   87.870273   -0.615    0.219  1
RGI60-15.07600     0.50628   30.929070   78.817985    0.017    0.171  1
RGI60-15.02854     0.50574   27.819612   88.177064   -0.324    0.217  1
RGI60-15.09583     0.50557   28.344442   86.205437   -0.443    0.167  1
RGI60-15.05914     0.50500   30.016313   81.361770   -1.052    0.258  1
RGI60-15.12230     0.50487   28.965959   96.435635   -0.054    0.212  1
RGI60-15.02690     0.50476   27.950587   90.384826   -0.456    0.187  1
RGI60-15.07573     0.50453   30.821980   78.900795   -0.132    0.176  1
RGI60-15.02731     0.50450   27.597097   88.085284   -0.171    0.194  1
RGI60-15.08665     0.50436   30.264118   95.918867   -0.223    0.349  1
RGI60-15.02389     0.50389   28.032299   90.279507   -0.568    0.178  1
RGI60-15.01878     0.50359   27.769414   92.185832   -0.705    0.212  1
RGI60-15.06684     0.50355   30.556988   80.247422   -0.067    0.185  1
RGI60-15.09653     0.50347   28.235996   86.218166   -0.723    0.211  1
RGI60-15.01912     0.50332   27.887246   92.259655   -0.893    0.228  1
RGI60-15.07596     0.50329   30.968074   78.804047    0.030    0.174  1
RGI60-15.00889     0.50302   30.224909   95.447031   -0.934    0.257  1
RGI60-15.02551     0.50283   27.904074   90.776821   -0.425    0.214  1
RGI60-15.04361     0.50279   29.013614   83.767244   -0.525    0.193  1
RGI60-15.07663     0.50277   27.325651  100.104061   -1.140    0.247  1
RGI60-15.05315     0.50272   29.781902   82.353735   -0.569    0.231  1
RGI60-15.05013     0.50257   29.049170   83.614692   -0.453    0.179  1
RGI60-15.04612     0.50244   28.852684   84.301897   -0.606    0.217  1
RGI60-15.11476     0.50237   29.725881   96.443009   -0.943    0.249  1
RGI60-15.11537     0.50235   29.650837   96.609080   -0.529    0.197  1
RGI60-15.03126     0.50219   27.723627   87.909438   -0.077    0.273  1
RGI60-15.06233     0.50201   29.704588   81.508993   -0.633    0.201  1
RGI60-15.04505     0.50184   28.492580   84.272276   -0.290    0.185  1
RGI60-15.00948     0.50178   30.539549   95.263729   -0.460    0.218  1
RGI60-15.08172     0.50177   29.456358   97.449443   -0.939    0.243  1
RGI60-15.12300     0.50126   28.518367   96.414969   -0.785    0.273  1
RGI60-15.11163     0.50116   30.192210   95.891973   -0.524    0.256  1
RGI60-15.06088     0.50103   30.243919   81.893587   -0.933    0.255  1
RGI60-15.05436     0.50090   28.847106   82.632702   -0.720    0.205  1
RGI60-15.05755     0.50084   29.232897   82.808155   -0.912    0.280  1
RGI60-15.04861     0.50081   28.767031   83.171127   -0.468    0.195  1
RGI60-15.09826     0.50071   28.051436   87.051651   -0.408    0.163  1
RGI60-15.05442     0.50064   29.110783   82.733703   -2.698    0.478  1
RGI60-15.08233     0.50047   29.691296   97.186108   -0.830    0.231  1
RGI60-15.09722     0.50036   28.205670   86.354958   -0.537    0.188  1
RGI60-15.10704     0.50028   27.790623   89.230295   -0.941    0.226  1
RGI60-15.12319     0.50011   28.963314   96.515597   -0.428    0.249  1
RGI60-15.07349     0.50005   31.164751   78.863992    0.125    0.188  1
RGI60-15.11466     0.49996   29.791796   96.434327   -0.559    0.247  1
RGI60-15.12765     0.49994   29.489096   97.076548   -0.690    0.214  1
RGI60-15.03009     0.49994   27.740781   88.287048   -0.280    0.168  1
RGI60-15.06909     0.49987   30.728759   79.215009   -0.220    0.200  1
RGI60-15.07720     0.49974   31.756902   99.178783   -0.943    0.221  1
RGI60-15.05030     0.49967   28.788646   83.228185   -0.015    0.187  1
RGI60-15.06900     0.49965   30.817770   79.442747   -0.166    0.167  1
RGI60-15.02249     0.49946   28.171119   89.711880   -0.364    0.194  1
RGI60-15.00018     0.49939   29.864115   99.639065   -0.611    0.229  1
RGI60-15.03997     0.49909   28.468300   84.572668   -0.296    0.218  1
RGI60-15.08564     0.49885   29.786261   96.880109   -0.853    0.221  1
RGI60-15.04553     0.49869   28.496449   83.805633   -0.147    0.234  1
RGI60-15.03383     0.49855   27.780018   87.109426   -0.122    0.204  1
RGI60-15.00471     0.49838   29.105328   97.860553   -0.962    0.212  1
RGI60-15.02855     0.49828   27.845492   88.114139   -0.271    0.170  1
RGI60-15.01861     0.49817   27.787961   92.056378   -0.616    0.191  1
RGI60-15.09404     0.49817   28.451142   85.528545   -0.311    0.225  1
RGI60-15.09574     0.49796   28.333786   86.170752   -0.559    0.185  1
RGI60-15.04167     0.49795   28.544134   85.156669   -0.344    0.215  1
RGI60-15.04917     0.49741   28.976706   83.141760   -0.226    0.187  1
RGI60-15.02815     0.49725   27.785351   88.267108   -0.258    0.166  1
RGI60-15.02062     0.49707   27.984226   91.586931   -0.832    0.253  1
RGI60-15.09879     0.49685   27.973315   87.163293   -0.266    0.264  1
RGI60-15.05110     0.49681   28.799580   83.247986   -0.448    0.212  1
RGI60-15.11031     0.49674   30.016997   95.736821   -0.006    0.406  1
RGI60-15.07264     0.49666   30.263242   79.874246   -0.246    0.386  1
RGI60-15.12662     0.49665   29.032828   96.984813   -0.253    0.311  1
RGI60-15.05661     0.49657   29.687486   82.395150   -0.914    0.291  1
RGI60-15.04624     0.49636   28.778642   84.382295    0.055    0.173  1
RGI60-15.06868     0.49625   30.807149   79.461395   -0.503    0.181  1
RGI60-15.04751     0.49623   28.806897   84.030497   -0.537    0.195  1
RGI60-15.04784     0.49622   28.576981   83.875220    0.020    0.196  1
RGI60-15.03235     0.49614   27.726521   88.017687   -0.253    0.179  1
RGI60-15.11716     0.49613   29.697860   97.016452   -1.036    0.226  1
RGI60-15.11881     0.49604   29.410294   96.431832   -0.754    0.233  1
RGI60-15.02950     0.49593   27.984279   88.682502   -0.110    0.234  1
RGI60-15.00515     0.49589   28.478396   98.658274   -0.369    0.232  1
RGI60-15.12839     0.49558   28.967662   97.138718   -0.743    0.237  1
RGI60-15.10462     0.49504   27.979830   88.238600   -0.384    0.193  1
RGI60-15.04164     0.49498   28.479930   84.772048   -0.256    0.275  1
RGI60-15.04524     0.49485   28.566006   83.912453   -3.015    0.584  1
RGI60-15.06685     0.49468   30.558645   80.214724   -0.198    0.228  1
RGI60-15.06612     0.49449   30.757759   79.028454   -0.519    0.192  1
RGI60-15.09571     0.49432   28.281885   86.141322   -0.786    0.216  1
RGI60-15.02396     0.49431   27.973624   90.119339   -0.797    0.205  1
RGI60-15.02491     0.49417   27.931519   90.394598   -0.544    0.183  1
RGI60-15.04973     0.49409   29.278296   83.854143    0.009    0.202  1
RGI60-15.01986     0.49396   27.725002   92.390980   -1.137    0.342  1
RGI60-15.09519     0.49380   28.312299   85.908413   -0.687    0.205  1
RGI60-15.03566     0.49380   27.931317   86.381634   -0.451    0.193  1
RGI60-15.07621     0.49378   30.768669   78.860751    0.025    0.218  1
RGI60-15.09596     0.49358   28.354517   86.263676   -0.499    0.170  1
RGI60-15.10948     0.49348   27.893852   89.386576   -0.426    0.191  1
RGI60-15.03199     0.49341   27.711572   88.301865   -0.007    0.196  1
RGI60-15.03240     0.49320   27.751135   88.083850   -0.286    0.178  1
RGI60-15.05974     0.49302   30.190915   80.948414   -0.025    0.205  1
RGI60-15.00153     0.49299   29.915197   99.644620   -0.432    0.225  1
RGI60-15.05886     0.49297   29.758675   81.521981   -0.474    0.221  1
RGI60-15.00507     0.49289   28.377726   97.764593   -0.410    0.230  1
RGI60-15.12086     0.49276   29.566168   95.963641   -7.323    2.381  1
RGI60-15.08473     0.49269   29.699476   97.180420   -0.691    0.194  1
RGI60-15.01147     0.49269   29.549294   95.126334   -0.363    0.353  1
RGI60-15.03822     0.49252   27.705516   86.861451   -0.314    0.188  1
RGI60-15.05931     0.49240   30.049162   81.058965   -0.005    0.175  1
RGI60-15.07624     0.49233   30.787361   78.871056   -0.027    0.230  1
RGI60-15.00700     0.49213   30.438756   95.436458   -0.315    0.199  1
RGI60-15.10545     0.49191   28.170071   87.492422   -0.360    0.183  1
RGI60-15.08988     0.49184   30.441606   81.252627   -0.096    0.188  1
RGI60-15.08363     0.49147   29.859966   96.993449   -0.715    0.221  1
RGI60-15.01737     0.49142   28.156485   91.519891   -0.503    0.196  1
RGI60-15.08042     0.49122   31.299857  103.118546   -0.653    0.207  1
RGI60-15.11041     0.49107   29.918066   95.754329    0.893    0.510  1
RGI60-15.02401     0.49054   27.989376   90.116715   -0.937    0.212  1
RGI60-15.12290     0.49045   29.112701   96.369665    0.032    0.188  1
RGI60-15.04964     0.49033   29.235917   83.809997   -0.320    0.171  1
RGI60-15.10659     0.49015   27.939666   87.797430   -0.693    0.212  1
RGI60-15.11137     0.48988   30.223792   95.859416    0.936    0.657  1
RGI60-15.09119     0.48988   28.754546   84.553399   -0.030    0.189  1
RGI60-15.03674     0.48972   27.814276   87.820435   -0.749    0.223  1
RGI60-15.02517     0.48947   27.902089   90.559273   -0.766    0.233  1
RGI60-15.09235     0.48944   28.771340   85.080546   -1.408    0.278  1
RGI60-15.09672     0.48940   28.128300   86.264007   -0.638    0.204  1
RGI60-15.00300     0.48934   28.386153   97.477957   -0.689    0.199  1
RGI60-15.12236     0.48894   28.531321   96.482979   -0.560    0.236  1
RGI60-15.12052     0.48891   29.613280   95.869216    0.454    0.766  1
RGI60-15.10684     0.48877   27.758060   88.858876   -0.613    0.249  1
RGI60-15.03553     0.48854   27.821809   86.416776   -0.284    0.181  1
RGI60-15.11071     0.48854   30.225861   95.804203   -0.338    0.286  1
RGI60-15.02667     0.48830   27.871403   89.380404    0.074    0.230  1
RGI60-15.08905     0.48826   30.409090   80.742140   -0.536    0.214  1
RGI60-15.03941     0.48823   28.040786   86.657167   -0.219    0.175  1
RGI60-15.00891     0.48820   30.197436   95.476868    0.206    0.210  1
RGI60-15.05799     0.48809   29.929894   81.227023   -0.305    0.178  1
RGI60-15.03008     0.48788   27.738799   88.317292   -0.336    0.195  1
RGI60-15.02084     0.48773   28.032091   91.528552   -0.202    0.183  1
RGI60-15.08630     0.48767   29.868147   96.439340   -1.152    0.266  1
RGI60-15.12123     0.48739   29.332584   95.912234   -0.320    0.428  1
RGI60-15.10542     0.48734   28.136644   87.484782   -0.317    0.179  1
RGI60-15.01900     0.48704   27.834802   92.286062   -0.759    0.221  1
RGI60-15.08403     0.48700   29.899566   97.042988   -0.536    0.219  1
RGI60-15.04111     0.48700   28.629861   84.610532   -0.198    0.253  1
RGI60-15.00375     0.48675   28.436850   98.569504   -0.535    0.212  1
RGI60-15.06677     0.48669   30.517247   80.284682   -0.212    0.173  1
RGI60-15.07070     0.48655   30.868107   79.576793   -0.045    0.157  1
RGI60-15.07459     0.48647   31.094469   78.867524   -0.391    0.187  1
RGI60-15.01226     0.48635   29.982832   95.178862   -0.530    0.294  1
RGI60-15.02696     0.48615   28.147373   90.212295   -0.516    0.199  1
RGI60-15.07203     0.48614   30.727973   79.560643   -0.401    0.202  1
RGI60-15.05778     0.48609   30.156810   81.661714   -0.817    0.239  1
RGI60-15.11048     0.48605   30.111958   95.775511   -0.612    0.285  1
RGI60-15.03113     0.48593   27.756174   87.931850   -0.356    0.208  1
RGI60-15.08624     0.48579   29.878289   96.430822   -0.542    0.203  1
RGI60-15.03769     0.48553   28.009995   86.145758   -0.431    0.208  1
RGI60-15.11834     0.48530   29.677280   96.115022   -0.490    0.305  1
RGI60-15.10820     0.48505   28.083420   90.558443   -0.215    0.178  1
RGI60-15.12934     0.48492   28.889701   97.283822   -0.349    0.205  1
RGI60-15.11680     0.48456   29.515251   96.963325   -1.012    0.260  1
RGI60-15.11233     0.48441   30.129610   95.956157   -0.251    0.515  1
RGI60-15.04115     0.48431   28.526377   84.959034    0.147    0.201  1
RGI60-15.01688     0.48410   28.293253   91.138173   -0.300    0.242  1
RGI60-15.07990     0.48398   31.133956  102.921328   -0.344    0.216  1
RGI60-15.03184     0.48376   27.960041   88.485842   -0.504    0.203  1
RGI60-15.05574     0.48370   29.387397   82.606859   -0.574    0.220  1
RGI60-15.07210     0.48367   30.710297   79.747120   -0.217    0.216  1
RGI60-15.02814     0.48347   27.778800   88.260595   -0.485    0.194  1
RGI60-15.01624     0.48319   28.071052   92.623445   -0.372    0.223  1
RGI60-15.03762     0.48318   27.865450   86.359433   -1.210    0.256  1
RGI60-15.11900     0.48308   29.477728   96.576571   -0.514    0.246  1
RGI60-15.00534     0.48299   28.057808   97.264796   -1.501    0.306  1
RGI60-15.07187     0.48278   30.817233   79.368611   -0.537    0.198  1
RGI60-15.04801     0.48277   28.479119   83.926280   -0.316    0.202  1
RGI60-15.08445     0.48270   29.708518   97.101912   -0.906    0.237  1
RGI60-15.08901     0.48269   30.435614   80.709363   -0.382    0.195  1
RGI60-15.02821     0.48258   27.757476   88.226520   -0.288    0.193  1
RGI60-15.11117     0.48254   30.240403   95.845740   -0.450    0.266  1
RGI60-15.08385     0.48230   29.721037   97.021673   -0.715    0.221  1
RGI60-15.02674     0.48169   27.790175   89.550402   -0.518    0.292  1
RGI60-15.11546     0.48150   29.623207   96.621847   -1.174    0.282  1
RGI60-15.09782     0.48139   28.057556   86.503538   -0.599    0.183  1
RGI60-15.09913     0.48104   27.846321   87.248840    0.013    0.436  1
RGI60-15.11499     0.48065   29.782265   96.477627   -0.796    0.230  1
RGI60-15.04749     0.48035   28.812730   83.956078   -1.123    0.243  1
RGI60-15.12844     0.48004   29.009381   97.153541   -0.972    0.259  1
RGI60-15.04704     0.47997   28.827538   84.132059   -0.539    0.193  1
RGI60-15.03295     0.47988   27.749418   88.490910   -0.092    0.219  1
RGI60-15.00632     0.47971   30.651867   95.243562   -0.902    0.231  1
RGI60-15.01571     0.47952   27.961456   92.705947    0.397    0.252  1
RGI60-15.12275     0.47941   29.232637   96.265307   -0.144    0.293  1
RGI60-15.05867     0.47934   30.402563   80.693409   -0.555    0.190  1
RGI60-15.02554     0.47930   27.929624   90.527472   -0.887    0.238  1
RGI60-15.04051     0.47926   28.295223   85.156867   -0.067    0.193  1
RGI60-15.03472     0.47916   28.002158   86.644022   -0.711    0.248  1
RGI60-15.11654     0.47914   29.432153   96.939084   -1.036    0.279  1
RGI60-15.05259     0.47875   29.836895   82.294567   -0.131    0.214  1
RGI60-15.04935     0.47849   29.215359   83.447917   -0.893    0.219  1
RGI60-15.02132     0.47835   28.073546   91.407560   -0.395    0.175  1
RGI60-15.02983     0.47816   27.889498   88.609142   -0.785    0.222  1
RGI60-15.02749     0.47790   27.529644   88.215996   -0.490    0.207  1
RGI60-15.05898     0.47783   29.855429   81.428253   -0.144    0.197  1
RGI60-15.02236     0.47773   27.798168   89.250969   -0.760    0.249  1
RGI60-15.08769     0.47767   31.016435   79.237036   -0.097    0.193  1
RGI60-15.08355     0.47716   29.882769   96.971063   -0.839    0.217  1
RGI60-15.05430     0.47716   29.189887   82.574964   -0.134    0.221  1
RGI60-15.09975     0.47711   28.125125   86.802212   -0.329    0.162  1
RGI60-15.06831     0.47704   30.900527   79.523740   -0.512    0.196  1
RGI60-15.09018     0.47696   30.459992   81.311489   -0.393    0.174  1
RGI60-15.10862     0.47684   28.276401   90.627656   -0.251    0.202  1
RGI60-15.02300     0.47672   27.791813   89.295253   -0.912    0.239  1
RGI60-15.04227     0.47664   28.081613   85.887807   -0.536    0.216  1
RGI60-15.03414     0.47664   27.966443   86.848799   -0.593    0.191  1
RGI60-15.08951     0.47654   30.143316   81.087205   -0.683    0.234  1
RGI60-15.04961     0.47650   29.277064   83.829983   -0.360    0.169  1
RGI60-15.09146     0.47630   28.644814   84.727969   -0.167    0.187  1
RGI60-15.02900     0.47608   27.887745   87.926482   -0.777    0.240  1
RGI60-15.10041     0.47591   28.114898   86.908667   -0.426    0.198  1
RGI60-15.07144     0.47582   30.778725   79.028153    0.052    0.179  1
RGI60-15.07684     0.47563   31.643593   99.589713   -1.049    0.230  1
RGI60-15.03212     0.47557   27.676486   88.266425    0.059    0.201  1
RGI60-15.06596     0.47497   30.275061   79.837468    0.303    0.267  1
RGI60-15.06218     0.47488   29.658473   81.478869   -0.808    0.218  1
RGI60-15.08621     0.47482   30.034858   96.277373   -0.125    0.258  1
RGI60-15.04282     0.47452   28.165831   85.618562   -0.289    0.210  1
RGI60-15.05451     0.47420   29.231699   82.785906   -0.031    0.222  1
RGI60-15.09706     0.47418   28.162662   86.326970   -1.387    0.256  1
RGI60-15.02713     0.47368   27.618375   87.988613   -0.109    0.208  1
RGI60-15.04529     0.47321   28.654169   84.313902    0.107    0.203  1
RGI60-15.07166     0.47316   30.781493   79.595453   -0.087    0.181  1
RGI60-15.02325     0.47260   28.157911   89.938509   -0.514    0.203  1
RGI60-15.03191     0.47229   27.764259   88.060667   -0.384    0.182  1
RGI60-15.11237     0.47222   29.973096   95.966336   -0.828    0.338  1
RGI60-15.07795     0.47194   29.080320  101.826454   -0.657    0.242  1
RGI60-15.01011     0.47193   30.371989   95.290503   -0.046    0.228  1
RGI60-15.00178     0.47189   30.136951   99.527491   -0.476    0.209  1
RGI60-15.09334     0.47176   28.730560   85.394173   -0.493    0.195  1
RGI60-15.03663     0.47174   27.772855   87.804345   -0.543    0.194  1
RGI60-15.02905     0.47168   27.893190   87.872481   -0.822    0.234  1
RGI60-15.12372     0.47153   28.505941   96.816694   -0.321    0.226  1
RGI60-15.02310     0.47147   28.077923   89.863560   -0.972    0.235  1
RGI60-15.04910     0.47136   28.981218   83.390573   -0.506    0.205  1
RGI60-15.05819     0.47115   30.170891   81.768171   -0.792    0.211  1
RGI60-15.00131     0.47096   29.919223   99.596790   -0.895    0.268  1
RGI60-15.01104     0.47093   30.177321   95.640706   -0.381    0.218  1
RGI60-15.08464     0.47092   29.750182   97.161331   -0.932    0.228  1
RGI60-15.12089     0.47081   29.564111   95.973349   -0.118    0.795  1
RGI60-15.02553     0.47071   27.930272   90.768357   -0.640    0.216  1
RGI60-15.01060     0.47038   30.080127   95.321016   -0.639    0.266  1
RGI60-15.00638     0.47022   30.685564   95.213802   -0.924    0.254  1
RGI60-15.07671     0.46989   28.353611  100.347399   -0.640    0.258  1
RGI60-15.01328     0.46984   28.111938   92.903402   -0.846    0.243  1
RGI60-15.03355     0.46980   27.853822   88.768834   -0.775    0.229  1
RGI60-15.11647     0.46946   29.696989   96.934657   -1.234    0.261  1
RGI60-15.07160     0.46943   30.915908   79.235083   -0.348    0.186  1
RGI60-15.03469     0.46941   27.994761   86.642424   -0.503    0.218  1
RGI60-15.09144     0.46931   28.634327   84.719973   -0.151    0.208  1
RGI60-15.13003     0.46923   28.758296   97.341311   -0.803    0.220  1
RGI60-15.02504     0.46923   28.011520   90.399859   -0.449    0.175  1
RGI60-15.08058     0.46894   28.418990   98.734918   -0.853    0.236  1
RGI60-15.09735     0.46893   28.238195   86.427596   -1.320    0.265  1
RGI60-15.00154     0.46889   29.918851   99.654610   -0.617    0.230  1
RGI60-15.04900     0.46885   29.022054   83.531560   -0.943    0.234  1
RGI60-15.09793     0.46867   28.110583   86.539274   -0.773    0.196  1
RGI60-15.10030     0.46863   28.136130   86.900254   -0.399    0.174  1
RGI60-15.07309     0.46851   31.253118   78.393884   -0.004    0.188  1
RGI60-15.10165     0.46831   28.128332   86.628780   -0.436    0.197  1
RGI60-15.10915     0.46823   28.094863   90.823419   -0.721    0.205  1
RGI60-15.08897     0.46816   30.449651   80.674938   -0.810    0.238  1
RGI60-15.08206     0.46814   29.658244   97.140088   -0.635    0.203  1
RGI60-15.06667     0.46800   30.355502   80.314497   -0.405    0.219  1
RGI60-15.00357     0.46792   28.424223   98.627260   -0.309    0.212  1
RGI60-15.11695     0.46770   29.722330   96.973964   -0.785    0.236  1
RGI60-15.06729     0.46746   30.328119   79.896788    0.283    0.263  1
RGI60-15.00500     0.46730   28.848357   98.030051   -1.093    0.321  1
RGI60-15.12813     0.46717   29.369196   97.108333   -0.834    0.248  1
RGI60-15.04004     0.46708   28.582947   84.778465   -0.684    0.261  1
RGI60-15.02083     0.46706   28.041733   91.526712   -0.256    0.171  1
RGI60-15.02243     0.46703   28.057857   89.533330   -0.966    0.233  1
RGI60-15.11793     0.46702   29.674409   95.914335   -0.183    0.529  1
RGI60-15.04816     0.46683   28.684683   83.795334    0.011    0.188  1
RGI60-15.01556     0.46682   28.053704   92.766459    0.478    0.255  1
RGI60-15.08134     0.46653   29.104191   97.626220    0.086    0.182  1
RGI60-15.12560     0.46597   29.238539   96.634708    0.090    0.384  1
RGI60-15.12640     0.46588   29.102203   96.935291   -0.639    0.286  1
RGI60-15.11358     0.46555   29.817908   96.237900    0.207    0.552  1
RGI60-15.00005     0.46550   30.025101  102.043728   -0.182    0.232  1
RGI60-15.04643     0.46542   28.910175   84.183825   -0.260    0.230  1
RGI60-15.08828     0.46529   30.919096   79.787740   -0.560    0.237  1
RGI60-15.05600     0.46509   29.271160   82.833222   -0.192    0.237  1
RGI60-15.00508     0.46504   28.332787   97.800782   -0.956    0.301  1
RGI60-15.10950     0.46498   27.993683   89.450665   -0.540    0.193  1
RGI60-15.04955     0.46490   29.236741   83.337349   -1.126    0.251  1
RGI60-15.07207     0.46464   30.763066   79.639515   -0.426    0.202  1
RGI60-15.04033     0.46440   28.532793   84.647758   -0.054    0.205  1
RGI60-15.05475     0.46434   29.454338   82.545075   -0.756    0.229  1
RGI60-15.12418     0.46422   29.448976   96.154779    0.706    0.995  1
RGI60-15.11672     0.46386   29.601531   96.956133   -0.758    0.238  1
RGI60-15.02402     0.46371   28.018291   90.146324   -0.784    0.209  1
RGI60-15.00189     0.46358   30.400041   99.554907   -0.924    0.284  1
RGI60-15.09299     0.46343   28.351547   85.290723   -0.103    0.315  1
RGI60-15.02579     0.46318   28.016938   90.639517   -0.800    0.218  1
RGI60-15.10562     0.46287   28.067917   87.586597   -0.447    0.187  1
RGI60-15.03942     0.46281   28.028939   86.660817   -1.000    0.222  1
RGI60-15.01344     0.46274   28.151869   92.734079   -0.939    0.299  1
RGI60-15.09909     0.46274   28.027624   87.218700   -0.090    0.220  1
RGI60-15.07030     0.46272   30.374766   79.727322    0.274    0.212  1
RGI60-15.07566     0.46269   30.905836   78.773242   -0.272    0.166  1
RGI60-15.03694     0.46255   27.866549   87.796516   -0.316    0.199  1
RGI60-15.07421     0.46242   31.152208   78.622429   -0.158    0.251  1
RGI60-15.02858     0.46229   27.840446   88.132261   -0.208    0.165  1
RGI60-15.03933     0.46219   27.919606   86.753897   -0.424    0.196  1
RGI60-15.01165     0.46213   30.299346   95.536732   -0.220    0.236  1
RGI60-15.04697     0.46195   28.813580   84.239462   -0.348    0.211  1
RGI60-15.02357     0.46194   28.115625   90.053424   -0.743    0.225  1
RGI60-15.05325     0.46188   29.826646   82.401707   -0.070    0.227  1
RGI60-15.01793     0.46162   28.174124   91.861666   -0.506    0.183  1
RGI60-15.03644     0.46118   27.718935   87.614644   -0.364    0.202  1
RGI60-15.12189     0.46095   29.109925   96.261834   -0.116    0.229  1
RGI60-15.07218     0.46088   30.744188   78.997290   -0.387    0.173  1
RGI60-15.02917     0.46084   27.955961   88.288797   -0.544    0.191  1
RGI60-15.12148     0.46083   29.302359   96.026597    0.320    0.301  1
RGI60-15.09113     0.46083   28.827034   84.526538   -0.527    0.188  1
RGI60-15.04072     0.46082   28.393919   84.628960   -0.470    0.213  1
RGI60-15.06304     0.46066   30.152958   80.782300   -0.450    0.202  1
RGI60-15.00059     0.46064   30.539597   99.596275   -0.634    0.208  1
RGI60-15.06883     0.46049   30.896056   79.268170   -0.172    0.171  1
RGI60-15.11895     0.46045   29.481382   96.558450   -0.229    0.234  1
RGI60-15.05992     0.46042   30.055600   80.853906   -0.556    0.200  1
RGI60-15.04665     0.46035   28.931467   84.089225   -0.319    0.182  1
RGI60-15.06126     0.46034   30.121117   80.714267   -0.002    0.275  1
RGI60-15.04096     0.45969   28.608530   85.023964   -0.223    0.193  1
RGI60-15.02589     0.45954   28.007388   90.730999   -0.975    0.239  1
RGI60-15.06343     0.45954   30.205319   80.682520   -0.366    0.207  1
RGI60-15.04791     0.45919   28.613316   83.790839   -0.632    0.230  1
RGI60-15.06812     0.45916   30.741496   79.711649   -0.281    0.186  1
RGI60-15.01675     0.45895   28.355336   91.184902   -0.201    0.219  1
RGI60-15.06682     0.45891   30.489629   80.319187   -0.438    0.242  1
RGI60-15.07842     0.45883   29.544058  101.833640    0.229    0.213  1
RGI60-15.09927     0.45832   28.187532   86.729153   -0.164    0.189  1
RGI60-15.03234     0.45822   27.662485   88.001899   -0.396    0.196  1
RGI60-15.01953     0.45815   27.784410   92.304583   -0.758    0.241  1
RGI60-15.10785     0.45814   28.173742   90.514052   -0.251    0.162  1
RGI60-15.00585     0.45812   28.169614   97.432325   -0.562    0.221  1
RGI60-15.03402     0.45789   27.844741   86.924003   -0.364    0.175  1
RGI60-15.03751     0.45770   27.692695   87.620015   -0.552    0.209  1
RGI60-15.01130     0.45760   30.294696   95.413184    0.424    0.286  1
RGI60-15.04320     0.45735   28.739994   83.888289   -0.270    0.191  1
RGI60-15.10749     0.45706   28.223558   90.465307   -0.292    0.175  1
RGI60-15.02756     0.45695   27.522870   88.242752   -1.015    0.337  1
RGI60-15.05716     0.45664   29.153854   82.751927   -0.632    0.216  1
RGI60-15.06215     0.45659   29.723013   81.510340   -0.126    0.185  1
RGI60-15.08328     0.45647   29.764957   96.891625   -0.929    0.283  1
RGI60-15.09898     0.45642   27.873130   87.197286   -0.093    0.204  1
RGI60-15.04559     0.45628   28.523210   83.973001   -1.756    0.430  1
RGI60-15.03160     0.45593   27.734684   88.011647   -0.103    0.189  1
RGI60-15.05467     0.45563   29.394152   82.667768   -0.018    0.307  1
RGI60-15.11825     0.45489   29.647080   96.088137   -0.104    0.292  1
RGI60-15.05205     0.45479   30.032374   82.301235   -0.465    0.201  1
RGI60-15.04663     0.45472   28.820361   84.176493   -0.833    0.247  1
RGI60-15.01811     0.45462   27.989037   92.335957   -0.479    0.191  1
RGI60-15.11467     0.45438   29.611130   96.434401   -0.355    0.216  1
RGI60-15.00716     0.45435   30.472621   95.430325   -0.549    0.208  1
RGI60-15.12930     0.45432   29.259445   97.280416   -0.869    0.226  1
RGI60-15.08595     0.45424   29.649766   96.930310   -1.003    0.222  1
RGI60-15.00142     0.45419   29.932251   99.626999   -0.856    0.253  1
RGI60-15.08873     0.45416   30.609669   80.113558    0.252    0.254  1
RGI60-15.07539     0.45395   31.012626   78.490196   -0.390    0.192  1
RGI60-15.02445     0.45362   27.861966   90.334098   -0.782    0.213  1
RGI60-15.11567     0.45323   29.548202   96.643943   -0.244    0.218  1
RGI60-15.05155     0.45318   29.838899   82.435167   -1.108    0.287  1
RGI60-15.05861     0.45316   30.391330   80.583595   -0.533    0.197  1
RGI60-15.11710     0.45299   29.712396   97.008471   -1.126    0.268  1
RGI60-15.11188     0.45283   30.171823   95.913653    0.913    0.604  1
RGI60-15.03506     0.45251   27.731691   86.562210   -0.228    0.189  1
RGI60-15.12179     0.45244   29.113716   96.211062   -0.618    0.205  1
RGI60-15.04893     0.45236   28.938953   83.431333   -0.217    0.199  1
RGI60-15.08980     0.45236   30.448069   81.223904   -0.254    0.168  1
RGI60-15.04184     0.45223   28.275650   85.168847   -0.545    0.212  1
RGI60-15.06835     0.45201   30.938661   79.562753   -0.288    0.162  1
RGI60-15.02802     0.45194   27.765410   88.133792   -0.271    0.174  1
RGI60-15.09298     0.45180   28.358103   85.269563   -0.169    0.247  1
RGI60-15.01848     0.45177   28.233845   91.856700   -0.112    0.185  1
RGI60-15.04293     0.45142   28.181940   85.784551    0.172    0.422  1
RGI60-15.04735     0.45124   28.819250   83.989603   -0.083    0.182  1
RGI60-15.03486     0.45101   27.852301   86.587139   -0.085    0.202  1
RGI60-15.02277     0.45089   28.057115   89.858643   -0.743    0.231  1
RGI60-15.01784     0.45089   28.085589   91.853330   -0.119    0.177  1
RGI60-15.04886     0.45086   28.889018   83.504494   -0.922    0.232  1
RGI60-15.05632     0.45078   29.454832   82.445723   -0.566    0.256  1
RGI60-15.03454     0.45074   27.887530   86.671909   -0.399    0.207  1
RGI60-15.00031     0.45070   29.843914   99.582224   -0.557    0.225  1
RGI60-15.11130     0.45069   30.230469   95.852117   -1.355    0.483  1
RGI60-15.05081     0.45060   28.777234   84.081243   -0.055    0.193  1
RGI60-15.09881     0.45051   27.913537   87.168134   -0.008    0.174  1
RGI60-15.09259     0.45043   28.762893   85.148072   -0.542    0.256  1
RGI60-15.06460     0.45017   29.982401   82.175213   -0.187    0.211  1
RGI60-15.04396     0.45014   28.866365   83.664862   -0.315    0.186  1
RGI60-15.07656     0.44970   31.764205   99.096878   -1.192    0.309  1
RGI60-15.01958     0.44955   27.781479   92.332668   -0.633    0.252  1
RGI60-15.03584     0.44925   27.725158   86.883992    0.069    0.164  1
RGI60-15.07925     0.44925   31.042551  101.322298   -0.243    0.207  1
RGI60-15.05044     0.44925   28.836298   83.533771   -0.211    0.185  1
RGI60-15.04275     0.44909   28.172375   85.605678   -0.287    0.183  1
RGI60-15.07135     0.44883   30.892284   79.236282    0.038    0.198  1
RGI60-15.01751     0.44834   28.142408   91.601606   -0.534    0.219  1
RGI60-15.06769     0.44819   30.442894   80.022073   -0.333    0.253  1
RGI60-15.07987     0.44811   31.103175  102.917824   -0.452    0.212  1
RGI60-15.06467     0.44808   29.976470   82.212790   -1.189    0.238  1
RGI60-15.07140     0.44801   30.380255   79.954996   -0.180    0.276  1
RGI60-15.07464     0.44774   31.117121   78.849303   -0.530    0.186  1
RGI60-15.08659     0.44765   30.357778   95.871757   -0.901    0.280  1
RGI60-15.01008     0.44764   30.419307   95.281768   -0.710    0.253  1
RGI60-15.02986     0.44758   27.888449   88.618245   -0.661    0.233  1
RGI60-15.07672     0.44756   28.349276  100.359998   -0.533    0.213  1
RGI60-15.06116     0.44734   30.000008   80.890399   -0.342    0.259  1
RGI60-15.02832     0.44699   27.642857   88.205951   -0.784    0.209  1
RGI60-15.02025     0.44684   27.893925   91.660025   -0.197    0.232  1
RGI60-15.05026     0.44671   28.780419   83.226355   -0.069    0.193  1
RGI60-15.03761     0.44665   27.776214   86.410343   -0.989    0.225  1
RGI60-15.09929     0.44651   28.229210   86.728789   -0.210    0.194  1
RGI60-15.08227     0.44619   29.672383   97.174351   -1.058    0.238  1
RGI60-15.05923     0.44614   29.982031   81.121351   -0.255    0.177  1
RGI60-15.06707     0.44582   30.633626   79.943080    0.039    0.229  1
RGI60-15.09310     0.44560   28.575215   85.319746   -0.464    0.236  1
RGI60-15.10323     0.44554   28.258157   87.639501   -0.337    0.185  1
RGI60-15.04713     0.44543   28.893792   84.060209   -0.400    0.198  1
RGI60-15.05207     0.44535   29.924567   82.515058   -0.236    0.210  1
RGI60-15.11016     0.44517   29.866605   82.643763   -0.135    0.232  1
RGI60-15.10960     0.44508   28.055056   89.478730   -0.979    0.250  1
RGI60-15.12631     0.44506   28.977666   96.914448   -1.285    0.302  1
RGI60-15.00718     0.44482   30.433161   95.451018   -0.162    0.222  1
RGI60-15.05906     0.44480   29.822498   81.371437   -0.034    0.176  1
RGI60-15.05994     0.44479   30.036693   80.856367   -0.123    0.194  1
RGI60-15.01417     0.44448   28.264659   92.951100   -0.900    0.248  1
RGI60-15.04384     0.44442   29.124913   83.796673   -0.266    0.162  1
RGI60-15.07130     0.44422   30.707986   79.640327   -0.668    0.218  1
RGI60-15.08211     0.44410   29.547487   97.149733   -0.380    0.189  1
RGI60-15.12501     0.44406   29.229887   96.465177    0.001    0.249  1
RGI60-15.02023     0.44383   27.884199   91.280941   -0.684    0.235  1
RGI60-15.06534     0.44376   30.418420   80.528940    0.053    0.190  1
RGI60-15.09394     0.44370   28.389694   85.510758   -0.471    0.228  1
RGI60-15.01666     0.44369   28.318877   91.081759   -0.430    0.200  1
RGI60-15.11138     0.44362   29.859350   95.857630    0.357    0.850  1
RGI60-15.03807     0.44331   27.785487   86.831088   -0.325    0.205  1
RGI60-15.01620     0.44300   27.978012   92.730237    0.258    0.207  1
RGI60-15.04538     0.44298   28.658187   84.319578   -0.107    0.204  1
RGI60-15.07570     0.44293   30.843725   78.815069   -0.117    0.179  1
RGI60-15.12768     0.44284   28.887054   97.080627   -0.422    0.216  1
RGI60-15.00979     0.44278   30.402809   95.283593   -0.230    0.241  1
RGI60-15.05406     0.44270   29.349148   82.574016    0.008    0.228  1
RGI60-15.06780     0.44268   30.623789   79.679885   -0.483    0.182  1
RGI60-15.00117     0.44260   30.149465   99.485723   -0.633    0.251  1
RGI60-15.03338     0.44254   27.863110   88.771809   -1.219    0.319  1
RGI60-15.03649     0.44221   27.719873   87.643095   -0.556    0.240  1
RGI60-15.04430     0.44218   28.704797   83.154888   -0.577    0.192  1
RGI60-15.11341     0.44213   29.835036   96.224067   -0.605    0.296  1
RGI60-15.04379     0.44203   29.155424   83.733081   -0.639    0.195  1
RGI60-15.02459     0.44181   27.947894   90.303887   -0.482    0.173  1
RGI60-15.09368     0.44162   28.554893   85.439433   -0.022    0.220  1
RGI60-15.04646     0.44155   28.962997   84.122170   -0.104    0.187  1
RGI60-15.04034     0.44153   28.605689   84.581514   -0.055    0.249  1
RGI60-15.01314     0.44148   28.683339   93.416888   -0.090    0.210  1
RGI60-15.10064     0.44126   28.125655   86.950806   -0.246    0.193  1
RGI60-15.11157     0.44109   30.241867   95.883460    0.108    0.407  1
RGI60-15.03633     0.44108   27.770221   87.683009   -0.759    0.226  1
RGI60-15.04499     0.44103   28.615523   84.324382   -1.065    0.232  1
RGI60-15.09120     0.44099   28.759339   84.564585   -0.420    0.220  1
RGI60-15.02309     0.44097   28.068356   89.874927   -1.023    0.236  1
RGI60-15.10027     0.44067   28.075559   86.898480   -0.663    0.240  1
RGI60-15.09595     0.44066   28.339593   86.263671   -0.240    0.200  1
RGI60-15.11544     0.44062   29.575456   96.617806   -0.287    0.263  1
RGI60-15.08614     0.44061   29.904230   97.010019   -0.668    0.195  1
RGI60-15.07697     0.44058   31.613853   99.642734   -1.114    0.259  1
RGI60-15.08487     0.44037   29.795525   96.496758   -0.791    0.222  1
RGI60-15.07239     0.44023   30.701089   79.253052   -0.172    0.189  1
RGI60-15.09452     0.44016   28.326559   85.626132   -0.403    0.214  1
RGI60-15.12679     0.44013   29.232427   96.995353   -0.403    0.222  1
RGI60-15.08717     0.43997   31.089595   79.102401   -0.266    0.198  1
RGI60-15.04081     0.43987   28.511784   84.725507   -0.226    0.208  1
RGI60-15.07106     0.43981   30.919154   79.623106   -0.170    0.173  1
RGI60-15.12779     0.43977   29.403773   97.084407   -0.859    0.261  1
RGI60-15.01657     0.43969   28.394235   91.120220    0.011    0.191  1
RGI60-15.05563     0.43959   29.390771   82.566409   -0.349    0.200  1
RGI60-15.02923     0.43957   27.945516   88.652644   -0.708    0.212  1
RGI60-15.00704     0.43957   30.443702   95.416202    0.832    0.251  1
RGI60-15.09436     0.43953   28.299617   85.600306   -0.017    0.204  1
RGI60-15.11698     0.43883   29.432858   96.980583   -1.336    0.277  1
RGI60-15.00001     0.43879   29.941000  102.044042   -0.475    0.289  1
RGI60-15.11079     0.43851   30.109055   95.816375   -0.650    0.351  1
RGI60-15.12736     0.43811   29.294691   97.052656   -0.848    0.241  1
RGI60-15.06244     0.43795   29.766189   81.550504   -0.055    0.205  1
RGI60-15.03831     0.43786   27.816942   87.215960    2.574    1.947  1
RGI60-15.00674     0.43766   30.527171   95.364056   -0.577    0.218  1
RGI60-15.10917     0.43735   28.091513   90.834200   -1.286    0.261  1
RGI60-15.12156     0.43714   29.272469   96.071680   -0.737    0.385  1
RGI60-15.02837     0.43707   27.625946   88.099424    0.023    0.193  1
RGI60-15.04824     0.43705   28.712629   83.757931   -0.198    0.182  1
RGI60-15.00916     0.43703   30.600571   95.161044   -0.374    0.231  1
RGI60-15.00284     0.43700   28.331148   98.737545   -0.876    0.310  1
RGI60-15.08572     0.43686   29.621594   96.889483   -0.857    0.225  1
RGI60-15.01559     0.43680   28.026716   92.751562   -0.229    0.257  1
RGI60-15.11596     0.43667   29.593335   96.851935   -0.777    0.229  1
RGI60-15.06230     0.43643   29.684799   81.537783   -0.909    0.274  1
RGI60-15.12946     0.43632   29.162849   97.289501   -1.047    0.288  1
RGI60-15.10602     0.43592   28.034836   87.609268   -0.513    0.208  1
RGI60-15.02431     0.43587   27.902232   90.249114   -1.357    0.282  1
RGI60-15.09366     0.43576   28.511964   85.432556   -0.127    0.224  1
RGI60-15.08129     0.43570   28.973262   97.622222   -0.670    0.231  1
RGI60-15.00416     0.43562   28.671298   98.205420   -1.243    0.311  1
RGI60-15.09540     0.43535   28.020741   86.074247   -0.419    0.202  1
RGI60-15.04013     0.43515   28.629037   84.658249    0.117    0.197  1
RGI60-15.08653     0.43479   30.379317   95.846504   -0.694    0.251  1
RGI60-15.01816     0.43476   28.005873   92.341714   -0.419    0.191  1
RGI60-15.07066     0.43471   30.212164   79.820366   -0.284    0.327  1
RGI60-15.12780     0.43464   28.899278   97.083179   -0.502    0.297  1
RGI60-15.09896     0.43461   27.823220   87.193041    0.113    0.308  1
RGI60-15.06846     0.43450   31.017062   79.444596   -0.637    0.191  1
RGI60-15.07805     0.43444   29.302876  101.935381   -1.260    0.321  1
RGI60-15.01432     0.43404   28.309775   93.037142   -0.185    0.241  1
RGI60-15.04256     0.43401   28.160454   85.673112   -0.419    0.229  1
RGI60-15.06342     0.43389   30.214319   80.685715   -0.005    0.214  1
RGI60-15.09657     0.43366   28.211431   86.226571   -1.304    0.283  1
RGI60-15.07961     0.43364   31.264848  102.755989   -0.648    0.216  1
RGI60-15.05120     0.43360   28.720876   84.310478   -0.361    0.204  1
RGI60-15.02780     0.43334   27.691074   87.981985   -0.129    0.190  1
RGI60-15.05283     0.43322   29.889495   82.459454   -0.937    0.253  1
RGI60-15.01224     0.43318   29.971678   95.230614   -0.065    0.252  1
RGI60-15.09151     0.43302   28.633405   84.768801   -0.034    0.214  1
RGI60-15.08281     0.43296   29.488326   97.268177   -1.164    0.298  1
RGI60-15.02161     0.43285   28.038816   91.407416   -0.528    0.202  1
RGI60-15.01215     0.43271   29.951234   95.267597   -0.065    0.240  1
RGI60-15.05418     0.43267   29.213199   82.741090   -0.323    0.199  1
RGI60-15.11699     0.43253   29.474642   96.979931   -1.053    0.258  1
RGI60-15.06350     0.43249   30.254563   80.682289   -0.187    0.184  1
RGI60-15.06621     0.43220   30.824440   79.099656   -0.361    0.179  1
RGI60-15.12237     0.43196   28.584278   96.483198   -0.082    0.244  1
RGI60-15.04894     0.43189   28.940612   83.444917   -0.747    0.219  1
RGI60-15.04235     0.43182   28.150611   85.524642   -0.802    0.262  1
RGI60-15.01810     0.43180   27.988522   92.325085   -0.489    0.187  1
RGI60-15.06102     0.43115   29.812491   81.563468    0.198    0.218  1
RGI60-15.01924     0.43111   27.841362   92.290771   -0.977    0.253  1
RGI60-15.11045     0.43106   29.945314   95.764074    2.577    0.571  1
RGI60-15.01254     0.43096   30.025555   95.397794   -0.747    0.266  1
RGI60-15.07994     0.43083   31.119933  102.991134   -0.756    0.236  1
RGI60-15.10600     0.43074   28.140341   87.609319   -0.651    0.227  1
RGI60-15.03626     0.43071   27.798623   87.674856   -0.728    0.217  1
RGI60-15.03027     0.43050   27.807678   88.315791   -0.098    0.176  1
RGI60-15.00956     0.43048   30.578807   95.141306   -0.541    0.244  1
RGI60-15.08779     0.43046   31.154613   79.280123   -0.652    0.205  1
RGI60-15.03944     0.43018   27.809125   86.426791   -0.778    0.208  1
RGI60-15.03893     0.43014   27.945690   86.874280   -0.657    0.197  1
RGI60-15.00113     0.42982   30.141009   99.504609   -1.172    0.311  1
RGI60-15.04696     0.42979   28.827574   84.227962   -0.361    0.198  1
RGI60-15.03495     0.42970   27.795817   86.608033   -0.531    0.221  1
RGI60-15.02809     0.42952   27.809744   88.270997   -0.808    0.214  1
RGI60-15.01532     0.42906   28.131127   92.571373   -0.691    0.210  1
RGI60-15.11625     0.42905   29.534190   96.889694   -0.372    0.227  1
RGI60-15.07849     0.42902   29.605893  101.854028   -0.453    0.236  1
RGI60-15.07688     0.42899   31.636852   99.602740   -1.069    0.256  1
RGI60-15.12119     0.42893   29.519144   96.077140   -0.153    0.510  1
RGI60-15.10212     0.42809   28.335331   86.465479   -0.787    0.222  1
RGI60-15.10325     0.42796   28.236670   87.644751   -0.832    0.220  1
RGI60-15.06030     0.42796   30.260264   80.856617   -0.648    0.216  1
RGI60-15.06572     0.42782   30.351823   80.374255   -0.025    0.211  1
RGI60-15.08308     0.42770   29.732021   97.183940   -0.434    0.198  1
RGI60-15.06528     0.42761   30.445026   80.530631   -0.043    0.221  1
RGI60-15.01323     0.42715   28.217990   92.698481   -0.394    0.228  1
RGI60-15.11969     0.42707   29.257034   96.913387   -0.389    0.231  1
RGI60-15.07047     0.42701   30.538214   79.853104   -0.292    0.215  1
RGI60-15.00343     0.42699   28.905192   98.372449   -1.051    0.285  1
RGI60-15.03432     0.42697   27.893183   86.509384   -0.227    0.199  1
RGI60-15.02287     0.42690   27.936963   89.944538   -1.250    0.316  1
RGI60-15.08588     0.42680   29.615881   96.915674   -0.903    0.226  1
RGI60-15.07861     0.42672   29.512289  101.905330   -0.174    0.241  1
RGI60-15.08799     0.42661   31.062680   79.308635   -0.635    0.235  1
RGI60-15.09997     0.42646   28.103831   86.834731   -0.469    0.198  1
RGI60-15.04439     0.42638   28.614490   83.450319   -0.517    0.244  1
RGI60-15.11177     0.42632   30.283749   95.901484   -0.090    0.226  1
RGI60-15.06963     0.42627   30.947987   79.647420   -0.167    0.169  1
RGI60-15.07604     0.42626   30.886710   78.761244   -0.116    0.164  1
RGI60-15.00054     0.42581   29.989080   99.560218   -0.950    0.240  1
RGI60-15.00787     0.42574   30.373657   95.653689   -0.890    0.244  1
RGI60-15.03291     0.42568   27.714382   88.707307   -0.784    0.227  1
RGI60-15.12938     0.42559   29.169379   97.286674   -0.572    0.233  1
RGI60-15.12564     0.42557   29.168179   96.653107   -0.726    0.525  1
RGI60-15.07102     0.42529   30.704982   79.697962    0.013    0.236  1
RGI60-15.07053     0.42526   30.606292   79.969869    0.416    0.473  1
RGI60-15.12021     0.42526   29.407062   95.788130    0.557    0.527  1
RGI60-15.08680     0.42517   31.239729   78.955288   -0.825    0.296  1
RGI60-15.05797     0.42508   29.930047   81.243642   -0.317    0.170  1
RGI60-15.10465     0.42497   28.001185   88.277160   -0.113    0.156  1
RGI60-15.07353     0.42485   31.147483   78.763122   -0.170    0.193  1
RGI60-15.00280     0.42479   28.833426   98.060276   -0.404    0.279  1
RGI60-15.06300     0.42439   29.899184   81.069707   -0.298    0.173  1
RGI60-15.02902     0.42431   27.876764   87.919146   -0.441    0.190  1
RGI60-15.02963     0.42407   27.907439   88.645783   -0.133    0.228  1
RGI60-15.02116     0.42398   27.952363   91.259234   -0.063    0.206  1
RGI60-15.03360     0.42387   27.836713   88.775582   -0.928    0.235  1
RGI60-15.03598     0.42381   27.654040   86.882826   -0.314    0.196  1
RGI60-15.05035     0.42354   28.812314   83.232540   -0.128    0.192  1
RGI60-15.01664     0.42325   28.331892   91.086251   -0.266    0.178  1
RGI60-15.04960     0.42306   29.275572   83.837584   -0.325    0.175  1
RGI60-15.01415     0.42294   28.217897   92.895410   -0.924    0.271  1
RGI60-15.12354     0.42274   28.651511   96.697547   -0.436    0.231  1
RGI60-15.02593     0.42266   28.030883   90.773713   -0.799    0.242  1
RGI60-15.08744     0.42246   31.026262   79.161927   -0.177    0.192  1
RGI60-15.08098     0.42236   30.573614   97.335033   -0.634    0.221  1
RGI60-15.03508     0.42194   27.723489   86.548441   -0.373    0.174  1
RGI60-15.12941     0.42186   29.309211   97.291890   -1.039    0.262  1
RGI60-15.08419     0.42153   29.884492   97.057348   -0.945    0.259  1
RGI60-15.06241     0.42142   29.758097   81.548080   -0.286    0.199  1
RGI60-15.05811     0.42142   30.255645   81.899046   -0.557    0.199  1
RGI60-15.01925     0.42137   27.882645   92.327624   -0.736    0.205  1
RGI60-15.10871     0.42111   28.290947   90.657993   -0.499    0.186  1
RGI60-15.12944     0.42092   29.316046   97.290364   -0.967    0.240  1
RGI60-15.03507     0.42067   27.715785   86.556320   -0.912    0.238  1
RGI60-15.02336     0.42034   28.069428   89.970428   -1.075    0.235  1
RGI60-15.11542     0.42022   29.568928   96.613195    0.127    0.240  1
RGI60-15.06378     0.42018   30.364419   80.589690   -0.563    0.221  1
RGI60-15.02751     0.42016   27.519381   88.220253   -0.653    0.223  1
RGI60-15.06191     0.42012   30.042894   82.102461   -0.427    0.201  1
RGI60-15.04971     0.42005   29.231669   83.826868   -0.204    0.203  1
RGI60-15.09914     0.42000   27.853022   87.257604    0.224    0.224  1
RGI60-15.04794     0.41970   28.552028   83.795066   -0.154    0.199  1
RGI60-15.03790     0.41967   27.766645   86.965370   -0.298    0.192  1
RGI60-15.12986     0.41965   29.310691   97.327737   -0.581    0.207  1
RGI60-15.01708     0.41943   28.202499   91.848629   -0.306    0.183  1
RGI60-15.09311     0.41942   28.480648   85.320347   -1.158    0.259  1
RGI60-15.12316     0.41934   28.968505   96.513377   -0.561    0.277  1
RGI60-15.10833     0.41918   28.108471   90.579681   -0.382    0.409  1
RGI60-15.04706     0.41916   28.828733   84.173588   -0.310    0.214  1
RGI60-15.01306     0.41914   28.256172   93.000704   -0.133    0.262  1
RGI60-15.04276     0.41874   28.164532   85.597294   -0.764    0.229  1
RGI60-15.03668     0.41862   27.789145   87.819628   -0.555    0.210  1
RGI60-15.07209     0.41861   30.713933   79.762023   -0.003    0.229  1
RGI60-15.03612     0.41858   27.902017   87.061823   -0.165    0.178  1
RGI60-15.07803     0.41857   29.293127  101.913274   -0.989    0.272  1
RGI60-15.09549     0.41851   28.135585   86.082745   -0.890    0.216  1
RGI60-15.04829     0.41842   28.693729   83.726926   -0.238    0.190  1
RGI60-15.01343     0.41824   28.147419   92.686459   -0.266    0.238  1
RGI60-15.04545     0.41802   28.721352   84.098975   -0.288    0.201  1
RGI60-15.00645     0.41781   30.646524   95.301535   -0.907    0.246  1
RGI60-15.02746     0.41780   27.546150   88.213553   -0.865    0.234  1
RGI60-15.12971     0.41778   28.913681   97.309548   -1.189    0.309  1
RGI60-15.07535     0.41770   31.034906   78.468814   -0.528    0.214  1
RGI60-15.11064     0.41765   30.320755   95.789039   -0.899    0.267  1
RGI60-15.07462     0.41759   31.114895   78.862650    0.065    0.176  1
RGI60-15.12692     0.41756   29.053195   97.004480   -0.750    0.280  1
RGI60-15.06029     0.41739   30.268240   80.852112   -0.316    0.211  1
RGI60-15.07603     0.41727   30.787238   78.847380   -0.081    0.194  1
RGI60-15.11644     0.41723   29.607636   96.932384   -0.620    0.200  1
RGI60-15.08863     0.41718   30.644522   80.046787    0.075    0.289  1
RGI60-15.01763     0.41706   28.098145   91.426364   -0.343    0.184  1
RGI60-15.05714     0.41696   29.141177   82.768376   -0.476    0.191  1
RGI60-15.02340     0.41673   28.091179   89.978307   -0.228    0.194  1
RGI60-15.01071     0.41672   30.132951   95.307053   -0.415    0.219  1
RGI60-15.02804     0.41666   27.781652   88.224512   -0.272    0.184  1
RGI60-15.02590     0.41664   28.022971   90.756724   -0.633    0.218  1
RGI60-15.08190     0.41648   29.558889   97.108575   -0.668    0.207  1
RGI60-15.12478     0.41644   29.245550   96.408649   -0.238    0.311  1
RGI60-15.04610     0.41641   28.851934   84.372839   -0.459    0.172  1
RGI60-15.11508     0.41614   29.588812   96.507027   -0.569    0.227  1
RGI60-15.11065     0.41594   30.107401   95.789407    1.102    0.574  1
RGI60-15.12349     0.41581   28.628321   96.690547   -0.912    0.255  1
RGI60-15.02820     0.41572   27.751194   88.228091   -0.225    0.191  1
RGI60-15.07156     0.41568   30.498383   80.295973   -0.050    0.178  1
RGI60-15.01238     0.41558   29.960284   95.502480   -0.665    0.246  1
RGI60-15.02660     0.41549   28.077863   89.542707   -0.759    0.251  1
RGI60-15.12120     0.41520   29.336105   95.807112   -0.574    0.490  1
RGI60-15.08661     0.41517   30.352137   95.879661   -1.185    0.479  1
RGI60-15.09050     0.41508   30.361207   81.352294   -0.624    0.187  1
RGI60-15.00762     0.41503   30.404884   95.623037   -0.501    0.222  1
RGI60-15.07984     0.41495   30.647103  102.278363   -0.598    0.247  1
RGI60-15.08143     0.41475   28.932604   97.648660   -0.677    0.243  1
RGI60-15.08798     0.41473   31.033749   79.308032   -0.087    0.205  1
RGI60-15.08561     0.41461   29.619794   96.877845   -1.183    0.284  1
RGI60-15.06939     0.41442   30.843900   79.143882   -0.063    0.201  1
RGI60-15.01279     0.41428   28.219473   92.687652   -0.801    0.269  1
RGI60-15.03571     0.41427   27.821195   86.878079   -0.278    0.176  1
RGI60-15.02446     0.41410   27.856213   90.334636   -1.118    0.256  1
RGI60-15.03256     0.41398   28.014097   88.545391   -0.503    0.222  1
RGI60-15.11809     0.41377   29.694323   95.970943   -0.272    0.378  1
RGI60-15.12049     0.41365   29.396819   95.865907   -0.615    0.406  1
RGI60-15.08359     0.41360   29.734717   96.988421   -0.939    0.218  1
RGI60-15.12425     0.41347   29.502288   96.209122    0.417    0.550  1
RGI60-15.02957     0.41345   27.985078   88.728911   -0.981    0.221  1
RGI60-15.04817     0.41342   28.682019   83.797405   -0.088    0.186  1
RGI60-15.05903     0.41330   29.823614   81.383915   -0.116    0.271  1
RGI60-15.05408     0.41328   29.351046   82.631391   -0.451    0.217  1
RGI60-15.12738     0.41301   29.286069   97.054606   -0.738    0.245  1
RGI60-15.11907     0.41299   29.394302   96.645430   -0.975    0.264  1
RGI60-15.10937     0.41291   28.044828   90.890614   -0.346    0.217  1
RGI60-15.10300     0.41290   28.403407   85.715700   -0.034    0.182  1
RGI60-15.05842     0.41281   29.860146   81.549667   -0.631    0.205  1
RGI60-15.05924     0.41280   29.988801   81.118205   -0.325    0.219  1
RGI60-15.00106     0.41280   30.569165   99.553438   -0.526    0.195  1
RGI60-15.05319     0.41269   29.771195   82.384516   -0.920    0.281  1
RGI60-15.04723     0.41253   28.680952   84.304633   -0.104    0.158  1
RGI60-15.04989     0.41236   29.120516   83.662653   -0.624    0.190  1
RGI60-15.11257     0.41225   29.938678   96.008173   -0.786    0.628  1
RGI60-15.11133     0.41224   30.249294   95.856479    0.026    0.477  1
RGI60-15.03296     0.41202   27.732371   88.498826   -0.057    0.843  1
RGI60-15.12794     0.41202   29.501796   97.094212   -0.742    0.250  1
RGI60-15.07152     0.41200   30.824332   79.712000   -0.165    0.181  1
RGI60-15.05732     0.41196   29.465129   82.543997   -0.157    0.240  1
RGI60-15.10882     0.41193   28.083933   90.681188   -0.800    0.244  1
RGI60-15.00276     0.41175   28.752040   98.082224   -0.267    0.256  1
RGI60-15.08039     0.41163   31.333591  103.023760   -0.765    0.223  1
RGI60-15.10482     0.41151   27.984853   88.407847   -0.639    0.192  1
RGI60-15.02320     0.41151   28.143180   89.915420   -0.455    0.187  1
RGI60-15.08020     0.41151   31.244562  102.846404   -0.344    0.195  1
RGI60-15.07482     0.41142   31.137103   78.771303   -0.809    0.224  1
RGI60-15.03072     0.41125   27.853724   87.979026   -0.211    0.164  1
RGI60-15.05151     0.41114   28.650447   83.456595   -0.054    0.224  1
RGI60-15.05493     0.41097   29.200971   82.891351   -0.285    0.233  1
RGI60-15.03854     0.41075   28.046806   86.700219   -0.358    0.269  1
RGI60-15.11549     0.41059   29.572841   96.624684   -0.360    0.244  1
RGI60-15.10626     0.41051   27.911080   87.719336   -0.129    0.224  1
RGI60-15.09601     0.41051   28.194695   86.076481   -0.674    0.214  1
RGI60-15.10028     0.41050   28.173603   86.897905   -0.670    0.208  1
RGI60-15.05417     0.41027   29.208931   82.734044   -0.255    0.239  1
RGI60-15.07845     0.41023   29.613998  101.846850   -0.395    0.245  1
RGI60-15.09247     0.41015   28.722407   85.130785   -0.121    0.221  1
RGI60-15.12150     0.41000   29.323771   96.036179   -0.785    0.330  1
RGI60-15.05591     0.40998   29.248360   82.794517   -0.292    0.222  1
RGI60-15.11072     0.40977   30.229909   95.807491   -0.887    0.417  1
RGI60-15.12787     0.40962   29.444225   97.086264   -0.960    0.243  1
RGI60-15.12853     0.40957   29.373779   97.161194   -0.961    0.241  1
RGI60-15.03241     0.40952   27.757592   88.074480   -0.114    0.178  1
RGI60-15.08953     0.40898   30.158963   81.090407   -0.587    0.208  1
RGI60-15.01998     0.40892   27.839847   92.479452   -0.300    0.219  1
RGI60-15.05334     0.40889   29.819670   82.442639   -1.037    0.319  1
RGI60-15.07330     0.40887   31.241928   78.811104    0.009    0.174  1
RGI60-15.06678     0.40885   30.510873   80.284410   -0.297    0.199  1
RGI60-15.08426     0.40875   29.880306   97.063203   -0.698    0.218  1
RGI60-15.08087     0.40862   29.316799   98.324310   -0.569    0.280  1
RGI60-15.05876     0.40854   30.343851   80.417726   -0.585    0.242  1
RGI60-15.03862     0.40849   28.005397   86.829282   -0.502    0.218  1
RGI60-15.08672     0.40808   30.569411   97.340113   -0.306    0.223  1
RGI60-15.10063     0.40807   28.138961   86.950450   -0.618    0.213  1
RGI60-15.07455     0.40787   31.101980   78.890885   -0.585    0.209  1
RGI60-15.10174     0.40777   28.177163   86.639425   -0.078    0.165  1
RGI60-15.11844     0.40775   29.565609   96.203164    0.290    0.220  1
RGI60-15.00230     0.40766   28.298372   97.462181   -0.813    0.243  1
RGI60-15.01393     0.40762   28.194619   92.864545   -0.618    0.228  1
RGI60-15.02377     0.40762   28.054398   90.342118   -0.941    0.235  1
RGI60-15.02388     0.40751   28.025005   90.280854   -0.628    0.200  1
RGI60-15.01672     0.40743   28.376658   91.179854    0.004    0.173  1
RGI60-15.12697     0.40699   29.415923   97.009185   -1.018    0.272  1
RGI60-15.05889     0.40699   29.867903   81.500245    0.127    0.217  1
RGI60-15.04560     0.40692   28.506896   83.951633    0.130    0.309  1
RGI60-15.01759     0.40687   28.105416   91.448842   -0.373    0.191  1
RGI60-15.02845     0.40686   27.656260   88.102233   -0.073    0.185  1
RGI60-15.05137     0.40679   28.499796   84.539791   -0.142    0.258  1
RGI60-15.04076     0.40661   28.236207   85.661215   -0.195    0.488  1
RGI60-15.01704     0.40647   28.358231   91.872386   -0.352    0.174  1
RGI60-15.00483     0.40634   28.755062   97.914455   -0.911    0.247  1
RGI60-15.04381     0.40604   29.144551   83.729269   -0.436    0.172  1
RGI60-15.04555     0.40593   28.546339   83.983420   -1.250    0.570  1
RGI60-15.05979     0.40578   29.925186   80.876712   -0.489    0.206  1
RGI60-15.05648     0.40557   29.616856   82.765020   -0.308    0.237  1
RGI60-15.00123     0.40557   30.062896   99.318474   -0.246    0.238  1
RGI60-15.12472     0.40553   29.237641   96.396774    0.010    0.295  1
RGI60-15.02144     0.40548   28.067658   91.241361    0.029    0.193  1
RGI60-15.05916     0.40544   30.021171   81.330240   -0.612    0.213  1
RGI60-15.13036     0.40543   29.193897   97.371058   -0.257    0.795  1
RGI60-15.04195     0.40526   28.135507   85.497092   -0.782    0.235  1
RGI60-15.12777     0.40512   29.287058   97.084356   -0.713    0.267  1
RGI60-15.02313     0.40509   28.097926   89.871789   -0.584    0.246  1
RGI60-15.06985     0.40497   30.921035   79.581973   -0.197    0.263  1
RGI60-15.00030     0.40475   29.841384   99.574486   -0.542    0.254  1
RGI60-15.10128     0.40453   28.255029   86.686913   -0.151    0.169  1
RGI60-15.04539     0.40446   28.680707   84.359179   -0.322    0.252  1
RGI60-15.11402     0.40428   29.713874   96.323021   -0.282    0.462  1
RGI60-15.11571     0.40419   29.566937   96.647325   -0.339    0.227  1
RGI60-15.08969     0.40411   30.059082   81.147778   -0.058    0.185  1
RGI60-15.04204     0.40389   28.148752   85.518393   -0.636    0.220  1
RGI60-15.05585     0.40389   29.290994   82.710851   -0.523    0.233  1
RGI60-15.04331     0.40383   28.960504   83.620144   -0.526    0.192  1
RGI60-15.01442     0.40378   28.663960   93.507888   -0.360    0.223  1
RGI60-15.02527     0.40371   27.839258   90.574503   -0.907    0.241  1
RGI60-15.01489     0.40362   27.761400   92.498890   -0.925    0.509  1
RGI60-15.06418     0.40360   30.031852   81.954933   -0.357    0.263  1
RGI60-15.02304     0.40357   28.018768   89.901210   -0.841    0.239  1
RGI60-15.09124     0.40338   28.740172   84.630497    0.151    0.240  1
RGI60-15.12206     0.40323   29.056623   96.318484   -0.343    0.367  1
RGI60-15.03036     0.40311   27.988004   88.748840   -0.932    0.237  1
RGI60-15.07826     0.40309   29.618837  101.806394   -0.842    0.280  1
RGI60-15.07186     0.40298   30.814197   79.375526   -0.680    0.215  1
RGI60-15.05810     0.40284   30.296311   81.880572   -1.011    0.241  1
RGI60-15.07509     0.40284   30.834179   78.799543   -0.367    0.194  1
RGI60-15.05157     0.40251   29.789475   82.458139   -0.619    0.232  1
RGI60-15.09567     0.40242   28.283219   86.118698   -0.800    0.233  1
RGI60-15.02754     0.40227   27.515191   88.231418   -1.092    0.308  1
RGI60-15.00537     0.40209   28.014044   97.259249   -0.533    0.226  1
RGI60-15.09903     0.40203   28.052092   87.208779   -0.058    0.195  1
RGI60-15.04536     0.40199   28.672340   84.285577    0.172    0.198  1
RGI60-15.10315     0.40188   28.182336   87.615666   -0.417    0.222  1
RGI60-15.00426     0.40162   28.681255   98.139272   -0.892    0.253  1
RGI60-15.00724     0.40150   30.552763   95.338331   -0.456    0.238  1
RGI60-15.13055     0.40145   29.233185   97.462368   -0.649    0.263  1
RGI60-15.00172     0.40137   29.978009   99.784557   -0.473    0.242  1
RGI60-15.02848     0.40126   27.785865   88.184886    0.038    0.244  1
RGI60-15.06091     0.40111   30.132630   81.840394   -0.544    0.216  1
RGI60-15.04308     0.40103   28.188075   85.670064   -0.103    0.209  1
RGI60-15.03802     0.40099   27.807956   86.832509   -0.465    0.169  1
RGI60-15.07751     0.40078   29.286045  101.676545    0.113    0.190  1
RGI60-15.10449     0.40072   27.996702   88.157852   -0.058    0.178  1
RGI60-15.03655     0.40066   27.670209   87.619935   -0.612    0.223  1
RGI60-15.11178     0.40046   30.172754   95.903448    0.106    0.271  1
RGI60-15.05147     0.40044   28.939340   83.306331   -0.497    0.199  1
RGI60-15.10262     0.40042   28.441177   85.800474   -0.544    0.212  1
RGI60-15.03588     0.40039   27.718115   86.858606   -0.131    0.246  1
RGI60-15.11734     0.40031   29.561473   97.068611   -0.934    0.249  1
RGI60-15.05199     0.40028   30.119301   82.155643   -0.452    0.219  1
RGI60-15.12769     0.40021   29.292199   97.080302   -0.846    0.263  1
RGI60-15.04571     0.40017   28.949769   83.723237   -0.434    0.186  1
RGI60-15.05848     0.40001   29.877726   81.532679   -0.187    0.182  1
RGI60-15.06228     0.39998   29.677119   81.502522   -0.714    0.246  1
RGI60-15.05198     0.39997   30.119048   82.142755   -0.272    0.184  1
RGI60-15.10729     0.39994   28.186075   90.399693    0.009    0.180  1
RGI60-15.07389     0.39978   31.233354   78.446980   -0.374    0.228  1
RGI60-15.04596     0.39978   28.823580   83.550626   -0.350    0.180  1
RGI60-15.00329     0.39978   29.237131   98.366430   -0.958    0.303  1
RGI60-15.02218     0.39973   27.891576   91.667435   -0.659    0.231  1
RGI60-15.05232     0.39961   29.669862   82.860700   -0.389    0.193  1
RGI60-15.04054     0.39961   28.544292   85.062850   -0.330    0.245  1
RGI60-15.08874     0.39944   30.673279   80.117796   -0.667    0.267  1
RGI60-15.03718     0.39928   27.723565   86.558751   -0.649    0.210  1
RGI60-15.07953     0.39917   31.285112  102.717796   -0.629    0.210  1
RGI60-15.05015     0.39886   29.024656   83.594589   -1.211    0.296  1
RGI60-15.00477     0.39881   28.787524   97.737329   -1.330    0.294  1
RGI60-15.02763     0.39877   27.616440   88.037575   -0.616    0.225  1
RGI60-15.07584     0.39875   30.890661   78.912697   -0.235    0.173  1
RGI60-15.12495     0.39863   29.294936   96.455927    1.120    0.306  1
RGI60-15.07752     0.39862   29.290985  101.692562   -0.829    0.223  1
RGI60-15.04579     0.39856   28.760940   83.447764   -0.232    0.213  1
RGI60-15.07216     0.39839   30.736986   78.955092   -0.269    0.174  1
RGI60-15.11797     0.39779   29.716074   95.923018   -1.609    1.133  1
RGI60-15.09407     0.39755   28.348454   85.543276   -0.430    0.243  1
RGI60-15.12570     0.39749   29.111998   96.659362   -0.924    0.278  1
RGI60-15.05874     0.39746   30.306813   80.448713   -0.101    0.282  1
RGI60-15.06676     0.39741   30.547943   80.268851   -0.437    0.200  1
RGI60-15.12062     0.39709   29.345217   95.894987   -0.733    0.316  1
RGI60-15.03581     0.39690   27.724783   86.892005   -0.308    0.177  1
RGI60-15.10084     0.39689   28.156054   86.982931   -0.570    0.208  1
RGI60-15.08930     0.39682   30.296448   80.911224   -0.188    0.185  1
RGI60-15.03559     0.39679   27.935218   86.376848   -0.400    0.202  1
RGI60-15.00833     0.39675   30.322601   95.621050   -0.275    0.195  1
RGI60-15.06474     0.39668   29.867132   81.343906   -0.150    0.168  1
RGI60-15.12163     0.39652   29.355451   96.103640   -0.644    0.365  1
RGI60-15.00871     0.39646   30.331177   95.485623   -0.565    0.197  1
RGI60-15.01800     0.39645   28.164778   91.853332   -0.384    0.178  1
RGI60-15.03947     0.39643   27.748796   86.889650   -0.725    0.203  1
RGI60-15.00571     0.39611   28.245584   97.374777   -0.031    0.182  1
RGI60-15.07616     0.39597   31.012080   78.602860   -0.552    0.287  1
RGI60-15.05128     0.39573   28.671989   84.511948   -0.349    0.193  1
RGI60-15.05720     0.39572   29.143003   82.742726   -0.335    0.238  1
RGI60-15.04337     0.39567   28.676828   84.520422   -0.938    0.258  1
RGI60-15.05339     0.39565   29.982665   82.239590   -0.565    0.246  1
RGI60-15.08162     0.39529   29.469413   97.411174   -1.219    0.254  1
RGI60-15.00586     0.39489   28.032045   98.487724   -0.664    0.234  1
RGI60-15.12834     0.39488   29.247446   97.127072   -0.709    0.225  1
RGI60-15.01155     0.39435   29.616968   95.192402   23.039    4.702  1
RGI60-15.04658     0.39421   28.922843   84.160022    0.166    0.210  1
RGI60-15.04520     0.39420   28.493269   83.776037   -0.828    0.235  1
RGI60-15.07930     0.39420   30.895062  101.602034    0.217    0.383  1
RGI60-15.08889     0.39401   30.658640   80.185312   -0.315    0.181  1
RGI60-15.10769     0.39359   28.257198   90.489509   -0.447    0.184  1
RGI60-15.04218     0.39357   28.148142   85.721669   -0.098    0.243  1
RGI60-15.06106     0.39355   29.937527   81.010149   -0.031    0.182  1
RGI60-15.07224     0.39349   30.669374   79.415015   -0.238    0.201  1
RGI60-15.09424     0.39345   28.413499   85.570828   -0.508    0.253  1
RGI60-15.11061     0.39345   30.385389   95.787401   -0.473    1.205  1
RGI60-15.03208     0.39336   27.883941   88.069028   -0.260    0.208  1
RGI60-15.01715     0.39336   28.212470   91.882490   -0.504    0.200  1
RGI60-15.05498     0.39328   29.222704   82.883948    0.291    0.301  1
RGI60-15.12600     0.39325   29.079997   96.735396   -0.752    0.229  1
RGI60-15.07126     0.39310   30.865742   79.045016   -0.258    0.189  1
RGI60-15.00247     0.39305   28.335453   97.545304   -0.348    0.227  1
RGI60-15.11860     0.39302   29.480955   96.324497   -0.378    0.239  1
RGI60-15.03196     0.39279   27.602240   87.970437   -0.792    0.213  1
RGI60-15.06317     0.39279   30.144960   80.498071    0.029    0.281  1
RGI60-15.05429     0.39276   29.199145   82.559656   -0.217    0.216  1
RGI60-15.10101     0.39270   28.143227   87.028574   -0.255    0.204  1
RGI60-15.05279     0.39269   29.798975   82.235803   -0.847    0.249  1
RGI60-15.05167     0.39265   29.807123   82.279605   -0.829    0.265  1
RGI60-15.01937     0.39249   27.872855   92.395298   -0.545    0.231  1
RGI60-15.04011     0.39236   28.633104   84.677298    0.074    0.209  1
RGI60-15.09287     0.39232   28.363416   85.209681   -0.401    0.243  1
RGI60-15.08571     0.39228   29.783343   96.888823   -0.877    0.239  1
RGI60-15.09570     0.39227   28.280105   86.135882   -0.227    0.197  1
RGI60-15.07802     0.39223   29.290884  101.908327   -0.256    0.231  1
RGI60-15.04699     0.39222   28.811118   84.231424   -0.213    0.207  1
RGI60-15.00685     0.39204   30.477970   95.361782   -0.441    0.221  1
RGI60-15.08519     0.39181   29.746560   96.780956   -0.610    0.260  1
RGI60-15.00012     0.39166   29.928919  102.057463   -0.757    0.252  1
RGI60-15.09973     0.39166   28.066822   86.798347   -0.262    0.199  1
RGI60-15.12773     0.39147   29.299324   97.080483   -0.785    0.271  1
RGI60-15.08203     0.39146   29.550525   97.135353   -0.751    0.238  1
RGI60-15.01840     0.39110   28.307684   91.097786   -0.893    0.282  1
RGI60-15.10143     0.39102   28.248107   86.521200   -0.698    0.194  1
RGI60-15.05347     0.39084   29.999859   82.413146   -0.535    0.221  1
RGI60-15.02444     0.39058   27.867963   90.321489   -0.612    0.190  1
RGI60-15.03543     0.39017   27.819028   86.483612   -0.390    0.192  1
RGI60-15.01452     0.38999   28.673819   93.536868   -0.787    0.235  1
RGI60-15.06367     0.38987   30.301767   80.607839   -0.520    0.230  1
RGI60-15.01292     0.38961   28.202219   92.773687   -0.627    0.265  1
RGI60-15.07586     0.38950   30.879030   78.910773   -0.088    0.180  1
RGI60-15.07343     0.38948   31.157972   78.849907   -0.549    0.193  1
RGI60-15.07283     0.38932   30.493622   80.135013    0.023    0.233  1
RGI60-15.08834     0.38924   30.896684   79.808699   -0.763    0.249  1
RGI60-15.10207     0.38919   28.328163   86.447237   -0.362    0.207  1
RGI60-15.08827     0.38896   30.927029   79.778205   -0.659    0.236  1
RGI60-15.07083     0.38895   30.904194   79.384891   -0.247    0.167  1
RGI60-15.04360     0.38887   29.030729   83.751506   -0.406    0.182  1
RGI60-15.05372     0.38883   29.111989   83.085192   -0.834    0.209  1
RGI60-15.00634     0.38861   30.646878   95.221490   -0.642    0.211  1
RGI60-15.08854     0.38842   30.753190   79.984676   -0.094    0.373  1
RGI60-15.09384     0.38834   28.415821   85.496986   -0.778    0.256  1
RGI60-15.04949     0.38826   29.241356   83.361034   -1.095    0.297  1
RGI60-15.01650     0.38799   28.398717   91.138732   -0.442    0.218  1
RGI60-15.11627     0.38798   29.529655   96.897746   -0.186    0.258  1
RGI60-15.05520     0.38797   29.215119   82.747404   -0.271    0.199  1
RGI60-15.10581     0.38795   27.881088   87.544501   -0.581    0.221  1
RGI60-15.00352     0.38789   28.914191   98.274332   -1.080    0.284  1
RGI60-15.09625     0.38781   28.246899   86.142711   -0.813    0.234  1
RGI60-15.00549     0.38744   28.277424   97.462200   -0.301    0.205  1
RGI60-15.03901     0.38740   27.761924   86.611867   -0.231    0.233  1
RGI60-15.01411     0.38724   28.192892   92.902004   -1.030    0.409  1
RGI60-15.07260     0.38719   30.220168   79.949520   -0.604    0.258  1
RGI60-15.12344     0.38718   28.724996   96.668867   -0.873    0.278  1
RGI60-15.04934     0.38702   29.193251   83.446082   -0.958    0.237  1
RGI60-15.02937     0.38701   27.986759   88.631881   -0.164    0.193  1
RGI60-15.06509     0.38699   30.283538   81.814984   -0.690    0.247  1
RGI60-15.03963     0.38685   28.329500   85.080894   -0.387    0.238  1
RGI60-15.02739     0.38679   27.555190   88.212662   -0.305    0.196  1
RGI60-15.10495     0.38651   28.261613   87.614288   -0.269    0.212  1
RGI60-15.09465     0.38647   28.092530   85.905490   -0.117    0.209  1
RGI60-15.13064     0.38644   29.012175   97.522073   -0.310    0.205  1
RGI60-15.04608     0.38640   28.695397   84.484145   -0.094    0.192  1
RGI60-15.10370     0.38635   27.936137   87.979695   -0.391    0.223  1
RGI60-15.03202     0.38633   27.613127   88.176879   -0.440    0.243  1
RGI60-15.05902     0.38630   29.834237   81.389632   -0.342    0.214  1
RGI60-15.09217     0.38629   28.722024   85.115578   -0.222    0.211  1
RGI60-15.07978     0.38626   31.091903  102.925386   -0.200    0.215  1
RGI60-15.08041     0.38612   31.271217  103.076794   -0.663    0.223  1
RGI60-15.05610     0.38603   29.370053   82.566479   -0.804    0.260  1
RGI60-15.04980     0.38581   29.099261   83.702311   -0.342    0.170  1
RGI60-15.05523     0.38579   29.223636   82.876741    0.230    0.312  1
RGI60-15.07424     0.38571   31.135638   78.638804    0.241    0.267  1
RGI60-15.09711     0.38560   28.174117   86.337780   -0.473    0.184  1
RGI60-15.11347     0.38556   29.782910   96.224174   -0.468    0.306  1
RGI60-15.08831     0.38552   30.922236   79.807544   -0.750    0.248  1
RGI60-15.09416     0.38533   28.451473   85.552663   -0.805    0.264  1
RGI60-15.07161     0.38532   30.917062   79.249362    0.007    0.167  1
RGI60-15.03661     0.38525   27.763557   87.802710   -0.868    0.252  1
RGI60-15.01401     0.38496   28.125298   92.869706   -0.932    0.260  1
RGI60-15.06159     0.38486   29.978627   82.230594   -1.040    0.260  1
RGI60-15.06803     0.38484   30.788617   79.605955   -0.287    0.192  1
RGI60-15.10974     0.38462   27.980048   88.867527   -0.195    0.154  1
RGI60-15.11120     0.38462   29.978933   95.848355   -0.067    0.414  1
RGI60-15.12660     0.38460   29.276077   96.986522   -0.913    0.263  1
RGI60-15.02520     0.38435   27.909246   90.559708   -0.350    0.217  1
RGI60-15.03946     0.38428   27.755856   86.896663   -0.216    0.192  1
RGI60-15.06396     0.38421   30.140583   80.552124   -0.283    0.243  1
RGI60-15.10059     0.38413   28.065745   86.941789   -0.178    0.164  1
RGI60-15.02868     0.38392   27.860225   88.214691   -0.317    0.200  1
RGI60-15.04413     0.38389   28.773436   83.481687   -0.131    0.189  1
RGI60-15.05937     0.38382   30.010317   81.049735   -0.055    0.215  1
RGI60-15.10183     0.38379   28.224281   86.658785   -0.253    0.156  1
RGI60-15.04999     0.38374   29.060943   83.597307   -0.816    0.224  1
RGI60-15.09357     0.38370   28.496483   85.416389   -0.733    0.256  1
RGI60-15.12907     0.38368   29.267460   97.245060   -0.825    0.266  1
RGI60-15.07595     0.38350   30.953794   78.792141   -0.339    0.181  1
RGI60-15.00349     0.38340   28.892538   98.395246   -0.392    0.307  1
RGI60-15.05034     0.38332   28.816981   83.231168   -0.368    0.185  1
RGI60-15.09910     0.38325   28.012520   87.222573   -0.018    0.190  1
RGI60-15.06904     0.38324   30.826284   79.092498   -0.112    0.195  1
RGI60-15.03779     0.38321   27.793348   86.412666   -0.649    0.202  1
RGI60-15.07132     0.38319   30.953069   79.262330    0.096    0.195  1
RGI60-15.05978     0.38319   29.923291   80.860334   -0.653    0.206  1
RGI60-15.04472     0.38274   28.852101   84.217873   -0.845    0.233  1
RGI60-15.00116     0.38272   30.158324   99.485538   -0.900    0.246  1
RGI60-15.02629     0.38245   28.010038   90.286072   -1.047    0.249  1
RGI60-15.01050     0.38241   30.029217   95.379795   -0.358    0.206  1
RGI60-15.05080     0.38228   28.779938   84.073751   -0.283    0.203  1
RGI60-15.02874     0.38218   27.863791   88.045586   -0.925    0.259  1
RGI60-15.03730     0.38193   27.782735   87.063637   -0.555    0.195  1
RGI60-15.03974     0.38172   28.392268   85.013576   -0.251    0.218  1
RGI60-15.02374     0.38159   28.098207   90.344937   -0.156    0.179  1
RGI60-15.03135     0.38157   27.700360   87.920909   -0.362    0.184  1
RGI60-15.10971     0.38120   27.964643   88.857878   -0.674    0.210  1
RGI60-15.08823     0.38090   30.944587   79.738005   -0.660    0.209  1
RGI60-15.02075     0.38089   27.966541   91.497467   -0.327    0.210  1
RGI60-15.06979     0.38088   30.996723   79.089514   -0.023    0.187  1
RGI60-15.10357     0.38085   27.944474   87.951299   -0.343    0.217  1
RGI60-15.11832     0.38083   29.600606   96.113014   -0.300    0.268  1
RGI60-15.08714     0.38064   31.031466   79.062716    0.081    0.190  1
RGI60-15.10810     0.38059   28.105873   90.542306   -0.415    0.182  1
RGI60-15.04092     0.38034   28.256979   85.522824   -0.044    0.428  1
RGI60-15.01600     0.38027   27.886030   92.596385   -0.224    0.239  1
RGI60-15.10804     0.38025   28.200197   90.535943   -0.312    0.182  1
RGI60-15.05306     0.37994   30.016299   82.309486   -0.595    0.233  1
RGI60-15.06714     0.37981   30.532382   79.923822   -0.155    0.270  1
RGI60-15.04288     0.37949   28.170843   85.708456    0.082    0.304  1
RGI60-15.05388     0.37937   29.501020   82.448044   -0.659    0.238  1
RGI60-15.10539     0.37892   28.144233   87.474459   -0.386    0.234  1
RGI60-15.03419     0.37891   28.010780   86.733381   -0.723    0.227  1
RGI60-15.00516     0.37891   28.145932   97.472254    0.106    0.232  1
RGI60-15.01318     0.37883   28.691247   93.442257   -0.008    0.190  1
RGI60-15.03899     0.37848   28.039392   86.746473   -0.022    0.235  1
RGI60-15.11818     0.37846   29.658476   96.037101    0.123    0.658  1
RGI60-15.00235     0.37845   28.327635   97.964982   -1.095    0.297  1
RGI60-15.05824     0.37843   30.102373   81.783874   -0.673    0.238  1
RGI60-15.05011     0.37828   29.026406   83.659157   -0.180    0.175  1
RGI60-15.02363     0.37816   28.110624   90.128320   -0.630    0.244  1
RGI60-15.06235     0.37792   29.719364   81.511043   -0.168    0.193  1
RGI60-15.07348     0.37783   31.120883   78.882831   -0.225    0.203  1
RGI60-15.00339     0.37770   28.948020   98.232715   -0.837    0.264  1
RGI60-15.03925     0.37769   27.849307   86.875235   -0.442    0.194  1
RGI60-15.01660     0.37755   28.410303   91.098404   -0.014    0.182  1
RGI60-15.11126     0.37755   29.874043   95.851058    0.259    0.540  1
RGI60-15.12373     0.37746   28.486334   96.854156   -0.288    0.221  1
RGI60-15.06209     0.37745   29.665476   81.539907   -0.491    0.231  1
RGI60-15.06671     0.37714   30.374786   80.282872   -0.200    0.291  1
RGI60-15.10085     0.37713   28.163750   86.985155   -0.566    0.196  1
RGI60-15.02537     0.37710   27.725393   89.405309   -1.288    0.352  1
RGI60-15.10295     0.37693   28.453871   85.675910   -0.429    0.187  1
RGI60-15.09665     0.37662   28.277104   86.240459   -0.547    0.206  1
RGI60-15.11399     0.37638   29.741810   96.318317   -0.421    0.311  1
RGI60-15.01923     0.37606   27.848443   92.293409   -1.349    0.338  1
RGI60-15.06101     0.37594   30.178307   81.758345   -0.345    0.229  1
RGI60-15.00421     0.37594   28.627365   98.243132   -0.853    0.269  1
RGI60-15.12763     0.37577   28.901943   97.076565   -0.812    0.273  1
RGI60-15.04287     0.37577   28.139591   85.633371   -0.400    0.206  1
RGI60-15.11196     0.37565   30.254433   95.922919   -0.530    0.239  1
RGI60-15.00139     0.37561   29.873352   99.641084   -1.777    0.372  1
RGI60-15.07263     0.37553   30.398263   79.794732   -0.512    0.217  1
RGI60-15.05758     0.37553   29.307534   82.582179   -0.167    0.303  1
RGI60-15.13023     0.37552   28.747470   97.354247   -0.542    0.251  1
RGI60-15.07648     0.37521   27.162428  100.165117   -0.332    0.361  1
RGI60-15.02828     0.37519   27.689337   88.172795   -0.647    0.337  1
RGI60-15.06645     0.37518   30.610241   79.342616   -0.861    0.241  1
RGI60-15.07335     0.37510   31.214938   78.838376   -0.639    0.205  1
RGI60-15.07574     0.37508   30.739533   78.831912   -0.198    0.170  1
RGI60-15.00263     0.37502   28.419594   97.744647   -0.635    0.231  1
RGI60-15.07095     0.37474   30.377823   79.733455    0.138    0.215  1
RGI60-15.05704     0.37462   29.103785   83.054639   -0.752    0.220  1
RGI60-15.01893     0.37453   27.804196   92.263767   -0.707    0.247  1
RGI60-15.11967     0.37453   29.250626   96.909816   -0.636    0.245  1
RGI60-15.07437     0.37450   31.128592   78.600655   -0.193    0.252  1
RGI60-15.01616     0.37442   27.939044   92.594261   -0.191    0.201  1
RGI60-15.01311     0.37430   28.690010   93.438266    0.028    0.192  1
RGI60-15.01909     0.37420   27.860165   92.208842   -0.383    0.181  1
RGI60-15.03437     0.37420   27.879423   86.562868   -0.151    0.223  1
RGI60-15.04592     0.37417   28.822227   83.521450   -0.220    0.186  1
RGI60-15.06733     0.37405   30.383705   79.875548   -0.111    0.322  1
RGI60-15.01149     0.37394   29.570731   95.101268   -0.042    0.337  1
RGI60-15.02190     0.37394   27.725891   92.402515   -0.776    0.287  1
RGI60-15.00699     0.37393   30.444822   95.437279   -0.655    0.234  1
RGI60-15.03424     0.37382   27.973525   86.533752   -0.730    0.228  1
RGI60-15.02680     0.37381   28.017403   89.607433   -1.002    0.241  1
RGI60-15.09723     0.37379   28.209851   86.362371   -0.906    0.251  1
RGI60-15.02784     0.37378   27.714215   88.050688   -0.183    0.222  1
RGI60-15.03010     0.37346   27.739714   88.279656   -0.035    0.187  1
RGI60-15.12977     0.37346   28.994588   97.317401   -0.042    0.190  1
RGI60-15.00008     0.37345   29.997551  102.056324   -0.309    0.297  1
RGI60-15.02096     0.37345   27.949416   91.429053   -0.652    0.231  1
RGI60-15.11327     0.37329   30.027704   96.212976    0.062    0.408  1
RGI60-15.00401     0.37324   28.621570   98.202424   -0.491    0.320  1
RGI60-15.12299     0.37276   28.505107   96.401391   -0.389    0.275  1
RGI60-15.12178     0.37266   29.056095   96.210370   -0.165    0.249  1
RGI60-15.12707     0.37248   29.357203   97.019298   -1.202    0.276  1
RGI60-15.06281     0.37240   29.755213   81.544076   -0.852    0.260  1
RGI60-15.01984     0.37239   27.719001   92.385275   -0.617    0.243  1
RGI60-15.08302     0.37214   29.480292   97.371607   -0.711    0.218  1
RGI60-15.11609     0.37213   29.583136   96.866414   -0.742    0.235  1
RGI60-15.09794     0.37205   28.119007   86.539822   -0.851    0.227  1
RGI60-15.04324     0.37190   28.676721   83.842382   -0.431    0.216  1
RGI60-15.04765     0.37175   28.649647   83.933752   -0.249    0.211  1
RGI60-15.01120     0.37160   30.295948   95.469442   -0.619    0.275  1
RGI60-15.03106     0.37150   27.773741   87.927747   -0.147    0.203  1
RGI60-15.10601     0.37135   28.104831   87.605918   -0.193    0.291  1
RGI60-15.11670     0.37109   29.444216   96.954546   -1.187    0.291  1
RGI60-15.03500     0.37107   27.722354   86.610564   -0.355    0.214  1
RGI60-15.04446     0.37097   28.786778   83.930882   -0.590    0.231  1
RGI60-15.07575     0.37076   30.732693   78.820925   -0.160    0.178  1
RGI60-15.12724     0.37065   29.082857   97.039624   -0.602    0.252  1
RGI60-15.02545     0.37046   27.918146   90.739041   -0.787    0.232  1
RGI60-15.07813     0.37044   29.443696  101.779156   -1.010    0.266  1
RGI60-15.09701     0.37043   28.118180   86.269460   -0.699    0.222  1
RGI60-15.09285     0.37038   28.368130   85.205500   -0.305    0.251  1
RGI60-15.01462     0.37036   28.490160   92.790856   -0.848    0.235  1
RGI60-15.08194     0.37029   29.556610   97.114062   -0.855    0.238  1
RGI60-15.08304     0.37021   29.519315   97.372807   -0.828    0.219  1
RGI60-15.05864     0.37020   30.335320   80.519612   -0.232    0.190  1
RGI60-15.01364     0.37016   28.206115   92.785874   -0.609    0.269  1
RGI60-15.00063     0.36984   30.662584   99.403921   -0.837    0.244  1
RGI60-15.00114     0.36973   30.134718   99.543625   -0.337    0.224  1
RGI60-15.10907     0.36973   28.061941   90.796775   -0.677    0.245  1
RGI60-15.10930     0.36970   28.116056   90.862093   -0.294    0.243  1
RGI60-15.07753     0.36968   29.317895  101.186794   -0.527    0.279  1
RGI60-15.10438     0.36964   28.014853   88.123010   -0.063    0.171  1
RGI60-15.07467     0.36960   31.136025   78.832117   -0.008    0.190  1
RGI60-15.01846     0.36956   28.158829   91.464253   -0.346    0.233  1
RGI60-15.04878     0.36954   28.861191   83.561807   -0.180    0.182  1
RGI60-15.01685     0.36953   28.306146   91.152699   -0.114    0.279  1
RGI60-15.12198     0.36941   29.150507   96.294528   -0.106    0.224  1
RGI60-15.12581     0.36936   29.063032   96.672575   -0.845    0.276  1
RGI60-15.03175     0.36910   27.948224   88.481069   -0.902    0.302  1
RGI60-15.00949     0.36883   30.550170   95.271460   -0.815    0.270  1
RGI60-15.08816     0.36847   31.067356   79.379412   -0.964    0.235  1
RGI60-15.09207     0.36806   28.684724   85.070490   -0.851    0.244  1
RGI60-15.03264     0.36781   27.856936   88.658803   -0.815    0.239  1
RGI60-15.09504     0.36778   28.450496   85.806037   -0.380    0.192  1
RGI60-15.10241     0.36766   28.348102   86.404471   -0.367    0.175  1
RGI60-15.11706     0.36763   29.676870   96.998445   -1.003    0.248  1
RGI60-15.00393     0.36716   29.297152   97.691760   -0.645    0.214  1
RGI60-15.00270     0.36649   28.731820   97.971420   -0.847    0.308  1
RGI60-15.01348     0.36644   28.159378   92.769718   -0.395    0.283  1
RGI60-15.04039     0.36630   28.274479   85.696647   -0.836    0.246  1
RGI60-15.01691     0.36616   28.300433   91.093719   -0.764    0.274  1
RGI60-15.07590     0.36578   30.817173   78.904620   -0.072    0.183  1
RGI60-15.10433     0.36578   27.939716   88.105705   -0.021    0.178  1
RGI60-15.05452     0.36566   29.253701   82.774239   -0.175    0.245  1
RGI60-15.02561     0.36559   27.999138   90.515422   -0.745    0.225  1
RGI60-15.10894     0.36554   28.070323   90.728277   -0.631    0.214  1
RGI60-15.11328     0.36545   29.956939   96.213568   -0.548    0.275  1
RGI60-15.07891     0.36525   29.731141  101.943246   -0.537    0.322  1
RGI60-15.03421     0.36516   28.044719   86.604651   -0.494    0.244  1
RGI60-15.07947     0.36507   31.371304  102.690627    0.602    0.230  1
RGI60-15.03384     0.36496   27.778280   87.114396   -0.590    0.211  1
RGI60-15.08455     0.36496   29.706148   97.141247   -0.892    0.242  1
RGI60-15.04395     0.36488   28.844175   83.631078   -0.460    0.192  1
RGI60-15.06278     0.36486   29.772261   81.511893   -0.344    0.185  1
RGI60-15.05332     0.36484   29.821658   82.436030   -0.429    0.281  1
RGI60-15.01523     0.36474   28.045266   92.545560   -0.369    0.194  1
RGI60-15.11917     0.36474   29.414270   96.710222   -1.157    0.304  1
RGI60-15.08366     0.36472   29.759818   97.000575   -0.828    0.227  1
RGI60-15.11220     0.36458   29.964885   95.939737   -0.451    0.369  1
RGI60-15.08981     0.36455   30.415141   81.233028   -0.149    0.185  1
RGI60-15.00605     0.36454   30.141521   95.660017   -0.556    0.260  1
RGI60-15.11528     0.36453   29.638868   96.560554   -0.850    0.258  1
RGI60-15.04417     0.36427   28.672907   83.465028   -0.221    0.161  1
RGI60-15.05562     0.36421   29.370605   82.550504   -0.738    0.282  1
RGI60-15.06432     0.36413   29.969045   82.067551   -0.631    0.206  1
RGI60-15.07194     0.36403   30.704068   79.360202   -0.153    0.161  1
RGI60-15.03602     0.36398   27.667685   86.859364   -0.391    0.219  1
RGI60-15.03438     0.36393   27.889619   86.559006   -0.199    0.218  1
RGI60-15.00743     0.36392   30.384492   95.559329   -0.174    0.218  1
RGI60-15.12181     0.36384   29.054177   96.217727   -0.208    0.206  1
RGI60-15.12180     0.36377   29.109643   96.218227    0.163    0.230  1
RGI60-15.00242     0.36375   28.469661   97.748558   -0.942    0.247  1
RGI60-15.11424     0.36361   29.899193   96.357476   -0.316    0.275  1
RGI60-15.12125     0.36339   29.341286   95.926854   -0.975    0.392  1
RGI60-15.01122     0.36333   30.295462   95.480912   -0.110    0.269  1
RGI60-15.04951     0.36330   29.237854   83.371315   -1.012    0.279  1
RGI60-15.02505     0.36324   28.029598   90.402640   -0.613    0.201  1
RGI60-15.00313     0.36302   28.436221   97.732882   -1.040    0.244  1
RGI60-15.09485     0.36301   28.202554   85.831062   -0.633    0.252  1
RGI60-15.03953     0.36296   28.025244   86.666142   -1.377    0.310  1
RGI60-15.12759     0.36278   29.468651   97.072079   -0.916    0.235  1
RGI60-15.01290     0.36276   28.175334   92.756420    0.136    0.231  1
RGI60-15.07472     0.36252   31.168297   78.783526   -0.125    0.206  1
RGI60-15.13062     0.36240   28.931629   97.505175   -0.451    0.211  1
RGI60-15.02994     0.36238   27.687383   88.327954    0.470    0.308  1
RGI60-15.00192     0.36236   30.625797   99.453114   -0.890    0.258  1
RGI60-15.09248     0.36236   28.735760   85.132636   -0.360    0.201  1
RGI60-15.06455     0.36235   29.936905   82.129796   -0.612    0.240  1
RGI60-15.08975     0.36215   30.026941   81.200799   -0.492    0.200  1
RGI60-15.08948     0.36211   30.126662   81.086030   -0.717    0.241  1
RGI60-15.00337     0.36210   28.984407   98.192218   -0.886    0.293  1
RGI60-15.04554     0.36210   28.573464   83.999979   -0.257    0.292  1
RGI60-15.07205     0.36197   30.734620   79.542853   -0.221    0.213  1
RGI60-15.02419     0.36191   27.934139   90.260741   -0.611    0.185  1
RGI60-15.03194     0.36186   27.814067   88.624110   -0.361    0.216  1
RGI60-15.09135     0.36165   28.790344   84.678128   -0.510    0.240  1
RGI60-15.03026     0.36140   27.803659   88.310951   -0.020    0.163  1
RGI60-15.12417     0.36133   29.454595   96.150638   -0.897    0.660  1
RGI60-15.08356     0.36113   29.739471   96.977510   -1.105    0.264  1
RGI60-15.01647     0.36100   28.431501   91.152593   -0.644    0.212  1
RGI60-15.04711     0.36092   28.858989   84.072703   -0.824    0.269  1
RGI60-15.04959     0.36085   29.274915   83.846098   -0.501    0.205  1
RGI60-15.12371     0.36079   28.261731   96.815892   -0.774    0.218  1
RGI60-15.01294     0.36078   28.202167   92.811119   -0.363    0.246  1
RGI60-15.07463     0.36063   31.116476   78.855777   -0.436    0.190  1
RGI60-15.01363     0.36061   28.214401   92.784496   -0.630    0.287  1
RGI60-15.02979     0.36055   27.883802   88.652891   -0.599    0.224  1
RGI60-15.10703     0.36054   27.784418   89.228760   -0.870    0.244  1
RGI60-15.05518     0.36054   29.363744   82.761960    0.345    0.301  1
RGI60-15.03608     0.36044   27.843384   87.094645   -0.205    0.204  1
RGI60-15.11518     0.36042   29.611728   96.530422   -0.325    0.233  1
RGI60-15.02530     0.36041   27.673882   89.415756   -0.224    0.209  1
RGI60-15.07367     0.36034   31.297715   78.290572   -0.124    0.179  1
RGI60-15.12875     0.36024   29.053630   97.179811   -1.082    0.284  1
RGI60-15.00267     0.35984   28.449011   98.560152   -0.280    0.220  1
RGI60-15.03363     0.35971   27.818705   88.749696   -0.794    0.232  1
RGI60-15.12144     0.35958   29.359867   96.009651   -3.140    0.953  1
RGI60-15.01172     0.35910   30.144745   95.674641   -0.071    0.269  1
RGI60-15.02290     0.35910   27.897735   89.955198   -0.811    0.223  1
RGI60-15.12911     0.35894   29.242666   97.255392   -0.528    0.215  1
RGI60-15.05397     0.35878   29.451077   82.561093   -1.105    0.282  1
RGI60-15.07177     0.35870   30.247918   80.360500    0.217    0.227  1
RGI60-15.08142     0.35852   29.036452   97.646672   -1.097    0.291  1
RGI60-15.09524     0.35849   28.304930   85.947923   -0.448    0.240  1
RGI60-15.06892     0.35833   30.868791   79.304044   -0.420    0.180  1
RGI60-15.01780     0.35827   28.226107   91.645730   -0.764    0.228  1
RGI60-15.13074     0.35827   29.010794   97.559772   -1.021    0.269  1
RGI60-15.00609     0.35813   30.330126   95.308877   -0.636    0.278  1
RGI60-15.09607     0.35806   28.145042   86.102683   -0.509    0.202  1
RGI60-15.05215     0.35779   29.745220   82.624866   -0.551    0.214  1
RGI60-15.01969     0.35739   27.777988   92.390018   -0.751    0.251  1
RGI60-15.05630     0.35731   29.404441   82.544600   -0.074    0.229  1
RGI60-15.12785     0.35720   29.436293   97.086612   -0.882    0.274  1
RGI60-15.01374     0.35719   28.639633   93.303501   -0.625    0.254  1
RGI60-15.01916     0.35718   27.877655   92.276691   -0.355    0.221  1
RGI60-15.12360     0.35717   28.624203   96.716733   -0.860    0.271  1
RGI60-15.05390     0.35713   29.446390   82.447548   -0.603    0.278  1
RGI60-15.01892     0.35701   27.801459   92.270253   -0.679    0.261  1
RGI60-15.00731     0.35700   30.596696   95.305486   -0.308    0.252  1
RGI60-15.04035     0.35700   28.631262   84.597151   -0.306    0.321  1
RGI60-15.04386     0.35695   28.970488   83.203659   -1.186    0.312  1
RGI60-15.01817     0.35691   28.001778   92.348594   -0.520    0.216  1
RGI60-15.11456     0.35669   29.874630   96.424724   -0.690    0.236  1
RGI60-15.11641     0.35665   29.635844   96.930201   -1.059    0.253  1
RGI60-15.09393     0.35664   28.416211   85.510424   -1.484    0.300  1
RGI60-15.10476     0.35654   27.993182   88.377974   -0.364    0.176  1
RGI60-15.00341     0.35653   28.986621   98.326401   -0.110    0.625  1
RGI60-15.11649     0.35647   29.626621   96.934800   -1.136    0.260  1
RGI60-15.05130     0.35641   28.646088   84.567673   -0.294    0.236  1
RGI60-15.00041     0.35641   30.050359   99.276638   -1.266    0.289  1
RGI60-15.07588     0.35629   30.925530   78.927973   -0.192    0.189  1
RGI60-15.04029     0.35625   28.575932   84.943182   -0.219    0.265  1
RGI60-15.00052     0.35619   29.891670   99.516987   -0.917    0.306  1
RGI60-15.05249     0.35615   29.858558   82.358266   -0.393    0.265  1
RGI60-15.00147     0.35609   29.925990   99.660750   -1.072    0.329  1
RGI60-15.11098     0.35603   29.959817   95.829493   -0.096    0.281  1
RGI60-15.04457     0.35600   28.806427   83.941502   -0.188    0.196  1
RGI60-15.08960     0.35592   30.067711   81.106372   -0.145    0.202  1
RGI60-15.05713     0.35569   29.143742   82.773092   -0.644    0.209  1
RGI60-15.04159     0.35564   28.400063   84.786243   -0.432    0.212  1
RGI60-15.07564     0.35558   31.025432   78.480644   -0.527    0.253  1
RGI60-15.04193     0.35550   28.102190   85.478984   -0.783    0.246  1
RGI60-15.03033     0.35534   27.924041   88.780162   -1.038    0.264  1
RGI60-15.10359     0.35504   27.950370   87.954267   -0.259    0.204  1
RGI60-15.10534     0.35500   28.235210   87.459164   -0.210    0.254  1
RGI60-15.00619     0.35497   30.150447   95.140741    1.374    0.480  1
RGI60-15.12893     0.35493   28.757179   97.205022   -0.600    0.226  1
RGI60-15.10975     0.35488   27.975943   88.868200   -0.383    0.180  1
RGI60-15.07825     0.35471   29.632474  101.806580   -1.038    0.294  1
RGI60-15.09893     0.35462   28.051297   87.185801   -0.489    0.278  1
RGI60-15.08682     0.35461   31.227728   78.958801   -1.156    0.356  1
RGI60-15.02946     0.35457   27.962804   88.703615   -0.471    0.206  1
RGI60-15.05839     0.35456   29.937202   81.688464   -0.554    0.270  1
RGI60-15.04845     0.35450   28.872824   83.498059   -0.473    0.204  1
RGI60-15.12709     0.35431   29.362154   97.024203   -0.890    0.271  1
RGI60-15.08971     0.35429   30.067734   81.154513   -0.367    0.329  1
RGI60-15.03994     0.35407   28.360092   84.692674   -0.079    0.350  1
RGI60-15.12458     0.35396   29.416981   96.354542    0.321    0.270  1
RGI60-15.04059     0.35395   28.572021   84.998846   -0.631    0.219  1
RGI60-15.08131     0.35388   29.018135   97.624195   -0.788    0.250  1
RGI60-15.11964     0.35387   29.266407   96.905799   -0.232    0.233  1
RGI60-15.00231     0.35381   28.313910   97.474258   -0.497    0.234  1
RGI60-15.00684     0.35380   30.484775   95.366583   -0.919    0.281  1
RGI60-15.00039     0.35373   30.070423   99.320371   -1.125    0.269  1
RGI60-15.10854     0.35369   28.044342   90.608777   -0.852    0.237  1
RGI60-15.02899     0.35366   27.893785   87.933600   -0.066    0.184  1
RGI60-15.09186     0.35361   28.642509   84.926120   -0.083    0.183  1
RGI60-15.08580     0.35344   29.889577   96.905313   -0.926    0.244  1
RGI60-15.06542     0.35344   30.192086   80.436447    0.116    0.228  1
RGI60-15.07556     0.35335   31.047270   78.529855   -0.992    0.294  1
RGI60-15.01499     0.35334   27.855851   92.531478   -0.187    0.280  1
RGI60-15.02672     0.35325   27.606346   89.355693   -0.575    0.211  1
RGI60-15.00273     0.35313   28.731755   97.995312   -0.613    0.271  1
RGI60-15.06328     0.35311   30.118834   80.725765   -0.063    0.245  1
RGI60-15.06703     0.35307   30.629231   79.966295    0.491    0.562  1
RGI60-15.11751     0.35290   29.800721   95.659357   -0.008    0.454  1
RGI60-15.02486     0.35260   27.893657   90.416545   -1.304    0.267  1
RGI60-15.11377     0.35254   29.892886   96.291248   -0.187    0.440  1
RGI60-15.11910     0.35245   29.388738   96.659573   -1.067    0.293  1
RGI60-15.09750     0.35237   28.033815   86.379620   -0.086    0.250  1
RGI60-15.12823     0.35218   29.414767   97.121394   -0.990    0.292  1
RGI60-15.05722     0.35215   29.140368   82.739184   -0.320    0.246  1
RGI60-15.12050     0.35205   29.391992   95.862869   -0.392    0.399  1
RGI60-15.01481     0.35202   28.512381   93.023608   -0.272    0.281  1
RGI60-15.10734     0.35170   28.132362   90.414519   -0.046    0.189  1
RGI60-15.13017     0.35153   29.130769   97.350977   -1.116    0.408  1
RGI60-15.00428     0.35150   28.686924   98.124532   -0.875    0.282  1
RGI60-15.06944     0.35150   30.801071   79.264995   -0.056    0.184  1
RGI60-15.03167     0.35099   27.585500   88.066144   -0.042    0.156  1
RGI60-15.04725     0.35098   28.659323   84.348839   -0.538    0.249  1
RGI60-15.12273     0.35096   29.218347   96.263242    0.123    0.261  1
RGI60-15.02176     0.35093   27.995201   91.325654   -1.045    0.259  1
RGI60-15.05637     0.35088   29.432349   82.719007   -0.178    0.243  1
RGI60-15.02962     0.35076   27.914977   88.639786   -0.531    0.200  1
RGI60-15.11838     0.35055   29.570290   96.131454   -0.035    0.218  1
RGI60-15.06260     0.35049   29.822977   81.565591   -0.114    0.231  1
RGI60-15.03346     0.35048   27.785558   87.907818   -0.650    0.262  1
RGI60-15.10849     0.35045   28.040239   90.604562   -0.893    0.243  1
RGI60-15.07461     0.35041   31.111102   78.867195   -0.138    0.193  1
RGI60-15.04700     0.35036   28.793586   84.241429   -0.137    0.188  1
RGI60-15.07050     0.35019   30.637982   79.935562    0.179    0.296  1
RGI60-15.10029     0.35019   28.057309   86.899087   -0.126    0.181  1
RGI60-15.00972     0.35017   30.470682   95.265644   -0.848    0.252  1
RGI60-15.08133     0.35013   29.025275   97.625167    0.103    0.222  1
RGI60-15.08280     0.35002   29.584650   97.268601   -0.949    0.263  1
RGI60-15.06212     0.34996   29.691395   81.537948   -0.876    0.248  1
RGI60-15.04239     0.34989   28.150272   85.541566   -0.477    0.224  1
RGI60-15.02345     0.34989   28.125243   89.978513   -0.339    0.203  1
RGI60-15.04670     0.34951   28.934480   84.096600   -0.223    0.213  1
RGI60-15.06148     0.34949   30.038629   81.888768   -0.977    0.299  1
RGI60-15.13007     0.34946   28.730688   97.342904   -0.597    0.265  1
RGI60-15.05535     0.34944   29.419544   82.586733    0.107    0.358  1
RGI60-15.12816     0.34927   29.373923   97.110635   -0.793    0.260  1
RGI60-15.07356     0.34924   31.145936   78.553035    0.137    0.224  1
RGI60-15.02586     0.34886   28.038468   90.732996   -0.408    0.216  1
RGI60-15.04966     0.34880   29.260533   83.810826   -0.550    0.207  1
RGI60-15.12732     0.34875   29.307848   97.048375   -0.488    0.259  1
RGI60-15.09451     0.34875   28.398518   85.624417   -0.502    0.235  1
RGI60-15.02141     0.34866   28.133654   91.235565   -0.242    0.227  1
RGI60-15.06875     0.34862   30.775819   79.363012    0.050    0.204  1
RGI60-15.09664     0.34852   28.198253   86.234989   -1.033    0.282  1
RGI60-15.04048     0.34845   28.237211   85.454594   -0.657    0.212  1
RGI60-15.05441     0.34838   29.104481   82.769453   -0.672    0.238  1
RGI60-15.07505     0.34829   30.772412   78.847641   -0.066    0.213  1
RGI60-15.10218     0.34822   28.333625   86.485679   -0.711    0.231  1
RGI60-15.07950     0.34816   31.277552  102.709763   -0.220    0.210  1
RGI60-15.07854     0.34812   29.275124  101.861377   -0.467    0.247  1
RGI60-15.00370     0.34802   28.510638   98.602678    0.571    0.275  1
RGI60-15.03988     0.34797   28.240100   85.509999   -0.322    0.239  1
RGI60-15.06696     0.34793   30.539469   80.262884   -0.179    0.186  1
RGI60-15.05052     0.34785   29.034014   83.682944   -0.453    0.202  1
RGI60-15.06114     0.34765   30.003777   80.945922   -0.064    0.300  1
RGI60-15.11707     0.34760   29.684553   96.998470   -0.571    0.214  1
RGI60-15.01223     0.34750   29.956534   95.258636   -0.495    0.276  1
RGI60-15.07545     0.34736   31.092627   78.503571   -0.088    0.256  1
RGI60-15.06594     0.34735   30.259671   79.783385   -0.363    0.264  1
RGI60-15.10223     0.34697   28.345478   86.312002   -0.004    0.193  1
RGI60-15.11452     0.34691   29.631952   96.421510   -0.666    0.245  1
RGI60-15.10876     0.34676   28.101903   90.669357   -0.430    0.241  1
RGI60-15.02952     0.34675   27.975524   88.702394    0.490    0.443  1
RGI60-15.10629     0.34670   27.808613   87.723158   -0.972    0.249  1
RGI60-15.06008     0.34646   29.814378   81.194573   -0.194    0.241  1
RGI60-15.02279     0.34639   28.025159   89.868588   -0.844    0.240  1
RGI60-15.07202     0.34638   30.770573   79.364711   -0.064    0.193  1
RGI60-15.06356     0.34623   30.248396   80.608199    0.242    0.247  1
RGI60-15.09081     0.34620   30.246889   81.374897   -0.349    0.211  1
RGI60-15.11252     0.34613   30.159021   96.002494   -0.749    0.460  1
RGI60-15.01410     0.34597   28.220461   92.880691   -0.220    0.213  1
RGI60-15.11187     0.34581   30.164178   95.916270   -0.730    0.774  1
RGI60-15.01899     0.34581   27.829547   92.281094   -0.664    0.220  1
RGI60-15.11605     0.34566   29.572868   96.863223   -1.194    0.299  1
RGI60-15.03209     0.34566   27.881160   88.235598   -0.978    0.286  1
RGI60-15.02439     0.34563   27.907267   90.256111   -0.556    0.219  1
RGI60-15.08225     0.34563   29.652436   97.171108   -0.786    0.245  1
RGI60-15.00169     0.34556   29.900317   99.520401   -0.945    0.307  1
RGI60-15.06765     0.34555   30.479572   79.964948   -0.122    0.272  1
RGI60-15.01195     0.34546   29.795947   95.440157   -0.435    0.233  1
RGI60-15.00630     0.34524   30.641165   95.201394   -0.689    0.234  1
RGI60-15.06187     0.34521   30.077805   82.102484   -0.511    0.208  1
RGI60-15.03496     0.34514   27.794682   86.604817   -0.650    0.265  1
RGI60-15.10650     0.34512   27.859544   87.762006   -0.314    0.183  1
RGI60-15.03861     0.34510   27.953719   86.791713   -0.631    0.274  1
RGI60-15.11283     0.34505   29.954411   96.056638    0.238    0.646  1
RGI60-15.09566     0.34499   28.275650   86.116030   -0.372    0.182  1
RGI60-15.05113     0.34493   28.783810   83.251373   -0.188    0.209  1
RGI60-15.08570     0.34484   29.773928   96.889052   -1.101    0.262  1
RGI60-15.06308     0.34477   30.158261   80.711081    0.018    0.204  1
RGI60-15.07829     0.34476   29.632893  101.813293   -0.946    0.295  1
RGI60-15.02226     0.34470   28.479273   91.063428   -0.227    0.204  1
RGI60-15.02181     0.34469   28.078086   91.324259   -0.245    0.191  1
RGI60-15.12747     0.34451   29.416919   97.064023   -0.946    0.247  1
RGI60-15.00744     0.34448   30.438959   95.585825   -0.898    0.253  1
RGI60-15.10184     0.34447   28.262481   86.662937   -0.423    0.212  1
RGI60-15.08716     0.34439   31.087227   79.096504   -0.127    0.199  1
RGI60-15.03222     0.34428   27.564134   88.140682   -0.569    0.214  1
RGI60-15.02600     0.34427   27.920113   90.785500   -0.579    0.225  1
RGI60-15.05688     0.34418   29.730539   82.229574   -0.764    0.255  1
RGI60-15.09636     0.34418   28.177858   86.188969   -0.591    0.215  1
RGI60-15.03262     0.34416   27.866073   88.655134   -0.763    0.221  1
RGI60-15.09565     0.34415   28.279191   86.113127   -0.442    0.193  1
RGI60-15.07689     0.34412   31.646755   99.605994   -0.517    0.216  1
RGI60-15.01591     0.34392   27.990616   92.720130   -0.109    0.211  1
RGI60-15.08727     0.34389   31.061840   79.116297    0.133    0.194  1
RGI60-15.11438     0.34385   29.775992   96.374606   -1.242    0.330  1
RGI60-15.04074     0.34376   28.377238   85.078581   -0.044    0.266  1
RGI60-15.05776     0.34365   30.182613   81.656692   -1.080    0.282  1
RGI60-15.04756     0.34360   28.778776   84.028950   -0.400    0.225  1
RGI60-15.01570     0.34355   27.945702   92.675754    0.514    0.257  1
RGI60-15.06236     0.34335   29.728220   81.509003   -0.689    0.234  1
RGI60-15.13106     0.34304   31.256131   79.208450   -0.794    0.232  1
RGI60-15.03780     0.34298   27.790690   86.419513   -1.438    0.294  1
RGI60-15.10423     0.34291   27.953141   88.092273   -0.067    0.195  1
RGI60-15.03650     0.34283   27.713754   87.643899   -0.662    0.261  1
RGI60-15.07302     0.34262   30.353541   79.996126    0.604    0.313  1
RGI60-15.00830     0.34251   30.265643   95.658111   -0.194    0.226  1
RGI60-15.04962     0.34241   29.258366   83.818038   -0.364    0.193  1
RGI60-15.03480     0.34238   27.844378   86.571065   -0.224    0.202  1
RGI60-15.01041     0.34224   30.080261   95.409822   -0.933    0.240  1
RGI60-15.00536     0.34206   28.063642   97.255700   -0.525    0.212  1
RGI60-15.13025     0.34202   28.853636   97.356180   -0.652    0.239  1
RGI60-15.05133     0.34187   28.541467   84.483829   -0.490    0.210  1
RGI60-15.08223     0.34179   29.592912   97.170078   -1.093    0.257  1
RGI60-15.01633     0.34175   28.069540   92.676932    0.133    0.247  1
RGI60-15.05724     0.34175   29.137579   82.721360   -0.571    0.233  1
RGI60-15.00777     0.34174   30.377113   95.566311   -0.440    0.221  1
RGI60-15.12394     0.34135   28.274128   96.902681   -0.213    0.217  1
RGI60-15.09501     0.34131   28.401553   85.803569   -0.260    0.197  1
RGI60-15.10023     0.34129   28.119051   86.895690   -0.516    0.219  1
RGI60-15.01614     0.34127   27.917483   92.582857   -0.262    0.212  1
RGI60-15.11532     0.34113   29.654642   96.587917    0.506    0.221  1
RGI60-15.09705     0.34107   28.159317   86.322423   -0.518    0.208  1
RGI60-15.07922     0.34089   30.319908  101.694076   -0.899    0.261  1
RGI60-15.07591     0.34083   30.812714   78.905713    0.074    0.202  1
RGI60-15.05949     0.34073   29.869780   81.100256   -0.077    0.182  1
RGI60-15.09315     0.34048   28.539164   85.333800   -0.580    0.234  1
RGI60-15.11746     0.34045   29.789747   95.609926   -0.068    0.247  1
RGI60-15.06081     0.34043   30.166459   81.607573   -0.305    0.216  1
RGI60-15.07929     0.33980   30.943655  101.565776   -0.246    0.210  1
RGI60-15.02910     0.33952   27.878663   88.152476   -0.238    0.208  1
RGI60-15.09296     0.33939   28.353455   85.254313   -0.148    0.384  1
RGI60-15.02970     0.33939   27.894365   88.682467   -0.817    0.232  1
RGI60-15.04755     0.33932   28.777325   84.037350   -0.562    0.207  1
RGI60-15.07677     0.33926   28.360218  100.353036   -0.558    0.278  1
RGI60-15.09245     0.33919   28.719814   85.124410   -0.278    0.217  1
RGI60-15.10221     0.33919   28.333823   86.496067   -0.317    0.205  1
RGI60-15.03271     0.33908   27.856364   88.636731   -0.382    0.204  1
RGI60-15.09855     0.33899   27.971780   87.104745    0.233    0.235  1
RGI60-15.01526     0.33882   28.048743   92.573661   -0.394    0.210  1
RGI60-15.05939     0.33877   29.999146   81.045655   -0.101    0.252  1
RGI60-15.05409     0.33876   29.357182   82.675821    0.228    0.467  1
RGI60-15.06265     0.33860   29.844572   81.557174   -0.600    0.207  1
RGI60-15.11093     0.33856   30.064516   95.829609   -0.329    0.271  1
RGI60-15.03190     0.33841   27.565933   88.151619   -0.609    0.285  1
RGI60-15.07988     0.33822   31.109486  102.917269   -0.458    0.230  1
RGI60-15.07927     0.33801   30.945826  101.558701   -1.189    0.276  1
RGI60-15.12058     0.33772   29.395570   95.885386   -0.921    0.906  1
RGI60-15.10036     0.33768   28.181322   86.902531   -0.500    0.222  1
RGI60-15.00999     0.33764   30.365845   95.225298   -0.185    0.257  1
RGI60-15.01575     0.33761   28.122347   92.607207   -0.017    0.204  1
RGI60-15.09202     0.33757   28.770085   85.047650   -0.470    0.211  1
RGI60-15.02248     0.33752   28.120780   89.582971   -0.696    0.281  1
RGI60-15.08090     0.33745   29.281599   98.338969   -0.906    0.336  1
RGI60-15.00245     0.33737   28.462996   97.765224   -0.936    0.251  1
RGI60-15.13015     0.33732   29.207277   97.346891   -0.498    0.251  1
RGI60-15.02216     0.33693   28.069750   90.938777    0.493    0.251  1
RGI60-15.02214     0.33683   28.145218   90.919280    0.039    0.194  1
RGI60-15.00523     0.33669   28.146454   97.377185    0.014    0.237  1
RGI60-15.11326     0.33662   29.958640   96.204116   -0.396    0.325  1
RGI60-15.08480     0.33662   29.801558   97.209985   -1.027    0.273  1
RGI60-15.00532     0.33654   28.012511   97.249350   -0.428    0.190  1
RGI60-15.09364     0.33654   28.528537   85.428994   -0.521    0.242  1
RGI60-15.02576     0.33643   27.989834   90.620134   -0.700    0.254  1
RGI60-15.08024     0.33635   31.709514  102.864603   -0.014    0.197  1
RGI60-15.00527     0.33628   28.045856   97.306639    0.003    0.201  1
RGI60-15.10782     0.33621   28.089923   90.504208   -0.167    0.160  1
RGI60-15.05097     0.33601   28.832102   83.079463   -1.477    0.314  1
RGI60-15.05309     0.33593   29.976239   82.301324   -0.765    0.276  1
RGI60-15.06287     0.33588   29.882549   81.347691    0.076    0.188  1
RGI60-15.08250     0.33582   29.691486   97.221935   -1.025    0.254  1
RGI60-15.12567     0.33579   29.174069   96.658026   -0.525    0.272  1
RGI60-15.07637     0.33554   27.093247  100.176662   -0.088    0.299  1
RGI60-15.09605     0.33548   28.129322   86.094463   -0.830    0.230  1
RGI60-15.10807     0.33543   28.149231   90.537608   -0.525    0.218  1
RGI60-15.07483     0.33519   31.143774   78.779275    0.069    0.189  1
RGI60-15.09462     0.33513   28.046732   85.916320   -1.103    0.318  1
RGI60-15.11056     0.33502   30.314262   95.786355   -1.061    0.284  1
RGI60-15.06540     0.33493   30.207677   80.424379    0.086    0.357  1
RGI60-15.08364     0.33490   29.849076   96.995491   -0.753    0.264  1
RGI60-15.01701     0.33489   28.340604   91.866043   -0.596    0.206  1
RGI60-15.11908     0.33471   29.390021   96.651323   -0.289    0.240  1
RGI60-15.04783     0.33469   28.571707   83.876057    0.028    0.203  1
RGI60-15.08191     0.33429   29.590822   97.112187   -1.170    0.267  1
RGI60-15.12208     0.33412   29.046014   96.323543   -0.144    0.241  1
RGI60-15.06496     0.33409   30.319448   81.825361   -0.454    0.213  1
RGI60-15.00733     0.33408   30.419990   95.524938   -0.722    0.243  1
RGI60-15.11348     0.33407   30.074499   96.225353    0.025    0.559  1
RGI60-15.11587     0.33395   29.533619   96.724906   -0.786    0.269  1
RGI60-15.02210     0.33379   27.861466   91.371088   -0.286    0.212  1
RGI60-15.04572     0.33368   28.963121   83.727804   -0.348    0.174  1
RGI60-15.09676     0.33367   28.138542   86.287256   -0.660    0.227  1
RGI60-15.09284     0.33355   28.420408   85.201785    0.065    0.250  1
RGI60-15.07516     0.33348   30.915471   78.761510   -0.148    0.173  1
RGI60-15.00994     0.33335   30.414333   95.218496   -0.004    0.244  1
RGI60-15.10291     0.33313   28.472389   85.643802   -0.395    0.183  1
RGI60-15.06220     0.33309   29.666672   81.477698   -0.341    0.209  1
RGI60-15.05124     0.33293   28.756770   84.323920   -0.440    0.217  1
RGI60-15.08034     0.33290   31.637003  102.994659   -0.615    0.221  1
RGI60-15.07231     0.33287   30.825722   79.288328   -0.355    0.184  1
RGI60-15.00926     0.33281   30.601773   95.223079   -0.218    0.220  1
RGI60-15.01235     0.33272   29.969291   95.455371   -0.194    0.249  1
RGI60-15.00229     0.33266   28.304325   97.459241   -0.488    0.210  1
RGI60-15.08354     0.33258   29.877176   96.967713   -0.925    0.255  1
RGI60-15.05440     0.33249   29.109531   82.765866   -0.659    0.282  1
RGI60-15.07801     0.33247   29.286166  101.901882   -0.664    0.272  1
RGI60-15.09192     0.33232   28.618964   84.949295   -0.251    0.223  1
RGI60-15.04062     0.33232   28.571284   84.609639   -0.322    0.221  1
RGI60-15.11025     0.33229   29.936521   95.702154    0.230    0.261  1
RGI60-15.12706     0.33206   29.496838   97.018267   -0.627    0.230  1
RGI60-15.11464     0.33204   29.629250   96.427966   -0.327    0.214  1
RGI60-15.09295     0.33193   28.346480   85.244799   -0.789    0.248  1
RGI60-15.02026     0.33188   27.902251   91.653208   -0.236    0.260  1
RGI60-15.07251     0.33162   30.383680   80.035295   -0.538    0.349  1
RGI60-15.00884     0.33155   30.321081   95.428770   -0.951    0.265  1
RGI60-15.04419     0.33142   28.785389   83.118347   -0.197    0.176  1
RGI60-15.02135     0.33136   28.099334   91.324413   -0.613    0.244  1
RGI60-15.03580     0.33133   27.687801   86.917197   -0.386    0.212  1
RGI60-15.06525     0.33116   30.463699   80.406896   -0.231    0.210  1
RGI60-15.05664     0.33092   29.711308   82.411611   -0.774    0.389  1
RGI60-15.06960     0.33089   31.016424   79.411595   -0.472    0.202  1
RGI60-15.10018     0.33088   28.177949   86.890157   -0.616    0.217  1
RGI60-15.07923     0.33080   31.052613  101.311641   -0.911    0.240  1
RGI60-15.10880     0.33068   28.091853   90.673066   -0.772    0.224  1
RGI60-15.08365     0.33065   29.764652   96.996898   -0.638    0.207  1
RGI60-15.03908     0.33057   27.770324   86.917609   -1.125    0.306  1
RGI60-15.08064     0.33056   28.351291   98.746045   -0.767    0.291  1
RGI60-15.11426     0.33055   29.830252   96.361109   -0.344    0.238  1
RGI60-15.06054     0.33054   29.978154   81.011774    0.055    0.261  1
RGI60-15.12309     0.33030   28.942259   96.450672   -0.218    0.247  1
RGI60-15.11739     0.33023   29.572840   97.079396   -0.704    0.215  1
RGI60-15.06127     0.33012   30.112420   80.750544   -0.242    0.207  1
RGI60-15.05806     0.33010   30.305888   81.900687   -0.619    0.217  1
RGI60-15.11073     0.32998   30.111268   95.807468   -0.069    0.489  1
RGI60-15.04209     0.32994   28.130042   85.613902   -0.587    0.274  1
RGI60-15.09959     0.32988   28.187789   86.786105   -0.759    0.252  1
RGI60-15.12625     0.32984   29.089555   96.893388   -0.447    0.255  1
RGI60-15.06477     0.32984   29.860814   81.363830   -0.109    0.217  1
RGI60-15.04333     0.32980   28.956185   83.627988   -0.879    0.243  1
RGI60-15.04708     0.32977   28.808750   84.186645   -0.598    0.218  1
RGI60-15.04963     0.32973   29.257783   83.827485   -0.142    0.237  1
RGI60-15.02621     0.32965   28.129194   89.822872   -0.941    0.296  1
RGI60-15.03750     0.32956   27.756007   86.610573   -0.215    0.245  1
RGI60-15.06425     0.32954   30.080324   81.991397   -0.675    0.257  1
RGI60-15.11950     0.32952   29.315391   96.864014   -0.217    0.239  1
RGI60-15.07909     0.32944   29.797457  101.868845   -0.363    0.233  1
RGI60-15.03720     0.32937   27.737951   86.584173   -0.725    0.255  1
RGI60-15.11254     0.32932   29.851436   96.006898   -0.820    0.352  1
RGI60-15.02291     0.32925   27.943452   89.950554   -0.739    0.227  1
RGI60-15.12416     0.32906   29.425150   96.153241    3.708    1.163  1
RGI60-15.06858     0.32904   30.875848   79.332724   -0.355    0.195  1
RGI60-15.08963     0.32872   30.080132   81.111356    0.009    0.208  1
RGI60-15.11396     0.32860   29.895558   96.316760   -0.648    0.781  1
RGI60-15.00051     0.32858   29.917892   99.607892   -0.815    0.308  1
RGI60-15.00243     0.32855   28.468402   97.740318   -0.845    0.248  1
RGI60-15.10144     0.32848   28.188669   86.560103   -0.239    0.173  1
RGI60-15.05453     0.32843   29.279320   82.794438   -0.928    0.290  1
RGI60-15.01574     0.32842   27.898398   92.633640   -0.074    0.222  1
RGI60-15.06422     0.32814   30.068473   81.963387   -0.860    0.313  1
RGI60-15.08878     0.32800   30.671269   80.133107   -0.774    0.254  1
RGI60-15.08272     0.32790   29.636250   97.261075   -0.324    0.184  1
RGI60-15.05023     0.32784   28.972647   83.625577   -0.557    0.204  1
RGI60-15.05131     0.32782   28.574078   84.480077   -0.042    0.232  1
RGI60-15.01724     0.32775   28.222953   91.329030   -0.410    0.201  1
RGI60-15.10094     0.32751   28.175743   87.021792   -0.592    0.202  1
RGI60-15.01458     0.32715   28.474977   92.730624   -0.815    0.232  1
RGI60-15.02778     0.32701   27.692743   88.029180   -0.038    0.227  1
RGI60-15.08437     0.32684   29.698462   97.087833   -1.185    0.297  1
RGI60-15.12361     0.32679   28.636030   96.720588   -0.775    0.323  1
RGI60-15.03397     0.32677   27.729048   86.992345   -0.462    0.257  1
RGI60-15.11529     0.32667   29.643754   96.565280   -0.347    0.213  1
RGI60-15.04849     0.32659   28.879439   83.536745   -0.074    0.203  1
RGI60-15.07366     0.32651   31.264839   78.277164   -0.269    0.186  1
RGI60-15.07546     0.32627   31.054249   78.581172   -0.044    0.260  1
RGI60-15.11599     0.32582   29.600863   96.861799   -0.886    0.268  1
RGI60-15.07003     0.32582   30.253098   80.138579    0.354    0.272  1
RGI60-15.12657     0.32568   29.142164   96.984636   -0.648    0.271  1
RGI60-15.02044     0.32561   28.028788   91.635712   -0.420    0.207  1
RGI60-15.03660     0.32552   27.757822   87.798371   -0.558    0.214  1
RGI60-15.11531     0.32543   29.652467   96.581295   -0.593    0.233  1
RGI60-15.03441     0.32540   27.843162   86.550600   -0.213    0.279  1
RGI60-15.09885     0.32528   27.914566   87.175313   -0.419    0.232  1
RGI60-15.11747     0.32526   29.824516   95.616027   -0.174    0.247  1
RGI60-15.01132     0.32520   30.204194   95.667213   -0.154    0.268  1
RGI60-15.06231     0.32513   29.693484   81.533308   -1.106    0.304  1
RGI60-15.09175     0.32508   28.803115   84.889238   -0.093    0.202  1
RGI60-15.03104     0.32508   27.861350   87.920202   -0.239    0.188  1
RGI60-15.09254     0.32479   28.771352   85.142436   -0.731    0.248  1
RGI60-15.08678     0.32456   31.238263   78.945706   -0.551    0.291  1
RGI60-15.12557     0.32449   29.188423   96.628322   -0.030    0.271  1
RGI60-15.09270     0.32448   28.646973   85.173990   -0.285    0.211  1
RGI60-15.05838     0.32416   29.923228   81.703002   -0.744    0.241  1
RGI60-15.12378     0.32412   28.242358   96.867477   -0.461    0.236  1
RGI60-15.00960     0.32404   30.501049   95.192184   -0.146    0.238  1
RGI60-15.05497     0.32397   29.206168   82.886807   -0.192    0.243  1
RGI60-15.03643     0.32396   27.716078   87.606429   -1.244    0.302  1
RGI60-15.10350     0.32396   27.977407   87.906930   -0.785    0.231  1
RGI60-15.11365     0.32387   29.834288   96.256405   -0.614    0.319  1
RGI60-15.00819     0.32376   30.285599   95.705386    0.085    0.234  1
RGI60-15.08939     0.32374   30.271533   80.968396   -0.419    0.225  1
RGI60-15.10131     0.32353   28.268110   86.714590   -0.200    0.182  1
RGI60-15.05557     0.32343   29.282183   82.547723    0.288    0.319  1
RGI60-15.12312     0.32328   28.944798   96.489985   -1.127    0.310  1
RGI60-15.12456     0.32327   29.314952   96.349620   -0.900    0.481  1
RGI60-15.06475     0.32291   29.866613   81.356912   -0.006    0.357  1
RGI60-15.01470     0.32284   28.456344   92.796266   -0.273    0.225  1
RGI60-15.11643     0.32278   29.712467   96.931501   -1.179    0.270  1
RGI60-15.10107     0.32273   28.155227   87.049157   -0.368    0.239  1
RGI60-15.07098     0.32260   30.645756   79.722492   -0.359    0.272  1
RGI60-15.01246     0.32257   29.935704   95.564874   -0.143    0.232  1
RGI60-15.02225     0.32256   28.044029   91.307131   -0.724    0.227  1
RGI60-15.05182     0.32255   29.724231   82.418557   -0.918    0.581  1
RGI60-15.05077     0.32219   28.970282   83.630881   -0.797    0.215  1
RGI60-15.09964     0.32207   28.160429   86.790056   -0.520    0.206  1
RGI60-15.01670     0.32177   28.371268   91.168564    0.016    0.192  1
RGI60-15.02123     0.32158   28.067775   91.346431   -0.627    0.227  1
RGI60-15.07170     0.32157   30.942667   79.680439   -0.078    0.187  1
RGI60-15.02882     0.32153   27.830641   88.020895   -0.404    0.195  1
RGI60-15.03962     0.32114   28.326283   85.059793   -0.397    0.260  1
RGI60-15.07426     0.32078   31.135146   78.653375   -0.022    0.269  1
RGI60-15.06196     0.32074   29.846574   81.485045    0.062    0.226  1
RGI60-15.01518     0.32072   28.034534   92.565845   -0.261    0.199  1
RGI60-15.02392     0.32060   27.965026   90.096158   -1.078    0.268  1
RGI60-15.02647     0.32059   28.049358   89.878795   -1.244    0.334  1
RGI60-15.00698     0.32055   30.444853   95.429865   -0.671    0.243  1
RGI60-15.09386     0.32054   28.404590   85.500173   -0.796    0.256  1
RGI60-15.02122     0.32048   28.063482   91.346164   -0.505    0.196  1
RGI60-15.00226     0.32039   28.314477   97.574897    0.288    0.263  1
RGI60-15.11373     0.32038   29.880311   96.292184    0.513    0.986  1
RGI60-15.05726     0.32038   29.101503   82.797877   -0.494    0.277  1
RGI60-15.12967     0.32038   29.472732   97.305877   -0.808    0.252  1
RGI60-15.02481     0.32026   27.962422   90.376467   -0.834    0.228  1
RGI60-15.06066     0.32003   30.255491   81.464593   -0.574    0.229  1
RGI60-15.08758     0.31999   31.045989   79.206328   -0.217    0.199  1
RGI60-15.08962     0.31999   30.043880   81.109050   -0.763    0.391  1
RGI60-15.09736     0.31995   28.250358   86.430037   -0.963    0.239  1
RGI60-15.10824     0.31990   28.087113   90.565940   -0.655    0.222  1
RGI60-15.03701     0.31988   27.915876   87.824963   -0.260    0.208  1
RGI60-15.03057     0.31987   27.868823   88.872916   -0.330    0.214  1
RGI60-15.06333     0.31987   30.168204   80.791255   -0.208    0.220  1
RGI60-15.12310     0.31970   28.938122   96.458406   -0.143    0.273  1
RGI60-15.09340     0.31961   28.719767   85.416178   -0.326    0.201  1
RGI60-15.05072     0.31953   28.993038   83.720829   -0.614    0.216  1
RGI60-15.04640     0.31945   28.846885   84.298553   -0.521    0.223  1
RGI60-15.10941     0.31939   27.848914   89.289706    0.242    0.243  1
RGI60-15.07521     0.31927   31.089710   78.512692   -0.447    0.254  1
RGI60-15.09832     0.31925   28.029047   87.060568   -0.318    0.172  1
RGI60-15.04003     0.31909   28.135094   85.683160   -0.739    0.257  1
RGI60-15.01914     0.31901   27.892346   92.270965   -0.999    0.263  1
RGI60-15.04721     0.31889   28.678105   84.308334    0.009    0.166  1
RGI60-15.04001     0.31882   28.125324   85.634881   -1.109    0.321  1
RGI60-15.06585     0.31876   30.338896   79.734096   -0.109    0.209  1
RGI60-15.12503     0.31876   29.181284   96.465023   -0.423    0.280  1
RGI60-15.04875     0.31874   28.858157   83.556618   -0.069    0.178  1
RGI60-15.01602     0.31852   27.856723   92.540282   -0.416    0.265  1
RGI60-15.10731     0.31847   28.195516   90.407614   -0.076    0.202  1
RGI60-15.06737     0.31846   30.245507   79.941981   -0.360    0.255  1
RGI60-15.05980     0.31844   29.922553   80.891301   -0.301    0.211  1
RGI60-15.05156     0.31836   29.783298   82.455722   -1.015    0.259  1
RGI60-15.04194     0.31831   28.107781   85.472644   -0.217    0.220  1
RGI60-15.01453     0.31829   28.681334   93.691411   -0.807    0.255  1
RGI60-15.06377     0.31820   30.364954   80.597309   -0.178    0.191  1
RGI60-15.01981     0.31817   27.740773   92.416249   -0.846    0.254  1
RGI60-15.10910     0.31817   28.017243   90.805677   -1.243    0.267  1
RGI60-15.02958     0.31814   28.005163   88.678288   -0.619    0.236  1
RGI60-15.04250     0.31812   28.139360   85.662139   -0.243    0.179  1
RGI60-15.06023     0.31796   30.222680   80.601425    0.104    0.212  1
RGI60-15.00820     0.31788   30.329261   95.655545   -0.846    0.276  1
RGI60-15.06949     0.31787   30.907487   79.392063   -0.322    0.174  1
RGI60-15.09198     0.31780   28.784460   85.031123   -0.044    0.199  1
RGI60-15.00998     0.31769   30.432840   95.189394   -0.213    0.256  1
RGI60-15.01873     0.31762   27.790923   92.162478   -0.733    0.248  1
RGI60-15.04233     0.31757   28.162894   85.549370   -0.281    0.201  1
RGI60-15.03710     0.31751   27.928203   86.381093   -0.507    0.222  1
RGI60-15.02333     0.31746   28.085213   89.967932   -0.522    0.213  1
RGI60-15.07274     0.31736   30.203096   79.853062   -0.230    0.346  1
RGI60-15.04242     0.31719   28.213821   85.705706    0.075    0.234  1
RGI60-15.11147     0.31696   30.336146   95.873146    0.561    0.274  1
RGI60-15.05790     0.31691   29.916603   81.467310    0.056    0.214  1
RGI60-15.04038     0.31686   28.272902   85.703706   -0.984    0.277  1
RGI60-15.07466     0.31664   31.131732   78.834728    0.068    0.213  1
RGI60-15.03478     0.31656   27.817543   86.565981   -0.149    0.213  1
RGI60-15.00748     0.31651   30.422530   95.603613   -0.721    0.229  1
RGI60-15.07812     0.31650   29.459956  101.768389   -0.807    0.229  1
RGI60-15.05184     0.31647   29.751687   82.472183   -0.576    0.265  1
RGI60-15.03897     0.31630   28.014883   86.838401   -0.409    0.297  1
RGI60-15.01547     0.31627   28.027109   92.713706   -0.092    0.195  1
RGI60-15.07939     0.31611   31.487883  102.630838   -1.127    0.283  1
RGI60-15.06498     0.31581   30.323078   81.821657   -0.601    0.218  1
RGI60-15.10900     0.31578   28.099930   90.764602   -0.362    0.193  1
RGI60-15.07486     0.31578   31.110478   78.771412    0.003    0.180  1
RGI60-15.06359     0.31567   30.262071   80.685272   -0.024    0.205  1
RGI60-15.04481     0.31529   28.711524   84.162979   -1.053    0.267  1
RGI60-15.12010     0.31524   29.368229   95.768535   -1.192    0.520  1
RGI60-15.01597     0.31519   27.963376   92.654004   -0.024    0.259  1
RGI60-15.00783     0.31511   30.367762   95.665034   -0.495    0.295  1
RGI60-15.10173     0.31492   28.182551   86.637500   -0.279    0.208  1
RGI60-15.12226     0.31474   29.019596   96.412479   -0.858    0.273  1
RGI60-15.04978     0.31456   29.111270   83.717745   -0.396    0.178  1
RGI60-15.08424     0.31453   29.734866   97.060801   -1.052    0.305  1
RGI60-15.03535     0.31452   27.809470   86.523019   -0.372    0.263  1
RGI60-15.08246     0.31414   29.611182   97.217193   -0.850    0.253  1
RGI60-15.09731     0.31412   28.281816   86.401852   -0.137    0.249  1
RGI60-15.12172     0.31409   29.263618   96.179394   -0.855    0.319  1
RGI60-15.11282     0.31396   29.948924   96.053437   -1.004    0.633  1
RGI60-15.04175     0.31392   28.302004   85.530804   -0.383    0.212  1
RGI60-15.07222     0.31390   30.717950   79.192359   -0.285    0.242  1
RGI60-15.09093     0.31389   30.273577   81.389071    0.106    0.213  1
RGI60-15.06306     0.31386   30.159115   80.758642    0.155    0.206  1
RGI60-15.08538     0.31377   29.872787   96.839045   -0.326    0.205  1
RGI60-15.10368     0.31354   27.915116   87.976649   -0.481    0.216  1
RGI60-15.02743     0.31344   27.569906   88.215352    0.056    0.203  1
RGI60-15.08491     0.31331   29.741501   96.529759   -0.916    0.245  1
RGI60-15.00275     0.31311   28.752048   98.076775   -0.544    0.306  1
RGI60-15.08765     0.31303   31.051337   79.219243   -0.190    0.219  1
RGI60-15.09466     0.31296   28.081709   85.904585   -0.679    0.269  1
RGI60-15.02492     0.31294   27.937619   90.390427   -0.545    0.206  1
RGI60-15.08451     0.31290   29.671545   97.130025   -0.858    0.252  1
RGI60-15.03960     0.31287   28.244839   85.456873   -0.372    0.222  1
RGI60-15.05753     0.31281   29.233995   82.734412   -0.211    0.244  1
RGI60-15.00510     0.31279   28.734117   98.017868   -0.639    0.261  1
RGI60-15.08036     0.31265   31.626048  103.003824   -0.534    0.209  1
RGI60-15.07766     0.31261   29.266333  101.366033   -1.295    0.310  1
RGI60-15.12859     0.31259   29.030266   97.163715    0.001    0.220  1
RGI60-15.02700     0.31257   27.899983   88.183625   -0.774    0.236  1
RGI60-15.01217     0.31237   29.946887   95.262016   -0.363    0.229  1
RGI60-15.00988     0.31218   30.480849   95.270793   -0.472    0.256  1
RGI60-15.00668     0.31212   30.507813   95.488758   -0.642    0.272  1
RGI60-15.04484     0.31211   28.719564   84.150586   -0.630    0.241  1
RGI60-15.07976     0.31204   31.090885  102.908395   -0.592    0.226  1
RGI60-15.02433     0.31191   27.831294   90.269398   -0.802    0.226  1
RGI60-15.00814     0.31187   30.323999   95.702328   -0.152    0.214  1
RGI60-15.07875     0.31178   29.735101  101.877182   -0.223    0.280  1
RGI60-15.04203     0.31173   28.145423   85.495116   -0.719    0.230  1
RGI60-15.09656     0.31166   28.206144   86.224765   -0.845    0.240  1
RGI60-15.04205     0.31152   28.143523   85.519374   -1.180    0.349  1
RGI60-15.11965     0.31142   29.260610   96.905954    0.224    0.234  1
RGI60-15.08697     0.31141   31.335350   78.998177   -0.591    0.243  1
RGI60-15.00797     0.31130   30.361642   95.630411   -0.389    0.204  1
RGI60-15.03301     0.31128   27.742640   88.496628   -0.164    0.286  1
RGI60-15.02767     0.31127   27.613992   88.004491   -0.370    0.222  1
RGI60-15.01757     0.31117   28.131780   91.610722   -0.649    0.235  1
RGI60-15.05428     0.31117   29.205933   82.545047   -0.937    0.313  1
RGI60-15.11509     0.31111   29.577075   96.508695   -0.282    0.254  1
RGI60-15.09512     0.31102   28.420722   85.839949   -0.699    0.247  1
RGI60-15.12071     0.31098   29.577336   95.920951   -0.485    0.589  1
RGI60-15.12177     0.31097   29.037264   96.206741   -0.602    0.309  1
RGI60-15.13001     0.31097   29.465698   97.340555   -0.732    0.249  1
RGI60-15.10587     0.31092   27.862172   87.588082   -0.862    0.225  1
RGI60-15.06043     0.31058   30.129060   80.548485   -0.332    0.238  1
RGI60-15.02258     0.31057   28.213271   89.826533   -1.715    0.364  1
RGI60-15.07619     0.31045   31.048908   78.634500    0.142    0.255  1
RGI60-15.05783     0.31022   30.014120   81.525649   -0.395    0.208  1
RGI60-15.05691     0.31014   29.717090   82.224937   -1.095    0.288  1
RGI60-15.03652     0.31012   27.688949   87.611990   -1.111    0.309  1
RGI60-15.12796     0.31005   29.447831   97.095199   -0.886    0.264  1
RGI60-15.01273     0.31004   29.204309   94.583404   -0.930    0.417  1
RGI60-15.11745     0.31002   29.789423   95.602192   -0.201    0.239  1
RGI60-15.03058     0.31001   27.861958   88.876029   -0.456    0.201  1
RGI60-15.10058     0.30998   28.100405   86.932559   -0.131    0.172  1
RGI60-15.03525     0.30984   27.779021   86.520191   -0.485    0.215  1
RGI60-15.01585     0.30973   27.909030   92.688914   -0.304    0.266  1
RGI60-15.05803     0.30968   29.907821   81.247769   -0.473    0.204  1
RGI60-15.09669     0.30953   28.268418   86.250120   -0.752    0.224  1
RGI60-15.00907     0.30949   30.227674   95.629831   -0.026    0.281  1
RGI60-15.09100     0.30943   30.325636   81.399210   -0.613    0.195  1
RGI60-15.00997     0.30937   30.364188   95.212947   -0.395    0.224  1
RGI60-15.05745     0.30936   29.320625   82.717574   -0.365    0.255  1
RGI60-15.06511     0.30935   30.191702   81.881250   -0.387    0.232  1
RGI60-15.10264     0.30934   28.730882   85.404241   -0.751    0.257  1
RGI60-15.03487     0.30932   27.856259   86.565589   -0.786    0.937  1
RGI60-15.09125     0.30907   28.733196   84.636106   -0.582    0.242  1
RGI60-15.07049     0.30882   30.606984   79.923432   -0.339    0.271  1
RGI60-15.10672     0.30878   28.002310   87.841491   -0.710    0.198  1
RGI60-15.06972     0.30862   30.766082   79.434173   -0.099    0.208  1
RGI60-15.07181     0.30851   30.256092   80.077442    0.166    0.265  1
RGI60-15.06636     0.30846   30.650793   79.309833   -0.872    0.234  1
RGI60-15.09633     0.30841   28.285228   86.179117   -0.591    0.245  1
RGI60-15.03927     0.30837   27.785988   86.499496   -0.450    0.215  1
RGI60-15.10405     0.30799   27.941855   88.051820   -0.084    0.209  1
RGI60-15.08987     0.30798   30.382362   81.247822   -0.718    0.231  1
RGI60-15.11092     0.30794   30.228012   95.828570    0.164    0.267  1
RGI60-15.09627     0.30793   28.281175   86.161231   -0.311    0.181  1
RGI60-15.06351     0.30767   30.272221   80.735510   -0.645    0.244  1
RGI60-15.02406     0.30766   28.024841   90.166385   -0.560    0.205  1
RGI60-15.04296     0.30765   28.172248   85.819204   -0.295    0.320  1
RGI60-15.09164     0.30729   28.853585   84.791062   -0.798    0.254  1
RGI60-15.01692     0.30728   28.290827   91.087672   -0.671    0.285  1
RGI60-15.06721     0.30727   30.550177   80.083426   -0.588    0.220  1
RGI60-15.04374     0.30722   29.154124   83.788261   -0.525    0.188  1
RGI60-15.08324     0.30722   29.728953   97.245333   -0.362    0.205  1
RGI60-15.10307     0.30712   28.954802   86.095164   -0.582    0.249  1
RGI60-15.05856     0.30679   30.439757   80.546226   -0.282    0.193  1
RGI60-15.05919     0.30673   30.039838   81.310921   -0.834    0.246  1
RGI60-15.00816     0.30673   30.310457   95.692347   -0.451    0.275  1
RGI60-15.09201     0.30668   28.672172   85.047330   -0.730    0.252  1
RGI60-15.10179     0.30666   28.159395   86.653179   -0.314    0.231  1
RGI60-15.00852     0.30661   30.256623   95.591361   -0.086    0.250  1
RGI60-15.08189     0.30655   29.648729   97.108184   -0.850    0.263  1
RGI60-15.12575     0.30650   29.176645   96.666660   -0.269    0.311  1
RGI60-15.04078     0.30650   28.275348   85.691280   -0.507    0.213  1
RGI60-15.07090     0.30633   30.346550   79.730425   -0.254    0.241  1
RGI60-15.11253     0.30601   30.169519   96.004105   -0.392    0.295  1
RGI60-15.07058     0.30592   30.494396   79.838009   -0.098    0.187  1
RGI60-15.08533     0.30588   29.861322   96.834179   -0.926    0.258  1
RGI60-15.09342     0.30556   28.693936   85.419060   -0.436    0.209  1
RGI60-15.05884     0.30549   29.753843   81.496612   -0.182    0.187  1
RGI60-15.01243     0.30544   29.944178   95.539136   -0.827    0.290  1
RGI60-15.08220     0.30543   29.656531   97.165933   -0.492    0.212  1
RGI60-15.11360     0.30542   29.914011   96.243784   -0.227    0.393  1
RGI60-15.11229     0.30539   30.004545   95.948162    0.165    0.497  1
RGI60-15.01795     0.30535   28.185888   91.871737   -0.084    0.219  1
RGI60-15.12822     0.30523   29.474381   97.116301   -0.713    0.247  1
RGI60-15.07119     0.30520   30.850211   78.979179    0.149    0.212  1
RGI60-15.10844     0.30516   28.094531   90.586373   -0.462    0.259  1
RGI60-15.05561     0.30497   29.369391   82.553917   -1.020    0.353  1
RGI60-15.10558     0.30490   28.167145   87.566142   -0.866    0.234  1
RGI60-15.08298     0.30488   29.542456   97.349617   -0.761    0.223  1
RGI60-15.09290     0.30484   28.381123   85.220725   -0.009    0.296  1
RGI60-15.01948     0.30484   27.853381   92.420744   -0.465    0.243  1
RGI60-15.04762     0.30482   28.787326   83.923326   -0.024    0.202  1
RGI60-15.06571     0.30477   30.344709   80.373249    0.001    0.202  1
RGI60-15.11972     0.30477   29.277306   96.918518   -0.883    0.276  1
RGI60-15.00331     0.30476   29.220426   98.370376   -0.938    0.312  1
RGI60-15.10615     0.30454   27.814161   87.688342   -0.778    0.241  1
RGI60-15.12051     0.30449   29.402701   95.865055   -0.651    0.435  1
RGI60-15.05460     0.30449   29.290590   82.729984    0.005    0.342  1
RGI60-15.03368     0.30447   27.746243   86.963848   -0.281    0.207  1
RGI60-15.01282     0.30443   28.164190   92.669864   -0.646    0.246  1
RGI60-15.07061     0.30436   30.357514   79.818541    0.140    0.222  1
RGI60-15.03771     0.30435   27.860142   86.407493   -0.995    0.239  1
RGI60-15.01929     0.30430   27.931110   92.281975   -0.681    0.245  1
RGI60-15.04161     0.30429   28.396174   84.774488   -0.200    0.216  1
RGI60-15.06857     0.30408   30.899749   79.320573   -0.486    0.199  1
RGI60-15.02546     0.30393   27.924008   90.742472   -0.764    0.229  1
RGI60-15.01709     0.30393   28.221720   91.870842    0.022    0.209  1
RGI60-15.03308     0.30389   27.728699   88.388445   -0.527    0.242  1
RGI60-15.03530     0.30378   27.765400   86.505399   -1.058    0.301  1
RGI60-15.02509     0.30378   28.015052   90.491076   -0.478    0.222  1
RGI60-15.09312     0.30371   28.580414   85.321825   -0.224    0.219  1
RGI60-15.00391     0.30371   29.274984   97.682389   -0.943    0.247  1
RGI60-15.11688     0.30367   29.518202   96.971875   -0.610    0.258  1
RGI60-15.07892     0.30356   29.593480  101.941569   -0.332    0.268  1
RGI60-15.09774     0.30346   28.061630   86.489979   -0.695    0.243  1
RGI60-15.11522     0.30305   29.633175   96.553047   -0.339    0.236  1
RGI60-15.08745     0.30302   31.056871   79.162260   -0.261    0.213  1
RGI60-15.01778     0.30288   28.215674   91.643042   -0.651    0.229  1
RGI60-15.02301     0.30269   28.052266   89.539554   -1.237    0.280  1
RGI60-15.04353     0.30234   28.834539   84.134549   -0.361    0.192  1
RGI60-15.04752     0.30226   28.796261   84.023238   -0.090    0.239  1
RGI60-15.05479     0.30217   29.456251   82.652277   -0.678    0.302  1
RGI60-15.06692     0.30212   30.471362   80.255454   -0.268    0.214  1
RGI60-15.02305     0.30204   28.036898   89.883658    0.024    0.205  1
RGI60-15.12352     0.30203   28.656297   96.693725   -0.781    0.261  1
RGI60-15.00927     0.30203   30.591562   95.216212   -0.579    0.254  1
RGI60-15.12034     0.30198   29.407865   95.812042   -0.936    0.405  1
RGI60-15.10031     0.30193   28.038160   86.900282   -0.199    0.175  1
RGI60-15.07526     0.30190   31.045626   78.384945   -0.335    0.215  1
RGI60-15.11277     0.30187   29.951584   96.043679   -0.547    0.552  1
RGI60-15.00725     0.30169   30.572841   95.348092   -0.466    0.243  1
RGI60-15.04102     0.30147   28.482021   84.589241    0.293    0.334  1
RGI60-15.00528     0.30146   28.051451   97.278630   -0.569    0.212  1
RGI60-15.06602     0.30132   30.752122   78.995509   -0.513    0.195  1
RGI60-15.06053     0.30120   29.975363   81.005855    0.128    0.217  1
RGI60-15.03041     0.30118   27.987031   88.802096   -0.403    0.227  1
RGI60-15.12363     0.30118   28.603170   96.787812   -0.509    0.288  1
RGI60-15.05644     0.30117   29.650657   82.623446   -0.623    0.278  1
RGI60-15.04067     0.30116   28.403622   84.708491   -0.815    0.299  1
RGI60-15.12308     0.30114   29.029837   96.448670   -0.325    0.221  1
RGI60-15.09887     0.30113   27.895852   87.172713   -0.348    0.209  1
RGI60-15.04391     0.30111   28.870118   83.530863   -0.118    0.174  1
RGI60-15.06414     0.30104   30.060207   81.901920   -0.046    0.234  1
RGI60-15.07336     0.30101   31.209492   78.823239   -0.287    0.191  1
RGI60-15.05239     0.30101   29.883206   82.402701   -0.964    0.302  1
RGI60-15.00369     0.30088   28.515955   98.596235    0.445    0.262  1
RGI60-15.05257     0.30075   29.836107   82.323745   -0.537    0.270  1
RGI60-15.03485     0.30066   27.849674   86.593166    0.097    0.253  1
RGI60-15.09433     0.30040   28.434996   85.593416   -0.299    0.235  1
RGI60-15.10034     0.30039   28.188973   86.902876   -0.489    0.224  1
RGI60-15.00720     0.30003   30.440474   95.462368   -1.135    0.337  1
RGI60-15.12133     0.30001   29.259383   95.987528    0.685    0.380  1
RGI60-15.08397     0.29990   29.716908   97.036719   -0.781    0.231  1
RGI60-15.10411     0.29989   28.058272   88.064832   -0.621    0.226  1
RGI60-15.05258     0.29982   29.836456   82.305400   -0.328    0.280  1
RGI60-15.04645     0.29977   28.960902   84.125121   -0.180    0.201  1
RGI60-15.06982     0.29976   30.840396   79.561506    0.109    0.210  1
RGI60-15.03669     0.29973   27.819136   87.812433   -0.634    0.264  1
RGI60-15.06392     0.29968   30.270651   80.484446    0.036    0.257  1
RGI60-15.11591     0.29943   29.609741   96.819627   -0.870    0.258  1
RGI60-15.09555     0.29930   28.130185   86.087795   -0.578    0.198  1
RGI60-15.06717     0.29926   30.569869   79.972512    0.433    0.421  1
RGI60-15.05445     0.29924   29.114023   82.748087    0.026    0.285  1
RGI60-15.07814     0.29918   29.430608  101.779301   -1.043    0.254  1
RGI60-15.10674     0.29913   27.986320   87.844415   -1.060    0.280  1
RGI60-15.12278     0.29902   29.210248   96.289985    0.148    0.244  1
RGI60-15.10210     0.29893   28.329871   86.457374   -0.392    0.226  1
RGI60-15.02945     0.29880   27.961350   88.695097   -0.006    0.207  1
RGI60-15.11374     0.29877   29.746625   96.292355    0.069    0.365  1
RGI60-15.12710     0.29810   29.379930   97.027043   -0.744    0.257  1
RGI60-15.11470     0.29787   29.719950   96.438111   -0.728    0.260  1
RGI60-15.03380     0.29779   27.817708   86.972634   -0.029    0.219  1
RGI60-15.11686     0.29778   29.455096   96.972040   -0.938    0.260  1
RGI60-15.07450     0.29772   31.085363   78.577114   -1.556    0.421  1
RGI60-15.04467     0.29772   28.856388   84.175948   -0.248    0.194  1
RGI60-15.02901     0.29770   27.882004   87.922286   -0.584    0.232  1
RGI60-15.04977     0.29760   29.112464   83.706392   -0.674    0.209  1
RGI60-15.08075     0.29760   29.218108   98.461771   -0.694    0.318  1
RGI60-15.00917     0.29756   30.598158   95.153623   -0.112    0.237  1
RGI60-15.03375     0.29748   27.846313   87.061336   -0.157    0.227  1
RGI60-15.03230     0.29741   27.501009   88.280970   -0.932    0.290  1
RGI60-15.00511     0.29739   28.734381   98.007779   -1.157    0.346  1
RGI60-15.07827     0.29739   29.624131  101.810498   -0.954    0.286  1
RGI60-15.07113     0.29733   30.723643   79.206562   -0.069    0.254  1
RGI60-15.02876     0.29727   27.888235   88.020020   -0.219    0.198  1
RGI60-15.05363     0.29727   29.065111   83.031307   -1.221    0.277  1
RGI60-15.05330     0.29726   29.805465   82.428950   -1.236    0.408  1
RGI60-15.07188     0.29695   30.822785   79.356034   -0.114    0.171  1
RGI60-15.02974     0.29667   27.905041   88.667156   -1.036    0.277  1
RGI60-15.01744     0.29661   28.147618   91.527691   -0.808    0.246  1
RGI60-15.07469     0.29660   31.148811   78.821141   -0.263    0.187  1
RGI60-15.12138     0.29659   29.280682   95.992954    1.348    0.870  1
RGI60-15.10045     0.29646   28.178156   86.914182   -0.983    0.303  1
RGI60-15.11216     0.29638   29.995791   95.935639    0.403    0.478  1
RGI60-15.02170     0.29632   28.018692   91.351661   -0.366    0.220  1
RGI60-15.00837     0.29630   30.332683   95.646198   -0.330    0.275  1
RGI60-15.00200     0.29598   30.384075   99.562107   -1.026    0.320  1
RGI60-15.06000     0.29598   29.844974   81.154411   -0.624    0.221  1
RGI60-15.07040     0.29597   30.387416   80.332152    0.416    0.328  1
RGI60-15.03227     0.29595   27.586766   88.161767   -0.456    0.214  1
RGI60-15.07196     0.29586   30.820866   79.360487   -0.215    0.200  1
RGI60-15.10321     0.29570   28.230379   87.638325   -0.491    0.224  1
RGI60-15.12715     0.29568   29.071727   97.031766   -0.641    0.268  1
RGI60-15.12292     0.29568   29.118687   96.368741    0.225    0.244  1
RGI60-15.08176     0.29564   29.551895   97.081969   -0.520    0.228  1
RGI60-15.07405     0.29561   31.165793   78.513028   -0.480    0.238  1
RGI60-15.03172     0.29545   27.867751   88.233618   -0.792    0.242  1
RGI60-15.01461     0.29525   28.482447   92.760880   -0.603    0.230  1
RGI60-15.01774     0.29510   28.185855   91.692201   -0.959    0.279  1
RGI60-15.11976     0.29497   29.279905   96.977475   -0.766    0.280  1
RGI60-15.01097     0.29458   30.286082   95.593036    0.109    0.222  1
RGI60-15.07792     0.29456   29.205956  101.700378   -0.071    0.172  1
RGI60-15.00415     0.29453   28.668337   98.207551   -1.077    0.340  1
RGI60-15.01229     0.29444   30.011304   95.166206   -1.308    0.767  1
RGI60-15.10842     0.29435   28.114371   90.585216   -0.108    0.284  1
RGI60-15.07223     0.29423   30.703013   79.245785   -0.270    0.204  1
RGI60-15.00860     0.29418   30.237374   95.678191    0.304    0.260  1
RGI60-15.02205     0.29395   28.074164   91.164286    0.290    0.224  1
RGI60-15.11674     0.29368   29.456104   96.956492   -1.039    0.305  1
RGI60-15.09602     0.29368   28.154801   86.081078   -0.277    0.199  1
RGI60-15.00268     0.29368   28.446046   98.554405   -0.420    0.239  1
RGI60-15.04874     0.29363   28.877325   83.554829   -0.010    0.193  1
RGI60-15.03770     0.29361   27.854855   86.415941   -0.607    0.210  1
RGI60-15.04618     0.29355   28.797582   84.372726   -0.343    0.208  1
RGI60-15.10022     0.29346   28.069758   86.893357   -0.148    0.186  1
RGI60-15.04397     0.29337   29.017013   83.646502   -0.217    0.163  1
RGI60-15.03934     0.29336   27.930511   86.756432   -0.736    0.243  1
RGI60-15.06419     0.29329   30.022087   81.956722    0.116    0.388  1
RGI60-15.11735     0.29324   29.567933   97.070613   -1.022    0.252  1
RGI60-15.00727     0.29322   30.595004   95.318055   -0.799    0.297  1
RGI60-15.06995     0.29312   30.551906   80.118535   -0.244    0.232  1
RGI60-15.07942     0.29308   31.443229  102.671510   -0.489    0.232  1
RGI60-15.04739     0.29298   28.834855   83.988177   -0.507    0.192  1
RGI60-15.04348     0.29293   28.840936   84.305452   -0.364    0.209  1
RGI60-15.07339     0.29291   31.192548   78.841619   -0.094    0.192  1
RGI60-15.04300     0.29285   28.095075   85.857415   -0.147    0.279  1
RGI60-15.09649     0.29281   28.230269   86.217966   -1.510    0.339  1
RGI60-15.08436     0.29272   29.671281   97.086447   -0.810    0.232  1
RGI60-15.00502     0.29270   28.892196   98.028773   -0.578    0.273  1
RGI60-15.05197     0.29268   30.118242   82.135834   -0.851    0.277  1
RGI60-15.02819     0.29268   27.761171   88.237345   -0.165    0.219  1
RGI60-15.06522     0.29262   30.486194   80.463047    0.049    0.209  1
RGI60-15.12812     0.29260   29.362025   97.107734   -1.005    0.312  1
RGI60-15.11981     0.29255   29.671181   95.683938   -0.312    0.427  1
RGI60-15.07221     0.29253   30.740711   79.148826   -0.177    0.243  1
RGI60-15.10874     0.29252   28.068285   90.667155   -0.113    0.202  1
RGI60-15.13077     0.29248   28.989903   97.564582    0.046    0.199  1
RGI60-15.09643     0.29244   28.234259   86.206583   -0.736    0.264  1
RGI60-15.07921     0.29242   30.879695  101.591681   -0.939    0.650  1
RGI60-15.03637     0.29236   27.758437   87.654538   -1.032    0.265  1
RGI60-15.06113     0.29229   30.003225   80.969767   -0.546    0.234  1
RGI60-15.03249     0.29227   27.964397   88.531260   -0.890    0.287  1
RGI60-15.06689     0.29227   30.459161   80.249279    0.187    0.214  1
RGI60-15.11999     0.29215   29.655958   95.688699   -0.347    0.423  1
RGI60-15.05019     0.29205   29.033658   83.571633   -1.187    0.375  1
RGI60-15.01781     0.29186   28.076677   91.618481   -0.373    0.228  1
RGI60-15.01157     0.29181   30.244460   95.562421   -0.309    0.263  1
RGI60-15.01022     0.29175   30.432078   95.314510   -0.095    0.307  1
RGI60-15.00032     0.29160   29.869533   99.569384   -0.203    0.238  1
RGI60-15.07719     0.29154   31.773904   99.128563   -0.412    0.244  1
RGI60-15.04743     0.29130   28.838857   83.956276   -0.248    0.171  1
RGI60-15.11165     0.29127   29.901437   95.890923    0.920    0.720  1
RGI60-15.01738     0.29116   28.158593   91.529381   -0.748    0.229  1
RGI60-15.11681     0.29097   29.725410   96.967638   -1.210    0.315  1
RGI60-15.11727     0.29084   29.574817   97.055237   -0.795    0.265  1
RGI60-15.02328     0.29083   28.131969   89.975298   -0.289    0.193  1
RGI60-15.07559     0.29065   31.062736   78.613807   -0.113    0.287  1
RGI60-15.02495     0.29064   27.954702   90.376489   -0.901    0.264  1
RGI60-15.07563     0.29056   31.025116   78.612842   -0.125    0.243  1
RGI60-15.03045     0.29056   27.964416   88.803216   -0.198    0.231  1
RGI60-15.09978     0.29047   28.149106   86.806091   -0.366    0.178  1
RGI60-15.11209     0.29044   30.235942   95.933648    0.281    0.345  1
RGI60-15.02003     0.29044   27.880608   92.457501   -0.278    0.207  1
RGI60-15.11197     0.29038   30.183004   95.923932   -0.840    0.580  1
RGI60-15.11894     0.29035   29.480825   96.549024   -0.031    0.258  1
RGI60-15.12899     0.29032   29.437812   97.221089   -1.052    0.309  1
RGI60-15.03511     0.29026   27.736922   86.553831   -0.010    0.191  1
RGI60-15.01362     0.29018   28.193520   92.743943   -0.088    0.244  1
RGI60-15.00182     0.29016   30.375497   99.563679   -0.928    0.275  1
RGI60-15.03325     0.29013   27.875609   88.805802   -0.811    0.237  1
RGI60-15.00180     0.28997   30.411000   99.548851   -0.416    0.253  1
RGI60-15.11198     0.28989   30.151429   95.925893    1.563    0.926  1
RGI60-15.06690     0.28988   30.452208   80.250764    0.258    0.238  1
RGI60-15.11953     0.28982   29.314258   96.873904   -0.894    0.315  1
RGI60-15.00836     0.28979   30.329481   95.634030   -0.944    0.296  1
RGI60-15.12015     0.28972   29.399344   95.780889    0.009    0.494  1
RGI60-15.09205     0.28961   28.683177   85.064905   -0.544    0.254  1
RGI60-15.08188     0.28956   29.550887   97.106841   -0.906    0.245  1
RGI60-15.09551     0.28951   28.055114   86.082870   -0.329    0.252  1
RGI60-15.02016     0.28919   27.918598   92.430428   -0.391    0.219  1
RGI60-15.00046     0.28905   30.130562   99.492442   -1.235    0.292  1
RGI60-15.02765     0.28896   27.620521   88.023739   -0.352    0.211  1
RGI60-15.00069     0.28890   30.064227   99.272700   -0.945    0.265  1
RGI60-15.11552     0.28887   29.606917   96.627177   -0.355    0.242  1
RGI60-15.12808     0.28865   29.148435   97.101556   -0.965    0.281  1
RGI60-15.09489     0.28863   28.349696   85.858417   -0.858    0.298  1
RGI60-15.01868     0.28861   27.710182   92.114828   -0.323    0.305  1
RGI60-15.09751     0.28852   27.934959   86.388121   -0.193    0.224  1
RGI60-15.03869     0.28844   27.749832   87.102255   -0.296    0.218  1
RGI60-15.01822     0.28832   28.053416   92.509858   -0.670    0.236  1
RGI60-15.04113     0.28817   28.418773   84.595974    0.022    0.233  1
RGI60-15.05420     0.28811   29.382654   82.803605   -0.883    0.267  1
RGI60-15.05446     0.28804   29.132271   82.700731   -0.618    0.276  1
RGI60-15.01985     0.28804   27.736506   92.389544   -1.271    0.361  1
RGI60-15.03073     0.28792   27.841539   88.014909   -0.477    0.215  1
RGI60-15.09346     0.28791   28.674222   85.428304   -0.651    0.249  1
RGI60-15.03278     0.28788   27.842390   88.625981   -0.675    0.251  1
RGI60-15.03124     0.28782   27.726738   87.913724   -0.433    0.227  1
RGI60-15.11411     0.28765   29.755727   96.330791   -0.412    0.403  1
RGI60-15.00560     0.28762   28.236353   97.386058   -0.707    0.238  1
RGI60-15.12088     0.28754   29.399492   95.972909   -0.883    0.352  1
RGI60-15.08952     0.28741   30.151112   81.088879   -0.702    0.224  1
RGI60-15.08921     0.28739   30.337206   80.844982   -0.711    0.225  1
RGI60-15.02626     0.28738   28.110018   89.974067    0.100    0.202  1
RGI60-15.04923     0.28731   28.995035   83.186947   -0.598    0.229  1
RGI60-15.06015     0.28729   30.150341   80.756279   -0.208    0.194  1
RGI60-15.07613     0.28727   30.994171   78.532727   -0.667    0.273  1
RGI60-15.01064     0.28725   30.104065   95.288478   -0.030    0.248  1
RGI60-15.06716     0.28714   30.566305   79.968656    0.755    0.392  1
RGI60-15.12961     0.28713   28.971438   97.300337   -0.096    0.241  1
RGI60-15.06658     0.28711   30.501720   80.361757   -0.580    0.239  1
RGI60-15.08500     0.28691   29.711412   96.572915   -0.595    0.242  1
RGI60-15.00618     0.28683   30.141693   95.196266   -0.175    0.324  1
RGI60-15.01897     0.28681   27.816375   92.279751   -1.140    0.336  1
RGI60-15.02798     0.28675   27.754313   88.106916   -0.068    0.186  1
RGI60-15.07393     0.28673   31.221484   78.464774   -0.180    0.206  1
RGI60-15.07737     0.28662   31.461637  100.189886   -0.550    0.267  1
RGI60-15.01932     0.28661   27.948291   92.264671   -0.831    0.275  1
RGI60-15.12521     0.28655   29.270373   96.501336    0.325    0.290  1
RGI60-15.03858     0.28642   27.961507   86.755911   -1.441    0.322  1
RGI60-15.09371     0.28639   28.544370   85.444286   -0.905    0.256  1
RGI60-15.12007     0.28637   29.647317   95.753018    0.503    0.543  1
RGI60-15.06450     0.28611   29.988876   82.209576   -0.649    0.245  1
RGI60-15.11845     0.28597   29.550809   96.204760   -1.009    0.348  1
RGI60-15.06891     0.28596   30.852175   79.357662   -0.455    0.191  1
RGI60-15.02002     0.28585   27.870129   92.460309   -0.007    0.252  1
RGI60-15.11372     0.28573   29.906188   96.284593   -0.957    0.341  1
RGI60-15.12963     0.28568   28.737503   97.302954    0.198    0.276  1
RGI60-15.12612     0.28565   28.855796   96.812680   -0.190    0.336  1
RGI60-15.05763     0.28563   30.265350   81.514242   -0.254    0.182  1
RGI60-15.08667     0.28559   30.257222   95.926952   -0.255    0.300  1
RGI60-15.12689     0.28543   29.348539   97.000594   -0.569    0.285  1
RGI60-15.07089     0.28539   30.346385   79.723751    0.007    0.237  1
RGI60-15.09547     0.28535   28.150616   86.079089   -0.486    0.211  1
RGI60-15.00538     0.28518   28.070776   97.261722   -0.345    0.207  1
RGI60-15.05394     0.28509   29.418966   82.523039   -1.445    0.385  1
RGI60-15.00137     0.28501   29.853832   99.643065   -0.620    0.278  1
RGI60-15.01665     0.28495   28.320604   91.074488   -0.680    0.257  1
RGI60-15.07931     0.28482   31.088130  101.742225   -0.626    0.284  1
RGI60-15.03011     0.28471   27.738766   88.345514   -0.236    0.204  1
RGI60-15.03703     0.28470   27.885938   87.851993   -0.087    0.205  1
RGI60-15.00035     0.28456   29.954734   99.596275   -0.723    0.235  1
RGI60-15.02984     0.28455   27.895368   88.618245   -0.081    0.245  1
RGI60-15.10792     0.28454   28.261826   90.521774   -0.198    0.217  1
RGI60-15.09759     0.28454   28.017405   86.414553   -0.593    0.220  1
RGI60-15.05858     0.28441   30.387300   80.545789   -0.098    0.211  1
RGI60-15.11507     0.28439   29.582708   96.506485   -0.163    0.235  1
RGI60-15.00529     0.28434   28.050693   97.263143   -0.587    0.203  1
RGI60-15.07129     0.28413   30.686089   79.787741   -0.398    0.320  1
RGI60-15.07634     0.28408   30.951466   78.848946    0.076    0.217  1
RGI60-15.01493     0.28405   27.905684   92.524147   -0.115    0.205  1
RGI60-15.01369     0.28400   28.196257   92.839610   -0.249    0.242  1
RGI60-15.00865     0.28390   30.337435   95.514608   -0.983    0.266  1
RGI60-15.01886     0.28387   27.784351   92.247008   -0.618    0.237  1
RGI60-15.11505     0.28386   29.705909   96.503446   -0.571    0.236  1
RGI60-15.02120     0.28381   27.993178   91.277654    0.098    0.226  1
RGI60-15.03198     0.28376   27.600861   87.976043   -0.671    0.214  1
RGI60-15.05242     0.28366   29.871585   82.380699   -0.901    0.330  1
RGI60-15.08471     0.28365   29.753616   97.176959   -0.446    0.211  1
RGI60-15.01809     0.28360   27.976578   92.285368   -0.907    0.243  1
RGI60-15.00753     0.28353   30.420651   95.609904   -0.636    0.223  1
RGI60-15.07750     0.28348   30.313140  101.696698   -0.749    0.260  1
RGI60-15.03444     0.28342   27.857424   86.519687   -1.056    0.323  1
RGI60-15.02275     0.28330   28.072230   89.857373   -0.499    0.207  1
RGI60-15.04976     0.28323   29.100081   83.683361   -0.397    0.179  1
RGI60-15.00138     0.28317   29.858043   99.640387   -0.859    0.280  1
RGI60-15.03806     0.28316   27.794485   86.829744   -1.113    0.278  1
RGI60-15.07653     0.28311   31.774898   99.067407   -0.627    0.309  1
RGI60-15.10469     0.28308   28.007195   88.302758   -0.804    0.247  1
RGI60-15.04272     0.28306   28.169410   85.556602   -0.511    0.264  1
RGI60-15.10326     0.28299   28.275479   87.660108   -0.821    0.239  1
RGI60-15.03330     0.28298   27.897934   88.812450   -0.244    0.223  1
RGI60-15.12358     0.28295   28.628908   96.709433   -1.092    0.325  1
RGI60-15.00254     0.28289   28.408949   97.530759   -0.605    0.223  1
RGI60-15.11352     0.28286   29.908461   96.228554   -0.121    0.514  1
RGI60-15.05115     0.28286   28.744830   83.256898   -0.106    0.403  1
RGI60-15.03930     0.28280   28.052652   86.607480   -0.511    0.203  1
RGI60-15.03625     0.28271   27.802974   87.670290   -0.847    0.249  1
RGI60-15.04281     0.28257   28.171323   85.622301   -0.540    0.260  1
RGI60-15.08179     0.28256   29.547528   97.086696   -0.679    0.233  1
RGI60-15.02382     0.28254   27.985696   90.255980   -0.327    0.192  1
RGI60-15.11885     0.28234   29.476277   96.463608   -0.557    0.240  1
RGI60-15.07456     0.28234   31.104009   78.906998   -0.246    0.192  1
RGI60-15.01233     0.28232   29.993062   95.404322   -0.306    0.244  1
RGI60-15.12704     0.28230   29.039167   97.015881   -0.957    0.300  1
RGI60-15.07417     0.28226   31.170449   78.366197   -0.054    0.223  1
RGI60-15.11440     0.28224   29.912198   96.385091   -0.555    0.267  1
RGI60-15.11387     0.28219   29.801157   96.307763   -0.353    0.334  1
RGI60-15.00378     0.28215   28.387324   98.690098   -0.388    0.205  1
RGI60-15.06154     0.28208   29.886566   82.172430   -0.870    0.305  1
RGI60-15.03290     0.28198   27.721482   88.714753   -0.299    0.239  1
RGI60-15.01788     0.28189   28.097488   91.860121   -0.481    0.217  1
RGI60-15.11190     0.28175   30.176791   95.921315    0.269    0.580  1
RGI60-15.06031     0.28161   30.249806   80.857359   -0.657    0.251  1
RGI60-15.10524     0.28160   28.116614   87.426768   -1.039    0.289  1
RGI60-15.05712     0.28160   29.147866   82.767341   -0.960    0.298  1
RGI60-15.05935     0.28151   30.023371   81.064218   -0.153    0.204  1
RGI60-15.09182     0.28141   28.795906   84.906189   -0.696    0.309  1
RGI60-15.03226     0.28135   27.561203   88.154165   -0.332    0.232  1
RGI60-15.05624     0.28129   29.340116   82.567839   -0.521    0.250  1
RGI60-15.02409     0.28129   28.021070   90.221503   -1.120    0.284  1
RGI60-15.10037     0.28127   28.171547   86.905928   -0.511    0.183  1
RGI60-15.04020     0.28118   28.470915   84.627555    0.025    0.251  1
RGI60-15.02654     0.28111   27.969482   89.903161   -0.916    0.243  1
RGI60-15.04174     0.28099   28.299430   85.537403   -0.470    0.235  1
RGI60-15.08774     0.28096   31.133378   79.265052   -0.719    0.233  1
RGI60-15.00577     0.28076   28.063434   97.317662   -0.386    0.195  1
RGI60-15.09167     0.28073   28.816622   84.855741   -1.143    0.287  1
RGI60-15.13057     0.28072   29.174085   97.469217   -0.033    0.206  1
RGI60-15.03823     0.28049   27.700817   86.868254   -0.509    0.249  1
RGI60-15.10182     0.28046   28.161288   86.658309   -0.159    0.259  1
RGI60-15.03832     0.28040   27.773010   87.196283    0.272    0.340  1
RGI60-15.12943     0.28033   28.889539   97.290183   -0.516    0.246  1
RGI60-15.09054     0.28032   30.311487   81.353693   -0.600    0.248  1
RGI60-15.03667     0.28019   27.784860   87.817046   -0.275    0.206  1
RGI60-15.07229     0.28007   30.749695   79.436027   -0.464    0.280  1
RGI60-15.04589     0.28004   28.714382   83.153367   -0.728    0.285  1
RGI60-15.07879     0.27996   29.637218  101.892053   -0.247    0.270  1
RGI60-15.05846     0.27994   29.874321   81.538268   -0.316    0.208  1
RGI60-15.09159     0.27975   28.845861   84.779806   -0.513    0.265  1
RGI60-15.05636     0.27971   29.433356   82.689381   -0.551    0.345  1
RGI60-15.10348     0.27967   28.046021   87.899516   -0.916    0.298  1
RGI60-15.03786     0.27964   27.858350   86.905758   -0.514    0.213  1
RGI60-15.07520     0.27964   31.035072   78.586163   -1.707    0.610  1
RGI60-15.11033     0.27943   29.934159   95.739401    0.056    0.429  1
RGI60-15.09115     0.27934   28.845489   84.535727   -0.372    0.219  1
RGI60-15.05051     0.27931   29.018129   83.666757   -0.754    0.237  1
RGI60-15.01248     0.27929   29.972885   95.513637   -0.129    0.242  1
RGI60-15.06922     0.27928   30.948871   78.989547   -0.191    0.210  1
RGI60-15.09652     0.27922   28.221448   86.219257   -0.809    0.277  1
RGI60-15.02049     0.27920   27.991413   91.630441    0.184    0.237  1
RGI60-15.00782     0.27912   30.373884   95.670479   -0.996    0.270  1
RGI60-15.00104     0.27906   30.576753   99.493834    0.524    0.281  1
RGI60-15.05991     0.27906   29.963347   80.907008   -0.107    0.244  1
RGI60-15.08706     0.27900   31.310654   79.024015   -1.106    0.315  1
RGI60-15.06821     0.27897   30.829632   79.653247   -0.712    0.291  1
RGI60-15.05260     0.27892   29.826007   82.299849   -0.191    0.436  1
RGI60-15.06273     0.27887   29.804983   81.328483   -0.470    0.227  1
RGI60-15.07360     0.27887   31.363876   78.148652    0.050    0.203  1
RGI60-15.06163     0.27882   30.079013   82.141171   -0.211    0.178  1
RGI60-15.09161     0.27875   28.851400   84.785471   -0.446    0.250  1
RGI60-15.08271     0.27874   29.493149   97.259629   -0.929    0.310  1
RGI60-15.04336     0.27873   28.685222   84.526892   -0.017    0.237  1
RGI60-15.00563     0.27865   28.165652   97.435699    0.070    0.226  1
RGI60-15.03373     0.27856   27.839966   87.055259   -0.495    0.255  1
RGI60-15.09813     0.27848   28.065777   87.026998   -0.259    0.194  1
RGI60-15.03147     0.27846   27.619395   88.011289   -0.038    0.233  1
RGI60-15.09755     0.27836   28.025379   86.394859   -1.077    0.268  1
RGI60-15.03136     0.27835   27.713764   87.922114   -0.310    0.201  1
RGI60-15.00202     0.27823   28.300514   98.973643   -1.140    0.333  1
RGI60-15.10392     0.27815   28.034634   88.037628   -0.160    0.228  1
RGI60-15.00348     0.27814   28.902791   98.393487   -0.322    0.393  1
RGI60-15.02836     0.27809   27.625455   88.090190   -0.149    0.227  1
RGI60-15.03405     0.27809   27.886271   86.904337   -0.490    0.224  1
RGI60-15.00757     0.27802   30.416255   95.608293   -0.695    0.258  1
RGI60-15.03745     0.27800   27.978238   86.746642   -0.591    0.203  1
RGI60-15.09402     0.27789   28.442182   85.521101    1.012    0.828  1
RGI60-15.07298     0.27783   30.890569   79.059235   -0.512    0.264  1
RGI60-15.00650     0.27753   30.623464   95.233513   -0.657    0.284  1
RGI60-15.09623     0.27750   28.252440   86.136523   -1.299    0.323  1
RGI60-15.03489     0.27742   27.771503   86.654253   -0.438    0.246  1
RGI60-15.01206     0.27731   29.850523   95.396122   -0.560    0.260  1
RGI60-15.06427     0.27725   30.090789   81.994399   -0.709    0.244  1
RGI60-15.08247     0.27710   29.620830   97.218319   -0.641    0.249  1
RGI60-15.01258     0.27698   29.564946   95.181518    0.943    0.630  1
RGI60-15.09972     0.27696   28.130199   86.796591   -0.479    0.222  1
RGI60-15.00115     0.27689   30.136815   99.535604   -0.520    0.251  1
RGI60-15.06440     0.27681   30.026643   82.128257   -0.715    0.221  1
RGI60-15.00291     0.27676   28.340162   97.506534   -0.486    0.227  1
RGI60-15.11304     0.27671   29.906160   96.165999   -0.341    0.295  1
RGI60-15.01359     0.27666   28.135743   92.852260   -0.196    0.243  1
RGI60-15.03894     0.27645   27.964593   86.859332   -0.635    0.220  1
RGI60-15.04896     0.27644   28.992529   83.567607   -1.012    0.315  1
RGI60-15.05973     0.27640   30.189493   80.940510   -0.002    0.261  1
RGI60-15.04707     0.27636   28.797900   84.201277   -0.418    0.234  1
RGI60-15.03187     0.27632   27.878246   88.478965   -0.862    0.276  1
RGI60-15.04742     0.27627   28.838197   83.961871   -0.410    0.186  1
RGI60-15.08095     0.27627   30.574246   97.320509   -0.932    0.324  1
RGI60-15.10460     0.27627   27.973394   88.209425   -0.272    0.231  1
RGI60-15.04654     0.27625   28.914752   84.150688   -0.563    0.256  1
RGI60-15.09859     0.27619   28.014016   87.111520   -0.518    0.256  1
RGI60-15.00435     0.27617   28.716313   98.116120   -0.167    0.329  1
RGI60-15.00637     0.27615   30.668505   95.266588   -0.679    0.231  1
RGI60-15.09616     0.27610   28.240225   86.146622   -0.958    0.267  1
RGI60-15.03579     0.27607   27.687312   86.921999   -0.254    0.210  1
RGI60-15.01129     0.27591   30.296557   95.406683   -0.284    0.355  1
RGI60-15.10457     0.27588   27.991479   88.186555   -0.002    0.223  1
RGI60-15.01180     0.27578   30.164857   95.600184    0.715    0.278  1
RGI60-15.01276     0.27565   29.459921   95.118158    6.611    1.915  1
RGI60-15.10419     0.27546   27.914167   88.080161   -0.702    0.236  1
RGI60-15.06662     0.27544   30.447495   80.320075   -0.383    0.220  1
RGI60-15.08907     0.27543   30.404933   80.755321   -0.551    0.243  1
RGI60-15.00723     0.27541   30.558049   95.349984    0.050    0.259  1
RGI60-15.00027     0.27529   29.816233   99.554860   -1.154    0.307  1
RGI60-15.06951     0.27519   30.977034   79.476672   -0.712    0.236  1
RGI60-15.09535     0.27517   28.175975   86.064090   -0.511    0.195  1
RGI60-15.00943     0.27503   30.554118   95.230753   -0.405    0.310  1
RGI60-15.03951     0.27496   27.799928   86.769465   -0.124    0.201  1
RGI60-15.05076     0.27492   29.010524   83.639489   -0.269    0.197  1
RGI60-15.12023     0.27488   29.402670   95.790804   -0.833    0.387  1
RGI60-15.01242     0.27485   29.940725   95.544250   -0.400    0.263  1
RGI60-15.00072     0.27482   29.959487   99.565851   -0.575    0.248  1
RGI60-15.08202     0.27479   29.643213   97.134206   -0.607    0.238  1
RGI60-15.12835     0.27469   29.245635   97.129942   -0.963    0.318  1
RGI60-15.04988     0.27465   29.126636   83.664022   -0.692    0.243  1
RGI60-15.07246     0.27464   30.235764   80.155886    0.742    0.428  1
RGI60-15.02343     0.27461   28.067057   89.982265   -1.141    0.274  1
RGI60-15.02234     0.27440   27.955031   89.913494   -0.866    0.272  1
RGI60-15.03089     0.27419   27.822158   87.957426   -0.420    0.209  1
RGI60-15.03888     0.27394   27.864080   86.942337   -1.068    0.306  1
RGI60-15.06452     0.27391   29.927938   82.147143   -0.912    0.254  1
RGI60-15.05513     0.27384   29.376897   82.797303   -0.853    0.309  1
RGI60-15.00029     0.27375   29.837143   99.565971   -1.363    0.350  1
RGI60-15.05825     0.27375   30.099547   81.799743   -0.999    0.274  1
RGI60-15.02870     0.27365   27.872458   88.039249   -0.395    0.214  1
RGI60-15.01114     0.27365   30.622156   95.340420   -0.575    0.276  1
RGI60-15.00717     0.27346   30.471920   95.436855   -0.472    0.235  1
RGI60-15.05472     0.27340   29.369458   82.738007    0.027    0.236  1
RGI60-15.07828     0.27311   29.544648  101.812068   -0.611    0.228  1
RGI60-15.02992     0.27308   27.712496   88.386223   -0.670    0.252  1
RGI60-15.09957     0.27299   28.131566   86.788283   -0.263    0.209  1
RGI60-15.11615     0.27280   29.565874   96.867908   -0.445    0.236  1
RGI60-15.12534     0.27267   29.210651   96.559839    0.257    0.320  1
RGI60-15.06493     0.27247   30.337441   81.825830   -0.293    0.213  1
RGI60-15.03434     0.27242   27.926874   86.469412   -0.688    0.253  1
RGI60-15.08361     0.27228   29.770352   96.991977   -1.138    0.299  1
RGI60-15.04042     0.27217   28.249879   85.651365   -0.340    0.259  1
RGI60-15.06364     0.27202   30.296287   80.621617   -0.251    0.208  1
RGI60-15.00110     0.27194   30.626971   99.438361   -1.052    0.289  1
RGI60-15.02260     0.27191   28.190957   89.885779   -0.632    0.248  1
RGI60-15.03542     0.27189   27.826103   86.478514   -0.586    0.232  1
RGI60-15.04507     0.27182   28.475061   84.259298   -0.140    0.224  1
RGI60-15.08459     0.27168   29.754111   97.148647   -0.758    0.274  1
RGI60-15.08644     0.27162   30.387143   95.807331   -0.523    0.534  1
RGI60-15.12648     0.27159   29.108982   96.960677   -0.970    0.342  1
RGI60-15.03468     0.27153   27.985733   86.638110   -0.897    0.319  1
RGI60-15.04787     0.27151   28.665995   83.788830   -0.203    0.193  1
RGI60-15.11289     0.27146   30.130499   96.091298   -0.862    0.405  1
RGI60-15.07629     0.27142   30.967841   78.781620   -0.131    0.179  1
RGI60-15.00108     0.27128   30.547701   99.548046   -0.723    0.217  1
RGI60-15.08979     0.27092   30.418628   81.222132   -0.236    0.176  1
RGI60-15.09449     0.27086   28.311409   85.620993   -0.054    0.340  1
RGI60-15.07345     0.27044   31.121859   78.876274    0.190    0.219  1
RGI60-15.09160     0.27042   28.837514   84.782023   -0.365    0.256  1
RGI60-15.10506     0.27038   28.222878   87.560624   -0.704    0.274  1
RGI60-15.09367     0.27033   28.500829   85.437051   -0.411    0.306  1
RGI60-15.02512     0.27029   27.895075   90.502259   -1.269    0.320  1
RGI60-15.12755     0.27027   29.524075   97.070652   -0.558    0.241  1
RGI60-15.07121     0.27025   30.782042   79.274113    0.158    0.282  1
RGI60-15.10485     0.27023   28.010596   88.435992   -0.639    0.217  1
RGI60-15.06423     0.26984   30.071676   81.954962   -0.588    0.311  1
RGI60-15.03824     0.26981   27.697492   86.872727   -0.383    0.206  1
RGI60-15.00583     0.26939   28.226769   97.678103   -0.876    0.354  1
RGI60-15.12277     0.26936   29.213076   96.286222   -0.293    0.267  1
RGI60-15.07385     0.26931   31.206606   78.341168   -0.412    0.218  1
RGI60-15.10580     0.26907   27.874824   87.541121   -1.002    0.281  1
RGI60-15.10361     0.26902   27.928258   87.963168   -0.143    0.194  1
RGI60-15.07991     0.26894   31.163268  102.934425   -0.966    0.271  1
RGI60-15.08617     0.26892   29.931961   97.035690   -0.936    0.299  1
RGI60-15.04636     0.26859   28.827522   84.405391    0.010    0.246  1
RGI60-15.10924     0.26854   28.097456   90.853797   -0.250    0.238  1
RGI60-15.01928     0.26851   27.889390   92.271831   -0.976    0.262  1
RGI60-15.03364     0.26847   27.808502   88.791602   -0.658    0.269  1
RGI60-15.00062     0.26841   30.656422   99.402182   -0.204    0.223  1
RGI60-15.02635     0.26830   28.044846   90.925266   -0.197    0.219  1
RGI60-15.10667     0.26827   27.956971   87.818035   -0.148    0.263  1
RGI60-15.11690     0.26826   29.459620   96.970817   -1.050    0.305  1
RGI60-15.00714     0.26826   30.407716   95.392041   -0.906    0.287  1
RGI60-15.02683     0.26826   27.868353   90.211645   -0.846    0.239  1
RGI60-15.03114     0.26808   27.747144   87.904642   -0.418    0.197  1
RGI60-15.11843     0.26798   29.543557   96.197124    0.332    0.263  1
RGI60-15.11258     0.26797   29.947886   96.011341   -1.306    0.768  1
RGI60-15.04285     0.26795   28.147285   85.546296   -0.455    0.270  1
RGI60-15.10089     0.26792   28.191750   87.010405   -0.394    0.214  1
RGI60-15.05792     0.26787   29.961895   81.272439   -0.388    0.195  1
RGI60-15.12974     0.26785   28.907566   97.311605    0.122    0.240  1
RGI60-15.08842     0.26782   30.804899   79.900106   -0.945    0.261  1
RGI60-15.10899     0.26779   28.085793   90.765080   -0.463    0.246  1
RGI60-15.03715     0.26774   27.818694   86.456577   -0.192    0.196  1
RGI60-15.00923     0.26766   30.655245   95.117302   -0.444    0.263  1
RGI60-15.04316     0.26765   28.733479   83.908919   -0.398    0.207  1
RGI60-15.04904     0.26764   29.113035   83.306291   -0.928    0.284  1
RGI60-15.03776     0.26762   27.805751   86.415905   -0.602    0.210  1
RGI60-15.06581     0.26752   30.348451   79.750945   -0.536    0.220  1
RGI60-15.04219     0.26736   28.125278   85.696119   -0.581    0.238  1
RGI60-15.03982     0.26736   28.414002   84.619408   -0.233    0.242  1
RGI60-15.06764     0.26727   30.473346   79.964187    0.052    0.285  1
RGI60-15.07230     0.26725   30.761345   79.449943   -0.219    0.232  1
RGI60-15.01869     0.26721   27.764662   92.151120   -0.400    0.230  1
RGI60-15.02526     0.26718   27.832197   90.573728   -0.875    0.262  1
RGI60-15.06411     0.26715   29.912565   82.070719    0.006    0.253  1
RGI60-15.05761     0.26714   28.857544   82.627376   -0.146    0.210  1
RGI60-15.09445     0.26710   28.301788   85.618401   -0.925    0.300  1
RGI60-15.07435     0.26702   31.106056   78.693201   -0.270    0.286  1
RGI60-15.08743     0.26698   31.032419   79.160231   -0.126    0.186  1
RGI60-15.00620     0.26693   29.849751   95.452438   -0.594    0.311  1
RGI60-15.01055     0.26691   30.053162   95.372514   -0.260    0.269  1
RGI60-15.10452     0.26690   28.018669   88.163879   -0.131    0.195  1
RGI60-15.10969     0.26687   28.168757   89.588908   -0.293    0.191  1
RGI60-15.06746     0.26674   30.227991   80.033401    0.215    0.363  1
RGI60-15.06012     0.26673   30.088530   80.715267   -0.178    0.194  1
RGI60-15.00761     0.26654   30.403456   95.615962   -0.063    0.233  1
RGI60-15.07099     0.26652   30.646452   79.715335   -0.153    0.238  1
RGI60-15.12730     0.26636   29.477084   97.047750   -0.976    0.261  1
RGI60-15.06382     0.26632   30.371389   80.391714   -0.362    0.250  1
RGI60-15.02114     0.26629   27.940224   91.245809   -0.756    0.256  1
RGI60-15.02349     0.26617   28.157393   89.971855   -0.255    0.244  1
RGI60-15.00447     0.26610   29.237982   97.738641   -1.006    0.272  1
RGI60-15.06420     0.26605   30.032304   81.969082   -0.302    0.243  1
RGI60-15.05659     0.26602   29.692056   82.390713   -0.772    0.347  1
RGI60-15.09561     0.26582   28.237683   86.099631   -1.217    0.293  1
RGI60-15.04647     0.26575   28.954715   84.117676    0.007    0.198  1
RGI60-15.07685     0.26563   31.652375   99.588957   -0.678    0.236  1
RGI60-15.04027     0.26563   28.559036   84.944531   -0.222    0.299  1
RGI60-15.00834     0.26563   30.325128   95.602735   -0.200    0.276  1
RGI60-15.00769     0.26555   30.403531   95.634451   -0.670    0.239  1
RGI60-15.09005     0.26544   30.474921   81.289612   -0.082    0.197  1
RGI60-15.08805     0.26541   31.137088   79.314766   -0.682    0.226  1
RGI60-15.07847     0.26534   29.608820  101.851026   -0.104    0.263  1
RGI60-15.08786     0.26524   31.045014   79.297419   -0.438    0.221  1
RGI60-15.02103     0.26523   28.010591   91.425874   -0.589    0.233  1
RGI60-15.03022     0.26522   27.825141   88.328787   -1.026    0.347  1
RGI60-15.10632     0.26507   27.894005   87.727508   -0.690    0.269  1
RGI60-15.00373     0.26495   28.479613   98.650539   -0.343    0.229  1
RGI60-15.07318     0.26494   31.175066   78.655275   -0.809    0.329  1
RGI60-15.00547     0.26490   28.285332   97.477485   -0.524    0.216  1
RGI60-15.09790     0.26489   28.172850   86.532285   -0.461    0.227  1
RGI60-15.11249     0.26473   29.780322   95.996977   -0.478    0.383  1
RGI60-15.11123     0.26458   30.166763   95.847879   -0.218    0.301  1
RGI60-15.03395     0.26458   27.711591   86.992010   -0.495    0.244  1
RGI60-15.04842     0.26454   28.902486   83.454875   -0.784    0.229  1
RGI60-15.12892     0.26444   28.765151   97.204753   -1.304    0.351  1
RGI60-15.04226     0.26437   28.072388   85.889930   -0.423    0.245  1
RGI60-15.02478     0.26431   27.998427   90.373045   -0.533    0.215  1
RGI60-15.05827     0.26425   30.081176   81.824169   -0.920    0.256  1
RGI60-15.06275     0.26422   29.769436   81.491027   -0.304    0.187  1
RGI60-15.12992     0.26420   29.308333   97.331390   -0.862    0.282  1
RGI60-15.06405     0.26408   30.016555   82.048422    0.266    0.254  1
RGI60-15.01558     0.26407   28.051011   92.735387    0.568    0.277  1
RGI60-15.00791     0.26406   30.354694   95.637959   -0.865    0.317  1
RGI60-15.09437     0.26398   28.333599   85.606690   -0.258    0.218  1
RGI60-15.04981     0.26386   29.085972   83.711332   -1.077    0.295  1
RGI60-15.00407     0.26379   28.630313   98.141277   -1.035    0.364  1
RGI60-15.06761     0.26371   30.283085   80.030331   -0.284    0.291  1
RGI60-15.08597     0.26368   29.928434   96.936262   -1.186    0.311  1
RGI60-15.04820     0.26368   28.678854   83.771266   -0.126    0.240  1
RGI60-15.07342     0.26361   31.166176   78.857527    0.236    0.228  1
RGI60-15.12947     0.26354   29.202592   97.293318   -0.652    0.247  1
RGI60-15.10418     0.26354   27.923144   88.077189    0.052    0.218  1
RGI60-15.10682     0.26354   27.491805   88.789502   -0.998    0.258  1
RGI60-15.06757     0.26353   30.273679   80.129095    0.327    0.296  1
RGI60-15.08611     0.26338   29.914647   96.993205   -0.864    0.266  1
RGI60-15.12619     0.26332   29.125925   96.860547   -0.894    0.376  1
RGI60-15.01192     0.26329   29.807188   95.459880   -0.300    0.257  1
RGI60-15.07788     0.26326   29.178404  101.304888   -0.855    0.268  1
RGI60-15.03965     0.26318   28.334626   85.105533   -0.471    0.273  1
RGI60-15.08721     0.26311   31.057631   79.109304   -0.253    0.192  1
RGI60-15.10408     0.26309   27.978350   88.058361   -0.179    0.198  1
RGI60-15.11539     0.26302   29.573604   96.610326   -0.050    0.293  1
RGI60-15.05851     0.26289   29.951777   81.513112   -0.570    0.233  1
RGI60-15.01693     0.26285   28.296449   91.084388   -0.309    0.386  1
RGI60-15.01426     0.26269   28.247473   93.012993   -0.067    0.333  1
RGI60-15.10679     0.26266   28.057032   87.876434   -0.801    0.234  1
RGI60-15.06274     0.26263   29.795361   81.338218   -0.581    0.233  1
RGI60-15.08182     0.26253   29.625677   97.099593   -1.226    0.305  1
RGI60-15.09719     0.26251   28.233396   86.349591   -0.846    0.283  1
RGI60-15.05764     0.26249   30.267737   81.522508   -0.939    0.242  1
RGI60-15.04117     0.26233   28.470150   84.754969   -0.081    0.239  1
RGI60-15.05618     0.26225   29.204073   82.570537   -0.305    0.290  1
RGI60-15.05540     0.26223   29.287511   82.621098   -0.511    0.259  1
RGI60-15.11890     0.26218   29.489596   96.535823   -0.334    0.211  1
RGI60-15.07620     0.26208   30.764761   78.856763   -0.049    0.278  1
RGI60-15.10119     0.26200   28.277297   87.122048   -0.670    0.255  1
RGI60-15.12045     0.26188   29.375104   95.854424   -0.260    0.529  1
RGI60-15.00204     0.26181   28.333589   98.976214   -0.194    0.256  1
RGI60-15.12009     0.26180   29.413338   95.765298    0.257    0.582  1
RGI60-15.09365     0.26174   28.562184   85.432205   -0.626    0.245  1
RGI60-15.06189     0.26173   30.057289   82.103301   -0.625    0.231  1
RGI60-15.09197     0.26160   28.779639   85.025416   -0.458    0.244  1
RGI60-15.06160     0.26158   29.968238   82.212572   -0.831    0.268  1
RGI60-15.08488     0.26155   29.790184   96.501375   -0.834    0.246  1
RGI60-15.11723     0.26144   29.568218   97.047892   -0.960    0.279  1
RGI60-15.13032     0.26141   28.852038   97.367952   -0.391    0.272  1
RGI60-15.05487     0.26139   29.362094   82.564331   -0.357    0.268  1
RGI60-15.00742     0.26118   30.389642   95.553763   -0.428    0.249  1
RGI60-15.03112     0.26112   27.759982   87.930708   -0.621    0.276  1
RGI60-15.10693     0.26110   27.853977   88.889596   -0.456    0.232  1
RGI60-15.05047     0.26109   28.841098   83.522464   -0.297    0.206  1
RGI60-15.04465     0.26106   28.830244   84.161059   -0.951    0.316  1
RGI60-15.08171     0.26106   29.463493   97.443904   -0.521    0.244  1
RGI60-15.06732     0.26097   30.374295   79.891298   -0.140    0.343  1
RGI60-15.00236     0.26085   28.327361   97.950162   -0.183    0.268  1
RGI60-15.00851     0.26070   30.260624   95.561040   -0.510    0.259  1
RGI60-15.01019     0.26063   30.466794   95.302968   -0.179    0.278  1
RGI60-15.08724     0.26057   31.036365   79.111219   -0.191    0.176  1
RGI60-15.03632     0.26054   27.770448   87.664846   -0.299    0.208  1
RGI60-15.12598     0.26051   29.073510   96.733514   -0.532    0.261  1
RGI60-15.10708     0.26046   27.818018   89.256463   -0.260    0.201  1
RGI60-15.04423     0.26044   28.781161   83.171019   -0.562    0.256  1
RGI60-15.11978     0.26035   29.779359   95.621313   -0.332    0.279  1
RGI60-15.00792     0.26032   30.344676   95.620330   -0.413    0.275  1
RGI60-15.02145     0.26029   28.068173   91.250227    0.154    0.212  1
RGI60-15.08145     0.26012   29.025027   97.654369   -0.367    0.226  1
RGI60-15.03895     0.26007   28.002500   86.822429   -0.371    0.222  1
RGI60-15.03691     0.26002   27.824987   87.757199   -0.822    0.296  1
RGI60-15.05719     0.25991   29.140553   82.729704   -0.191    0.222  1
RGI60-15.00402     0.25977   28.649059   98.192013   -1.555    0.377  1
RGI60-15.12639     0.25974   29.004811   96.932041   -0.701    0.288  1
RGI60-15.00418     0.25973   28.652442   98.217430   -1.305    0.385  1
RGI60-15.09958     0.25970   28.163516   86.785360   -0.437    0.197  1
RGI60-15.09035     0.25966   30.479522   81.339326   -0.008    0.225  1
RGI60-15.07998     0.25959   31.136831  103.013783   -0.816    0.235  1
RGI60-15.05351     0.25958   29.754497   82.354545   -0.602    0.389  1
RGI60-15.02499     0.25940   27.967527   90.428287   -1.009    0.268  1
RGI60-15.01680     0.25923   28.339068   91.169668   -0.367    0.299  1
RGI60-15.12473     0.25906   29.278144   96.401176   -0.375    0.361  1
RGI60-15.07045     0.25902   30.401051   79.946613    0.052    0.277  1
RGI60-15.00397     0.25900   28.610881   98.253272    0.454    0.359  1
RGI60-15.06136     0.25892   30.130467   80.523121   -0.660    0.281  1
RGI60-15.05378     0.25888   29.621363   82.579187   -0.629    0.301  1
RGI60-15.04626     0.25886   28.764408   84.388040   -0.200    0.206  1
RGI60-15.07682     0.25882   31.649966   99.569485   -1.336    0.398  1
RGI60-15.03913     0.25854   27.873694   87.065347   -0.181    0.832  1
RGI60-15.00689     0.25850   30.450808   95.382616   -0.849    0.325  1
RGI60-15.03038     0.25840   27.984655   88.783404   -1.005    0.313  1
RGI60-15.04091     0.25826   28.375362   84.642122   -2.109    0.524  1
RGI60-15.01357     0.25818   28.176556   92.815139    0.030    0.308  1
RGI60-15.07780     0.25806   29.196161  101.229058   -0.963    0.352  1
RGI60-15.11425     0.25796   29.870820   96.359603   -0.440    0.311  1
RGI60-15.02839     0.25796   27.605575   88.084659   -0.047    0.183  1
RGI60-15.07392     0.25787   31.217775   78.465870   -0.016    0.211  1
RGI60-15.06912     0.25787   30.893631   79.137709   -0.021    0.276  1
RGI60-15.04450     0.25785   28.770779   83.898309   -0.721    0.229  1
RGI60-15.07048     0.25782   30.562471   79.907345   -0.625    0.319  1
RGI60-15.08104     0.25781   30.568099   97.371372   -1.368    0.350  1
RGI60-15.00264     0.25776   28.421616   97.737898    0.009    0.216  1
RGI60-15.12830     0.25766   29.421976   97.121065   -1.094    0.311  1
RGI60-15.04212     0.25766   28.136876   85.616876   -0.789    0.254  1
RGI60-15.10585     0.25766   27.863798   87.580519   -0.314    0.250  1
RGI60-15.08586     0.25754   29.803533   96.916612   -0.599    0.220  1
RGI60-15.09907     0.25742   27.825820   87.214715   -0.075    0.271  1
RGI60-15.04160     0.25738   28.395255   84.795744   -0.624    0.268  1
RGI60-15.03563     0.25734   27.904734   86.402803   -0.385    0.238  1
RGI60-15.00293     0.25732   28.338193   97.459187   -0.405    0.244  1
RGI60-15.04703     0.25725   28.823469   84.133420   -0.407    0.235  1
RGI60-15.08776     0.25721   31.163079   79.272150   -1.068    0.287  1
RGI60-15.02211     0.25718   27.875145   91.376179    0.126    0.254  1
RGI60-15.12891     0.25686   29.389656   97.204229   -0.668    0.337  1
RGI60-15.08593     0.25683   29.706753   96.926791   -1.095    0.302  1
RGI60-15.05721     0.25680   29.141911   82.734240   -0.655    0.302  1
RGI60-15.01990     0.25663   27.708636   92.430141   -0.734    0.265  1
RGI60-15.08434     0.25655   29.869778   97.077338   -0.796    0.276  1
RGI60-15.11883     0.25652   29.486214   96.456965   -0.565    0.208  1
RGI60-15.11339     0.25620   30.019048   96.219714    0.202    0.533  1
RGI60-15.01806     0.25607   28.142106   91.864584   -0.874    0.245  1
RGI60-15.01992     0.25606   27.766011   92.463763   -0.594    0.270  1
RGI60-15.06033     0.25600   30.263900   80.847061   -0.147    0.212  1
RGI60-15.08278     0.25595   29.479336   97.268729   -1.363    0.335  1
RGI60-15.02750     0.25590   27.522898   88.216956   -0.898    0.298  1
RGI60-15.08495     0.25588   29.737429   96.549727   -1.325    0.390  1
RGI60-15.00496     0.25585   28.819781   98.048382   -0.243    0.405  1
RGI60-15.02496     0.25569   27.947579   90.413888   -0.912    0.250  1
RGI60-15.08596     0.25567   29.944293   96.930337   -0.773    0.236  1
RGI60-15.01970     0.25562   27.779333   92.386080   -0.913    0.312  1
RGI60-15.07285     0.25554   30.407140   79.682696   -0.374    0.203  1
RGI60-15.04796     0.25549   28.511799   83.783920   -0.356    0.226  1
RGI60-15.12976     0.25549   29.368301   97.316983   -1.356    0.319  1
RGI60-15.04594     0.25531   28.828772   83.556224   -0.349    0.202  1
RGI60-15.05018     0.25511   29.022586   83.578549   -0.466    0.200  1
RGI60-15.02150     0.25504   28.025704   91.302007   -0.139    0.281  1
RGI60-15.09244     0.25492   28.482951   85.120008    0.087    0.289  1
RGI60-15.03843     0.25486   27.837054   87.033876   -0.560    0.216  1
RGI60-15.02342     0.25477   28.107012   89.981340   -1.173    0.332  1
RGI60-15.05669     0.25451   29.714450   82.353349   -1.093    0.358  1
RGI60-15.07781     0.25426   29.207208  101.234342   -1.113    0.428  1
RGI60-15.12233     0.25425   28.918647   96.476157   -0.348    0.316  1
RGI60-15.06240     0.25423   29.809487   81.545065   -0.460    0.215  1
RGI60-15.12423     0.25412   29.505126   96.174666    2.764    1.104  1
RGI60-15.04440     0.25409   28.611427   83.457773   -0.651    0.244  1
RGI60-15.03564     0.25404   27.920042   86.393081   -0.430    0.227  1
RGI60-15.01056     0.25389   30.046705   95.382254   -0.008    0.293  1
RGI60-15.07293     0.25388   30.600008   79.683497   -0.730    0.219  1
RGI60-15.03812     0.25384   27.730414   86.805731   -0.454    0.241  1
RGI60-15.05218     0.25368   29.758143   82.662754   -0.698    0.239  1
RGI60-15.10812     0.25357   28.109379   90.546322   -0.644    0.231  1
RGI60-15.00119     0.25356   30.128005   99.511677   -0.522    0.255  1
RGI60-15.10206     0.25355   28.226550   86.707113   -0.082    0.157  1
RGI60-15.03585     0.25350   27.740963   86.891864   -0.508    0.217  1
RGI60-15.10072     0.25348   28.167981   86.958753   -0.280    0.225  1
RGI60-15.09068     0.25344   30.249241   81.365024   -0.603    0.263  1
RGI60-15.04475     0.25343   28.647905   84.502268   -0.792    0.263  1
RGI60-15.09410     0.25339   28.455926   85.546317   -0.254    0.315  1
RGI60-15.01250     0.25337   29.969952   95.508218   -0.244    0.258  1
RGI60-15.06811     0.25327   30.751316   79.716287   -0.195    0.203  1
RGI60-15.01040     0.25317   30.006773   95.151992   -0.365    0.289  1
RGI60-15.01828     0.25311   28.414897   91.099805   -0.239    0.233  1
RGI60-15.09417     0.25310   28.339110   85.552572   -0.439    0.253  1
RGI60-15.03538     0.25309   27.807180   86.483613   -0.046    0.214  1
RGI60-15.12810     0.25306   29.354080   97.107069   -1.103    0.369  1
RGI60-15.03483     0.25304   27.844971   86.585140    0.229    0.294  1
RGI60-15.05987     0.25300   29.959491   80.852204   -0.227    0.208  1
RGI60-15.09666     0.25287   28.193793   86.239736   -0.925    0.314  1
RGI60-15.08773     0.25285   31.169289   79.261644   -0.356    0.220  1
RGI60-15.10322     0.25283   28.251921   87.639055   -0.597    0.256  1
RGI60-15.08178     0.25276   29.572110   97.086548   -0.578    0.237  1
RGI60-15.11173     0.25252   30.178031   95.898109   -0.406    0.311  1
RGI60-15.10850     0.25240   28.265830   90.605071   -0.165    0.230  1
RGI60-15.06007     0.25218   29.805332   81.194219   -0.159    0.200  1
RGI60-15.04836     0.25212   28.853373   83.430138   -0.705    0.245  1
RGI60-15.06959     0.25206   31.019824   79.418728    0.031    0.174  1
RGI60-15.05626     0.25201   29.393488   82.542422   -0.125    0.235  1
RGI60-15.08081     0.25200   29.167447   98.480866   -1.070    0.340  1
RGI60-15.06443     0.25199   29.917780   82.087018   -0.599    0.265  1
RGI60-15.11836     0.25191   29.603841   96.115983   -0.433    0.313  1
RGI60-15.11511     0.25190   29.599662   96.513198   -0.186    0.250  1
RGI60-15.08832     0.25183   30.883903   79.807499   -0.307    0.221  1
RGI60-15.10194     0.25181   28.240035   86.677897   -0.178    0.173  1
RGI60-15.01583     0.25170   27.903211   92.703714   -0.927    0.321  1
RGI60-15.02582     0.25156   28.032993   90.611881   -0.763    0.263  1
RGI60-15.06175     0.25155   30.013235   82.232799   -0.893    0.286  1
RGI60-15.01475     0.25154   28.452468   92.819402   -0.484    0.283  1
RGI60-15.03546     0.25147   27.841537   86.456032   -0.230    0.225  1
RGI60-15.12569     0.25143   29.104127   96.659558   -0.128    0.267  1
RGI60-15.12008     0.25139   29.400928   95.764354   -0.307    0.596  1
RGI60-15.12256     0.25127   29.316900   96.146462    0.186    0.579  1
RGI60-15.02215     0.25118   28.145076   90.931205    0.026    0.277  1
RGI60-15.00767     0.25109   30.397866   95.639647   -0.744    0.262  1
RGI60-15.08609     0.25104   29.913798   96.986382   -1.489    0.374  1
RGI60-15.07363     0.25104   31.277876   78.313731   -0.421    0.222  1
RGI60-15.05300     0.25101   30.054231   81.925512   -0.638    0.281  1
RGI60-15.01449     0.25090   28.658284   93.432473   -0.587    0.319  1
RGI60-15.08444     0.25088   29.713481   97.097702   -0.617    0.229  1
RGI60-15.11623     0.25082   29.509945   96.882904   -0.888    0.295  1
RGI60-15.05921     0.25081   29.967071   81.108364   -0.224    0.194  1
RGI60-15.03219     0.25080   27.592265   88.082941   -0.166    0.282  1
RGI60-15.10033     0.25072   28.046642   86.902948   -0.400    0.222  1
RGI60-15.12145     0.25065   29.359481   96.015639   -1.425    0.485  1
RGI60-15.04558     0.25056   28.532818   83.969575   -0.647    0.474  1
RGI60-15.07445     0.25028   31.124260   78.554549   -0.119    0.285  1
RGI60-15.02719     0.25025   27.578289   88.075488   -0.367    0.197  1
RGI60-15.10435     0.25019   27.939964   88.110761   -0.168    0.209  1
RGI60-15.06197     0.25019   29.778144   81.615589    0.482    0.271  1
RGI60-15.05573     0.25009   29.390775   82.598191   -0.167    0.247  1
RGI60-15.08377     0.25004   29.763782   97.016819   -0.741    0.240  1
RGI60-15.00977     0.25000   30.406529   95.273220   -0.403    0.273  1
RGI60-15.08301     0.24998   29.489317   97.363931   -0.853    0.251  1
RGI60-15.07609     0.24995   30.971293   78.557936    0.056    0.245  1
RGI60-15.01336     0.24992   28.194677   92.685831    0.452    0.292  1
RGI60-15.01427     0.24989   28.274573   93.000046    0.172    0.352  1
RGI60-15.08913     0.24975   30.376698   80.804013   -0.222    0.244  1
RGI60-15.07428     0.24975   31.123067   78.666388   -0.454    0.273  1
RGI60-15.01623     0.24969   28.062450   92.620255   -0.192    0.262  1
RGI60-15.00469     0.24963   29.138393   97.824509   -1.490    0.362  1
RGI60-15.09543     0.24963   28.163142   86.078591   -1.007    0.248  1
RGI60-15.07967     0.24960   31.244292  102.823206   -0.378    0.259  1
RGI60-15.02227     0.24956   28.364412   91.049438   -0.696    0.234  1
RGI60-15.05108     0.24950   28.812313   83.096508   -0.793    0.277  1
RGI60-15.10268     0.24946   28.740735   85.422033   -0.847    0.280  1
RGI60-15.04280     0.24933   28.181777   85.683101   -0.459    0.230  1
RGI60-15.04279     0.24930   28.175496   85.616413   -0.235    0.238  1
RGI60-15.03154     0.24922   27.835958   88.056717   -0.754    0.235  1
RGI60-15.00176     0.24916   30.086845   99.276896   -0.330    0.210  1
RGI60-15.03408     0.24892   27.859252   86.849373   -0.325    0.205  1
RGI60-15.06107     0.24882   29.940031   81.026951    0.004    0.196  1
RGI60-15.00794     0.24872   30.339377   95.610898   -0.444    0.232  1
RGI60-15.06512     0.24863   30.201350   81.884107   -0.806    0.303  1
RGI60-15.01876     0.24863   27.835512   92.082098   -0.533    0.227  1
RGI60-15.07300     0.24859   30.365825   79.963199   -1.782    0.575  1
RGI60-15.07041     0.24857   30.396996   80.325432    0.076    0.279  1
RGI60-15.10195     0.24854   28.220539   86.679255   -0.145    0.186  1
RGI60-15.10246     0.24852   28.368870   86.432421   -0.085    0.223  1
RGI60-15.09918     0.24851   28.178870   86.687921   -0.008    0.221  1
RGI60-15.12632     0.24850   29.008465   96.917139   -0.081    0.263  1
RGI60-15.05132     0.24849   28.561837   84.484423    0.052    0.460  1
RGI60-15.06311     0.24846   30.301012   80.673798    0.108    0.217  1
RGI60-15.00095     0.24840   30.619217   99.426350   -0.895    0.263  1
RGI60-15.06210     0.24839   29.676745   81.541588   -0.698    0.262  1
RGI60-15.08746     0.24836   31.069150   79.164259    0.016    0.226  1
RGI60-15.10688     0.24826   27.825144   88.879819   -0.749    0.242  1
RGI60-15.01293     0.24822   28.195446   92.810486   -0.038    0.272  1
RGI60-15.08259     0.24820   29.695516   97.236951   -1.264    0.316  1
RGI60-15.02914     0.24810   27.928288   88.296067   -0.764    0.235  1
RGI60-15.12527     0.24808   29.128623   96.532066   -0.532    0.318  1
RGI60-15.03032     0.24797   27.929140   88.785937   -0.360    0.191  1
RGI60-15.03246     0.24792   27.824442   88.099040    2.419    0.688  1
RGI60-15.11376     0.24763   29.792233   96.290384   -0.699    0.346  1
RGI60-15.09937     0.24751   28.256052   86.746410   -0.334    0.217  1
RGI60-15.00146     0.24749   29.933649   99.666682   -0.831    0.299  1
RGI60-15.05854     0.24744   30.466277   80.396274   -0.281    0.215  1
RGI60-15.06271     0.24719   29.808014   81.347846   -0.401    0.258  1
RGI60-15.07954     0.24716   31.123849  102.736985   -0.852    0.270  1
RGI60-15.11805     0.24708   29.676094   95.958761   -0.299    0.379  1
RGI60-15.06627     0.24702   30.707682   79.242805   -0.329    0.194  1
RGI60-15.11474     0.24702   29.806367   96.441162   -0.406    0.244  1
RGI60-15.07446     0.24656   31.127462   78.576161    0.126    0.306  1
RGI60-15.09748     0.24655   27.944858   86.371662   -0.406    0.224  1
RGI60-15.05948     0.24653   29.869238   81.110898   -0.261    0.205  1
RGI60-15.03939     0.24648   28.045073   86.660211   -0.317    0.202  1
RGI60-15.07076     0.24642   30.785602   79.641892    0.720    0.734  1
RGI60-15.11174     0.24636   30.201188   95.898074    0.194    0.462  1
RGI60-15.06619     0.24631   30.971044   79.080318   -0.169    0.203  1
RGI60-15.06644     0.24626   30.618380   79.344131   -0.807    0.228  1
RGI60-15.11296     0.24619   29.784955   96.123827   -0.703    0.424  1
RGI60-15.03536     0.24609   27.804216   86.488652   -0.437    0.231  1
RGI60-15.05261     0.24608   29.820340   82.304565   -0.057    0.344  1
RGI60-15.00786     0.24599   30.373146   95.659200   -0.266    0.225  1
RGI60-15.01517     0.24593   28.026407   92.559944   -0.605    0.262  1
RGI60-15.05730     0.24586   29.456170   82.641430   -0.273    0.272  1
RGI60-15.02640     0.24585   27.999490   90.126237   -0.520    0.217  1
RGI60-15.04930     0.24568   29.147175   83.716436   -0.852    0.273  1
RGI60-15.01534     0.24546   28.135897   92.582316   -0.697    0.228  1
RGI60-15.09129     0.24544   28.725857   84.652091   -0.413    0.304  1
RGI60-15.02609     0.24544   28.157284   89.768193   -0.860    0.304  1
RGI60-15.03471     0.24528   27.997257   86.650011   -0.649    0.232  1
RGI60-15.12968     0.24522   29.467163   97.306221   -0.912    0.288  1
RGI60-15.12001     0.24521   29.599204   95.692715   -0.475    0.380  1
RGI60-15.00623     0.24508   30.612466   95.199644   -0.520    0.245  1
RGI60-15.03880     0.24503   27.773078   87.114518   -0.138    0.228  1
RGI60-15.02574     0.24501   27.995098   90.609577   -1.067    0.273  1
RGI60-15.01125     0.24497   30.365661   95.579258   -0.471    0.222  1
RGI60-15.10042     0.24492   28.124936   86.908943   -0.425    0.232  1
RGI60-15.07470     0.24487   31.159883   78.816618   -0.028    0.234  1
RGI60-15.01046     0.24485   30.072742   95.375004   -0.627    0.295  1
RGI60-15.07373     0.24477   31.273378   78.349690   -0.581    0.222  1
RGI60-15.05054     0.24471   29.028020   83.678650    0.040    0.208  1
RGI60-15.04283     0.24467   28.158656   85.620233   -0.594    0.282  1
RGI60-15.07741     0.24451   31.418709  100.398256   -0.832    0.281  1
RGI60-15.06322     0.24444   29.937052   81.138274   -0.316    0.229  1
RGI60-15.10711     0.24431   28.250656   90.337247   -0.322    0.207  1
RGI60-15.03757     0.24418   27.706701   86.541802   -0.689    0.208  1
RGI60-15.04168     0.24399   28.546993   85.148205    0.044    0.254  1
RGI60-15.12869     0.24397   29.043276   97.172915   -0.729    0.309  1
RGI60-15.05043     0.24389   28.833463   83.542313   -0.175    0.196  1
RGI60-15.08288     0.24385   29.631956   97.280680   -0.550    0.258  1
RGI60-15.08868     0.24366   30.617499   80.090321   -0.396    0.308  1
RGI60-15.12351     0.24359   28.587516   96.693014   -0.864    0.368  1
RGI60-15.08093     0.24353   30.571567   97.315281   -1.053    0.323  1
RGI60-15.13093     0.24348   28.923226   97.631440   -0.554    0.256  1
RGI60-15.08835     0.24346   30.878451   79.817339   -1.088    0.301  1
RGI60-15.06375     0.24339   30.346659   80.603856   -0.052    0.242  1
RGI60-15.08575     0.24333   29.818367   96.897781   -0.834    0.272  1
RGI60-15.07281     0.24325   30.483770   80.150754   -0.636    0.282  1
RGI60-15.00271     0.24318   28.729871   97.965500   -0.816    0.292  1
RGI60-15.01790     0.24317   28.112690   91.872692   -0.587    0.230  1
RGI60-15.09951     0.24311   28.162574   86.777052   -0.235    0.188  1
RGI60-15.12900     0.24308   28.771469   97.227834   -0.460    0.302  1
RGI60-15.03794     0.24304   27.754937   86.912081   -0.512    0.277  1
RGI60-15.04519     0.24304   28.633672   83.929172   -0.372    0.198  1
RGI60-15.01139     0.24299   29.960206   95.526239   -0.603    0.243  1
RGI60-15.06010     0.24296   29.827737   81.205573   -0.387    0.198  1
RGI60-15.08537     0.24294   29.856523   96.837785   -0.999    0.329  1
RGI60-15.10743     0.24290   28.118330   90.447195   -0.038    0.208  1
RGI60-15.11819     0.24287   29.650384   96.036133    0.225    0.488  1
RGI60-15.06400     0.24280   30.106641   80.457133    0.043    0.224  1
RGI60-15.00076     0.24274   29.920443   99.614253   -0.613    0.283  1
RGI60-15.10139     0.24274   28.262804   86.508901   -0.177    0.207  1
RGI60-15.13031     0.24263   28.936301   97.365323   -1.011    0.297  1
RGI60-15.05138     0.24263   28.488900   84.556250    0.049    0.480  1
RGI60-15.08323     0.24262   29.722319   97.240733   -0.853    0.249  1
RGI60-15.05560     0.24259   29.284876   82.531140   -0.431    0.329  1
RGI60-15.08014     0.24255   31.444032  102.693912   -0.574    0.283  1
RGI60-15.02507     0.24250   28.029271   90.447402    0.046    0.221  1
RGI60-15.08934     0.24244   30.352131   80.931706   -0.466    0.211  1
RGI60-15.01749     0.24243   28.147436   91.594203   -0.663    0.256  1
RGI60-15.01596     0.24243   27.966366   92.645735    0.041    0.265  1
RGI60-15.06202     0.24235   29.764321   81.571756   -0.444    0.268  1
RGI60-15.09619     0.24234   28.204058   86.171170   -0.447    0.219  1
RGI60-15.06122     0.24232   30.024102   80.858945   -0.342    0.232  1
RGI60-15.03394     0.24210   27.701817   86.996674   -0.014    0.505  1
RGI60-15.10014     0.24209   28.192332   86.886795   -0.338    0.193  1
RGI60-15.06208     0.24205   29.670873   81.536879   -0.411    0.241  1
RGI60-15.08350     0.24201   29.846556   96.958458   -1.089    0.277  1
RGI60-15.08147     0.24200   29.019564   97.655729   -0.314    0.253  1
RGI60-15.05370     0.24191   29.102849   82.999421   -0.514    0.235  1
RGI60-15.11640     0.24187   29.600897   96.930355   -0.556    0.262  1
RGI60-15.13012     0.24185   29.127658   97.347368   -0.527    0.277  1
RGI60-15.10024     0.24168   28.138592   86.896235   -0.445    0.191  1
RGI60-15.11638     0.24152   29.592457   96.928237   -0.704    0.264  1
RGI60-15.04622     0.24145   28.780518   84.370036   -0.303    0.217  1
RGI60-15.04191     0.24138   28.106775   85.466075   -0.614    0.231  1
RGI60-15.06923     0.24134   30.955753   78.977268   -0.427    0.225  1
RGI60-15.08062     0.24132   28.359928   98.742709   -0.420    0.328  1
RGI60-15.07268     0.24128   30.201419   79.857192   -0.339    0.351  1
RGI60-15.04848     0.24117   28.876134   83.525772   -0.533    0.222  1
RGI60-15.04909     0.24110   28.965659   83.434904   -0.851    0.291  1
RGI60-15.00306     0.24109   28.399247   97.549589   -0.454    0.234  1
RGI60-15.01668     0.24105   28.382039   91.154011   -0.490    0.274  1
RGI60-15.00127     0.24105   29.902582   99.531701   -0.397    0.290  1
RGI60-15.11801     0.24089   29.655873   95.936553   -0.725    0.847  1
RGI60-15.12000     0.24086   29.603847   95.689307    0.044    0.354  1
RGI60-15.09223     0.24066   28.789424   85.035436   -0.621    0.226  1
RGI60-15.11349     0.24062   29.830102   96.227271   -0.414    0.349  1
RGI60-15.12044     0.24044   29.379319   95.854425   -0.206    0.459  1
RGI60-15.06743     0.24042   30.233290   79.937725    0.476    0.340  1
RGI60-15.03137     0.24036   27.688724   87.912138   -0.390    0.218  1
RGI60-15.02993     0.24030   27.701704   88.309518    0.058    0.311  1
RGI60-15.11555     0.24028   29.707520   96.630439   -0.478    0.307  1
RGI60-15.07762     0.24023   29.203185  101.325199   -1.839    0.425  1
RGI60-15.09196     0.24022   28.633810   85.002421   -0.645    0.253  1
RGI60-15.03270     0.24012   27.847124   88.633526   -0.259    0.232  1
RGI60-15.01203     0.23996   29.856710   95.461116   -0.700    0.299  1
RGI60-15.06238     0.23972   29.742020   81.560507   -0.675    0.242  1
RGI60-15.09425     0.23972   28.401500   85.571597   -0.836    0.303  1
RGI60-15.00294     0.23970   28.366740   97.477825   -0.899    0.270  1
RGI60-15.00936     0.23957   30.552421   95.247429   -0.208    0.286  1
RGI60-15.00539     0.23948   28.202057   97.358704   -0.507    0.207  1
RGI60-15.03297     0.23944   27.721488   88.495649   -0.363    0.255  1
RGI60-15.05640     0.23931   29.444158   82.720051   -0.207    0.237  1
RGI60-15.02468     0.23930   28.016613   90.337742   -0.343    0.187  1
RGI60-15.10284     0.23913   28.559072   85.563265    0.027    0.272  1
RGI60-15.00824     0.23893   30.291502   95.622745   -0.606    0.224  1
RGI60-15.11523     0.23882   29.640553   96.554440   -0.183    0.252  1
RGI60-15.08213     0.23871   29.663677   97.152703   -0.666    0.242  1
RGI60-15.04573     0.23868   28.972528   83.735963   -0.792    0.271  1
RGI60-15.05491     0.23863   29.338652   82.860327   -0.658    0.240  1
RGI60-15.06147     0.23862   30.039159   81.894024   -1.086    0.362  1
RGI60-15.08174     0.23856   29.556900   97.079705   -0.398    0.251  1
RGI60-15.00338     0.23855   28.975255   98.197622   -1.218    0.431  1
RGI60-15.06974     0.23853   30.667346   79.780312   -0.518    0.267  1
RGI60-15.00766     0.23849   30.394264   95.640113   -0.796    0.268  1
RGI60-15.07951     0.23843   31.284273  102.712143   -0.662    0.233  1
RGI60-15.01302     0.23826   28.641451   93.224585   -0.923    0.304  1
RGI60-15.00738     0.23825   30.404003   95.542668   -0.704    0.290  1
RGI60-15.08870     0.23823   30.594220   80.092627   -0.346    0.312  1
RGI60-15.04907     0.23812   28.954841   83.451104   -0.250    0.229  1
RGI60-15.07303     0.23802   30.821624   79.352910   -0.097    0.186  1
RGI60-15.04506     0.23797   28.472202   84.267158   -0.155    0.233  1
RGI60-15.04532     0.23795   28.663443   84.278111   -0.366    0.200  1
RGI60-15.06802     0.23790   30.775285   79.588597   -0.299    0.203  1
RGI60-15.02563     0.23780   28.014435   90.497397   -0.310    0.244  1
RGI60-15.08647     0.23771   30.369719   95.816289   -0.531    0.317  1
RGI60-15.02764     0.23756   27.613997   88.031903   -0.771    0.281  1
RGI60-15.04701     0.23753   28.818442   84.136166   -0.105    0.223  1
RGI60-15.01730     0.23753   28.237702   91.497576   -0.546    0.224  1
RGI60-15.08881     0.23744   30.579145   80.156127    0.109    0.203  1
RGI60-15.07602     0.23740   30.781593   78.847008   -0.122    0.248  1
RGI60-15.11203     0.23739   29.989893   95.930227    0.100    0.551  1
RGI60-15.01940     0.23737   27.878698   92.397749   -0.213    0.229  1
RGI60-15.08370     0.23736   29.897165   97.011685   -0.412    0.208  1
RGI60-15.11047     0.23733   30.393080   95.768446   -0.640    0.276  1
RGI60-15.06479     0.23731   30.034405   81.305733    0.039    0.234  1
RGI60-15.05474     0.23716   29.453829   82.551556   -0.642    0.304  1
RGI60-15.01295     0.23715   28.211209   92.837495   -0.300    0.287  1
RGI60-15.11207     0.23712   29.968948   95.931235   -0.261    0.326  1
RGI60-15.12035     0.23710   29.423720   95.811032   -0.959    0.429  1
RGI60-15.08334     0.23709   29.800988   96.922717   -1.090    0.296  1
RGI60-15.01500     0.23698   27.847871   92.512509   -0.338    0.222  1
RGI60-15.10453     0.23696   28.008698   88.161420   -0.252    0.187  1
RGI60-15.10692     0.23680   27.827224   88.885949   -0.628    0.226  1
RGI60-15.12874     0.23679   29.045944   97.179241   -0.719    0.296  1
RGI60-15.02166     0.23678   28.007309   91.371225   -0.433    0.269  1
RGI60-15.12184     0.23675   29.059857   96.230259    0.018    0.267  1
RGI60-15.02564     0.23671   28.049721   90.535446   -0.083    0.276  1
RGI60-15.06253     0.23664   29.810509   81.553579   -0.228    0.266  1
RGI60-15.08239     0.23660   29.709908   97.198619   -0.702    0.246  1
RGI60-15.03773     0.23658   27.860299   86.399210   -0.637    0.225  1
RGI60-15.03938     0.23658   27.957737   86.654206   -0.973    0.329  1
RGI60-15.03348     0.23650   27.732008   87.896262   -0.889    1.377  1
RGI60-15.01618     0.23647   27.940220   92.616301   -0.100    0.265  1
RGI60-15.11614     0.23631   29.599492   96.869167   -1.155    0.301  1
RGI60-15.07705     0.23631   31.501297   99.944873   -0.628    0.287  1
RGI60-15.02525     0.23629   27.835740   90.579850   -1.303    0.316  1
RGI60-15.04040     0.23618   28.294941   85.686743   -0.673    0.293  1
RGI60-15.11195     0.23613   30.156512   95.923276    1.249    0.650  1
RGI60-15.03910     0.23605   27.876521   87.061444   -0.252    0.240  1
RGI60-15.09250     0.23604   28.668517   85.136420   -0.010    0.266  1
RGI60-15.05037     0.23596   28.821981   83.238176   -0.154    0.195  1
RGI60-15.05177     0.23589   29.742795   82.378226   -0.710    0.378  1
RGI60-15.00395     0.23586   29.301798   97.707443   -0.778    0.224  1
RGI60-15.13039     0.23583   29.405235   97.379561   -0.744    0.265  1
RGI60-15.02019     0.23581   27.920045   92.424041   -0.279    0.249  1
RGI60-15.08549     0.23569   29.736759   96.857499   -0.797    0.263  1
RGI60-15.00950     0.23566   30.543312   95.269562    0.184    0.291  1
RGI60-15.00214     0.23560   27.758228   98.876363   -0.458    0.269  1
RGI60-15.10140     0.23557   28.263108   86.513167   -0.586    0.203  1
RGI60-15.07773     0.23550   29.220586  101.229676   -1.478    0.438  1
RGI60-15.10026     0.23544   28.082857   86.897216   -1.124    0.342  1
RGI60-15.09593     0.23542   28.327523   86.257115   -0.407    0.230  1
RGI60-15.04542     0.23537   28.808791   83.945666   -0.059    0.227  1
RGI60-15.11463     0.23530   29.735587   96.428373   -0.977    0.322  1
RGI60-15.10550     0.23514   28.173008   87.495605   -0.231    0.215  1
RGI60-15.06022     0.23511   30.207330   80.623643   -0.247    0.301  1
RGI60-15.06915     0.23504   30.773120   79.109019   -0.171    0.329  1
RGI60-15.03805     0.23503   27.791325   86.860487   -0.577    0.251  1
RGI60-15.11312     0.23502   30.100311   96.182717   -0.061    0.413  1
RGI60-15.06123     0.23501   30.038272   80.851901   -0.263    0.243  1
RGI60-15.11652     0.23500   29.611470   96.938205   -1.207    0.328  1
RGI60-15.02110     0.23499   27.919237   91.274116   -0.763    0.238  1
RGI60-15.00353     0.23495   28.908762   98.273015   -0.936    0.349  1
RGI60-15.12887     0.23485   29.396424   97.198303   -0.532    0.318  1
RGI60-15.03693     0.23484   27.860150   87.791428   -0.234    0.211  1
RGI60-15.04314     0.23461   28.173392   85.535731   -0.651    0.270  1
RGI60-15.02348     0.23459   28.146154   89.974598   -0.614    0.272  1
RGI60-15.09455     0.23457   28.328075   85.631730   -0.032    0.229  1
RGI60-15.03793     0.23446   27.752946   86.906049   -0.763    0.301  1
RGI60-15.03254     0.23446   28.008655   88.539935   -0.749    0.300  1
RGI60-15.10090     0.23445   28.182270   87.017474   -0.614    0.264  1
RGI60-15.01048     0.23443   30.035963   95.377992   -0.761    0.268  1
RGI60-15.01173     0.23438   30.140768   95.670973   -0.523    0.348  1
RGI60-15.07254     0.23438   30.418170   80.067030   -0.162    0.315  1
RGI60-15.04157     0.23436   28.479778   84.790845   -0.310    0.266  1
RGI60-15.10513     0.23433   28.256612   87.612055   -0.368    0.189  1
RGI60-15.07021     0.23424   30.475513   79.844250    0.343    0.294  1
RGI60-15.06338     0.23417   30.179294   80.703283   -0.063    0.241  1
RGI60-15.09064     0.23412   30.309225   81.360757   -0.814    0.322  1
RGI60-15.02664     0.23390   27.841077   89.326185    0.074    0.302  1
RGI60-15.05789     0.23371   29.921057   81.411059   -0.133    0.183  1
RGI60-15.04489     0.23370   28.729381   84.110086   -0.426    0.211  1
RGI60-15.02759     0.23368   27.515418   88.242761   -0.071    0.415  1
RGI60-15.11597     0.23346   29.570138   96.854725   -1.118    0.294  1
RGI60-15.07695     0.23323   31.637896   99.625698   -0.899    0.278  1
RGI60-15.07403     0.23319   31.175744   78.521986   -0.135    0.275  1
RGI60-15.12207     0.23315   29.043554   96.320730   -0.104    0.253  1
RGI60-15.04068     0.23313   28.398392   84.706624   -0.327    0.310  1
RGI60-15.06650     0.23310   30.631324   79.400003   -0.463    0.226  1
RGI60-15.01418     0.23309   28.265131   92.960743   -0.161    0.236  1
RGI60-15.09263     0.23296   28.646031   85.165777   -0.132    0.253  1
RGI60-15.12232     0.23285   28.511890   96.463811   -0.243    0.287  1
RGI60-15.02515     0.23279   27.900925   90.502965   -1.090    0.317  1
RGI60-15.00480     0.23277   28.752132   97.890156   -0.892    0.331  1
RGI60-15.04650     0.23257   28.940282   84.134145   -0.441    0.252  1
RGI60-15.01549     0.23250   28.119957   92.620949   -0.243    0.251  1
RGI60-15.08698     0.23241   31.301665   79.001727   -0.144    0.225  1
RGI60-15.10358     0.23236   27.959198   87.954294   -0.217    0.228  1
RGI60-15.01433     0.23233   28.306985   93.050888   -0.396    0.329  1
RGI60-15.11708     0.23223   29.691097   97.000982   -1.100    0.309  1
RGI60-15.05256     0.23222   29.835706   82.326835   -0.279    0.280  1
RGI60-15.02792     0.23219   27.717800   88.143291   -0.095    0.241  1
RGI60-15.11278     0.23217   29.788020   96.045282    1.606    0.651  1
RGI60-15.09707     0.23216   28.128213   86.328958   -0.861    0.243  1
RGI60-15.02588     0.23213   28.016900   90.748814   -0.930    0.312  1
RGI60-15.06149     0.23206   30.002812   82.044268   -0.174    0.230  1
RGI60-15.09345     0.23202   28.657849   85.425785   -0.106    0.216  1
RGI60-15.03197     0.23198   27.598913   87.981965   -1.168    0.328  1
RGI60-15.06924     0.23197   30.924171   79.017611    0.047    0.237  1
RGI60-15.05025     0.23196   28.966764   83.748146   -0.068    0.218  1
RGI60-15.06205     0.23195   29.918781   81.544829   -0.317    0.221  1
RGI60-15.08599     0.23193   29.673842   96.942074   -1.148    0.307  1
RGI60-15.09906     0.23187   27.887442   87.214979    0.309    0.231  1
RGI60-15.08418     0.23180   29.663334   97.054708   -0.857    0.272  1
RGI60-15.05590     0.23178   29.245399   82.800147   -0.355    0.288  1
RGI60-15.02747     0.23155   27.526695   88.235286   -0.740    0.305  1
RGI60-15.09375     0.23152   28.429767   85.473283   -0.314    0.258  1
RGI60-15.05613     0.23152   29.317639   82.594884   -0.435    0.280  1
RGI60-15.13040     0.23145   29.408314   97.384266   -0.802    0.251  1
RGI60-15.00255     0.23145   28.410120   97.543586   -0.312    0.221  1
RGI60-15.01467     0.23141   28.479017   92.783358    0.044    0.237  1
RGI60-15.13041     0.23136   28.865298   97.385367   -0.353    0.277  1
RGI60-15.01639     0.23116   28.548501   91.195972   -0.492    0.220  1
RGI60-15.00506     0.23115   28.667451   97.871408    0.092    0.298  1
RGI60-15.06401     0.23111   30.252898   81.920535   -0.694    0.250  1
RGI60-15.12954     0.23107   29.472956   97.297397    0.232    0.204  1
RGI60-15.11603     0.23106   29.609736   96.864748   -1.073    0.270  1
RGI60-15.00487     0.23105   28.793786   97.938992    0.047    0.297  1
RGI60-15.03329     0.23095   27.893646   88.811536   -0.379    0.258  1
RGI60-15.10353     0.23094   28.034338   87.917252   -0.662    0.242  1
RGI60-15.01520     0.23093   28.032349   92.554881   -0.256    0.218  1
RGI60-15.09157     0.23086   28.633652   84.794620   -0.321    0.219  1
RGI60-15.04053     0.23076   28.388833   85.004244   -0.812    0.251  1
RGI60-15.00805     0.23070   30.358002   95.690968   -0.360    0.288  1
RGI60-15.03577     0.23051   27.759632   86.903199    3.543    0.950  1
RGI60-15.10201     0.23049   28.234713   86.688775   -0.448    0.204  1
RGI60-15.10753     0.23043   28.219324   90.470590   -0.063    0.182  1
RGI60-15.08511     0.23029   29.720224   96.638838   -0.834    0.272  1
RGI60-15.04821     0.23028   28.685955   83.777905    0.094    0.231  1
RGI60-15.04687     0.23027   28.883039   84.098162   -0.235    0.220  1
RGI60-15.00078     0.23023   29.864327   99.663137   -1.137    0.327  1
RGI60-15.11391     0.22994   29.690937   96.311266    0.347    0.341  1
RGI60-15.03903     0.22992   27.944842   86.323837   -0.001    0.288  1
RGI60-15.11962     0.22990   29.303113   96.901305   -1.504    0.379  1
RGI60-15.08439     0.22981   29.862088   97.089272   -1.081    0.328  1
RGI60-15.04362     0.22971   29.014780   83.753556   -0.628    0.232  1
RGI60-15.04352     0.22963   28.824851   84.048216   -0.537    0.214  1
RGI60-15.05703     0.22947   29.109191   83.059364   -0.387    0.245  1
RGI60-15.01464     0.22946   28.478865   92.793476   -0.431    0.224  1
RGI60-15.12191     0.22945   29.109064   96.269769   -0.944    0.361  1
RGI60-15.08016     0.22939   31.259521  102.815371   -0.273    0.297  1
RGI60-15.02541     0.22921   27.758956   89.536315   -1.282    0.302  1
RGI60-15.12608     0.22920   28.845698   96.807238    0.066    0.308  1
RGI60-15.05241     0.22919   29.870697   82.375664   -0.636    0.325  1
RGI60-15.01764     0.22918   28.092119   91.428523   -0.132    0.188  1
RGI60-15.06167     0.22912   30.047900   82.078129   -0.577    0.215  1
RGI60-15.00252     0.22911   28.407038   97.523029   -0.481    0.240  1
RGI60-15.11557     0.22907   29.531463   96.632202   -0.561    0.308  1
RGI60-15.03783     0.22906   27.880432   86.478905    0.126    0.500  1
RGI60-15.02270     0.22900   28.088248   89.814578   -0.216    0.226  1
RGI60-15.01735     0.22898   28.153842   91.498067   -0.639    0.253  1
RGI60-15.09110     0.22894   28.757549   84.515042   -0.091    0.269  1
RGI60-15.00543     0.22886   28.196267   96.958293   -0.539    0.402  1
RGI60-15.05999     0.22882   29.840109   81.138210   -0.225    0.190  1
RGI60-15.12477     0.22851   29.280963   96.408206    0.371    0.585  1
RGI60-15.12269     0.22847   29.315739   96.219337    0.284    0.356  1
RGI60-15.00125     0.22841   30.048294   99.283726   -0.867    0.280  1
RGI60-15.05433     0.22838   28.993992   82.399599   -0.213    0.228  1
RGI60-15.02207     0.22832   27.906973   91.375446   -0.546    0.235  1
RGI60-15.09442     0.22825   28.400426   85.615406   -0.270    0.225  1
RGI60-15.10429     0.22824   28.043161   88.099287   -0.352    0.209  1
RGI60-15.01673     0.22809   28.381381   91.186442    0.011    0.195  1
RGI60-15.09355     0.22806   28.499913   85.408291   -0.115    0.251  1
RGI60-15.07429     0.22800   31.123867   78.650138   -0.335    0.336  1
RGI60-15.10239     0.22797   28.339351   86.384129   -0.354    0.215  1
RGI60-15.07670     0.22792   28.349191  100.338825   -0.645    0.341  1
RGI60-15.12390     0.22791   28.414825   96.895632   -0.901    0.288  1
RGI60-15.00090     0.22790   29.972744   99.663170   -0.363    0.222  1
RGI60-15.12713     0.22782   29.492522   97.030064   -1.087    0.306  1
RGI60-15.01983     0.22781   27.722271   92.378355   -1.086    0.315  1
RGI60-15.01488     0.22771   27.765609   92.491617   -1.180    0.418  1
RGI60-15.12956     0.22766   28.739890   97.299311   -0.151    0.255  1
RGI60-15.03258     0.22765   27.874575   88.648735   -0.361    0.231  1
RGI60-15.11085     0.22764   30.157352   95.824173   -0.006    0.435  1
RGI60-15.00101     0.22760   30.549928   99.533579   -0.719    0.265  1
RGI60-15.06859     0.22744   30.860196   79.367080   -0.265    0.210  1
RGI60-15.11204     0.22739   30.176193   95.930894    0.159    0.356  1
RGI60-15.05168     0.22732   29.797047   82.258666   -0.774    0.310  1
RGI60-15.11276     0.22731   29.872979   96.042687   -1.379    0.433  1
RGI60-15.02212     0.22726   27.867679   91.372574    0.002    0.233  1
RGI60-15.00839     0.22722   30.307329   95.562434   -0.611    0.282  1
RGI60-15.10756     0.22702   28.249574   90.473161   -0.138    0.236  1
RGI60-15.01514     0.22699   28.029082   92.567617   -0.061    0.209  1
RGI60-15.12387     0.22692   28.429110   96.889364   -0.438    0.205  1
RGI60-15.06697     0.22684   30.516133   80.277247   -0.202    0.209  1
RGI60-15.02516     0.22681   27.899731   90.509901   -0.772    0.261  1
RGI60-15.12876     0.22671   29.364137   97.183595   -1.047    0.404  1
RGI60-15.09591     0.22670   28.339644   86.253146   -0.135    0.227  1
RGI60-15.01911     0.22664   27.873040   92.252288   -0.579    0.227  1
RGI60-15.07105     0.22660   30.743181   79.703347   -0.295    0.269  1
RGI60-15.01234     0.22657   29.997205   95.396390   -0.400    0.257  1
RGI60-15.01662     0.22652   28.359697   91.108550   -0.198    0.219  1
RGI60-15.09631     0.22645   28.278573   86.167328   -0.612    0.216  1
RGI60-15.09191     0.22643   28.598338   84.947573   -0.239    0.271  1
RGI60-15.05943     0.22642   29.913568   81.033535   -0.339    0.207  1
RGI60-15.11225     0.22641   30.133080   95.943045   -0.154    0.730  1
RGI60-15.06145     0.22640   30.041461   81.913968   -1.170    0.337  1
RGI60-15.05083     0.22612   28.773872   84.089136   -0.470    0.219  1
RGI60-15.01066     0.22595   30.116393   95.291840   -0.358    0.256  1
RGI60-15.11034     0.22593   30.038175   95.740582   -0.745    0.385  1
RGI60-15.02716     0.22591   27.573792   88.078346   -0.452    0.215  1
RGI60-15.09360     0.22590   28.507374   85.427586   -1.293    0.367  1
RGI60-15.06628     0.22584   30.714687   79.243353    0.050    0.216  1
RGI60-15.08155     0.22581   29.035674   97.697802   -0.314    0.233  1
RGI60-15.05507     0.22567   29.403897   82.629428   -0.054    0.371  1
RGI60-15.00003     0.22562   29.997311  102.041130   -0.504    0.256  1
RGI60-15.05311     0.22546   29.957979   82.403366   -0.363    0.253  1
RGI60-15.09829     0.22546   28.048566   87.056196   -0.125    0.162  1
RGI60-15.06975     0.22540   30.672750   79.749826   -0.008    0.280  1
RGI60-15.02434     0.22536   27.833099   90.260063   -0.819    0.248  1
RGI60-15.10790     0.22530   28.185779   90.518971   -0.658    0.230  1
RGI60-15.05723     0.22518   29.134687   82.716033   -0.690    0.264  1
RGI60-15.08048     0.22518   28.320093   98.742566   -0.700    0.315  1
RGI60-15.03621     0.22516   27.937332   86.364448   -0.595    0.272  1
RGI60-15.10172     0.22516   28.143049   86.634689    0.062    0.262  1
RGI60-15.10132     0.22508   28.258554   86.719053   -0.162    0.169  1
RGI60-15.01183     0.22496   30.162687   95.543826    0.384    0.277  1
RGI60-15.07841     0.22489   29.696193  101.832663   -0.146    0.438  1
RGI60-15.01710     0.22483   28.213528   91.873669   -0.718    0.278  1
RGI60-15.01010     0.22442   30.386923   95.288082   -0.406    0.314  1
RGI60-15.06954     0.22437   30.935373   79.354406   -0.579    0.204  1
RGI60-15.03407     0.22423   27.863086   86.848762   -0.517    0.260  1
RGI60-15.05086     0.22420   28.773844   84.109413    0.042    0.237  1
RGI60-15.04334     0.22418   28.940120   84.159141   -0.018    0.207  1
RGI60-15.09069     0.22416   30.363365   81.366662   -0.842    0.256  1
RGI60-15.02585     0.22410   28.052782   90.711611   -0.615    0.254  1
RGI60-15.00661     0.22409   30.452198   95.587213   -0.758    0.271  1
RGI60-15.01782     0.22406   28.039832   91.853936   -0.591    0.256  1
RGI60-15.11238     0.22385   29.890546   95.968869   -0.730    0.716  1
RGI60-15.12847     0.22382   29.004634   97.157483   -0.802    0.255  1
RGI60-15.07683     0.22374   31.646554   99.582191   -1.233    0.319  1
RGI60-15.02476     0.22372   28.033206   90.376869   -0.506    0.225  1
RGI60-15.13068     0.22356   29.101801   97.543107   -0.935    0.274  1
RGI60-15.03887     0.22355   27.865554   86.937818   -0.476    0.223  1
RGI60-15.11449     0.22354   29.674816   96.410221   -0.490    0.239  1
RGI60-15.11057     0.22352   30.374040   95.786802   -0.767    0.416  1
RGI60-15.12288     0.22350   29.164953   96.340974   -0.147    0.307  1
RGI60-15.03827     0.22346   27.683361   86.904319   -0.079    0.247  1
RGI60-15.09460     0.22336   28.367800   85.645983   -0.042    0.243  1
RGI60-15.08693     0.22325   31.179054   78.988650   -0.978    0.439  1
RGI60-15.10773     0.22321   28.228260   90.493735   -0.506    0.227  1
RGI60-15.00213     0.22319   28.286403   98.977318   -0.816    0.321  1
RGI60-15.07481     0.22312   31.127018   78.769816   -0.246    0.208  1
RGI60-15.07235     0.22308   30.803341   79.418243   -0.824    0.275  1
RGI60-15.01332     0.22296   28.108613   92.941522   -0.806    0.314  1
RGI60-15.03875     0.22281   27.898420   86.790689   -0.655    0.257  1
RGI60-15.03645     0.22280   27.718123   87.609820   -0.936    0.280  1
RGI60-15.02895     0.22276   27.907587   87.937384   -0.171    0.220  1
RGI60-15.08703     0.22269   31.326963   79.016998   -1.074    0.355  1
RGI60-15.01197     0.22264   29.800766   95.451892    0.152    0.253  1
RGI60-15.10439     0.22259   28.023781   88.124687   -0.154    0.186  1
RGI60-15.03904     0.22254   27.941911   86.330663   -0.573    0.308  1
RGI60-15.03350     0.22250   27.705598   87.906253   -0.192    0.221  1
RGI60-15.01830     0.22219   28.367368   91.105258   -0.589    0.267  1
RGI60-15.10412     0.22217   28.044357   88.068213   -0.239    0.190  1
RGI60-15.05431     0.22206   29.190388   82.598447   -0.981    0.354  1
RGI60-15.11911     0.22198   29.384548   96.669524   -0.947    0.333  1
RGI60-15.06303     0.22197   29.804778   81.408011   -0.744    0.284  1
RGI60-15.02913     0.22184   27.937820   88.260530   -0.752    0.262  1
RGI60-15.08631     0.22177   29.874378   96.447156   -0.528    0.263  1
RGI60-15.06036     0.22159   30.306407   80.808140   -0.113    0.248  1
RGI60-15.08884     0.22147   30.577156   80.160446   -0.159    0.248  1
RGI60-15.05743     0.22145   29.412079   82.745421   -0.569    0.300  1
RGI60-15.00951     0.22129   30.528398   95.275634   -0.339    0.238  1
RGI60-15.13037     0.22125   29.186835   97.371747    2.654    0.787  1
RGI60-15.06523     0.22122   30.450998   80.418867   -0.476    0.214  1
RGI60-15.10702     0.22121   27.577988   89.168977   -0.619    0.275  1
RGI60-15.10235     0.22119   28.357824   86.375010   -0.285    0.232  1
RGI60-15.04066     0.22113   28.353013   84.715656   -0.699    0.277  1
RGI60-15.05146     0.22111   28.946228   83.308695   -0.533    0.211  1
RGI60-15.11645     0.22102   29.433116   96.933020   -0.693    0.301  1
RGI60-15.10417     0.22101   27.917225   88.075753   -0.107    0.213  1
RGI60-15.03054     0.22100   27.877968   88.859047   -0.248    0.204  1
RGI60-15.02362     0.22089   28.107354   90.120769   -0.554    0.239  1
RGI60-15.05603     0.22086   29.326382   82.780081   -1.154    0.339  1
RGI60-15.08393     0.22082   29.889958   97.034720   -0.523    0.254  1
RGI60-15.08490     0.22078   29.745536   96.525880   -0.775    0.248  1
RGI60-15.09432     0.22076   28.304260   85.587293   -0.379    0.249  1
RGI60-15.10214     0.22075   28.362167   86.471298   -0.291    0.192  1
RGI60-15.10949     0.22067   27.987655   89.448443   -0.357    0.216  1
RGI60-15.00589     0.22065   28.018985   98.487285   -0.805    0.296  1
RGI60-15.01389     0.22062   28.618059   92.994317   -0.911    0.280  1
RGI60-15.10664     0.22052   27.980009   87.813359   -0.315    0.179  1
RGI60-15.05231     0.22044   29.663844   82.861915   -0.526    0.247  1
RGI60-15.03173     0.22043   27.827944   88.232480   -0.330    0.195  1
RGI60-15.01231     0.22041   30.011957   95.154393    0.251    0.391  1
RGI60-15.07758     0.22039   29.247079  101.261838   -0.821    0.340  1
RGI60-15.11633     0.22020   29.531641   96.910287   -0.289    0.257  1
RGI60-15.05781     0.22007   30.000339   81.542620   -0.507    0.229  1
RGI60-15.03312     0.22002   27.790486   88.350705   -0.328    0.249  1
RGI60-15.05419     0.22000   29.358816   82.750376   -0.169    0.210  1
RGI60-15.09614     0.21986   28.244340   86.137607   -0.763    0.238  1
RGI60-15.03672     0.21970   27.790096   87.794413   -0.631    0.258  1
RGI60-15.00049     0.21966   30.133424   99.511319   -0.529    0.242  1
RGI60-15.05548     0.21959   29.249321   82.538779   -1.382    0.387  1
RGI60-15.01438     0.21952   28.302588   93.068424   -0.218    0.327  1
RGI60-15.05265     0.21927   29.786403   82.363332   -0.384    0.318  1
RGI60-15.07533     0.21919   31.038492   78.461067    0.067    0.243  1
RGI60-15.07759     0.21912   29.238033  101.263812   -1.332    0.383  1
RGI60-15.03842     0.21900   27.784095   87.054868   -0.398    0.223  1
RGI60-15.08360     0.21895   29.778999   96.987935   -1.262    0.329  1
RGI60-15.02425     0.21893   27.880002   90.226341   -1.676    0.383  1
RGI60-15.12087     0.21893   29.390101   95.973601   -0.002    0.390  1
RGI60-15.10507     0.21887   28.217165   87.569345   -0.964    0.308  1
RGI60-15.09554     0.21881   28.042992   86.085517   -0.691    0.264  1
RGI60-15.06702     0.21873   30.620357   79.971810    0.409    0.427  1
RGI60-15.00494     0.21869   28.814336   98.063663   -0.658    0.369  1
RGI60-15.01760     0.21867   28.106414   91.423611   -0.243    0.179  1
RGI60-15.09242     0.21863   28.769277   85.117539   -0.585    0.281  1
RGI60-15.12942     0.21862   28.932666   97.291232   -0.980    0.316  1
RGI60-15.06262     0.21861   29.828253   81.557173   -0.558    0.238  1
RGI60-15.00134     0.21846   29.981487   99.803051   -0.592    0.256  1
RGI60-15.00933     0.21827   30.596611   95.240268    0.117    0.243  1
RGI60-15.12270     0.21827   29.271587   96.230738   -0.828    0.403  1
RGI60-15.06752     0.21818   30.212588   80.075839   -0.017    0.251  1
RGI60-15.11945     0.21809   29.385538   96.801503   -0.813    0.374  1
RGI60-15.12449     0.21801   29.327550   96.329271   -0.191    0.254  1
RGI60-15.10748     0.21800   28.152037   90.461474   -0.077    0.202  1
RGI60-15.00100     0.21798   30.540865   99.622887   -0.618    0.229  1
RGI60-15.07440     0.21790   31.156615   78.578364    0.836    0.326  1
RGI60-15.01702     0.21790   28.346150   91.872611   -0.574    0.202  1
RGI60-15.09661     0.21781   28.206621   86.233657   -0.538    0.214  1
RGI60-15.07027     0.21774   30.255313   79.937973    0.016    0.310  1
RGI60-15.10553     0.21770   28.178139   87.498794   -0.900    0.273  1
RGI60-15.00826     0.21768   30.275413   95.620561   -0.680    0.241  1
RGI60-15.03494     0.21766   27.799270   86.610479   -0.172    0.252  1
RGI60-15.02217     0.21761   27.862441   91.610662   -1.035    0.339  1
RGI60-15.12280     0.21760   29.195218   96.300868   -0.250    0.251  1
RGI60-15.03840     0.21760   27.731493   87.023791   -0.105    0.276  1
RGI60-15.01134     0.21758   29.855987   95.375992   -0.353    0.248  1
RGI60-15.07051     0.21756   30.639695   79.928176   -0.345    0.308  1
RGI60-15.12437     0.21753   29.378553   96.296505    0.126    0.395  1
RGI60-15.01457     0.21746   28.470600   92.732156   -0.439    0.214  1
RGI60-15.01422     0.21740   28.239605   93.017568   -0.285    0.332  1
RGI60-15.11299     0.21737   30.140106   96.138960   -0.884    0.385  1
RGI60-15.11642     0.21737   29.705045   96.931590   -0.881    0.272  1
RGI60-15.06373     0.21731   30.327617   80.531335    0.007    0.245  1
RGI60-15.08857     0.21728   30.658350   80.022810    0.013    0.789  1
RGI60-15.08676     0.21726   31.268863   78.892893   -1.076    0.289  1
RGI60-15.07441     0.21725   31.142883   78.604946   -0.267    0.278  1
RGI60-15.03288     0.21710   27.737491   88.703864   -0.446    0.235  1
RGI60-15.12359     0.21703   28.634366   96.712614   -0.799    0.384  1
RGI60-15.04888     0.21702   28.884892   83.468775   -1.019    0.267  1
RGI60-15.08161     0.21690   29.486360   97.409722   -0.519    0.265  1
RGI60-15.10613     0.21689   27.838031   87.667920   -0.292    0.254  1
RGI60-15.07240     0.21680   30.501265   80.139494   -0.121    0.267  1
RGI60-15.10431     0.21674   27.943077   88.101637   -0.097    0.188  1
RGI60-15.05017     0.21665   29.026817   83.581894   -0.699    0.233  1
RGI60-15.05629     0.21665   29.398682   82.542293   -0.085    0.235  1
RGI60-15.08515     0.21652   29.760961   96.771910   -0.834    0.311  1
RGI60-15.01703     0.21647   28.343420   91.887006   -0.369    0.189  1
RGI60-15.05485     0.21642   29.355026   82.576487   -0.611    0.325  1
RGI60-15.01920     0.21635   27.858145   92.296875   -0.217    0.233  1
RGI60-15.12201     0.21633   29.181521   96.301753   -0.139    0.347  1
RGI60-15.11107     0.21621   30.360040   95.839753   -0.040    0.319  1
RGI60-15.04050     0.21621   28.300906   85.156011    0.138    0.270  1
RGI60-15.06683     0.21618   30.564701   80.243694   -0.358    0.230  1
RGI60-15.06139     0.21617   30.250324   81.908032   -0.927    0.287  1
RGI60-15.11244     0.21615   30.189102   95.987515   -0.226    0.416  1
RGI60-15.04214     0.21612   28.146864   85.616649   -0.690    0.223  1
RGI60-15.11667     0.21592   29.458095   96.952256   -1.033    0.307  1
RGI60-15.07993     0.21591   31.264089  102.983035   -0.597    0.233  1
RGI60-15.12059     0.21584   29.322405   95.886551   -2.007    1.097  1
RGI60-15.10680     0.21569   28.020689   87.877533   -0.742    0.244  1
RGI60-15.00085     0.21555   29.918638   99.507848   -1.063    0.330  1
RGI60-15.06699     0.21553   30.502289   80.228106    0.110    0.367  1
RGI60-15.05577     0.21550   29.409923   82.662807   -0.209    0.293  1
RGI60-15.00450     0.21547   29.246567   97.747949   -0.736    0.288  1
RGI60-15.04913     0.21540   28.972852   83.281010   -0.307    0.240  1
RGI60-15.06920     0.21537   30.924302   78.985791   -0.092    0.221  1
RGI60-15.11626     0.21535   29.581065   96.891176   -0.699    0.242  1
RGI60-15.00688     0.21533   30.454685   95.382630   -0.426    0.346  1
RGI60-15.10579     0.21525   27.882589   87.536238   -0.346    0.284  1
RGI60-15.00064     0.21519   30.588881   99.503260   -0.751    0.278  1
RGI60-15.00559     0.21514   28.240529   97.368840    0.218    0.217  1
RGI60-15.05729     0.21507   29.436601   82.635048   -0.360    0.323  1
RGI60-15.08100     0.21492   30.586946   97.353733   -0.967    0.305  1
RGI60-15.00109     0.21485   30.623308   99.433439   -0.660    0.307  1
RGI60-15.03533     0.21479   27.809398   86.498263   -0.720    0.271  1
RGI60-15.04488     0.21474   28.724758   84.120169   -0.541    0.259  1
RGI60-15.08331     0.21460   29.785750   96.906402   -0.828    0.268  1
RGI60-15.02692     0.21456   27.835959   90.271289   -0.832    0.309  1
RGI60-15.07543     0.21454   31.026461   78.488198   -0.607    0.257  1
RGI60-15.02276     0.21427   28.065899   89.855390   -0.241    0.239  1
RGI60-15.12076     0.21427   29.497630   95.927258   -1.132    1.101  1
RGI60-15.10048     0.21425   28.103233   86.917227   -0.242    0.204  1
RGI60-15.01435     0.21422   28.304354   93.054854   -0.644    0.348  1
RGI60-15.12302     0.21418   29.015255   96.425834   -0.042    0.275  1
RGI60-15.00433     0.21414   28.691119   98.102951   -0.477    0.326  1
RGI60-15.10636     0.21414   27.810140   87.728903   -0.794    0.281  1
RGI60-15.04672     0.21410   28.930987   84.102180   -0.303    0.232  1
RGI60-15.01720     0.21402   28.241468   91.342441   -0.785    0.297  1
RGI60-15.00387     0.21397   29.260766   97.568495   -0.782    0.237  1
RGI60-15.05849     0.21385   29.927684   81.520248   -0.124    0.194  1
RGI60-15.03883     0.21363   27.736858   86.965713   -0.382    0.211  1
RGI60-15.02630     0.21357   28.015029   90.503356   -0.507    0.228  1
RGI60-15.08224     0.21356   29.485977   97.170075   -1.133    0.314  1
RGI60-15.02255     0.21351   28.194847   89.795389   -0.700    0.280  1
RGI60-15.07416     0.21349   31.175914   78.374796   -0.056    0.256  1
RGI60-15.03309     0.21346   27.723192   88.383669   -0.796    0.297  1
RGI60-15.03292     0.21342   27.806333   88.663557   -0.401    0.265  1
RGI60-15.02334     0.21341   28.079584   89.970122   -0.391    0.237  1
RGI60-15.05868     0.21339   30.268230   80.650130   -0.205    0.285  1
RGI60-15.02252     0.21334   28.159418   89.774273   -0.747    0.312  1
RGI60-15.05399     0.21331   29.434179   82.643372    0.073    0.375  1
RGI60-15.04299     0.21315   28.159772   85.703288   -0.641    0.266  1
RGI60-15.02540     0.21308   27.750027   89.530061   -0.671    0.244  1
RGI60-15.12525     0.21308   29.129392   96.526172   -0.386    0.274  1
RGI60-15.07708     0.21294   31.847709   98.992377   -0.228    0.384  1
RGI60-15.12402     0.21291   29.454912   96.067463    1.115    0.776  1
RGI60-15.11453     0.21284   29.647203   96.421218   -0.098    0.244  1
RGI60-15.11635     0.21283   29.597504   96.925352   -0.659    0.272  1
RGI60-15.06825     0.21272   30.865923   79.546127   -0.897    0.275  1
RGI60-15.01083     0.21262   30.557367   95.236993   -0.446    0.319  1
RGI60-15.10735     0.21260   28.137130   90.417710   -0.053    0.222  1
RGI60-15.02785     0.21252   27.718396   88.063122    0.025    0.292  1
RGI60-15.00918     0.21249   30.564351   95.171465   -0.225    0.273  1
RGI60-15.06544     0.21249   30.188235   80.441015   -0.159    0.257  1
RGI60-15.10723     0.21237   28.173276   90.373500   -0.188    0.247  1
RGI60-15.07798     0.21234   29.286004  101.894003   -0.669    0.308  1
RGI60-15.02460     0.21231   27.953472   90.322382   -0.760    0.252  1
RGI60-15.07115     0.21220   30.836541   79.020087    0.222    0.489  1
RGI60-15.06988     0.21218   30.552328   79.915333   -0.315    0.431  1
RGI60-15.00626     0.21212   30.628674   95.182583   -0.475    0.268  1
RGI60-15.01358     0.21209   28.174485   92.819565   -0.479    0.347  1
RGI60-15.01972     0.21206   27.783733   92.446113   -0.764    0.250  1
RGI60-15.03467     0.21205   27.987157   86.643018   -0.934    0.291  1
RGI60-15.12048     0.21204   29.412070   95.864466   -1.839    0.967  1
RGI60-15.10725     0.21199   28.114154   90.391812   -0.407    0.226  1
RGI60-15.07776     0.21197   29.185065  101.217522   -0.481    0.591  1
RGI60-15.05509     0.21197   29.400576   82.625557   -0.214    0.294  1
RGI60-15.08584     0.21191   29.724432   96.908569   -0.977    0.307  1
RGI60-15.08264     0.21181   29.632303   97.245630   -0.557    0.275  1
RGI60-15.00763     0.21177   30.397621   95.608725   -0.795    0.263  1
RGI60-15.07581     0.21173   30.906256   78.860402   -0.341    0.340  1
RGI60-15.09406     0.21171   28.438143   85.539096   -0.237    0.211  1
RGI60-15.00212     0.21170   28.343467   99.415054   -0.576    0.302  1
RGI60-15.05836     0.21156   29.909347   81.725254   -0.268    0.236  1
RGI60-15.04368     0.21142   29.207252   83.827761   -0.540    0.211  1
RGI60-15.12987     0.21134   28.733528   97.328578   -0.607    0.258  1
RGI60-15.04147     0.21132   28.612246   84.688533    0.166    0.278  1
RGI60-15.00734     0.21123   30.422457   95.516276   -0.793    0.330  1
RGI60-15.06524     0.21122   30.451569   80.423595   -0.770    0.260  1
RGI60-15.04303     0.21122   28.120343   85.851687   -0.517    0.291  1
RGI60-15.07327     0.21111   31.263602   78.821557   -0.714    0.260  1
RGI60-15.11514     0.21101   29.657138   96.519296   -0.104    0.256  1
RGI60-15.11974     0.21098   29.233136   96.935977   -0.291    0.226  1
RGI60-15.11346     0.21093   29.862367   96.225643   -0.733    0.481  1
RGI60-15.09604     0.21085   28.136410   86.091361   -0.371    0.194  1
RGI60-15.02733     0.21082   27.602454   88.206340   -0.266    0.197  1
RGI60-15.00607     0.21080   30.522126   95.285457   -0.766    0.316  1
RGI60-15.03144     0.21064   27.860736   88.039124   -0.097    0.221  1
RGI60-15.00346     0.21052   28.884105   98.383504   -0.687    0.298  1
RGI60-15.05280     0.21052   29.730146   82.396342   -0.398    0.327  1
RGI60-15.01471     0.21050   28.458007   92.802406   -0.599    0.281  1
RGI60-15.06391     0.21038   30.277164   80.490890   -0.113    0.264  1
RGI60-15.02482     0.21036   27.954240   90.380890   -0.350    0.211  1
RGI60-15.05625     0.21028   29.384221   82.538231    0.011    0.266  1
RGI60-15.03379     0.21028   27.813786   86.988273   -0.615    0.236  1
RGI60-15.07064     0.21028   30.262845   79.859387   -0.487    0.400  1
RGI60-15.05525     0.21024   29.196782   82.911386   -0.650    0.280  1
RGI60-15.03047     0.21022   27.981237   88.812381   -0.264    0.259  1
RGI60-15.03878     0.21021   27.890393   86.768453   -0.401    0.197  1
RGI60-15.05951     0.21018   29.809819   81.117724   -0.313    0.230  1
RGI60-15.05998     0.21015   30.042043   80.903907    0.177    0.219  1
RGI60-15.08509     0.21015   29.745700   96.620496   -0.262    0.244  1
RGI60-15.12069     0.21013   29.367191   95.920966   -1.356    0.426  1
RGI60-15.04055     0.21008   28.549406   85.073460   -0.245    0.306  1
RGI60-15.08908     0.21007   30.413873   80.757567   -0.934    0.321  1
RGI60-15.06984     0.21005   30.888252   79.580438   -0.213    0.245  1
RGI60-15.01865     0.21000   27.703881   92.077334   -0.910    0.327  1
RGI60-15.11132     0.20995   30.330207   95.855250   -0.762    0.315  1
RGI60-15.08788     0.20993   31.066616   79.301386   -0.188    0.215  1
RGI60-15.03399     0.20990   27.743417   86.961205   -0.038    0.215  1
RGI60-15.00499     0.20984   28.832487   98.074925   -0.194    0.351  1
RGI60-15.04694     0.20971   28.836565   84.217667   -0.772    0.241  1
RGI60-15.04722     0.20969   28.695167   84.307567   -0.176    0.196  1
RGI60-15.05556     0.20961   29.217425   82.553064   -0.497    0.280  1
RGI60-15.00578     0.20958   28.024077   97.246814   -0.476    0.220  1
RGI60-15.00702     0.20956   30.450725   95.410637   -0.710    0.276  1
RGI60-15.00380     0.20956   28.324650   98.728296   -0.327    0.311  1
RGI60-15.09926     0.20956   28.193234   86.728776    0.043    0.236  1
RGI60-15.00087     0.20929   29.897563   99.526383   -0.690    0.302  1
RGI60-15.03470     0.20928   27.997999   86.636466    0.002    0.343  1
RGI60-15.08089     0.20921   29.320686   98.332729   -0.929    0.342  1
RGI60-15.12342     0.20918   28.695282   96.648745   -0.515    0.365  1
RGI60-15.02811     0.20907   27.812851   88.294617   -0.625    0.211  1
RGI60-15.13081     0.20904   28.987965   97.571022    0.099    0.219  1
RGI60-15.09603     0.20894   28.141446   86.084152   -0.854    0.307  1
RGI60-15.10466     0.20886   28.009774   88.277880   -0.047    0.163  1
RGI60-15.02633     0.20885   28.032220   90.916021   -0.333    0.238  1
RGI60-15.09610     0.20879   28.151690   86.111845   -0.775    0.256  1
RGI60-15.09753     0.20875   28.037128   86.392438   -0.309    0.246  1
RGI60-15.08167     0.20874   29.460397   97.418996   -0.745    0.256  1
RGI60-15.05183     0.20872   29.746721   82.411183   -0.520    0.335  1
RGI60-15.06933     0.20869   30.896951   79.309957   -0.357    0.211  1
RGI60-15.08192     0.20863   29.653054   97.113390   -0.872    0.290  1
RGI60-15.12124     0.20862   29.333161   95.921194   -0.982    0.668  1
RGI60-15.03866     0.20860   27.915763   86.933042   -0.302    0.213  1
RGI60-15.10110     0.20859   28.176008   87.054513   -0.283    0.225  1
RGI60-15.07485     0.20859   31.142600   78.756864   -0.154    0.243  1
RGI60-15.07630     0.20855   31.053567   78.628231    0.320    0.289  1
RGI60-15.06713     0.20855   30.571665   79.960607   -0.224    0.293  1
RGI60-15.10406     0.20854   27.936711   88.051980    0.001    0.200  1
RGI60-15.01844     0.20846   28.152848   91.462051   -0.249    0.270  1
RGI60-15.07431     0.20845   31.133502   78.628491   -0.264    0.365  1
RGI60-15.04938     0.20842   29.204721   83.504734   -0.751    0.250  1
RGI60-15.07008     0.20833   30.416406   80.309903   -0.027    0.476  1
RGI60-15.01714     0.20831   28.218400   91.872247   -0.125    0.245  1
RGI60-15.12311     0.20830   28.935613   96.466612   -0.417    0.285  1
RGI60-15.10151     0.20821   28.102569   86.604817   -0.316    0.367  1
RGI60-15.02712     0.20819   27.608055   87.980760   -0.761    0.269  1
RGI60-15.12895     0.20818   28.777483   97.209776   -1.131    0.391  1
RGI60-15.05416     0.20817   29.227345   82.701939   -0.751    0.286  1
RGI60-15.06874     0.20812   30.776814   79.381063   -0.255    0.216  1
RGI60-15.04575     0.20807   28.860606   83.624893   -0.112    0.203  1
RGI60-15.01300     0.20806   28.645951   93.212983   -1.291    0.376  1
RGI60-15.05607     0.20806   29.368013   82.672280   -0.005    0.661  1
RGI60-15.04228     0.20802   28.099802   85.868507   -0.663    0.306  1
RGI60-15.10681     0.20791   27.563408   88.768644   -0.848    0.286  1
RGI60-15.02769     0.20787   27.637609   88.014946   -0.142    0.222  1
RGI60-15.03567     0.20785   27.938336   86.369254   -0.454    0.253  1
RGI60-15.06103     0.20777   29.948747   81.037173    0.055    0.226  1
RGI60-15.01037     0.20772   30.308431   95.206854    0.071    0.293  1
RGI60-15.08573     0.20753   29.616953   96.893520   -0.906    0.265  1
RGI60-15.00175     0.20753   30.088168   99.280289   -0.743    0.249  1
RGI60-15.12673     0.20741   29.241598   96.992177   -0.586    0.279  1
RGI60-15.08079     0.20739   29.182739   98.473797   -1.196    0.352  1
RGI60-15.03815     0.20731   27.718464   86.796861   -0.751    0.320  1
RGI60-15.07413     0.20731   31.180426   78.381886   -0.199    0.252  1
RGI60-15.10258     0.20729   28.401182   85.775073   -0.232    0.220  1
RGI60-15.04927     0.20722   29.092512   83.705694   -0.744    0.306  1
RGI60-15.07004     0.20718   30.248806   80.178243    0.058    0.559  1
RGI60-15.03229     0.20715   27.508518   88.281902   -0.226    0.288  1
RGI60-15.01221     0.20694   29.961856   95.248163   -0.517    0.301  1
RGI60-15.06406     0.20691   30.012645   82.039492   -0.194    0.284  1
RGI60-15.07790     0.20686   29.188834  101.305583   -1.427    0.487  1
RGI60-15.06756     0.20683   30.274378   80.138231    0.181    0.244  1
RGI60-15.07299     0.20674   30.739188   79.580987   -0.404    0.258  1
RGI60-15.12357     0.20653   28.638355   96.705879   -0.779    0.356  1
RGI60-15.02648     0.20650   28.040264   89.901412   -1.134    0.320  1
RGI60-15.03274     0.20650   27.823608   88.640205   -0.637    0.273  1
RGI60-15.04133     0.20649   28.546807   84.930627   -0.198    0.310  1
RGI60-15.01349     0.20632   28.152944   92.783061   -0.583    0.319  1
RGI60-15.07452     0.20631   31.069051   78.571800   -0.938    0.314  1
RGI60-15.02209     0.20621   27.850603   91.368237    0.010    0.211  1
RGI60-15.00740     0.20608   30.399438   95.537910   -0.933    0.281  1
RGI60-15.02131     0.20607   28.066876   91.407186   -0.184    0.229  1
RGI60-15.08116     0.20606   29.084862   97.563755   -0.915    0.281  1
RGI60-15.05678     0.20602   29.733236   82.279495   -0.863    0.279  1
RGI60-15.11830     0.20601   29.680726   96.106764   -0.308    0.298  1
RGI60-15.12483     0.20595   29.336796   96.418061    0.525    0.335  1
RGI60-15.10305     0.20588   28.949633   86.089212   -0.038    0.257  1
RGI60-15.11035     0.20587   30.017207   95.742870    0.018    0.246  1
RGI60-15.02030     0.20587   27.903534   91.645957   -0.863    0.274  1
RGI60-15.07870     0.20585   29.670764  101.859437   -0.330    0.308  1
RGI60-15.11110     0.20584   30.309262   95.840920    0.318    0.511  1
RGI60-15.01677     0.20580   28.354026   91.195520   -0.051    0.294  1
RGI60-15.08276     0.20571   29.647344   97.267035   -1.267    0.335  1
RGI60-15.05627     0.20561   29.411853   82.540489   -1.320    0.473  1
RGI60-15.03978     0.20560   28.349954   85.019096   -0.577    0.241  1
RGI60-15.10185     0.20558   28.256021   86.663962   -0.119    0.184  1
RGI60-15.07647     0.20552   27.169920  100.165256   -0.760    0.340  1
RGI60-15.02483     0.20541   27.939431   90.381983   -0.608    0.236  1
RGI60-15.03502     0.20538   27.726787   86.606609   -0.491    0.265  1
RGI60-15.05559     0.20531   29.283559   82.542571   -0.215    0.355  1
RGI60-15.11784     0.20527   29.709676   95.873276   -1.668    0.480  1
RGI60-15.10312     0.20526   28.621808   88.700988   -0.286    0.228  1
RGI60-15.12350     0.20520   28.648162   96.690847   -0.137    0.211  1
RGI60-15.08844     0.20517   30.843479   79.906257   -0.982    0.297  1
RGI60-15.04877     0.20505   28.864537   83.560447   -0.073    0.201  1
RGI60-15.05918     0.20502   30.018164   81.318496   -0.748    0.246  1
RGI60-15.02805     0.20500   27.793408   88.234322   -0.418    0.227  1
RGI60-15.12024     0.20498   29.382462   95.790649   -1.781    0.610  1
RGI60-15.05808     0.20497   30.299823   81.872829   -1.269    0.360  1
RGI60-15.01820     0.20489   28.067561   92.518831   -0.842    0.266  1
RGI60-15.09141     0.20489   28.815114   84.696352   -0.755    0.295  1
RGI60-15.05847     0.20481   29.867730   81.546240   -0.419    0.230  1
RGI60-15.05477     0.20478   29.460385   82.589116   -0.588    0.297  1
RGI60-15.06309     0.20477   30.300209   80.697100   -0.348    0.305  1
RGI60-15.08023     0.20451   31.447781  102.864282   -0.304    0.232  1
RGI60-15.00367     0.20447   28.415782   98.648489   -0.225    0.287  1
RGI60-15.00672     0.20442   30.529426   95.463689   -0.918    0.315  1
RGI60-15.03484     0.20440   27.856921   86.582460   -0.068    0.296  1
RGI60-15.00152     0.20438   29.951387   99.632635   -0.896    0.299  1
RGI60-15.02567     0.20433   28.018220   90.589219   -0.331    0.238  1
RGI60-15.04905     0.20429   28.945403   83.566460    0.011    0.234  1
RGI60-15.01304     0.20420   28.617780   93.015853   -0.121    0.264  1
RGI60-15.10533     0.20420   28.140324   87.455727   -0.667    0.244  1
RGI60-15.02521     0.20416   27.897838   90.548321   -0.877    0.303  1
RGI60-15.02469     0.20412   28.020725   90.343585   -0.644    0.223  1
RGI60-15.07712     0.20406   31.831276   99.052724   -0.460    0.277  1
RGI60-15.03890     0.20399   27.953719   86.927446   -0.355    0.362  1
RGI60-15.03713     0.20396   27.910150   86.401504   -0.739    0.274  1
RGI60-15.08623     0.20385   29.880895   96.422918   -0.880    0.286  1
RGI60-15.10317     0.20383   28.216360   87.624118   -0.536    0.259  1
RGI60-15.05144     0.20382   28.649596   84.535727    0.140    0.274  1
RGI60-15.13020     0.20373   28.867172   97.354055   -0.678    0.294  1
RGI60-15.11185     0.20365   30.270008   95.915688   -0.798    0.385  1
RGI60-15.06386     0.20354   30.243305   80.445677   -0.156    0.270  1
RGI60-15.12837     0.20352   29.110754   97.132963   -1.054    0.341  1
RGI60-15.05860     0.20347   30.394203   80.588585   -0.536    0.219  1
RGI60-15.06002     0.20344   29.846176   81.164507   -0.345    0.216  1
RGI60-15.02307     0.20342   28.044534   89.897894   -1.021    0.312  1
RGI60-15.06529     0.20337   30.408016   80.560270    0.176    0.225  1
RGI60-15.09572     0.20334   28.285267   86.150189   -0.854    0.294  1
RGI60-15.05857     0.20326   30.435303   80.545723   -0.332    0.201  1
RGI60-15.08286     0.20324   29.635624   97.280783   -0.645    0.300  1
RGI60-15.03012     0.20308   27.739538   88.351916   -0.150    0.229  1
RGI60-15.02128     0.20300   28.075995   91.419211   -0.561    0.232  1
RGI60-15.02539     0.20292   27.772822   89.482355   -0.834    0.284  1
RGI60-15.05771     0.20284   30.199439   81.586451   -0.673    0.245  1
RGI60-15.08615     0.20283   29.909377   97.026732   -0.943    0.290  1
RGI60-15.00673     0.20280   30.511709   95.371976   -0.758    0.293  1
RGI60-15.05787     0.20273   29.926960   81.452193   -0.515    0.234  1
RGI60-15.05166     0.20262   29.799193   82.283466   -1.599    0.443  1
RGI60-15.02436     0.20252   27.830196   90.265334   -0.896    0.272  1
RGI60-15.10724     0.20248   28.119707   90.388979   -0.706    0.274  1
RGI60-15.07945     0.20245   31.568088  102.687927   -0.375    0.272  1
RGI60-15.05782     0.20245   30.011437   81.537249   -0.425    0.233  1
RGI60-15.01595     0.20237   27.965302   92.641387   -0.033    0.261  1
RGI60-15.00778     0.20227   30.367906   95.572295   -0.432    0.248  1
RGI60-15.00390     0.20224   29.276541   97.664794   -0.776    0.252  1
RGI60-15.10137     0.20223   28.304790   86.460260   -0.630    0.241  1
RGI60-15.03725     0.20219   27.884951   86.561740   -0.125    0.251  1
RGI60-15.01926     0.20209   27.887207   92.324020   -0.403    0.223  1
RGI60-15.03708     0.20208   27.853695   87.874471   -0.251    0.470  1
RGI60-15.09497     0.20202   28.300561   85.941394   -0.613    0.312  1
RGI60-15.07351     0.20198   31.160772   78.894577    0.070    0.202  1
RGI60-15.12341     0.20192   28.826796   96.620567   -0.925    0.353  1
RGI60-15.07063     0.20191   30.261363   79.750592   -0.169    0.292  1
RGI60-15.01584     0.20180   27.905987   92.696687   -0.754    0.327  1
RGI60-15.06047     0.20152   30.133275   80.516152    0.100    0.282  1
RGI60-15.04130     0.20143   28.367992   85.073424  -10.907    3.251  1
RGI60-15.00305     0.20142   28.403202   97.534985   -0.543    0.246  1
RGI60-15.10623     0.20137   27.911783   87.712610   -0.980    0.337  1
RGI60-15.06203     0.20134   29.738073   81.564500   -0.410    0.251  1
RGI60-15.09730     0.20117   28.276681   86.398061   -0.127    0.281  1
RGI60-15.11631     0.20109   29.548548   96.908640   -1.154    0.338  1
RGI60-15.05266     0.20106   29.782353   82.366497   -0.587    0.353  1
RGI60-15.08318     0.20106   29.785367   97.213647   -0.881    0.301  1
RGI60-15.03385     0.20103   27.768899   87.060557   -0.521    0.277  1
RGI60-15.07724     0.20102   31.772407   99.310173   -0.439    0.436  1
RGI60-15.00715     0.20091   30.464261   95.428209   -0.701    0.293  1
RGI60-15.11694     0.20086   29.468490   96.975820   -0.696    0.245  1
RGI60-15.00522     0.20079   28.070044   97.378108    1.015    0.396  1
RGI60-15.06964     0.20075   30.882221   79.725528   -0.516    0.311  1
RGI60-15.12872     0.20067   29.046775   97.175650   -0.310    0.291  1
RGI60-15.00148     0.20065   29.977641   99.658280   -0.830    0.295  1
RGI60-15.04332     0.20065   28.950326   83.623062   -0.480    0.203  1
RGI60-15.00938     0.20048   30.527712   95.247959   -0.489    0.245  1
RGI60-15.11058     0.20047   30.367843   95.785471   -0.495    0.624  1
RGI60-15.10982     0.20045   28.777843   87.599559   -0.456    0.246  1
RGI60-15.10237     0.20041   28.348946   86.382362   -0.225    0.247  1
RGI60-15.01913     0.20041   27.894060   92.264436   -0.324    0.223  1
RGI60-15.00296     0.20037   28.338266   97.471546   -0.308    0.245  1
RGI60-15.12815     0.20024   29.488947   97.109219   -0.848    0.250  1
RGI60-15.02405     0.20022   28.024114   90.158121   -0.453    0.249  1
RGI60-15.07412     0.20021   31.186676   78.389045    0.217    0.284  1
RGI60-15.10053     0.20020   28.161218   86.929080   -0.883    0.322  1
RGI60-15.09682     0.20011   28.255088   86.312410   -1.318    0.346  1
RGI60-15.12606     0.20011   28.847871   96.800846   -0.611    0.305  1
RGI60-15.04349     0.20010   28.842425   84.322559   -0.692    0.249  1
RGI60-15.02967     0.19999   27.909317   88.684506   -0.423    0.283  1
RGI60-15.07250     0.19993   30.246492   80.149024   -0.486    0.399  1
RGI60-15.10799     0.19992   28.197688   90.531932   -0.253    0.200  1
RGI60-15.02058     0.19992   27.897168   91.603152   -0.904    0.345  1
RGI60-15.03555     0.19989   27.840833   86.433217   -0.459    0.210  1
RGI60-15.11607     0.19984   29.523605   96.864104   -0.634    0.279  1
RGI60-15.01564     0.19981   27.966898   92.716677    0.245    0.329  1
RGI60-15.06404     0.19970   30.014588   82.052982    0.125    0.236  1
RGI60-15.08964     0.19964   30.105404   81.111503    0.068    0.244  1
RGI60-15.04974     0.19955   29.252191   83.822770   -0.512    0.217  1
RGI60-15.04616     0.19954   29.019961   84.152366   -0.507    0.248  1
RGI60-15.06541     0.19952   30.197561   80.394205   -0.108    0.290  1
RGI60-15.03080     0.19950   27.800157   87.986092   -0.341    0.248  1
RGI60-15.04006     0.19949   28.246867   85.524343   -0.036    0.296  1
RGI60-15.11279     0.19944   29.875897   96.047271   -0.796    0.350  1
RGI60-15.05465     0.19944   29.358267   82.615622    0.165    0.247  1
RGI60-15.00587     0.19943   28.026200   98.487175   -0.842    0.316  1
RGI60-15.12545     0.19932   29.113220   96.589299    0.301    0.591  1
RGI60-15.12522     0.19930   29.353548   96.508757   -0.607    0.329  1
RGI60-15.03855     0.19927   27.985303   86.728617   -0.321    0.256  1
RGI60-15.10936     0.19925   28.042195   90.881721   -1.340    0.486  1
RGI60-15.08349     0.19923   29.851927   96.956578   -0.666    0.297  1
RGI60-15.08384     0.19919   29.774237   97.020379   -0.710    0.294  1
RGI60-15.06289     0.19907   29.833142   81.121549   -0.345    0.221  1
RGI60-15.08562     0.19905   29.867501   96.879140   -0.870    0.284  1
RGI60-15.11920     0.19903   29.425040   96.723039   -0.744    0.299  1
RGI60-15.11285     0.19901   29.841048   96.063400   -1.505    0.628  1
RGI60-15.12621     0.19900   28.880540   96.864966   -1.175    0.365  1
RGI60-15.11314     0.19899   29.933245   96.190020   -0.749    0.339  1
RGI60-15.02430     0.19896   27.896726   90.206252   -0.898    0.286  1
RGI60-15.12957     0.19889   29.195352   97.299814   -0.556    0.231  1
RGI60-15.01989     0.19876   27.721904   92.410826   -0.974    0.414  1
RGI60-15.00906     0.19876   30.231670   95.627251   -0.208    0.313  1
RGI60-15.07361     0.19875   31.281085   78.308218   -0.149    0.202  1
RGI60-15.00315     0.19866   28.462842   97.735604   -0.622    0.294  1
RGI60-15.01447     0.19863   28.669829   93.467890   -0.180    0.272  1
RGI60-15.09588     0.19859   28.354568   86.246405   -0.247    0.196  1
RGI60-15.12443     0.19858   29.304880   96.318926   -0.143    0.279  1
RGI60-15.04343     0.19856   28.468423   84.565962   -0.109    0.229  1
RGI60-15.00097     0.19834   30.537785   99.550940   -0.424    0.273  1
RGI60-15.06659     0.19834   30.486333   80.368143   -0.456    0.253  1
RGI60-15.07985     0.19828   30.586159  102.313236   -0.009    0.324  1
RGI60-15.01750     0.19824   28.141761   91.592068   -0.268    0.231  1
RGI60-15.06397     0.19821   30.147545   80.549107   -0.133    0.610  1
RGI60-15.05237     0.19819   29.650924   82.928557   -0.110    0.199  1
RGI60-15.07529     0.19812   31.037024   78.432683    0.218    0.242  1
RGI60-15.06804     0.19811   30.763488   79.621099   -0.035    0.209  1
RGI60-15.09178     0.19810   28.802046   84.895888   -0.742    0.431  1
RGI60-15.05274     0.19802   29.810095   82.286578   -0.544    0.295  1
RGI60-15.05310     0.19799   29.986165   82.398349   -0.267    0.287  1
RGI60-15.01888     0.19799   27.782941   92.257367   -0.781    0.279  1
RGI60-15.05735     0.19788   29.455908   82.577811   -1.091    0.345  1
RGI60-15.11484     0.19750   29.726385   96.449412   -0.526    0.248  1
RGI60-15.01768     0.19741   28.099243   91.485053   -0.263    0.220  1
RGI60-15.06279     0.19740   29.766179   81.517663   -0.101    0.254  1
RGI60-15.02720     0.19737   27.564690   88.051844   -0.797    0.274  1
RGI60-15.10609     0.19729   28.071197   87.620371   -0.309    0.230  1
RGI60-15.06430     0.19715   29.968428   82.060212   -0.947    0.300  1
RGI60-15.05917     0.19709   30.029996   81.326262   -0.842    0.259  1
RGI60-15.10493     0.19708   28.266858   87.600023   -1.023    0.346  1
RGI60-15.00545     0.19705   28.297948   97.417194   -0.548    0.249  1
RGI60-15.01521     0.19705   28.034023   92.544813   -0.115    0.211  1
RGI60-15.07935     0.19704   31.689003  102.590578    0.203    0.262  1
RGI60-15.08341     0.19699   29.811996   96.940584   -1.083    0.341  1
RGI60-15.02450     0.19692   27.884813   90.319720   -0.839    0.284  1
RGI60-15.06532     0.19687   30.426943   80.516913   -0.057    0.216  1
RGI60-15.09995     0.19678   28.099784   86.832081   -0.359    0.220  1
RGI60-15.00133     0.19674   29.977104   99.796893   -0.702    0.315  1
RGI60-15.01044     0.19670   30.066157   95.422048   -0.539    0.234  1
RGI60-15.10902     0.19669   28.090497   90.770219   -0.619    0.318  1
RGI60-15.11389     0.19668   29.898900   96.308028    0.276    0.562  1
RGI60-15.10187     0.19667   28.220703   86.663167   -0.205    0.169  1
RGI60-15.09767     0.19660   28.066424   86.465145   -0.918    0.274  1
RGI60-15.05435     0.19660   28.838029   82.641215    0.065    0.241  1
RGI60-15.02184     0.19653   28.057545   91.305741   -0.404    0.228  1
RGI60-15.07778     0.19652   29.200145  101.230453   -0.667    0.314  1
RGI60-15.09797     0.19640   28.149225   86.550496   -0.660    0.253  1
RGI60-15.00574     0.19636   28.188692   97.402151   -0.164    0.212  1
RGI60-15.02179     0.19634   28.016775   91.311746   -0.815    0.254  1
RGI60-15.07673     0.19622   28.204719  100.370733   -0.941    0.321  1
RGI60-15.08843     0.19620   30.803115   79.905398   -0.476    0.245  1
RGI60-15.03560     0.19618   27.903184   86.422848   -0.278    0.247  1
RGI60-15.05519     0.19613   29.211263   82.726135   -0.593    0.255  1
RGI60-15.05415     0.19605   29.230723   82.775228    0.048    0.246  1
RGI60-15.01943     0.19596   27.847776   92.361899   -0.666    0.255  1
RGI60-15.07627     0.19595   30.964793   78.783195   -0.151    0.222  1
RGI60-15.00071     0.19591   29.993788   99.603631   -0.850    0.278  1
RGI60-15.00470     0.19589   29.107280   97.865793   -0.852    0.255  1
RGI60-15.12060     0.19587   29.400297   95.889771   -0.573    0.876  1
RGI60-15.07291     0.19583   30.325059   80.002257    0.016    0.341  1
RGI60-15.12745     0.19571   28.903302   97.061311   -0.250    0.270  1
RGI60-15.06853     0.19565   30.936138   79.401800   -0.328    0.218  1
RGI60-15.07765     0.19559   29.232771  101.362516   -0.655    0.327  1
RGI60-15.04881     0.19554   28.884479   83.539512    0.108    0.212  1
RGI60-15.02985     0.19553   27.884528   88.622010   -0.886    0.345  1
RGI60-15.06917     0.19548   30.885303   79.052071   -0.284    0.242  1
RGI60-15.04887     0.19540   28.889691   83.475116   -1.062    0.281  1
RGI60-15.11892     0.19540   29.488283   96.541879   -0.688    0.280  1
RGI60-15.01291     0.19533   28.202132   92.745773    0.199    0.383  1
RGI60-15.07136     0.19531   30.854042   79.131453   -0.017    0.228  1
RGI60-15.03825     0.19528   27.681018   86.983853   -0.146    0.197  1
RGI60-15.06642     0.19523   30.627018   79.335492   -0.456    0.225  1
RGI60-15.06589     0.19522   30.258983   79.737693   -0.285    0.198  1
RGI60-15.04255     0.19521   28.154892   85.666310   -0.429    0.270  1
RGI60-15.09446     0.19517   28.391720   85.619648   -0.857    0.373  1
RGI60-15.04134     0.19514   28.549198   84.936773   -0.202    0.259  1
RGI60-15.05092     0.19513   28.838150   84.156115   -1.029    0.350  1
RGI60-15.11212     0.19510   30.135587   95.934275    0.161    1.075  1
RGI60-15.10978     0.19510   27.937975   88.895078   -0.488    0.214  1
RGI60-15.12274     0.19509   29.240097   96.264144    0.222    0.254  1
RGI60-15.06718     0.19508   30.520473   80.052322    0.254    0.459  1
RGI60-15.10224     0.19500   28.330724   86.312263   -0.319    0.248  1
RGI60-15.03628     0.19494   27.778396   87.667819   -0.397    0.265  1
RGI60-15.07029     0.19487   30.377060   79.709711    0.167    0.246  1
RGI60-15.04879     0.19486   28.863738   83.546517   -0.246    0.179  1
RGI60-15.06221     0.19485   29.671308   81.483889   -0.645    0.236  1
RGI60-15.02155     0.19484   28.046166   91.373061   -0.277    0.243  1
RGI60-15.02542     0.19483   27.960269   90.594138   -0.760    0.274  1
RGI60-15.01331     0.19469   28.110697   92.932277   -1.139    0.406  1
RGI60-15.07890     0.19465   29.590363  101.932040   -0.478    0.293  1
RGI60-15.07377     0.19462   31.111666   78.476948    0.399    0.410  1
RGI60-15.03686     0.19450   27.825383   87.791918   -0.491    0.267  1
RGI60-15.04393     0.19446   28.850165   83.610649   -0.163    0.206  1
RGI60-15.01527     0.19439   28.053716   92.526317   -0.802    0.289  1
RGI60-15.03398     0.19430   27.731168   86.989430   -0.307    0.281  1
RGI60-15.09372     0.19425   28.589042   85.458656   -0.297    0.227  1
RGI60-15.09412     0.19422   28.462940   85.545464   -0.138    0.283  1
RGI60-15.11714     0.19412   29.691434   97.011290   -0.715    0.284  1
RGI60-15.02408     0.19406   28.028560   90.200760   -0.794    0.276  1
RGI60-15.08899     0.19400   30.425638   80.683516   -0.661    0.241  1
RGI60-15.00419     0.19388   28.647975   98.218681   -1.022    0.385  1
RGI60-15.05673     0.19380   29.704196   82.308919   -1.361    0.415  1
RGI60-15.00901     0.19379   30.222062   95.603714   -0.301    0.247  1
RGI60-15.05970     0.19367   30.166899   80.932180   -0.794    0.299  1
RGI60-15.11720     0.19363   29.657627   97.029574   -1.147    0.347  1
RGI60-15.02708     0.19363   27.640337   88.087942   -0.404    0.246  1
RGI60-15.00992     0.19354   30.431577   95.212447   -0.437    0.287  1
RGI60-15.04399     0.19348   28.943173   83.719468   -0.469    0.226  1
RGI60-15.01645     0.19337   28.417550   91.197326   -0.664    0.300  1
RGI60-15.06578     0.19333   30.362236   79.695615   -0.180    0.211  1
RGI60-15.06152     0.19316   29.879166   82.111411   -1.170    0.347  1
RGI60-15.03917     0.19314   27.854516   86.864393   -0.184    0.213  1
RGI60-15.08613     0.19313   29.921052   97.005445   -0.988    0.286  1
RGI60-15.13058     0.19301   28.951486   97.499247   -0.368    0.235  1
RGI60-15.07444     0.19294   31.116837   78.547067   -0.179    0.250  1
RGI60-15.03817     0.19293   27.701231   86.786573   -1.152    0.349  1
RGI60-15.06256     0.19289   29.812657   81.533990   -0.211    0.246  1
RGI60-15.01275     0.19289   29.429680   94.988557   -0.176    0.370  1
RGI60-15.00942     0.19282   30.540220   95.250048   -0.434    0.236  1
RGI60-15.01748     0.19281   28.147242   91.583514   -0.897    0.360  1
RGI60-15.11548     0.19280   29.671326   96.622523   -0.489    0.322  1
RGI60-15.06827     0.19272   30.878760   79.549991   -0.432    0.225  1
RGI60-15.08856     0.19271   30.661192   80.020971   -0.303    0.811  1
RGI60-15.03445     0.19266   27.853322   86.516868   -0.303    0.273  1
RGI60-15.02368     0.19258   28.123969   90.192848   -0.590    0.255  1
RGI60-15.06855     0.19245   30.946895   79.344513   -0.500    0.232  1
RGI60-15.03063     0.19223   27.708783   88.802168   -0.038    0.286  1
RGI60-15.00680     0.19221   30.495345   95.361850   -0.584    0.289  1
RGI60-15.07212     0.19215   30.612609   79.457014   -0.851    0.273  1
RGI60-15.03183     0.19215   27.970162   88.491621   -0.402    0.208  1
RGI60-15.07019     0.19213   30.488720   79.847959   -0.119    0.257  1
RGI60-15.05873     0.19211   30.303256   80.453408    0.124    0.323  1
RGI60-15.03760     0.19204   27.785293   86.417229   -1.215    0.319  1
RGI60-15.03565     0.19204   27.924855   86.382548   -0.508    0.273  1
RGI60-15.11840     0.19201   29.662288   96.138999   -0.222    0.704  1
RGI60-15.06577     0.19199   30.355547   79.691826   -0.440    0.218  1
RGI60-15.12244     0.19196   29.427969   96.052703   -0.415    0.321  1
RGI60-15.05829     0.19194   30.094838   81.835878   -0.591    0.271  1
RGI60-15.11997     0.19193   29.602111   95.665380   -0.626    0.371  1
RGI60-15.12997     0.19193   29.461371   97.335695   -1.166    0.412  1
RGI60-15.01460     0.19192   28.470953   92.767392   -0.286    0.242  1
RGI60-15.01400     0.19183   28.127843   92.874735   -0.376    0.269  1
RGI60-15.02314     0.19181   28.092703   89.877805   -0.672    0.280  1
RGI60-15.12712     0.19180   29.045984   97.029262   -0.911    0.336  1
RGI60-15.05709     0.19179   29.110273   83.002931   -0.693    0.277  1
RGI60-15.01301     0.19179   28.638267   93.216479   -0.685    0.291  1
RGI60-15.08612     0.19178   29.912209   97.004079   -0.625    0.235  1
RGI60-15.05865     0.19177   30.409925   80.658467   -0.460    0.250  1
RGI60-15.10069     0.19168   28.184456   86.955449   -0.883    0.308  1
RGI60-15.00892     0.19153   30.191128   95.517298   -0.326    0.276  1
RGI60-15.05233     0.19149   29.679796   82.870171   -0.201    0.221  1
RGI60-15.08390     0.19145   29.925551   97.030429   -0.436    0.234  1
RGI60-15.01741     0.19139   28.131998   91.497040   -0.170    0.219  1
RGI60-15.13072     0.19133   29.061167   97.553127   -0.803    0.245  1
RGI60-15.03515     0.19131   27.778038   86.570835   -0.271    0.368  1
RGI60-15.00160     0.19128   29.840721   99.558146   -0.804    0.348  1
RGI60-15.10257     0.19123   28.389736   85.773006   -0.192    0.252  1
RGI60-15.08076     0.19123   29.228537   98.467828   -0.557    0.327  1
RGI60-15.11109     0.19122   30.108905   95.841445   -0.242    0.351  1
RGI60-15.08408     0.19114   29.915493   97.045583   -1.095    0.406  1
RGI60-15.01842     0.19111   27.992241   92.291319   -0.770    0.296  1
RGI60-15.09894     0.19103   27.920353   87.187330    1.235    0.440  1
RGI60-15.09680     0.19086   28.208864   86.309989   -0.430    0.228  1
RGI60-15.03952     0.19083   28.046436   86.663634   -0.782    0.276  1
RGI60-15.02138     0.19082   28.123268   91.260544   -0.758    0.301  1
RGI60-15.11810     0.19080   29.686646   95.971155   -1.660    0.505  1
RGI60-15.02688     0.19074   27.923815   90.233525   -0.598    0.255  1
RGI60-15.03055     0.19067   27.876466   88.862902   -0.239    0.221  1
RGI60-15.08343     0.19066   29.744959   96.939526   -0.840    0.279  1
RGI60-15.02090     0.19056   27.999773   91.532206    0.160    0.262  1
RGI60-15.06838     0.19055   30.981427   79.482829   -0.498    0.202  1
RGI60-15.10979     0.19050   28.585099   88.701993    0.097    0.225  1
RGI60-15.08414     0.19046   29.906973   97.052705   -0.953    0.310  1
RGI60-15.01000     0.19040   30.360639   95.229345   -0.554    0.298  1
RGI60-15.00060     0.19034   30.606413   99.471786   -0.885    0.291  1
RGI60-15.03110     0.19020   27.761172   87.924924   -0.100    0.323  1
RGI60-15.11684     0.19019   29.536030   96.968641   -0.973    0.315  1
RGI60-15.01541     0.19006   28.092327   92.628992   -0.221    0.249  1
RGI60-15.09930     0.19005   28.166834   86.734121   -0.584    0.282  1
RGI60-15.10068     0.19003   28.157636   86.954972   -0.179    0.196  1
RGI60-15.09138     0.19002   28.846622   84.690794   -0.392    0.230  1
RGI60-15.05275     0.18995   29.801521   82.259961   -0.480    0.309  1
RGI60-15.06781     0.18995   30.621222   79.687632   -0.293    0.214  1
RGI60-15.06708     0.18992   30.624600   79.949707    0.467    0.407  1
RGI60-15.07261     0.18985   30.241873   79.954940    0.219    0.464  1
RGI60-15.04547     0.18969   28.706503   84.133451   -0.363    0.223  1
RGI60-15.08338     0.18967   29.735017   96.937431   -0.728    0.270  1
RGI60-15.09090     0.18957   30.273062   81.383982   -0.203    0.235  1
RGI60-15.03452     0.18937   27.893299   86.693819   -0.585    0.287  1
RGI60-15.08442     0.18937   29.699986   97.097387   -0.816    0.315  1
RGI60-15.09294     0.18935   28.342821   85.241086   -0.586    0.259  1
RGI60-15.02676     0.18932   27.793687   89.554052    0.747    0.630  1
RGI60-15.12720     0.18917   29.105001   97.037214   -0.374    0.268  1
RGI60-15.07214     0.18903   30.634162   79.468461   -0.604    0.258  1
RGI60-15.05333     0.18902   29.813589   82.440476   -0.407    0.346  1
RGI60-15.03596     0.18892   27.661086   86.861873   -0.773    0.299  1
RGI60-15.09998     0.18881   28.109340   86.835103   -0.256    0.213  1
RGI60-15.04380     0.18871   29.137526   83.746843   -0.639    0.221  1
RGI60-15.07427     0.18866   31.130187   78.665972   -0.262    0.301  1
RGI60-15.10414     0.18865   27.920758   88.072461   -0.040    0.254  1
RGI60-15.02907     0.18842   27.909212   88.152431   -0.741    0.242  1
RGI60-15.10384     0.18840   27.945561   88.028701   -0.397    0.264  1
RGI60-15.04030     0.18839   28.570339   84.942478   -0.223    0.489  1
RGI60-15.01278     0.18825   29.356699   94.893237   -0.746    0.354  1
RGI60-15.02199     0.18813   28.057814   91.422361   -0.176    0.264  1
RGI60-15.00811     0.18811   30.321891   95.684813   -0.597    0.329  1
RGI60-15.02009     0.18808   27.897717   92.432185   -0.219    0.225  1
RGI60-15.08217     0.18804   29.545616   97.157202   -0.051    0.242  1
RGI60-15.09200     0.18797   28.769470   85.039742   -0.328    0.235  1
RGI60-15.04468     0.18791   28.853033   84.183186   -0.407    0.313  1
RGI60-15.10576     0.18786   28.024228   87.599351   -0.434    0.330  1
RGI60-15.08686     0.18781   31.185064   78.967678   -0.301    0.217  1
RGI60-15.10691     0.18777   27.821537   88.884368   -0.660    0.225  1
RGI60-15.09391     0.18771   28.458555   85.508381   -0.248    0.397  1
RGI60-15.11503     0.18766   29.725867   96.496542   -0.748    0.313  1
RGI60-15.07639     0.18764   27.139052  100.160515   -1.517    0.541  1
RGI60-15.00663     0.18763   30.444287   95.585045   -0.803    0.295  1
RGI60-15.12592     0.18762   29.102218   96.702543   -1.121    0.378  1
RGI60-15.00597     0.18751   28.292633   97.411558   -0.458    0.221  1
RGI60-15.08362     0.18751   29.906698   96.991468   -0.650    0.250  1
RGI60-15.11223     0.18744   30.222332   95.942739   -0.078    0.316  1
RGI60-15.10171     0.18743   28.183924   86.632796   -0.195    0.204  1
RGI60-15.00662     0.18740   30.448110   95.583719   -0.633    0.237  1
RGI60-15.03178     0.18739   27.922933   88.791202   -0.168    0.209  1
RGI60-15.11159     0.18728   30.261077   95.885178   -0.902    0.638  1
RGI60-15.07198     0.18728   30.765256   79.347471   -0.254    0.282  1
RGI60-15.09841     0.18727   28.148291   87.081628   -0.438    0.286  1
RGI60-15.12854     0.18727   29.434742   97.161638   -1.015    0.294  1
RGI60-15.02569     0.18724   28.017756   90.593456   -0.455    0.256  1
RGI60-15.02761     0.18716   27.668661   88.073774   -0.164    0.288  1
RGI60-15.00934     0.18707   30.596162   95.247092   -0.138    0.313  1
RGI60-15.07200     0.18698   30.773116   79.349540    0.077    0.208  1
RGI60-15.00599     0.18697   29.079516   96.122214   -0.307    0.279  1
RGI60-15.09099     0.18688   30.278256   81.394242    0.444    0.307  1
RGI60-15.07401     0.18687   31.182340   78.523379    0.177    0.297  1
RGI60-15.03185     0.18684   27.925830   88.464705   -0.744    0.275  1
RGI60-15.01327     0.18678   28.138248   92.879414   -0.452    0.286  1
RGI60-15.10800     0.18672   28.083669   90.532352   -0.012    0.240  1
RGI60-15.04906     0.18670   28.934646   83.446279   -0.830    0.266  1
RGI60-15.02442     0.18666   27.819128   90.316490   -0.973    0.286  1
RGI60-15.11445     0.18657   29.811056   96.398716   -0.436    0.259  1
RGI60-15.11096     0.18653   30.109838   95.830533   -0.774    0.471  1
RGI60-15.05828     0.18652   30.092554   81.827301   -0.464    0.247  1
RGI60-15.02925     0.18648   27.932280   88.652978   -0.549    0.252  1
RGI60-15.03352     0.18630   27.867388   88.725114   -0.597    0.233  1
RGI60-15.07713     0.18630   31.834257   99.059192   -0.930    0.278  1
RGI60-15.11613     0.18629   29.616431   96.868985   -0.682    0.247  1
RGI60-15.10050     0.18622   28.154146   86.919007   -0.347    0.212  1
RGI60-15.03898     0.18614   27.982387   86.732976   -0.721    0.292  1
RGI60-15.04911     0.18613   28.975896   83.385326   -0.014    0.232  1
RGI60-15.01729     0.18611   28.237029   91.494003   -0.550    0.227  1
RGI60-15.03804     0.18607   27.789596   86.854094   -0.565    0.211  1
RGI60-15.11082     0.18602   30.012912   95.822071   -0.957    0.403  1
RGI60-15.01216     0.18602   29.949491   95.260385   -0.174    0.252  1
RGI60-15.01978     0.18599   27.750144   92.423574   -1.107    0.348  1
RGI60-15.01194     0.18595   29.786935   95.435336   -0.051    0.261  1
RGI60-15.06820     0.18589   30.824353   79.644645   -0.622    0.226  1
RGI60-15.03756     0.18583   27.681201   86.789972   -1.038    0.324  1
RGI60-15.10922     0.18579   28.097485   90.849252   -0.197    0.257  1
RGI60-15.06849     0.18577   31.004024   79.407978   -0.947    0.265  1
RGI60-15.03797     0.18572   27.808814   86.918128   -1.289    0.343  1
RGI60-15.00976     0.18571   30.488882   95.266513    0.167    0.303  1
RGI60-15.11413     0.18567   29.770360   96.337427   -0.916    0.503  1
RGI60-15.07693     0.18567   31.631058   99.610385   -0.937    0.326  1
RGI60-15.07722     0.18562   31.730404   99.224031   -0.398    0.288  1
RGI60-15.01204     0.18558   29.861252   95.471040   -0.216    0.257  1
RGI60-15.06227     0.18558   29.679951   81.505749   -0.333    0.242  1
RGI60-15.02711     0.18550   27.620280   87.997595   -0.152    0.432  1
RGI60-15.06901     0.18550   30.877937   78.989573   -0.238    0.251  1
RGI60-15.05288     0.18543   29.870833   82.327639   -0.451    0.334  1
RGI60-15.11582     0.18536   29.563485   96.680266   -0.601    0.308  1
RGI60-15.01661     0.18536   28.362249   91.103307   -0.053    0.202  1
RGI60-15.11027     0.18509   29.935246   95.714683   -0.341    0.446  1
RGI60-15.06744     0.18490   30.211063   80.033959   -0.272    0.497  1
RGI60-15.00474     0.18488   28.768837   97.740390   -0.181    0.256  1
RGI60-15.10320     0.18481   28.223910   87.629511   -0.507    0.280  1
RGI60-15.03164     0.18477   27.659150   87.982391   -0.946    0.362  1
RGI60-15.03998     0.18476   28.152113   85.579113   -0.518    0.249  1
RGI60-15.05934     0.18472   30.034398   81.072094   -0.099    0.247  1
RGI60-15.12137     0.18470   29.360988   95.994159   -0.174    0.587  1
RGI60-15.02735     0.18469   27.580595   88.224958    0.047    0.272  1
RGI60-15.04186     0.18466   28.262870   85.211698   -0.437    0.276  1
RGI60-15.07183     0.18460   30.809895   79.389554   -0.388    0.235  1
RGI60-15.03552     0.18448   27.826598   86.411745   -0.383    0.236  1
RGI60-15.09608     0.18445   28.121768   86.106304   -0.575    0.237  1
RGI60-15.07479     0.18443   31.107316   78.775916    0.189    0.233  1
RGI60-15.00514     0.18440   28.500089   98.594952   -1.022    0.336  1
RGI60-15.01388     0.18435   28.655386   93.097612   -0.080    0.221  1
RGI60-15.07370     0.18435   31.313663   78.294642   -0.110    0.208  1
RGI60-15.07334     0.18434   31.218749   78.866098   -0.463    0.215  1
RGI60-15.00711     0.18433   30.413382   95.418840   -0.882    0.318  1
RGI60-15.02094     0.18428   27.984743   91.520357    0.096    0.435  1
RGI60-15.12231     0.18421   28.956583   96.440271    0.109    0.285  1
RGI60-15.08862     0.18414   30.621804   80.045310    0.292    0.480  1
RGI60-15.02278     0.18411   28.022415   89.862513   -0.584    0.239  1
RGI60-15.05267     0.18409   29.786684   82.347299   -0.094    0.298  1
RGI60-15.03753     0.18386   27.706328   87.624705   -1.076    0.313  1
RGI60-15.00408     0.18383   28.614865   98.148331   -0.607    0.283  1
RGI60-15.02484     0.18382   27.934303   90.383196   -1.183    0.347  1
RGI60-15.07970     0.18375   31.195964  102.878590   -0.725    0.296  1
RGI60-15.12935     0.18372   28.935445   97.285067   -0.770    0.333  1
RGI60-15.03005     0.18364   27.733093   88.373561   -0.620    0.279  1
RGI60-15.02407     0.18362   28.012849   90.175386   -0.793    0.258  1
RGI60-15.06071     0.18360   30.280134   81.465595   -0.310    0.264  1
RGI60-15.08530     0.18355   29.883621   96.818954   -0.583    0.303  1
RGI60-15.13019     0.18351   28.937471   97.353442   -0.045    0.279  1
RGI60-15.10125     0.18351   28.261945   86.670060   -0.211    0.190  1
RGI60-15.08025     0.18346   31.451477  102.867361    0.183    0.254  1
RGI60-15.10747     0.18346   28.156882   90.456169   -0.141    0.219  1
RGI60-15.01028     0.18339   30.237374   95.254749    0.096    0.361  1
RGI60-15.07966     0.18331   31.123413  102.814891   -0.558    0.340  1
RGI60-15.06902     0.18330   30.870781   79.059353   -0.055    0.222  1
RGI60-15.12750     0.18326   28.900515   97.067077   -0.634    0.310  1
RGI60-15.07561     0.18286   31.018296   78.621462    0.160    0.300  1
RGI60-15.06647     0.18263   30.594765   79.314422   -0.474    0.227  1
RGI60-15.05988     0.18262   29.981538   80.855829   -0.021    0.291  1
RGI60-15.04002     0.18260   28.129346   85.638128   -0.835    0.311  1
RGI60-15.04295     0.18250   28.124779   85.814566   -0.319    0.286  1
RGI60-15.03320     0.18250   27.889009   88.766158   -0.498    0.225  1
RGI60-15.02965     0.18248   27.913937   88.680358   -0.255    0.259  1
RGI60-15.02730     0.18247   27.594276   88.090407    0.125    0.300  1
RGI60-15.04466     0.18243   28.852974   84.168566   -0.117    0.211  1
RGI60-15.02632     0.18236   27.778585   89.242799   -0.528    0.248  1
RGI60-15.12129     0.18229   29.274645   95.983235    0.906    0.431  1
RGI60-15.05739     0.18227   29.423022   82.506698   -0.872    0.346  1
RGI60-15.06257     0.18226   29.819269   81.461364   -0.491    0.245  1
RGI60-15.01466     0.18217   28.466861   92.795215   -0.506    0.274  1
RGI60-15.01043     0.18216   30.072264   95.408903   -0.566    0.223  1
RGI60-15.12782     0.18212   29.392546   97.084677   -0.777    0.292  1
RGI60-15.01368     0.18212   28.207009   92.807979   -0.514    0.350  1
RGI60-15.03716     0.18211   27.754492   86.551317   -0.134    0.224  1
RGI60-15.06449     0.18202   30.011184   82.203759   -0.690    0.260  1
RGI60-15.06395     0.18176   30.230702   80.461338    0.475    0.334  1
RGI60-15.02259     0.18175   28.222810   89.835813   -0.310    0.239  1
RGI60-15.07744     0.18170   31.081712  101.269019    0.687    0.289  1
RGI60-15.11721     0.18170   29.661095   97.039952   -0.784    0.295  1
RGI60-15.01373     0.18167   28.753026   93.345426   -0.529    0.256  1
RGI60-15.08792     0.18164   31.173103   79.305022   -0.242    0.202  1
RGI60-15.05392     0.18160   29.433959   82.446960   -0.788    0.293  1
RGI60-15.02119     0.18135   27.980074   91.261654    0.701    0.317  1
RGI60-15.02022     0.18131   27.884141   91.267225    0.160    0.226  1
RGI60-15.12197     0.18119   29.142305   96.293293   -0.943    0.318  1
RGI60-15.09713     0.18104   28.166534   86.340051   -0.513    0.273  1
RGI60-15.10685     0.18103   27.745372   88.867930   -0.337    0.272  1
RGI60-15.01252     0.18081   30.026894   95.487977   -0.569    0.316  1
RGI60-15.05768     0.18077   30.199516   81.571467   -0.560    0.234  1
RGI60-15.01976     0.18075   27.754313   92.431742   -0.619    0.248  1
RGI60-15.02880     0.18072   27.847523   87.984209   -0.371    0.240  1
RGI60-15.00159     0.18069   29.949237   99.571552   -0.441    0.289  1
RGI60-15.04327     0.18062   29.011418   83.610039   -0.659    0.250  1
RGI60-15.03430     0.18051   27.904782   86.509364   -0.420    0.252  1
RGI60-15.10078     0.18050   28.050436   86.965768   -0.088    0.209  1
RGI60-15.10877     0.18047   28.098057   90.670266   -0.276    0.252  1
RGI60-15.05744     0.18044   29.345883   82.835623   -0.118    0.298  1
RGI60-15.07338     0.18043   31.195123   78.831420   -0.201    0.226  1
RGI60-15.01783     0.18042   28.049076   91.858903   -0.656    0.265  1
RGI60-15.02552     0.18036   27.914342   90.779709   -0.426    0.282  1
RGI60-15.09003     0.18032   30.378176   81.286111   -0.183    0.198  1
RGI60-15.08175     0.18031   29.580846   97.082886   -0.072    0.224  1
RGI60-15.06634     0.18028   30.658840   79.300202   -0.533    0.219  1
RGI60-15.00912     0.18027   30.597178   95.119553   -0.536    0.283  1
RGI60-15.04104     0.18026   28.519358   84.658976    0.008    0.373  1
RGI60-15.05793     0.18024   29.929696   81.258345   -0.264    0.262  1
RGI60-15.04057     0.18017   28.590985   85.032869   -0.323    0.256  1
RGI60-15.11433     0.18016   29.924466   96.366633   -0.830    0.341  1
RGI60-15.06565     0.18011   30.295455   80.342939   -0.219    0.280  1
RGI60-15.02547     0.18011   27.923707   90.752281   -0.404    0.252  1
RGI60-15.02757     0.18006   27.518933   88.245868   -0.558    0.338  1
RGI60-15.11311     0.18002   29.748493   96.181329   -0.850    0.468  1
RGI60-15.04666     0.17996   28.937244   84.091890   -0.187    0.243  1
RGI60-15.08982     0.17993   30.443323   81.233285   -0.197    0.206  1
RGI60-15.09220     0.17992   28.757470   85.134551   -0.249    0.282  1
RGI60-15.08126     0.17990   29.104569   97.604923   -0.904    0.279  1
RGI60-15.03248     0.17990   27.948858   88.477338   -0.227    0.253  1
RGI60-15.11876     0.17980   29.476659   96.383912   -0.558    0.257  1
RGI60-15.05954     0.17979   29.813783   81.084769   -0.009    0.226  1
RGI60-15.08187     0.17973   29.593432   97.105133   -1.010    0.306  1
RGI60-15.01144     0.17961   29.621925   95.180647    3.865    1.774  1
RGI60-15.08395     0.17955   29.782121   97.035307   -1.018    0.431  1
RGI60-15.02643     0.17955   28.127965   90.092288   -0.472    0.268  1
RGI60-15.05304     0.17952   30.011061   82.322587   -0.674    0.285  1
RGI60-15.04620     0.17951   28.793344   84.362614   -0.215    0.247  1
RGI60-15.00896     0.17950   30.206329   95.510060   -0.605    0.337  1
RGI60-15.01370     0.17942   28.743924   93.206794   -0.822    0.294  1
RGI60-15.07897     0.17941   29.594081  101.954276   -0.280    0.343  1
RGI60-15.06966     0.17939   30.948536   79.654626   -0.182    0.245  1
RGI60-15.05654     0.17936   29.699598   82.302357   -0.609    0.325  1
RGI60-15.09037     0.17932   30.251388   81.340212   -0.394    0.285  1
RGI60-15.08152     0.17929   28.924937   97.678073   -0.400    0.275  1
RGI60-15.02519     0.17923   27.902953   90.567506   -1.022    0.366  1
RGI60-15.07088     0.17910   30.345705   79.717593   -0.561    0.324  1
RGI60-15.04065     0.17909   28.358633   84.777639   -0.900    0.274  1
RGI60-15.01076     0.17904   30.157644   95.125796    0.065    0.312  1
RGI60-15.09703     0.17904   28.103282   86.277131   -0.827    0.306  1
RGI60-15.01376     0.17897   28.568523   93.254390   -0.913    0.329  1
RGI60-15.01678     0.17893   28.356771   91.210701    0.044    0.200  1
RGI60-15.08557     0.17886   29.787454   96.871587   -0.904    0.298  1
RGI60-15.06516     0.17881   29.975894   81.121417   -0.074    0.193  1
RGI60-15.05794     0.17878   29.915438   81.265503   -0.285    0.234  1
RGI60-15.03453     0.17876   27.890679   86.668005   -0.626    0.319  1
RGI60-15.06897     0.17867   30.829807   79.415212   -0.200    0.190  1
RGI60-15.03654     0.17867   27.672904   87.614531   -0.898    0.326  1
RGI60-15.04128     0.17858   28.393736   85.028914   -0.343    0.310  1
RGI60-15.08228     0.17855   29.686554   97.176657   -1.064    0.315  1
RGI60-15.05036     0.17854   28.821345   83.244687   -0.473    0.217  1
RGI60-15.10662     0.17853   27.983111   87.806763   -0.657    0.251  1
RGI60-15.04311     0.17853   28.177877   85.691674   -0.356    0.231  1
RGI60-15.10253     0.17843   28.394806   86.488437   -1.027    0.332  1
RGI60-15.03342     0.17829   27.815735   87.904870   -0.418    0.247  1
RGI60-15.04083     0.17823   28.547009   85.045673   -0.182    0.285  1
RGI60-15.01116     0.17818   30.655993   95.269699   -0.830    0.325  1
RGI60-15.03374     0.17799   27.842998   87.058279   -0.215    0.286  1
RGI60-15.05001     0.17798   29.064891   83.581200   -1.015    0.357  1
RGI60-15.08620     0.17792   30.114384   96.212668   -0.578    0.341  1
RGI60-15.05118     0.17791   28.720342   84.317833    0.068    0.228  1
RGI60-15.02961     0.17790   27.882959   88.683988   -0.835    0.263  1
RGI60-15.12858     0.17787   29.035610   97.162537   -0.789    0.367  1
RGI60-15.00190     0.17787   30.378802   99.586770   -0.479    0.270  1
RGI60-15.02149     0.17779   28.027233   91.293560    0.082    0.426  1
RGI60-15.00962     0.17779   30.496220   95.178692   -0.033    0.284  1
RGI60-15.12182     0.17777   29.205685   96.226217   -0.644    0.485  1
RGI60-15.04997     0.17770   29.080627   83.623822   -0.752    0.278  1
RGI60-15.01838     0.17762   28.298527   91.080539   -0.293    0.343  1
RGI60-15.08086     0.17761   29.361927   98.319696   -1.346    0.370  1
RGI60-15.06785     0.17760   30.642548   79.666413   -0.388    0.216  1
RGI60-15.04561     0.17751   28.503077   83.963716    0.537    0.378  1
RGI60-15.07232     0.17742   30.823867   79.295922   -0.323    0.205  1
RGI60-15.04136     0.17739   28.554152   84.955690    2.393    2.019  1
RGI60-15.03263     0.17730   27.858642   88.664293   -0.581    0.246  1
RGI60-15.00760     0.17728   30.410699   95.617036   -0.264    0.231  1
RGI60-15.02666     0.17726   27.871100   89.391263   -1.147    0.339  1
RGI60-15.02972     0.17721   27.890780   88.684390   -0.328    0.216  1
RGI60-15.08347     0.17718   29.760559   96.950059   -1.299    0.374  1
RGI60-15.07876     0.17718   29.731772  101.882843   -0.235    0.356  1
RGI60-15.09261     0.17716   28.646782   85.158537   -0.517    0.260  1
RGI60-15.08376     0.17708   29.768632   97.016865   -0.552    0.281  1
RGI60-15.08083     0.17704   29.161661   98.486859   -0.911    0.350  1
RGI60-15.11912     0.17700   29.398282   96.692968   -0.802    0.303  1
RGI60-15.00430     0.17690   28.698491   98.111799   -0.803    0.423  1
RGI60-15.05667     0.17683   29.710196   82.368723   -0.611    0.292  1
RGI60-15.03519     0.17680   27.774340   86.555915   -0.083    0.228  1
RGI60-15.09206     0.17676   28.769725   85.066403   -0.568    0.305  1
RGI60-15.03603     0.17674   27.671148   86.865608   -0.173    0.243  1
RGI60-15.02175     0.17667   27.990384   91.323469   -0.645    0.248  1
RGI60-15.00664     0.17667   30.461805   95.551793   -0.837    0.308  1
RGI60-15.00427     0.17663   28.691513   98.123090   -0.180    0.282  1
RGI60-15.12721     0.17660   29.086639   97.037431   -0.813    0.342  1
RGI60-15.08382     0.17656   29.730452   97.020327   -0.965    0.303  1
RGI60-15.02076     0.17639   27.969691   91.511643   -0.768    0.331  1
RGI60-15.03067     0.17638   27.853168   88.015911   -0.539    0.283  1
RGI60-15.12668     0.17635   29.473195   96.988987   -0.644    0.312  1
RGI60-15.10780     0.17633   28.097034   90.502073   -0.246    0.184  1
RGI60-15.05068     0.17632   28.996500   83.744067   -0.812    0.303  1
RGI60-15.09392     0.17631   28.382485   85.510078   -0.771    0.358  1
RGI60-15.05099     0.17625   28.839746   83.074225   -0.260    0.231  1
RGI60-15.08757     0.17623   31.061949   79.203627   -0.144    0.273  1
RGI60-15.10148     0.17617   28.129678   86.601343   -0.224    0.259  1
RGI60-15.12250     0.17616   29.351534   96.122483    0.170    0.329  1
RGI60-15.07696     0.17613   31.633773   99.630518   -1.129    0.325  1
RGI60-15.07219     0.17605   30.763289   79.035629   -0.513    0.264  1
RGI60-15.03413     0.17604   27.951937   86.848051   -0.243    0.230  1
RGI60-15.06818     0.17604   30.892193   79.656871   -0.493    0.225  1
RGI60-15.12507     0.17602   29.243120   96.478131    0.572    0.346  1
RGI60-15.08740     0.17591   31.185685   79.151969   -0.787    0.299  1
RGI60-15.02687     0.17591   27.926786   90.227706   -0.538    0.233  1
RGI60-15.07438     0.17583   31.134582   78.581333   -0.346    0.324  1
RGI60-15.01255     0.17578   30.016368   95.408268   -0.537    0.300  1
RGI60-15.01436     0.17577   28.295009   93.016483    0.203    0.437  1
RGI60-15.00631     0.17575   30.637838   95.219461   -0.476    0.248  1
RGI60-15.07294     0.17574   30.750496   79.617446   -0.508    0.248  1
RGI60-15.05900     0.17567   29.846003   81.413388    0.038    0.510  1
RGI60-15.11916     0.17565   29.408062   96.707211   -1.253    0.415  1
RGI60-15.08554     0.17561   29.889796   96.866112   -1.204    0.368  1
RGI60-15.01209     0.17555   29.930018   95.295635   -0.070    0.319  1
RGI60-15.07675     0.17555   28.393091  100.345529   -0.908    0.378  1
RGI60-15.08922     0.17555   30.350744   80.867172   -0.646    0.258  1
RGI60-15.12714     0.17554   29.103146   97.031079   -0.511    0.259  1
RGI60-15.11181     0.17540   30.165221   95.907557   -0.474    0.313  1
RGI60-15.09628     0.17527   28.219809   86.163183    0.028    0.219  1
RGI60-15.06929     0.17522   30.933423   79.178487   -0.045    0.253  1
RGI60-15.06353     0.17520   30.238717   80.658231    0.166    0.358  1
RGI60-15.01446     0.17517   28.657432   93.487997   -0.194    0.232  1
RGI60-15.08319     0.17515   29.784144   97.220956   -0.603    0.251  1
RGI60-15.10916     0.17505   28.065640   90.832968   -0.172    0.263  1
RGI60-15.12690     0.17496   29.360914   97.003415   -0.694    0.313  1
RGI60-15.04329     0.17485   29.012522   83.615955   -0.306    0.214  1
RGI60-15.08003     0.17483   31.293031  103.024242   -0.712    0.319  1
RGI60-15.11186     0.17481   30.186127   95.916203   -0.128    0.307  1
RGI60-15.07171     0.17468   30.863263   79.713314    0.039    0.312  1
RGI60-15.00084     0.17466   29.925099   99.516696   -1.068    0.349  1
RGI60-15.10549     0.17463   28.163848   87.496741   -0.618    0.289  1
RGI60-15.05777     0.17455   30.157612   81.655949   -0.557    0.247  1
RGI60-15.11443     0.17455   29.667188   96.396914   -1.071    0.421  1
RGI60-15.10835     0.17455   28.093858   90.579293   -0.581    0.273  1
RGI60-15.07055     0.17452   30.585979   79.952616   -0.300    0.330  1
RGI60-15.01722     0.17451   28.227250   91.333495   -0.149    0.220  1
RGI60-15.06767     0.17449   30.442117   80.013060    0.729    0.368  1
RGI60-15.02903     0.17439   27.871669   87.885766   -0.087    0.262  1
RGI60-15.10537     0.17432   28.139775   87.467932   -0.331    0.272  1
RGI60-15.11217     0.17428   30.048619   95.939114    0.823    0.669  1
RGI60-15.11648     0.17415   29.439007   96.935721   -0.590    0.291  1
RGI60-15.03059     0.17411   27.817528   88.844561   -0.844    0.281  1
RGI60-15.07824     0.17407   29.615703  101.803474   -0.792    0.403  1
RGI60-15.02321     0.17407   28.135941   89.917296   -0.896    0.302  1
RGI60-15.02641     0.17402   28.124247   90.100118   -0.514    0.260  1
RGI60-15.00842     0.17402   30.341780   95.547794    0.399    0.318  1
RGI60-15.01137     0.17401   29.954413   95.494670   -0.359    0.244  1
RGI60-15.11929     0.17401   29.279869   96.752547   -0.152    0.278  1
RGI60-15.04388     0.17400   28.902933   83.528123   -0.724    0.272  1
RGI60-15.05062     0.17393   29.016514   83.712449   -0.084    0.242  1
RGI60-15.02272     0.17393   28.074517   89.824975   -0.883    0.287  1
RGI60-15.01365     0.17391   28.199593   92.781044   -0.334    0.260  1
RGI60-15.01143     0.17382   29.635313   95.211907   26.547    6.575  1
RGI60-15.02353     0.17381   28.097124   90.041395   -1.146    0.345  1
RGI60-15.10645     0.17381   27.872633   87.743265    0.356    0.346  1
RGI60-15.06105     0.17371   29.934650   81.007226   -0.211    0.279  1
RGI60-15.11927     0.17371   29.404739   96.747367   -0.940    0.347  1
RGI60-15.03119     0.17364   27.749897   87.932152   -0.123    0.265  1
RGI60-15.02948     0.17357   27.974736   88.721492   -0.458    0.235  1
RGI60-15.05094     0.17352   28.839197   84.150687   -0.307    0.297  1
RGI60-15.09670     0.17338   28.111938   86.256261   -0.861    0.310  1
RGI60-15.00745     0.17331   30.435498   95.579094   -0.649    0.281  1
RGI60-15.09307     0.17330   28.519563   85.285799   -0.192    0.282  1
RGI60-15.12695     0.17328   29.042026   97.007581   -0.959    0.387  1
RGI60-15.03569     0.17326   27.817616   86.887719   -0.029    0.423  1
RGI60-15.10520     0.17323   28.238999   87.634011   -0.302    0.228  1
RGI60-15.04319     0.17323   28.742915   83.886710   -0.284    0.247  1
RGI60-15.00080     0.17322   29.853238   99.679402   -0.735    0.335  1
RGI60-15.05262     0.17307   29.822172   82.312675   -0.412    0.372  1
RGI60-15.03576     0.17305   27.782354   86.882545   -0.144    0.248  1
RGI60-15.01686     0.17304   28.299138   91.152468    0.339    0.339  1
RGI60-15.02438     0.17303   27.836342   90.249076   -0.749    0.253  1
RGI60-15.07820     0.17289   29.408264  101.795382   -0.182    0.197  1
RGI60-15.12788     0.17287   29.507413   97.089510   -0.846    0.274  1
RGI60-15.10120     0.17286   28.281691   87.125109   -0.601    0.236  1
RGI60-15.04294     0.17283   28.137492   85.810724    0.004    0.207  1
RGI60-15.08411     0.17282   29.902987   97.051565   -0.327    0.266  1
RGI60-15.03341     0.17281   27.822904   87.915856   -0.393    0.277  1
RGI60-15.03176     0.17276   27.967815   88.547650   -0.537    0.261  1
RGI60-15.07628     0.17265   30.966850   78.815772    0.102    0.218  1
RGI60-15.06269     0.17263   29.849842   81.425076   -0.197    0.308  1
RGI60-15.03129     0.17246   27.711994   87.903174   -0.370    0.233  1
RGI60-15.04493     0.17238   28.738189   84.086249   -0.195    0.238  1
RGI60-15.07816     0.17228   29.424067  101.784414   -0.830    0.309  1
RGI60-15.01891     0.17223   27.796773   92.260282   -0.490    0.237  1
RGI60-15.03266     0.17220   27.859191   88.639666   -0.125    0.248  1
RGI60-15.05016     0.17217   29.021022   83.588563   -0.388    0.217  1
RGI60-15.08316     0.17215   29.717354   97.206062   -1.392    0.388  1
RGI60-15.12223     0.17213   28.505843   96.391970   -1.029    0.329  1
RGI60-15.04463     0.17207   28.833366   84.149705   -0.753    0.311  1
RGI60-15.03702     0.17205   27.881650   87.845291   -0.341    0.246  1
RGI60-15.00633     0.17201   30.654561   95.250405   -0.581    0.266  1
RGI60-15.04461     0.17200   28.833893   84.128554   -1.012    0.330  1
RGI60-15.04140     0.17199   28.582582   85.008785   -0.399    0.283  1
RGI60-15.04638     0.17193   28.837486   84.373646    0.039    0.234  1
RGI60-15.12691     0.17192   29.344362   97.003057   -0.413    0.336  1
RGI60-15.11494     0.17192   29.649690   96.468504   -0.596    0.280  1
RGI60-15.13011     0.17183   29.146095   97.347656   -1.024    0.342  1
RGI60-15.10015     0.17182   28.081664   86.889390   -0.439    0.270  1
RGI60-15.08548     0.17179   29.749864   96.855631   -0.896    0.329  1
RGI60-15.12070     0.17175   29.503688   95.920886   -0.301    0.547  1
RGI60-15.12074     0.17167   29.561879   95.923676    0.562    0.888  1
RGI60-15.01947     0.17156   27.821613   92.370459   -0.528    0.240  1
RGI60-15.03768     0.17140   27.745220   87.140482   -0.218    0.233  1
RGI60-15.12267     0.17123   29.296526   96.199426   -0.319    0.713  1
RGI60-15.05252     0.17122   29.848168   82.342925   -1.006    0.394  1
RGI60-15.06580     0.17116   30.341222   79.690628   -0.634    0.259  1
RGI60-15.11050     0.17112   29.965736   95.775801    0.335    0.368  1
RGI60-15.02572     0.17109   27.991564   90.573039   -1.123    0.336  1
RGI60-15.06384     0.17100   30.354700   80.419942   -0.258    0.330  1
RGI60-15.03723     0.17095   27.786377   86.642396   -0.168    0.237  1
RGI60-15.10001     0.17090   28.099452   86.840232   -0.512    0.221  1
RGI60-15.04514     0.17088   28.465271   84.177140   -0.933    0.341  1
RGI60-15.11246     0.17082   30.194559   95.988882    0.802    0.398  1
RGI60-15.06908     0.17076   30.727982   79.226231   -0.417    0.264  1
RGI60-15.06487     0.17064   30.204856   81.801503   -0.412    0.273  1
RGI60-15.07443     0.17060   31.137717   78.573706    0.551    0.347  1
RGI60-15.10468     0.17059   27.984831   88.298660   -0.884    0.276  1
RGI60-15.07082     0.17058   30.838147   79.686302   -0.011    0.242  1
RGI60-15.00010     0.17048   29.977608  102.046575   -0.777    0.332  1
RGI60-15.09626     0.17048   28.243203   86.152625   -1.086    0.331  1
RGI60-15.04305     0.17046   28.128060   85.850386   -0.294    0.293  1
RGI60-15.10367     0.17042   27.959692   87.975169   -0.062    0.247  1
RGI60-15.09944     0.17042   28.125154   86.757013   -0.047    0.227  1
RGI60-15.06886     0.17036   30.836159   79.260119   -0.075    0.210  1
RGI60-15.07396     0.17035   31.185674   78.485821   -0.429    0.303  1
RGI60-15.00765     0.17026   30.398136   95.632401   -0.801    0.275  1
RGI60-15.12345     0.17019   28.720941   96.671527   -0.603    0.323  1
RGI60-15.04183     0.17018   28.276561   85.163689   -0.239    0.249  1
RGI60-15.08919     0.17017   30.331786   80.838015   -0.790    0.282  1
RGI60-15.07185     0.17007   30.813028   79.380260   -0.594    0.237  1
RGI60-15.00692     0.17000   30.458780   95.407033   -0.577    0.303  1
RGI60-15.06888     0.16999   30.807598   79.272360   -0.242    0.220  1
RGI60-15.07975     0.16995   31.155024  102.906954   -0.659    0.305  1
RGI60-15.07494     0.16989   31.184082   78.697488   -0.007    0.250  1
RGI60-15.04356     0.16985   29.044200   83.797423   -0.434    0.228  1
RGI60-15.08543     0.16978   29.723147   96.853190   -1.252    0.350  1
RGI60-15.12838     0.16963   29.252086   97.138323   -0.386    0.240  1
RGI60-15.01927     0.16955   27.888663   92.331328   -0.945    0.318  1
RGI60-15.04933     0.16950   29.210758   83.461082   -0.884    0.337  1
RGI60-15.11200     0.16945   30.179728   95.926974   -0.742    0.546  1
RGI60-15.09963     0.16940   28.196950   86.790012   -0.334    0.284  1
RGI60-15.01429     0.16928   28.286429   93.003614   -0.356    0.292  1
RGI60-15.08181     0.16924   29.598868   97.093010   -0.686    0.256  1
RGI60-15.08608     0.16913   29.909896   96.981712   -1.090    0.371  1
RGI60-15.04221     0.16909   28.163520   85.740302   -0.936    0.327  1
RGI60-15.03169     0.16898   27.557180   88.046584   -0.494    0.225  1
RGI60-15.06272     0.16895   29.802757   81.333826   -0.216    0.193  1
RGI60-15.07936     0.16885   31.653304  102.613989    0.134    0.313  1
RGI60-15.02989     0.16882   27.714992   88.494071   -1.965    0.852  1
RGI60-15.11856     0.16880   29.585240   96.277903    0.072    0.426  1
RGI60-15.02918     0.16880   27.951895   88.284713   -0.918    0.322  1
RGI60-15.07023     0.16879   30.470749   79.955164    0.073    0.513  1
RGI60-15.00526     0.16877   28.057202   97.321823    0.103    0.279  1
RGI60-15.09908     0.16873   27.882388   87.218424    0.194    0.258  1
RGI60-15.12334     0.16867   28.840701   96.602891   -0.492    0.319  1
RGI60-15.05050     0.16866   28.890917   83.512504   -0.357    0.234  1
RGI60-15.12083     0.16865   29.568229   95.953227   -1.553    0.904  1
RGI60-15.10823     0.16862   28.056036   90.565092   -0.674    0.286  1
RGI60-15.10625     0.16860   27.812249   87.713328   -0.031    0.202  1
RGI60-15.08132     0.16857   29.009546   97.624743   -0.587    0.234  1
RGI60-15.09534     0.16848   28.034165   86.062847   -0.524    0.254  1
RGI60-15.06064     0.16846   30.265735   81.423244   -1.194    0.407  1
RGI60-15.04565     0.16845   28.464237   84.240191   -0.339    0.280  1
RGI60-15.00132     0.16845   29.979936   99.806475   -0.557    0.315  1
RGI60-15.04459     0.16840   28.809687   83.983015   -0.568    0.224  1
RGI60-15.06318     0.16839   30.150543   80.432987   -0.028    0.265  1
RGI60-15.11702     0.16837   29.525742   96.984229   -0.790    0.276  1
RGI60-15.06360     0.16827   30.264548   80.640236   -0.246    0.229  1
RGI60-15.06497     0.16823   30.319208   81.814108   -0.118    0.267  1
RGI60-15.00945     0.16820   30.551334   95.240899    0.164    0.301  1
RGI60-15.04225     0.16815   28.051350   85.895643   -0.933    0.279  1
RGI60-15.09932     0.16814   28.201233   86.740008   -0.115    0.296  1
RGI60-15.09045     0.16804   30.255898   81.347835   -0.157    0.278  1
RGI60-15.06687     0.16803   30.506041   80.125186   -0.424    0.255  1
RGI60-15.02755     0.16801   27.510350   88.238893   -0.849    0.297  1
RGI60-15.06715     0.16784   30.524192   79.953220   -0.106    0.288  1
RGI60-15.03937     0.16782   28.074659   86.708947    0.247    0.257  1
RGI60-15.01108     0.16777   30.158352   95.534754    0.124    0.302  1
RGI60-15.01444     0.16757   28.656215   93.504421   -0.671    0.320  1
RGI60-15.03205     0.16750   27.561144   88.146973   -0.490    0.275  1
RGI60-15.00025     0.16749   29.800726   99.631429   -0.731    0.373  1
RGI60-15.12890     0.16749   28.807815   97.202472   -0.806    0.331  1
RGI60-15.07419     0.16748   31.163750   78.372344   -0.560    0.262  1
RGI60-15.08796     0.16745   31.119594   79.306701   -0.482    0.234  1
RGI60-15.06916     0.16735   30.880413   79.060751   -0.091    0.709  1
RGI60-15.02727     0.16722   27.533880   88.059037   -0.788    0.287  1
RGI60-15.04728     0.16716   28.825309   84.021101   -0.400    0.216  1
RGI60-15.07626     0.16706   30.964489   78.786817   -0.224    0.239  1
RGI60-15.07081     0.16703   30.747038   79.714767   -0.667    0.288  1
RGI60-15.07804     0.16697   29.291266  101.920019   -0.553    0.280  1
RGI60-15.07468     0.16696   31.140726   78.821732   -0.128    0.205  1
RGI60-15.00244     0.16693   28.463729   97.756155   -0.615    0.271  1
RGI60-15.09746     0.16687   27.991129   86.349021    0.058    0.258  1
RGI60-15.01059     0.16685   30.006459   95.390767   -0.462    0.281  1
RGI60-15.11103     0.16677   30.186945   95.834750    0.278    0.589  1
RGI60-15.03491     0.16676   27.793058   86.629624   -0.658    0.270  1
RGI60-15.00006     0.16672   30.018732  102.036920   -0.186    0.606  1
RGI60-15.10783     0.16660   28.151367   90.507521   -0.114    0.238  1
RGI60-15.12894     0.16657   28.807436   97.207938   -0.755    0.354  1
RGI60-15.04702     0.16654   28.819845   84.132104    0.009    0.254  1
RGI60-15.00941     0.16651   30.522124   95.251385   -0.142    0.313  1
RGI60-15.03265     0.16638   27.855926   88.649361   -0.829    0.270  1
RGI60-15.04341     0.16633   28.520838   84.521888    0.113    0.283  1
RGI60-15.08300     0.16628   29.499290   97.361510   -0.761    0.317  1
RGI60-15.04309     0.16621   28.178999   85.664682    0.018    0.327  1
RGI60-15.02916     0.16619   27.949292   88.279920   -0.656    0.259  1
RGI60-15.04899     0.16611   29.001892   83.541169   -1.012    0.305  1
RGI60-15.01222     0.16604   29.959576   95.254620   -0.366    0.363  1
RGI60-15.06297     0.16604   29.864298   81.088494   -0.237    0.287  1
RGI60-15.00303     0.16602   28.396804   97.502432   -0.748    0.294  1
RGI60-15.04169     0.16596   28.553200   85.142720   -0.098    0.259  1
RGI60-15.01522     0.16594   28.040761   92.538002   -0.616    0.268  1
RGI60-15.05541     0.16591   29.282163   82.615653   -0.460    0.318  1
RGI60-15.02055     0.16591   27.968388   91.610604   -0.115    0.452  1
RGI60-15.00862     0.16588   30.354509   95.518526   -0.299    0.274  1
RGI60-15.00746     0.16580   30.431389   95.590306   -0.542    0.274  1
RGI60-15.09632     0.16575   28.279881   86.180783   -1.056    0.366  1
RGI60-15.03103     0.16572   27.867042   87.915722   -0.407    0.267  1
RGI60-15.06823     0.16567   30.825814   79.523243   -0.475    0.224  1
RGI60-15.06173     0.16563   30.018117   82.222710   -0.800    0.302  1
RGI60-15.12171     0.16563   29.253474   96.170190    0.032    0.383  1
RGI60-15.03610     0.16558   27.897261   87.072543   -0.040    0.306  1
RGI60-15.02607     0.16551   28.037114   90.927520    0.536    0.321  1
RGI60-15.11602     0.16546   29.568989   96.863078   -0.821    0.305  1
RGI60-15.02139     0.16539   28.123041   91.267473   -0.352    0.279  1
RGI60-15.01907     0.16521   27.831761   92.134832   -0.726    0.264  1
RGI60-15.00079     0.16520   29.862821   99.672375   -0.394    0.361  1
RGI60-15.00878     0.16519   30.320593   95.460210    0.047    0.276  1
RGI60-15.11924     0.16516   29.409244   96.738186   -0.406    0.315  1
RGI60-15.00653     0.16516   30.591044   95.248266   -1.164    0.413  1
RGI60-15.03303     0.16503   27.718359   88.419771    0.147    0.294  1
RGI60-15.03326     0.16501   27.858318   88.811832   -0.902    0.346  1
RGI60-15.12637     0.16501   29.004084   96.927567   -0.242    0.252  1
RGI60-15.12347     0.16500   28.650151   96.688549   -0.490    0.261  1
RGI60-15.10191     0.16499   28.224775   86.673402   -0.262    0.231  1
RGI60-15.08804     0.16497   31.128786   79.314590   -0.315    0.211  1
RGI60-15.03213     0.16491   27.596364   87.981022   -1.104    0.344  1
RGI60-15.03844     0.16490   27.817016   87.119929   -0.630    0.284  1
RGI60-15.03653     0.16488   27.677693   87.610370   -1.010    0.358  1
RGI60-15.00360     0.16485   28.417693   98.607525   -0.303    0.278  1
RGI60-15.07642     0.16485   27.111880  100.173248   -0.781    0.313  1
RGI60-15.08423     0.16482   29.677727   97.060094   -1.325    0.421  1
RGI60-15.05605     0.16477   29.276217   82.943188   -0.041    0.240  1
RGI60-15.05912     0.16457   29.855108   81.390353   -0.218    0.262  1
RGI60-15.08313     0.16450   29.714674   97.197420   -0.206    0.231  1
RGI60-15.09517     0.16431   28.352121   85.856901   -0.676    0.328  1
RGI60-15.07280     0.16424   30.483149   80.140173   -0.239    0.252  1
RGI60-15.05214     0.16416   29.749430   82.622484   -0.467    0.260  1
RGI60-15.06626     0.16413   30.720586   79.198487   -0.291    0.348  1
RGI60-15.00772     0.16413   30.381545   95.634483   -0.588    0.289  1
RGI60-15.11194     0.16412   30.187135   95.923118    0.117    0.460  1
RGI60-15.12322     0.16409   28.589759   96.520531   -0.933    0.380  1
RGI60-15.00382     0.16408   29.259337   97.552882   -0.741    0.271  1
RGI60-15.04431     0.16405   28.733178   83.192872   -0.173    0.224  1
RGI60-15.03881     0.16401   27.772238   87.095313   -0.222    0.293  1
RGI60-15.01259     0.16397   29.560143   95.190672   -0.624    0.543  1
RGI60-15.01430     0.16391   28.297410   93.008137   -0.062    0.309  1
RGI60-15.06363     0.16385   30.295628   80.632996   -0.618    0.361  1
RGI60-15.06545     0.16383   30.160766   80.463472   -0.104    0.476  1
RGI60-15.08353     0.16362   29.734181   96.968651   -1.055    0.368  1
RGI60-15.09036     0.16362   30.249096   81.340296   -0.274    0.230  1
RGI60-15.02669     0.16360   27.707826   89.404367   -0.802    0.291  1
RGI60-15.11866     0.16359   29.508927   96.332667   -0.729    0.315  1
RGI60-15.01208     0.16352   29.883835   95.354040    0.014    0.278  1
RGI60-15.01740     0.16343   28.132976   91.492779   -0.027    0.249  1
RGI60-15.09939     0.16340   28.192718   86.747998   -0.503    0.236  1
RGI60-15.07665     0.16337   27.326666  100.110731   -1.239    0.380  1
RGI60-15.04021     0.16332   28.467129   84.619877    3.710    1.470  1
RGI60-15.12791     0.16326   29.045912   97.092267   -1.165    0.413  1
RGI60-15.11612     0.16325   29.551432   96.867028   -0.726    0.306  1
RGI60-15.12905     0.16316   29.341238   97.237450   -1.190    0.391  1
RGI60-15.03755     0.16315   27.681061   87.624301   -0.107    0.189  1
RGI60-15.11083     0.16314   30.355059   95.821025   -0.394    0.526  1
RGI60-15.08371     0.16313   29.769350   97.012055   -0.417    0.254  1
RGI60-15.00784     0.16307   30.367953   95.658506   -0.306    0.291  1
RGI60-15.02689     0.16306   27.959578   90.413386   -0.769    0.280  1
RGI60-15.02620     0.16304   28.125224   89.887550   -1.053    0.357  1
RGI60-15.12096     0.16302   29.524367   96.009851   -0.811    0.774  1
RGI60-15.10984     0.16301   28.979032   85.031998   -1.087    0.306  1
RGI60-15.06480     0.16291   30.033949   81.313006   -0.142    0.270  1
RGI60-15.08641     0.16288   30.407507   95.781209   -2.762    0.776  1
RGI60-15.06588     0.16285   30.253028   79.731851   -0.192    0.220  1
RGI60-15.03629     0.16284   27.783399   87.670088   -0.771    0.280  1
RGI60-15.05701     0.16282   29.123545   83.054138   -0.570    0.269  1
RGI60-15.03714     0.16281   27.907748   86.402244   -0.490    0.270  1
RGI60-15.01850     0.16278   28.265166   92.046371   -0.529    0.244  1
RGI60-15.12220     0.16277   28.978026   96.377765    0.079    0.274  1
RGI60-15.01366     0.16274   28.203340   92.788075   -0.162    0.257  1
RGI60-15.05687     0.16274   29.720025   82.231157   -0.714    0.334  1
RGI60-15.12259     0.16273   29.320027   96.177651   -0.357    0.314  1
RGI60-15.03666     0.16268   27.799136   87.811895   -0.721    0.300  1
RGI60-15.00548     0.16264   28.276766   97.479911   -0.024    0.249  1
RGI60-15.09420     0.16259   28.339949   85.562183   -0.259    0.309  1
RGI60-15.12831     0.16258   29.517445   97.121554   -0.905    0.299  1
RGI60-15.02742     0.16254   27.576540   88.239227   -0.331    0.311  1
RGI60-15.12903     0.16253   29.411438   97.234662   -0.773    0.337  1
RGI60-15.00465     0.16250   29.147991   97.827591   -0.793    0.283  1
RGI60-15.08386     0.16242   29.782749   97.023398   -0.355    0.222  1
RGI60-15.06955     0.16240   30.934124   79.396484   -0.018    0.251  1
RGI60-15.11146     0.16239   30.060983   95.870253   -0.004    0.598  1
RGI60-15.03233     0.16239   27.514513   88.288680   -0.612    0.388  1
RGI60-15.11078     0.16236   30.215402   95.817469   -0.923    0.443  1
RGI60-15.05555     0.16231   29.211979   82.540280   -0.450    0.360  1
RGI60-15.00591     0.16229   28.074904   97.264947    0.006    0.235  1
RGI60-15.05910     0.16227   29.867181   81.423036   -0.193    0.208  1
RGI60-15.00771     0.16225   30.386560   95.635721   -0.856    0.307  1
RGI60-15.03695     0.16224   27.877868   87.790953   -0.721    0.308  1
RGI60-15.03851     0.16219   27.711982   86.632927   -0.473    0.273  1
RGI60-15.00809     0.16208   30.321090   95.680415   -0.806    0.341  1
RGI60-15.09188     0.16199   28.633750   84.936074   -0.237    0.333  1
RGI60-15.03332     0.16198   27.881901   88.803355   -0.243    0.228  1
RGI60-15.11288     0.16196   30.148398   96.085887   -1.237    0.623  1
RGI60-15.02580     0.16182   28.019717   90.629458   -1.495    0.398  1
RGI60-15.01755     0.16181   28.129645   91.606534   -0.199    0.249  1
RGI60-15.01754     0.16177   28.135508   91.607960   -0.416    0.237  1
RGI60-15.11996     0.16165   29.604939   95.655553   -0.340    0.353  1
RGI60-15.07150     0.16163   30.940027   79.687378   -0.179    0.209  1
RGI60-15.02583     0.16152   28.042613   90.705107   -0.845    0.312  1
RGI60-15.03306     0.16149   27.735814   88.405007   -0.217    0.251  1
RGI60-15.04240     0.16142   28.201860   85.731930   -0.860    0.386  1
RGI60-15.04508     0.16140   28.497493   84.264458    0.143    0.177  1
RGI60-15.06316     0.16139   30.166204   80.488416    0.206    0.264  1
RGI60-15.08560     0.16138   29.790595   96.874839   -1.349    0.389  1
RGI60-15.03990     0.16137   28.235816   85.515535   -0.448    0.290  1
RGI60-15.03677     0.16137   27.831852   87.822085   -0.395    0.277  1
RGI60-15.06935     0.16136   30.821260   79.227081    0.597    0.372  1
RGI60-15.07938     0.16135   31.675089  102.633562    0.053    0.318  1
RGI60-15.12224     0.16128   28.506943   96.396455   -0.024    0.259  1
RGI60-15.00092     0.16126   29.916297   99.790984   -0.623    0.321  1
RGI60-15.07364     0.16108   31.262478   78.305845   -0.255    0.197  1
RGI60-15.07213     0.16099   30.630883   79.480795   -0.605    0.266  1
RGI60-15.11780     0.16091   29.634241   95.843587   -1.011    0.924  1
RGI60-15.07646     0.16085   27.110141  100.187513   -0.967    0.340  1
RGI60-15.05486     0.16078   29.366070   82.558910   -0.443    0.287  1
RGI60-15.08518     0.16076   29.755963   96.777848   -0.593    0.350  1
RGI60-15.07644     0.16062   27.115009  100.182426   -1.269    0.411  1
RGI60-15.03778     0.16061   27.793658   86.407312   -0.749    0.258  1
RGI60-15.06340     0.16059   30.218487   80.717407   -0.048    0.307  1
RGI60-15.05775     0.16056   30.205691   81.622586   -0.229    0.243  1
RGI60-15.05375     0.16047   29.659660   82.636660   -1.274    0.383  1
RGI60-15.10712     0.16044   28.238321   90.339951   -0.029    0.170  1
RGI60-15.02596     0.16040   27.971009   90.782531   -0.547    0.233  1
RGI60-15.03562     0.16032   27.901487   86.412232   -0.318    0.269  1
RGI60-15.06239     0.16029   29.807266   81.530595   -0.271    0.235  1
RGI60-15.01552     0.16026   28.114104   92.668864    0.373    0.340  1
RGI60-15.03017     0.16024   27.817363   88.300948   -0.550    0.239  1
RGI60-15.01025     0.16008   30.334394   95.300298   -0.513    0.297  1
RGI60-15.00436     0.16006   28.716668   98.110811   -0.657    0.400  1
RGI60-15.04426     0.15998   28.807624   83.174143   -0.738    0.305  1
RGI60-15.04354     0.15979   28.886816   84.234061    0.002    0.273  1
RGI60-15.01965     0.15976   27.810367   92.381059    0.431    0.311  1
RGI60-15.10083     0.15975   28.161151   86.982231   -0.572    0.235  1
RGI60-15.01695     0.15969   28.264600   92.050211   -0.589    0.278  1
RGI60-15.05915     0.15966   30.019909   81.352052   -0.609    0.290  1
RGI60-15.01347     0.15962   28.149916   92.765206   -0.776    0.341  1
RGI60-15.03294     0.15960   27.749017   88.454762   -0.377    0.258  1
RGI60-15.05901     0.15952   29.845295   81.418577   -0.137    0.302  1
RGI60-15.00603     0.15942   28.412112   96.508332   -0.419    0.377  1
RGI60-15.01880     0.15939   27.761080   92.190004   -0.879    0.349  1
RGI60-15.05878     0.15939   30.311685   80.391603   -0.621    0.380  1
RGI60-15.02219     0.15934   27.899103   91.607209   -0.692    0.417  1
RGI60-15.01074     0.15929   30.144283   95.191600   -0.337    0.368  1
RGI60-15.12225     0.15921   28.749541   96.402551   -0.582    0.345  1
RGI60-15.10627     0.15920   27.898268   87.722566   -0.668    0.295  1
RGI60-15.04530     0.15918   28.639171   84.309651   -0.437    0.279  1
RGI60-15.02028     0.15918   27.888159   91.656059   -0.761    0.307  1
RGI60-15.07568     0.15910   30.841987   78.803818   -0.138    0.277  1
RGI60-15.08285     0.15897   29.504085   97.279163   -0.769    0.340  1
RGI60-15.06986     0.15884   30.927319   79.508834    0.218    0.235  1
RGI60-15.02929     0.15879   27.970560   88.634039   -0.846    0.288  1
RGI60-15.07743     0.15878   31.411671  100.414510   -0.430    0.305  1
RGI60-15.05682     0.15877   29.710649   82.260052   -0.500    0.271  1
RGI60-15.00540     0.15875   28.207976   97.361644   -0.293    0.271  1
RGI60-15.09984     0.15875   28.066102   86.820952   -0.193    0.225  1
RGI60-15.08358     0.15871   29.846288   96.978934   -0.686    0.282  1
RGI60-15.01567     0.15869   28.092764   92.694411    0.005    0.288  1
RGI60-15.08888     0.15862   30.625729   80.183715   -0.235    0.310  1
RGI60-15.02506     0.15857   28.028658   90.439455   -0.477    0.248  1
RGI60-15.07926     0.15857   30.986093  101.352859    0.167    0.259  1
RGI60-15.06285     0.15855   29.876460   81.360655   -0.086    0.262  1
RGI60-15.07940     0.15854   31.528944  102.666610   -0.650    0.290  1
RGI60-15.06393     0.15852   30.260885   80.487976   -0.036    0.342  1
RGI60-15.05734     0.15838   29.471453   82.555988   -0.258    0.282  1
RGI60-15.01849     0.15835   28.362640   91.867059   -0.696    0.268  1
RGI60-15.05521     0.15835   29.231348   82.792713   -0.076    0.297  1
RGI60-15.01718     0.15832   28.237701   91.333650   -0.099    0.327  1
RGI60-15.05143     0.15823   28.657873   84.514610    0.011    0.279  1
RGI60-15.02221     0.15815   27.909975   91.587364    0.799    0.397  1
RGI60-15.01378     0.15815   28.590453   93.232774   -0.372    0.297  1
RGI60-15.10512     0.15813   28.256801   87.606156   -0.475    0.221  1
RGI60-15.12518     0.15813   29.244506   96.499669    0.630    0.347  1
RGI60-15.06179     0.15812   30.086622   81.910688   -0.581    0.309  1
RGI60-15.08193     0.15811   29.585947   97.114625   -1.097    0.342  1
RGI60-15.01487     0.15810   27.755990   92.464370   -0.480    0.318  1
RGI60-15.07659     0.15804   31.729682   99.184453   -0.727    0.346  1
RGI60-15.02208     0.15800   27.855938   91.369379   -0.175    0.263  1
RGI60-15.03177     0.15792   27.974757   88.543815    0.368    0.246  1
RGI60-15.11153     0.15791   30.073723   95.881532   -0.174    0.604  1
RGI60-15.07043     0.15785   30.372872   80.349198   -0.527    0.324  1
RGI60-15.03872     0.15780   27.853091   86.857364   -0.135    0.232  1
RGI60-15.10676     0.15759   28.029353   87.854172   -1.132    0.364  1
RGI60-15.07811     0.15757   29.249211  101.709099   -0.867    0.338  1
RGI60-15.12165     0.15757   29.332876   96.131768    1.069    0.470  1
RGI60-15.03787     0.15755   27.868461   86.915298   -0.639    0.247  1
RGI60-15.09529     0.15755   28.047555   86.052373    0.021    0.294  1
RGI60-15.01424     0.15754   28.255875   92.976358    0.219    0.389  1
RGI60-15.01371     0.15753   28.737741   93.116283   -0.110    0.225  1
RGI60-15.05527     0.15749   29.240188   82.868774   -0.584    0.410  1
RGI60-15.05161     0.15746   30.097173   81.936947   -0.861    0.297  1
RGI60-15.01568     0.15745   28.091238   92.705059   -0.277    0.291  1
RGI60-15.11487     0.15730   29.714547   96.451068   -0.800    0.353  1
RGI60-15.07730     0.15726   31.624260   99.515044   -1.055    0.343  1
RGI60-15.04177     0.15726   28.348699   84.678082   -0.371    0.251  1
RGI60-15.00958     0.15724   30.495605   95.198138   -0.424    0.273  1
RGI60-15.01219     0.15724   29.975367   95.239658   -0.449    0.339  1
RGI60-15.01771     0.15722   28.145540   91.682344   -0.271    0.291  1
RGI60-15.02971     0.15720   27.887469   88.684447   -0.727    0.277  1
RGI60-15.03108     0.15716   27.775368   87.900436   -0.309    0.213  1
RGI60-15.10330     0.15716   27.983193   87.863167   -0.529    0.276  1
RGI60-15.02871     0.15713   27.877494   88.024384   -0.277    0.245  1
RGI60-15.11059     0.15708   30.101796   95.786654    0.205    0.492  1
RGI60-15.11932     0.15705   29.283249   96.759018   -0.618    0.296  1
RGI60-15.02878     0.15705   27.868980   87.968397   -0.635    0.268  1
RGI60-15.06934     0.15703   30.825619   79.240509   -1.217    0.904  1
RGI60-15.03014     0.15699   27.787867   88.390389   -0.155    0.245  1
RGI60-15.05243     0.15695   29.869309   82.371338    0.054    0.362  1
RGI60-15.07610     0.15686   30.978090   78.558970    0.464    0.310  1
RGI60-15.01507     0.15686   27.938376   92.655712    0.252    0.299  1
RGI60-15.00167     0.15681   29.991737   99.556506   -0.918    0.294  1
RGI60-15.12011     0.15678   29.363969   95.768333   -1.284    0.533  1
RGI60-15.09742     0.15677   27.988431   86.321843   -0.332    0.241  1
RGI60-15.08261     0.15675   29.658193   97.238400   -0.965    0.344  1
RGI60-15.04376     0.15672   29.166728   83.773694   -0.311    0.200  1
RGI60-15.02271     0.15668   28.085128   89.823540   -0.533    0.277  1
RGI60-15.04928     0.15661   29.088052   83.681935   -0.414    0.261  1
RGI60-15.04705     0.15660   28.825547   84.164057   -0.104    0.241  1
RGI60-15.03447     0.15660   27.851397   86.514648    0.024    0.316  1
RGI60-15.08392     0.15657   29.918918   97.034180   -0.696    0.352  1
RGI60-15.01118     0.15656   30.560429   95.166125   -0.194    0.314  1
RGI60-15.00800     0.15653   30.366549   95.650808   -0.404    0.281  1
RGI60-15.00269     0.15649   28.757505   97.940773   -0.319    0.379  1
RGI60-15.04403     0.15647   28.943170   83.608104   -0.615    0.232  1
RGI60-15.00444     0.15647   28.713718   97.935443   -0.799    0.365  1
RGI60-15.10002     0.15641   28.229311   86.853010   -0.222    0.208  1
RGI60-15.08639     0.15641   29.810928   96.467127   -0.807    0.302  1
RGI60-15.02356     0.15638   28.120331   90.047179   -0.430    0.304  1
RGI60-15.12285     0.15638   29.161338   96.321592   -0.002    0.261  1
RGI60-15.06584     0.15635   30.330456   79.714784   -0.178    0.288  1
RGI60-15.00780     0.15633   30.356455   95.612144   -0.739    0.273  1
RGI60-15.11525     0.15611   29.591989   96.555896   -0.491    0.286  1
RGI60-15.05236     0.15610   29.670381   82.937542   -0.158    0.214  1
RGI60-15.00431     0.15602   28.696704   98.109871   -0.378    0.398  1
RGI60-15.05642     0.15601   29.460475   82.725213    0.781    0.469  1
RGI60-15.12558     0.15600   29.180280   96.630156   -0.617    0.396  1
RGI60-15.12577     0.15598   29.112939   96.668706   -0.767    0.355  1
RGI60-15.06372     0.15587   30.342388   80.609698   -0.082    0.263  1
RGI60-15.05169     0.15587   29.793787   82.262547   -0.762    0.349  1
RGI60-15.01898     0.15569   27.823479   92.278388   -1.163    0.399  1
RGI60-15.11356     0.15566   29.954943   96.233508   -0.342    0.503  1
RGI60-15.04727     0.15566   28.827761   84.023593   -0.449    0.217  1
RGI60-15.02296     0.15564   27.980820   89.937271   -0.770    0.272  1
RGI60-15.00325     0.15555   28.306892   98.166141   -0.638    0.311  1
RGI60-15.03050     0.15554   27.878449   88.876923   -0.253    0.274  1
RGI60-15.01682     0.15534   28.335408   91.160931   -0.973    0.384  1
RGI60-15.00011     0.15534   29.948421  102.031271   -0.273    0.474  1
RGI60-15.03343     0.15532   27.808828   87.904390   -0.119    0.239  1
RGI60-15.03995     0.15531   28.368483   84.665054   -0.063    0.420  1
RGI60-15.01871     0.15526   27.779339   92.163871   -0.785    0.289  1
RGI60-15.02105     0.15514   28.003644   91.446665   -0.300    0.234  1
RGI60-15.11947     0.15499   29.202369   96.834761   -0.875    0.339  1
RGI60-15.04482     0.15499   28.710044   84.154038   -0.706    0.311  1
RGI60-15.08926     0.15488   30.302762   80.885442   -0.073    0.254  1
RGI60-15.02668     0.15481   27.681361   89.418768   -0.700    0.292  1
RGI60-15.06698     0.15473   30.503790   80.236194   -0.432    0.310  1
RGI60-15.02964     0.15465   27.912702   88.676227   -0.264    0.253  1
RGI60-15.01177     0.15464   30.165149   95.567446   -0.484    0.322  1
RGI60-15.11148     0.15460   30.080442   95.874547    0.298    0.496  1
RGI60-15.07768     0.15458   29.180586  101.205029   -0.437    0.386  1
RGI60-15.05728     0.15453   29.435136   82.630600   -0.692    0.467  1
RGI60-15.00874     0.15452   30.319111   95.480359   -0.790    0.337  1
RGI60-15.10017     0.15451   28.073891   86.890745   -0.236    0.240  1
RGI60-15.02886     0.15449   27.888506   87.996901   -0.775    0.294  1
RGI60-15.11330     0.15447   30.118685   96.215905   -0.449    0.309  1
RGI60-15.10227     0.15436   28.364903   86.335753   -0.065    0.205  1
RGI60-15.09230     0.15430   28.773575   85.071734   -0.355    0.270  1
RGI60-15.11392     0.15427   29.683343   96.312739   -0.340    0.417  1
RGI60-15.00697     0.15420   30.448212   95.422289   -0.230    0.304  1
RGI60-15.03127     0.15416   27.710630   87.926820   -0.586    0.257  1
RGI60-15.00472     0.15416   28.770234   97.742553   -0.517    0.330  1
RGI60-15.00216     0.15410   28.326077   97.522347   -0.429    0.453  1
RGI60-15.06417     0.15408   30.035102   81.950920    0.110    0.310  1
RGI60-15.01439     0.15400   28.307649   93.071466   -0.128    0.369  1
RGI60-15.10857     0.15395   28.120278   90.614039   -0.783    0.301  1
RGI60-15.03102     0.15385   27.826970   88.021453   -0.308    0.208  1
RGI60-15.09853     0.15376   28.114911   87.101652   -0.468    0.219  1
RGI60-15.02066     0.15376   27.968442   91.552525   -0.820    0.313  1
RGI60-15.05263     0.15374   29.816117   82.308722    0.170    0.436  1
RGI60-15.00098     0.15373   30.536088   99.589201   -0.720    0.283  1
RGI60-15.09828     0.15372   28.054002   87.056263   -0.183    0.178  1
RGI60-15.03268     0.15367   27.854466   88.644730   -0.865    0.276  1
RGI60-15.07074     0.15366   30.796083   79.613427   -1.085    0.347  1
RGI60-15.00174     0.15361   30.047135   99.272564   -1.085    0.344  1
RGI60-15.09139     0.15353   28.838415   84.692339   -0.290    0.331  1
RGI60-15.05738     0.15352   29.421458   82.502039   -0.251    0.321  1
RGI60-15.05897     0.15339   29.859985   81.434334   -0.332    0.265  1
RGI60-15.00256     0.15335   28.395210   97.710236   -0.946    0.332  1
RGI60-15.11235     0.15325   29.972505   95.958257   -0.688    0.399  1
RGI60-15.12991     0.15320   29.302174   97.331980   -1.093    0.351  1
RGI60-15.06084     0.15319   30.327950   81.922919   -0.103    0.310  1
RGI60-15.00283     0.15317   28.317640   97.483184   -0.104    0.242  1
RGI60-15.03186     0.15311   27.919083   88.465177   -0.626    0.264  1
RGI60-15.01837     0.15303   28.297707   91.074768   -0.766    0.310  1
RGI60-15.00581     0.15297   28.077398   97.251843   -0.700    0.289  1
RGI60-15.11074     0.15294   30.104477   95.809566   -0.434    0.447  1
RGI60-15.06415     0.15292   30.047302   81.912150   -0.516    0.312  1
RGI60-15.01257     0.15292   30.022307   95.404241   -0.457    0.317  1
RGI60-15.00810     0.15291   30.329085   95.682614   -0.348    0.317  1
RGI60-15.05269     0.15287   29.833852   82.315039   -0.194    0.336  1
RGI60-15.05041     0.15286   28.815465   83.341316   -0.737    0.320  1
RGI60-15.07149     0.15272   30.938797   79.690850   -0.312    0.225  1
RGI60-15.00570     0.15271   28.248724   97.364784    0.002    0.207  1
RGI60-15.09600     0.15269   28.179193   86.067758   -0.289    0.233  1
RGI60-15.02093     0.15262   27.983343   91.524760   -0.080    0.317  1
RGI60-15.00863     0.15258   30.351654   95.511223   -0.521    0.302  1
RGI60-15.02602     0.15257   27.932779   90.773644   -0.802    0.333  1
RGI60-15.09946     0.15254   28.141533   86.757296   -0.037    0.255  1
RGI60-15.03418     0.15254   28.010870   86.740400   -0.299    0.240  1
RGI60-15.08749     0.15254   31.073092   79.168244    0.187    0.243  1
RGI60-15.05890     0.15250   29.801230   81.350382   -0.431    0.286  1
RGI60-15.09122     0.15244   28.758223   84.572335    0.054    0.265  1
RGI60-15.01767     0.15243   28.100648   91.480084   -0.544    0.284  1
RGI60-15.07357     0.15242   31.375730   78.160703   -0.257    0.225  1
RGI60-15.09379     0.15234   28.413997   85.488428   -0.615    0.296  1
RGI60-15.01582     0.15223   27.830985   92.624094   -1.341    0.382  1
RGI60-15.08299     0.15220   29.567398   97.352072   -0.948    0.298  1
RGI60-15.11781     0.15219   29.694839   95.864074    0.036    0.368  1
RGI60-15.12718     0.15215   29.068470   97.033689   -0.952    0.341  1
RGI60-15.01214     0.15210   29.948941   95.295199   -1.008    0.459  1
RGI60-15.03589     0.15205   27.712379   86.852057    0.186    0.368  1
RGI60-15.12733     0.15204   29.183432   97.049912   -1.210    0.414  1
RGI60-15.13008     0.15202   29.132052   97.346022    0.004    0.318  1
RGI60-15.07746     0.15200   31.032309  101.297000   -0.374    0.274  1
RGI60-15.02111     0.15197   27.934176   91.249643   -0.519    0.256  1
RGI60-15.08303     0.15196   29.530157   97.370837   -1.199    0.367  1
RGI60-15.11815     0.15194   29.603251   96.033633   -0.409    0.435  1
RGI60-15.01421     0.15193   28.239929   93.003777   -0.020    0.338  1
RGI60-15.12474     0.15193   29.239241   96.401572   -0.054    0.267  1
RGI60-15.04192     0.15192   28.106674   85.485515   -0.753    0.319  1
RGI60-15.06848     0.15191   30.996674   79.415668   -0.607    0.235  1
RGI60-15.10155     0.15188   28.093857   86.609707   -0.094    0.248  1
RGI60-15.04544     0.15179   28.720295   84.056784   -0.444    0.320  1
RGI60-15.11848     0.15178   29.568082   96.216799   -2.664    1.339  1
RGI60-15.06264     0.15178   29.840051   81.556929   -0.775    0.306  1
RGI60-15.05202     0.15174   29.965509   82.454769   -1.083    0.387  1
RGI60-15.02753     0.15173   27.511238   88.225614   -1.305    0.389  1
RGI60-15.09447     0.15165   28.308293   85.619037   -0.116    0.342  1
RGI60-15.11711     0.15157   29.708004   97.009821   -0.447    0.265  1
RGI60-15.09429     0.15143   28.397188   85.576606   -0.277    0.218  1
RGI60-15.04170     0.15143   28.552222   85.136447   -0.086    0.295  1
RGI60-15.09739     0.15142   27.958840   86.303831   -0.850    0.537  1
RGI60-15.09752     0.15138   27.931043   86.391067    0.041    0.277  1
RGI60-15.00582     0.15137   28.073952   97.245036   -0.516    0.241  1
RGI60-15.10145     0.15137   28.180951   86.560861   -0.525    0.267  1
RGI60-15.08290     0.15135   29.675375   97.291278   -0.797    0.289  1
RGI60-15.04378     0.15134   29.159943   83.744859   -0.475    0.210  1
RGI60-15.01169     0.15131   30.145124   95.689912   -1.076    0.626  1
RGI60-15.10097     0.15128   28.182235   87.023834   -0.377    0.247  1
RGI60-15.06615     0.15115   31.016949   79.037456   -0.485    0.230  1
RGI60-15.01167     0.15109   30.300565   95.512728    0.413    0.483  1
RGI60-15.08106     0.15107   29.155456   97.523127   -0.780    0.281  1
RGI60-15.08995     0.15106   30.411087   81.271425   -0.521    0.224  1
RGI60-15.11865     0.15105   29.537595   96.333500    0.290    0.336  1
RGI60-15.12898     0.15105   28.771670   97.218622   -0.264    0.367  1
RGI60-15.02106     0.15104   28.002101   91.441427   -0.190    0.283  1
RGI60-15.00554     0.15103   28.269088   97.465980   -0.799    0.311  1
RGI60-15.12620     0.15103   28.884217   96.864755   -0.886    0.331  1
RGI60-15.06930     0.15101   30.930749   79.184838   -0.406    0.242  1
RGI60-15.01057     0.15096   30.035605   95.392967   -0.095    0.290  1
RGI60-15.00340     0.15093   28.949773   98.240905   -0.499    0.311  1
RGI60-15.01239     0.15092   29.962374   95.506298   -0.541    0.357  1
RGI60-15.11472     0.15091   29.606780   96.440214   -0.598    0.299  1
RGI60-15.00277     0.15091   28.818175   98.036122   -0.356    0.364  1
RGI60-15.07810     0.15089   29.245587  101.708003   -1.224    0.389  1
RGI60-15.00218     0.15083   28.327041   97.536965    0.018    0.393  1
RGI60-15.06842     0.15082   30.927829   79.402829   -0.651    0.225  1
RGI60-15.07314     0.15076   31.197880   78.617862   -0.226    0.370  1
RGI60-15.04189     0.15073   28.263079   85.192587    0.052    0.315  1
RGI60-15.06531     0.15048   30.409942   80.528630   -0.139    0.217  1
RGI60-15.02137     0.15046   28.117549   91.295062    0.003    0.219  1
RGI60-15.02618     0.15045   28.107377   89.881400   -0.488    0.351  1
RGI60-15.02968     0.15039   27.898475   88.688834   -0.653    0.297  1
RGI60-15.08468     0.15038   29.717280   97.171668   -0.489    0.261  1
RGI60-15.02636     0.15036   28.045254   90.933862    0.280    0.286  1
RGI60-15.02534     0.15036   27.713897   89.406111   -0.678    0.270  1
RGI60-15.04367     0.15026   29.224829   83.807245   -0.577    0.219  1
RGI60-15.08065     0.15018   28.319248   98.748910    0.223    0.588  1
RGI60-15.13045     0.15016   29.258716   97.428768   -0.698    0.377  1
RGI60-15.03247     0.15014   27.843478   88.055975   -0.325    0.273  1
RGI60-15.03446     0.15014   27.844622   86.518240   -0.283    0.254  1
RGI60-15.00171     0.15005   29.887187   99.506152   -0.567    0.325  1
RGI60-15.12565     0.15004   29.107904   96.656529   -0.224    0.294  1
RGI60-15.08978     0.15003   30.021271   81.250966   -0.458    0.276  1
RGI60-15.04402     0.15003   28.956928   83.751318   -0.315    0.284  1
RGI60-15.06439     0.14993   30.021674   82.128192   -0.212    0.272  1
RGI60-15.12427     0.14991   29.476401   96.224682    0.592    0.620  1
RGI60-15.09658     0.14980   28.200322   86.229749   -0.424    0.243  1
RGI60-15.11653     0.14980   29.605199   96.939828   -0.618    0.287  1
RGI60-15.03971     0.14960   28.293361   85.147162   -0.303    0.296  1
RGI60-15.04447     0.14955   28.780709   83.940652   -0.404    0.251  1
RGI60-15.09891     0.14948   27.917297   87.182006   -0.385    0.375  1
RGI60-15.03792     0.14936   27.742019   86.897910   -1.015    0.360  1
RGI60-15.09376     0.14928   28.425558   85.477681   -0.479    0.305  1
RGI60-15.11593     0.14905   29.608137   96.829622   -0.848    0.305  1
RGI60-15.05246     0.14902   29.859812   82.381920   -1.140    0.488  1
RGI60-15.04190     0.14899   28.234581   85.520595   -0.656    0.342  1
RGI60-15.06624     0.14896   30.747552   79.153074   -0.100    0.310  1
RGI60-15.05947     0.14877   29.872542   81.109164   -0.274    0.226  1
RGI60-15.02254     0.14874   28.192384   89.800525   -0.898    0.401  1
RGI60-15.10044     0.14874   28.108502   86.910326   -0.426    0.244  1
RGI60-15.12063     0.14869   29.327001   95.896031   -0.148    0.943  1
RGI60-15.04822     0.14868   28.672580   83.764006   -0.590    0.275  1
RGI60-15.00455     0.14866   29.263827   97.685707   -0.379    0.277  1
RGI60-15.00364     0.14862   28.411735   98.582599   -0.449    0.250  1
RGI60-15.01551     0.14859   28.098464   92.666883    0.231    0.247  1
RGI60-15.04427     0.14856   28.806321   83.165225   -0.160    0.192  1
RGI60-15.05612     0.14855   29.309417   82.613412   -0.124    0.336  1
RGI60-15.00564     0.14844   28.181122   97.396158   -0.389    0.260  1
RGI60-15.12101     0.14842   29.455614   96.022380    0.198    0.484  1
RGI60-15.01870     0.14842   27.779657   92.160147   -0.433    0.253  1
RGI60-15.06166     0.14838   30.012153   82.095732   -0.226    0.236  1
RGI60-15.00922     0.14834   30.659546   95.113181   -0.180    0.259  1
RGI60-15.03021     0.14815   27.823027   88.329486   -1.286    0.439  1
RGI60-15.01267     0.14812   29.548461   95.103379    1.152    1.285  1
RGI60-15.04802     0.14810   28.484900   83.929919   -0.278    0.316  1
RGI60-15.05357     0.14809   30.032159   82.195914   -0.132    0.297  1
RGI60-15.10153     0.14809   28.125135   86.608528   -0.267    0.283  1
RGI60-15.10736     0.14790   28.122102   90.420863   -0.144    0.279  1
RGI60-15.09878     0.14786   28.065569   87.161363   -0.388    0.318  1
RGI60-15.08986     0.14784   30.441787   81.242938   -0.066    0.269  1
RGI60-15.07193     0.14778   30.702568   79.368408   -0.425    0.242  1
RGI60-15.10390     0.14776   28.026414   88.035000   -0.526    0.240  1
RGI60-15.12367     0.14773   28.271778   96.805164   -0.746    0.309  1
RGI60-15.00955     0.14771   30.577137   95.137209   -0.328    0.329  1
RGI60-15.10683     0.14769   27.672232   88.850277   -0.855    0.290  1
RGI60-15.11689     0.14767   29.730297   96.973093   -0.820    0.310  1
RGI60-15.01646     0.14763   28.410753   91.190602   -0.013    0.316  1
RGI60-15.04635     0.14760   28.827526   84.400888    0.385    0.320  1
RGI60-15.04315     0.14754   28.730755   83.914161   -0.557    0.254  1
RGI60-15.00900     0.14747   30.219338   95.600932   -0.317    0.275  1
RGI60-15.09274     0.14730   28.648416   85.179204   -0.410    0.220  1
RGI60-15.01945     0.14719   27.837467   92.365390    0.142    0.310  1
RGI60-15.01268     0.14714   29.542216   95.106950   -0.270    0.288  1
RGI60-15.05677     0.14701   29.731565   82.276132   -0.488    0.294  1
RGI60-15.00206     0.14696   28.338682   99.412377   -0.449    0.338  1
RGI60-15.07551     0.14691   31.090802   78.527470   -0.878    0.393  1
RGI60-15.00434     0.14682   28.713411   98.113777   -0.232    0.334  1
RGI60-15.07208     0.14681   30.761648   79.635140   -0.752    0.363  1
RGI60-15.08210     0.14669   29.560654   97.147656   -0.516    0.263  1
RGI60-15.03279     0.14669   27.837123   88.625529   -0.550    0.264  1
RGI60-15.00164     0.14667   29.993504   99.670042   -1.130    0.343  1
RGI60-15.00776     0.14667   30.381321   95.563517   -0.476    0.296  1
RGI60-15.11245     0.14666   30.182720   95.988766   -0.498    0.364  1
RGI60-15.06185     0.14666   29.991123   81.670202   -0.208    0.264  1
RGI60-15.01498     0.14663   27.852232   92.535732    0.332    0.319  1
RGI60-15.07848     0.14658   29.277915  101.854794   -0.601    0.355  1
RGI60-15.03146     0.14657   27.614739   87.994157   -0.094    0.338  1
RGI60-15.05543     0.14655   29.274350   82.612703   -0.580    0.391  1
RGI60-15.12422     0.14650   29.415410   96.171487   -0.792    0.796  1
RGI60-15.04677     0.14645   28.879288   84.116793   -0.853    0.367  1
RGI60-15.05660     0.14643   29.682773   82.397058   -0.666    0.495  1
RGI60-15.10402     0.14641   27.929739   88.047005   -0.347    0.257  1
RGI60-15.07669     0.14640   28.391857  100.339022   -0.140    0.324  1
RGI60-15.12735     0.14635   29.440743   97.050969   -0.555    0.259  1
RGI60-15.04516     0.14632   28.640250   83.931861   -0.236    0.283  1
RGI60-15.00014     0.14631   29.951746  102.039638   -0.210    0.364  1
RGI60-15.04657     0.14631   28.920057   84.149926   -0.175    0.311  1
RGI60-15.00156     0.14630   29.900934   99.711758   -0.940    0.473  1
RGI60-15.02936     0.14629   27.982841   88.638730   -0.132    0.274  1
RGI60-15.02991     0.14623   27.716290   88.383237   -0.440    0.260  1
RGI60-15.01700     0.14611   28.276737   91.866319   -0.657    0.244  1
RGI60-15.03215     0.14611   27.557271   88.075851   -0.252    0.354  1
RGI60-15.10788     0.14606   28.141509   90.517689   -0.161    0.204  1
RGI60-15.07783     0.14605   29.218164  101.235140   -0.617    0.415  1
RGI60-15.06646     0.14604   30.609233   79.335235   -0.667    0.263  1
RGI60-15.12761     0.14602   28.895914   97.075623   -0.546    0.291  1
RGI60-15.05085     0.14601   28.771897   84.104324   -0.246    0.302  1
RGI60-15.00501     0.14601   28.864594   98.034923   -0.763    0.312  1
RGI60-15.12927     0.14599   28.900327   97.280145   -0.670    0.361  1
RGI60-15.07307     0.14594   31.263316   78.377906   -0.266    0.287  1
RGI60-15.01860     0.14593   27.778884   92.049293   -0.543    0.327  1
RGI60-15.07226     0.14592   30.648852   79.407660   -0.109    0.283  1
RGI60-15.10547     0.14590   28.183296   87.492523   -0.500    0.284  1
RGI60-15.06926     0.14580   30.953202   79.313703   -0.474    0.229  1
RGI60-15.10343     0.14568   27.951872   87.888000   -0.291    0.232  1
RGI60-15.03719     0.14564   27.729067   86.562530   -0.167    0.249  1
RGI60-15.05760     0.14563   29.645223   82.602252   -0.694    0.408  1
RGI60-15.02020     0.14562   27.876080   91.256816   -0.788    0.320  1
RGI60-15.01176     0.14561   30.163784   95.579044   -0.334    0.375  1
RGI60-15.05421     0.14560   29.409776   82.594069   -0.314    0.286  1
RGI60-15.10234     0.14559   28.351032   86.372700   -0.178    0.233  1
RGI60-15.06445     0.14556   29.951209   82.209629   -0.692    0.389  1
RGI60-15.04162     0.14555   28.339413   84.686543   -0.170    0.320  1
RGI60-15.11657     0.14549   29.373286   96.941874   -0.109    0.294  1
RGI60-15.12283     0.14545   29.177240   96.315818   -0.818    0.866  1
RGI60-15.08037     0.14539   31.621872  103.006570   -0.230    0.314  1
RGI60-15.08381     0.14530   29.790404   97.019177   -0.711    0.325  1
RGI60-15.01762     0.14529   28.095498   91.427757   -0.138    0.206  1
RGI60-15.05382     0.14527   29.609439   82.574892   -0.754    0.308  1
RGI60-15.00316     0.14522   28.451213   97.740934   -0.746    0.372  1
RGI60-15.10583     0.14522   27.864719   87.574523   -0.352    0.261  1
RGI60-15.00307     0.14514   28.393699   97.558129   -1.135    0.356  1
RGI60-15.02014     0.14503   27.907896   92.433528    0.044    0.217  1
RGI60-15.02532     0.14499   27.667381   89.403443   -0.535    0.243  1
RGI60-15.01133     0.14495   30.459843   95.318536   -0.578    0.404  1
RGI60-15.03251     0.14490   27.984359   88.532096   -0.223    0.305  1
RGI60-15.10003     0.14487   28.230582   86.856418   -0.564    0.304  1
RGI60-15.01473     0.14484   28.368043   92.849888   -0.903    0.384  1
RGI60-15.06011     0.14484   29.825483   81.212031   -0.429    0.263  1
RGI60-15.04422     0.14474   28.770683   83.116131   -1.093    0.349  1
RGI60-15.03457     0.14468   27.906320   86.679100   -0.163    0.256  1
RGI60-15.06486     0.14463   30.202503   81.788428    0.007    0.291  1
RGI60-15.06157     0.14459   29.893532   82.170466   -0.568    0.335  1
RGI60-15.07147     0.14450   30.862869   79.541490   -0.048    0.242  1
RGI60-15.00953     0.14448   30.526773   95.280410   -0.332    0.306  1
RGI60-15.07418     0.14440   31.169100   78.380658   -0.259    0.285  1
RGI60-15.02035     0.14429   27.973963   92.158614   -0.633    0.326  1
RGI60-15.05780     0.14421   30.147816   81.659286   -0.554    0.342  1
RGI60-15.06070     0.14415   30.278288   81.469124   -0.224    0.239  1
RGI60-15.10586     0.14413   27.856788   87.586372   -0.095    0.307  1
RGI60-15.10730     0.14413   28.114571   90.404257   -0.190    0.230  1
RGI60-15.07687     0.14412   31.646610   99.596773   -1.018    0.331  1
RGI60-15.01887     0.14407   27.789689   92.248049   -0.915    0.340  1
RGI60-15.09743     0.14406   27.969775   86.322042   -0.026    0.267  1
RGI60-15.00808     0.14406   30.356461   95.669728   -0.506    0.243  1
RGI60-15.01280     0.14402   28.221910   92.693086   -0.754    0.425  1
RGI60-15.01696     0.14399   28.262470   91.871034   -0.102    0.239  1
RGI60-15.02157     0.14397   28.057449   91.441258   -0.458    0.299  1
RGI60-15.07355     0.14389   31.142882   78.546846   -0.448    0.362  1
RGI60-15.07411     0.14388   31.184164   78.387150    0.103    0.330  1
RGI60-15.00864     0.14383   30.356750   95.510588   -0.567    0.275  1
RGI60-15.05765     0.14373   30.199461   81.552404   -0.874    0.316  1
RGI60-15.05558     0.14371   29.283620   82.538362   -0.063    0.434  1
RGI60-15.00790     0.14371   30.350889   95.637045   -0.383    0.330  1
RGI60-15.08568     0.14367   29.866711   96.887986   -0.751    0.301  1
RGI60-15.00386     0.14365   29.259810   97.562849   -0.675    0.271  1
RGI60-15.04682     0.14361   28.869582   84.069992   -0.158    0.282  1
RGI60-15.09414     0.14359   28.342478   85.549341   -0.150    0.292  1
RGI60-15.11124     0.14357   30.258584   95.848811   -0.388    0.419  1
RGI60-15.02048     0.14355   27.993423   91.635653   -0.104    0.351  1
RGI60-15.04671     0.14353   28.933571   84.099785   -0.226    0.258  1
RGI60-15.01142     0.14352   29.577555   95.077083   -0.039    0.302  1
RGI60-15.13080     0.14351   29.006939   97.569669   -0.988    0.361  1
RGI60-15.03098     0.14344   27.803776   87.903102   -0.238    0.273  1
RGI60-15.09128     0.14330   28.720221   84.650780   -0.478    0.285  1
RGI60-15.09052     0.14326   30.258215   81.352957   -0.562    0.332  1
RGI60-15.06447     0.14317   29.968191   82.240562   -0.195    0.242  1
RGI60-15.09469     0.14310   28.053084   85.922728   -1.143    0.343  1
RGI60-15.05400     0.14308   29.425112   82.711361   -0.775    0.326  1
RGI60-15.01018     0.14303   30.459633   95.294546    0.898    0.425  1
RGI60-15.00939     0.14295   30.531391   95.250797   -0.327    0.249  1
RGI60-15.03848     0.14279   27.914712   86.991847   -0.729    0.285  1
RGI60-15.12384     0.14276   28.287319   96.886724   -0.160    0.275  1
RGI60-15.04490     0.14274   28.734174   84.101423   -1.169    0.346  1
RGI60-15.02183     0.14267   28.069811   91.277624   -0.013    0.250  1
RGI60-15.07918     0.14260   30.595936  101.884549   -0.889    0.337  1
RGI60-15.10705     0.14259   27.799834   89.233396   -0.397    0.249  1
RGI60-15.10075     0.14248   28.044603   86.960046    0.008    0.215  1
RGI60-15.13102     0.14241   31.053727   79.443979    0.002    0.242  1
RGI60-15.02344     0.14232   28.114355   89.981312   -0.357    0.301  1
RGI60-15.04400     0.14232   28.946371   83.730646   -0.630    0.275  1
RGI60-15.02571     0.14229   27.991843   90.578430   -0.886    0.318  1
RGI60-15.03545     0.14229   27.833828   86.456409   -0.453    0.305  1
RGI60-15.08482     0.14225   29.804035   97.222267   -0.927    0.367  1
RGI60-15.02656     0.14219   27.948631   89.894878   -0.581    0.250  1
RGI60-15.06155     0.14213   29.893700   82.162818   -0.931    0.334  1
RGI60-15.01184     0.14207   30.150188   95.535380   -0.430    0.286  1
RGI60-15.02597     0.14202   27.966418   90.778284   -0.653    0.294  1
RGI60-15.06336     0.14196   30.199927   80.739376   -0.308    0.372  1
RGI60-15.11386     0.14194   29.714572   96.304465    1.154    1.001  1
RGI60-15.06787     0.14194   30.646371   79.659602   -0.299    0.232  1
RGI60-15.03318     0.14183   27.884597   88.766194   -0.470    0.230  1
RGI60-15.02029     0.14172   27.898833   91.642525   -0.132    0.265  1
RGI60-15.11308     0.14165   30.076481   96.173511   -0.853    0.455  1
RGI60-15.12399     0.14157   28.420843   96.920765   -0.538    0.343  1
RGI60-15.02427     0.14138   27.878347   90.234359   -1.172    0.362  1
RGI60-15.06783     0.14136   30.614877   79.678677   -0.446    0.235  1
RGI60-15.09778     0.14136   28.057144   86.496217   -0.528    0.249  1
RGI60-15.10425     0.14131   27.947756   88.094008   -0.219    0.221  1
RGI60-15.09594     0.14126   28.337873   86.259452   -0.023    0.287  1
RGI60-15.04683     0.14120   28.865070   84.069655    0.006    0.242  1
RGI60-15.09418     0.14111   28.338993   85.557823   -0.176    0.340  1
RGI60-15.06061     0.14109   30.336251   81.453910   -0.682    0.278  1
RGI60-15.02679     0.14107   28.020874   89.612732   -0.976    0.342  1
RGI60-15.02266     0.14106   28.123300   89.815304   -0.185    0.213  1
RGI60-15.07243     0.14103   30.359460   80.020656   -0.793    0.444  1
RGI60-15.00747     0.14102   30.425014   95.596986   -0.793    0.333  1
RGI60-15.08983     0.14090   30.441561   81.237242   -0.083    0.221  1
RGI60-15.07404     0.14087   31.172729   78.518325   -0.418    0.354  1
RGI60-15.04567     0.14085   28.472873   84.263519   -0.154    0.245  1
RGI60-15.05391     0.14085   29.471872   82.471173   -0.648    0.310  1
RGI60-15.08082     0.14079   29.143790   98.486103   -1.362    0.509  1
RGI60-15.02206     0.14074   27.906186   91.378239   -0.471    0.282  1
RGI60-15.05852     0.14071   29.940850   81.513397   -0.397    0.298  1
RGI60-15.03460     0.14066   27.913415   86.666000   -0.622    0.326  1
RGI60-15.05360     0.14065   28.989479   82.401900   -0.846    0.355  1
RGI60-15.00520     0.14062   28.140770   97.471473    0.179    0.299  1
RGI60-15.06651     0.14061   30.617210   79.450096   -0.759    0.280  1
RGI60-15.03425     0.14056   27.942174   86.490279   -0.461    0.261  1
RGI60-15.00177     0.14056   30.154782   99.466132   -0.771    0.336  1
RGI60-15.08399     0.14055   29.918202   97.038694   -1.337    0.457  1
RGI60-15.08063     0.14054   28.355685   98.743677   -0.335    0.380  1
RGI60-15.02998     0.14050   27.702271   88.353043   -0.608    0.331  1
RGI60-15.09473     0.14048   28.362279   85.747999   -0.143    0.312  1
RGI60-15.01794     0.14043   28.167437   91.884192   -0.941    0.365  1
RGI60-15.08825     0.14040   30.947135   79.759507   -0.444    0.279  1
RGI60-15.09848     0.14039   28.159295   87.089699   -0.164    0.346  1
RGI60-15.03587     0.14039   27.718825   86.851235    0.398    0.297  1
RGI60-15.03641     0.14037   27.741915   87.652571   -0.599    0.278  1
RGI60-15.03721     0.14035   27.776130   86.577685   -0.314    0.323  1
RGI60-15.01218     0.14035   29.975238   95.237032   -0.144    0.324  1
RGI60-15.01232     0.14032   29.978136   95.437494   -0.162    0.348  1
RGI60-15.03984     0.14025   28.388221   84.628854   -0.421    0.346  1
RGI60-15.06485     0.14015   30.196520   81.779560   -0.284    0.284  1
RGI60-15.04942     0.14011   29.309018   83.443259   -0.809    0.314  1
RGI60-15.03231     0.14009   27.505355   88.278790   -0.815    0.414  1
RGI60-15.10903     0.13995   28.315293   90.772555   -0.742    0.319  1
RGI60-15.08859     0.13989   30.626802   80.039304   -1.052    0.531  1
RGI60-15.07503     0.13986   30.786679   78.910224   -0.114    0.272  1
RGI60-15.03371     0.13976   27.838262   87.024177   -0.301    0.263  1
RGI60-15.08808     0.13975   31.132494   79.323609   -1.043    0.343  1
RGI60-15.10575     0.13972   28.018063   87.598081   -0.572    0.302  1
RGI60-15.10640     0.13969   27.923225   87.735983   -0.590    0.297  1
RGI60-15.01187     0.13965   30.129818   95.576202    0.057    0.289  1
RGI60-15.03203     0.13964   27.516598   88.268151   -0.777    0.327  1
RGI60-15.04044     0.13963   28.270075   85.683082   -0.409    0.250  1
RGI60-15.05289     0.13962   29.822659   82.392184    0.281    0.440  1
RGI60-15.06344     0.13962   30.229452   80.672698    0.093    0.355  1
RGI60-15.07184     0.13961   30.809759   79.383591   -0.468    0.268  1
RGI60-15.00091     0.13954   29.988342   99.668144   -0.768    0.317  1
RGI60-15.08496     0.13953   29.738058   96.554976   -0.759    0.296  1
RGI60-15.02926     0.13953   27.999163   88.628276   -0.565    0.254  1
RGI60-15.00755     0.13947   30.412881   95.642599   -0.529    0.282  1
RGI60-15.03339     0.13944   27.823675   87.934403   -0.131    0.258  1
RGI60-15.08196     0.13942   29.589471   97.125181   -0.891    0.343  1
RGI60-15.04312     0.13937   28.154417   85.653829   -0.252    0.293  1
RGI60-15.08671     0.13932   30.566252   97.338019   -0.914    0.350  1
RGI60-15.11741     0.13928   29.590736   97.083985   -0.507    0.288  1
RGI60-15.07249     0.13923   30.182747   80.175945    0.027    0.309  1
RGI60-15.12650     0.13887   29.122010   96.963003   -0.446    0.366  1
RGI60-15.08824     0.13885   30.947435   79.746306   -0.244    0.307  1
RGI60-15.07326     0.13885   31.274901   78.834846   -0.568    0.250  1
RGI60-15.02154     0.13879   28.041031   91.377444   -0.246    0.227  1
RGI60-15.02213     0.13875   27.874983   92.294884   -0.893    0.381  1
RGI60-15.08811     0.13873   31.053603   79.346786   -0.254    0.253  1
RGI60-15.06410     0.13871   30.016975   82.101346   -0.477    0.248  1
RGI60-15.07769     0.13871   29.175711  101.207999   -1.295    0.465  1
RGI60-15.02180     0.13868   28.018733   91.307381   -1.129    0.495  1
RGI60-15.09709     0.13864   28.182272   86.335452   -0.584    0.256  1
RGI60-15.04983     0.13864   29.108815   83.733952   -0.018    0.289  1
RGI60-15.02522     0.13852   27.907145   90.549866   -0.223    0.268  1
RGI60-15.01313     0.13844   28.669190   93.421070   -1.098    0.362  1
RGI60-15.08633     0.13841   29.830209   96.450370   -0.489    0.307  1
RGI60-15.03168     0.13840   27.553116   88.027848   -0.814    0.314  1
RGI60-15.03255     0.13839   28.011164   88.546938   -0.412    0.271  1
RGI60-15.13085     0.13833   28.936508   97.586578   -0.449    0.288  1
RGI60-15.09694     0.13827   28.234954   86.344530   -0.505    0.255  1
RGI60-15.10424     0.13826   28.021197   88.092761   -0.141    0.227  1
RGI60-15.06782     0.13819   30.628016   79.685396   -0.496    0.235  1
RGI60-15.04869     0.13817   28.797170   83.431975   -0.597    0.303  1
RGI60-15.06863     0.13811   30.853526   79.452994    0.042    0.285  1
RGI60-15.12630     0.13808   28.974084   96.910090   -1.163    0.468  1
RGI60-15.08249     0.13808   29.607857   97.220188   -0.702    0.321  1
RGI60-15.02584     0.13803   28.048651   90.705044   -1.073    0.403  1
RGI60-15.12842     0.13802   29.353521   97.152726   -0.703    0.390  1
RGI60-15.00952     0.13796   30.519747   95.289005   -0.153    0.299  1
RGI60-15.01289     0.13794   28.178241   92.752986   -0.167    0.350  1
RGI60-15.12317     0.13789   28.975601   96.514251   -0.039    0.412  1
RGI60-15.02413     0.13786   27.983921   90.253024   -0.409    0.274  1
RGI60-15.11595     0.13784   29.532973   96.849516   -0.894    0.304  1
RGI60-15.01193     0.13783   29.826176   95.463656   -0.296    0.347  1
RGI60-15.12094     0.13776   29.525378   96.006131   -0.347    0.573  1
RGI60-15.09337     0.13776   28.694820   85.404923   -0.173    0.262  1
RGI60-15.01813     0.13774   28.005827   92.320861   -0.437    0.244  1
RGI60-15.10608     0.13768   27.822607   87.618618   -0.847    0.304  1
RGI60-15.06021     0.13765   30.197563   80.625214   -0.561    0.377  1
RGI60-15.05314     0.13753   29.778468   82.357392   -0.368    0.318  1
RGI60-15.03066     0.13752   27.852602   88.005680   -0.084    0.263  1
RGI60-15.05381     0.13746   29.612074   82.578258   -1.048    0.430  1
RGI60-15.03281     0.13742   27.844962   88.618724   -0.485    0.336  1
RGI60-15.06635     0.13740   30.655257   79.303334   -0.609    0.249  1
RGI60-15.05255     0.13740   29.830640   82.329388   -0.096    0.297  1
RGI60-15.00077     0.13731   29.908489   99.664981   -1.123    0.383  1
RGI60-15.03003     0.13731   27.720932   88.365172   -0.547    0.290  1
RGI60-15.06049     0.13728   30.147727   80.445328   -0.474    0.398  1
RGI60-15.08165     0.13724   29.388752   97.416222   -1.129    0.391  1
RGI60-15.02177     0.13723   27.993125   91.331753   -0.539    0.315  1
RGI60-15.07128     0.13713   30.677161   79.746685   -0.275    0.242  1
RGI60-15.10400     0.13698   27.925357   88.043146    0.402    0.938  1
RGI60-15.02346     0.13695   28.136261   89.979417   -0.724    0.304  1
RGI60-15.08183     0.13688   29.595237   97.098460   -0.495    0.241  1
RGI60-15.10025     0.13673   28.129251   86.896775   -0.330    0.296  1
RGI60-15.10955     0.13668   28.035932   89.458804   -0.869    0.433  1
RGI60-15.02550     0.13667   27.900486   90.783062   -0.579    0.345  1
RGI60-15.08336     0.13667   29.728334   96.932388   -0.900    0.338  1
RGI60-15.02834     0.13666   27.650083   88.229765   -0.400    0.295  1
RGI60-15.10517     0.13660   28.258032   87.618420   -0.423    0.232  1
RGI60-15.05870     0.13652   30.294170   80.421680   -0.111    0.265  1
RGI60-15.12904     0.13646   29.402357   97.235505   -0.797    0.392  1
RGI60-15.11067     0.13642   30.293957   95.795265   -1.477    0.876  1
RGI60-15.13059     0.13640   28.944558   97.503280   -0.646    0.298  1
RGI60-15.04390     0.13639   28.865253   83.537079   -0.263    0.184  1
RGI60-15.02691     0.13631   27.904634   90.324063   -1.210    0.390  1
RGI60-15.04138     0.13630   28.578599   85.005984   -0.373    0.242  1
RGI60-15.06026     0.13625   30.294017   80.850689    0.396    0.348  1
RGI60-15.07387     0.13618   31.228916   78.439516   -0.391    0.312  1
RGI60-15.00870     0.13610   30.312599   95.498061   -0.265    0.322  1
RGI60-15.11666     0.13607   29.595150   96.951157   -0.137    0.321  1
RGI60-15.11375     0.13607   29.901358   96.290702   -0.386    0.347  1
RGI60-15.13107     0.13607   31.266148   79.211295   -0.175    0.237  1
RGI60-15.07319     0.13606   31.170045   78.608683    0.089    0.338  1
RGI60-15.00324     0.13603   28.304230   98.168277   -0.701    0.380  1
RGI60-15.01605     0.13600   27.874970   92.505925   -0.234    0.255  1
RGI60-15.00798     0.13600   30.366070   95.636032   -0.758    0.304  1
RGI60-15.03085     0.13599   27.775772   87.966354   -0.492    0.279  1
RGI60-15.03916     0.13599   27.915443   86.587674   -1.021    0.371  1
RGI60-15.05834     0.13596   29.914764   81.729371   -0.637    0.291  1
RGI60-15.02524     0.13596   27.830127   90.578734   -0.778    0.299  1
RGI60-15.05655     0.13588   29.665767   82.397688   -0.411    0.418  1
RGI60-15.04543     0.13579   28.812589   83.935848   -0.239    0.226  1
RGI60-15.03275     0.13577   27.823020   88.647060   -0.987    0.485  1
RGI60-15.07965     0.13572   31.268278  102.776737    0.124    0.273  1
RGI60-15.06569     0.13571   30.305782   80.374388   -0.236    0.216  1
RGI60-15.08449     0.13570   29.754938   97.124575   -1.063    0.390  1
RGI60-15.05941     0.13568   29.916215   81.021031   -0.348    0.249  1
RGI60-15.05747     0.13568   29.271651   82.768830   -0.027    0.423  1
RGI60-15.11736     0.13567   29.601296   97.072502   -0.876    0.299  1
RGI60-15.10973     0.13564   27.975825   88.861429    0.016    0.191  1
RGI60-15.12539     0.13564   29.298657   96.570239    0.015    0.385  1
RGI60-15.10079     0.13561   28.096661   86.969094   -0.031    0.198  1
RGI60-15.02045     0.13559   28.022146   91.633586   -0.229    0.579  1
RGI60-15.00611     0.13557   30.330374   95.304011    0.549    0.355  1
RGI60-15.00237     0.13554   28.329095   97.945924   -0.216    0.254  1
RGI60-15.07615     0.13552   30.989977   78.516518   -0.299    0.288  1
RGI60-15.01351     0.13551   28.142338   92.681650   -0.176    0.275  1
RGI60-15.05221     0.13550   29.738665   82.694285   -0.561    0.337  1
RGI60-15.10858     0.13550   28.251538   90.615694   -0.460    0.333  1
RGI60-15.00768     0.13545   30.400728   95.637519   -0.817    0.324  1
RGI60-15.00082     0.13540   29.854517   99.566168   -1.175    0.411  1
RGI60-15.02794     0.13530   27.749734   88.136833   -0.105    0.275  1
RGI60-15.02653     0.13529   28.020825   89.879575   -0.809    0.321  1
RGI60-15.06731     0.13522   30.360263   79.897123    0.223    0.295  1
RGI60-15.07253     0.13519   30.382714   80.027494   -0.158    0.445  1
RGI60-15.12797     0.13517   29.508661   97.095928   -0.786    0.294  1
RGI60-15.10454     0.13513   28.012533   88.164663   -0.036    0.189  1
RGI60-15.01944     0.13509   27.840400   92.366798    0.037    0.292  1
RGI60-15.03280     0.13509   27.842060   88.621645   -0.182    0.275  1
RGI60-15.06466     0.13506   29.943914   82.167833   -0.790    0.296  1
RGI60-15.03561     0.13505   27.906426   86.418006   -0.140    0.293  1
RGI60-15.01776     0.13504   28.214301   91.655074   -0.614    0.266  1
RGI60-15.00813     0.13493   30.326472   95.706971   -0.296    0.259  1
RGI60-15.03931     0.13489   28.029890   86.602948   -0.353    0.249  1
RGI60-15.01468     0.13486   28.475575   92.785653   -0.182    0.301  1
RGI60-15.07065     0.13485   30.233993   79.805740   -0.393    0.278  1
RGI60-15.01407     0.13484   28.183059   92.878789   -2.011    0.795  1
RGI60-15.08525     0.13477   29.761050   96.809291   -1.286    0.425  1
RGI60-15.06433     0.13474   29.972707   82.094618    0.007    0.363  1
RGI60-15.09852     0.13471   27.969715   87.097420   -0.034    0.307  1
RGI60-15.03987     0.13469   28.415750   84.575784   -0.401    0.249  1
RGI60-15.13004     0.13466   28.768552   97.344214   -0.292    0.267  1
RGI60-15.04993     0.13464   29.101694   83.629094   -0.476    0.209  1
RGI60-15.10696     0.13460   27.870838   88.903708   -0.998    0.321  1
RGI60-15.05459     0.13456   29.294225   82.731145    0.208    0.568  1
RGI60-15.05905     0.13454   29.810957   81.392131   -0.677    0.342  1
RGI60-15.06991     0.13452   30.526135   79.916642   -1.326    0.582  1
RGI60-15.01858     0.13449   27.782294   92.045823   -0.446    0.243  1
RGI60-15.07946     0.13447   31.438976  102.688626   -1.048    0.538  1
RGI60-15.01515     0.13444   28.015803   92.573002   -0.383    0.224  1
RGI60-15.04716     0.13443   28.687310   84.331084   -0.066    0.279  1
RGI60-15.09046     0.13440   30.212588   81.347606   -0.139    0.216  1
RGI60-15.12821     0.13434   29.421621   97.116487   -1.079    0.366  1
RGI60-15.09131     0.13420   28.802158   84.672076   -0.505    0.284  1
RGI60-15.08375     0.13416   29.905031   97.016235   -0.414    0.245  1
RGI60-15.03071     0.13414   27.851172   87.980037   -0.296    0.218  1
RGI60-15.05769     0.13407   30.200030   81.577597   -0.508    0.276  1
RGI60-15.01085     0.13407   30.330349   95.565440    0.120    0.298  1
RGI60-15.03671     0.13407   27.808696   87.812894   -0.824    0.303  1
RGI60-15.05650     0.13404   29.638408   82.796414    0.038    0.232  1
RGI60-15.04528     0.13403   28.796689   84.231923   -0.257    0.223  1
RGI60-15.11030     0.13400   30.011135   95.723845   -0.280    0.370  1
RGI60-15.01812     0.13394   27.984083   92.330364   -0.348    0.225  1
RGI60-15.08801     0.13393   31.152447   79.310568   -0.284    0.187  1
RGI60-15.02041     0.13389   28.018389   91.744547   -0.221    0.253  1
RGI60-15.02847     0.13383   27.789090   88.194438    0.401    1.019  1
RGI60-15.11535     0.13372   29.687160   96.598212   -0.113    0.320  1
RGI60-15.12663     0.13370   29.476512   96.986012   -0.805    0.351  1
RGI60-15.07215     0.13361   30.631971   79.424931   -0.415    0.256  1
RGI60-15.09786     0.13359   28.127395   86.522504   -0.512    0.226  1
RGI60-15.00420     0.13353   28.674496   98.220470   -1.279    0.395  1
RGI60-15.07420     0.13350   31.163774   78.378266   -0.453    0.252  1
RGI60-15.01719     0.13348   28.236344   91.338240   -0.239    0.321  1
RGI60-15.07244     0.13345   30.358607   80.027487   -1.161    0.401  1
RGI60-15.09996     0.13342   28.072714   86.833187   -0.074    0.209  1
RGI60-15.01419     0.13329   28.269299   92.987498   -0.654    0.354  1
RGI60-15.06169     0.13328   30.050823   82.157020   -0.684    0.264  1
RGI60-15.10177     0.13327   28.160624   86.648476   -0.120    0.254  1
RGI60-15.08128     0.13327   29.104602   97.616795   -0.611    0.242  1
RGI60-15.01882     0.13323   27.743130   92.190614   -0.470    0.300  1
RGI60-15.00993     0.13312   30.410609   95.216327   -0.455    0.255  1
RGI60-15.01069     0.13303   30.122434   95.306158   -0.553    0.374  1
RGI60-15.00398     0.13300   28.607059   98.251237    0.653    0.506  1
RGI60-15.06795     0.13297   30.730028   79.529766   -0.517    0.281  1
RGI60-15.04471     0.13283   28.789401   84.244405   -0.452    0.289  1
RGI60-15.02592     0.13281   28.023823   90.769563   -0.631    0.327  1
RGI60-15.12297     0.13281   28.503273   96.390546   -1.025    0.382  1
RGI60-15.04668     0.13279   28.936918   84.085818   -0.520    0.288  1
RGI60-15.01398     0.13277   28.154706   92.872803   -0.614    0.371  1
RGI60-15.04533     0.13276   28.665304   84.275621   -0.240    0.263  1
RGI60-15.04551     0.13275   28.495434   83.785654    0.244    0.374  1
RGI60-15.12320     0.13273   28.955524   96.516964   -0.203    0.376  1
RGI60-15.02919     0.13272   27.950028   88.276515   -0.723    0.291  1
RGI60-15.00065     0.13272   30.543579   99.589062   -0.158    0.295  1
RGI60-15.12851     0.13269   29.023000   97.160732   -0.392    0.306  1
RGI60-15.11054     0.13269   30.107461   95.779422   -0.409    0.392  1
RGI60-15.00464     0.13268   29.148402   97.822696   -0.435    0.261  1
RGI60-15.00144     0.13263   29.930186   99.517137   -0.875    0.373  1
RGI60-15.02454     0.13263   27.935460   90.281594   -0.246    0.219  1
RGI60-15.07786     0.13261   29.163219  101.298189   -1.127    0.521  1
RGI60-15.04284     0.13256   28.144905   85.550130   -0.499    0.295  1
RGI60-15.00592     0.13250   28.162163   97.432866   -0.624    0.306  1
RGI60-15.05385     0.13240   29.706104   82.273079   -1.023    0.400  1
RGI60-15.12016     0.13237   29.350386   95.780613   -1.319    0.494  1
RGI60-15.06748     0.13236   30.220929   80.041053    0.021    0.383  1
RGI60-15.04937     0.13236   29.204578   83.499276   -1.356    0.486  1
RGI60-15.04837     0.13232   28.849205   83.429038   -0.655    0.316  1
RGI60-15.08855     0.13232   30.667801   80.019414   -0.389    0.379  1
RGI60-15.12239     0.13227   28.587386   96.492139   -0.383    0.376  1
RGI60-15.11152     0.13227   30.244809   95.878371   -0.391    0.321  1
RGI60-15.02230     0.13225   28.025905   89.577151   -0.605    0.265  1
RGI60-15.12252     0.13221   29.352239   96.141323    0.516    0.950  1
RGI60-15.01350     0.13218   28.150634   92.679789    0.313    0.340  1
RGI60-15.12562     0.13217   29.167491   96.646620   -0.374    0.396  1
RGI60-15.04263     0.13208   28.170479   85.496390    0.117    0.322  1
RGI60-15.01425     0.13206   28.245948   92.973856   -1.167    0.731  1
RGI60-15.09513     0.13202   28.425990   85.845619   -0.217    0.305  1
RGI60-15.10189     0.13199   28.223082   86.669246   -0.022    0.184  1
RGI60-15.02021     0.13197   27.881917   91.263115    0.062    0.302  1
RGI60-15.11447     0.13188   29.859486   96.407455   -0.842    0.346  1
RGI60-15.01100     0.13179   30.158099   95.652887   -0.671    0.372  1
RGI60-15.03115     0.13174   27.750743   87.899497   -0.459    0.271  1
RGI60-15.10447     0.13171   28.002629   88.156399    0.034    0.253  1
RGI60-15.11323     0.13164   29.898628   96.202761   -0.021    0.365  1
RGI60-15.01725     0.13158   28.205233   91.370762   -0.176    0.247  1
RGI60-15.02960     0.13156   27.894240   88.690207   -0.524    0.264  1
RGI60-15.04126     0.13156   28.400835   85.060346    0.005    0.353  1
RGI60-15.11829     0.13154   29.593314   96.102836    0.335    0.397  1
RGI60-15.08169     0.13153   29.463492   97.437504   -0.432    0.240  1
RGI60-15.06862     0.13152   30.845725   79.449332   -0.549    0.238  1
RGI60-15.05553     0.13152   29.195276   82.565332   -0.553    0.481  1
RGI60-15.07796     0.13141   29.085225  101.828406   -0.143    0.439  1
RGI60-15.01014     0.13139   30.440909   95.254399   -0.442    0.342  1
RGI60-15.01786     0.13138   28.088142   91.860052    0.063    0.250  1
RGI60-15.05718     0.13133   29.134173   82.710998   -0.597    0.270  1
RGI60-15.05594     0.13131   29.207074   82.883002   -0.270    0.286  1
RGI60-15.12983     0.13128   28.738357   97.323307   -0.578    0.308  1
RGI60-15.10487     0.13121   28.046752   88.520897   -0.236    0.259  1
RGI60-15.07120     0.13113   30.781563   79.279663   -0.278    0.227  1
RGI60-15.00326     0.13111   28.775972   98.567296   -0.775    0.357  1
RGI60-15.04680     0.13110   28.869773   84.066741   -0.204    0.293  1
RGI60-15.08718     0.13108   31.034892   79.102958   -0.230    0.175  1
RGI60-15.12393     0.13105   28.427869   96.903320   -0.335    0.284  1
RGI60-15.01445     0.13103   28.659505   93.487420   -0.501    0.308  1
RGI60-15.08893     0.13099   30.628921   80.212461    0.104    0.226  1
RGI60-15.02752     0.13097   27.512501   88.219409   -0.670    0.318  1
RGI60-15.03789     0.13097   27.860522   86.953724   -0.696    0.309  1
RGI60-15.04876     0.13097   28.857571   83.563450   -0.310    0.283  1
RGI60-15.07078     0.13092   30.797200   79.669696    0.003    0.262  1
RGI60-15.10851     0.13091   28.270062   90.607337   -0.100    0.274  1
RGI60-15.09938     0.13090   28.222585   86.745612    0.090    0.264  1
RGI60-15.03886     0.13086   27.864910   86.934105   -0.738    0.326  1
RGI60-15.05883     0.13084   29.741863   81.513507   -0.231    0.253  1
RGI60-15.01138     0.13084   29.957914   95.514781   -0.900    0.388  1
RGI60-15.03867     0.13080   27.746197   87.133566   -0.527    0.299  1
RGI60-15.06339     0.13077   30.203535   80.698121   -0.126    0.288  1
RGI60-15.09071     0.13071   30.231396   81.367596   -0.000    0.358  1
RGI60-15.09681     0.13059   28.214783   86.312651   -0.637    0.298  1
RGI60-15.01469     0.13058   28.484075   92.788213   -0.320    0.249  1
RGI60-15.07059     0.13058   30.483987   79.831450    0.175    0.262  1
RGI60-15.01456     0.13057   28.479012   92.730945   -1.015    0.344  1
RGI60-15.07325     0.13056   31.099495   78.701366   -0.212    0.269  1
RGI60-15.00902     0.13055   30.236374   95.617176   -0.361    0.287  1
RGI60-15.08833     0.13055   30.879715   79.809741   -0.287    0.284  1
RGI60-15.03940     0.13053   28.036511   86.664507   -0.634    0.255  1
RGI60-15.03682     0.13052   27.808177   87.786268   -0.628    0.300  1
RGI60-15.02558     0.13048   27.993402   90.517659   -0.658    0.270  1
RGI60-15.01228     0.13043   30.004262   95.157886    0.193    0.647  1
RGI60-15.09399     0.13041   28.498558   85.516151   -0.228    0.293  1
RGI60-15.01975     0.13038   27.757918   92.450070   -1.552    0.593  1
RGI60-15.08517     0.13036   29.747298   96.774969   -0.318    0.347  1
RGI60-15.00622     0.13033   30.657615   95.146040   -0.434    0.271  1
RGI60-15.07544     0.13026   31.035977   78.493976   -0.700    0.331  1
RGI60-15.03853     0.13017   27.967425   86.644109   -0.375    0.304  1
RGI60-15.10475     0.13016   28.006538   88.376807   -0.341    0.239  1
RGI60-15.07969     0.13014   31.200928  102.874139   -0.309    0.332  1
RGI60-15.07729     0.13006   31.635842   99.505763   -0.525    0.292  1
RGI60-15.05697     0.13002   29.177346   83.022470   -0.405    0.280  1
RGI60-15.02295     0.12999   27.965617   89.925339   -0.263    0.211  1
RGI60-15.02173     0.12998   27.982961   91.315527    0.124    0.322  1
RGI60-15.06195     0.12986   29.850020   81.489060   -0.133    0.305  1
RGI60-15.07654     0.12981   31.765994   99.074834   -1.284    0.446  1
RGI60-15.00400     0.12981   28.619929   98.208282    0.337    0.568  1
RGI60-15.08180     0.12969   29.583735   97.089570   -0.387    0.280  1
RGI60-15.11315     0.12965   30.025432   96.187549   -0.810    0.626  1
RGI60-15.06656     0.12965   30.514919   80.405115   -0.264    0.233  1
RGI60-15.07237     0.12962   30.815639   79.469562   -0.670    0.331  1
RGI60-15.12318     0.12960   28.948336   96.513245   -0.396    0.381  1
RGI60-15.12407     0.12956   29.501694   96.099684  -16.538    4.379  1
RGI60-15.00696     0.12952   30.450970   95.418386   -0.259    0.325  1
RGI60-15.08700     0.12950   31.320179   79.007791   -0.653    0.320  1
RGI60-15.09147     0.12950   28.644726   84.734413   -0.134    0.325  1
RGI60-15.00773     0.12949   30.379934   95.628880   -0.641    0.275  1
RGI60-15.02069     0.12946   27.863207   91.598633   -1.172    0.423  1
RGI60-15.01346     0.12926   28.156801   92.745897   -0.834    0.472  1
RGI60-15.10394     0.12926   27.925340   88.039562    0.535    0.485  1
RGI60-15.09842     0.12922   28.058759   87.081579   -0.550    0.229  1
RGI60-15.00741     0.12919   30.396536   95.542253   -0.559    0.364  1
RGI60-15.05938     0.12917   30.004872   81.044720   -0.019    0.275  1
RGI60-15.06575     0.12910   31.032165   79.369928   -0.568    0.259  1
RGI60-15.01742     0.12900   28.128764   91.506865    0.023    0.288  1
RGI60-15.10528     0.12899   28.176604   87.433403   -0.224    0.302  1
RGI60-15.01995     0.12896   27.825453   92.439649   -0.084    0.309  1
RGI60-15.01643     0.12895   28.516688   91.233198   -0.623    0.255  1
RGI60-15.08815     0.12891   31.078911   79.378055   -0.132    0.204  1
RGI60-15.01997     0.12888   27.834831   92.474147    0.053    0.244  1
RGI60-15.00691     0.12884   30.462894   95.394473    0.019    0.319  1
RGI60-15.08618     0.12880   29.933601   97.041834   -0.759    0.319  1
RGI60-15.07311     0.12879   31.213281   78.468582   -0.290    0.271  1
RGI60-15.09677     0.12878   28.153219   86.299788   -0.356    0.242  1
RGI60-15.11946     0.12877   29.194433   96.831866   -0.177    0.270  1
RGI60-15.01674     0.12872   28.374903   91.189732    0.036    0.202  1
RGI60-15.11884     0.12868   29.483221   96.459983   -0.754    0.353  1
RGI60-15.12616     0.12865   29.070511   96.849303    0.206    0.365  1
RGI60-15.12882     0.12862   29.385873   97.192100   -1.168    0.530  1
RGI60-15.08754     0.12862   31.044569   79.177789   -0.160    0.229  1
RGI60-15.12081     0.12861   29.367319   95.934327   -1.438    0.492  1
RGI60-15.02748     0.12861   27.534787   88.213930   -0.579    0.315  1
RGI60-15.11076     0.12852   30.369197   95.810729   -1.035    0.413  1
RGI60-15.03020     0.12845   27.836894   88.304457   -0.586    0.292  1
RGI60-15.11585     0.12844   29.552002   96.703028   -0.504    0.376  1
RGI60-15.03151     0.12843   27.942681   88.656393   -0.679    0.254  1
RGI60-15.10499     0.12836   28.287301   87.642002   -0.381    0.242  1
RGI60-15.02079     0.12830   27.933131   91.494729   -0.303    0.325  1
RGI60-15.00844     0.12828   30.338476   95.549290   -0.016    0.311  1
RGI60-15.00893     0.12825   30.195746   95.514915   -0.149    0.300  1
RGI60-15.11427     0.12822   29.786896   96.363276   -0.362    0.399  1
RGI60-15.08368     0.12819   29.753144   97.003547   -0.885    0.352  1
RGI60-15.01110     0.12817   30.520276   95.368965   -0.382    0.309  1
RGI60-15.10341     0.12813   28.024760   87.883778   -0.021    0.255  1
RGI60-15.07134     0.12809   30.888627   79.240002   -0.075    0.241  1
RGI60-15.01531     0.12808   28.133466   92.559221   -0.486    0.297  1
RGI60-15.07390     0.12799   31.232522   78.455529   -0.637    0.340  1
RGI60-15.00708     0.12797   30.427860   95.411455    0.004    0.284  1
RGI60-15.12108     0.12787   29.449372   96.027977   -0.416    0.441  1
RGI60-15.05891     0.12784   29.795163   81.347444   -0.435    0.315  1
RGI60-15.12078     0.12784   29.365544   95.931011   -1.278    0.498  1
RGI60-15.05268     0.12779   29.791085   82.344500   -0.064    0.356  1
RGI60-15.01312     0.12778   28.663899   93.415683    0.054    0.272  1
RGI60-15.01092     0.12776   30.249577   95.563565   -0.322    0.288  1
RGI60-15.10997     0.12774   29.787684   82.770905   -1.045    0.341  1
RGI60-15.07983     0.12772   30.613572  102.185732   -0.769    0.338  1
RGI60-15.00659     0.12772   30.457116   95.604476   -0.354    0.310  1
RGI60-15.08466     0.12761   29.752683   97.169420   -0.989    0.336  1
RGI60-15.02047     0.12760   27.996763   91.637227   -0.176    0.425  1
RGI60-15.03387     0.12760   27.647398   86.979521   -0.156    0.323  1
RGI60-15.07133     0.12756   30.845798   79.457591   -0.382    0.347  1
RGI60-15.05005     0.12742   29.061842   83.557659   -0.226    0.283  1
RGI60-15.09107     0.12741   28.781867   84.485015   -0.288    0.286  1
RGI60-15.05671     0.12735   29.718229   82.335567   -1.344    0.482  1
RGI60-15.11343     0.12734   29.908519   96.222420    0.882    0.853  1
RGI60-15.05862     0.12731   30.363115   80.603405    0.380    0.227  1
RGI60-15.08540     0.12729   29.786532   96.843721   -1.163    0.431  1
RGI60-15.12499     0.12728   29.176243   96.462691   -0.002    0.533  1
RGI60-15.00513     0.12727   28.740266   98.013458   -0.189    0.343  1
RGI60-15.05684     0.12722   29.708220   82.227308   -0.770    0.328  1
RGI60-15.00729     0.12722   30.589132   95.320096   -0.450    0.356  1
RGI60-15.03344     0.12719   27.808965   87.896395   -0.417    0.233  1
RGI60-15.04166     0.12717   28.600426   85.172978   -0.138    0.325  1
RGI60-15.08391     0.12716   29.678014   97.032693   -0.638    0.334  1
RGI60-15.10616     0.12714   27.812677   87.695572   -0.913    0.305  1
RGI60-15.04107     0.12713   28.513067   84.610806   -0.063    0.334  1
RGI60-15.09865     0.12707   28.038953   87.120785   -0.323    0.285  1
RGI60-15.02806     0.12684   27.780441   88.255528    0.244    0.231  1
RGI60-15.10690     0.12671   27.831575   88.883714   -0.932    0.320  1
RGI60-15.06805     0.12666   30.718611   79.656871   -0.451    0.255  1
RGI60-15.06866     0.12664   30.818153   79.464063   -0.310    0.256  1
RGI60-15.04503     0.12664   28.473959   84.284194   -0.145    0.286  1
RGI60-15.11155     0.12657   30.254193   95.881663   -0.610    0.322  1
RGI60-15.06219     0.12656   29.661908   81.474503   -0.704    0.342  1
RGI60-15.00707     0.12655   30.429109   95.404932   -0.280    0.273  1
RGI60-15.02013     0.12649   27.910654   92.439886   -0.599    0.351  1
RGI60-15.00173     0.12645   30.059695   99.312521   -0.422    0.372  1
RGI60-15.06778     0.12645   30.588209   79.688232   -0.532    0.246  1
RGI60-15.08642     0.12644   30.392114   95.787349   -1.540    0.577  1
RGI60-15.04619     0.12643   28.796670   84.367365   -0.354    0.309  1
RGI60-15.05248     0.12633   29.859478   82.361957    0.402    0.391  1
RGI60-15.12926     0.12632   28.905839   97.278404   -0.459    0.319  1
RGI60-15.04199     0.12627   28.139350   85.493200   -0.340    0.339  1
RGI60-15.11592     0.12627   29.609127   96.825202   -0.751    0.311  1
RGI60-15.02722     0.12626   27.558252   88.051119   -0.448    0.229  1
RGI60-15.02169     0.12625   28.028163   91.348074   -0.418    0.309  1
RGI60-15.08616     0.12622   29.929512   97.026229   -0.629    0.371  1
RGI60-15.11722     0.12620   29.570628   97.043907   -0.905    0.368  1
RGI60-15.03182     0.12618   27.979601   88.495224   -0.518    0.232  1
RGI60-15.04171     0.12615   28.533457   85.154873   -0.203    0.330  1
RGI60-15.02037     0.12614   28.041757   91.829340    0.130    0.307  1
RGI60-15.10266     0.12610   28.720681   85.420707   -0.568    0.347  1
RGI60-15.03082     0.12609   27.793046   87.984799   -0.479    0.261  1
RGI60-15.01977     0.12605   27.758962   92.443459   -1.449    0.461  1
RGI60-15.01872     0.12604   27.786034   92.163931   -0.566    0.298  1
RGI60-15.03985     0.12604   28.387532   84.634889   -0.218    0.336  1
RGI60-15.01198     0.12600   29.803221   95.434394   -0.830    0.384  1
RGI60-15.12860     0.12598   29.018133   97.163659   -0.699    0.355  1
RGI60-15.06170     0.12586   30.043019   82.208036   -0.483    0.265  1
RGI60-15.02729     0.12584   27.556516   88.035157   -0.921    0.311  1
RGI60-15.06380     0.12584   30.430109   80.580074   -0.149    0.245  1
RGI60-15.09562     0.12583   28.227165   86.100386   -1.436    0.423  1
RGI60-15.09225     0.12578   28.782082   85.052863   -0.240    0.259  1
RGI60-15.03856     0.12575   27.982131   86.722360   -0.525    0.350  1
RGI60-15.05377     0.12574   29.642243   82.622449   -1.691    0.509  1
RGI60-15.02203     0.12574   28.043872   90.964043    0.067    0.343  1
RGI60-15.11000     0.12568   29.799044   82.776041   -0.053    0.162  1
RGI60-15.09556     0.12565   27.994286   86.092226   -0.530    0.288  1
RGI60-15.08594     0.12563   29.935223   96.928236   -1.171    0.431  1
RGI60-15.02995     0.12562   27.665948   88.365619   -0.306    0.305  1
RGI60-15.05672     0.12561   29.716339   82.331624   -0.454    0.433  1
RGI60-15.08405     0.12555   29.906448   97.046245   -0.378    0.249  1
RGI60-15.11105     0.12555   30.263520   95.836303   -0.275    0.355  1
RGI60-15.08892     0.12555   30.620576   80.212246   -0.234    0.277  1
RGI60-15.09041     0.12550   30.253304   81.344545   -0.225    0.308  1
RGI60-15.05784     0.12546   30.004321   81.496437   -1.054    0.345  1
RGI60-15.11903     0.12533   29.444168   96.597455   -0.594    0.293  1
RGI60-15.00145     0.12533   29.924436   99.511389   -0.930    0.345  1
RGI60-15.05706     0.12532   29.104163   83.046036   -0.498    0.376  1
RGI60-15.01405     0.12525   28.131993   92.935445   -0.740    0.372  1
RGI60-15.08954     0.12521   30.146887   81.090957   -1.125    0.407  1
RGI60-15.02366     0.12516   27.985279   90.106410   -1.022    0.345  1
RGI60-15.01962     0.12515   27.789616   92.373433   -0.421    0.316  1
RGI60-15.07643     0.12515   27.115546  100.175822   -1.249    0.409  1
RGI60-15.00308     0.12511   28.386409   97.710279   -0.494    0.271  1
RGI60-15.11469     0.12510   29.729934   96.437316   -0.644    0.337  1
RGI60-15.11325     0.12501   30.080950   96.205959   -0.222    0.501  1
RGI60-15.04518     0.12500   28.637750   83.929992   -0.301    0.292  1
RGI60-15.03826     0.12494   27.669257   86.890965   -0.250    0.278  1
RGI60-15.08096     0.12491   30.571400   97.329733    0.023    0.334  1
RGI60-15.05186     0.12491   30.322616   82.017760   -0.288    0.335  1
RGI60-15.05877     0.12487   30.308163   80.392080   -0.305    0.386  1
RGI60-15.12442     0.12484   29.303872   96.315829   -0.073    0.289  1
RGI60-15.11738     0.12482   29.584555   97.078579   -0.623    0.314  1
RGI60-15.05171     0.12481   29.902426   82.229503   -0.807    0.314  1
RGI60-15.04464     0.12472   28.833155   84.158207   -0.580    0.267  1
RGI60-15.01931     0.12467   27.943743   92.265527   -0.780    0.311  1
RGI60-15.13084     0.12462   28.929322   97.581569   -0.699    0.312  1
RGI60-15.00220     0.12461   28.328087   97.589819   -0.075    0.376  1
RGI60-15.11822     0.12459   29.700423   96.073100    0.223    0.666  1
RGI60-15.06973     0.12454   30.678393   79.767507   -0.441    0.338  1
RGI60-15.02147     0.12450   28.011328   91.271893   -0.468    0.249  1
RGI60-15.07474     0.12445   31.192738   78.796882   -0.477    0.267  1
RGI60-15.07037     0.12445   30.415422   80.319548   -0.409    0.385  1
RGI60-15.06371     0.12439   30.322536   80.641190   -0.565    0.289  1
RGI60-15.05795     0.12434   29.916786   81.271361   -0.572    0.306  1
RGI60-15.11921     0.12434   29.413526   96.725413   -1.176    0.428  1
RGI60-15.04351     0.12430   28.913137   84.081505   -0.698    0.281  1
RGI60-15.05693     0.12427   29.685244   82.246750   -0.544    0.337  1
RGI60-15.03839     0.12427   27.735896   87.028690   -0.677    0.396  1
RGI60-15.10767     0.12426   28.194455   90.484929   -0.250    0.236  1
RGI60-15.00606     0.12424   30.141671   95.665183   -0.449    0.408  1
RGI60-15.09232     0.12423   28.778805   85.073539   -0.432    0.237  1
RGI60-15.07606     0.12417   31.040466   78.485630    0.223    0.309  1
RGI60-15.00555     0.12411   28.236212   97.501327    0.682    0.424  1
RGI60-15.05517     0.12410   29.365877   82.757284   -0.232    0.394  1
RGI60-15.07032     0.12408   30.288420   79.928046    1.715    0.620  1
RGI60-15.01516     0.12406   28.021416   92.560793   -0.568    0.258  1
RGI60-15.08795     0.12400   31.055274   79.305870   -0.110    0.182  1
RGI60-15.09564     0.12399   28.247044   86.111175   -0.764    0.300  1
RGI60-15.03039     0.12393   27.987066   88.795686   -0.525    0.279  1
RGI60-15.10496     0.12393   28.266706   87.624380   -0.607    0.274  1
RGI60-15.03286     0.12390   27.850426   88.608403    0.096    0.320  1
RGI60-15.07271     0.12376   30.197768   79.860126    0.282    0.415  1
RGI60-15.11214     0.12374   30.225380   95.936468    0.611    0.515  1
RGI60-15.10719     0.12370   28.235495   90.360252   -0.350    0.261  1
RGI60-15.11088     0.12369   30.320344   95.825480   -0.309    0.495  1
RGI60-15.04229     0.12359   28.132365   85.819169   -0.996    0.430  1
RGI60-15.05021     0.12357   29.022678   83.616930   -0.847    0.313  1
RGI60-15.03537     0.12355   27.799914   86.480013   -0.899    0.312  1
RGI60-15.02456     0.12354   27.949551   90.272278   -0.427    0.235  1
RGI60-15.12496     0.12350   29.182642   96.456230    0.045    0.313  1
RGI60-15.00590     0.12348   28.067459   97.258065   -0.562    0.280  1
RGI60-15.10856     0.12347   28.115305   90.612529   -0.517    0.286  1
RGI60-15.04456     0.12345   28.826884   83.961372   -0.441    0.219  1
RGI60-15.08956     0.12342   30.157389   81.096447   -0.779    0.323  1
RGI60-15.11102     0.12337   30.320909   95.833170   -1.212    0.499  1
RGI60-15.11520     0.12337   29.673361   96.542202   -0.529    0.347  1
RGI60-15.06517     0.12335   29.969903   81.121329   -0.044    0.258  1
RGI60-15.02148     0.12335   28.010844   91.276891   -0.457    0.310  1
RGI60-15.12377     0.12331   28.458752   96.866480   -0.719    0.402  1
RGI60-15.12262     0.12328   29.320163   96.180534   -0.683    0.446  1
RGI60-15.06945     0.12322   30.806500   79.264937    0.092    0.262  1
RGI60-15.08619     0.12320   30.083362   96.211174    0.421    0.504  1
RGI60-15.05075     0.12319   29.012120   83.663127   -0.137    0.234  1
RGI60-15.10503     0.12318   28.229493   87.515404   -0.741    0.351  1
RGI60-15.01324     0.12317   28.211576   92.691820   -0.274    0.280  1
RGI60-15.00764     0.12313   30.394183   95.634063   -0.590    0.280  1
RGI60-15.06587     0.12312   30.329108   79.747440   -1.323    0.481  1
RGI60-15.08793     0.12311   31.163503   79.305192   -0.349    0.214  1
RGI60-15.11066     0.12308   30.015470   95.790452    0.248    0.658  1
RGI60-15.05371     0.12304   29.116064   83.078571   -0.930    0.396  1
RGI60-15.00453     0.12304   29.304398   97.732412   -0.799    0.310  1
RGI60-15.05454     0.12303   29.276136   82.784381   -0.899    0.359  1
RGI60-15.03488     0.12302   27.769837   86.661877    0.164    0.299  1
RGI60-15.00573     0.12292   28.157479   97.431109   -0.249    0.268  1
RGI60-15.01211     0.12292   29.939454   95.270742   -0.496    0.286  1
RGI60-15.08430     0.12286   29.877259   97.068523   -0.867    0.331  1
RGI60-15.12852     0.12286   29.356078   97.160722   -1.050    0.522  1
RGI60-15.04146     0.12286   28.612590   84.682834    0.120    0.356  1
RGI60-15.10526     0.12283   28.178711   87.430826   -0.484    0.388  1
RGI60-15.00491     0.12282   28.794956   98.043647   -0.974    0.466  1
RGI60-15.05046     0.12282   28.839864   83.529986   -0.014    0.335  1
RGI60-15.11769     0.12282   29.735245   95.775466    0.713    0.634  1
RGI60-15.11854     0.12280   29.567937   96.268804   -0.399    0.336  1
RGI60-15.04429     0.12277   28.724596   83.138577   -0.453    0.273  1
RGI60-15.01910     0.12276   27.851439   92.207970   -1.020    0.391  1
RGI60-15.02024     0.12273   27.891858   91.676734   -0.292    0.311  1
RGI60-15.06001     0.12270   29.844291   81.147982   -0.283    0.254  1
RGI60-15.09203     0.12258   28.675140   85.050568   -0.988    0.397  1
RGI60-15.07733     0.12256   31.657224   99.561800   -1.046    0.478  1
RGI60-15.00068     0.12254   30.115712   99.461625   -1.149    0.369  1
RGI60-15.02617     0.12251   28.013587   89.907933   -0.539    0.262  1
RGI60-15.08582     0.12250   29.617165   96.907558   -0.861    0.333  1
RGI60-15.07296     0.12249   30.827680   79.301583    0.043    0.286  1
RGI60-15.03261     0.12241   27.865691   88.662216   -0.414    0.280  1
RGI60-15.05505     0.12238   29.439025   82.647282    0.220    0.426  1
RGI60-15.05767     0.12229   30.198417   81.567193   -0.440    0.285  1
RGI60-15.01186     0.12225   30.129327   95.579665   -0.507    0.424  1
RGI60-15.09634     0.12218   28.192476   86.184276   -0.663    0.350  1
RGI60-15.09215     0.12218   28.684815   85.108532   -0.351    0.244  1
RGI60-15.09112     0.12217   28.760008   84.519916   -0.264    0.328  1
RGI60-15.11442     0.12212   29.674807   96.396558   -0.229    0.327  1
RGI60-15.00908     0.12210   30.225856   95.623182   -0.387    0.265  1
RGI60-15.00569     0.12207   28.243795   97.362088   -0.178    0.229  1
RGI60-15.00665     0.12206   30.496244   95.494474   -1.159    0.421  1
RGI60-15.06252     0.12204   29.802786   81.548660   -0.385    0.332  1
RGI60-15.04882     0.12202   28.888512   83.561213   -0.669    0.291  1
RGI60-15.02085     0.12201   28.026819   91.526970   -0.212    0.296  1
RGI60-15.06129     0.12196   30.273319   80.646937   -0.199    0.409  1
RGI60-15.04307     0.12192   28.182692   85.672285    0.070    0.238  1
RGI60-15.10293     0.12192   28.455638   85.668149    0.054    0.212  1
RGI60-15.04546     0.12191   28.711455   84.151300   -0.490    0.311  1
RGI60-15.11044     0.12187   29.965712   95.761667    0.417    0.373  1
RGI60-15.01594     0.12181   27.954995   92.657407    0.045    0.375  1
RGI60-15.03140     0.12180   27.752478   87.680386   -0.641    0.294  1
RGI60-15.07478     0.12179   31.110754   78.787063   -0.579    0.396  1
RGI60-15.08026     0.12178   31.447861  102.873835   -0.084    0.318  1
RGI60-15.02570     0.12172   28.002660   90.584103   -0.562    0.338  1
RGI60-15.07107     0.12165   30.895410   79.562882    0.097    0.275  1
RGI60-15.06994     0.12160   30.494777   79.894749   -0.071    0.355  1
RGI60-15.07763     0.12154   29.195873  101.336743   -0.262    0.301  1
RGI60-15.01052     0.12149   30.044035   95.361656   -0.850    0.391  1
RGI60-15.06426     0.12149   30.092915   81.991155   -0.451    0.304  1
RGI60-15.05088     0.12145   28.805303   84.199163   -0.483    0.256  1
RGI60-15.10565     0.12141   28.096961   87.588796   -0.317    0.299  1
RGI60-15.00459     0.12136   29.208055   97.764061   -0.740    0.317  1
RGI60-15.10333     0.12136   27.980844   87.868908   -0.287    0.281  1
RGI60-15.09388     0.12135   28.397942   85.505528   -0.288    0.286  1
RGI60-15.09316     0.12131   28.543650   85.333951   -0.684    0.404  1
RGI60-15.00222     0.12131   28.359762   97.525629    0.511    0.369  1
RGI60-15.09277     0.12129   28.730688   85.183240   -0.442    0.242  1
RGI60-15.00728     0.12127   30.594175   95.312581    0.188    0.353  1
RGI60-15.07782     0.12124   29.221957  101.234563   -0.930    0.484  1
RGI60-15.10366     0.12119   27.955224   87.974895   -0.292    0.217  1
RGI60-15.01416     0.12117   28.258928   92.943605   -0.191    0.284  1
RGI60-15.08112     0.12113   29.145706   97.551240   -0.908    0.354  1
RGI60-15.03689     0.12107   27.835187   87.775083   -0.181    0.322  1
RGI60-15.02303     0.12106   28.001056   89.919933   -0.614    0.268  1
RGI60-15.06117     0.12105   29.929618   80.853093   -0.230    0.329  1
RGI60-15.08655     0.12103   30.386989   95.852239   -0.675    0.376  1
RGI60-15.09779     0.12101   28.076280   86.500661   -0.219    0.226  1
RGI60-15.03165     0.12098   27.653921   87.990091   -0.504    0.294  1
RGI60-15.07056     0.12096   30.595270   79.967039    1.081    0.651  1
RGI60-15.00799     0.12094   30.363614   95.634866   -0.615    0.313  1
RGI60-15.03909     0.12087   27.759088   86.912450   -0.108    0.475  1
RGI60-15.00157     0.12086   29.853780   99.672686   -1.014    0.381  1
RGI60-15.01326     0.12086   28.132413   92.904150   -0.563    0.314  1
RGI60-15.08004     0.12084   31.286612  103.036236   -0.236    0.243  1
RGI60-15.09720     0.12083   28.216524   86.351259   -0.750    0.332  1
RGI60-15.10504     0.12073   28.226640   87.522171   -0.309    0.329  1
RGI60-15.06494     0.12071   30.318979   81.849447   -0.678    0.327  1
RGI60-15.04932     0.12068   29.210355   83.468150   -0.639    0.307  1
RGI60-15.12072     0.12068   29.508115   95.921499   -0.223    0.809  1
RGI60-15.12329     0.12065   28.934029   96.571922   -0.351    0.375  1
RGI60-15.06335     0.12063   30.201083   80.756443   -0.203    0.285  1
RGI60-15.11731     0.12062   29.574809   97.060317   -0.630    0.365  1
RGI60-15.08733     0.12054   31.031976   79.130464    0.008    0.264  1
RGI60-15.10123     0.12053   28.268718   87.136961   -1.043    0.435  1
RGI60-15.04921     0.12052   28.976433   83.181446   -0.229    0.279  1
RGI60-15.09970     0.12046   28.188372   86.795455   -0.669    0.352  1
RGI60-15.11156     0.12036   30.287160   95.882908   -0.690    0.354  1
RGI60-15.03517     0.12031   27.773858   86.513853   -0.842    0.324  1
RGI60-15.12978     0.12027   28.904402   97.317980   -0.486    0.309  1
RGI60-15.00722     0.12019   30.450617   95.455949   -0.735    0.331  1
RGI60-15.02518     0.12010   27.900513   90.563733   -0.866    0.351  1
RGI60-15.12725     0.12008   29.445499   97.039918   -1.075    0.386  1
RGI60-15.01478     0.12000   28.488191   92.757163    0.178    0.255  1
RGI60-15.01477     0.11999   28.478156   92.753002    0.033    0.284  1
RGI60-15.03044     0.11999   27.960653   88.838030   -0.133    0.327  1
RGI60-15.08400     0.11997   29.806614   97.039819   -0.481    0.242  1
RGI60-15.05281     0.11994   29.890603   82.443713    0.290    0.419  1
RGI60-15.06836     0.11993   30.947289   79.559529    0.754    0.333  1
RGI60-15.12574     0.11991   29.060627   96.665719   -0.567    0.432  1
RGI60-15.08123     0.11989   29.001731   97.591668   -0.879    0.379  1
RGI60-15.03221     0.11982   27.583305   88.114501   -0.593    0.326  1
RGI60-15.02109     0.11979   27.915905   91.284294    0.258    0.341  1
RGI60-15.05740     0.11979   29.418983   82.496268   -0.242    0.320  1
RGI60-15.02726     0.11978   27.537200   88.056375   -0.489    0.272  1
RGI60-15.06112     0.11978   30.007885   81.131907   -0.076    0.346  1
RGI60-15.06068     0.11973   30.259441   81.458642   -0.813    0.374  1
RGI60-15.12634     0.11972   29.005652   96.923655   -0.397    0.259  1
RGI60-15.00272     0.11967   28.728750   97.949100   -0.278    0.313  1
RGI60-15.05413     0.11961   29.270229   82.825477   -0.379    0.291  1
RGI60-15.03391     0.11945   27.692844   86.979369   -0.518    0.254  1
RGI60-15.00320     0.11942   28.493863   97.793420   -0.227    0.253  1
RGI60-15.12990     0.11940   29.489469   97.331994   -0.632    0.308  1
RGI60-15.03442     0.11940   27.871430   86.523791   -0.094    0.297  1
RGI60-15.12537     0.11937   29.198068   96.562903    0.435    0.419  1
RGI60-15.00600     0.11928   29.077555   96.125303   -0.526    0.441  1
RGI60-15.09325     0.11925   28.494630   85.351612   -0.462    0.265  1
RGI60-15.07436     0.11924   31.125037   78.605105   -0.151    0.337  1
RGI60-15.10497     0.11923   28.262662   87.633569   -0.534    0.361  1
RGI60-15.05071     0.11921   28.999025   83.722118   -0.130    0.274  1
RGI60-15.03601     0.11917   27.665079   86.864690   -0.439    0.314  1
RGI60-15.12257     0.11910   29.299410   96.158949    0.984    0.674  1
RGI60-15.11536     0.11908   29.568953   96.607242   -0.867    0.397  1
RGI60-15.06184     0.11908   30.045466   81.281068   -0.102    0.269  1
RGI60-15.07256     0.11907   30.431479   80.085394   -0.153    0.494  1
RGI60-15.01883     0.11904   27.738618   92.194336   -1.248    0.478  1
RGI60-15.03314     0.11903   27.890281   88.739388   -0.584    0.244  1
RGI60-15.10998     0.11903   29.806901   82.773412    0.045    0.259  1
RGI60-15.02335     0.11897   28.075421   89.972152   -0.286    0.254  1
RGI60-15.08027     0.11895   31.443339  102.874771   -0.976    0.391  1
RGI60-15.10628     0.11894   27.872570   87.722699   -0.633    0.367  1
RGI60-15.01170     0.11894   30.151993   95.682068   -0.164    0.707  1
RGI60-15.03969     0.11893   28.309243   85.122865   -0.296    0.321  1
RGI60-15.08650     0.11892   30.385767   95.841102   -0.546    0.337  1
RGI60-15.08080     0.11890   29.172076   98.479451   -1.144    0.441  1
RGI60-15.08768     0.11879   31.064940   79.233072    0.412    0.267  1
RGI60-15.10557     0.11873   28.218022   87.560527   -0.201    0.361  1
RGI60-15.04889     0.11873   28.921635   83.480590   -0.371    0.278  1
RGI60-15.11968     0.11872   29.303531   96.913884   -0.730    0.333  1
RGI60-15.08604     0.11860   29.916755   96.956275   -1.182    0.410  1
RGI60-15.04261     0.11853   28.146023   85.823896   -0.874    0.408  1
RGI60-15.01322     0.11848   28.190598   92.679183    0.271    0.340  1
RGI60-15.05403     0.11847   29.292717   82.495590   -0.743    0.344  1
RGI60-15.05386     0.11846   29.699497   82.260995   -0.919    0.407  1
RGI60-15.06797     0.11842   30.759131   79.528308   -0.493    0.261  1
RGI60-15.06286     0.11835   29.871891   81.363268    0.057    0.329  1
RGI60-15.09737     0.11835   28.264949   86.433681   -0.645    0.263  1
RGI60-15.07252     0.11833   30.382245   80.031120    0.031    0.446  1
RGI60-15.08297     0.11833   29.547442   97.347107   -0.796    0.363  1
RGI60-15.00188     0.11832   30.644186   99.467170   -0.944    0.343  1
RGI60-15.09499     0.11830   28.399912   85.796919    0.005    0.284  1
RGI60-15.02560     0.11828   27.993933   90.523993   -0.842    0.347  1
RGI60-15.09154     0.11827   28.632476   84.784354   -0.406    0.268  1
RGI60-15.09297     0.11826   28.356306   85.263031    0.167    0.302  1
RGI60-15.01642     0.11820   28.529210   91.176822   -0.625    0.280  1
RGI60-15.04556     0.11818   28.541448   83.979395   -2.028    0.750  1
RGI60-15.08674     0.11810   30.535791   97.393472   -0.462    0.278  1
RGI60-15.07745     0.11808   31.087403  101.272813   -0.787    0.324  1
RGI60-15.00602     0.11808   28.531344   96.315507   -0.445    0.400  1
RGI60-15.07715     0.11805   31.795710   99.089175   -0.455    0.490  1
RGI60-15.03180     0.11800   27.814016   88.743651   -0.758    0.301  1
RGI60-15.01053     0.11797   30.039331   95.388830   -0.074    0.360  1
RGI60-15.00588     0.11795   28.043496   98.482517   -0.905    0.407  1
RGI60-15.11928     0.11794   29.401880   96.750230   -0.558    0.327  1
RGI60-15.07304     0.11790   30.821227   79.364208    0.079    0.246  1
RGI60-15.07916     0.11789   30.289616  101.942906   -0.667    0.411  1
RGI60-15.08477     0.11787   29.797769   97.191107   -0.688    0.355  1
RGI60-15.05003     0.11787   29.059379   83.573940   -0.259    0.274  1
RGI60-15.05439     0.11782   29.094258   82.979357    0.038    0.304  1
RGI60-15.02675     0.11781   27.792294   89.557541   -0.116    0.314  1
RGI60-15.05504     0.11781   29.437120   82.651083   -0.129    0.350  1
RGI60-15.01533     0.11778   28.139006   92.573413    0.137    0.316  1
RGI60-15.04355     0.11776   29.036965   83.797169   -0.475    0.232  1
RGI60-15.02174     0.11771   27.989919   91.316474    0.011    0.233  1
RGI60-15.03864     0.11769   28.012277   86.844137   -0.118    0.251  1
RGI60-15.00403     0.11756   28.636616   98.150410   -0.626    0.374  1
RGI60-15.11919     0.11752   29.418201   96.722664   -1.063    0.434  1
RGI60-15.08652     0.11749   30.387378   95.845236   -1.107    0.435  1
RGI60-15.11421     0.11745   29.893490   96.354121   -1.069    0.523  1
RGI60-15.02038     0.11744   28.044045   91.848973    0.325    0.330  1
RGI60-15.05657     0.11743   29.666312   82.392614   -0.944    0.480  1
RGI60-15.10774     0.11742   28.155303   90.496615   -0.210    0.230  1
RGI60-15.03310     0.11741   27.672485   88.352928   -0.089    0.363  1
RGI60-15.11369     0.11727   29.868541   96.274416    0.592    0.892  1
RGI60-15.05690     0.11719   29.713848   82.223172   -0.672    0.316  1
RGI60-15.11284     0.11718   29.959064   96.057291   -1.549    0.821  1
RGI60-15.02646     0.11715   28.047074   89.843031   -1.145    0.417  1
RGI60-15.01922     0.11709   27.856135   92.292132   -0.308    0.278  1
RGI60-15.08007     0.11707   31.278535  103.093307   -0.920    0.343  1
RGI60-15.05567     0.11701   29.088230   82.995107   -0.753    0.374  1
RGI60-15.02404     0.11698   28.022730   90.148405   -0.493    0.295  1
RGI60-15.03466     0.11695   27.981672   86.638970   -0.213    0.269  1
RGI60-15.02851     0.11694   27.800140   88.151605   -0.063    0.235  1
RGI60-15.02099     0.11692   27.950320   91.441279   -0.660    0.304  1
RGI60-15.01154     0.11685   29.615147   95.158219   10.727    4.341  1
RGI60-15.06983     0.11681   30.837001   79.555633    0.128    0.250  1
RGI60-15.13069     0.11673   29.107328   97.546596   -0.458    0.286  1
RGI60-15.01625     0.11669   28.098477   92.603733   -1.058    0.385  1
RGI60-15.03972     0.11664   28.295847   85.137501   -0.172    0.425  1
RGI60-15.10160     0.11664   28.150661   86.625159   -0.079    0.312  1
RGI60-15.00155     0.11663   29.903532   99.709625   -0.856    0.440  1
RGI60-15.12702     0.11661   29.356904   97.012717   -0.667    0.322  1
RGI60-15.05686     0.11659   29.710551   82.221442   -0.526    0.290  1
RGI60-15.08422     0.11658   29.666943   97.058341   -0.347    0.239  1
RGI60-15.07542     0.11657   31.023187   78.490229   -0.446    0.282  1
RGI60-15.01612     0.11656   27.896060   92.542754   -0.939    0.467  1
RGI60-15.02619     0.11652   28.123046   89.879696   -0.462    0.343  1
RGI60-15.07382     0.11648   31.233074   78.417672   -0.416    0.332  1
RGI60-15.01636     0.11648   28.050964   92.537921   -0.365    0.264  1
RGI60-15.08585     0.11644   29.730172   96.910491   -0.562    0.293  1
RGI60-15.01946     0.11642   27.838603   92.360090    0.318    0.350  1
RGI60-15.00457     0.11642   29.210731   97.759090   -0.822    0.318  1
RGI60-15.01045     0.11641   30.064995   95.413278   -0.385    0.259  1
RGI60-15.12901     0.11639   29.421192   97.229259   -0.538    0.298  1
RGI60-15.10388     0.11636   28.030743   88.033382   -0.429    0.239  1
RGI60-15.10163     0.11636   28.097638   86.628526    0.128    0.270  1
RGI60-15.08234     0.11630   29.567225   97.191241   -0.215    0.329  1
RGI60-15.08243     0.11629   29.623404   97.208108   -0.687    0.276  1
RGI60-15.11406     0.11621   29.757259   96.326749   -0.368    0.419  1
RGI60-15.00823     0.11614   30.323950   95.651337   -0.789    0.463  1
RGI60-15.04953     0.11614   29.229231   83.344638   -0.367    0.254  1
RGI60-15.12554     0.11614   29.179334   96.624551    0.269    0.425  1
RGI60-15.00795     0.11610   30.340696   95.616171   -0.525    0.336  1
RGI60-15.02513     0.11605   27.912284   90.501475   -0.741    0.311  1
RGI60-15.04328     0.11594   29.003865   83.612563   -0.774    0.282  1
RGI60-15.08046     0.11592   28.317609   98.729189   -0.095    0.328  1
RGI60-15.00037     0.11590   29.967706   99.603286   -0.720    0.349  1
RGI60-15.06354     0.11583   30.239260   80.666771   -0.118    0.388  1
RGI60-15.01307     0.11583   28.332043   93.030022   -0.097    0.321  1
RGI60-15.10853     0.11582   28.262208   90.607006   -0.366    0.292  1
RGI60-15.03493     0.11581   27.800831   86.614460   -0.219    0.287  1
RGI60-15.05955     0.11574   29.789316   81.100654   -0.225    0.202  1
RGI60-15.08478     0.11573   29.804093   97.191449   -0.629    0.365  1
RGI60-15.11573     0.11571   29.528781   96.648981    0.034    0.373  1
RGI60-15.04182     0.11569   28.280865   85.160678   -0.445    0.309  1
RGI60-15.04445     0.11569   28.704395   83.875922   -0.876    0.319  1
RGI60-15.04089     0.11568   28.264468   85.637754   -0.783    0.374  1
RGI60-15.08720     0.11561   31.079580   79.105646    0.130    0.258  1
RGI60-15.09617     0.11560   28.173290   86.161914   -0.675    0.264  1
RGI60-15.06200     0.11557   29.781110   81.605146   -0.191    0.231  1
RGI60-15.09187     0.11557   28.626807   84.936476   -0.076    0.280  1
RGI60-15.12276     0.11556   29.212176   96.282505   -0.215    0.368  1
RGI60-15.00627     0.11554   30.649789   95.148402   -0.178    0.279  1
RGI60-15.12682     0.11544   29.222598   96.997465   -1.035    0.430  1
RGI60-15.09732     0.11544   28.260819   86.420738   -0.417    0.254  1
RGI60-15.09387     0.11535   28.399707   85.502854   -0.559    0.319  1
RGI60-15.04587     0.11530   28.665621   83.216023   -0.497    0.268  1
RGI60-15.04406     0.11527   28.802356   83.484541   -0.379    0.243  1
RGI60-15.12132     0.11527   29.262897   95.987728   -0.502    0.452  1
RGI60-15.01039     0.11526   30.308343   95.195344   -0.259    0.272  1
RGI60-15.03064     0.11525   27.804824   88.789657   -1.079    0.376  1
RGI60-15.00905     0.11524   30.232007   95.623310    0.466    0.358  1
RGI60-15.07154     0.11510   30.484931   80.310280   -1.224    0.727  1
RGI60-15.04086     0.11504   28.564487   85.029150   -0.240    0.308  1
RGI60-15.12590     0.11503   29.104459   96.699095   -0.400    0.327  1
RGI60-15.03795     0.11497   27.759380   86.920006   -1.211    0.410  1
RGI60-15.05909     0.11493   29.910046   81.407311   -0.514    0.302  1
RGI60-15.04141     0.11486   28.586340   85.007675   -0.119    0.276  1
RGI60-15.06632     0.11480   30.676878   79.294369   -0.448    0.246  1
RGI60-15.10556     0.11471   28.144512   87.559986   -0.895    0.371  1
RGI60-15.00596     0.11460   28.288639   97.412902   -0.711    0.299  1
RGI60-15.08267     0.11458   29.669019   97.252369   -1.114    0.391  1
RGI60-15.08229     0.11457   29.576733   97.177159   -0.267    0.217  1
RGI60-15.06786     0.11455   30.643583   79.662430   -0.544    0.296  1
RGI60-15.02718     0.11452   27.576593   88.072965   -0.435    0.271  1
RGI60-15.02725     0.11449   27.543584   88.069803   -0.474    0.257  1
RGI60-15.06990     0.11437   30.529620   79.954198   -0.287    0.457  1
RGI60-15.04939     0.11434   29.222013   83.436703   -0.334    0.319  1
RGI60-15.00788     0.11428   30.374930   95.649229   -1.224    0.489  1
RGI60-15.01979     0.11423   27.748071   92.418868   -1.002    0.399  1
RGI60-15.08379     0.11420   29.904051   97.020815   -1.057    0.472  1
RGI60-15.12578     0.11418   29.106543   96.670607   -0.625    0.500  1
RGI60-15.05981     0.11416   29.920618   80.899532   -0.513    0.322  1
RGI60-15.11382     0.11416   29.896888   96.300077   -1.458    0.889  1
RGI60-15.05511     0.11414   29.401452   82.714220   -0.005    0.330  1
RGI60-15.00323     0.11412   28.286981   97.759641   -0.725    0.381  1
RGI60-15.02890     0.11410   27.863435   87.991081    0.165    0.586  1
RGI60-15.02172     0.11404   28.015387   91.354655   -0.662    0.332  1
RGI60-15.04224     0.11403   28.048097   85.901366   -0.671    0.342  1
RGI60-15.06365     0.11402   30.301430   80.626127    0.264    0.356  1
RGI60-15.01772     0.11398   28.131325   91.686178   -0.326    0.352  1
RGI60-15.02982     0.11396   27.879318   88.623030   -0.634    0.269  1
RGI60-15.02924     0.11393   27.949598   88.653923   -0.655    0.281  1
RGI60-15.02108     0.11393   27.917026   91.279000   -0.502    0.384  1
RGI60-15.12811     0.11391   29.377054   97.107646   -1.116    0.456  1
RGI60-15.11265     0.11389   29.893074   96.017434   -0.723    0.452  1
RGI60-15.00558     0.11386   28.200819   97.366942    0.026    0.352  1
RGI60-15.00625     0.11386   30.624962   95.188923   -0.345    0.295  1
RGI60-15.02159     0.11386   28.051942   91.433664   -1.033    0.455  1
RGI60-15.10046     0.11379   28.065006   86.913892   -0.409    0.274  1
RGI60-15.05512     0.11379   29.390835   82.751614    0.532    0.337  1
RGI60-15.09172     0.11372   28.770450   84.878467   -0.225    0.326  1
RGI60-15.11931     0.11371   29.399580   96.754490   -0.708    0.363  1
RGI60-15.06484     0.11364   30.197343   81.776189   -0.089    0.328  1
RGI60-15.08896     0.11361   30.503317   80.671333   -0.552    0.333  1
RGI60-15.10389     0.11359   27.941181   88.034496   -0.571    0.342  1
RGI60-15.05049     0.11359   28.891137   83.509633   -0.393    0.286  1
RGI60-15.06490     0.11358   30.352348   81.899525   -0.791    0.313  1
RGI60-15.01321     0.11352   28.675481   93.502324   -0.659    0.358  1
RGI60-15.09335     0.11349   28.631881   85.395464   -0.175    0.264  1
RGI60-15.06967     0.11338   30.944792   79.663705   -0.217    0.288  1
RGI60-15.03018     0.11327   27.840477   88.311988   -0.339    0.221  1
RGI60-15.06199     0.11325   29.779793   81.610438   -0.264    0.290  1
RGI60-15.07241     0.11319   30.505812   80.144075    0.034    0.293  1
RGI60-15.04599     0.11311   28.771035   83.241732    0.079    0.351  1
RGI60-15.07476     0.11311   31.135874   78.787146   -0.163    0.335  1
RGI60-15.09042     0.11304   30.355116   81.347222   -0.320    0.225  1
RGI60-15.09288     0.11303   28.357284   85.216326   -0.807    0.365  1
RGI60-15.12751     0.11299   29.435644   97.066319   -0.749    0.319  1
RGI60-15.04372     0.11287   29.194961   83.839536   -0.604    0.276  1
RGI60-15.03717     0.11284   27.719903   86.557867   -0.337    0.290  1
RGI60-15.02852     0.11282   27.808615   88.151930   -0.386    0.324  1
RGI60-15.12272     0.11282   29.268853   96.234920   -0.437    0.487  1
RGI60-15.07248     0.11280   30.179670   80.167193    0.219    0.377  1
RGI60-15.12077     0.11279   29.369428   95.927499   -0.746    0.480  1
RGI60-15.09622     0.11276   28.176232   86.182532   -0.378    0.290  1
RGI60-15.08469     0.11275   29.761642   97.173793   -0.920    0.368  1
RGI60-15.03557     0.11273   27.892624   86.442464    0.051    0.292  1
RGI60-15.04277     0.11267   28.152351   85.587207   -0.766    0.328  1
RGI60-15.02559     0.11267   27.989635   90.520634   -0.934    0.320  1
RGI60-15.10817     0.11263   28.177987   90.554860   -0.541    0.244  1
RGI60-15.05552     0.11261   29.186697   82.579827   -0.441    0.415  1
RGI60-15.01081     0.11258   30.411075   95.774548   -0.723    0.477  1
RGI60-15.06181     0.11257   29.917130   82.164010   -0.423    0.370  1
RGI60-15.04737     0.11253   28.823133   83.980518   -0.503    0.259  1
RGI60-15.04180     0.11252   28.266127   85.198973   -0.139    0.288  1
RGI60-15.03323     0.11250   27.876526   88.755798   -0.537    0.247  1
RGI60-15.01113     0.11239   30.623733   95.315223   -0.251    0.375  1
RGI60-15.09323     0.11238   28.585530   85.348022   -0.122    0.323  1
RGI60-15.11286     0.11236   30.219570   96.070316   -0.618    0.448  1
RGI60-15.06292     0.11234   29.848770   81.106087   -0.100    0.260  1
RGI60-15.08784     0.11225   31.069341   79.296074    0.026    0.275  1
RGI60-15.03143     0.11223   27.864685   88.038505   -0.304    0.306  1
RGI60-15.05222     0.11220   29.782714   82.671944   -0.029    0.354  1
RGI60-15.00978     0.11218   30.398915   95.276574   -0.356    0.306  1
RGI60-15.02536     0.11198   27.731816   89.410199   -0.146    0.243  1
RGI60-15.05831     0.11194   30.119593   81.867366   -0.414    0.303  1
RGI60-15.06510     0.11191   30.284468   81.800623   -0.557    0.395  1
RGI60-15.10926     0.11189   28.116290   90.854267   -0.368    0.314  1
RGI60-15.06206     0.11183   29.936403   81.535280   -0.430    0.264  1
RGI60-15.06255     0.11179   29.813567   81.530533   -0.489    0.302  1
RGI60-15.08275     0.11168   29.713139   97.263418   -0.650    0.287  1
RGI60-15.11432     0.11168   29.858867   96.366778   -0.674    0.360  1
RGI60-15.03614     0.11165   27.892269   87.035722   -0.259    0.238  1
RGI60-15.00492     0.11162   28.800732   98.041751   -0.157    0.354  1
RGI60-15.06051     0.11152   30.239237   80.396637    0.032    0.285  1
RGI60-15.05495     0.11148   29.206628   82.902268    0.059    0.320  1
RGI60-15.08019     0.11145   31.242943  102.837806   -0.160    0.312  1
RGI60-15.10318     0.11144   28.219796   87.628817   -0.885    0.402  1
RGI60-15.02575     0.11140   27.984056   90.628991   -0.921    0.386  1
RGI60-15.08458     0.11129   29.749163   97.144581   -0.619    0.278  1
RGI60-15.01202     0.11128   29.814846   95.481470   -0.609    0.315  1
RGI60-15.05272     0.11127   29.810995   82.298721   -0.000    0.397  1
RGI60-15.09886     0.11124   27.973303   87.174594   -0.602    0.463  1
RGI60-15.02598     0.11123   27.963941   90.765441   -0.712    0.309  1
RGI60-15.09111     0.11123   28.755751   84.519231   -0.094    0.384  1
RGI60-15.12195     0.11122   29.208900   96.284385   -0.115    0.358  1
RGI60-15.08119     0.11112   29.109222   97.572695   -0.612    0.277  1
RGI60-15.03207     0.11108   27.658751   88.043451   -0.519    0.518  1
RGI60-15.04566     0.11108   28.444229   84.245472   -0.745    0.378  1
RGI60-15.05508     0.11104   29.395705   82.623311   -0.295    0.410  1
RGI60-15.00371     0.11100   28.508120   98.586745   -0.460    0.304  1
RGI60-15.12386     0.11096   28.412044   96.888074   -0.865    0.324  1
RGI60-15.05069     0.11096   28.991108   83.743415    0.115    0.218  1
RGI60-15.04950     0.11093   29.239855   83.376194   -0.352    0.313  1
RGI60-15.07159     0.11091   30.317966   79.952206    0.307    0.601  1
RGI60-15.12161     0.11091   29.324406   96.091944    0.013    0.583  1
RGI60-15.10889     0.11089   28.092795   90.712390   -1.041    0.354  1
RGI60-15.06463     0.11086   29.967753   82.155013   -0.444    0.319  1
RGI60-15.07731     0.11086   31.659838   99.545546   -0.769    0.310  1
RGI60-15.07537     0.11084   31.026652   78.471707    0.250    0.299  1
RGI60-15.00709     0.11083   30.419471   95.414360   -0.794    0.379  1
RGI60-15.03282     0.11083   27.852114   88.614622   -0.149    0.324  1
RGI60-15.01073     0.11082   30.124459   95.312543   -0.154    0.332  1
RGI60-15.02063     0.11078   27.986344   91.581982   -0.922    0.428  1
RGI60-15.01671     0.11074   28.366919   91.168231   -0.071    0.268  1
RGI60-15.01106     0.11067   30.198070   95.512758   -0.373    0.324  1
RGI60-15.01739     0.11065   28.132017   91.482921   -0.423    0.301  1
RGI60-15.09314     0.11061   28.534529   85.333917   -0.236    0.236  1
RGI60-15.05450     0.11058   29.229796   82.759974    0.226    0.362  1
RGI60-15.05008     0.11056   29.032544   83.627613   -0.389    0.261  1
RGI60-15.02587     0.11056   28.034822   90.735965   -0.597    0.384  1
RGI60-15.01853     0.11049   28.124372   91.474889   -0.411    0.345  1
RGI60-15.02773     0.11043   27.666243   87.981347   -0.230    0.247  1
RGI60-15.06082     0.11043   30.323719   81.918949   -0.384    0.266  1
RGI60-15.04598     0.11033   28.773719   83.243930    0.327    0.592  1
RGI60-15.05437     0.11033   28.855967   82.632097   -1.041    0.378  1
RGI60-15.07579     0.11028   30.899171   78.795820   -0.066    0.240  1
RGI60-15.06198     0.11025   29.775840   81.607914   -0.196    0.254  1
RGI60-15.08028     0.11024   31.442812  102.901399   -0.358    0.347  1
RGI60-15.09615     0.11019   28.192122   86.139180   -0.910    0.303  1
RGI60-15.00556     0.11017   28.194442   97.362462    0.277    0.284  1
RGI60-15.03300     0.11016   27.739151   88.497197    1.194    0.669  1
RGI60-15.08845     0.11013   30.834707   79.910337   -0.085    0.358  1
RGI60-15.13096     0.11012   30.617534   80.214618    0.155    0.283  1
RGI60-15.09321     0.11009   28.500494   85.343518   -0.652    0.285  1
RGI60-15.00219     0.11007   28.312708   97.564415   -0.128    0.316  1
RGI60-15.03635     0.10998   27.766461   87.660064   -0.366    0.328  1
RGI60-15.10649     0.10984   27.897050   87.748001   -0.444    0.334  1
RGI60-15.08991     0.10980   30.471295   81.260517   -0.176    0.216  1
RGI60-15.11263     0.10979   29.953102   96.014550   -0.197    0.733  1
RGI60-15.02347     0.10970   28.141697   89.975604   -0.347    0.344  1
RGI60-15.08702     0.10961   31.322122   79.018122   -0.701    0.386  1
RGI60-15.13006     0.10961   29.149405   97.344684   -0.318    0.342  1
RGI60-15.09218     0.10956   28.763434   85.119107   -0.437    0.302  1
RGI60-15.08752     0.10944   31.065123   79.176008   -0.392    0.345  1
RGI60-15.00467     0.10942   29.143444   97.834023   -1.221    0.434  1
RGI60-15.04093     0.10935   28.252962   85.522850   -0.620    0.516  1
RGI60-15.00181     0.10935   30.574143   99.553078   -0.999    0.428  1
RGI60-15.05293     0.10928   30.033514   82.190300   -0.109    0.263  1
RGI60-15.04114     0.10927   28.415651   84.598373   -0.299    0.330  1
RGI60-15.07365     0.10926   31.284158   78.302729   -0.145    0.221  1
RGI60-15.06567     0.10923   30.313866   80.336595    0.210    0.238  1
RGI60-15.09351     0.10922   28.525023   85.372431   -0.208    0.300  1
RGI60-15.05826     0.10918   30.116722   81.801971   -0.293    0.271  1
RGI60-15.06903     0.10916   30.877400   79.073485   -0.114    0.307  1
RGI60-15.06887     0.10915   30.775073   79.264325    0.083    0.375  1
RGI60-15.13026     0.10910   28.939014   97.357504    0.097    0.368  1
RGI60-15.11053     0.10910   30.395028   95.779273   -1.027    0.451  1
RGI60-15.05887     0.10906   29.754697   81.527380    0.015    0.341  1
RGI60-15.01823     0.10889   28.049538   92.504030   -0.766    0.326  1
RGI60-15.05087     0.10886   28.772391   84.125179   -0.108    0.299  1
RGI60-15.07009     0.10884   30.518206   80.220800   -0.507    0.465  1
RGI60-15.02682     0.10882   27.866589   90.205661   -0.683    0.291  1
RGI60-15.03284     0.10877   27.852416   88.603640   -0.678    0.356  1
RGI60-15.04064     0.10877   28.363203   84.750071   -0.121    0.342  1
RGI60-15.11479     0.10876   29.603108   96.444210   -0.628    0.374  1
RGI60-15.05675     0.10875   29.709298   82.308113   -1.125    0.517  1
RGI60-15.06222     0.10869   29.668027   81.488259   -0.320    0.355  1
RGI60-15.07662     0.10867   27.321827  100.101192   -0.898    0.388  1
RGI60-15.11026     0.10865   29.931464   95.706654    0.511    0.386  1
RGI60-15.06582     0.10865   30.374581   79.744678    0.123    0.335  1
RGI60-15.01867     0.10863   27.711642   92.102892   -0.451    0.346  1
RGI60-15.06018     0.10863   30.220662   80.675527    0.834    0.444  1
RGI60-15.09673     0.10852   28.134563   86.262941   -0.599    0.334  1
RGI60-15.06128     0.10851   30.116383   80.669142   -0.545    0.336  1
RGI60-15.03482     0.10848   27.839606   86.579596   -0.518    0.339  1
RGI60-15.11655     0.10845   29.726176   96.939359   -0.662    0.304  1
RGI60-15.12149     0.10842   29.322954   96.031168   -0.008    0.408  1
RGI60-15.12643     0.10841   29.100608   96.940483   -0.408    0.374  1
RGI60-15.01128     0.10835   30.326863   95.713878    0.000    0.293  1
RGI60-15.10149     0.10831   28.147354   86.602741   -0.332    0.309  1
RGI60-15.03554     0.10825   27.841555   86.430260   -0.477    0.273  1
RGI60-15.00405     0.10816   28.641518   98.176163   -1.062    0.468  1
RGI60-15.07172     0.10812   30.865567   79.718496   -0.499    0.510  1
RGI60-15.01819     0.10809   28.071587   92.527488   -0.405    0.294  1
RGI60-15.03977     0.10807   28.349987   85.025247   -0.608    0.352  1
RGI60-15.06403     0.10806   30.005451   82.053684    0.458    0.624  1
RGI60-15.12665     0.10802   29.140709   96.988612   -0.722    0.381  1
RGI60-15.03101     0.10795   27.831310   88.003003   -0.280    0.281  1
RGI60-15.10157     0.10789   28.126355   86.616022   -0.665    0.347  1
RGI60-15.00739     0.10780   30.404800   95.535052   -0.891    0.395  1
RGI60-15.08985     0.10779   30.384346   81.242039   -0.817    0.359  1
RGI60-15.06039     0.10776   30.185509   80.487657    0.756    0.425  1
RGI60-15.01717     0.10775   28.196222   91.884004   -0.485    0.301  1
RGI60-15.12888     0.10771   28.888880   97.199414   -0.031    0.277  1
RGI60-15.11524     0.10770   29.595865   96.555727   -0.093    0.312  1
RGI60-15.01472     0.10741   28.367194   92.840619   -0.334    0.299  1
RGI60-15.09082     0.10741   30.371491   81.378028   -0.933    0.397  1
RGI60-15.00317     0.10739   28.496969   97.804099   -0.816    0.345  1
RGI60-15.02599     0.10727   27.955321   90.780575   -0.367    0.258  1
RGI60-15.07410     0.10715   31.190626   78.389672    0.003    0.318  1
RGI60-15.00557     0.10709   28.186822   97.359983   -0.181    0.318  1
RGI60-15.05564     0.10708   29.379587   82.436660   -0.152    0.330  1
RGI60-15.07823     0.10698   29.404124  101.802990    0.061    0.233  1
RGI60-15.05977     0.10696   29.932684   80.848447    0.144    0.355  1
RGI60-15.06190     0.10693   30.047601   82.092099   -0.300    0.241  1
RGI60-15.04667     0.10692   28.936364   84.088655   -0.800    0.396  1
RGI60-15.00314     0.10685   28.444270   97.735685   -0.629    0.340  1
RGI60-15.12601     0.10684   29.084387   96.738578   -0.669    0.370  1
RGI60-15.05855     0.10684   30.460860   80.400597   -0.225    0.241  1
RGI60-15.07661     0.10683   31.719714   99.202878   -0.435    0.298  1
RGI60-15.05551     0.10682   29.187712   82.592243   -0.348    0.381  1
RGI60-15.03527     0.10678   27.792721   86.509052    0.313    0.345  1
RGI60-15.00437     0.10678   28.744558   98.083085   -0.602    0.436  1
RGI60-15.10274     0.10673   28.703070   85.454343   -0.201    0.285  1
RGI60-15.03459     0.10659   27.911624   86.673784   -0.579    0.450  1
RGI60-15.04260     0.10658   28.150260   85.774076   -0.139    0.492  1
RGI60-15.12379     0.10650   28.485776   96.868931   -0.297    0.347  1
RGI60-15.08018     0.10649   31.242430  102.833864   -0.094    0.295  1
RGI60-15.06590     0.10649   30.254087   79.754177   -0.040    0.268  1
RGI60-15.03416     0.10642   27.927291   86.830939   -0.545    0.306  1
RGI60-15.00135     0.10641   29.970908   99.801117   -0.183    0.294  1
RGI60-15.09495     0.10635   28.122814   85.911471   -0.384    0.324  1
RGI60-15.04156     0.10624   28.478255   84.782097   -0.223    0.369  1
RGI60-15.05875     0.10622   30.337663   80.398351   -1.021    0.405  1
RGI60-15.00478     0.10615   28.725617   97.845859   -0.523    0.280  1
RGI60-15.10631     0.10612   27.869885   87.725328   -0.280    0.322  1
RGI60-15.02678     0.10610   27.761190   89.531474   -1.022    0.397  1
RGI60-15.12037     0.10610   29.596848   95.812803    2.973    0.968  1
RGI60-15.10354     0.10610   27.936201   87.920188   -0.389    0.343  1
RGI60-15.12728     0.10607   29.295289   97.046947   -0.289    0.381  1
RGI60-15.05127     0.10605   28.688167   84.542594   -0.120    0.344  1
RGI60-15.05779     0.10604   30.144066   81.656854   -0.346    0.340  1
RGI60-15.05192     0.10603   30.187246   82.159781   -0.227    0.321  1
RGI60-15.03327     0.10599   27.868417   88.809990   -1.089    0.380  1
RGI60-15.01877     0.10596   27.770324   92.172881   -0.320    0.313  1
RGI60-15.04252     0.10595   28.170022   85.682461   -0.784    0.453  1
RGI60-15.07383     0.10595   31.226475   78.398013   -0.248    0.299  1
RGI60-15.07597     0.10595   30.960365   78.782409   -0.142    0.245  1
RGI60-15.06547     0.10580   30.120947   81.897296   -0.280    0.305  1
RGI60-15.08170     0.10580   29.230908   97.438204   -0.531    0.360  1
RGI60-15.01555     0.10578   28.108821   92.726095   -0.101    0.282  1
RGI60-15.01115     0.10576   30.656237   95.261201    0.046    0.391  1
RGI60-15.07092     0.10576   30.378380   79.738035   -0.017    0.468  1
RGI60-15.02071     0.10575   27.984893   91.595816    0.040    0.306  1
RGI60-15.12376     0.10572   28.482494   96.863447   -0.500    0.332  1
RGI60-15.12134     0.10571   29.275188   95.988816   -0.443    0.739  1
RGI60-15.01383     0.10564   28.599729   93.201205   -0.761    0.383  1
RGI60-15.03293     0.10558   27.856271   88.498603   -0.328    0.238  1
RGI60-15.12095     0.10558   29.456266   96.005905   -0.850    0.464  1
RGI60-15.02665     0.10555   27.891322   89.402545   -0.402    0.378  1
RGI60-15.09533     0.10543   28.178088   86.057236   -0.588    0.285  1
RGI60-15.12607     0.10537   28.853031   96.804079   -0.655    0.399  1
RGI60-15.11743     0.10537   29.660216   97.087161   -0.015    0.345  1
RGI60-15.05689     0.10535   29.732384   82.238180   -0.913    0.394  1
RGI60-15.09427     0.10534   28.359087   85.572419   -0.547    0.312  1
RGI60-15.02973     0.10529   27.908405   88.670001   -0.701    0.346  1
RGI60-15.07633     0.10527   30.950842   78.843200    0.040    0.298  1
RGI60-15.05798     0.10522   29.929044   81.217421   -0.366    0.331  1
RGI60-15.09472     0.10517   28.101809   85.954713   -0.503    0.315  1
RGI60-15.10049     0.10515   28.146509   86.920182   -0.412    0.282  1
RGI60-15.06133     0.10513   30.346450   80.426218    0.090    0.328  1
RGI60-15.06168     0.10509   30.042853   82.095449   -0.951    0.380  1
RGI60-15.05770     0.10505   30.199469   81.581093   -0.520    0.289  1
RGI60-15.00509     0.10504   28.295070   97.768090   -1.023    0.421  1
RGI60-15.01766     0.10503   28.101770   91.475240   -0.388    0.283  1
RGI60-15.11853     0.10499   29.532969   96.254588   -0.251    0.305  1
RGI60-15.01787     0.10496   28.093952   91.863592   -0.508    0.267  1
RGI60-15.06478     0.10496   29.854530   81.351416    0.227    0.244  1
RGI60-15.07866     0.10494   29.318936  101.958920    0.224    0.357  1
RGI60-15.11660     0.10486   29.687766   96.945487   -1.307    0.529  1
RGI60-15.00567     0.10482   28.216665   97.562178    0.150    0.224  1
RGI60-15.07557     0.10479   31.022153   78.624457    0.082    0.342  1
RGI60-15.00562     0.10474   28.163395   97.421824   -0.163    0.273  1
RGI60-15.00940     0.10471   30.526202   95.251858   -0.674    0.443  1
RGI60-15.06948     0.10466   30.855229   79.504469   -0.597    0.252  1
RGI60-15.04389     0.10463   28.872352   83.536726   -0.142    0.214  1
RGI60-15.08002     0.10463   31.150638  103.022612   -0.756    0.333  1
RGI60-15.00335     0.10461   28.992821   98.186438   -0.413    0.443  1
RGI60-15.11796     0.10456   29.665392   95.919449    0.180    0.531  1
RGI60-15.06927     0.10456   30.936824   79.146945   -0.211    0.291  1
RGI60-15.06772     0.10455   30.411893   80.025475   -0.359    0.373  1
RGI60-15.00301     0.10450   28.403076   97.489536   -0.767    0.328  1
RGI60-15.00895     0.10447   30.218712   95.513985   -0.554    0.411  1
RGI60-15.05928     0.10432   30.104990   81.049984   -0.023    0.227  1
RGI60-15.07928     0.10431   30.955437  101.560508   -1.974    0.576  1
RGI60-15.11600     0.10429   29.588139   96.860919   -0.689    0.368  1
RGI60-15.13078     0.10427   29.049443   97.568475   -0.029    0.224  1
RGI60-15.05482     0.10426   29.408959   82.630796   -0.137    0.337  1
RGI60-15.07834     0.10422   29.401990  101.824042   -0.027    0.207  1
RGI60-15.07527     0.10421   31.046839   78.390737   -0.003    0.261  1
RGI60-15.06223     0.10419   29.666876   81.494809   -0.889    0.496  1
RGI60-15.06119     0.10418   29.926346   80.812008   -0.017    0.235  1
RGI60-15.01372     0.10417   28.734415   93.122582   -0.257    0.305  1
RGI60-15.03456     0.10414   27.905923   86.667520    0.088    0.377  1
RGI60-15.08632     0.10412   29.822781   96.448555   -0.988    0.430  1
RGI60-15.03065     0.10406   27.787993   88.747332   -0.541    0.352  1
RGI60-15.12426     0.10404   29.473116   96.220546    2.037    1.015  1
RGI60-15.00099     0.10402   30.535724   99.591976   -0.903    0.437  1
RGI60-15.00924     0.10399   30.654167   95.124127   -0.281    0.400  1
RGI60-15.13075     0.10398   28.841188   97.561289    0.051    0.375  1
RGI60-15.09108     0.10397   28.784448   84.488292    0.051    0.336  1
RGI60-15.01190     0.10395   30.181065   95.497914    0.003    0.329  1
RGI60-15.04903     0.10385   29.059634   83.423419   -0.109    0.303  1
RGI60-15.06005     0.10385   29.810009   81.163517   -0.375    0.305  1
RGI60-15.08936     0.10379   30.351958   80.937470   -0.271    0.239  1
RGI60-15.08269     0.10376   29.634681   97.253029   -0.329    0.278  1
RGI60-15.04990     0.10366   29.119886   83.655919   -0.649    0.262  1
RGI60-15.04330     0.10364   29.008290   83.612967   -0.323    0.231  1
RGI60-15.13038     0.10363   28.870524   97.375459   -0.810    0.349  1
RGI60-15.12572     0.10362   29.059967   96.661574   -0.384    0.421  1
RGI60-15.06037     0.10359   30.303179   80.811180   -0.264    0.328  1
RGI60-15.01164     0.10357   30.291655   95.530454    0.349    0.349  1
RGI60-15.08001     0.10356   31.304016  103.022373   -0.334    0.378  1
RGI60-15.05911     0.10354   29.864274   81.419802   -0.732    0.339  1
RGI60-15.00120     0.10351   30.132265   99.516358   -0.592    0.398  1
RGI60-15.05305     0.10349   30.015155   82.318289   -0.705    0.347  1
RGI60-15.01423     0.10343   28.247130   92.999746   -0.091    0.423  1
RGI60-15.00518     0.10342   28.151140   97.472135    0.004    0.327  1
RGI60-15.11506     0.10339   29.574926   96.504041   -0.419    0.340  1
RGI60-15.02059     0.10331   27.963619   91.598830   -0.582    0.355  1
RGI60-15.02449     0.10325   27.881513   90.323509   -1.001    0.455  1
RGI60-15.02097     0.10323   27.945154   91.445455   -0.187    0.243  1
RGI60-15.00112     0.10319   30.142774   99.497933   -0.784    0.474  1
RGI60-15.00660     0.10317   30.456683   95.582981   -0.523    0.323  1
RGI60-15.09022     0.10314   30.232749   81.319239   -0.184    0.302  1
RGI60-15.00150     0.10313   29.977904   99.645292   -0.800    0.391  1
RGI60-15.00454     0.10309   29.307468   97.726008   -1.446    0.557  1
RGI60-15.04915     0.10305   28.996700   83.284528   -0.959    0.394  1
RGI60-15.00094     0.10299   29.927973   99.788597   -0.705    0.336  1
RGI60-15.09683     0.10279   28.218950   86.313909   -0.766    0.365  1
RGI60-15.12916     0.10276   29.274270   97.263452   -0.791    0.336  1
RGI60-15.12902     0.10275   29.417389   97.230255   -0.558    0.348  1
RGI60-15.03687     0.10270   27.833282   87.789249   -0.448    0.333  1
RGI60-15.08581     0.10265   29.880640   96.907184   -1.016    0.415  1
RGI60-15.11733     0.10264   29.599908   97.066986   -1.042    0.395  1
RGI60-15.11905     0.10263   29.442589   96.604542   -0.434    0.383  1
RGI60-15.08670     0.10256   30.565916   97.333589   -0.561    0.315  1
RGI60-15.13054     0.10254   29.176685   97.458355   -1.076    0.390  1
RGI60-15.07799     0.10254   29.275572  101.897824   -0.159    0.385  1
RGI60-15.00179     0.10246   30.395138   99.571806   -0.330    0.337  1
RGI60-15.11493     0.10243   29.654243   96.468008   -0.234    0.282  1
RGI60-15.01360     0.10243   28.193704   92.765957   -0.175    0.293  1
RGI60-15.01072     0.10240   30.129420   95.311504   -0.753    0.379  1
RGI60-15.01156     0.10229   30.243912   95.568741   -0.125    0.462  1
RGI60-15.03117     0.10229   27.751498   87.920925   -0.042    0.396  1
RGI60-15.09190     0.10227   28.625497   84.944350   -0.301    0.347  1
RGI60-15.04335     0.10225   28.684863   84.531099   -0.295    0.316  1
RGI60-15.08177     0.10221   29.586769   97.085018   -0.591    0.377  1
RGI60-15.06368     0.10219   30.312952   80.631374   -0.728    0.340  1
RGI60-15.00995     0.10216   30.323034   95.179823   -0.351    0.353  1
RGI60-15.04340     0.10212   28.684887   84.555970   -0.394    0.243  1
RGI60-15.02581     0.10212   28.022906   90.622580   -0.833    0.347  1
RGI60-15.07458     0.10203   31.117901   78.929356   -0.094    0.355  1
RGI60-15.00759     0.10202   30.401795   95.611518   -0.250    0.251  1
RGI60-15.08339     0.10201   29.814015   96.935713   -0.939    0.375  1
RGI60-15.00853     0.10200   30.251629   95.583932   -0.493    0.321  1
RGI60-15.07727     0.10198   31.648249   99.474003   -0.547    0.296  1
RGI60-15.07777     0.10194   29.203129  101.229561   -0.727    0.429  1
RGI60-15.09693     0.10190   28.232163   86.342750   -0.799    0.353  1
RGI60-15.12602     0.10188   29.075075   96.738828   -0.125    0.417  1
RGI60-15.09895     0.10188   28.047416   87.192918   -0.682    0.384  1
RGI60-15.10582     0.10183   27.882894   87.551892   -0.044    0.294  1
RGI60-15.02004     0.10182   27.885771   92.459160   -0.640    0.438  1
RGI60-15.05389     0.10181   29.447405   82.398877   -0.553    0.343  1
RGI60-15.00151     0.10171   29.957934   99.641698   -0.722    0.352  1
RGI60-15.05209     0.10168   29.924133   82.520955   -0.435    0.350  1
RGI60-15.03450     0.10164   27.882400   86.669447   -0.838    0.366  1
RGI60-15.12885     0.10163   29.061791   97.199188   -0.529    0.355  1
RGI60-15.09609     0.10156   28.238760   86.109360   -0.727    0.349  1
RGI60-15.12932     0.10155   28.957366   97.282615   -0.173    0.275  1
RGI60-15.07755     0.10155   29.276449  101.258698   -0.233    0.593  1
RGI60-15.01406     0.10151   28.127631   92.939595   -0.172    0.382  1
RGI60-15.05633     0.10147   29.461804   82.448532   -0.554    0.333  1
RGI60-15.10768     0.10146   28.223682   90.489854   -0.486    0.291  1
RGI60-15.12190     0.10139   29.106554   96.267772   -0.317    0.410  1
RGI60-15.11169     0.10137   30.183218   95.894468    0.247    0.560  1
RGI60-15.01210     0.10136   29.934828   95.294475   -0.195    0.374  1
RGI60-15.09712     0.10134   28.193619   86.339498   -0.447    0.275  1
RGI60-15.08421     0.10126   29.901633   97.058191   -1.561    0.511  1
RGI60-15.02220     0.10124   27.917315   91.593507   -0.872    0.520  1
RGI60-15.08435     0.10123   29.680407   97.085856   -0.308    0.329  1
RGI60-15.09897     0.10122   27.863541   87.192891   -0.279    0.491  1
RGI60-15.04570     0.10120   28.951864   83.729965   -0.280    0.273  1
RGI60-15.01021     0.10119   30.462001   95.309213    0.562    0.435  1
RGI60-15.01915     0.10119   27.858793   92.212928   -0.296    0.306  1
RGI60-15.08321     0.10117   29.814626   97.228168   -0.181    0.316  1
RGI60-15.04382     0.10117   29.156392   83.798766   -0.339    0.242  1
RGI60-15.07680     0.10111   31.662605   99.549883   -0.428    0.284  1
RGI60-15.10344     0.10107   28.049017   87.891921   -0.437    0.255  1
RGI60-15.03540     0.10107   27.807753   86.475312   -0.599    0.294  1
RGI60-15.04908     0.10100   28.962280   83.434311   -0.284    0.293  1
RGI60-15.07635     0.10096   30.848862   78.915058   -0.062    0.219  1
RGI60-15.02466     0.10095   28.007015   90.292663   -0.522    0.269  1
RGI60-15.07430     0.10091   31.121647   78.640611   -0.059    0.357  1
RGI60-15.03431     0.10090   27.898576   86.507751   -0.297    0.326  1
RGI60-15.02892     0.10089   27.857580   87.916257   -0.342    0.272  1
RGI60-15.01334     0.10087   28.103312   92.947595   -0.305    0.374  1
RGI60-15.07347     0.10086   31.121184   78.887780   -0.848    0.415  1
RGI60-15.07710     0.10081   31.847607   99.025865   -0.972    0.477  1
RGI60-15.05308     0.10077   29.983749   82.308709   -0.757    0.353  1
RGI60-15.06134     0.10076   30.288593   80.404547   -0.501    0.409  1
RGI60-15.05599     0.10075   29.269465   82.841222   -0.936    0.437  1
RGI60-15.10925     0.10074   28.026504   90.852617   -0.868    0.366  1
RGI60-15.05349     0.10074   30.117656   82.129086   -0.155    0.246  1
RGI60-15.02671     0.10068   27.605479   89.359901   -0.673    0.398  1
RGI60-15.02394     0.10067   27.973982   90.103522   -0.982    0.370  1
RGI60-15.08406     0.10067   29.795308   97.047133   -0.685    0.364  1
RGI60-15.11959     0.10061   29.308406   96.897045   -0.537    0.356  1
RGI60-15.06069     0.10058   30.269091   81.436933   -1.192    0.414  1
RGI60-15.02634     0.10055   28.037768   90.918474    0.098    0.323  1
RGI60-15.06044     0.10055   30.131203   80.545173   -0.296    0.327  1
RGI60-15.08636     0.10046   29.836445   96.454494   -0.458    0.366  1
RGI60-15.01153     0.10044   29.609465   95.134876    0.047    0.340  1
RGI60-15.11887     0.10038   29.448408   96.480847    0.294    0.363  1
RGI60-15.05020     0.10038   29.018064   83.617747    0.019    0.214  1
RGI60-15.11717     0.10037   29.508608   97.018104   -0.631    0.289  1
RGI60-15.08534     0.10037   29.796493   96.833416   -0.702    0.324  1
RGI60-15.06441     0.10035   30.030876   82.125181   -0.562    0.302  1
RGI60-15.07952     0.10034   31.290196  102.713915   -0.130    0.240  1
RGI60-15.11291     0.10033   30.131245   96.101658   -1.428    0.565  1
RGI60-15.01681     0.10029   28.336148   91.175131   -0.494    0.477  1
RGI60-15.06759     0.10027   30.222361   80.127209   -0.440    0.440  1
RGI60-15.07934     0.10026   31.597523  102.562338   -0.332    0.355  1
RGI60-15.10141     0.10025   28.244178   86.514329   -0.174    0.305  1
RGI60-15.06409     0.10024   29.961647   82.013954   -0.824    0.408  1
RGI60-15.08977     0.10024   30.009586   81.230460   -0.425    0.306  1
RGI60-15.00879     0.10018   30.325444   95.450915   -0.530    0.304  1
RGI60-15.03604     0.10010   27.637440   86.866331   -0.272    0.384  1
RGI60-15.03162     0.10007   27.732646   88.047902   -0.756    0.351  1
RGI60-15.05380     0.10006   29.627534   82.578331   -0.491    0.441  1
RGI60-15.03624     0.10006   27.799923   87.720703   -0.805    0.314  1
RGI60-15.01296     0.09997   28.640200   93.294042   -0.639    0.344  1
RGI60-15.05601     0.09997   29.278188   82.823739   -0.760    0.416  1
RGI60-15.04364     0.09996   29.257592   83.837448   -0.364    0.296  1
RGI60-15.04421     0.09990   28.777756   83.125131   -1.275    0.420  1
RGI60-15.02081     0.09988   27.931596   91.468640    0.141    0.281  1
RGI60-15.07598     0.09984   30.969109   78.810832   -0.017    0.311  1
RGI60-15.08394     0.09984   29.721138   97.035734   -1.167    0.407  1
RGI60-15.10236     0.09984   28.345278   86.381014    0.216    0.307  1
RGI60-15.06444     0.09979   29.963428   82.210204   -1.156    0.413  1
RGI60-15.01513     0.09976   27.958856   92.676651    0.004    0.369  1
RGI60-15.10376     0.09971   28.021679   87.994901   -0.051    0.296  1
RGI60-15.09874     0.09970   28.068424   87.151609   -0.598    0.382  1
RGI60-15.06399     0.09969   30.120368   80.509619    0.190    0.345  1
RGI60-15.10638     0.09968   27.898003   87.732834   -0.238    0.255  1
RGI60-15.01266     0.09956   29.559697   95.194348   14.753    4.405  1
RGI60-15.02134     0.09955   28.105876   91.320582   -0.395    0.341  1
RGI60-15.12719     0.09955   29.376962   97.036442   -0.697    0.355  1
RGI60-15.10103     0.09954   28.165769   87.033498   -0.334    0.215  1
RGI60-15.00710     0.09944   30.415294   95.412600   -0.282    0.306  1
RGI60-15.02383     0.09943   27.994735   90.252940   -0.588    0.296  1
RGI60-15.06469     0.09942   29.937669   82.159191   -0.588    0.393  1
RGI60-15.08263     0.09941   29.631837   97.241158    0.120    0.298  1
RGI60-15.00124     0.09937   30.056979   99.308770    0.177    0.381  1
RGI60-15.00022     0.09934   29.940938   99.686612   -0.696    0.406  1
RGI60-15.01956     0.09934   27.783022   92.338145   -0.894    0.441  1
RGI60-15.04690     0.09934   28.855668   84.119959   -0.461    0.347  1
RGI60-15.03860     0.09927   27.967273   86.798376   -0.168    0.282  1
RGI60-15.08943     0.09924   30.187199   81.064196   -0.248    0.229  1
RGI60-15.07287     0.09923   30.772672   79.758367   -0.197    0.244  1
RGI60-15.06753     0.09923   30.197900   80.078401    0.116    0.320  1
RGI60-15.00460     0.09918   29.168623   97.793315   -0.269    0.269  1
RGI60-15.00168     0.09916   29.985647   99.553395   -0.618    0.325  1
RGI60-15.02881     0.09914   27.839157   88.021169   -0.422    0.276  1
RGI60-15.05549     0.09914   29.245656   82.528553   -0.922    0.436  1
RGI60-15.06058     0.09912   30.330958   81.436285   -0.279    0.248  1
RGI60-15.09553     0.09911   27.995031   86.085044   -0.645    0.312  1
RGI60-15.01075     0.09911   30.149883   95.157047    0.007    0.439  1
RGI60-15.09415     0.09909   28.362613   85.551181   -0.642    0.317  1
RGI60-15.09531     0.09907   28.037624   86.056845   -0.184    0.312  1
RGI60-15.03083     0.09906   27.802531   87.979146   -0.505    0.294  1
RGI60-15.11960     0.09901   29.232234   96.898203   -0.538    0.379  1
RGI60-15.08097     0.09901   30.585044   97.332713   -0.783    0.449  1
RGI60-15.06109     0.09894   30.341528   80.410666   -0.333    0.384  1
RGI60-15.02398     0.09893   27.967526   90.133016   -0.745    0.362  1
RGI60-15.03600     0.09892   27.665223   86.851332   -0.129    0.343  1
RGI60-15.03662     0.09888   27.767563   87.814406   -0.698    0.333  1
RGI60-15.11661     0.09883   29.670533   96.946219   -1.191    0.460  1
RGI60-15.06980     0.09879   30.622360   79.350820   -0.563    0.280  1
RGI60-15.11351     0.09877   30.030210   96.227978   -0.669    0.533  1
RGI60-15.03362     0.09872   27.823184   88.750069   -0.437    0.317  1
RGI60-15.05683     0.09869   29.705453   82.256333   -0.486    0.368  1
RGI60-15.08532     0.09864   29.857829   96.826702   -0.835    0.379  1
RGI60-15.06416     0.09864   30.064890   81.925058   -0.540    0.321  1
RGI60-15.07937     0.09863   31.659594  102.625134    0.183    0.377  1
RGI60-15.04637     0.09859   28.820762   84.397182    0.263    0.316  1
RGI60-15.03141     0.09858   27.755588   87.685261   -0.588    0.340  1
RGI60-15.04602     0.09857   28.649671   84.510794   -0.269    0.321  1
RGI60-15.08255     0.09856   29.694085   97.229315   -0.836    0.340  1
RGI60-15.05652     0.09851   29.722803   82.401033   -0.549    0.385  1
RGI60-15.02115     0.09840   27.950551   91.264641   -0.304    0.360  1
RGI60-15.01017     0.09837   30.445293   95.258795   -0.922    0.512  1
RGI60-15.11316     0.09835   29.936906   96.192386   -0.247    0.414  1
RGI60-15.00292     0.09831   28.337832   97.466546   -0.431    0.306  1
RGI60-15.01815     0.09825   28.001733   92.323261   -0.587    0.282  1
RGI60-15.06521     0.09823   30.486891   80.470434    0.524    0.333  1
RGI60-15.07651     0.09822   31.840966   98.991895   -0.263    0.434  1
RGI60-15.04984     0.09817   29.099605   83.732492    0.114    0.244  1
RGI60-15.11032     0.09815   30.035332   95.736400   -1.114    0.543  1
RGI60-15.13050     0.09806   29.170314   97.450108   -0.206    0.259  1
RGI60-15.13113     0.09804   31.168236   79.307712   -0.584    0.307  1
RGI60-15.02171     0.09803   28.014203   91.360898   -0.486    0.383  1
RGI60-15.01884     0.09803   27.773827   92.250710   -0.627    0.367  1
RGI60-15.12459     0.09803   29.316585   96.356200   -2.035    1.323  1
RGI60-15.03400     0.09802   27.770076   86.960360    0.277    0.330  1
RGI60-15.04916     0.09799   29.016336   83.306105   -0.611    0.331  1
RGI60-15.01580     0.09797   28.116320   92.592167   -0.563    0.337  1
RGI60-15.13087     0.09796   28.963647   97.591048   -0.759    0.366  1
RGI60-15.05384     0.09796   29.620860   82.553979   -0.160    0.400  1
RGI60-15.10588     0.09795   27.943745   87.587448   -1.040    0.356  1
RGI60-15.08741     0.09789   31.222107   79.157434   -0.328    0.230  1
RGI60-15.00351     0.09783   28.853481   98.415186   -1.753    0.718  1
RGI60-15.00677     0.09781   30.504792   95.362465   -0.390    0.269  1
RGI60-15.01630     0.09780   28.148297   92.585993   -1.033    0.417  1
RGI60-15.00904     0.09775   30.237275   95.619002   -0.309    0.383  1
RGI60-15.12699     0.09770   29.338948   97.010011   -0.383    0.318  1
RGI60-15.10816     0.09749   28.274558   90.550991   -0.738    0.349  1
RGI60-15.01101     0.09745   30.191296   95.633969   -0.397    0.397  1
RGI60-15.05503     0.09744   29.286420   82.803721   -0.262    0.365  1
RGI60-15.07972     0.09742   31.198267  102.899069   -0.591    0.392  1
RGI60-15.00468     0.09738   29.146829   97.836576   -0.977    0.426  1
RGI60-15.11309     0.09736   30.101063   96.177596   -0.121    0.579  1
RGI60-15.07195     0.09722   30.706486   79.366716   -0.223    0.313  1
RGI60-15.00806     0.09715   30.356630   95.683085   -0.104    0.434  1
RGI60-15.00249     0.09715   28.408284   97.492806   -0.339    0.310  1
RGI60-15.06962     0.09713   30.930832   79.651270    0.186    0.311  1
RGI60-15.07577     0.09712   30.920963   78.768854    0.004    0.231  1
RGI60-15.03316     0.09712   27.893107   88.778923   -0.817    0.326  1
RGI60-15.00210     0.09710   28.351906   99.421281   -0.065    0.424  1
RGI60-15.07944     0.09706   31.373130  102.680495   -0.226    0.285  1
RGI60-15.00675     0.09702   30.506537   95.343199   -0.182    0.320  1
RGI60-15.05500     0.09699   29.269445   82.875319   -0.856    0.376  1
RGI60-15.06537     0.09695   30.410666   80.552245    0.314    0.351  1
RGI60-15.11896     0.09687   29.486425   96.561389   -0.452    0.357  1
RGI60-15.00259     0.09682   28.362839   97.789823   -0.983    0.460  1
RGI60-15.04992     0.09681   29.090454   83.621615   -0.531    0.302  1
RGI60-15.07681     0.09677   31.660594   99.552336   -0.413    0.309  1
RGI60-15.11393     0.09671   29.807380   96.313478   -0.521    0.536  1
RGI60-15.04947     0.09669   29.193891   83.418492    0.007    0.318  1
RGI60-15.02124     0.09668   28.058555   91.344454   -0.626    0.354  1
RGI60-15.04103     0.09665   28.522234   84.661740    0.049    0.566  1
RGI60-15.10391     0.09661   27.986818   88.034225   -0.233    0.296  1
RGI60-15.00334     0.09656   29.227442   98.351443   -0.982    0.484  1
RGI60-15.11687     0.09651   29.714015   96.971110   -1.193    0.421  1
RGI60-15.12261     0.09645   29.324278   96.180270   -0.879    0.482  1
RGI60-15.07080     0.09637   30.795335   79.659680    0.473    0.374  1
RGI60-15.12396     0.09633   28.421941   96.905759   -0.588    0.394  1
RGI60-15.01908     0.09631   27.829910   92.162745   -0.630    0.316  1
RGI60-15.02057     0.09624   27.963702   91.614448   -0.204    0.442  1
RGI60-15.02677     0.09623   27.764063   89.535575   -0.640    0.265  1
RGI60-15.06412     0.09622   29.919364   82.091279   -0.360    0.369  1
RGI60-15.07016     0.09619   30.471999   79.837701   -0.361    0.369  1
RGI60-15.04940     0.09618   29.358072   83.420636   -0.107    0.302  1
RGI60-15.02136     0.09612   28.077366   91.329641   -0.312    0.270  1
RGI60-15.06530     0.09603   30.408803   80.541754   -0.092    0.276  1
RGI60-15.06296     0.09601   29.817117   81.187389   -0.018    0.530  1
RGI60-15.10642     0.09591   27.830419   87.738838   -1.134    0.467  1
RGI60-15.01705     0.09589   28.367613   91.869649   -0.288    0.218  1
RGI60-15.01454     0.09575   28.687723   93.689070    0.037    0.362  1
RGI60-15.11219     0.09573   30.240701   95.940782    0.822    0.451  1
RGI60-15.11409     0.09572   29.751649   96.328336   -0.489    0.575  1
RGI60-15.04198     0.09570   28.118470   85.513834   -0.508    0.376  1
RGI60-15.05170     0.09568   30.093882   81.932405   -0.438    0.299  1
RGI60-15.00458     0.09566   29.210037   97.762556   -0.869    0.359  1
RGI60-15.05112     0.09565   28.770128   83.261034   -0.552    0.363  1
RGI60-15.02269     0.09561   28.012478   89.602362   -0.927    0.401  1
RGI60-15.04297     0.09561   28.131790   85.778205   -0.842    0.461  1
RGI60-15.10612     0.09560   27.822211   87.665828   -1.116    0.433  1
RGI60-15.08763     0.09559   31.072683   79.213947   -0.550    0.414  1
RGI60-15.04322     0.09558   28.739970   83.879265   -0.488    0.292  1
RGI60-15.03260     0.09557   27.866495   88.665357   -0.415    0.309  1
RGI60-15.05219     0.09556   29.769573   82.663162   -0.225    0.365  1
RGI60-15.05589     0.09552   29.240164   82.800063    0.028    0.692  1
RGI60-15.01385     0.09550   28.587986   93.248634    0.250    0.314  1
RGI60-15.09770     0.09547   28.013672   86.473231   -1.048    0.359  1
RGI60-15.04246     0.09540   28.209618   85.705805    0.007    0.473  1
RGI60-15.07395     0.09539   31.189726   78.463736    0.338    0.441  1
RGI60-15.07234     0.09538   30.806970   79.412927   -0.332    0.336  1
RGI60-15.05455     0.09536   29.271086   82.784416   -1.097    0.471  1
RGI60-15.12328     0.09536   28.935101   96.568076   -0.611    0.375  1
RGI60-15.05271     0.09535   29.812759   82.296682    0.064    0.371  1
RGI60-15.03935     0.09535   27.946214   86.754348   -0.715    0.336  1
RGI60-15.03698     0.09528   27.850907   87.768207   -0.384    0.273  1
RGI60-15.00595     0.09528   28.203062   97.365280   -0.529    0.422  1
RGI60-15.11742     0.09517   29.634225   97.088042   -0.949    0.344  1
RGI60-15.11473     0.09515   29.801803   96.441102   -0.632    0.406  1
RGI60-15.03675     0.09515   27.816225   87.825711    0.003    0.269  1
RGI60-15.08011     0.09512   31.264512  103.112696   -0.522    0.345  1
RGI60-15.09047     0.09512   30.363968   81.348263    0.002    0.286  1
RGI60-15.03002     0.09511   27.723043   88.368515   -0.744    0.381  1
RGI60-15.05004     0.09508   29.059362   83.555970   -0.094    0.306  1
RGI60-15.11755     0.09506   29.827887   95.678349   -1.105    0.639  1
RGI60-15.06172     0.09504   30.022738   82.220894   -0.947    0.335  1
RGI60-15.11020     0.09504   29.858100   82.668828    0.063    0.269  1
RGI60-15.07380     0.09501   31.231928   78.397293   -0.153    0.284  1
RGI60-15.02686     0.09495   27.902275   90.213491   -0.734    0.297  1
RGI60-15.07414     0.09494   31.173154   78.370352    0.569    0.441  1
RGI60-15.06156     0.09491   29.880046   82.174562   -0.996    0.475  1
RGI60-15.03161     0.09484   27.732150   88.043808   -0.519    0.338  1
RGI60-15.05074     0.09484   29.007262   83.678890   -0.023    0.242  1
RGI60-15.08541     0.09472   29.757271   96.849698   -0.884    0.321  1
RGI60-15.06600     0.09470   30.732726   78.976731    0.179    0.248  1
RGI60-15.12327     0.09464   28.940585   96.564507   -0.376    0.323  1
RGI60-15.07199     0.09459   30.766636   79.351508    0.070    0.316  1
RGI60-15.08404     0.09459   29.799314   97.043296   -0.642    0.301  1
RGI60-15.08492     0.09456   29.733025   96.536020   -0.105    0.334  1
RGI60-15.00224     0.09455   28.320311   97.583037   -0.178    0.430  1
RGI60-15.09470     0.09449   28.134585   85.931407   -0.431    0.309  1
RGI60-15.00481     0.09449   28.762725   97.894303   -0.640    0.361  1
RGI60-15.06936     0.09445   30.745896   79.173636   -0.107    0.357  1
RGI60-15.04969     0.09439   29.227630   83.800470   -0.066    0.305  1
RGI60-15.13119     0.09436   30.417802   81.442696   -0.469    0.333  1
RGI60-15.06268     0.09434   29.807621   81.384328   -0.543    0.347  1
RGI60-15.01455     0.09431   28.486603   92.707938   -0.631    0.292  1
RGI60-15.03257     0.09425   27.830594   88.660857   -0.533    0.400  1
RGI60-15.08818     0.09419   31.071820   79.386125   -0.415    0.243  1
RGI60-15.06142     0.09412   30.182359   81.966896   -0.469    0.354  1
RGI60-15.02606     0.09411   28.026514   90.914250   -0.384    0.276  1
RGI60-15.04957     0.09410   29.256421   83.340116   -0.358    0.285  1
RGI60-15.00877     0.09409   30.338888   95.484967   -0.036    0.308  1
RGI60-15.11307     0.09408   29.907915   96.172425    0.466    0.848  1
RGI60-15.02126     0.09408   28.072070   91.612558    0.062    0.315  1
RGI60-15.08035     0.09402   31.638024  102.999716   -0.418    0.313  1
RGI60-15.05547     0.09400   29.279955   82.570787   -0.043    0.377  1
RGI60-15.00383     0.09390   29.261953   97.547207   -0.999    0.387  1
RGI60-15.08657     0.09383   30.383704   95.860669   -0.324    0.446  1
RGI60-15.13047     0.09383   29.141097   97.443276   -0.732    0.329  1
RGI60-15.02247     0.09381   28.074861   89.559046   -0.803    0.345  1
RGI60-15.01387     0.09379   28.631612   93.273111   -0.252    0.358  1
RGI60-15.04613     0.09375   28.853156   84.294396   -0.444    0.339  1
RGI60-15.04418     0.09361   28.810736   83.102770   -0.135    0.262  1
RGI60-15.11713     0.09358   29.688116   97.012821   -0.853    0.372  1
RGI60-15.10532     0.09356   28.201104   87.443316   -0.220    0.418  1
RGI60-15.04890     0.09347   28.917721   83.480092   -0.393    0.287  1
RGI60-15.05273     0.09344   29.813648   82.290086   -0.991    0.460  1
RGI60-15.01994     0.09343   27.797105   92.450229   -0.082    0.279  1
RGI60-15.10169     0.09341   28.105913   86.632659    0.017    0.261  1
RGI60-15.08389     0.09339   29.780714   97.029827   -1.271    0.442  1
RGI60-15.01251     0.09332   30.009215   95.477157    0.012    0.335  1
RGI60-15.11141     0.09322   30.333398   95.860486   -0.589    0.444  1
RGI60-15.02143     0.09322   28.062407   91.248950   -0.192    0.297  1
RGI60-15.05107     0.09320   28.789993   83.047096    0.034    0.222  1
RGI60-15.00705     0.09312   30.440078   95.410754    0.391    0.353  1
RGI60-15.06295     0.09298   29.822024   81.186761   -0.187    0.329  1
RGI60-15.00854     0.09295   30.236926   95.574791   -0.462    0.358  1
RGI60-15.00770     0.09289   30.430961   95.632431   -0.796    0.388  1
RGI60-15.00197     0.09269   30.403394   99.548658   -0.359    0.335  1
RGI60-15.11594     0.09266   29.529767   96.846075   -1.166    0.471  1
RGI60-15.10108     0.09263   28.166256   87.049477   -0.273    0.258  1
RGI60-15.09919     0.09262   28.192060   86.691801   -0.186    0.230  1
RGI60-15.07775     0.09261   29.177717  101.213403   -1.272    0.818  1
RGI60-15.03955     0.09257   28.246160   85.600253   -0.454    0.331  1
RGI60-15.00187     0.09256   30.620976   99.447484   -1.334    0.444  1
RGI60-15.07787     0.09256   29.157908  101.300010   -0.419    0.463  1
RGI60-15.00928     0.09244   30.588716   95.212516   -0.441    0.402  1
RGI60-15.06734     0.09240   30.411733   79.794834   -0.565    0.412  1
RGI60-15.07742     0.09240   31.416591  100.403246   -0.190    0.365  1
RGI60-15.12790     0.09222   29.307246   97.093030   -0.601    0.425  1
RGI60-15.01834     0.09220   28.382965   91.127333   -0.288    0.302  1
RGI60-15.01245     0.09220   29.935145   95.570706   -0.275    0.337  1
RGI60-15.07286     0.09218   30.771865   79.752097   -0.091    0.315  1
RGI60-15.07996     0.09214   31.123808  102.998637   -0.644    0.344  1
RGI60-15.10057     0.09212   28.173324   86.930883   -0.126    0.295  1
RGI60-15.11410     0.09211   29.777913   96.331621   -0.425    0.552  1
RGI60-15.06217     0.09208   29.661282   81.469721   -0.293    0.352  1
RGI60-15.00253     0.09201   28.408776   97.536140   -0.482    0.329  1
RGI60-15.01377     0.09196   28.575411   93.248486   -2.331    1.302  1
RGI60-15.08860     0.09195   30.611072   80.039788   -0.114    0.465  1
RGI60-15.05961     0.09191   29.866308   80.961394   -0.926    0.341  1
RGI60-15.04262     0.09190   28.172680   85.499388   -0.448    0.407  1
RGI60-15.11405     0.09190   29.732663   96.325378   -0.609    0.485  1
RGI60-15.05073     0.09189   29.118368   83.769985   -0.644    0.374  1
RGI60-15.10491     0.09188   28.279329   87.554093   -0.110    0.343  1
RGI60-15.07717     0.09185   31.797708   99.098048   -0.402    0.466  1
RGI60-15.08277     0.09183   29.643520   97.265757   -0.640    0.368  1
RGI60-15.03764     0.09180   27.870597   86.362342   -0.238    0.271  1
RGI60-15.11630     0.09179   29.610247   96.908830   -1.081    0.440  1
RGI60-15.02627     0.09178   28.137120   89.972739   -0.907    0.383  1
RGI60-15.00425     0.09177   28.683139   98.131215   -1.003    0.443  1
RGI60-15.09945     0.09173   28.121924   86.757417   -0.137    0.213  1
RGI60-15.00385     0.09172   29.272116   97.553923   -0.286    0.248  1
RGI60-15.01390     0.09171   28.545644   93.010536   -0.766    0.372  1
RGI60-15.07167     0.09170   30.839059   79.197964    0.553    0.357  1
RGI60-15.05374     0.09170   29.131050   82.766873   -0.800    0.355  1
RGI60-15.05494     0.09169   29.208216   82.898176   -0.193    0.392  1
RGI60-15.09252     0.09163   28.756604   85.138514   -0.340    0.350  1
RGI60-15.04313     0.09146   28.170322   85.532331   -0.324    0.362  1
RGI60-15.08340     0.09142   29.745393   96.935897   -0.875    0.404  1
RGI60-15.06182     0.09139   30.047372   81.275081   -0.393    0.331  1
RGI60-15.08476     0.09139   29.781622   97.190559   -0.732    0.397  1
RGI60-15.03334     0.09139   27.888291   88.804756   -0.256    0.302  1
RGI60-15.00497     0.09136   28.817456   98.043701   -0.658    0.546  1
RGI60-15.13073     0.09136   29.084448   97.558707   -0.661    0.307  1
RGI60-15.06993     0.09129   30.488925   79.889596    0.242    0.279  1
RGI60-15.04498     0.09123   28.621122   84.344403   -0.578    0.377  1
RGI60-15.03148     0.09115   27.617329   88.040354   -0.663    0.359  1
RGI60-15.11617     0.09112   29.615746   96.874062   -0.583    0.315  1
RGI60-15.08523     0.09110   29.732030   96.807695   -0.924    0.401  1
RGI60-15.03699     0.09106   27.861301   87.794068   -0.008    0.273  1
RGI60-15.01829     0.09105   28.363213   91.098032   -0.386    0.293  1
RGI60-15.12194     0.09104   29.101251   96.283131   -0.748    0.534  1
RGI60-15.05342     0.09101   30.000142   82.284134   -0.392    0.307  1
RGI60-15.08606     0.09091   29.914929   96.959432   -0.742    0.348  1
RGI60-15.11806     0.09091   29.667815   95.962218   -0.835    0.854  1
RGI60-15.03174     0.09091   28.005807   88.534305    0.128    0.378  1
RGI60-15.08420     0.09086   29.745644   97.058171   -0.667    0.417  1
RGI60-15.04798     0.09082   28.480886   83.941760   -0.340    0.334  1
RGI60-15.02354     0.09081   28.105290   90.045534   -0.286    0.246  1
RGI60-15.07028     0.09079   30.371607   79.713410   -0.047    0.369  1
RGI60-15.09638     0.09076   28.273080   86.196140   -0.470    0.344  1
RGI60-15.12804     0.09073   29.374040   97.102298   -1.355    0.530  1
RGI60-15.06346     0.09071   30.221789   80.716733   -0.158    0.370  1
RGI60-15.11431     0.09068   29.771294   96.366487    0.923    0.476  1
RGI60-15.04712     0.09067   28.895708   84.056686   -0.318    0.295  1
RGI60-15.01463     0.09063   28.483847   92.792552   -0.146    0.300  1
RGI60-15.11601     0.09062   29.522853   96.861113   -0.978    0.392  1
RGI60-15.05461     0.09061   29.362740   82.672911   -0.505    0.511  1
RGI60-15.12771     0.09054   28.891680   97.079822   -0.332    0.336  1
RGI60-15.02107     0.09049   27.893174   91.293585   -0.675    0.481  1
RGI60-15.10837     0.09047   28.172027   90.581835   -0.503    0.315  1
RGI60-15.02891     0.09041   27.860634   87.960313   -0.125    0.230  1
RGI60-15.02503     0.09040   28.003757   90.407210   -0.992    0.398  1
RGI60-15.12515     0.09037   29.228947   96.494374   -0.090    0.464  1
RGI60-15.01855     0.09035   28.052669   90.934504   -0.720    0.375  1
RGI60-15.01103     0.09035   30.207304   95.637414   -0.496    0.413  1
RGI60-15.04321     0.09034   28.737966   83.876709   -0.282    0.314  1
RGI60-15.08146     0.09033   28.964556   97.654752    0.205    0.360  1
RGI60-15.10733     0.09029   28.098349   90.410175   -0.054    0.315  1
RGI60-15.05084     0.09018   28.770319   84.097318   -0.261    0.284  1
RGI60-15.08923     0.09017   30.343894   80.867706   -0.755    0.358  1
RGI60-15.05285     0.09016   29.899820   82.453765   -0.543    0.478  1
RGI60-15.10540     0.09013   28.140310   87.479205   -0.053    0.487  1
RGI60-15.08841     0.09006   30.811148   79.892885   -1.461    0.585  1
RGI60-15.09869     0.09003   27.962530   87.133964   -0.458    0.377  1
RGI60-15.11228     0.09003   30.247572   95.946307    1.206    0.657  1
RGI60-15.02034     0.09001   27.969101   92.162306   -0.804    0.356  1
RGI60-15.02293     0.08992   27.953379   89.944004   -0.581    0.352  1
RGI60-15.07290     0.08992   30.226155   80.125285   -1.494    0.767  1
RGI60-15.08802     0.08991   31.123444   79.310369   -0.540    0.306  1
RGI60-15.05000     0.08991   29.062576   83.590398   -0.575    0.331  1
RGI60-15.05833     0.08987   29.910656   81.736368   -0.523    0.328  1
RGI60-15.07948     0.08987   31.253157  102.697488   -0.501    0.363  1
RGI60-15.04726     0.08986   28.828177   84.026078   -0.523    0.284  1
RGI60-15.12936     0.08985   28.942536   97.287544    0.396    0.340  1
RGI60-15.06258     0.08985   29.856767   81.597671   -0.320    0.352  1
RGI60-15.00217     0.08977   28.321874   97.515218    0.075    0.395  1
RGI60-15.03068     0.08975   27.837076   88.025108   -0.485    0.334  1
RGI60-15.03118     0.08973   27.747844   87.930654   -0.012    0.321  1
RGI60-15.09525     0.08966   28.046127   86.046087   -0.430    0.288  1
RGI60-15.02027     0.08965   27.906422   91.650796   -0.224    0.324  1
RGI60-15.12955     0.08962   28.930575   97.298397   -1.109    0.445  1
RGI60-15.09867     0.08959   28.039460   87.124767   -0.567    0.386  1
RGI60-15.12174     0.08959   29.202928   96.187995    0.124    0.319  1
RGI60-15.00409     0.08957   28.625444   98.140918   -0.892    0.500  1
RGI60-15.06446     0.08956   29.960235   82.237488   -0.550    0.310  1
RGI60-15.01936     0.08954   27.868237   92.376330   -0.153    0.330  1
RGI60-15.11691     0.08952   29.534739   96.972861   -0.446    0.307  1
RGI60-15.08374     0.08948   29.794701   97.016340   -0.265    0.321  1
RGI60-15.00980     0.08944   30.384450   95.321878    0.195    0.396  1
RGI60-15.04197     0.08935   28.117355   85.508565    0.115    0.396  1
RGI60-15.05235     0.08933   29.669431   82.941855   -0.519    0.302  1
RGI60-15.09075     0.08932   30.248031   81.370710    0.037    0.362  1
RGI60-15.11331     0.08931   29.785001   96.215757    0.544    0.471  1
RGI60-15.05621     0.08928   29.256145   82.534624   -0.074    0.449  1
RGI60-15.09490     0.08925   28.185482   85.862370   -0.662    0.327  1
RGI60-15.00456     0.08925   29.230340   97.713232   -0.366    0.282  1
RGI60-15.11206     0.08923   29.910020   95.932040   -0.488    0.429  1
RGI60-15.07728     0.08915   31.634844   99.496050   -0.399    0.277  1
RGI60-15.05145     0.08903   29.006699   83.203570   -1.198    0.431  1
RGI60-15.02152     0.08901   28.068662   91.404701   -0.256    0.308  1
RGI60-15.07039     0.08901   30.414824   80.325086    0.118    0.351  1
RGI60-15.04991     0.08896   29.123731   83.621108   -0.435    0.294  1
RGI60-15.08000     0.08895   31.154205  103.020919   -0.797    0.446  1
RGI60-15.08219     0.08894   29.599783   97.163465   -1.032    0.425  1
RGI60-15.07749     0.08894   31.037230  101.319447   -0.451    0.354  1
RGI60-15.07541     0.08889   31.020719   78.494034    0.243    0.309  1
RGI60-15.12778     0.08884   29.307056   97.082947   -0.872    0.420  1
RGI60-15.07359     0.08882   31.346471   78.163272    0.149    0.249  1
RGI60-15.08429     0.08880   29.731269   97.067635   -0.919    0.390  1
RGI60-15.00287     0.08877   28.313402   97.482962   -0.447    0.374  1
RGI60-15.04264     0.08871   28.172465   85.490559   -0.517    0.412  1
RGI60-15.08164     0.08862   29.395498   97.415633   -0.907    0.425  1
RGI60-15.06032     0.08860   30.238392   80.869143   -0.359    0.254  1
RGI60-15.00376     0.08860   28.426690   98.567804   -0.203    0.272  1
RGI60-15.01067     0.08855   30.113679   95.299583   -0.719    0.435  1
RGI60-15.06421     0.08854   30.067324   81.918095   -0.239    0.315  1
RGI60-15.01253     0.08853   30.028886   95.393631   -0.266    0.413  1
RGI60-15.00493     0.08846   28.802203   98.083670   -1.037    0.496  1
RGI60-15.06910     0.08843   30.815741   79.170677   -0.264    0.350  1
RGI60-15.02432     0.08837   27.900196   90.255614   -1.206    0.428  1
RGI60-15.07674     0.08836   28.403221  100.334536   -0.417    0.303  1
RGI60-15.07233     0.08836   30.818262   79.302998   -0.737    0.344  1
RGI60-15.00678     0.08828   30.506082   95.365133   -0.410    0.294  1
RGI60-15.01629     0.08827   28.105004   92.540908   -0.908    0.377  1
RGI60-15.10498     0.08821   28.263465   87.636885   -0.838    0.488  1
RGI60-15.12366     0.08821   28.277941   96.801262   -0.616    0.381  1
RGI60-15.08078     0.08816   29.234489   98.472009   -0.763    0.613  1
RGI60-15.10904     0.08816   28.330915   90.775068   -0.753    0.338  1
RGI60-15.00452     0.08814   29.260705   97.711561   -0.793    0.326  1
RGI60-15.02010     0.08811   27.893485   92.436884   -0.234    0.291  1
RGI60-15.08043     0.08798   31.288189  103.145677   -0.394    0.329  1
RGI60-15.11009     0.08798   29.707474   82.853988   -0.447    0.337  1
RGI60-15.06992     0.08795   30.483943   79.886779    0.301    0.400  1
RGI60-15.05312     0.08793   29.764649   82.331818   -0.529    0.474  1
RGI60-15.11922     0.08793   29.528328   96.725469   -1.704    0.660  1
RGI60-15.00561     0.08786   28.234654   97.375969    0.038    0.243  1
RGI60-15.05447     0.08783   29.220316   82.724528   -0.238    0.277  1
RGI60-15.05284     0.08782   29.887046   82.451322   -1.179    0.581  1
RGI60-15.09621     0.08782   28.186572   86.177047   -0.741    0.329  1
RGI60-15.03458     0.08781   27.925608   86.665436   -0.411    0.289  1
RGI60-15.12516     0.08780   29.270780   96.494808    0.610    0.420  1
RGI60-15.05466     0.08780   29.355564   82.617791    0.164    0.309  1
RGI60-15.00517     0.08780   28.155052   97.473431    0.765    0.394  1
RGI60-15.02273     0.08768   28.097556   89.825771   -0.325    0.329  1
RGI60-15.03319     0.08767   27.892602   88.768604   -0.319    0.310  1
RGI60-15.11417     0.08762   29.835077   96.346394    0.115    0.500  1
RGI60-15.03040     0.08758   27.986038   88.807095   -0.704    0.480  1
RGI60-15.12789     0.08752   29.450543   97.091876   -0.677    0.375  1
RGI60-15.03748     0.08735   27.938399   86.839237   -0.762    0.331  1
RGI60-15.09204     0.08733   28.682326   85.051844   -0.124    0.317  1
RGI60-15.05368     0.08721   29.107992   82.970772   -0.129    0.425  1
RGI60-15.02768     0.08718   27.627683   88.008546   -0.332    0.333  1
RGI60-15.00073     0.08714   29.969388   99.566130   -0.300    0.291  1
RGI60-15.00681     0.08712   30.535219   95.339430   -0.480    0.308  1
RGI60-15.08542     0.08712   29.730526   96.851154   -1.110    0.467  1
RGI60-15.04267     0.08703   28.167295   85.510261   -0.339    0.397  1
RGI60-15.00248     0.08702   28.330224   97.533784   -0.174    0.611  1
RGI60-15.00840     0.08701   30.334888   95.564359   -0.585    0.403  1
RGI60-15.10310     0.08697   28.613632   88.687289   -0.065    0.275  1
RGI60-15.08332     0.08695   29.827134   96.909008   -0.533    0.305  1
RGI60-15.11650     0.08694   29.456686   96.936526   -0.918    0.421  1
RGI60-15.10527     0.08693   28.207530   87.432968   -0.617    0.455  1
RGI60-15.07756     0.08688   29.298463  101.258454   -0.265    0.383  1
RGI60-15.00163     0.08686   29.986935   99.670437   -0.678    0.323  1
RGI60-15.11465     0.08681   29.678007   96.430511   -0.094    0.313  1
RGI60-15.12676     0.08677   29.365751   96.994232   -0.396    0.314  1
RGI60-15.03711     0.08675   27.918217   86.395730   -0.507    0.333  1
RGI60-15.07352     0.08665   31.162979   78.836899    0.164    0.415  1
RGI60-15.09629     0.08665   28.276848   86.163513   -0.429    0.255  1
RGI60-15.02859     0.08660   27.843074   88.147955   -0.060    0.218  1
RGI60-15.10378     0.08660   27.995296   88.015883   -0.478    0.338  1
RGI60-15.08401     0.08655   29.675721   97.040240   -0.604    0.418  1
RGI60-15.00246     0.08654   28.475971   97.769858   -0.968    0.407  1
RGI60-15.08372     0.08647   29.901048   97.014183   -0.776    0.368  1
RGI60-15.06074     0.08647   30.189477   81.606526   -0.340    0.320  1
RGI60-15.01298     0.08641   28.581218   93.246073   -0.137    0.397  1
RGI60-15.00550     0.08636   28.278869   97.489392    0.155    0.390  1
RGI60-15.08910     0.08635   30.477743   80.783457    0.255    0.371  1
RGI60-15.13002     0.08633   28.769009   97.340998   -0.654    0.334  1
RGI60-15.09861     0.08633   28.105770   87.113643   -0.271    0.327  1
RGI60-15.01845     0.08632   28.150596   91.466569   -0.228    0.329  1
RGI60-15.01825     0.08630   28.411730   91.187044   -0.518    0.365  1
RGI60-15.01638     0.08623   28.547385   91.178038   -0.454    0.305  1
RGI60-15.05685     0.08621   29.712301   82.229765   -0.714    0.394  1
RGI60-15.01404     0.08620   28.140360   92.862405   -0.055    0.327  1
RGI60-15.08425     0.08619   29.914235   97.061727   -0.385    0.322  1
RGI60-15.10536     0.08617   28.183686   87.469029   -0.091    0.366  1
RGI60-15.05190     0.08611   30.209992   82.094328   -0.085    0.235  1
RGI60-15.03919     0.08608   27.763282   86.918900   -1.080    0.394  1
RGI60-15.03959     0.08608   28.233606   85.470057   -0.624    0.398  1
RGI60-15.01538     0.08597   28.130226   92.603482   -0.151    0.244  1
RGI60-15.01105     0.08590   30.199385   95.561974   -0.247    0.351  1
RGI60-15.02835     0.08582   27.642706   88.088775   -0.368    0.320  1
RGI60-15.02887     0.08574   27.885614   87.989616   -0.029    0.328  1
RGI60-15.00241     0.08573   28.457389   97.812108   -0.686    0.327  1
RGI60-15.09240     0.08571   28.772971   85.112746   -0.370    0.311  1
RGI60-15.02977     0.08566   27.907115   88.637054   -0.211    0.351  1
RGI60-15.08032     0.08564   31.245342  102.931009   -0.347    0.395  1
RGI60-15.01874     0.08562   27.796557   92.175356   -0.364    0.266  1
RGI60-15.08329     0.08561   29.780183   96.891869   -0.656    0.337  1
RGI60-15.03648     0.08560   27.715455   87.628586   -0.247    0.349  1
RGI60-15.00461     0.08559   29.167855   97.798493   -0.469    0.289  1
RGI60-15.08402     0.08558   29.787393   97.042626   -0.855    0.408  1
RGI60-15.00841     0.08557   30.315348   95.539519   -0.660    0.409  1
RGI60-15.03069     0.08550   27.837502   88.018274   -0.149    0.311  1
RGI60-15.03915     0.08549   27.708537   87.650242    0.030    0.348  1
RGI60-15.06568     0.08548   30.311520   80.342377   -0.485    0.331  1
RGI60-15.01824     0.08545   28.044616   92.487630   -0.833    0.470  1
RGI60-15.02489     0.08542   27.924538   90.393012   -0.333    0.311  1
RGI60-15.09329     0.08542   28.489720   85.361606   -0.777    0.409  1
RGI60-15.09968     0.08541   28.189990   86.792216   -0.310    0.270  1
RGI60-15.09589     0.08541   28.345481   86.247579   -0.097    0.318  1
RGI60-15.08118     0.08540   29.104195   97.572596   -0.005    0.234  1
RGI60-15.00067     0.08536   30.130002   99.544936   -0.489    0.376  1
RGI60-15.10505     0.08536   28.228055   87.552514   -0.832    0.425  1
RGI60-15.12659     0.08535   29.480307   96.985136   -1.081    0.421  1
RGI60-15.09961     0.08535   28.171821   86.787384   -0.007    0.292  1
RGI60-15.04394     0.08534   28.842907   83.610359   -0.076    0.226  1
RGI60-15.00568     0.08532   28.245449   97.367314    0.289    0.277  1
RGI60-15.05135     0.08531   28.474747   84.529866   -0.807    0.430  1
RGI60-15.08755     0.08530   31.240205   79.176525   -0.027    0.285  1
RGI60-15.03700     0.08522   27.921774   87.827860   -0.693    0.425  1
RGI60-15.05496     0.08521   29.210470   82.887782   -0.215    0.372  1
RGI60-15.04369     0.08518   29.205324   83.837075   -0.492    0.256  1
RGI60-15.03640     0.08518   27.746423   87.659448   -0.405    0.256  1
RGI60-15.00240     0.08518   28.455720   97.816944   -0.125    0.316  1
RGI60-15.07067     0.08512   30.567849   80.089503    0.752    0.580  1
RGI60-15.09671     0.08509   28.138749   86.257348   -0.049    0.296  1
RGI60-15.01201     0.08508   29.817448   95.488888   -0.618    0.354  1
RGI60-15.11550     0.08508   29.532829   96.625786   -0.019    0.487  1
RGI60-15.06894     0.08507   30.844111   79.360926   -0.255    0.280  1
RGI60-15.04920     0.08507   28.976965   83.178513   -0.206    0.308  1
RGI60-15.12952     0.08502   29.388136   97.295075   -0.385    0.416  1
RGI60-15.01808     0.08500   28.180421   91.887874   -0.141    0.340  1
RGI60-15.12147     0.08494   29.360549   96.022586   -0.680    0.595  1
RGI60-15.11589     0.08489   29.535776   96.731922   -1.308    0.630  1
RGI60-15.08103     0.08487   30.570992   97.365332    0.326    0.377  1
RGI60-15.05253     0.08485   29.842267   82.340595   -0.177    0.342  1
RGI60-15.06947     0.08484   30.806242   79.454856   -0.542    0.329  1
RGI60-15.06837     0.08483   30.913664   79.560467   -0.074    0.234  1
RGI60-15.09960     0.08475   28.182833   86.786516   -0.328    0.270  1
RGI60-15.07079     0.08474   30.801007   79.672768   -0.271    0.373  1
RGI60-15.01109     0.08474   30.153757   95.531924    0.437    0.423  1
RGI60-15.00873     0.08473   30.361636   95.508929   -0.639    0.367  1
RGI60-15.09684     0.08467   28.259675   86.314678   -0.611    0.331  1
RGI60-15.12836     0.08465   28.917527   97.133169   -0.150    0.300  1
RGI60-15.05307     0.08464   30.005965   82.323154   -0.565    0.332  1
RGI60-15.08783     0.08463   31.071462   79.293418    0.122    0.264  1
RGI60-15.08729     0.08459   31.056545   79.120326   -0.163    0.333  1
RGI60-15.11384     0.08457   29.794341   96.302822   -0.289    0.508  1
RGI60-15.11934     0.08454   29.406501   96.771231   -0.239    0.392  1
RGI60-15.10259     0.08450   28.410245   85.779973    0.007    0.250  1
RGI60-15.09708     0.08449   28.135044   86.334610   -0.775    0.387  1
RGI60-15.05568     0.08446   29.107252   82.969052    0.091    0.737  1
RGI60-15.07324     0.08444   31.110029   78.687067   -0.369    0.252  1
RGI60-15.02359     0.08441   28.132972   90.086398    0.211    0.402  1
RGI60-15.05679     0.08440   29.718064   82.275939   -0.640    0.360  1
RGI60-15.07110     0.08431   30.922914   79.668068   -0.012    0.327  1
RGI60-15.09727     0.08431   28.195985   86.365591   -0.595    0.284  1
RGI60-15.02032     0.08429   27.896080   91.610443   -0.808    0.474  1
RGI60-15.08221     0.08429   29.612837   97.166204   -1.001    0.476  1
RGI60-15.09532     0.08426   28.033576   86.057981   -0.576    0.301  1
RGI60-15.10289     0.08426   28.491031   85.611118   -0.535    0.319  1
RGI60-15.10217     0.08426   28.372397   86.485946   -0.165    0.220  1
RGI60-15.01090     0.08425   30.260959   95.594283   -0.159    0.393  1
RGI60-15.09844     0.08424   27.949137   87.082123   -0.108    0.255  1
RGI60-15.04615     0.08415   29.017507   84.148215    0.100    0.308  1
RGI60-15.08559     0.08414   29.892398   96.874194   -0.431    0.308  1
RGI60-15.01934     0.08406   27.886146   92.391693    0.001    0.351  1
RGI60-15.00608     0.08402   30.521234   95.279128   -0.372    0.312  1
RGI60-15.00330     0.08402   29.229555   98.369493   -0.465    0.347  1
RGI60-15.08848     0.08395   30.802711   79.935442    0.108    0.308  1
RGI60-15.12845     0.08394   29.035796   97.154055   -0.631    0.397  1
RGI60-15.06938     0.08393   30.837402   79.142069   -0.758    0.516  1
RGI60-15.09148     0.08389   28.653382   84.735307   -0.308    0.343  1
RGI60-15.06468     0.08388   29.939312   82.161972   -0.840    0.396  1
RGI60-15.07211     0.08387   30.613822   79.463169   -0.425    0.315  1
RGI60-15.11336     0.08384   29.739803   96.217293   -0.678    0.504  1
RGI60-15.01459     0.08381   28.469425   92.738186   -0.407    0.357  1
RGI60-15.09040     0.08380   30.214144   81.343733   -0.408    0.360  1
RGI60-15.11451     0.08379   29.633109   96.418348   -0.543    0.391  1
RGI60-15.00519     0.08378   28.145113   97.465558    0.203    0.319  1
RGI60-15.07408     0.08371   31.190700   78.404983    0.096    0.320  1
RGI60-15.10554     0.08369   28.129409   87.505170   -0.705    0.392  1
RGI60-15.07460     0.08369   31.105294   78.871538   -0.039    0.294  1
RGI60-15.11786     0.08368   29.647136   95.876150    0.313    0.524  1
RGI60-15.01731     0.08367   28.230021   91.501569   -0.001    0.333  1
RGI60-15.01441     0.08366   28.342593   93.074983   -0.043    0.338  1
RGI60-15.05620     0.08366   29.252334   82.523771   -0.929    0.575  1
RGI60-15.05737     0.08365   29.423508   82.517423   -0.213    0.507  1
RGI60-15.11361     0.08356   29.950637   96.245024   -0.445    0.480  1
RGI60-15.01728     0.08354   28.202325   91.455769   -0.109    0.272  1
RGI60-15.00566     0.08354   28.156003   97.444519    0.565    0.352  1
RGI60-15.01841     0.08348   28.292234   91.069423   -0.628    0.397  1
RGI60-15.05220     0.08345   29.728138   82.690513   -1.088    0.511  1
RGI60-15.00593     0.08343   28.185166   97.401448   -0.201    0.326  1
RGI60-15.04597     0.08339   29.022454   83.650076   -0.469    0.280  1
RGI60-15.01308     0.08339   28.349870   93.016645    0.312    0.576  1
RGI60-15.12331     0.08336   28.837082   96.594124   -0.439    0.364  1
RGI60-15.08450     0.08332   29.752551   97.127660   -0.837    0.396  1
RGI60-15.11478     0.08332   29.800340   96.445190   -0.524    0.469  1
RGI60-15.01879     0.08331   27.775723   92.186682   -0.267    0.212  1
RGI60-15.00657     0.08329   30.429833   95.755379   -0.278    0.310  1
RGI60-15.00347     0.08319   28.880916   98.391242   -0.083    0.335  1
RGI60-15.11913     0.08318   29.393018   96.696071   -0.761    0.387  1
RGI60-15.07547     0.08313   31.056555   78.577369    0.285    0.392  1
RGI60-15.05692     0.08312   29.680436   82.243823   -1.177    0.490  1
RGI60-15.09718     0.08307   28.164520   86.349072   -0.899    0.378  1
RGI60-15.10127     0.08305   28.248676   86.685882   -0.134    0.230  1
RGI60-15.00310     0.08303   28.409344   97.742571   -0.379    0.355  1
RGI60-15.03622     0.08297   27.936929   86.372319   -0.639    0.372  1
RGI60-15.13099     0.08294   31.057395   79.436956   -0.167    0.279  1
RGI60-15.08552     0.08291   29.803749   96.862504   -0.615    0.361  1
RGI60-15.02091     0.08290   27.999612   91.527775    0.066    0.274  1
RGI60-15.01244     0.08288   29.951017   95.529367   -0.698    0.376  1
RGI60-15.12467     0.08287   29.281937   96.382614   -0.612    0.548  1
RGI60-15.08327     0.08285   29.723375   97.275636   -0.669    0.371  1
RGI60-15.00947     0.08284   30.540172   95.255491   -0.315    0.467  1
RGI60-15.09266     0.08278   28.729619   85.167972   -0.864    0.377  1
RGI60-15.05387     0.08274   29.504522   82.451690   -0.892    0.425  1
RGI60-15.11131     0.08265   30.308081   95.856169   -0.377    0.379  1
RGI60-15.00377     0.08264   28.422587   98.573431    0.206    0.347  1
RGI60-15.12346     0.08261   28.622763   96.686161   -0.562    0.312  1
RGI60-15.00484     0.08261   28.762413   97.928378    0.045    0.378  1
RGI60-15.08569     0.08261   29.628013   96.887473   -0.780    0.423  1
RGI60-15.08946     0.08259   30.137304   81.083576    0.612    0.794  1
RGI60-15.08883     0.08257   30.584323   80.159943    0.090    0.267  1
RGI60-15.02031     0.08256   27.912303   91.657206    0.065    0.313  1
RGI60-15.04265     0.08255   28.179754   85.505518   -0.489    0.306  1
RGI60-15.10699     0.08252   27.541895   89.110455   -0.258    0.330  1
RGI60-15.11457     0.08248   29.662368   96.426473   -0.330    0.347  1
RGI60-15.05366     0.08246   29.085815   82.985925   -0.939    0.442  1
RGI60-15.12752     0.08244   29.414086   97.067638   -1.071    0.466  1
RGI60-15.00096     0.08241   30.545204   99.579758   -0.263    0.336  1
RGI60-15.02130     0.08237   28.062994   91.408877   -0.419    0.448  1
RGI60-15.06586     0.08234   30.344891   79.738881    0.323    0.416  1
RGI60-15.06470     0.08233   29.933824   81.596822   -0.297    0.312  1
RGI60-15.13042     0.08232   29.439963   97.386907   -1.044    0.426  1
RGI60-15.00083     0.08231   29.885219   99.516289   -0.279    0.418  1
RGI60-15.12017     0.08231   29.383191   95.783312   -0.750    0.475  1
RGI60-15.00166     0.08227   29.995545   99.559432   -0.332    0.312  1
RGI60-15.07236     0.08225   30.829642   79.450508   -0.191    0.229  1
RGI60-15.12382     0.08224   28.272707   96.877749   -0.249    0.347  1
RGI60-15.10525     0.08223   28.195750   87.429683   -0.410    0.354  1
RGI60-15.09846     0.08221   28.148589   87.085543   -0.127    0.360  1
RGI60-15.02488     0.08216   27.918338   90.390314   -0.554    0.273  1
RGI60-15.04884     0.08211   28.874434   83.532035   -0.115    0.291  1
RGI60-15.03004     0.08209   27.728805   88.374337   -0.575    0.331  1
RGI60-15.09612     0.08206   28.123827   86.116366   -0.109    0.251  1
RGI60-15.09754     0.08200   28.030059   86.391631   -0.635    0.288  1
RGI60-15.08077     0.08199   29.241593   98.467535   -0.371    0.559  1
RGI60-15.10905     0.08196   28.321699   90.775298   -0.784    0.386  1
RGI60-15.05656     0.08194   29.669203   82.393382   -0.399    0.534  1
RGI60-15.02573     0.08192   27.985883   90.571670   -0.852    0.359  1
RGI60-15.12857     0.08192   29.395026   97.161611   -1.115    0.527  1
RGI60-15.00336     0.08186   28.991104   98.188586   -0.859    0.598  1
RGI60-15.05514     0.08186   29.327145   82.825379   -0.073    0.317  1
RGI60-15.12389     0.08175   28.507620   96.896386   -0.350    0.324  1
RGI60-15.12103     0.08175   29.411071   96.023162   -0.752    0.546  1
RGI60-15.07625     0.08174   30.786651   78.878082    2.641    0.934  1
RGI60-15.07955     0.08171   31.135846  102.738945   -0.237    0.272  1
RGI60-15.08460     0.08171   29.753222   97.155283   -0.567    0.332  1
RGI60-15.10080     0.08169   28.140405   86.978193   -0.305    0.320  1
RGI60-15.09029     0.08169   30.357376   81.327651   -0.316    0.423  1
RGI60-15.05180     0.08169   29.748433   82.385759   -1.240    0.756  1
RGI60-15.07699     0.08163   31.531217   99.846213   -0.926    0.409  1
RGI60-15.01753     0.08156   28.139830   91.609849   -0.523    0.368  1
RGI60-15.03267     0.08154   27.852948   88.632932   -0.396    0.313  1
RGI60-15.06171     0.08145   30.039895   82.212871   -0.626    0.351  1
RGI60-15.02701     0.08143   27.868729   88.226304   -0.203    0.255  1
RGI60-15.10985     0.08141   28.976032   85.037077   -0.910    0.363  1
RGI60-15.06911     0.08139   30.813257   79.169489    0.004    0.351  1
RGI60-15.10244     0.08132   28.375861   86.428854    0.055    0.255  1
RGI60-15.01854     0.08126   28.112227   91.426279   -0.212    0.364  1
RGI60-15.07284     0.08125   30.412167   80.340030   -0.155    0.371  1
RGI60-15.05959     0.08124   29.860008   80.998564    0.254    0.526  1
RGI60-15.10138     0.08121   28.304272   86.474116   -1.231    0.426  1
RGI60-15.01734     0.08116   28.139691   91.481332   -0.341    0.313  1
RGI60-15.10204     0.08111   28.228778   86.698564   -0.280    0.222  1
RGI60-15.12799     0.08111   29.307224   97.097767   -0.699    0.362  1
RGI60-15.08592     0.08108   29.712536   96.925843   -0.992    0.397  1
RGI60-15.09021     0.08108   30.382884   81.314812   -0.383    0.358  1
RGI60-15.11636     0.08102   29.431022   96.926886   -0.891    0.434  1
RGI60-15.09635     0.08100   28.274971   86.187774   -0.693    0.359  1
RGI60-15.02421     0.08096   27.912860   90.251230   -0.534    0.303  1
RGI60-15.08416     0.08096   29.724758   97.054149   -0.893    0.449  1
RGI60-15.11319     0.08094   29.937309   96.197065   -0.226    0.512  1
RGI60-15.11338     0.08092   30.028421   96.219831    0.094    0.536  1
RGI60-15.02355     0.08089   28.108206   90.045296   -0.558    0.297  1
RGI60-15.10332     0.08086   27.979822   87.863463   -0.685    0.331  1
RGI60-15.08322     0.08086   29.720491   97.235755   -0.905    0.418  1
RGI60-15.11024     0.08084   29.949358   95.697693   -0.234    0.419  1
RGI60-15.06507     0.08084   30.288262   81.823327   -0.459    0.294  1
RGI60-15.08305     0.08083   29.527009   97.411661   -0.950    0.410  1
RGI60-15.11575     0.08082   29.525966   96.651476   -0.573    0.512  1
RGI60-15.10920     0.08080   28.098477   90.845357   -0.534    0.324  1
RGI60-15.01241     0.08073   29.938803   95.549659   -0.260    0.451  1
RGI60-15.08015     0.08066   31.401094  102.694565   -0.694    0.353  1
RGI60-15.08924     0.08062   30.349865   80.874883   -0.884    0.374  1
RGI60-15.00281     0.08054   28.832182   98.066901   -0.437    0.438  1
RGI60-15.01451     0.08052   28.651455   93.429369   -0.132    0.369  1
RGI60-15.06276     0.08052   29.778682   81.499003   -0.707    0.393  1
RGI60-15.00278     0.08048   28.824120   98.037085   -0.287    0.321  1
RGI60-15.04090     0.08044   28.489332   85.107389   -0.219    0.470  1
RGI60-15.12683     0.08038   29.443550   96.998101   -1.051    0.455  1
RGI60-15.07686     0.08037   31.650012   99.593151   -0.446    0.330  1
RGI60-15.06086     0.08032   30.270871   81.890764   -0.357    0.373  1
RGI60-15.05531     0.08032   29.362267   82.655955    0.394    0.431  1
RGI60-15.01626     0.08031   28.126622   92.573991   -0.277    0.296  1
RGI60-15.06282     0.08030   29.745313   81.557537   -0.913    0.402  1
RGI60-15.10483     0.08030   27.988423   88.410918   -0.758    0.370  1
RGI60-15.12154     0.08029   29.312509   96.063046   -0.757    0.427  1
RGI60-15.10726     0.08028   28.112904   90.396025   -0.082    0.315  1
RGI60-15.07538     0.08028   31.020057   78.483368   -0.116    0.311  1
RGI60-15.03754     0.08028   27.708111   87.629623   -1.277    0.510  1
RGI60-15.08645     0.08023   30.378932   95.807944   -0.827    0.746  1
RGI60-15.08378     0.08016   29.733383   97.016862   -0.509    0.381  1
RGI60-15.05646     0.08014   29.670288   82.638832   -0.226    0.325  1
RGI60-15.09176     0.08013   28.768774   84.891332   -0.332    0.357  1
RGI60-15.01264     0.08010   29.784906   95.529808   -0.331    0.391  1
RGI60-15.10686     0.08008   27.939513   88.869267   -0.137    0.341  1
RGI60-15.00239     0.08008   28.367441   97.912861   -0.454    0.448  1
RGI60-15.10927     0.08008   28.100624   90.856275   -0.177    0.337  1
RGI60-15.01847     0.08005   28.072178   91.847532   -0.103    0.342  1
RGI60-15.02511     0.08003   27.894371   90.493363   -0.636    0.310  1
RGI60-15.09463     0.08002   28.073641   85.898170   -0.960    0.489  1
RGI60-15.02889     0.07993   27.866577   87.987833    0.118    0.508  1
RGI60-15.02443     0.07982   27.825945   90.322205   -0.445    0.276  1
RGI60-15.04941     0.07978   29.360741   83.385542   -0.117    0.350  1
RGI60-15.00735     0.07978   30.414133   95.530484   -0.342    0.331  1
RGI60-15.10383     0.07975   27.942224   88.028294   -0.121    0.256  1
RGI60-15.01628     0.07975   28.105277   92.544720   -0.525    0.317  1
RGI60-15.00311     0.07975   28.411259   97.737344   -0.794    0.424  1
RGI60-15.05350     0.07973   30.124083   82.129406    0.315    0.411  1
RGI60-15.09039     0.07967   30.355108   81.341898    0.013    0.345  1
RGI60-15.03907     0.07966   27.766687   86.917513   -0.445    0.352  1
RGI60-15.06661     0.07965   30.450404   80.324703   -0.127    0.347  1
RGI60-15.06153     0.07964   29.885184   82.093846   -0.885    0.506  1
RGI60-15.09725     0.07948   28.253547   86.360379    0.236    0.437  1
RGI60-15.03132     0.07939   27.716155   87.921724   -0.431    0.405  1
RGI60-15.04247     0.07939   28.217586   85.711056   -0.362    0.438  1
RGI60-15.07267     0.07933   30.200058   79.833144   -1.801    0.831  1
RGI60-15.06164     0.07926   30.082385   82.133748   -0.079    0.262  1
RGI60-15.01773     0.07920   28.165706   91.672484   -0.037    0.438  1
RGI60-15.06824     0.07920   30.856212   79.513187   -0.544    0.332  1
RGI60-15.01403     0.07917   28.137761   92.868290   -0.125    0.333  1
RGI60-15.06075     0.07916   30.167052   81.629912   -0.477    0.328  1
RGI60-15.01384     0.07911   28.588175   93.243970    1.070    0.527  1
RGI60-15.08094     0.07911   30.590899   97.315277   -0.406    0.394  1
RGI60-15.03429     0.07909   27.901306   86.508693   -0.033    0.361  1
RGI60-15.01890     0.07908   27.797513   92.242477   -0.603    0.360  1
RGI60-15.10225     0.07903   28.331321   86.319383   -0.204    0.366  1
RGI60-15.03800     0.07899   27.775298   86.889772   -0.175    0.293  1
RGI60-15.09127     0.07898   28.724058   84.646847   -0.022    0.533  1
RGI60-15.11125     0.07893   30.249837   95.848383   -1.120    0.740  1
RGI60-15.04868     0.07890   28.800489   83.436666   -0.252    0.289  1
RGI60-15.02426     0.07888   27.889310   90.225870   -0.549    0.358  1
RGI60-15.07282     0.07886   30.490651   80.142671    0.159    0.330  1
RGI60-15.02714     0.07880   27.558317   88.039184   -0.632    0.302  1
RGI60-15.07667     0.07873   27.323243  100.117998    0.010    0.381  1
RGI60-15.06946     0.07871   30.803271   79.269995   -0.070    0.283  1
RGI60-15.08456     0.07870   29.745967   97.142535   -0.601    0.356  1
RGI60-15.00730     0.07870   30.594089   95.296264    0.034    0.360  1
RGI60-15.06067     0.07869   30.259703   81.453098   -0.665    0.378  1
RGI60-15.01866     0.07867   27.700477   92.076995   -0.727    0.348  1
RGI60-15.10740     0.07863   28.114530   90.444773   -0.089    0.232  1
RGI60-15.10297     0.07863   28.454439   85.683609   -0.158    0.329  1
RGI60-15.02622     0.07856   28.156128   89.890141   -0.678    0.344  1
RGI60-15.05091     0.07856   28.816832   84.184779   -0.394    0.365  1
RGI60-15.02042     0.07855   28.035473   91.685567   -0.334    0.328  1
RGI60-15.11678     0.07854   29.588635   96.959870   -0.457    0.368  1
RGI60-15.06747     0.07853   30.223875   80.036130    0.629    0.505  1
RGI60-15.05361     0.07850   29.022374   83.028080   -0.781    0.371  1
RGI60-15.10219     0.07846   28.385419   86.490233   -0.637    0.306  1
RGI60-15.08257     0.07845   29.691950   97.231491   -0.997    0.422  1
RGI60-15.05053     0.07840   29.032482   83.678564   -0.255    0.236  1
RGI60-15.12772     0.07838   29.394133   97.081462   -1.147    0.463  1
RGI60-15.00322     0.07836   28.277877   97.857182   -0.521    0.489  1
RGI60-15.07999     0.07836   31.156074  103.017463   -0.734    0.428  1
RGI60-15.08071     0.07829   29.220199   98.447726   -0.449    0.410  1
RGI60-15.04651     0.07827   28.937418   84.129493   -0.289    0.324  1
RGI60-15.12878     0.07826   29.413449   97.184898   -0.498    0.383  1
RGI60-15.03123     0.07825   27.737880   87.914481    0.004    0.243  1
RGI60-15.00140     0.07823   29.881082   99.653379   -0.943    0.522  1
RGI60-15.05343     0.07816   30.012599   82.292825   -0.698    0.366  1
RGI60-15.03529     0.07816   27.793058   86.513125    0.175    0.404  1
RGI60-15.07641     0.07807   27.115094  100.166454   -0.954    0.548  1
RGI60-15.11112     0.07806   30.138557   95.842815   -0.270    0.519  1
RGI60-15.06601     0.07805   30.732976   78.971784   -0.365    0.276  1
RGI60-15.06063     0.07803   30.257723   81.445401    0.360    0.343  1
RGI60-15.05796     0.07801   29.933057   81.256213   -0.334    0.385  1
RGI60-15.08822     0.07796   30.963735   79.733969   -1.227    0.524  1
RGI60-15.00260     0.07795   28.398209   97.747610   -0.745    0.493  1
RGI60-15.00086     0.07794   29.913261   99.532868   -1.092    0.475  1
RGI60-15.01807     0.07793   28.151114   91.864216   -0.085    0.243  1
RGI60-15.01015     0.07792   30.436930   95.256163    0.394    0.573  1
RGI60-15.10805     0.07791   28.255345   90.537323    0.715    0.446  1
RGI60-15.03153     0.07787   27.881387   88.062668   -0.512    0.311  1
RGI60-15.07528     0.07785   31.041380   78.413333    0.058    0.298  1
RGI60-15.00774     0.07782   30.374532   95.621690   -0.384    0.275  1
RGI60-15.08885     0.07779   30.652908   80.170388   -0.009    0.269  1
RGI60-15.00394     0.07778   29.300234   97.710957   -0.320    0.280  1
RGI60-15.06140     0.07774   30.174815   81.934813   -0.454    0.340  1
RGI60-15.03307     0.07772   27.733544   88.398971   -0.417    0.372  1
RGI60-15.02531     0.07772   27.675375   89.419711   -0.309    0.284  1
RGI60-15.04460     0.07771   28.769166   84.108743   -0.253    0.268  1
RGI60-15.05208     0.07770   29.922088   82.519873   -0.978    0.507  1
RGI60-15.05364     0.07769   29.070220   83.029467   -1.035    0.408  1
RGI60-15.10396     0.07769   28.041389   88.040634   -0.076    0.352  1
RGI60-15.06125     0.07768   30.050514   80.852312   -0.037    0.363  1
RGI60-15.10873     0.07768   28.293053   90.662480   -0.642    0.328  1
RGI60-15.02056     0.07760   27.966009   91.606475    0.017    0.409  1
RGI60-15.08688     0.07756   31.250495   78.970402   -0.171    0.373  1
RGI60-15.08739     0.07751   31.152106   79.150447   -0.404    0.341  1
RGI60-15.07652     0.07743   31.828635   99.019353   -0.288    0.429  1
RGI60-15.02818     0.07741   27.758747   88.240607    0.022    0.340  1
RGI60-15.12131     0.07740   29.278245   95.986108    0.389    0.676  1
RGI60-15.00439     0.07739   28.725614   97.996995   -1.021    0.614  1
RGI60-15.03532     0.07738   27.805325   86.507429   -0.444    0.342  1
RGI60-15.06932     0.07736   30.916971   79.228696   -0.166    0.328  1
RGI60-15.04425     0.07734   28.812487   83.169656   -1.006    0.414  1
RGI60-15.02658     0.07727   27.900412   89.838571   -0.913    0.351  1
RGI60-15.06758     0.07724   30.216488   80.128215   -0.058    0.383  1
RGI60-15.01012     0.07718   30.383641   95.315920   -0.249    0.428  1
RGI60-15.10510     0.07718   28.265556   87.594618   -0.458    0.273  1
RGI60-15.05913     0.07717   30.011080   81.379478   -0.347    0.257  1
RGI60-15.09717     0.07716   28.244949   86.346518   -0.807    0.342  1
RGI60-15.08764     0.07715   31.022681   79.215255    0.042    0.277  1
RGI60-15.10440     0.07715   27.999267   88.126372   -0.044    0.271  1
RGI60-15.02825     0.07707   27.718040   88.210148   -0.027    0.316  1
RGI60-15.03479     0.07705   27.817690   86.577037   -0.300    0.358  1
RGI60-15.08431     0.07702   29.876233   97.072095   -0.704    0.397  1
RGI60-15.05040     0.07689   28.801229   83.371366   -0.478    0.461  1
RGI60-15.12571     0.07685   29.048243   96.658983   -0.369    0.424  1
RGI60-15.01804     0.07685   28.154215   91.882849   -0.469    0.326  1
RGI60-15.06349     0.07685   30.232229   80.668463    0.214    0.363  1
RGI60-15.12825     0.07681   29.471262   97.117653   -0.726    0.375  1
RGI60-15.03351     0.07680   27.848971   88.409314   -0.418    0.359  1
RGI60-15.02732     0.07677   27.573119   88.132165   -0.208    0.353  1
RGI60-15.01476     0.07676   28.473808   92.768650   -0.525    0.409  1
RGI60-15.03228     0.07670   27.520601   88.258504   -1.137    0.445  1
RGI60-15.04371     0.07668   29.187287   83.842998   -0.752    0.421  1
RGI60-15.10868     0.07662   28.192261   90.645903   -0.658    0.352  1
RGI60-15.01993     0.07662   27.758778   92.458672   -0.330    0.367  1
RGI60-15.12749     0.07656   29.408955   97.063784   -0.713    0.360  1
RGI60-15.03623     0.07654   27.926102   86.345166   -0.434    0.398  1
RGI60-15.08226     0.07649   29.580257   97.173639   -0.389    0.272  1
RGI60-15.06784     0.07648   30.640540   79.670783   -0.422    0.352  1
RGI60-15.00070     0.07643   30.058508   99.295953   -0.268    0.448  1
RGI60-15.06374     0.07641   30.346090   80.594074   -0.212    0.447  1
RGI60-15.09089     0.07640   30.343402   81.383122   -0.567    0.315  1
RGI60-15.03051     0.07640   27.873933   88.846148   -0.638    0.292  1
RGI60-15.05708     0.07637   29.113133   83.010719   -0.591    0.334  1
RGI60-15.01394     0.07633   28.201800   92.847101   -0.531    0.459  1
RGI60-15.07493     0.07631   31.179319   78.733548   -0.014    0.251  1
RGI60-15.04143     0.07627   28.590395   84.749667   -0.223    0.393  1
RGI60-15.05212     0.07624   29.760538   82.643195   -0.069    0.270  1
RGI60-15.09985     0.07623   28.110653   86.824057   -0.073    0.315  1
RGI60-15.02142     0.07622   28.053410   91.249795    0.472    0.373  1
RGI60-15.07484     0.07619   31.144675   78.768744   -0.187    0.308  1
RGI60-15.02645     0.07616   28.079914   89.798709   -1.239    0.529  1
RGI60-15.02514     0.07614   27.910901   90.506860   -0.774    0.376  1
RGI60-15.01699     0.07611   28.273941   91.868613   -0.690    0.309  1
RGI60-15.06013     0.07611   30.116391   80.720543   -0.217    0.361  1
RGI60-15.10671     0.07610   28.011131   87.838062   -0.099    0.353  1
RGI60-15.02000     0.07601   27.851363   92.457762   -0.702    0.415  1
RGI60-15.05335     0.07599   29.783899   82.444617   -0.910    0.436  1
RGI60-15.02391     0.07599   27.962254   90.092270   -0.339    0.304  1
RGI60-15.05524     0.07595   29.219134   82.888258    0.496    0.401  1
RGI60-15.09663     0.07595   28.287384   86.235042   -0.587    0.537  1
RGI60-15.07477     0.07592   31.117590   78.785519    0.445    0.468  1
RGI60-15.00056     0.07590   30.573471   99.486490   -0.630    0.436  1
RGI60-15.04689     0.07588   28.854328   84.122013   -0.554    0.389  1
RGI60-15.04249     0.07584   28.128457   85.698936   -0.462    0.336  1
RGI60-15.07415     0.07583   31.175912   78.372068    0.352    0.451  1
RGI60-15.00575     0.07579   28.188008   97.388300   -0.820    0.399  1
RGI60-15.00302     0.07578   28.398029   97.504866   -1.046    0.592  1
RGI60-15.07943     0.07577   31.373848  102.676102    0.304    0.307  1
RGI60-15.00579     0.07576   28.008764   97.256943    0.050    0.373  1
RGI60-15.03658     0.07575   27.759833   87.800828   -1.055    0.516  1
RGI60-15.09528     0.07572   28.110191   86.052412   -0.290    0.303  1
RGI60-15.09843     0.07571   27.959183   87.081935   -0.175    0.284  1
RGI60-15.05863     0.07570   30.364305   80.492483    0.171    0.317  1
RGI60-15.05542     0.07566   29.278390   82.614768   -0.380    0.435  1
RGI60-15.12097     0.07565   29.541927   96.013119   -0.495    0.900  1
RGI60-15.01171     0.07562   30.136466   95.673589   -0.523    0.550  1
RGI60-15.00227     0.07561   28.317386   97.577040    0.234    0.438  1
RGI60-15.02267     0.07554   28.117949   89.819747   -0.051    0.319  1
RGI60-15.00015     0.07552   29.984666   99.807801   -0.465    0.401  1
RGI60-15.02195     0.07548   27.883313   92.294092   -0.998    0.423  1
RGI60-15.05766     0.07548   30.198206   81.564754   -0.337    0.303  1
RGI60-15.11671     0.07546   29.620983   96.955479   -0.978    0.454  1
RGI60-15.03896     0.07545   28.017576   86.843596   -0.523    0.388  1
RGI60-15.04420     0.07545   28.788159   83.138280   -0.488    0.258  1
RGI60-15.03388     0.07542   27.653121   86.980958   -0.476    0.373  1
RGI60-15.12265     0.07540   29.315212   96.197413    1.209    0.863  1
RGI60-15.05254     0.07539   29.846060   82.338926   -0.544    0.572  1
RGI60-15.01047     0.07527   30.067533   95.359656   -0.499    0.439  1
RGI60-15.04946     0.07527   29.190599   83.441933    0.057    0.412  1
RGI60-15.08648     0.07527   30.365450   95.825744   -0.385    0.480  1
RGI60-15.06242     0.07524   29.746864   81.533576   -0.454    0.339  1
RGI60-15.01465     0.07522   28.469106   92.791809   -0.610    0.336  1
RGI60-15.00959     0.07519   30.499109   95.181767   -0.586    0.451  1
RGI60-15.02894     0.07509   27.883690   87.961547    0.002    0.229  1
RGI60-15.06329     0.07507   30.146730   80.763476    0.467    0.403  1
RGI60-15.02294     0.07506   27.957289   89.939857   -0.935    0.441  1
RGI60-15.10035     0.07505   28.053628   86.902100   -0.088    0.307  1
RGI60-15.02562     0.07503   28.006491   90.502559   -0.794    0.400  1
RGI60-15.08550     0.07502   29.877647   96.859354   -0.229    0.278  1
RGI60-15.03616     0.07497   27.902839   87.024247   -0.374    0.267  1
RGI60-15.08861     0.07494   30.624332   80.041498   -0.357    0.557  1
RGI60-15.10584     0.07488   27.933472   87.576738   -1.152    0.526  1
RGI60-15.10306     0.07484   28.948645   86.091781   -0.177    0.390  1
RGI60-15.09866     0.07483   28.059513   87.123824   -0.742    0.424  1
RGI60-15.00282     0.07469   28.829934   98.033291   -0.705    0.482  1
RGI60-15.07540     0.07464   31.017703   78.496482   -0.094    0.304  1
RGI60-15.03724     0.07464   27.839366   86.582744   -0.593    0.443  1
RGI60-15.11298     0.07459   29.842647   96.138068   -0.069    0.701  1
RGI60-15.12106     0.07459   29.455100   96.025833    0.246    0.623  1
RGI60-15.12306     0.07457   28.954401   96.444720   -0.158    0.447  1
RGI60-15.12330     0.07457   28.925439   96.572800   -0.594    0.481  1
RGI60-15.05837     0.07456   29.908799   81.712023   -0.980    0.447  1
RGI60-15.07371     0.07455   31.277412   78.322126   -0.304    0.232  1
RGI60-15.00074     0.07450   29.979215   99.563330   -1.021    0.413  1
RGI60-15.11051     0.07450   30.369333   95.778500   -0.728    0.476  1
RGI60-15.03061     0.07446   27.710260   88.794576    0.078    0.428  1
RGI60-15.09648     0.07446   28.217243   86.216969   -0.716    0.388  1
RGI60-15.06548     0.07440   30.120401   81.900837   -0.608    0.392  1
RGI60-15.01617     0.07440   27.945479   92.612204    0.118    0.437  1
RGI60-15.02140     0.07430   28.124098   91.252920   -0.760    0.450  1
RGI60-15.12313     0.07429   28.976877   96.503132   -0.172    0.370  1
RGI60-15.09156     0.07429   28.631388   84.790629   -0.313    0.258  1
RGI60-15.05341     0.07427   30.000119   82.287479   -0.315    0.356  1
RGI60-15.12335     0.07420   28.840922   96.606099   -0.698    0.490  1
RGI60-15.07676     0.07418   28.393901  100.348880    0.157    0.467  1
RGI60-15.08398     0.07413   29.927914   97.037653    0.064    0.215  1
RGI60-15.07010     0.07408   30.551279   80.211685   -0.395    0.511  1
RGI60-15.00887     0.07407   30.365368   95.338385   -0.281    0.406  1
RGI60-15.10020     0.07407   28.086121   86.892615   -0.278    0.335  1
RGI60-15.09229     0.07399   28.953399   85.064280   -0.612    0.322  1
RGI60-15.06390     0.07394   30.276850   80.487083    0.230    0.377  1
RGI60-15.12307     0.07394   28.991963   96.445466   -0.590    0.476  1
RGI60-15.03070     0.07385   27.848331   88.011645   -0.304    0.371  1
RGI60-15.07977     0.07381   31.087982  102.911678   -0.145    0.301  1
RGI60-15.06183     0.07381   30.039037   81.288966   -0.417    0.279  1
RGI60-15.02194     0.07380   27.882124   92.291607   -0.493    0.339  1
RGI60-15.00013     0.07375   29.946927  102.040229   -0.159    0.405  1
RGI60-15.03415     0.07375   27.962744   86.853255   -0.030    0.296  1
RGI60-15.00332     0.07374   29.223644   98.376762   -0.702    0.513  1
RGI60-15.04733     0.07374   28.813835   83.988872   -0.100    0.294  1
RGI60-15.12591     0.07372   29.100779   96.699698   -0.137    0.382  1
RGI60-15.06225     0.07367   29.672982   81.499563   -0.604    0.455  1
RGI60-15.03007     0.07366   27.743349   88.310698   -0.652    0.400  1
RGI60-15.01274     0.07365   29.424175   94.984321    1.609    0.744  1
RGI60-15.12164     0.07365   29.346625   96.130866    0.216    0.518  1
RGI60-15.10952     0.07364   28.009206   89.451618   -0.520    0.341  1
RGI60-15.05696     0.07363   28.999571   82.394067   -0.192    0.465  1
RGI60-15.05344     0.07361   30.024402   82.227753   -0.561    0.479  1
RGI60-15.01005     0.07357   30.423592   95.271387   -0.005    0.501  1
RGI60-15.09507     0.07355   28.426605   85.828830   -0.328    0.291  1
RGI60-15.07707     0.07350   31.866244   98.981849   -0.660    0.355  1
RGI60-15.08712     0.07350   31.276388   79.044578   -0.246    0.248  1
RGI60-15.08691     0.07350   31.252862   78.982163   -0.061    0.278  1
RGI60-15.05791     0.07349   29.934575   81.388144   -0.089    0.265  1
RGI60-15.06629     0.07349   30.666677   79.265590   -0.830    0.390  1
RGI60-15.12323     0.07348   28.936141   96.553627   -0.078    0.419  1
RGI60-15.03105     0.07345   27.862059   87.924589   -0.292    0.379  1
RGI60-15.08563     0.07340   29.761367   96.878953   -0.842    0.456  1
RGI60-15.08186     0.07330   29.558136   97.104090   -0.915    0.428  1
RGI60-15.05090     0.07326   28.815027   84.183583   -0.297    0.375  1
RGI60-15.09038     0.07319   30.304970   81.342187   -0.209    0.384  1
RGI60-15.03285     0.07319   27.842326   88.612695   -0.745    0.459  1
RGI60-15.03685     0.07309   27.821717   87.793603   -0.236    0.359  1
RGI60-15.00859     0.07309   30.253801   95.660107   -0.554    0.370  1
RGI60-15.12073     0.07308   29.364493   95.923184   -1.064    0.611  1
RGI60-15.05653     0.07308   29.708027   82.312375   -1.771    0.721  1
RGI60-15.06931     0.07305   30.923556   79.203617    0.069    0.284  1
RGI60-15.10864     0.07299   28.061260   90.630490   -0.985    0.388  1
RGI60-15.11664     0.07299   29.684961   96.948339   -0.492    0.441  1
RGI60-15.01542     0.07299   28.098120   92.636093   -0.097    0.368  1
RGI60-15.04365     0.07298   29.257279   83.843214   -0.404    0.326  1
RGI60-15.01135     0.07296   29.979039   95.180504   -0.041    0.547  1
RGI60-15.06631     0.07296   30.658186   79.294698   -0.392    0.286  1
RGI60-15.04968     0.07293   29.230570   83.805449   -0.070    0.248  1
RGI60-15.11878     0.07289   29.484091   96.386869    0.126    0.342  1
RGI60-15.05282     0.07288   29.892952   82.450194    0.641    0.539  1
RGI60-15.06633     0.07286   30.674023   79.302100   -0.377    0.297  1
RGI60-15.05204     0.07285   29.592124   83.052855   -0.364    0.284  1
RGI60-15.07038     0.07283   30.414499   80.328208    0.919    0.610  1
RGI60-15.02068     0.07282   27.865370   91.579985   -0.151    0.342  1
RGI60-15.12635     0.07280   28.976464   96.924869   -0.042    0.341  1
RGI60-15.06471     0.07274   29.934264   81.601685   -0.112    0.301  1
RGI60-15.01896     0.07272   27.815600   92.261745   -0.733    0.396  1
RGI60-15.11006     0.07272   29.759620   82.813352    0.039    0.344  1
RGI60-15.09539     0.07271   28.170106   86.074731   -0.658    0.317  1
RGI60-15.03304     0.07271   27.708568   88.390370   -0.287    0.338  1
RGI60-15.09256     0.07271   28.663168   85.143661    0.051    0.374  1
RGI60-15.04549     0.07268   28.763647   83.922576   -0.506    0.315  1
RGI60-15.11966     0.07267   29.255070   96.909134   -0.433    0.361  1
RGI60-15.07471     0.07267   31.166939   78.807020    0.155    0.361  1
RGI60-15.02556     0.07265   27.982639   90.526124   -1.379    0.678  1
RGI60-15.04097     0.07265   28.533597   84.989550   -0.316    0.407  1
RGI60-15.04196     0.07260   28.137376   85.523708   -0.591    0.397  1
RGI60-15.00238     0.07259   28.361718   97.917837   -1.123    0.594  1
RGI60-15.08092     0.07259   30.530416   97.281746    0.073    0.348  1
RGI60-15.08526     0.07256   29.877102   96.810333   -0.142    0.555  1
RGI60-15.06500     0.07249   30.333985   81.899750   -0.402    0.409  1
RGI60-15.09994     0.07249   28.123463   86.831437   -0.041    0.332  1
RGI60-15.05759     0.07239   29.455458   82.567143    0.602    0.669  1
RGI60-15.05301     0.07237   30.038220   81.942927   -0.040    0.379  1
RGI60-15.05093     0.07236   28.829645   84.165074   -0.169    0.384  1
RGI60-15.04298     0.07232   28.142381   85.749629   -0.222    0.350  1
RGI60-15.08947     0.07231   30.131330   81.085417   -0.159    0.360  1
RGI60-15.12281     0.07230   29.179995   96.310320   -0.182    0.416  1
RGI60-15.09563     0.07230   27.950998   86.105827   -0.872    0.402  1
RGI60-15.02577     0.07227   28.000821   90.612904   -0.827    0.352  1
RGI60-15.00485     0.07227   28.763457   97.923669   -0.808    0.412  1
RGI60-15.11481     0.07225   29.804238   96.445612   -0.436    0.541  1
RGI60-15.01906     0.07224   27.833520   92.139705   -0.460    0.290  1
RGI60-15.07578     0.07224   30.906278   78.767980    0.272    0.275  1
RGI60-15.09468     0.07221   28.050022   85.918119   -0.725    0.359  1
RGI60-15.07774     0.07216   29.226855  101.231674   -1.073    0.715  1
RGI60-15.04517     0.07215   28.643261   83.933353   -0.403    0.378  1
RGI60-15.08553     0.07215   29.783053   96.862323   -0.896    0.398  1
RGI60-15.00479     0.07210   28.685835   97.880705    0.068    0.384  1
RGI60-15.05501     0.07193   29.248289   82.855742   -0.506    0.354  1
RGI60-15.11915     0.07188   29.428026   96.703970   -0.797    0.476  1
RGI60-15.04975     0.07187   29.214960   83.834153   -0.656    0.416  1
RGI60-15.10328     0.07186   27.981241   87.856965   -0.935    0.392  1
RGI60-15.01569     0.07182   28.090348   92.716277    0.366    0.343  1
RGI60-15.06162     0.07179   29.922808   82.216369   -0.903    0.394  1
RGI60-15.10186     0.07168   28.161268   86.663864   -0.085    0.371  1
RGI60-15.09126     0.07166   28.727652   84.642687   -0.058    0.450  1
RGI60-15.12883     0.07165   28.785805   97.194385   -0.858    0.401  1
RGI60-15.11408     0.07165   29.813328   96.328480   -0.314    0.641  1
RGI60-15.09597     0.07161   28.343443   86.264173   -0.591    0.444  1
RGI60-15.06996     0.07158   30.552617   80.090368    0.340    0.385  1
RGI60-15.02715     0.07153   27.563337   88.076534   -0.200    0.438  1
RGI60-15.02605     0.07144   27.969958   90.797690   -1.153    0.448  1
RGI60-15.11651     0.07141   29.729123   96.937223   -1.247    0.520  1
RGI60-15.06499     0.07139   30.327718   81.880608   -0.273    0.301  1
RGI60-15.08646     0.07139   30.433263   95.814313   -0.630    0.556  1
RGI60-15.00737     0.07135   30.410570   95.532489   -0.572    0.350  1
RGI60-15.10346     0.07135   28.011402   87.893734   -0.613    0.457  1
RGI60-15.08685     0.07120   31.238941   78.964116   -0.368    0.342  1
RGI60-15.08931     0.07116   30.291732   80.913050    0.210    0.385  1
RGI60-15.06448     0.07115   30.007673   82.200491   -0.374    0.358  1
RGI60-15.07580     0.07112   30.886684   78.787991   -0.357    0.335  1
RGI60-15.12238     0.07110   28.525749   96.487821   -0.830    0.602  1
RGI60-15.07821     0.07107   29.616541  101.796028   -0.421    0.345  1
RGI60-15.12428     0.07106   29.478658   96.228440   -1.009    0.748  1
RGI60-15.07694     0.07104   31.640024   99.621300   -0.036    0.363  1
RGI60-15.02297     0.07104   27.984751   89.939188   -0.964    0.417  1
RGI60-15.08501     0.07097   29.756010   96.575704   -0.585    0.355  1
RGI60-15.03092     0.07095   27.813167   87.936588    0.022    0.323  1
RGI60-15.11637     0.07095   29.602106   96.927659   -0.723    0.350  1
RGI60-15.13056     0.07093   29.176356   97.462740   -0.623    0.342  1
RGI60-15.11247     0.07091   30.177362   95.991508   -0.224    0.740  1
RGI60-15.07899     0.07090   29.798059  101.961809   -0.115    0.287  1
RGI60-15.01450     0.07088   28.661266   93.431953   -0.687    0.442  1
RGI60-15.09084     0.07084   30.274142   81.379364   -0.493    0.327  1
RGI60-15.08539     0.07077   29.848457   96.843186   -0.296    0.329  1
RGI60-15.05179     0.07076   29.745764   82.383146   -0.475    0.897  1
RGI60-15.04462     0.07073   28.837045   84.144925   -0.724    0.378  1
RGI60-15.00624     0.07071   30.615859   95.197179   -0.327    0.352  1
RGI60-15.01117     0.07066   30.583302   95.137148   -0.470    0.381  1
RGI60-15.12064     0.07066   29.403070   95.895882   -2.712    1.226  1
RGI60-15.03238     0.07065   27.736461   88.004232   -0.315    0.396  1
RGI60-15.07069     0.07060   30.870044   79.586964    0.414    0.300  1
RGI60-15.00384     0.07059   29.266521   97.552435   -0.458    0.299  1
RGI60-15.07182     0.07051   30.807481   79.393620   -0.532    0.351  1
RGI60-15.10164     0.07049   28.147760   86.630132    0.097    0.382  1
RGI60-15.11584     0.07040   29.554640   96.695284   -0.343    0.418  1
RGI60-15.00610     0.07040   30.328651   95.305836   -0.192    0.477  1
RGI60-15.06638     0.07039   30.651398   79.327301   -0.610    0.362  1
RGI60-15.08031     0.07037   31.243301  102.922690   -0.372    0.377  1
RGI60-15.00473     0.07030   28.765603   97.737716    0.137    0.341  1
RGI60-15.11569     0.07030   29.540811   96.644587    0.139    0.456  1
RGI60-15.01641     0.07028   28.544141   91.189938   -0.267    0.334  1
RGI60-15.08838     0.07026   30.859576   79.893356   -0.240    0.369  1
RGI60-15.07434     0.07026   31.122348   78.602967   -1.102    0.592  1
RGI60-15.01185     0.07021   30.137860   95.563333   -0.858    0.512  1
RGI60-15.11498     0.07020   29.733829   96.477900   -0.582    0.431  1
RGI60-15.00462     0.07015   29.170956   97.795631    0.167    0.217  1
RGI60-15.03690     0.07015   27.839582   87.773700   -0.170    0.366  1
RGI60-15.01833     0.07005   28.388209   91.124152   -0.267    0.337  1
RGI60-15.04455     0.07001   28.831035   83.956352   -0.737    0.310  1
RGI60-15.09006     0.06995   30.381207   81.291038    0.020    0.291  1
RGI60-15.12760     0.06995   29.314132   97.072517   -0.272    0.556  1
RGI60-15.11293     0.06993   30.123140   96.103878   -0.667    0.536  1
RGI60-15.03597     0.06991   27.650977   86.879534   -0.030    0.342  1
RGI60-15.01622     0.06991   28.043059   92.627977   -0.431    0.450  1
RGI60-15.08925     0.06988   30.302224   80.881102   -0.327    0.385  1
RGI60-15.04958     0.06985   29.254594   83.335607   -0.317    0.361  1
RGI60-15.12355     0.06985   28.646967   96.699161   -0.783    0.542  1
RGI60-15.00440     0.06985   28.728888   98.000207   -0.940    0.661  1
RGI60-15.06489     0.06982   30.210940   81.806718   -0.343    0.311  1
RGI60-15.04433     0.06982   28.668689   83.209326   -0.698    0.373  1
RGI60-15.04185     0.06979   28.266354   85.211304   -0.445    0.380  1
RGI60-15.01955     0.06973   27.784631   92.329242   -0.494    0.335  1
RGI60-15.09899     0.06968   27.867762   87.196503   -0.171    0.305  1
RGI60-15.10117     0.06965   28.221742   87.078912   -0.243    0.453  1
RGI60-15.03781     0.06963   27.802647   86.439196   -0.799    0.383  1
RGI60-15.02625     0.06963   28.094655   89.927477   -1.005    0.456  1
RGI60-15.02285     0.06961   27.919965   89.938999   -0.201    0.318  1
RGI60-15.01590     0.06960   27.986520   92.722386   -0.267    0.320  1
RGI60-15.12609     0.06952   28.859336   96.807865   -0.628    0.593  1
RGI60-15.02657     0.06950   27.943521   89.895723   -0.681    0.358  1
RGI60-15.12524     0.06948   29.137922   96.523045   -0.074    0.390  1
RGI60-15.08413     0.06948   29.885592   97.051661   -0.118    0.449  1
RGI60-15.11802     0.06945   29.660497   95.939017   -0.968    0.736  1
RGI60-15.06793     0.06943   30.743527   79.576773   -0.207    0.363  1
RGI60-15.09034     0.06938   30.475784   81.338803   -0.105    0.318  1
RGI60-15.09421     0.06937   28.380683   85.566818   -0.565    0.381  1
RGI60-15.04271     0.06937   28.175437   85.547386   -0.246    0.411  1
RGI60-15.04370     0.06936   29.203562   83.843740   -0.610    0.412  1
RGI60-15.10811     0.06933   28.148973   90.545829   -0.501    0.426  1
RGI60-15.09179     0.06929   28.768935   84.898217   -0.683    0.392  1
RGI60-15.09660     0.06925   28.193252   86.232833   -0.621    0.427  1
RGI60-15.05359     0.06925   30.025592   82.200148   -0.391    0.367  1
RGI60-15.12684     0.06921   29.358275   96.999432   -0.485    0.406  1
RGI60-15.09510     0.06914   28.426621   85.837917   -0.062    0.362  1
RGI60-15.02133     0.06908   28.108213   91.317122   -0.306    0.397  1
RGI60-15.03076     0.06907   27.820143   87.995572   -0.291    0.431  1
RGI60-15.05217     0.06905   29.763427   82.658198   -0.030    0.504  1
RGI60-15.00598     0.06899   28.199548   96.955564    0.002    0.336  1
RGI60-15.03774     0.06898   27.856838   86.395390   -0.575    0.329  1
RGI60-15.03578     0.06898   27.684604   86.929257   -0.022    0.337  1
RGI60-15.07131     0.06894   30.699632   79.631232   -0.870    0.431  1
RGI60-15.01839     0.06891   28.294652   91.078204   -0.025    0.342  1
RGI60-15.03037     0.06884   27.986781   88.785841   -0.521    0.440  1
RGI60-15.01121     0.06881   30.303094   95.464298    0.160    0.427  1
RGI60-15.07668     0.06881   27.328064  100.118796   -0.003    0.410  1
RGI60-15.06072     0.06879   30.196254   81.616185   -0.075    0.239  1
RGI60-15.08235     0.06879   29.670364   97.191019   -0.674    0.405  1
RGI60-15.09890     0.06878   28.053305   87.180137   -0.514    0.500  1
RGI60-15.06161     0.06877   29.931160   82.219982   -0.989    0.451  1
RGI60-15.11658     0.06875   29.627148   96.942181   -0.935    0.446  1
RGI60-15.03659     0.06875   27.755791   87.795579   -0.798    0.546  1
RGI60-15.10794     0.06866   28.272249   90.525052   -0.497    0.392  1
RGI60-15.01644     0.06862   28.512195   91.237720   -0.796    0.351  1
RGI60-15.07011     0.06859   30.556057   80.201154    0.128    0.363  1
RGI60-15.11772     0.06856   29.666906   95.786019   -1.585    1.004  1
RGI60-15.05352     0.06854   29.995216   82.218374    0.153    0.368  1
RGI60-15.11914     0.06845   29.448078   96.697308   -1.608    0.723  1
RGI60-15.08044     0.06844   31.454630  103.400628   -0.068    0.460  1
RGI60-15.09900     0.06838   28.035352   87.201602   -0.404    0.268  1
RGI60-15.01007     0.06837   30.421515   95.278303    0.128    0.497  1
RGI60-15.08283     0.06837   29.644654   97.275092   -0.883    0.457  1
RGI60-15.07754     0.06835   29.316090  101.192264   -0.658    0.700  1
RGI60-15.03688     0.06833   27.832337   87.774200   -0.279    0.322  1
RGI60-15.03808     0.06832   27.759029   86.854263   -0.782    0.397  1
RGI60-15.02728     0.06830   27.528004   88.062708   -0.816    0.366  1
RGI60-15.04210     0.06827   28.152676   85.594844   -0.523    0.377  1
RGI60-15.08005     0.06827   31.270086  103.061644   -0.530    0.434  1
RGI60-15.09158     0.06826   28.838551   84.775077   -0.532    0.343  1
RGI60-15.12004     0.06823   29.591665   95.706308    0.800    1.068  1
RGI60-15.05338     0.06818   30.092155   82.103176   -0.280    0.325  1
RGI60-15.01779     0.06813   28.225926   91.638691   -1.220    0.468  1
RGI60-15.00350     0.06810   28.897390   98.389850   -0.780    0.482  1
RGI60-15.12519     0.06810   29.232442   96.502058    0.904    0.609  1
RGI60-15.07295     0.06809   30.830412   79.293227    0.074    0.350  1
RGI60-15.02193     0.06803   27.845046   92.207794   -0.441    0.307  1
RGI60-15.13034     0.06799   28.939413   97.371397   -1.056    0.479  1
RGI60-15.11863     0.06797   29.505344   96.326798   -0.167    0.344  1
RGI60-15.05245     0.06796   29.863750   82.381987   -0.778    0.441  1
RGI60-15.06224     0.06796   29.666484   81.489721   -0.519    0.462  1
RGI60-15.09857     0.06796   28.111431   87.109468   -0.070    0.416  1
RGI60-15.05674     0.06795   29.712536   82.311582   -0.647    0.559  1
RGI60-15.00701     0.06794   30.440294   95.445274   -0.107    0.382  1
RGI60-15.00812     0.06785   30.323918   95.689520   -0.145    0.381  1
RGI60-15.12126     0.06781   29.347934   95.937043   -1.369    0.696  1
RGI60-15.01361     0.06779   28.192240   92.751815    0.007    0.372  1
RGI60-15.05336     0.06776   30.310585   82.001530   -0.656    0.404  1
RGI60-15.13060     0.06776   28.938609   97.503482   -0.081    0.440  1
RGI60-15.04897     0.06770   28.994838   83.561589   -0.208    0.242  1
RGI60-15.10578     0.06765   27.881228   87.531928   -0.274    0.368  1
RGI60-15.11329     0.06764   30.017264   96.214845    0.414    0.790  1
RGI60-15.09726     0.06764   28.248400   86.364321   -0.109    0.350  1
RGI60-15.06261     0.06763   29.816032   81.567592    0.322    0.403  1
RGI60-15.03006     0.06757   27.745596   88.311662   -0.598    0.423  1
RGI60-15.00482     0.06746   28.761194   97.892134   -0.622    0.410  1
RGI60-15.02988     0.06746   27.809923   88.622554   -0.694    0.524  1
RGI60-15.09911     0.06741   27.881028   87.224354    0.336    0.331  1
RGI60-15.07807     0.06741   29.311255  101.948546   -0.062    0.342  1
RGI60-15.09581     0.06741   28.325998   86.179977   -0.088    0.342  1
RGI60-15.08314     0.06738   29.771706   97.199059   -0.249    0.307  1
RGI60-15.09305     0.06737   28.466214   85.274929    0.030    0.277  1
RGI60-15.07406     0.06737   31.156367   78.507330   -0.551    0.431  1
RGI60-15.08101     0.06735   30.588408   97.358236   -0.840    0.524  1
RGI60-15.10156     0.06733   28.124458   86.612372   -0.232    0.295  1
RGI60-15.11515     0.06732   29.672971   96.521253   -0.518    0.423  1
RGI60-15.08535     0.06728   29.874698   96.835827   -0.430    0.374  1
RGI60-15.02185     0.06727   28.076686   91.298252   -0.703    0.323  1
RGI60-15.05643     0.06727   29.482142   82.720779    0.515    0.756  1
RGI60-15.09922     0.06726   28.196773   86.724922   -0.318    0.371  1
RGI60-15.04000     0.06725   28.124235   85.615911   -0.713    0.373  1
RGI60-15.06832     0.06721   30.900809   79.535833   -0.014    0.313  1
RGI60-15.03678     0.06720   27.785393   87.765799   -0.307    0.317  1
RGI60-15.07247     0.06717   30.175734   80.161765    0.357    0.336  1
RGI60-15.09236     0.06716   28.947320   85.088339   -0.538    0.385  1
RGI60-15.05546     0.06716   29.280316   82.568020   -0.076    0.339  1
RGI60-15.03777     0.06715   27.797104   86.415445   -1.036    0.418  1
RGI60-15.05276     0.06714   29.806094   82.259055   -0.309    0.420  1
RGI60-15.12353     0.06707   28.645037   96.695421   -0.562    0.355  1
RGI60-15.09598     0.06705   28.394240   86.272110   -0.705    0.307  1
RGI60-15.08273     0.06704   29.582014   97.262530   -1.050    0.504  1
RGI60-15.01277     0.06704   29.461455   95.125493   -0.286    0.561  1
RGI60-15.08707     0.06703   31.318943   79.025776   -0.591    0.456  1
RGI60-15.09130     0.06701   28.695682   84.665068   -0.376    0.353  1
RGI60-15.03242     0.06700   27.770504   88.064816   -0.901    0.540  1
RGI60-15.04841     0.06699   28.898757   83.459392   -0.875    0.396  1
RGI60-15.06745     0.06695   30.229217   80.026591   -0.026    0.394  1
RGI60-15.10401     0.06694   27.918423   88.046996   -0.780    0.460  1
RGI60-15.02018     0.06694   27.928152   92.428851    0.297    0.432  1
RGI60-15.10751     0.06685   28.147485   90.466683    0.046    0.261  1
RGI60-15.09300     0.06684   28.978590   85.318577    0.977    0.602  1
RGI60-15.02684     0.06683   27.881510   90.234434   -0.501    0.329  1
RGI60-15.09165     0.06681   28.751163   84.837426   -0.445    0.276  1
RGI60-15.00223     0.06680   28.354448   97.505775   -0.398    0.312  1
RGI60-15.07425     0.06676   31.134254   78.646917    0.169    0.537  1
RGI60-15.03879     0.06676   27.724410   86.960332   -0.834    0.390  1
RGI60-15.05835     0.06670   29.914850   81.714563   -0.838    0.429  1
RGI60-15.10267     0.06670   28.718436   85.421309   -0.100    0.274  1
RGI60-15.05365     0.06666   29.100168   82.970138   -1.065    0.466  1
RGI60-15.00149     0.06666   29.974154   99.640681   -0.470    0.320  1
RGI60-15.08216     0.06662   29.521218   97.157819   -0.243    0.326  1
RGI60-15.05983     0.06656   29.918506   80.906856    0.062    0.355  1
RGI60-15.11086     0.06654   30.361858   95.824045   -0.350    0.372  1
RGI60-15.12028     0.06654   29.403510   95.797199    0.533    0.562  1
RGI60-15.01881     0.06650   27.746175   92.191948   -0.881    0.506  1
RGI60-15.09133     0.06648   28.802110   84.673729   -0.181    0.299  1
RGI60-15.06143     0.06643   30.178479   81.941849   -0.416    0.422  1
RGI60-15.12487     0.06643   29.301944   96.425736    0.039    0.450  1
RGI60-15.08505     0.06640   29.734105   96.609132   -0.912    0.453  1
RGI60-15.01775     0.06634   28.186704   91.699262   -1.378    0.599  1
RGI60-15.09943     0.06632   28.245810   86.756754   -0.263    0.322  1
RGI60-15.00319     0.06620   28.499239   97.800075   -0.748    0.384  1
RGI60-15.02127     0.06618   28.071801   91.607461    0.063    0.379  1
RGI60-15.06201     0.06617   29.766570   81.583016   -0.015    0.426  1
RGI60-15.10991     0.06613   29.639937   83.044517   -0.706    0.369  1
RGI60-15.03819     0.06613   27.696134   86.784144   -0.686    0.339  1
RGI60-15.12985     0.06610   29.373072   97.327075   -0.141    0.289  1
RGI60-15.05647     0.06604   29.610216   82.757147    0.062    0.682  1
RGI60-15.00207     0.06603   28.334535   99.410978    0.262    0.509  1
RGI60-15.03657     0.06600   27.765204   87.809350   -0.754    0.380  1
RGI60-15.10308     0.06591   28.725897   87.415051   -0.418    0.273  1
RGI60-15.01607     0.06588   27.912690   92.527890   -0.201    0.385  1
RGI60-15.05950     0.06588   29.855294   81.110234   -0.180    0.360  1
RGI60-15.11274     0.06586   29.949166   96.034202   -0.443    0.780  1
RGI60-15.01621     0.06583   28.003515   92.658262   -0.252    0.251  1
RGI60-15.04898     0.06582   28.986564   83.543813   -0.014    0.322  1
RGI60-15.05007     0.06568   29.033053   83.631577   -0.265    0.259  1
RGI60-15.01535     0.06561   28.137352   92.585925   -0.949    0.436  1
RGI60-15.07138     0.06556   30.662316   79.283768   -0.606    0.415  1
RGI60-15.08917     0.06552   30.398387   80.820503   -0.473    0.472  1
RGI60-15.03759     0.06548   27.713117   86.616197   -0.939    0.462  1
RGI60-15.07658     0.06547   31.753429   99.113831   -0.260    0.487  1
RGI60-15.08583     0.06542   29.796603   96.907986   -0.766    0.399  1
RGI60-15.08527     0.06541   29.730483   96.811701   -1.015    0.466  1
RGI60-15.02257     0.06533   28.216216   89.821731   -0.616    0.377  1
RGI60-15.08388     0.06531   29.679877   97.026923   -0.559    0.442  1
RGI60-15.11705     0.06531   29.397475   96.991404   -0.622    0.359  1
RGI60-15.09484     0.06528   28.309124   85.817399    1.183    0.732  1
RGI60-15.06473     0.06526   29.878226   81.337043   -0.126    0.405  1
RGI60-15.07094     0.06526   30.370307   79.724672    0.193    0.322  1
RGI60-15.05134     0.06524   28.471197   84.525727   -0.647    0.421  1
RGI60-15.06958     0.06522   30.960005   79.396732   -0.089    0.341  1
RGI60-15.09954     0.06520   28.146288   86.780571   -0.082    0.286  1
RGI60-15.00576     0.06520   28.184835   97.390644   -0.507    0.392  1
RGI60-15.00954     0.06515   30.568107   95.169881   -0.166    0.434  1
RGI60-15.10220     0.06514   28.330765   86.489815   -0.217    0.279  1
RGI60-15.00594     0.06513   28.183465   97.359958   -0.461    0.392  1
RGI60-15.05699     0.06512   29.127612   83.076108    0.091    0.352  1
RGI60-15.06124     0.06510   30.048837   80.847866   -0.346    0.391  1
RGI60-15.06847     0.06509   31.016965   79.424433   -0.063    0.279  1
RGI60-15.09044     0.06505   30.305831   81.348562   -0.135    0.323  1
RGI60-15.08236     0.06505   29.668841   97.193840   -0.813    0.393  1
RGI60-15.10200     0.06503   28.239169   86.688911   -0.302    0.234  1
RGI60-15.08722     0.06490   31.084166   79.111251   -0.144    0.286  1
RGI60-15.02364     0.06490   27.955272   90.089203   -0.664    0.350  1
RGI60-15.04681     0.06486   28.869160   84.071872   -0.349    0.410  1
RGI60-15.01698     0.06484   28.254316   91.869458   -0.098    0.216  1
RGI60-15.03905     0.06483   27.920339   86.585064   -0.360    0.329  1
RGI60-15.09142     0.06478   28.807156   84.702649   -0.466    0.396  1
RGI60-15.10938     0.06475   28.117345   90.903722    0.505    0.401  1
RGI60-15.01188     0.06474   30.185289   95.490520   -0.153    0.391  1
RGI60-15.03642     0.06473   27.724765   87.608388   -1.024    0.429  1
RGI60-15.06508     0.06470   30.290684   81.831127   -0.275    0.447  1
RGI60-15.01023     0.06470   30.432156   95.319484    0.042    0.503  1
RGI60-15.10770     0.06465   28.161871   90.490510    0.203    0.380  1
RGI60-15.10490     0.06462   28.283484   87.542269   -0.843    0.429  1
RGI60-15.03084     0.06462   27.796201   87.981947   -0.400    0.334  1
RGI60-15.08330     0.06457   29.774370   96.893358   -0.969    0.453  1
RGI60-15.02033     0.06456   28.033199   91.693996   -0.389    0.377  1
RGI60-15.11886     0.06455   29.431908   96.479885   -0.430    0.352  1
RGI60-15.04079     0.06453   28.271741   85.698664   -0.562    0.399  1
RGI60-15.08499     0.06453   29.749496   96.571901   -0.402    0.367  1
RGI60-15.09373     0.06446   28.584375   85.459347   -0.370    0.338  1
RGI60-15.10574     0.06445   28.012791   87.597403   -0.830    0.448  1
RGI60-15.11046     0.06441   30.392154   95.763927   -0.301    0.454  1
RGI60-15.00897     0.06441   30.210942   95.511644    0.057    0.381  1
RGI60-15.01230     0.06440   30.012526   95.162920   -1.853    1.099  1
RGI60-15.05725     0.06439   29.106081   82.798484   -0.476    0.376  1
RGI60-15.02623     0.06438   28.162364   89.892123   -0.706    0.392  1
RGI60-15.05584     0.06437   29.293371   82.718008   -0.014    0.385  1
RGI60-15.03134     0.06424   27.698145   87.917746    0.112    0.351  1
RGI60-15.09448     0.06424   28.397327   85.619406    0.819    0.456  1
RGI60-15.01086     0.06422   30.338064   95.575027    0.174    0.417  1
RGI60-15.11084     0.06421   30.204108   95.822691   -0.622    0.561  1
RGI60-15.08826     0.06414   30.935153   79.769863   -0.258    0.370  1
RGI60-15.12573     0.06413   29.102548   96.665919    0.048    0.436  1
RGI60-15.12863     0.06411   29.356818   97.166164   -0.539    0.437  1
RGI60-15.10066     0.06411   28.099226   86.952112   -0.034    0.233  1
RGI60-15.12348     0.06396   28.621941   96.690667   -0.670    0.566  1
RGI60-15.12392     0.06395   28.419386   96.902118   -1.039    0.554  1
RGI60-15.03914     0.06394   27.704965   87.642107   -0.713    0.449  1
RGI60-15.08914     0.06392   30.357131   80.810254   -0.151    0.374  1
RGI60-15.01026     0.06388   30.342771   95.344366   -1.755    0.853  1
RGI60-15.03283     0.06386   27.854991   88.602139   -0.563    0.455  1
RGI60-15.03411     0.06384   27.923919   86.939035   -0.218    0.373  1
RGI60-15.05264     0.06382   29.835806   82.281403   -0.239    0.364  1
RGI60-15.11677     0.06380   29.386649   96.960208   -0.601    0.364  1
RGI60-15.02614     0.06379   28.081119   89.826079   -0.421    0.313  1
RGI60-15.10331     0.06378   27.965328   87.862765   -0.854    0.367  1
RGI60-15.11434     0.06378   29.820567   96.368738    0.080    0.372  1
RGI60-15.00982     0.06361   30.479865   95.288181    0.713    0.548  1
RGI60-15.07690     0.06350   31.632359   99.605968   -0.768    0.384  1
RGI60-15.02337     0.06347   28.064919   89.975143   -0.649    0.425  1
RGI60-15.01240     0.06338   29.959509   95.535607   -0.804    0.462  1
RGI60-15.07007     0.06338   30.368233   80.281849    0.951    0.575  1
RGI60-15.10548     0.06337   28.137236   87.495222    0.021    0.444  1
RGI60-15.02694     0.06334   27.832649   90.244074   -0.634    0.353  1
RGI60-15.04901     0.06331   29.005264   83.502766   -1.319    0.608  1
RGI60-15.00975     0.06331   30.486381   95.265270   -0.714    0.573  1
RGI60-15.02954     0.06331   27.982149   88.720662   -0.013    0.209  1
RGI60-15.02987     0.06329   27.901243   88.688843   -0.889    0.409  1
RGI60-15.07269     0.06325   30.194516   79.853700   -0.448    0.686  1
RGI60-15.04956     0.06324   29.243462   83.334755   -0.395    0.336  1
RGI60-15.01386     0.06324   28.639439   93.258633   -0.447    0.407  1
RGI60-15.05565     0.06323   29.458345   82.454235   -0.737    0.502  1
RGI60-15.03665     0.06321   27.778467   87.804948   -0.885    0.466  1
RGI60-15.06906     0.06319   30.705284   79.268131   -0.644    0.410  1
RGI60-15.00221     0.06319   28.356023   97.516611   -0.209    0.254  1
RGI60-15.07111     0.06316   30.912719   79.634892   -0.363    0.270  1
RGI60-15.07858     0.06316   29.286236  101.887531   -0.544    0.501  1
RGI60-15.05340     0.06309   29.983517   82.248302   -0.709    0.424  1
RGI60-15.01512     0.06307   27.957267   92.659675   -0.016    0.428  1
RGI60-15.10087     0.06305   28.200110   87.001777   -0.218    0.343  1
RGI60-15.03528     0.06305   27.791243   86.509431   -0.166    0.470  1
RGI60-15.03547     0.06301   27.837352   86.455673    0.288    0.428  1
RGI60-15.04943     0.06301   29.302954   83.442003   -0.271    0.282  1
RGI60-15.12595     0.06301   29.072503   96.725773    0.014    0.473  1
RGI60-15.01382     0.06293   28.593084   93.203415   -0.476    0.413  1
RGI60-15.03636     0.06292   27.763697   87.655613   -0.509    0.340  1
RGI60-15.07809     0.06291   29.280210  101.690722   -0.511    0.462  1
RGI60-15.10337     0.06291   27.962312   87.878646   -0.195    0.377  1
RGI60-15.03078     0.06291   27.814721   87.978686   -0.043    0.397  1
RGI60-15.08699     0.06281   31.186347   79.002600   -0.347    0.455  1
RGI60-15.06017     0.06281   30.258944   80.670265    0.169    0.637  1
RGI60-15.09013     0.06275   30.381704   81.304102   -0.104    0.498  1
RGI60-15.07407     0.06274   31.152342   78.503859    0.051    0.437  1
RGI60-15.03389     0.06273   27.658558   86.984361   -0.345    0.317  1
RGI60-15.07005     0.06273   30.245873   80.173732    0.473    0.683  1
RGI60-15.08544     0.06272   29.770357   96.853056   -0.846    0.399  1
RGI60-15.01281     0.06269   28.130152   92.899542   -0.206    0.474  1
RGI60-15.02639     0.06266   28.022658   90.142305   -0.792    0.451  1
RGI60-15.10351     0.06264   28.045462   87.909783   -0.219    0.231  1
RGI60-15.10233     0.06259   28.326330   86.366546   -0.224    0.322  1
RGI60-15.00601     0.06258   29.077297   96.112357    0.058    0.413  1
RGI60-15.00126     0.06250   29.898252   99.531623   -0.851    0.592  1
RGI60-15.09055     0.06249   30.228733   81.353924    0.257    0.376  1
RGI60-15.00736     0.06242   30.419511   95.529833    0.106    0.426  1
RGI60-15.06839     0.06240   30.963687   79.475932   -0.138    0.201  1
RGI60-15.00974     0.06240   30.441860   95.288920   -0.384    0.420  1
RGI60-15.07958     0.06240   31.240314  102.749421    0.229    0.395  1
RGI60-15.05002     0.06239   29.062923   83.577508   -0.182    0.357  1
RGI60-15.08932     0.06236   30.357894   80.915907   -0.383    0.255  1
RGI60-15.08306     0.06236   29.724943   97.173928   -0.137    0.246  1
RGI60-15.07108     0.06235   30.896096   79.518421    0.004    0.324  1
RGI60-15.07015     0.06234   30.473489   80.293392    0.302    0.415  1
RGI60-15.10095     0.06234   28.201197   87.022903   -0.119    0.368  1
RGI60-15.12461     0.06227   29.342192   96.364856   -1.152    0.836  1
RGI60-15.10142     0.06226   28.251454   86.517638   -0.214    0.211  1
RGI60-15.00093     0.06223   29.919253   99.793583   -0.883    0.631  1
RGI60-15.12868     0.06223   29.348483   97.174422   -0.873    0.597  1
RGI60-15.10919     0.06223   28.100192   90.843114   -0.102    0.407  1
RGI60-15.06141     0.06220   30.166885   81.915055   -0.175    0.407  1
RGI60-15.06536     0.06220   30.412245   80.549341    0.142    0.421  1
RGI60-15.04266     0.06219   28.180819   85.508602   -0.447    0.394  1
RGI60-15.00191     0.06216   30.372070   99.559612   -0.504    0.362  1
RGI60-15.08507     0.06216   29.712460   96.614061   -0.395    0.428  1
RGI60-15.09370     0.06211   28.549852   85.440155   -1.269    0.615  1
RGI60-15.08747     0.06207   31.221316   79.165040   -0.764    0.369  1
RGI60-15.05484     0.06203   29.365165   82.573118   -0.223    0.414  1
RGI60-15.02953     0.06192   27.979214   88.720173   -0.004    0.316  1
RGI60-15.10250     0.06188   28.356603   86.467026   -0.101    0.350  1
RGI60-15.00466     0.06184   29.148986   97.833497   -0.664    0.398  1
RGI60-15.11578     0.06181   29.609975   96.657255   -0.341    0.421  1
RGI60-15.08810     0.06180   31.072025   79.341505   -0.433    0.422  1
RGI60-15.12513     0.06180   29.271094   96.491438    1.662    0.829  1
RGI60-15.07534     0.06176   31.032246   78.458945   -0.607    0.417  1
RGI60-15.04902     0.06171   29.008748   83.494301   -0.166    0.366  1
RGI60-15.04800     0.06171   28.471126   83.934516    0.754    0.595  1
RGI60-15.05522     0.06168   29.257319   82.856980   -1.043    0.531  1
RGI60-15.01479     0.06167   28.393537   92.810138   -0.549    0.454  1
RGI60-15.08085     0.06165   29.312340   98.316701    0.401    0.502  1
RGI60-15.06506     0.06160   30.270024   81.855934   -0.182    0.337  1
RGI60-15.08279     0.06159   29.581299   97.269264   -0.616    0.383  1
RGI60-15.03775     0.06152   27.855576   86.390316   -0.906    0.440  1
RGI60-15.10908     0.06151   28.085020   90.799615   -0.375    0.371  1
RGI60-15.00058     0.06151   30.541372   99.629089   -0.805    0.406  1
RGI60-15.04088     0.06148   28.597432   85.034849   -0.177    0.415  1
RGI60-15.10660     0.06145   27.938893   87.802587   -0.346    0.298  1
RGI60-15.11490     0.06144   29.702368   96.460017   -0.688    0.417  1
RGI60-15.12687     0.06140   29.355813   96.999322   -0.557    0.575  1
RGI60-15.01856     0.06139   27.765261   92.062305   -0.591    0.363  1
RGI60-15.02616     0.06136   27.961788   89.928537   -0.778    0.379  1
RGI60-15.02922     0.06134   27.934269   88.718438   -0.818    0.362  1
RGI60-15.05946     0.06132   29.876886   81.109186   -0.202    0.336  1
RGI60-15.01578     0.06131   28.110160   92.721753    0.133    0.418  1
RGI60-15.03676     0.06125   27.826813   87.820418   -0.177    0.371  1
RGI60-15.04366     0.06121   29.249301   83.842708   -0.733    0.407  1
RGI60-15.02485     0.06114   27.905774   90.402078   -0.770    0.350  1
RGI60-15.10304     0.06110   28.947178   86.084975   -0.266    0.464  1
RGI60-15.09655     0.06109   28.108315   86.222249   -0.635    0.442  1
RGI60-15.01207     0.06108   29.849881   95.381945   -0.648    0.485  1
RGI60-15.07703     0.06107   31.501600   99.877104   -0.919    0.542  1
RGI60-15.02943     0.06104   27.955049   88.675511   -0.573    0.349  1
RGI60-15.01333     0.06104   28.108986   92.921501   -0.941    0.539  1
RGI60-15.07964     0.06098   31.268634  102.772978    0.396    0.350  1
RGI60-15.09775     0.06092   28.082236   86.490326   -0.788    0.460  1
RGI60-15.11459     0.06089   29.648319   96.426737   -0.190    0.386  1
RGI60-15.06950     0.06082   30.912480   79.408155   -0.284    0.229  1
RGI60-15.01963     0.06082   27.788612   92.378213   -0.070    0.393  1
RGI60-15.07748     0.06080   31.054954  101.308232   -0.123    0.325  1
RGI60-15.10096     0.06080   28.185552   87.023646   -0.197    0.355  1
RGI60-15.09980     0.06079   28.153700   86.814665   -0.499    0.420  1
RGI60-15.02472     0.06076   28.049243   90.347200   -0.354    0.304  1
RGI60-15.04234     0.06076   28.239821   85.207611   -0.240    0.340  1
RGI60-15.09986     0.06064   28.070502   86.824969   -0.570    0.356  1
RGI60-15.06438     0.06063   30.016325   82.129864   -0.235    0.361  1
RGI60-15.03345     0.06059   27.789391   87.908659   -0.409    0.372  1
RGI60-15.05554     0.06059   29.205573   82.551035   -0.209    0.438  1
RGI60-15.11366     0.06058   29.868139   96.257107   -0.212    0.503  1
RGI60-15.10980     0.06054   28.620809   88.709961   -0.296    0.315  1
RGI60-15.02397     0.06053   27.967576   90.123718   -0.702    0.403  1
RGI60-15.03163     0.06053   27.657065   87.975438   -0.872    0.449  1
RGI60-15.01189     0.06049   30.183019   95.492024   -0.158    0.456  1
RGI60-15.12618     0.06048   28.810138   96.858257   -0.434    0.507  1
RGI60-15.08673     0.06046   30.575518   97.354610   -0.031    0.375  1
RGI60-15.04914     0.06039   28.960312   83.279606   -0.389    0.354  1
RGI60-15.00170     0.06032   29.895314   99.514502   -1.125    0.578  1
RGI60-15.11783     0.06027   29.711007   95.866903   -1.212    0.687  1
RGI60-15.08772     0.06026   31.168062   79.251868   -0.848    0.409  1
RGI60-15.04318     0.06026   28.740293   83.895180   -0.491    0.355  1
RGI60-15.04945     0.06021   29.189813   83.418863   -0.776    0.365  1
RGI60-15.09548     0.06019   28.141784   86.077587   -0.312    0.285  1
RGI60-15.08602     0.06015   29.862559   96.947345   -0.642    0.396  1
RGI60-15.07631     0.06013   31.060230   78.621029    1.245    0.656  1
RGI60-15.04912     0.06013   28.990039   83.394406    0.014    0.307  1
RGI60-15.03333     0.06012   27.881619   88.797819   -0.286    0.336  1
RGI60-15.12910     0.06007   29.441968   97.253557   -0.601    0.383  1
RGI60-15.06004     0.06000   29.811479   81.159831   -0.271    0.312  1
RGI60-15.11262     0.05999   30.218753   96.013453   -0.174    0.598  1
RGI60-15.08481     0.05997   29.801754   97.217182   -0.256    0.557  1
RGI60-15.03423     0.05995   27.989743   86.577210   -0.323    0.258  1
RGI60-15.06259     0.05992   29.858160   81.593278   -0.096    0.408  1
RGI60-15.03245     0.05991   27.813227   88.117832    0.684    0.531  1
RGI60-15.09231     0.05989   28.932712   85.071478   -0.320    0.341  1
RGI60-15.05698     0.05989   29.134284   83.077156   -0.361    0.355  1
RGI60-15.01265     0.05987   29.559062   95.186982   -0.133    0.547  1
RGI60-15.00552     0.05984   28.265068   97.474265   -0.448    0.402  1
RGI60-15.00451     0.05982   29.248571   97.739180   -0.573    0.481  1
RGI60-15.05322     0.05980   29.802185   82.393403   -0.013    0.356  1
RGI60-15.06085     0.05980   30.276051   81.882578   -0.637    0.415  1
RGI60-15.00262     0.05976   28.392846   97.767413   -0.992    0.633  1
RGI60-15.00866     0.05974   30.345982   95.540583   -0.570    0.422  1
RGI60-15.04404     0.05971   28.843119   83.464577   -0.633    0.331  1
RGI60-15.01519     0.05969   28.035474   92.560041    0.096    0.312  1
RGI60-15.01721     0.05967   28.232149   91.331117   -0.409    0.309  1
RGI60-15.05287     0.05961   29.869190   82.319792   -0.032    0.436  1
RGI60-15.08124     0.05961   29.102123   97.594762    0.038    0.300  1
RGI60-15.03912     0.05959   27.877503   87.053431   -0.572    0.414  1
RGI60-15.02040     0.05955   28.161957   91.748835   -0.145    0.320  1
RGI60-15.01609     0.05937   27.907239   92.529636    0.096    0.449  1
RGI60-15.02788     0.05937   27.737539   88.043616    0.022    0.432  1
RGI60-15.10486     0.05930   28.044404   88.518011   -0.264    0.339  1
RGI60-15.11460     0.05928   29.650686   96.427541   -1.058    0.518  1
RGI60-15.12141     0.05928   29.284696   95.996736   -0.777    0.835  1
RGI60-15.03412     0.05927   27.948727   86.851810   -0.675    0.440  1
RGI60-15.01752     0.05925   28.145744   91.597941   -0.534    0.466  1
RGI60-15.00656     0.05924   30.420681   95.789070   -0.500    0.469  1
RGI60-15.07552     0.05923   31.089030   78.535602   -0.374    0.447  1
RGI60-15.05148     0.05920   28.982931   83.606079   -0.499    0.286  1
RGI60-15.07530     0.05920   31.043915   78.439310    0.238    0.323  1
RGI60-15.11226     0.05913   30.244018   95.944311    0.814    0.709  1
RGI60-15.08022     0.05910   31.449585  102.859213   -0.034    0.301  1
RGI60-15.06796     0.05909   30.732733   79.533757    0.081    0.334  1
RGI60-15.02292     0.05908   27.946578   89.944970   -0.449    0.388  1
RGI60-15.00775     0.05905   30.375266   95.617763   -0.184    0.313  1
RGI60-15.09557     0.05904   27.954404   86.094302   -0.580    0.434  1
RGI60-15.03331     0.05902   27.864184   88.809764   -0.861    0.460  1
RGI60-15.09092     0.05900   30.289915   81.385038   -0.031    0.322  1
RGI60-15.00845     0.05899   30.334808   95.545604   -0.088    0.382  1
RGI60-15.03019     0.05899   27.833885   88.302898   -0.568    0.345  1
RGI60-15.10561     0.05893   28.192629   87.576501    0.006    0.430  1
RGI60-15.10480     0.05884   28.020314   88.389077   -0.129    0.261  1
RGI60-15.04936     0.05883   29.197891   83.494280   -0.663    0.387  1
RGI60-15.09258     0.05881   28.770327   85.147856   -0.846    0.426  1
RGI60-15.12204     0.05878   29.111337   96.310860    0.054    0.570  1
RGI60-15.12168     0.05866   29.247726   96.165022   -0.405    0.525  1
RGI60-15.11581     0.05863   29.570670   96.679006    0.015    0.535  1
RGI60-15.00088     0.05854   29.972610   99.646659   -1.521    0.663  1
RGI60-15.02693     0.05850   27.828662   90.240036   -0.382    0.284  1
RGI60-15.09992     0.05849   28.126404   86.829771   -0.189    0.256  1
RGI60-15.09999     0.05846   28.073560   86.835918    0.085    0.262  1
RGI60-15.05354     0.05842   30.032701   82.171146   -0.363    0.278  1
RGI60-15.13028     0.05841   28.856123   97.359529   -0.032    0.517  1
RGI60-15.03999     0.05840   28.158476   85.568175   -0.807    0.426  1
RGI60-15.08992     0.05828   30.439847   81.261726   -0.026    0.421  1
RGI60-15.03463     0.05827   27.927986   86.684040    0.045    0.507  1
RGI60-15.11634     0.05822   29.556214   96.913623   -0.769    0.432  1
RGI60-15.07974     0.05820   31.202064  102.904842    0.406    0.411  1
RGI60-15.03145     0.05819   27.859688   88.042761   -0.372    0.390  1
RGI60-15.03031     0.05817   27.982984   88.797189   -0.726    0.370  1
RGI60-15.01016     0.05812   30.439554   95.252338   -0.144    0.533  1
RGI60-15.07817     0.05810   29.421368  101.787731   -0.352    0.312  1
RGI60-15.01852     0.05806   28.133822   91.692187   -1.055    0.630  1
RGI60-15.09734     0.05806   28.261722   86.424717   -0.354    0.360  1
RGI60-15.11558     0.05805   29.673829   96.631427   -0.002    0.481  1
RGI60-15.01875     0.05804   27.813817   92.087841   -0.784    0.411  1
RGI60-15.06592     0.05797   30.248457   79.763663   -0.060    0.398  1
RGI60-15.03462     0.05794   27.928229   86.680491    0.108    0.621  1
RGI60-15.01428     0.05793   28.251563   93.008930   -0.064    0.483  1
RGI60-15.10038     0.05791   28.076809   86.907355   -0.296    0.395  1
RGI60-15.11149     0.05791   30.074283   95.873233   -0.119    0.450  1
RGI60-15.01112     0.05789   30.624591   95.311801   -0.120    0.434  1
RGI60-15.01835     0.05789   28.323698   91.061342   -0.314    0.331  1
RGI60-15.02685     0.05789   27.886724   90.223042   -0.781    0.414  1
RGI60-15.12222     0.05789   29.001966   96.386015    0.431    0.555  1
RGI60-15.06186     0.05788   29.987439   81.671011   -0.349    0.336  1
RGI60-15.08348     0.05785   29.852918   96.952040   -0.798    0.488  1
RGI60-15.06188     0.05778   30.081930   82.109029   -0.632    0.429  1
RGI60-15.01885     0.05776   27.776853   92.250804   -0.453    0.378  1
RGI60-15.03979     0.05775   28.371129   85.044444   -0.760    0.512  1
RGI60-15.04954     0.05774   29.232242   83.343747   -1.470    0.646  1
RGI60-15.03062     0.05767   27.699197   88.797523   -0.421    0.436  1
RGI60-15.10953     0.05767   28.004000   89.452837   -0.395    0.376  1
RGI60-15.05532     0.05763   29.360953   82.652347    0.110    0.475  1
RGI60-15.11730     0.05761   29.534273   97.060339   -0.561    0.490  1
RGI60-15.05056     0.05760   29.012730   83.681449    0.017    0.241  1
RGI60-15.01939     0.05759   27.869362   92.391922   -0.093    0.396  1
RGI60-15.02655     0.05750   27.947867   89.898905   -1.098    0.506  1
RGI60-15.07096     0.05747   30.569880   80.093853    0.475    0.601  1
RGI60-15.04152     0.05747   28.467297   84.761963   -0.403    0.468  1
RGI60-15.01789     0.05746   28.101527   91.868369   -0.345    0.271  1
RGI60-15.05602     0.05744   29.291896   82.808612   -0.737    0.493  1
RGI60-15.02659     0.05742   28.058949   89.538223   -1.023    0.495  1
RGI60-15.05292     0.05737   30.023825   82.197035   -0.287    0.327  1
RGI60-15.02595     0.05737   27.993680   90.799118   -0.025    0.340  1
RGI60-15.00682     0.05715   30.532611   95.342306    1.298    0.617  1
RGI60-15.09353     0.05714   28.554248   85.384353   -0.397    0.367  1
RGI60-15.11441     0.05713   29.909871   96.391110   -1.097    0.671  1
RGI60-15.01375     0.05708   28.645841   93.306432   -0.156    0.359  1
RGI60-15.07956     0.05705   31.139510  102.742532   -0.789    0.525  1
RGI60-15.11423     0.05705   29.832449   96.354707    0.916    0.627  1
RGI60-15.09118     0.05705   28.854911   84.551706   -0.254    0.444  1
RGI60-15.00381     0.05701   29.241246   97.529183   -0.846    0.424  1
RGI60-15.09668     0.05691   28.133446   86.249056   -0.023    0.371  1
RGI60-15.04944     0.05688   29.255214   83.470558   -0.038    0.362  1
RGI60-15.07721     0.05686   31.735210   99.178049    0.135    0.300  1
RGI60-15.09076     0.05683   30.369045   81.371150   -0.104    0.379  1
RGI60-15.03181     0.05673   27.836038   88.672835   -0.643    0.483  1
RGI60-15.01933     0.05672   27.889856   92.393544    0.300    0.413  1
RGI60-15.03313     0.05666   27.790760   88.345890   -0.173    0.336  1
RGI60-15.09526     0.05666   28.050623   86.047763    0.042    0.323  1
RGI60-15.01694     0.05665   28.294567   91.131642   -0.268    0.532  1
RGI60-15.10875     0.05665   28.298133   90.667669   -0.811    0.447  1
RGI60-15.03820     0.05660   27.694967   86.787462   -0.656    0.492  1
RGI60-15.06083     0.05658   30.322937   81.923390   -0.368    0.354  1
RGI60-15.05880     0.05657   30.101039   80.460780    1.644    0.738  1
RGI60-15.03043     0.05655   27.955179   88.838063    0.014    0.405  1
RGI60-15.05823     0.05654   30.121875   81.788617   -0.438    0.400  1
RGI60-15.03451     0.05650   27.883977   86.693945   -0.397    0.332  1
RGI60-15.01080     0.05648   30.481166   95.687172    0.077    0.229  1
RGI60-15.01727     0.05647   28.202492   91.452729   -0.592    0.383  1
RGI60-15.05982     0.05643   29.918176   80.903118   -0.253    0.366  1
RGI60-15.00089     0.05635   29.976134   99.650077   -1.490    0.659  1
RGI60-15.08242     0.05633   29.551870   97.206259   -0.593    0.366  1
RGI60-15.12338     0.05631   28.857819   96.611064   -1.222    0.704  1
RGI60-15.01525     0.05631   28.046284   92.566067   -0.719    0.385  1
RGI60-15.08771     0.05631   31.168509   79.245017    0.413    0.383  1
RGI60-15.00676     0.05628   30.502084   95.343503   -0.475    0.426  1
RGI60-15.12315     0.05626   28.972552   96.509982    0.266    0.666  1
RGI60-15.06749     0.05624   30.221331   80.035640    0.747    0.607  1
RGI60-15.05356     0.05623   30.050099   82.160883   -0.113    0.245  1
RGI60-15.06431     0.05616   29.968263   82.073652   -0.678    0.385  1
RGI60-15.12568     0.05613   29.052218   96.657592   -0.167    0.437  1
RGI60-15.10986     0.05613   28.850557   84.792181   -0.454    0.464  1
RGI60-15.01006     0.05609   30.418895   95.272825    0.596    0.474  1
RGI60-15.05324     0.05602   29.825563   82.386631   -0.549    0.669  1
RGI60-15.10637     0.05595   27.869773   87.729489   -0.292    0.480  1
RGI60-15.02102     0.05592   28.006276   91.408384   -0.461    0.364  1
RGI60-15.12556     0.05589   29.237426   96.626190   -0.913    1.029  1
RGI60-15.00486     0.05587   28.789158   97.937568   -0.538    0.611  1
RGI60-15.03353     0.05587   27.826441   88.751902   -0.282    0.443  1
RGI60-15.04112     0.05585   28.341732   84.660874   -0.089    0.311  1
RGI60-15.03013     0.05581   27.789186   88.394999   -0.049    0.277  1
RGI60-15.09821     0.05578   28.017079   87.046749   -0.197    0.304  1
RGI60-15.05892     0.05577   29.818556   81.292439   -0.527    0.610  1
RGI60-15.03390     0.05575   27.672224   86.986691    0.532    0.471  1
RGI60-15.03818     0.05573   27.689056   86.792683   -0.650    0.464  1
RGI60-15.06180     0.05567   30.084048   81.912224   -0.538    0.425  1
RGI60-15.00199     0.05564   30.396323   99.550944   -0.339    0.370  1
RGI60-15.01697     0.05563   28.250510   91.873250   -0.475    0.330  1
RGI60-15.12731     0.05561   29.287357   97.047917   -0.762    0.432  1
RGI60-15.00752     0.05560   30.423909   95.617356   -0.223    0.302  1
RGI60-15.02246     0.05559   28.078581   89.549816   -0.673    0.425  1
RGI60-15.04926     0.05557   29.063583   83.546262   -0.284    0.297  1
RGI60-15.01726     0.05557   28.240156   91.400091   -0.386    0.270  1
RGI60-15.10202     0.05556   28.233314   86.693174   -0.085    0.425  1
RGI60-15.02039     0.05549   28.046733   91.850134   -0.042    0.429  1
RGI60-15.06476     0.05548   29.859628   81.349174   -0.026    0.313  1
RGI60-15.05676     0.05544   29.722398   82.280801   -0.766    0.520  1
RGI60-15.00546     0.05544   28.298039   97.423147    0.133    0.305  1
RGI60-15.12770     0.05538   29.388130   97.079492   -0.737    0.539  1
RGI60-15.08742     0.05538   31.184894   79.159239   -0.362    0.362  1
RGI60-15.02523     0.05535   27.826413   90.574218   -0.857    0.497  1
RGI60-15.05649     0.05526   29.618927   82.770772   -0.660    0.606  1
RGI60-15.00161     0.05525   29.837368   99.653475   -0.718    0.569  1
RGI60-15.08256     0.05524   29.653147   97.231606   -0.768    0.454  1
RGI60-15.03772     0.05524   27.855185   86.404397   -0.535    0.313  1
RGI60-15.10701     0.05521   27.575392   89.162330    0.106    0.471  1
RGI60-15.10535     0.05519   28.138767   87.462847    0.045    0.422  1
RGI60-15.11418     0.05515   29.893642   96.345993   -0.588    0.563  1
RGI60-15.01093     0.05514   30.238109   95.566579    0.163    0.427  1
RGI60-15.01921     0.05509   27.853884   92.293525   -0.482    0.367  1
RGI60-15.03128     0.05507   27.696025   87.921482   -0.705    0.417  1
RGI60-15.07949     0.05505   31.273020  102.698068   -0.724    0.580  1
RGI60-15.12739     0.05499   29.444427   97.056170   -0.377    0.359  1
RGI60-15.02112     0.05492   27.936906   91.250716   -0.277    0.409  1
RGI60-15.03911     0.05491   27.875689   87.054923   -0.561    0.450  1
RGI60-15.12623     0.05490   28.878286   96.868954   -0.471    0.409  1
RGI60-15.09226     0.05486   28.942028   85.060621   -0.313    0.284  1
RGI60-15.02615     0.05486   27.971123   89.909974   -0.500    0.410  1
RGI60-15.00867     0.05484   30.349443   95.545283    0.127    0.427  1
RGI60-15.02286     0.05483   27.927728   89.943369   -0.561    0.341  1
RGI60-15.03081     0.05478   27.804600   87.984447   -0.717    0.450  1
RGI60-15.04458     0.05475   28.804778   83.953373   -0.795    0.376  1
RGI60-15.00318     0.05474   28.496165   97.797628   -0.771    0.392  1
RGI60-15.01537     0.05466   28.113704   92.594770   -0.376    0.311  1
RGI60-15.02717     0.05463   27.574990   88.071404   -0.412    0.375  1
RGI60-15.08510     0.05459   29.741728   96.626425   -0.386    0.456  1
RGI60-15.05318     0.05456   29.765240   82.386740   -0.013    0.390  1
RGI60-15.11502     0.05453   29.730351   96.494262   -0.484    0.391  1
RGI60-15.05457     0.05451   29.292299   82.725041    0.057    0.440  1
RGI60-15.03060     0.05451   27.712527   88.795117   -0.309    0.430  1
RGI60-15.07109     0.05450   30.938725   79.698655   -0.697    0.449  1
RGI60-15.12408     0.05449   29.453798   96.102125    0.197    0.588  1
RGI60-15.10091     0.05440   28.177941   87.017572   -0.344    0.268  1
RGI60-15.02204     0.05439   27.873329   90.836779    0.060    0.511  1
RGI60-15.09101     0.05434   30.280482   81.399056   -0.046    0.391  1
RGI60-15.05082     0.05431   28.770256   84.086706   -0.977    0.455  1
RGI60-15.07532     0.05431   31.031854   78.456087   -0.804    0.505  1
RGI60-15.05176     0.05431   29.859635   82.458088   -0.483    0.499  1
RGI60-15.10707     0.05428   27.821626   89.251515   -0.269    0.458  1
RGI60-15.02455     0.05427   27.945964   90.274959   -0.262    0.342  1
RGI60-15.02921     0.05425   27.964266   88.409552   -0.024    0.388  1
RGI60-15.05438     0.05424   29.090047   83.025716   -0.989    0.485  1
RGI60-15.06174     0.05423   30.012237   82.228692   -0.338    0.354  1
RGI60-15.09011     0.05422   30.380819   81.300733   -4.237    1.790  1
RGI60-15.01440     0.05419   28.265649   93.111194   -1.255    0.828  1
RGI60-15.00198     0.05415   30.397133   99.547473   -0.849    0.482  1
RGI60-15.07397     0.05415   31.191060   78.487002   -0.149    0.514  1
RGI60-15.08440     0.05410   29.675085   97.089381   -0.507    0.457  1
RGI60-15.01480     0.05406   28.491854   92.715561   -0.390    0.306  1
RGI60-15.01530     0.05406   28.092200   92.537218   -0.838    0.420  1
RGI60-15.08972     0.05404   30.083361   81.157211   -0.043    0.299  1
RGI60-15.00565     0.05403   28.157535   97.436478   -0.486    0.411  1
RGI60-15.03656     0.05391   27.776421   87.810378   -0.278    0.292  1
RGI60-15.01632     0.05391   28.063351   92.628109   -0.902    0.560  1
RGI60-15.02365     0.05388   27.958969   90.087875   -0.373    0.341  1
RGI60-15.01299     0.05388   28.643308   93.195474   -0.339    0.295  1
RGI60-15.01843     0.05386   28.109370   91.456218   -0.066    0.306  1
RGI60-15.01851     0.05384   28.136452   91.852976   -0.324    0.432  1
RGI60-15.03936     0.05383   27.955208   86.753506   -0.659    0.381  1
RGI60-15.11665     0.05383   29.478665   96.948690   -0.771    0.520  1
RGI60-15.11448     0.05382   29.690594   96.411925   -0.423    0.343  1
RGI60-15.03556     0.05381   27.874956   86.351791   -0.748    0.440  1
RGI60-15.03501     0.05372   27.717390   86.611848   -0.664    0.442  1
RGI60-15.07006     0.05370   30.244723   80.166869    0.865    0.644  1
RGI60-15.08536     0.05367   29.791368   96.837057   -0.506    0.354  1
RGI60-15.07818     0.05366   29.445583  101.790055   -0.796    0.475  1
RGI60-15.11869     0.05365   29.562717   96.351565   -0.024    0.440  1
RGI60-15.01049     0.05362   30.033781   95.380700   -0.570    0.399  1
RGI60-15.09319     0.05362   28.601713   85.340306   -0.573    0.495  1
RGI60-15.07097     0.05361   30.549920   80.125006   -0.160    0.424  1
RGI60-15.02017     0.05358   27.924651   92.430183    0.128    0.350  1
RGI60-15.09105     0.05358   28.779483   84.479246    0.114    0.383  1
RGI60-15.08342     0.05356   29.809279   96.940938   -0.571    0.405  1
RGI60-15.00584     0.05356   28.244855   97.770993    0.329    0.376  1
RGI60-15.02082     0.05355   28.043950   91.533139   -0.240    0.467  1
RGI60-15.11925     0.05354   29.407339   96.744190   -0.666    0.583  1
RGI60-15.10993     0.05348   29.631367   83.049778   -0.582    0.438  1
RGI60-15.02196     0.05348   27.957623   92.115024   -0.952    0.572  1
RGI60-15.10208     0.05341   28.327070   86.453761   -0.075    0.378  1
RGI60-15.09678     0.05339   28.213242   86.302413   -0.679    0.373  1
RGI60-15.02245     0.05336   28.074128   89.534373   -0.825    0.502  1
RGI60-15.10409     0.05335   28.008832   88.059685   -0.504    0.434  1
RGI60-15.05383     0.05327   29.619910   82.564887   -0.089    0.540  1
RGI60-15.03465     0.05327   27.980950   86.642984   -0.272    0.436  1
RGI60-15.00658     0.05323   30.486320   95.691394   -0.282    0.302  1
RGI60-15.10592     0.05315   27.834224   87.592153   -1.031    0.444  1
RGI60-15.12107     0.05314   29.408657   96.025752   -2.510    1.114  1
RGI60-15.09514     0.05311   28.418117   85.847059   -0.457    0.334  1
RGI60-15.08344     0.05308   29.745533   96.944981   -0.575    0.524  1
RGI60-15.06077     0.05307   30.169778   81.624129   -0.643    0.521  1
RGI60-15.01205     0.05306   29.836209   95.410615    0.213    0.383  1
RGI60-15.02415     0.05303   27.978834   90.252775   -0.433    0.395  1
RGI60-15.02117     0.05301   27.938990   91.290926    0.107    0.244  1
RGI60-15.10647     0.05298   27.866422   87.744860    0.149    0.361  1
RGI60-15.05379     0.05292   29.625280   82.577566   -0.063    0.507  1
RGI60-15.00490     0.05283   28.795770   98.037404   -0.745    0.566  1
RGI60-15.09541     0.05283   28.212634   86.074994    0.021    0.364  1
RGI60-15.00158     0.05282   29.944915   99.570470   -1.455    0.661  1
RGI60-15.11983     0.05277   29.595379   95.700003    0.010    0.501  1
RGI60-15.03679     0.05277   27.790504   87.763197   -0.615    0.460  1
RGI60-15.02928     0.05276   27.954104   88.658524   -0.481    0.387  1
RGI60-15.08753     0.05271   31.072471   79.175374   -0.451    0.397  1
RGI60-15.00667     0.05266   30.480098   95.505017   -0.920    0.491  1
RGI60-15.02437     0.05266   27.836995   90.252775   -1.054    0.484  1
RGI60-15.06078     0.05265   30.170774   81.630684   -0.667    0.518  1
RGI60-15.02797     0.05262   27.774568   88.064393   -0.248    0.525  1
RGI60-15.06266     0.05261   29.836074   81.564563   -0.951    0.481  1
RGI60-15.06394     0.05258   30.253780   80.478647    0.510    0.461  1
RGI60-15.08929     0.05258   30.363772   80.906064    0.053    0.318  1
RGI60-15.05195     0.05256   30.089121   82.106357   -0.132    0.414  1
RGI60-15.08521     0.05251   29.835008   96.800432   -0.370    0.340  1
RGI60-15.02969     0.05248   27.888645   88.687775   -0.709    0.426  1
RGI60-15.07664     0.05247   27.318937  100.109610   -0.032    0.670  1
RGI60-15.09193     0.05243   28.613173   84.953927    0.376    0.866  1
RGI60-15.01777     0.05236   28.215245   91.647801   -0.470    0.407  1
RGI60-15.10329     0.05235   27.986243   87.857998   -0.401    0.425  1
RGI60-15.00446     0.05234   29.217382   97.738581   -1.163    0.577  1
RGI60-15.02036     0.05234   27.987901   91.863947    0.045    0.320  1
RGI60-15.07548     0.05231   31.067529   78.564237   -0.597    0.427  1
RGI60-15.03865     0.05231   28.009629   86.841966   -0.137    0.356  1
RGI60-15.11807     0.05230   29.660332   95.968864   -0.087    0.775  1
RGI60-15.05395     0.05229   29.420111   82.538490   -0.043    0.564  1
RGI60-15.08785     0.05227   31.012145   79.298023    0.127    0.267  1
RGI60-15.02920     0.05219   27.948794   88.282704   -0.811    0.442  1
RGI60-15.03763     0.05215   27.859030   86.365835   -0.524    0.427  1
RGI60-15.11412     0.05213   29.783987   96.333389   -0.420    0.605  1
RGI60-15.04883     0.05212   28.887832   83.555863   -0.124    0.384  1
RGI60-15.05804     0.05212   29.900585   81.253552   -0.577    0.376  1
RGI60-15.12877     0.05209   28.896552   97.184567   -0.340    0.503  1
RGI60-15.03116     0.05208   27.744467   87.917714   -1.273    0.621  1
RGI60-15.01836     0.05207   28.321701   91.068659   -0.112    0.261  1
RGI60-15.09209     0.05206   28.730861   85.090854   -0.390    0.464  1
RGI60-15.12245     0.05206   29.426099   96.053404    0.328    0.549  1
RGI60-15.13110     0.05195   31.257763   79.218562   -0.300    0.279  1
RGI60-15.11337     0.05194   30.024983   96.218439   -0.320    0.761  1
RGI60-15.07480     0.05193   31.107010   78.767579   -0.071    0.335  1
RGI60-15.10762     0.05188   28.252135   90.480247   -0.505    0.329  1
RGI60-15.01339     0.05185   28.172082   92.709556   -0.711    0.430  1
RGI60-15.00066     0.05181   30.128560   99.535661   -1.255    0.556  1
RGI60-15.00572     0.05174   28.158492   97.474975    0.180    0.488  1
RGI60-15.04684     0.05172   28.871756   84.091372   -0.476    0.477  1
RGI60-15.07692     0.05165   31.638650   99.609242   -0.704    0.555  1
RGI60-15.08412     0.05153   29.790609   97.051993   -0.561    0.451  1
RGI60-15.07726     0.05148   31.757083   99.338093   -0.780    0.507  1
RGI60-15.09569     0.05147   28.272750   86.130218   -0.184    0.253  1
RGI60-15.02670     0.05146   27.702708   89.405234   -0.616    0.470  1
RGI60-15.01381     0.05145   28.595903   93.204211   -0.576    0.486  1
RGI60-15.02557     0.05140   27.984921   90.521181   -0.748    0.411  1
RGI60-15.06120     0.05137   29.918758   80.810250   -0.468    0.340  1
RGI60-15.12433     0.05136   29.443838   96.265976   -0.119    0.403  1
RGI60-15.09679     0.05131   28.210899   86.304905   -0.338    0.299  1
RGI60-15.00670     0.05122   30.511899   95.482704   -0.335    0.450  1
RGI60-15.00551     0.05121   28.275327   97.493491   -0.069    0.480  1
RGI60-15.03244     0.05119   27.796710   88.125552   -0.247    0.347  1
RGI60-15.06352     0.05111   30.251666   80.731534   -0.136    0.354  1
RGI60-15.09279     0.05109   28.641567   85.189582   -0.008    0.363  1
RGI60-15.00671     0.05108   30.528724   95.469067   -0.219    0.375  1
RGI60-15.13051     0.05105   29.149489   97.449794   -0.607    0.399  1
RGI60-15.05412     0.05103   29.272168   82.814079   -0.445    0.352  1
RGI60-15.05111     0.05099   28.768357   83.266854   -0.192    0.452  1
RGI60-15.10077     0.05097   28.079392   86.963118   -0.019    0.242  1
RGI60-15.01091     0.05096   30.235486   95.579055   -1.103    0.593  1
RGI60-15.05962     0.05094   29.862981   80.960447   -0.581    0.342  1
RGI60-15.00944     0.05091   30.553158   95.236372    0.498    0.589  1
RGI60-15.01966     0.05091   27.809958   92.372383    0.000    0.446  1
RGI60-15.05635     0.05089   29.481681   82.477757   -1.072    0.738  1
RGI60-15.11728     0.05089   29.542685   97.056047   -0.557    0.411  1
RGI60-15.02604     0.05083   27.968729   90.793168   -1.214    0.579  1
RGI60-15.10403     0.05076   27.976827   88.048254    0.021    0.371  1
RGI60-15.06288     0.05074   29.821256   81.120266    1.009    0.702  1
RGI60-15.04948     0.05072   29.192638   83.413944    0.010    0.409  1
RGI60-15.08976     0.05068   30.040323   81.202142   -0.260    0.385  1
RGI60-15.08731     0.05067   31.049727   79.122027    0.223    0.424  1
RGI60-15.05958     0.05065   29.863913   81.000190   -0.093    0.318  1
RGI60-15.07636     0.05062   30.844804   78.909169   -0.355    0.331  1
RGI60-15.07137     0.05062   30.862124   79.137911   -0.192    0.312  1
RGI60-15.03449     0.05062   27.861054   86.678980   -0.665    0.408  1
RGI60-15.02098     0.05060   27.950580   91.436027   -0.189    0.299  1
RGI60-15.12962     0.05057   28.914166   97.301172   -0.729    0.507  1
RGI60-15.10372     0.05055   28.010268   87.984708   -0.414    0.392  1
RGI60-15.00422     0.05052   28.624303   98.246119   -0.475    0.470  1
RGI60-15.04082     0.05049   28.592834   85.028410   -0.074    0.514  1
RGI60-15.07270     0.05047   30.193681   79.856452   -0.108    0.723  1
RGI60-15.13103     0.05045   31.048003   79.445037    0.057    0.297  1
RGI60-15.07018     0.05043   30.493824   79.846711    0.128    0.505  1
RGI60-15.10630     0.05042   27.843165   87.723795   -0.800    0.394  1
RGI60-15.08029     0.05041   31.706055  102.910803   -0.716    0.543  1
RGI60-15.05822     0.05039   30.121181   81.785281   -0.176    0.287  1
RGI60-15.10197     0.05037   28.136564   86.684904   -0.217    0.333  1
RGI60-15.05098     0.05032   28.836257   83.076596   -0.512    0.342  1
RGI60-15.03549     0.05030   27.851299   86.445809   -0.058    0.370  1
RGI60-15.08012     0.05028   31.256222  103.115304   -0.153    0.585  1
RGI60-15.00463     0.05027   29.155635   97.800276   -0.613    0.498  1
RGI60-15.01474     0.05027   28.396714   92.814433   -0.824    0.579  1
RGI60-15.00344     0.05020   28.909201   98.364456   -0.838    0.529  1
RGI60-15.11682     0.05018   29.699400   96.966907   -0.550    0.398  1
RGI60-15.01973     0.05017   27.783236   92.454028   -0.403    0.383  1
RGI60-15.07358     0.05013   31.354919   78.137247   -0.092    0.329  1
RGI60-15.07569     0.05004   30.836375   78.806780    0.034    0.471  1
RGI60-15.06495     0.05002   30.316921   81.822605   -0.062    0.282  1
RGI60-15.08013     0.05001   31.284093  103.145321   -0.628    0.359  1
RGI60-15.00712     0.04999   30.422615   95.410524   -0.551    0.568  1
RGI60-15.05173     0.04997   29.915117   82.221262   -0.799    0.432  1
RGI60-15.10116     0.04996   28.223917   87.075813   -1.148    0.661  1
RGI60-15.05337     0.04991   30.171035   82.155106    0.147    0.298  1
RGI60-15.06146     0.04991   30.024128   81.920494   -0.468    0.326  1
RGI60-15.08337     0.04986   29.791294   96.932090   -0.341    0.467  1
RGI60-15.09025     0.04986   30.355231   81.321177   -0.464    0.638  1
RGI60-15.01099     0.04983   30.216678   95.598041   -0.046    0.310  1
RGI60-15.00553     0.04972   28.282715   97.478266   -0.312    0.325  1
RGI60-15.09053     0.04968   30.366732   81.353672   -0.047    0.395  1
RGI60-15.08045     0.04966   28.225550   98.701120   -1.168    0.678  1
RGI60-15.00669     0.04959   30.520630   95.499883   -0.842    0.547  1
RGI60-15.08949     0.04958   30.161185   81.086096   -0.302    0.414  1
RGI60-15.00785     0.04953   30.365389   95.656321   -0.350    0.467  1
RGI60-15.07046     0.04951   30.535953   79.847730   -0.373    0.484  1
RGI60-15.08084     0.04941   29.362727   98.312535   -0.928    0.478  1
RGI60-15.10759     0.04938   28.193813   90.476326   -0.033    0.363  1
RGI60-15.07725     0.04936   31.769456   99.308336   -0.178    0.746  1
RGI60-15.08735     0.04934   31.230547   79.143578   -0.166    0.358  1
RGI60-15.08696     0.04930   31.171382   78.996171   -0.273    0.318  1
RGI60-15.11583     0.04930   29.575930   96.683411   -0.001    0.359  1
RGI60-15.09336     0.04929   28.734698   85.398247   -0.130    0.439  1
RGI60-15.00128     0.04920   29.825761   99.550983   -1.223    0.597  1
RGI60-15.11292     0.04911   30.108477   96.102784   -0.428    0.677  1
RGI60-15.00580     0.04907   28.009010   97.260308    0.024    0.477  1
RGI60-15.11685     0.04907   29.707641   96.968573   -1.453    0.694  1
RGI60-15.09400     0.04906   28.426849   85.519149   -0.322    0.334  1
RGI60-15.10039     0.04899   28.203258   86.906937   -0.395    0.499  1
RGI60-15.08651     0.04898   30.383993   95.845168    0.306    0.517  1
RGI60-15.08836     0.04882   30.863505   79.887811   -0.380    0.504  1
RGI60-15.10590     0.04874   27.948433   87.591464   -0.946    0.470  1
RGI60-15.12199     0.04872   29.191505   96.298495    0.029    0.464  1
RGI60-15.10831     0.04866   28.277672   90.575495   -0.533    0.327  1
RGI60-15.12846     0.04865   29.017764   97.155673   -1.062    0.658  1
RGI60-15.12139     0.04862   29.260374   95.993384    1.681    1.288  1
RGI60-15.10159     0.04854   28.107977   86.623645    0.105    0.269  1
RGI60-15.10848     0.04841   28.277942   90.603471   -0.588    0.477  1
RGI60-15.09590     0.04828   28.343013   86.249394   -0.130    0.370  1
RGI60-15.12324     0.04824   28.864923   96.554783   -0.609    0.437  1
RGI60-15.10010     0.04820   28.133367   86.880076   -0.421    0.408  1
RGI60-15.12369     0.04804   28.258561   96.813092   -1.041    0.571  1
RGI60-15.08287     0.04790   29.592593   97.280549   -0.715    0.397  1
RGI60-15.12694     0.04772   29.480009   97.007607   -0.344    0.443  1
RGI60-15.11001     0.04760   29.797571   82.776232    0.146    0.257  1
RGI60-15.10825     0.04756   28.055658   90.570082   -0.773    0.498  1
RGI60-15.09328     0.04741   28.493407   85.354869   -0.273    0.329  1
RGI60-15.09641     0.04740   28.258318   86.205018   -0.628    0.344  1
RGI60-15.10665     0.04730   27.947031   87.815853   -0.395    0.281  1
RGI60-15.10245     0.04724   28.357568   86.431557   -0.209    0.316  1
RGI60-15.08973     0.04724   30.063906   81.156780   -0.534    0.503  1
RGI60-15.10656     0.04720   27.943116   87.775925   -0.276    0.403  1
RGI60-15.11333     0.04715   29.842874   96.218546   -1.806    0.966  1
RGI60-15.09278     0.04715   28.643801   85.186862   -0.678    0.493  1
RGI60-15.09977     0.04714   28.129554   86.804523   -0.506    0.473  1
RGI60-15.12374     0.04710   28.243802   96.859816   -0.413    0.363  1
RGI60-15.09015     0.04709   30.413626   81.309850   -0.314    0.393  1
RGI60-15.07941     0.04692   31.537547  102.668150   -0.281    0.437  1
RGI60-15.12597     0.04688   29.116294   96.728307   -0.318    0.652  1
RGI60-15.09988     0.04687   28.109067   86.825504   -0.159    0.326  1
RGI60-15.10700     0.04685   27.574001   89.160346    0.061    0.515  1
RGI60-15.12661     0.04679   29.439043   96.986275   -0.305    0.494  1
RGI60-15.11729     0.04677   29.571206   97.057365   -0.261    0.359  1
RGI60-15.12397     0.04647   28.272197   96.908610   -0.415    0.551  1
RGI60-15.11404     0.04638   29.793922   96.323065    0.283    0.914  1
RGI60-15.10381     0.04629   27.913572   88.023473   -0.418    0.319  1
RGI60-15.11725     0.04605   29.515187   97.051133   -0.567    0.496  1
RGI60-15.08634     0.04599   29.823724   96.453277   -0.776    0.554  1
RGI60-15.09936     0.04593   28.199100   86.743384    0.003    0.444  1
RGI60-15.08851     0.04592   30.780726   79.965156   -0.199    0.472  1
RGI60-15.11577     0.04592   29.605478   96.656543    0.556    0.503  1
RGI60-15.08547     0.04575   29.732267   96.855461   -0.695    0.424  1
RGI60-15.08941     0.04573   30.167207   81.062948    0.049    0.405  1
RGI60-15.12764     0.04572   29.470083   97.076360   -0.524    0.410  1
RGI60-15.08483     0.04569   29.804849   96.480468   -0.250    0.426  1
RGI60-15.11010     0.04561   29.711322   82.856106   -0.476    0.501  1
RGI60-15.07900     0.04555   29.796091  101.966737   -0.810    0.485  1
RGI60-15.10213     0.04555   28.351185   86.471046   -0.588    0.380  1
RGI60-15.07785     0.04550   29.158749  101.296435   -1.190    1.223  1
RGI60-15.11248     0.04542   30.200740   95.994347    0.008    0.482  1
RGI60-15.09780     0.04541   28.024744   86.500911   -0.597    0.436  1
RGI60-15.09586     0.04513   28.326625   86.222204   -0.282    0.463  1
RGI60-15.12953     0.04510   28.931107   97.295446   -0.627    0.470  1
RGI60-15.08088     0.04489   29.313715   98.331317   -0.362    0.597  1
RGI60-15.09710     0.04485   28.189634   86.336963   -0.945    0.536  1
RGI60-15.12356     0.04471   28.634630   96.700772   -0.245    0.606  1
RGI60-15.12584     0.04468   29.115235   96.674899   -0.887    0.666  1
RGI60-15.11715     0.04452   29.534517   97.015327   -0.548    0.407  1
RGI60-15.11303     0.04427   30.086952   96.159358   -0.220    0.531  1
RGI60-15.09017     0.04423   30.382196   81.310127   -0.060    0.428  1
RGI60-15.10397     0.04422   27.923490   88.041646    1.140    0.903  1
RGI60-15.10531     0.04413   28.204462   87.438716   -0.029    0.538  1
RGI60-15.10081     0.04411   28.138856   86.979235   -0.058    0.382  1
RGI60-15.10347     0.04400   28.010567   87.897185   -0.085    0.387  1
RGI60-15.09072     0.04399   30.247573   81.367683   -0.421    0.456  1
RGI60-15.08882     0.04396   30.585154   80.156475   -1.076    0.563  1
RGI60-15.07764     0.04391   29.198385  101.341913   -1.119    0.670  1
RGI60-15.11951     0.04386   29.307018   96.873429   -0.588    0.679  1
RGI60-15.10595     0.04385   28.141858   87.599537   -0.447    0.453  1
RGI60-15.12678     0.04382   29.444429   96.994545   -0.671    0.661  1
RGI60-15.10501     0.04341   28.260944   87.510862   -0.483    0.444  1
RGI60-15.10983     0.04329   28.772526   87.606103    0.075    0.640  1
RGI60-15.12617     0.04328   29.066347   96.851278    0.205    0.653  1
RGI60-15.09738     0.04322   28.255447   86.436805   -0.670    0.546  1
RGI60-15.08335     0.04317   29.795618   96.927084   -0.692    0.434  1
RGI60-15.13118     0.04316   30.450447   81.361378   -0.832    0.558  1
RGI60-15.08938     0.04309   30.273896   80.956457    0.064    0.259  1
RGI60-15.10168     0.04307   28.140404   86.632427   -0.001    0.451  1
RGI60-15.10122     0.04296   28.256959   87.137279   -0.750    0.569  1
RGI60-15.12988     0.04294   28.993859   97.329867   -0.033    0.420  1
RGI60-15.12196     0.04289   29.114579   96.287079    0.558    0.609  1
RGI60-15.10230     0.04287   28.331024   86.351264    0.071    0.424  1
RGI60-15.12629     0.04286   28.983666   96.906629   -1.208    0.667  1
RGI60-15.10809     0.04261   28.212288   90.540422   -0.209    0.418  1
RGI60-15.10118     0.04261   28.296975   87.113078   -0.692    0.406  1
RGI60-15.09872     0.04259   27.964714   87.147821   -0.460    0.444  1
RGI60-15.10150     0.04254   28.108073   86.602802    0.297    0.474  1
RGI60-15.10742     0.04242   28.125669   90.445013    0.105    0.371  1
RGI60-15.10694     0.04238   27.818626   88.890229   -0.842    0.568  1
RGI60-15.08268     0.04236   29.666615   97.252206   -0.341    0.303  1
RGI60-15.11538     0.04192   29.563045   96.610652    0.670    0.501  1
RGI60-15.09791     0.04186   28.173744   86.534976   -0.233    0.469  1
RGI60-15.09091     0.04170   30.350298   81.384655   -0.283    0.341  1
RGI60-15.09728     0.04160   28.191485   86.376932   -0.304    0.426  1
RGI60-15.11737     0.04158   29.662324   97.073045   -0.237    0.300  1
RGI60-15.08033     0.04156   31.261105  102.975584   -0.006    0.501  1
RGI60-15.09058     0.04151   30.211865   81.355101   -0.397    0.368  1
RGI60-15.07959     0.04146   31.242676  102.751765   -0.878    0.598  1
RGI60-15.10832     0.04142   28.280773   90.576147   -1.104    0.563  1
RGI60-15.12003     0.04132   29.593269   95.703448   -0.105    0.678  1
RGI60-15.08047     0.04126   28.318388   98.734726    0.023    0.515  1
RGI60-15.08565     0.04119   29.755200   96.880611   -0.915    0.539  1
RGI60-15.07757     0.04114   29.304839  101.259473   -0.735    0.624  1
RGI60-15.08555     0.04105   29.785157   96.866742   -0.330    0.387  1
RGI60-15.08443     0.04099   29.684127   97.097539   -0.945    0.484  1
RGI60-15.11610     0.04094   29.575378   96.865906   -0.385    0.406  1
RGI60-15.11290     0.04086   30.119158   96.101288   -0.662    0.625  1
RGI60-15.09741     0.04079   27.992174   86.320619   -0.738    0.427  1
RGI60-15.08415     0.04076   29.916808   97.053345   -0.524    0.371  1
RGI60-15.09618     0.04071   28.166482   86.169120   -0.053    0.231  1
RGI60-15.11504     0.04068   29.682636   96.502423    0.192    0.422  1
RGI60-15.09136     0.04068   28.797773   84.677742   -0.226    0.386  1
RGI60-15.12218     0.04065   28.981800   96.366524   -0.172    0.567  1
RGI60-15.09696     0.04061   28.074061   86.209886   -0.469    0.423  1
RGI60-15.09542     0.04058   28.131004   86.076293   -0.445    0.424  1
RGI60-15.11397     0.04058   29.889924   96.317418   -0.402    0.732  1
RGI60-15.08738     0.04053   31.155325   79.149095   -1.013    0.626  1
RGI60-15.11134     0.04040   29.893490   95.857025    5.153    2.652  1
RGI60-15.09257     0.04032   28.656440   85.146576   -0.323    0.310  1
RGI60-15.08531     0.04030   29.844618   96.819018   -0.161    0.469  1
RGI60-15.08105     0.04020   30.556135   97.377213   -0.215    0.389  1
RGI60-15.09461     0.04012   28.387788   85.659096   -0.420    0.366  1
RGI60-15.10516     0.04006   28.217126   87.618239   -0.429    0.472  1
RGI60-15.10176     0.03991   28.161999   86.645484    0.150    0.467  1
RGI60-15.11768     0.03990   29.734536   95.770572    1.894    0.993  1
RGI60-15.11004     0.03977   29.755761   82.811737    0.172    0.483  1
RGI60-15.12326     0.03975   28.869020   96.559048   -0.319    0.658  1
RGI60-15.10345     0.03974   27.936688   87.892114   -0.444    0.431  1
RGI60-15.09001     0.03958   30.381884   81.282909   -0.131    0.789  1
RGI60-15.11864     0.03950   29.484142   96.329629   -0.857    0.573  1
RGI60-15.10387     0.03938   27.931005   88.032202   -0.321    0.276  1
RGI60-15.11700     0.03936   29.718255   96.979629   -0.465    0.401  1
RGI60-15.09028     0.03915   30.233761   81.324710   -0.582    0.599  1
RGI60-15.07660     0.03907   31.713648   99.201343   -0.188    0.362  1
RGI60-15.07767     0.03906   29.271762  101.392585    0.033    0.534  1
RGI60-15.10231     0.03904   28.334747   86.353202   -0.097    0.527  1
RGI60-15.10336     0.03896   27.951228   87.872346   -0.136    0.321  1
RGI60-15.12012     0.03894   29.362101   95.769762    0.020    0.441  1
RGI60-15.10073     0.03875   28.191471   86.959480   -1.001    0.553  1
RGI60-15.09990     0.03872   28.105207   86.827871   -0.515    0.339  1
RGI60-15.12604     0.03871   28.956198   96.743965   -0.831    0.582  1
RGI60-15.08373     0.03867   29.739665   97.014004   -1.705    0.948  1
RGI60-15.08567     0.03861   29.749605   96.884457   -0.843    0.463  1
RGI60-15.10777     0.03861   28.087830   90.499319   -0.145    0.260  1
RGI60-15.10311     0.03860   28.581812   88.700961    0.619    0.467  1
RGI60-15.11697     0.03851   29.541561   96.977362   -0.411    0.383  1
RGI60-15.08346     0.03834   29.859030   96.949309   -0.435    0.364  1
RGI60-15.10771     0.03828   28.230328   90.492623   -0.507    0.476  1
RGI60-15.09646     0.03823   28.232451   86.210515   -0.175    0.382  1
RGI60-15.11937     0.03822   29.237517   96.777356   -0.207    0.527  1
RGI60-15.08545     0.03815   29.755841   96.854325   -0.846    0.518  1
RGI60-15.10152     0.03813   28.089729   86.607085    0.027    0.365  1
RGI60-15.08853     0.03813   30.764359   79.983359   -1.210    0.999  1
RGI60-15.08513     0.03811   29.762552   96.765843   -0.190    0.602  1
RGI60-15.09210     0.03809   28.730884   85.093031   -0.615    0.556  1
RGI60-15.09699     0.03803   28.106834   86.260008   -0.737    0.435  1
RGI60-15.12170     0.03793   29.247764   96.170741    0.354    0.801  1
RGI60-15.11726     0.03781   29.609286   97.052242   -0.325    0.365  1
RGI60-15.08577     0.03780   29.687653   96.902694   -1.240    0.708  1
RGI60-15.10111     0.03779   28.215262   87.060263   -0.720    0.681  1
RGI60-15.08708     0.03770   31.073776   79.028510   -0.145    0.349  1
RGI60-15.09374     0.03759   28.600105   85.464177   -0.170    0.339  1
RGI60-15.11294     0.03756   30.144764   96.114140   -0.813    0.675  1
RGI60-15.08241     0.03748   29.562896   97.201485   -0.865    0.522  1
RGI60-15.09002     0.03745   30.372539   81.283165    0.030    0.331  1
RGI60-15.08656     0.03733   30.387232   95.858095   -0.220    0.527  1
RGI60-15.10296     0.03692   28.480494   85.682754   -0.361    0.355  1
RGI60-15.12576     0.03686   29.058842   96.667229   -0.326    0.612  1
RGI60-15.13108     0.03675   31.259661   79.215430   -0.081    0.217  1
RGI60-15.07960     0.03662   31.244111  102.753583   -0.068    0.530  1
RGI60-15.09917     0.03650   28.000697   87.331361   -0.410    0.343  1
RGI60-15.08427     0.03630   29.899574   97.063418   -0.563    0.521  1
RGI60-15.11663     0.03624   29.630862   96.946658    0.031    0.483  1
RGI60-15.09993     0.03622   28.115077   86.830937   -0.090    0.284  1
RGI60-15.09057     0.03619   30.277820   81.354166   -0.307    0.521  1
RGI60-15.08598     0.03611   29.660788   96.937547   -1.017    0.619  1
RGI60-15.12698     0.03604   29.475148   97.008546   -0.296    0.448  1
RGI60-15.13016     0.03601   29.455234   97.349628   -0.588    0.416  1
RGI60-15.07995     0.03598   31.108912  102.995465   -0.667    0.467  1
RGI60-15.11586     0.03589   29.560191   96.703738    0.162    0.604  1
RGI60-15.08021     0.03578   31.250565  102.849519   -0.197    0.487  1
RGI60-15.09471     0.03574   28.100305   85.938355   -1.003    0.610  1
RGI60-15.08201     0.03561   29.628864   97.130677   -0.402    0.444  1
RGI60-15.10551     0.03550   28.185534   87.495990   -0.401    0.417  1
RGI60-15.08637     0.03549   29.845502   96.462018   -0.059    0.408  1
RGI60-15.12722     0.03545   29.181784   97.038806   -0.803    0.636  1
RGI60-15.10951     0.03544   27.981077   89.450649   -0.732    0.467  1
RGI60-15.07838     0.03532   29.400106  101.830286    0.063    0.269  1
RGI60-15.09915     0.03532   27.851868   87.262793    0.003    0.373  1
RGI60-15.10365     0.03532   27.952747   87.972196    0.096    0.302  1
RGI60-15.12383     0.03531   28.277779   96.881971   -0.870    0.626  1
RGI60-15.10000     0.03531   28.074875   86.837151    0.386    0.462  1
RGI60-15.11939     0.03530   29.232566   96.780229    0.337    0.625  1
RGI60-15.12375     0.03530   28.485790   96.863087   -0.550    0.613  1
RGI60-15.08974     0.03517   30.062488   81.161560   -0.192    0.348  1
RGI60-15.13052     0.03514   29.182240   97.452239   -0.331    0.391  1
RGI60-15.08017     0.03509   31.263808  102.819412   -0.947    0.606  1
RGI60-15.10121     0.03509   28.255455   87.136563   -0.712    0.487  1
RGI60-15.11005     0.03504   29.757560   82.811950    0.067    0.497  1
RGI60-15.09511     0.03495   28.374078   85.839924   -0.341    0.597  1
RGI60-15.08462     0.03483   29.745614   97.158157   -0.266    0.258  1
RGI60-15.11388     0.03483   29.921798   96.307807   -1.199    0.912  1
RGI60-15.10808     0.03482   28.145557   90.538268   -0.221    0.302  1
RGI60-15.09667     0.03481   28.129244   86.243655    0.203    0.231  1
RGI60-15.10509     0.03481   28.267428   87.584556   -0.616    0.459  1
RGI60-15.10199     0.03476   28.217605   86.687896   -0.090    0.451  1
RGI60-15.11324     0.03466   30.022830   96.203926   -0.920    0.822  1
RGI60-15.09014     0.03460   30.292683   81.309323   -0.173    0.545  1
RGI60-15.10666     0.03453   27.980266   87.816102   -0.223    0.279  1
RGI60-15.08494     0.03443   29.762457   96.549183   -0.520    0.466  1
RGI60-15.09170     0.03442   28.804188   84.874454   -0.332    0.364  1
RGI60-15.10596     0.03438   28.141165   87.603471   -0.446    0.526  1
RGI60-15.11383     0.03432   29.716350   96.301153   -0.036    0.577  1
RGI60-15.08465     0.03431   29.680997   97.163591   -0.999    0.535  1
RGI60-15.08730     0.03427   31.050975   79.120543    0.064    0.519  1
RGI60-15.08312     0.03407   29.767080   97.196390   -0.072    0.478  1
RGI60-15.10624     0.03403   27.918891   87.714167   -0.594    0.378  1
RGI60-15.09397     0.03400   28.378602   85.513300   -0.071    0.522  1
RGI60-15.12333     0.03394   28.834625   96.598592   -0.555    0.603  1
RGI60-15.09070     0.03394   30.223529   81.367476    0.196    0.374  1
RGI60-15.08520     0.03387   29.745305   96.799750   -0.783    0.591  1
RGI60-15.12279     0.03365   29.216756   96.293500    0.030    0.510  1
RGI60-15.11668     0.03363   29.517057   96.953939   -0.817    0.697  1
RGI60-15.07852     0.03362   29.271086  101.858983   -1.011    0.688  1
RGI60-15.09575     0.03359   28.311354   86.171425   -0.378    0.396  1
RGI60-15.09983     0.03338   28.094199   86.820914   -0.390    0.436  1
RGI60-15.11089     0.03337   30.361250   95.825635    0.045    0.468  1
RGI60-15.09613     0.03336   28.204539   86.136282   -0.823    0.553  1
RGI60-15.11332     0.03335   29.829115   96.217435   -0.433    0.843  1
RGI60-15.09840     0.03309   28.203184   87.079401   -1.070    0.807  1
RGI60-15.10521     0.03304   28.249580   87.634461   -0.171    0.251  1
RGI60-15.09702     0.03302   28.101824   86.274230   -0.394    0.401  1
RGI60-15.10375     0.03299   28.015146   87.990249   -0.787    0.611  1
RGI60-15.12849     0.03296   29.019318   97.158561   -0.096    0.577  1
RGI60-15.13109     0.03283   31.273672   79.217857   -0.084    0.381  1
RGI60-15.09579     0.03282   28.305323   86.179878   -1.053    0.798  1
RGI60-15.09413     0.03278   28.472030   85.548474   -0.968    0.851  1
RGI60-15.09630     0.03260   28.213722   86.164511   -1.155    0.617  1
RGI60-15.10260     0.03257   28.403197   85.780422    0.181    0.386  1
RGI60-15.08814     0.03253   31.082114   79.375824   -0.272    0.329  1
RGI60-15.12343     0.03248   28.699228   96.653887   -0.047    0.487  1
RGI60-15.08750     0.03225   31.215810   79.170955    0.065    0.377  1
RGI60-15.08704     0.03222   31.320192   79.018793   -0.021    0.389  1
RGI60-15.11512     0.03213   29.596423   96.516100    0.102    0.620  1
RGI60-15.10530     0.03208   28.193244   87.435090   -0.459    0.541  1
RGI60-15.07815     0.03197   29.420426  101.783168   -0.305    0.440  1
RGI60-15.10098     0.03194   28.196222   87.024406    0.022    0.530  1
RGI60-15.10555     0.03193   28.251841   87.513493   -0.743    0.564  1
RGI60-15.09577     0.03183   28.326012   86.175816   -0.013    0.493  1
RGI60-15.09163     0.03174   28.849291   84.790068   -0.105    0.388  1
RGI60-15.07819     0.03170   29.448218  101.791787   -0.789    0.657  1
RGI60-15.12254     0.03146   29.352715   96.144962    1.479    1.041  1
RGI60-15.09221     0.03141   28.955195   85.027963   -0.881    0.679  1
RGI60-15.09032     0.03133   30.351995   81.336757   -0.141    0.439  1
RGI60-15.09530     0.03130   28.107779   86.054273    0.129    0.410  1
RGI60-15.13100     0.03123   31.050486   79.438145   -0.191    0.371  1
RGI60-15.09812     0.03121   28.137848   87.025374    0.005    0.448  1
RGI60-15.08208     0.03121   29.612471   97.143404   -0.197    0.297  1
RGI60-15.12649     0.03119   29.357843   96.961287   -0.016    0.492  1
RGI60-15.12142     0.03115   29.283524   96.001206   -0.275    1.070  1
RGI60-15.12321     0.03109   28.958031   96.518212   -0.086    0.722  1
RGI60-15.08590     0.03108   29.655518   96.919201   -0.596    0.496  1
RGI60-15.09987     0.03099   28.113083   86.826168   -0.120    0.431  1
RGI60-15.08610     0.03091   29.947731   96.985710   -0.303    0.319  1
RGI60-15.11933     0.03063   29.414490   96.767874    0.111    0.521  1
RGI60-15.08524     0.03062   29.844880   96.808536    0.125    0.460  1
RGI60-15.11224     0.03042   30.218584   95.943325   -0.071    0.641  1
RGI60-15.09974     0.03031   28.179574   86.801641    0.030    0.500  1
RGI60-15.08197     0.03022   29.587466   97.125793   -0.498    0.533  1
RGI60-15.13101     0.03021   31.047069   79.438860   -0.161    0.409  1
RGI60-15.10427     0.03016   28.051077   88.097624   -0.146    0.303  1
RGI60-15.09654     0.03008   28.209403   86.221496   -0.592    0.518  1
RGI60-15.10170     0.02996   28.097291   86.632629    0.293    0.524  1
RGI60-15.08840     0.02989   30.848959   79.905044    0.254    0.497  1
RGI60-15.07957     0.02981   31.143258  102.744581    0.301    0.888  1
RGI60-15.08251     0.02975   29.619630   97.223598   -0.259    0.544  1
RGI60-15.11875     0.02974   29.584655   96.369650   -0.399    0.658  1
RGI60-15.08589     0.02963   29.799974   96.917998   -0.505    0.380  1
RGI60-15.08719     0.02950   31.070851   79.103834    0.354    0.523  1
RGI60-15.08529     0.02944   29.768249   96.818299   -0.528    0.461  1
RGI60-15.08622     0.02938   29.883077   96.416379   -0.260    0.473  1
RGI60-15.07640     0.02938   27.118773  100.160436   -1.395    0.831  1
RGI60-15.08638     0.02936   29.805259   96.467403   -0.473    0.469  1
RGI60-15.12135     0.02935   29.282198   95.990967    0.021    0.865  1
RGI60-15.09234     0.02931   28.928280   85.078263    0.092    0.496  1
RGI60-15.10364     0.02925   27.950796   87.967580   -0.041    0.283  1
RGI60-15.09169     0.02912   28.806065   84.870597   -0.678    0.560  1
RGI60-15.10622     0.02911   27.873819   87.712580   -1.215    0.781  1
RGI60-15.09777     0.02909   28.062191   86.495469    0.556    0.971  1
RGI60-15.07992     0.02898   31.165272  102.939886   -0.096    0.279  1
RGI60-15.09527     0.02894   28.039862   86.051064   -0.651    0.415  1
RGI60-15.08725     0.02890   31.040947   79.113251   -0.002    0.267  1
RGI60-15.12209     0.02889   29.040385   96.324285    0.265    0.485  1
RGI60-15.07856     0.02885   29.286399  101.878174   -0.498    0.536  1
RGI60-15.08890     0.02873   30.650695   80.188533    0.564    0.536  1
RGI60-15.11632     0.02866   29.613062   96.909629   -0.728    0.655  1
RGI60-15.11121     0.02864   30.257541   95.846288    0.051    0.558  1
RGI60-15.09515     0.02858   28.375056   85.849685   -0.151    0.603  1
RGI60-15.08780     0.02857   31.049917   79.285629   -0.199    0.536  1
RGI60-15.07691     0.02842   31.641647   99.607953   -0.372    0.636  1
RGI60-15.07932     0.02833   31.103447  101.266118   -0.296    0.397  1
RGI60-15.07789     0.02831   29.187235  101.303649   -1.000    0.839  1
RGI60-15.08274     0.02827   29.584486   97.262711   -0.743    0.555  1
RGI60-15.08546     0.02824   29.709111   96.854714   -0.501    0.489  1
RGI60-15.08579     0.02816   29.724255   96.904333   -0.344    0.500  1
RGI60-15.09063     0.02816   30.215742   81.360474   -0.127    0.412  1
RGI60-15.10415     0.02800   27.926809   88.073699   -0.271    0.359  1
RGI60-15.11952     0.02800   29.309960   96.873334   -0.891    0.744  1
RGI60-15.11679     0.02794   29.622815   96.961555   -0.527    0.587  1
RGI60-15.09080     0.02785   30.275065   81.374417   -0.302    0.438  1
RGI60-15.12583     0.02785   29.112781   96.673517   -0.154    0.713  1
RGI60-15.08030     0.02782   31.704036  102.912186    0.062    0.608  1
RGI60-15.09830     0.02777   28.028703   87.056985   -0.409    0.350  1
RGI60-15.08800     0.02776   31.030404   79.310110    0.116    0.494  1
RGI60-15.09845     0.02774   28.162573   87.085039    0.379    0.454  1
RGI60-15.08710     0.02741   31.366717   79.039179    0.065    0.355  1
RGI60-15.11814     0.02739   29.607427   96.029210   -0.060    0.776  1
RGI60-15.07638     0.02737   27.097195  100.187607   -0.621    0.719  1
RGI60-15.08551     0.02729   29.875459   96.862515   -0.533    0.499  1
RGI60-15.11295     0.02724   30.145020   96.115801    0.649    0.792  1
RGI60-15.08669     0.02704   30.520058   97.294374   -0.491    0.545  1
RGI60-15.10099     0.02703   28.178681   87.024896   -0.491    0.463  1
RGI60-15.10654     0.02701   27.906678   87.773685   -0.417    0.446  1
RGI60-15.10021     0.02681   28.122100   86.892154   -0.097    0.461  1
RGI60-15.08452     0.02677   29.708892   97.134873   -1.036    0.736  1
RGI60-15.10113     0.02668   28.213993   87.063038   -0.066    0.519  1
RGI60-15.10502     0.02632   28.262048   87.513723   -0.331    0.485  1
RGI60-15.10657     0.02631   27.944282   87.780718   -0.636    0.637  1
RGI60-15.09382     0.02611   28.454762   85.497455   -0.297    0.440  1
RGI60-15.09981     0.02601   28.093892   86.816557   -0.508    0.536  1
RGI60-15.10013     0.02601   28.198944   86.883860   -0.717    0.629  1
RGI60-15.09031     0.02588   30.295955   81.329388   -0.435    0.612  1
RGI60-15.09864     0.02584   28.040325   87.115187   -0.484    0.515  1
RGI60-15.10992     0.02576   29.631900   83.046002   -1.212    0.818  1
RGI60-15.09004     0.02570   30.381935   81.287037   -0.463    0.642  1
RGI60-15.09132     0.02566   28.795810   84.671972   -0.479    0.441  1
RGI60-15.11049     0.02558   30.367898   95.774049   -0.184    0.607  1
RGI60-15.08935     0.02556   30.277444   80.931899    0.156    0.600  1
RGI60-15.13111     0.02555   31.265498   79.224959   -0.966    0.680  1
RGI60-15.12102     0.02534   29.408518   96.022107    0.215    0.779  1
RGI60-15.08912     0.02522   30.359141   80.799945    0.026    0.474  1
RGI60-15.09024     0.02520   30.270154   81.320423   -0.084    0.440  1
RGI60-15.08690     0.02520   31.197718   78.980623   -0.046    0.471  1
RGI60-15.13095     0.02515   30.796212   80.108994    0.150    0.627  1
RGI60-15.09698     0.02510   28.092571   86.235849   -0.145    0.324  1
RGI60-15.09180     0.02504   28.766529   84.902601    0.090    0.476  1
RGI60-15.13112     0.02500   31.270598   79.236553    0.110    0.313  1
RGI60-15.10901     0.02499   28.305809   90.766491   -0.845    0.590  1
RGI60-15.12205     0.02498   29.050868   96.317403    0.387    0.556  1
RGI60-15.08284     0.02497   29.589370   97.275473   -0.870    0.699  1
RGI60-15.09642     0.02490   28.254255   86.205484   -0.493    0.462  1
RGI60-15.10655     0.02480   27.908620   87.775743   -0.550    0.536  1
RGI60-15.09102     0.02469   30.281161   81.403584   -0.034    0.584  1
RGI60-15.10012     0.02465   28.127073   86.883563   -0.116    0.393  1
RGI60-15.12325     0.02465   28.866962   96.557710   -0.311    0.530  1
RGI60-15.12555     0.02461   29.235146   96.624746    0.517    0.748  1
RGI60-15.09947     0.02460   28.217425   86.759017   -0.611    0.633  1
RGI60-15.08601     0.02460   29.866555   96.946636   -0.492    0.586  1
RGI60-15.10687     0.02445   27.938958   88.878043    0.063    0.360  1
RGI60-15.11475     0.02439   29.663858   96.441900   -0.426    0.567  1
RGI60-15.08387     0.02437   29.731102   97.024751   -0.237    0.388  1
RGI60-15.08522     0.02436   29.745911   96.803402   -0.460    0.467  1
RGI60-15.11936     0.02435   29.239886   96.776851   -0.199    0.584  1
RGI60-15.11021     0.02433   29.890909   82.671560    0.287    0.693  1
RGI60-15.08600     0.02429   29.678144   96.944393    0.150    0.505  1
RGI60-15.08102     0.02424   30.573904   97.361978    0.005    0.551  1
RGI60-15.09518     0.02420   28.383688   85.861536   -0.767    0.529  1
RGI60-15.08351     0.02416   29.762339   96.958734   -0.583    0.544  1
RGI60-15.13105     0.02414   31.248330   79.206250    0.307    0.520  1
RGI60-15.10349     0.02402   28.040528   87.903907   -0.028    0.255  1
RGI60-15.10669     0.02384   27.973594   87.834228   -0.648    0.515  1
RGI60-15.10830     0.02379   28.266714   90.574949   -0.080    0.320  1
RGI60-15.08887     0.02365   30.659074   80.180007    0.025    0.426  1
RGI60-15.08658     0.02343   30.388008   95.862793    0.356    0.642  1
RGI60-15.10324     0.02332   28.222261   87.643054   -0.072    0.566  1
RGI60-15.08777     0.02332   31.132405   79.273127   -0.193    0.371  1
RGI60-15.09222     0.02328   28.961847   85.029156   -0.145    0.617  1
RGI60-15.11590     0.02327   29.605147   96.818455   -0.833    0.667  1
RGI60-15.11692     0.02312   29.718151   96.973282   -0.957    0.630  1
RGI60-15.10309     0.02308   28.834213   87.479052   -0.307    0.451  1
RGI60-15.12260     0.02307   29.332015   96.179518    0.545    0.860  1
RGI60-15.10166     0.02295   28.095102   86.629859   -0.089    0.375  1
RGI60-15.10395     0.02279   28.032988   88.040555    0.137    0.495  1
RGI60-15.10514     0.02277   28.220515   87.612642   -0.354    0.364  1
RGI60-15.09134     0.02272   28.787938   84.675839   -0.763    0.618  1
RGI60-15.09644     0.02268   28.246098   86.208658   -0.618    0.474  1
RGI60-15.10500     0.02263   28.286320   87.661093   -0.728    0.620  1
RGI60-15.10996     0.02245   29.785407   82.764477   -0.063    0.492  1
RGI60-15.10422     0.02239   28.021820   88.091012   -0.028    0.384  1
RGI60-15.11436     0.02218   29.922979   96.373723   -0.718    0.696  1
RGI60-15.08737     0.02216   31.173917   79.145367   -0.216    0.430  1
RGI60-15.11669     0.02215   29.672726   96.955010   -0.503    0.574  1
RGI60-15.08837     0.02197   30.862710   79.892280    0.124    0.546  1
RGI60-15.10071     0.02188   28.163333   86.957699   -0.191    0.470  1
RGI60-15.08558     0.02177   29.902610   96.872165    0.026    0.254  1
RGI60-15.10432     0.02176   27.972859   88.105106   -0.282    0.404  1
RGI60-15.10492     0.02159   28.267608   87.591457   -0.485    0.518  1
RGI60-15.11948     0.02137   29.199908   96.837252   -1.068    0.985  1
RGI60-15.11852     0.02127   29.509920   96.248861    0.556    0.732  1
RGI60-15.08605     0.02101   29.922593   96.958695   -0.700    0.639  1
RGI60-15.08918     0.02095   30.395194   80.822515    0.019    0.553  1
RGI60-15.11559     0.02084   29.676301   96.633187   -0.172    0.610  1
RGI60-15.11428     0.02049   29.859663   96.363632   -0.124    0.411  1
RGI60-15.08514     0.02026   29.747021   96.770876   -0.889    0.785  1
RGI60-15.10484     0.02013   28.008294   88.429278   -0.642    0.528  1
RGI60-15.08705     0.01993   31.374415   79.023686    0.045    0.329  1
RGI60-15.08679     0.01993   31.236493   78.953246   -0.158    0.602  1
RGI60-15.08847     0.01979   30.834516   79.932362    0.303    0.437  1
RGI60-15.12820     0.01970   28.754175   97.114791   -1.011    0.880  1
RGI60-15.11570     0.01967   29.708038   96.646531   -0.680    0.663  1
RGI60-15.09275     0.01961   28.646189   85.181085   -0.099    0.391  1
RGI60-15.09212     0.01958   28.726347   85.100228   -0.559    0.764  1
RGI60-15.08865     0.01957   30.756485   80.061614   -0.676    0.735  1
RGI60-15.13098     0.01947   31.052916   79.436251   -0.108    0.430  1
RGI60-15.09000     0.01946   30.381781   81.280182   -0.664    0.810  1
RGI60-15.09061     0.01936   30.245002   81.359080   -0.107    0.424  1
RGI60-15.09183     0.01901   28.794160   84.909673   -0.930    0.930  1
RGI60-15.13114     0.01868   31.426148   79.143351   -0.134    0.233  1
RGI60-15.12485     0.01865   29.303635   96.423586    0.256    0.688  1
RGI60-15.09640     0.01857   28.252250   86.204387   -0.386    0.611  1
RGI60-15.09237     0.01844   28.926855   85.090554   -0.497    0.667  1
RGI60-15.09062     0.01828   30.367114   81.359622   -0.303    0.561  1
RGI60-15.08927     0.01813   30.306183   80.887580    0.201    0.474  1
RGI60-15.08886     0.01813   30.662290   80.174202    0.184    0.340  1
RGI60-15.09027     0.01783   30.383563   81.323872   -0.333    0.578  1
RGI60-15.13029     0.01778   28.854084   97.359933   -0.020    0.538  1
RGI60-15.10203     0.01777   28.232279   86.694975   -0.235    0.410  1
RGI60-15.08794     0.01776   31.030416   79.305570   -0.122    0.425  1
RGI60-15.10619     0.01758   27.876836   87.708650   -0.169    0.434  1
RGI60-15.09051     0.01755   30.251553   81.352903   -0.218    0.345  1
RGI60-15.10421     0.01740   28.017707   88.090226    1.082    0.992  1
RGI60-15.10043     0.01701   28.077698   86.909950   -0.409    0.478  1
RGI60-15.09033     0.01684   30.304029   81.338573   -0.168    0.572  1
RGI60-15.09079     0.01675   30.371181   81.373771    0.096    0.524  1
RGI60-15.11496     0.01675   29.659841   96.470107   -0.238    0.511  1
RGI60-15.09019     0.01661   30.336790   81.312069   -0.178    0.480  1
RGI60-15.10074     0.01658   28.187094   86.960211   -0.610    0.500  1
RGI60-15.10167     0.01615   28.095611   86.632037    0.180    0.356  1
RGI60-15.10838     0.01614   28.115489   90.581872    0.761    0.930  1
RGI60-15.10538     0.01590   28.139518   87.471788   -0.417    0.584  1
RGI60-15.09137     0.01583   28.797332   84.679941   -0.143    0.487  1
RGI60-15.09979     0.01565   28.144595   86.807569   -0.598    0.583  1
RGI60-15.10100     0.01564   28.194346   87.025681   -0.006    0.406  1
RGI60-15.08497     0.01523   29.738713   96.559660   -0.504    0.535  1
RGI60-15.09213     0.01473   28.725195   85.102132    0.024    0.640  1
RGI60-15.10855     0.01471   28.261951   90.609913   -0.134    0.521  1
RGI60-15.09580     0.01464   28.321800   86.179239   -0.091    0.298  1
RGI60-15.10086     0.01452   28.167647   86.985718   -0.521    0.648  1
RGI60-15.08789     0.01413   31.190363   79.302539    0.051    0.311  1
RGI60-15.09073     0.01343   30.277335   81.368727    0.019    0.353  1
RGI60-15.08770     0.01313   31.169403   79.241042   -0.060    0.306  1
RGI60-15.08695     0.01271   31.169362   78.995297   -0.186    0.531  1
RGI60-15.08813     0.01259   31.078306   79.372689   -0.036    0.355  1
RGI60-15.10643     0.01213   27.924259   87.739011   -0.453    0.693  1
RGI60-15.09949     0.01149   28.165724   86.773165   -0.191    0.317  1
RGI60-15.09009     0.01127   30.381685   81.294489   -0.623    0.785  1
RGI60-15.09228     0.01067   28.944146   85.061675   -0.338    0.561  1
RGI60-15.11994     1.44233   29.582789   95.627636   -0.467    0.182  2
RGI60-15.08074     1.00296   29.185908   98.461229   -0.467    0.182  2
RGI60-15.12460     0.65371   29.356747   96.360222   -0.467    0.182  2
RGI60-15.03884     0.56118   27.771470   86.975278   -0.467    0.182  2
RGI60-15.07125     0.55905   30.926646   78.993410   -0.467    0.182  2
RGI60-15.12026     0.54779   29.578158   95.794801   -0.467    0.182  2
RGI60-15.04017     0.48553   28.552619   84.920381   -0.467    0.182  2
RGI60-15.12031     0.45319   29.581345   95.802681   -0.467    0.182  2
RGI60-15.11777     0.41813   29.750048   95.808206   -0.467    0.182  2
RGI60-15.11762     0.41704   29.675621   95.742249   -0.467    0.182  2
RGI60-15.06919     0.36765   30.856949   79.035556   -0.467    0.182  2
RGI60-15.01079     0.35989   30.350839   95.341541   -0.467    0.182  2
RGI60-15.11774     0.34679   29.744297   95.801817   -0.467    0.182  2
RGI60-15.05597     0.32171   29.239390   82.886893   -0.467    0.182  2
RGI60-15.01260     0.32098   29.568183   95.208142   -0.467    0.182  2
RGI60-15.11754     0.30793   29.799569   95.674419   -0.467    0.182  2
RGI60-15.05596     0.30563   29.234564   82.892725   -0.467    0.182  2
RGI60-15.12482     0.29900   29.246393   96.417168   -0.467    0.182  2
RGI60-15.08955     0.29624   30.054985   81.095398   -0.467    0.182  2
RGI60-15.06337     0.28495   30.202390   80.748215   -0.467    0.182  2
RGI60-15.05448     0.27744   29.222703   82.743951   -0.467    0.182  2
RGI60-15.02776     0.27562   27.683893   88.026335   -0.467    0.182  2
RGI60-15.11756     0.27453   29.806586   95.679599   -0.467    0.182  2
RGI60-15.02760     0.26525   27.688768   88.072744   -0.467    0.182  2
RGI60-15.07103     0.25610   30.749470   79.703915   -0.467    0.182  2
RGI60-15.07883     0.25412   29.715599  101.901652   -0.467    0.182  2
RGI60-15.11171     0.25170   29.907057   95.896152   -0.467    0.182  2
RGI60-15.09902     0.25152   27.824165   87.206491   -0.467    0.182  2
RGI60-15.05920     0.24193   29.948932   81.114532   -0.467    0.182  2
RGI60-15.12486     0.23855   29.250846   96.424753   -0.467    0.182  2
RGI60-15.05468     0.23555   29.387059   82.661170   -0.467    0.182  2
RGI60-15.05502     0.23427   29.253516   82.862420   -0.467    0.182  2
RGI60-15.12036     0.22212   29.587024   95.813532   -0.467    0.182  2
RGI60-15.03811     0.21836   27.745550   86.812306   -0.467    0.182  2
RGI60-15.11995     0.20351   29.594645   95.629474   -0.467    0.182  2
RGI60-15.06052     0.20164   29.980792   81.017525   -0.467    0.182  2
RGI60-15.01497     0.20088   27.848809   92.538207   -0.467    0.182  2
RGI60-15.11128     0.19637   29.847605   95.853005   -0.467    0.182  2
RGI60-15.12489     0.19428   29.256004   96.428093   -0.467    0.182  2
RGI60-15.03876     0.19274   27.894848   86.781388   -0.467    0.182  2
RGI60-15.05592     0.18922   29.254499   82.790683   -0.467    0.182  2
RGI60-15.02775     0.18689   27.685447   88.007875   -0.467    0.182  2
RGI60-15.12832     0.18151   28.914345   97.126738   -0.467    0.182  2
RGI60-15.07104     0.17432   30.748016   79.707857   -0.467    0.182  2
RGI60-15.05526     0.17239   29.243219   82.864963   -0.467    0.182  2
RGI60-15.11167     0.16784   29.896899   95.892150   -0.467    0.182  2
RGI60-15.00228     0.16267   28.308660   97.454233   -0.467    0.182  2
RGI60-15.05469     0.16176   29.330392   82.768450   -0.467    0.182  2
RGI60-15.01227     0.15376   29.999369   95.168118   -0.467    0.182  2
RGI60-15.05534     0.15299   29.418664   82.591755   -0.467    0.182  2
RGI60-15.12022     0.15266   29.622876   95.788782   -0.467    0.182  2
RGI60-15.11320     0.15174   29.925127   96.200020   -0.467    0.182  2
RGI60-15.11052     0.15070   29.963785   95.779400   -0.467    0.182  2
RGI60-15.03870     0.14904   27.768990   87.071556   -0.467    0.182  2
RGI60-15.07054     0.14414   30.603011   79.959924   -0.467    0.182  2
RGI60-15.05569     0.14345   29.124852   82.716805   -0.467    0.182  2
RGI60-15.05641     0.14270   29.452003   82.715943   -0.467    0.182  2
RGI60-15.04043     0.14239   28.243825   85.663099   -0.467    0.182  2
RGI60-15.02781     0.14123   27.693127   87.988420   -0.467    0.182  2
RGI60-15.03513     0.13902   27.776725   86.563967   -0.467    0.182  2
RGI60-15.06294     0.13803   29.815163   81.155017   -0.467    0.182  2
RGI60-15.05481     0.13708   29.446180   82.644509   -0.467    0.182  2
RGI60-15.10939     0.13537   27.828334   89.263707   -0.467    0.182  2
RGI60-15.01160     0.13038   30.267728   95.529419   -0.467    0.182  2
RGI60-15.05476     0.12751   29.454821   82.585021   -0.467    0.182  2
RGI60-15.12546     0.12749   29.192377   96.594746   -0.467    0.182  2
RGI60-15.03042     0.12739   27.952713   88.833548   -0.467    0.182  2
RGI60-15.03834     0.12256   27.798526   87.174493   -0.467    0.182  2
RGI60-15.05904     0.12226   29.817596   81.385141   -0.467    0.182  2
RGI60-15.12488     0.11860   29.260484   96.428292   -0.467    0.182  2
RGI60-15.11811     0.11853   29.702269   95.976758   -0.467    0.182  2
RGI60-15.04576     0.11750   28.775220   83.570537   -0.467    0.182  2
RGI60-15.11992     0.11602   29.575469   95.624391   -0.467    0.182  2
RGI60-15.11835     0.11530   29.685736   96.115412   -0.467    0.182  2
RGI60-15.03857     0.11379   27.978107   86.760004   -0.467    0.182  2
RGI60-15.12440     0.11294   29.303234   96.310381   -0.467    0.182  2
RGI60-15.06302     0.11273   29.840550   81.475840   -0.467    0.182  2
RGI60-15.02673     0.10838   27.787264   89.554994   -0.467    0.182  2
RGI60-15.00225     0.10816   28.322399   97.584805   -0.467    0.182  2
RGI60-15.03877     0.10456   27.896680   86.783748   -0.467    0.182  2
RGI60-15.04557     0.10291   28.536405   83.975399   -0.467    0.182  2
RGI60-15.03514     0.10285   27.775110   86.568325   -0.467    0.182  2
RGI60-15.02053     0.10075   28.001257   91.602557   -0.467    0.182  2
RGI60-15.11993     0.09991   29.594282   95.625335   -0.467    0.182  2
RGI60-15.04077     0.09917   28.245853   85.667213   -0.467    0.182  2
RGI60-15.11841     0.09832   29.659094   96.145300   -0.467    0.182  2
RGI60-15.03871     0.09747   27.767937   87.067771   -0.467    0.182  2
RGI60-15.04248     0.09690   28.145201   85.718038   -0.467    0.182  2
RGI60-15.05480     0.09570   29.449350   82.647595   -0.467    0.182  2
RGI60-15.06121     0.09191   30.013104   80.873946   -0.467    0.182  2
RGI60-15.05458     0.08957   29.290219   82.735124   -0.467    0.182  2
RGI60-15.03813     0.08904   27.747588   86.828971   -0.467    0.182  2
RGI60-15.09552     0.08888   28.072531   86.084228   -0.467    0.182  2
RGI60-15.04244     0.08550   28.208452   85.700986   -0.467    0.182  2
RGI60-15.07057     0.08413   30.615647   79.974409   -0.467    0.182  2
RGI60-15.05506     0.08404   29.395246   82.614981   -0.467    0.182  2
RGI60-15.05045     0.08364   28.836904   83.526051   -0.467    0.182  2
RGI60-15.04243     0.08313   28.211269   85.700528   -0.467    0.182  2
RGI60-15.06118     0.08297   29.945757   80.855439   -0.467    0.182  2
RGI60-15.01163     0.08275   30.285980   95.514469   -0.467    0.182  2
RGI60-15.01437     0.08103   28.292501   93.011411   -0.467    0.182  2
RGI60-15.01162     0.08102   30.294880   95.512420   -0.467    0.182  2
RGI60-15.04231     0.08025   28.166930   85.665400   -0.467    0.182  2
RGI60-15.03816     0.08017   27.710991   86.792686   -0.467    0.182  2
RGI60-15.07127     0.07939   30.673073   79.776733   -0.467    0.182  2
RGI60-15.10709     0.07753   27.824182   89.264191   -0.467    0.182  2
RGI60-15.11101     0.07744   29.981367   95.834013   -0.467    0.182  2
RGI60-15.11108     0.07713   29.959600   95.840221   -0.467    0.182  2
RGI60-15.03232     0.07570   27.511337   88.290956   -0.467    0.182  2
RGI60-15.05733     0.07500   29.466405   82.554301   -0.467    0.182  2
RGI60-15.04109     0.07305   28.540009   84.671432   -0.467    0.182  2
RGI60-15.07980     0.07262   30.586950  102.169784   -0.467    0.182  2
RGI60-15.06267     0.07227   29.802425   81.403025   -0.467    0.182  2
RGI60-15.03900     0.07215   28.045162   86.694205   -0.467    0.182  2
RGI60-15.05960     0.07212   29.855921   80.996622   -0.467    0.182  2
RGI60-15.00903     0.07046   30.237705   95.621354   -0.467    0.182  2
RGI60-15.12480     0.06992   29.250503   96.415083   -0.467    0.182  2
RGI60-15.12469     0.06978   29.231456   96.390331   -0.467    0.182  2
RGI60-15.03574     0.06954   27.796380   86.894143   -0.467    0.182  2
RGI60-15.11062     0.06794   30.019127   95.787199   -0.467    0.182  2
RGI60-15.04245     0.06733   28.208186   85.703343   -0.467    0.182  2
RGI60-15.04015     0.06652   28.522576   84.921346   -0.467    0.182  2
RGI60-15.05593     0.06573   29.192516   82.895793   -0.467    0.182  2
RGI60-15.04241     0.06501   28.199355   85.738797   -0.467    0.182  2
RGI60-15.09286     0.06488   28.372545   85.208019   -0.467    0.182  2
RGI60-15.07498     0.06372   31.170891   78.773682   -0.467    0.182  2
RGI60-15.06599     0.06363   30.211652   79.829446   -0.467    0.182  2
RGI60-15.11129     0.06253   29.892115   95.853318   -0.467    0.182  2
RGI60-15.12466     0.05876   29.349884   96.379908   -0.467    0.182  2
RGI60-15.04213     0.05863   28.162605   85.610785   -0.467    0.182  2
RGI60-15.07666     0.05796   27.319865  100.113252   -0.467    0.182  2
RGI60-15.09409     0.05742   28.452038   85.545422   -0.467    0.182  2
RGI60-15.09398     0.05406   28.502670   85.513739   -0.467    0.182  2
RGI60-15.10566     0.05400   28.152868   87.589566   -0.467    0.182  2
RGI60-15.03709     0.05267   27.860182   87.874789   -0.467    0.182  2
RGI60-15.05483     0.04989   29.394691   82.619370   -0.467    0.182  2
RGI60-15.09695     0.04867   28.077000   86.207278   -0.467    0.182  2
RGI60-15.10605     0.04483   28.036730   87.612122   -0.467    0.182  2
RGI60-15.07793     0.04453   29.088431  101.820062   -0.467    0.182  2
RGI60-15.09168     0.04409   28.582764   84.867718   -0.467    0.182  2
RGI60-15.11287     0.04361   30.146016   96.080678   -0.467    0.182  2
RGI60-15.08961     0.04278   30.077507   81.108387   -0.467    0.182  2
RGI60-15.09454     0.04198   28.353373   85.630408   -0.467    0.182  2
RGI60-15.12451     0.03941   29.395299   96.332633   -0.467    0.182  2
RGI60-15.11998     0.03771   29.599655   95.683402   -0.467    0.182  2
RGI60-15.09888     0.03565   27.863331   87.177694   -0.467    0.182  2
RGI60-15.12202     0.03557   29.179092   96.305548   -0.467    0.182  2
RGI60-15.09892     0.03045   28.047958   87.181950   -0.467    0.182  2
RGI60-15.08694     0.02910   31.166840   78.992334   -0.467    0.182  2
RGI60-15.10956     0.02864   28.032276   89.459683   -0.467    0.182  2
RGI60-15.07920     0.02838   30.570891  101.912398   -0.467    0.182  2
RGI60-15.08958     0.02617   30.072343   81.101692   -0.467    0.182  2
RGI60-15.09715     0.02492   28.165352   86.346110   -0.467    0.182  2
RGI60-15.12805     0.02445   29.354799   97.103358   -0.467    0.182  2
RGI60-15.10617     0.02426   27.849521   87.705784   -0.467    0.182  2
RGI60-15.09789     0.02387   28.162731   86.527367   -0.467    0.182  2
RGI60-15.08407     0.02302   29.901881   97.046685   -0.467    0.182  2
RGI60-15.12130     0.02265   29.273451   95.985593   -0.467    0.182  2
RGI60-15.10019     0.02258   28.079134   86.892186   -0.467    0.182  2
RGI60-15.10618     0.02255   27.909746   87.707018   -0.467    0.182  2
RGI60-15.07794     0.02249   29.084029  101.823241   -0.467    0.182  2
RGI60-15.11740     0.02190   29.582000   97.079736   -0.467    0.182  2
RGI60-15.08683     0.02153   31.235854   78.961029   -0.467    0.182  2
RGI60-15.08959     0.02136   30.068220   81.102028   -0.467    0.182  2
RGI60-15.10005     0.02108   28.046271   86.863137   -0.467    0.182  2
RGI60-15.12982     0.02045   29.369472   97.322590   -0.467    0.182  2
RGI60-15.09140     0.02043   28.847047   84.695780   -0.467    0.182  2
RGI60-15.08587     0.02037   29.695403   96.915978   -0.467    0.182  2
RGI60-15.09395     0.01995   28.377907   85.511239   -0.467    0.182  2
RGI60-15.11639     0.01989   29.718019   96.928483   -0.467    0.182  2
RGI60-15.08432     0.01984   29.873207   97.071852   -0.467    0.182  2
RGI60-15.10162     0.01972   28.095347   86.628604   -0.467    0.182  2
RGI60-15.08516     0.01958   29.736596   96.775525   -0.467    0.182  2
RGI60-15.08528     0.01956   29.849606   96.814879   -0.467    0.182  2
RGI60-15.11380     0.01949   29.896352   96.295918   -0.467    0.182  2
RGI60-15.08817     0.01920   31.076829   79.382591   -0.467    0.182  2
RGI60-15.12136     0.01918   29.283699   95.993249   -0.467    0.182  2
RGI60-15.10658     0.01906   27.911919   87.782468   -0.467    0.182  2
RGI60-15.08807     0.01872   31.132998   79.318989   -0.467    0.182  2
RGI60-15.08790     0.01854   31.184019   79.303257   -0.467    0.182  2
RGI60-15.09117     0.01829   28.888468   84.549995   -0.467    0.182  2
RGI60-15.12336     0.01821   28.839542   96.608084   -0.467    0.182  2
RGI60-15.08270     0.01795   29.665679   97.255006   -0.467    0.182  2
RGI60-15.11160     0.01732   30.286784   95.885768   -0.467    0.182  2
RGI60-15.10004     0.01725   28.184998   86.859350   -0.467    0.182  2
RGI60-15.10371     0.01719   27.918023   87.982954   -0.467    0.182  2
RGI60-15.09769     0.01700   28.071900   86.466359   -0.467    0.182  2
RGI60-15.09086     0.01686   30.199920   81.380203   -0.467    0.182  2
RGI60-15.08965     0.01669   30.077032   81.112263   -0.467    0.182  2
RGI60-15.09216     0.01635   28.723930   85.109656   -0.467    0.182  2
RGI60-15.10646     0.01634   27.863508   87.744702   -0.467    0.182  2
RGI60-15.12431     0.01542   29.441727   96.264284   -0.467    0.182  2
RGI60-15.09214     0.01540   28.724270   85.103576   -0.467    0.182  2
RGI60-15.08692     0.01537   31.249184   78.985162   -0.467    0.182  2
RGI60-15.10898     0.01528   28.080226   90.759292   -0.467    0.182  2
RGI60-15.10760     0.01525   28.143549   90.476882   -0.467    0.182  2
RGI60-15.08512     0.01489   29.762969   96.762048   -0.467    0.182  2
RGI60-15.09966     0.01474   28.174022   86.789810   -0.467    0.182  2
RGI60-15.09935     0.01424   28.197662   86.743320   -0.467    0.182  2
RGI60-15.10744     0.01423   28.159415   90.452869   -0.467    0.182  2
RGI60-15.07853     0.01419   29.268790  101.860532   -0.467    0.182  2
RGI60-15.10754     0.01415   28.234216   90.471091   -0.467    0.182  2
RGI60-15.11482     0.01402   29.806520   96.446134   -0.467    0.182  2
RGI60-15.10652     0.01388   27.907878   87.767551   -0.467    0.182  2
RGI60-15.09166     0.01370   28.814228   84.851128   -0.467    0.182  2
RGI60-15.07800     0.01362   29.272705  101.898616   -0.467    0.182  2
RGI60-15.10450     0.01361   28.010839   88.160163   -0.467    0.182  2
RGI60-15.11662     0.01360   29.626108   96.946284   -0.467    0.182  2
RGI60-15.09065     0.01317   30.230348   81.361259   -0.467    0.182  2
RGI60-15.08687     0.01290   31.254881   78.970175   -0.467    0.182  2
RGI60-15.10776     0.01289   28.116391   90.499636   -0.467    0.182  2
RGI60-15.09401     0.01280   28.424654   85.521273   -0.467    0.182  2
RGI60-15.09509     0.01275   28.424986   85.835448   -0.467    0.182  2
RGI60-15.12642     0.01273   29.098658   96.939658   -0.467    0.182  2
RGI60-15.09773     0.01263   28.079090   86.488255   -0.467    0.182  2
RGI60-15.09233     0.01238   28.954468   85.073823   -0.467    0.182  2
RGI60-15.10611     0.01236   27.836583   87.663112   -0.467    0.182  2
RGI60-15.09012     0.01222   30.324375   81.302583   -0.467    0.182  2
RGI60-15.10198     0.01220   28.218391   86.685191   -0.467    0.182  2
RGI60-15.08999     0.01220   30.382012   81.278530   -0.467    0.182  2
RGI60-15.10477     0.01174   28.009628   88.380743   -0.467    0.182  2
RGI60-15.08787     0.01171   31.190269   79.299103   -0.467    0.182  2
RGI60-15.10990     0.01140   29.638712   83.041889   -0.467    0.182  2
RGI60-15.10621     0.01043   27.921712   87.711155   -0.467    0.182  2
RGI60-15.09060     0.01035   30.229444   81.356976   -0.467    0.182  2
RGI60-15.08734     0.01026   31.161326   79.133859   -0.467    0.182  2
RGI60-15.09956     0.01016   28.160317   86.781921   -0.467    0.182  2
RGI60-15.10639     0.01016   27.985220   87.733505   -0.467    0.182  2
RGI60-15.08591     0.01014   29.663750   96.921109   -0.467    0.182  2
RGI60-15.07822     0.01009   29.449158  101.797789   -0.467    0.182  2
