Glacier-specific geodetic mass balance (m w.e. a-1) 2000_2020/ according to Hugonnet et al. (2021)
ID=1: measured, ID=2: regional mean
RGI-ID  Area  lat  lon  B  errB  ID
RGI60-16.01251    14.53992  -13.939368  -70.843089   -0.797    0.125  1
RGI60-16.01053    14.35108  -13.745513  -71.006345   -0.381    0.112  1
RGI60-16.01286    11.42673  -13.760327  -71.131142   -0.681    0.130  1
RGI60-16.01359    11.36885    4.880102  -75.317807   -0.740    0.162  1
RGI60-16.00866    11.27749  -14.676787  -69.236003   -1.110    0.143  1
RGI60-16.00897    11.20530  -14.718053  -69.159982   -0.501    0.130  1
RGI60-16.02360    11.10580   -9.264575  -77.501247   -0.077    0.109  1
RGI60-16.00358    11.03732  -13.255615  -72.800315   -0.020    0.115  1
RGI60-16.00905    10.77878  -14.737672  -69.175560   -1.471    0.179  1
RGI60-16.02420    10.76313   -9.091217  -77.594830   -0.183    0.130  1
RGI60-16.00735    10.73166  -15.836693  -68.526349   -0.537    0.122  1
RGI60-16.01079    10.64380  -13.707013  -71.101691   -0.406    0.117  1
RGI60-16.01443    10.27616   -1.692849  -78.421915   -0.443    0.150  1
RGI60-16.01442     9.88068   -1.668499  -78.407655   -0.035    0.143  1
RGI60-16.02394     9.86403   -9.110972  -77.581980   -0.124    0.126  1
RGI60-16.02530     9.78164   -8.877862  -77.584803   -0.024    0.130  1
RGI60-16.00872     9.50512  -14.648207  -69.211259   -0.667    0.126  1
RGI60-16.01339     9.50329   -0.489511  -78.144634   -0.114    0.117  1
RGI60-16.00881     9.35903  -14.693427  -69.203304   -1.100    0.142  1
RGI60-16.01345     9.35356    0.012949  -77.993026   -0.365    0.122  1
RGI60-16.02944     9.32861   -0.687462  -78.428735   -0.174    0.135  1
RGI60-16.00759     9.16596  -15.857315  -68.559758   -0.295    0.118  1
RGI60-16.02265     9.02823   -9.403571  -77.328234   -0.372    0.122  1
RGI60-16.01074     8.90173  -13.802521  -70.949956   -0.207    0.114  1
RGI60-16.01875     8.82571  -10.251822  -76.914576   -0.264    0.121  1
RGI60-16.02273     8.77289   -9.298242  -77.328071   -0.224    0.123  1
RGI60-16.00987     8.47330  -13.787430  -71.255215   -0.566    0.136  1
RGI60-16.00427     8.40966  -13.162417  -72.360489   -0.213    0.165  1
RGI60-16.02264     8.36226   -9.519289  -77.320331   -0.222    0.127  1
RGI60-16.00289     8.00251  -13.334928  -72.555448   -0.277    0.142  1
RGI60-16.01272     7.94595  -13.747397  -71.119920   -0.557    0.130  1
RGI60-16.01337     7.94217   -0.482935  -78.125828   -0.071    0.126  1
RGI60-16.01252     7.82902  -13.902999  -70.825012   -0.309    0.121  1
RGI60-16.01264     7.80898  -13.733825  -71.146562   -0.726    0.155  1
RGI60-16.01052     7.79536  -13.732279  -71.043281   -0.761    0.144  1
RGI60-16.01084     7.71979  -13.686921  -71.079183   -0.727    0.142  1
RGI60-16.01317     7.66475   -1.466872  -78.827239   -0.184    0.126  1
RGI60-16.01022     7.49434  -13.748958  -71.069478   -0.523    0.122  1
RGI60-16.00936     7.46237  -14.621295  -69.378518   -0.797    0.147  1
RGI60-16.01473     7.37758  -15.536540  -72.643486   -0.680    0.127  1
RGI60-16.01077     7.29025  -13.760879  -71.042918   -0.475    0.120  1
RGI60-16.02184     7.03065   -9.355672  -77.381305   -0.225    0.131  1
RGI60-16.01059     7.01429  -13.751450  -70.900741   -0.403    0.128  1
RGI60-16.02411     6.80939   -9.121474  -77.623461   -0.204    0.120  1
RGI60-16.00799     6.72476  -14.901247  -69.113402   -1.141    0.151  1
RGI60-16.02207     6.61179   -9.484656  -77.331866   -0.688    0.139  1
RGI60-16.00986     6.45973  -13.805022  -71.239716   -0.084    0.120  1
RGI60-16.00410     6.44383  -13.196392  -72.794026   -0.578    0.140  1
RGI60-16.02263     6.28430   -9.381765  -77.369909   -0.320    0.129  1
RGI60-16.01909     6.22518  -10.291546  -76.905925   -0.129    0.130  1
RGI60-16.01159     6.15702  -14.074223  -70.784494   -0.236    0.130  1
RGI60-16.00984     6.14114  -13.792758  -71.212485   -0.167    0.125  1
RGI60-16.00793     6.03920  -15.012097  -69.055484   -1.007    0.156  1
RGI60-16.00417     5.98096  -13.167541  -72.323915   -0.158    0.245  1
RGI60-16.01344     5.95570    0.023930  -77.971473    0.175    0.132  1
RGI60-16.02444     5.95005   -8.962645  -77.627949   -0.502    0.151  1
RGI60-16.00645     5.94615  -15.994398  -68.388783   -0.367    0.122  1
RGI60-16.00726     5.93292  -15.875168  -68.537911   -0.205    0.122  1
RGI60-16.01078     5.78303  -13.734669  -71.089244   -0.801    0.140  1
RGI60-16.02195     5.75994   -9.374445  -77.342476   -0.355    0.135  1
RGI60-16.00721     5.74793  -15.865977  -68.520167   -0.238    0.122  1
RGI60-16.01146     5.67972  -13.519367  -71.180475   -0.516    0.154  1
RGI60-16.00850     5.65030  -16.972838  -67.355528   -0.812    0.144  1
RGI60-16.00363     5.52573  -13.273196  -72.808883   -0.333    0.123  1
RGI60-16.01483     5.48630  -15.547754  -72.620793   -0.666    0.131  1
RGI60-16.01394     5.45986   -1.765223  -78.469047    0.036    0.194  1
RGI60-16.02409     5.44313   -9.137845  -77.606604   -0.280    0.123  1
RGI60-16.02352     5.42605   -9.240357  -77.504772   -0.063    0.129  1
RGI60-16.00805     5.33099  -14.881312  -69.089635   -0.517    0.146  1
RGI60-16.01891     5.30548  -10.323864  -76.881459   -0.579    0.165  1
RGI60-16.00486     5.27874  -16.659667  -67.773155   -0.104    0.154  1
RGI60-16.02304     5.24175   -9.224629  -77.525384   -0.209    0.125  1
RGI60-16.02172     5.16950   -9.551198  -77.312912   -0.567    0.153  1
RGI60-16.01040     5.16648  -13.760179  -71.016026   -0.262    0.123  1
RGI60-16.00982     5.14986  -13.781550  -71.188878   -0.748    0.164  1
RGI60-16.01485     5.12783  -15.559749  -72.655118   -0.454    0.125  1
RGI60-16.00676     5.12071  -15.970955  -68.390073   -0.359    0.133  1
RGI60-16.01273     5.10751  -13.736654  -71.174316   -0.541    0.150  1
RGI60-16.02137     5.09469   -9.416480  -77.433902   -0.298    0.145  1
RGI60-16.00886     5.09363  -14.674436  -69.268837   -0.792    0.136  1
RGI60-16.00636     5.08972  -15.977767  -68.408495   -0.736    0.141  1
RGI60-16.01128     5.04155  -13.527467  -71.211120   -0.571    0.140  1
RGI60-16.00337     4.97701  -13.230598  -72.819371   -0.233    0.129  1
RGI60-16.01919     4.94503  -10.276691  -76.892511   -0.065    0.136  1
RGI60-16.02376     4.82307   -9.094188  -77.502863   -0.053    0.146  1
RGI60-16.02353     4.81706   -9.209288  -77.532588   -0.230    0.142  1
RGI60-16.02410     4.79369   -9.107907  -77.635172   -0.269    0.129  1
RGI60-16.02364     4.77454   -9.118253  -77.486602   -0.153    0.149  1
RGI60-16.00776     4.77410  -14.983993  -69.076956   -0.525    0.136  1
RGI60-16.00896     4.76143  -14.681352  -69.196215   -1.259    0.190  1
RGI60-16.00354     4.74008  -13.256596  -72.826093   -0.334    0.148  1
RGI60-16.00566     4.70128  -16.174696  -68.228780   -0.585    0.159  1
RGI60-16.01199     4.67881  -14.123163  -70.806255    0.034    0.128  1
RGI60-16.01311     4.66785   -1.464826  -78.801928   -0.719    0.165  1
RGI60-16.00361     4.62013  -13.286592  -72.791247   -0.202    0.128  1
RGI60-16.00912     4.59521  -14.644204  -69.236504   -0.675    0.143  1
RGI60-16.01349     4.58845    2.920648  -76.023041   -0.103    0.906  1
RGI60-16.01021     4.56266  -13.723527  -71.065740   -0.262    0.134  1
RGI60-16.02480     4.52472   -9.041918  -77.668975   -0.061    0.127  1
RGI60-16.02539     4.50209   -8.878730  -77.661714   -0.155    0.148  1
RGI60-16.02457     4.47897   -8.986335  -77.625831   -0.248    0.197  1
RGI60-16.01282     4.45471  -13.761575  -71.094430   -0.497    0.133  1
RGI60-16.01132     4.43178  -13.509677  -71.232975   -0.518    0.146  1
RGI60-16.01336     4.41835   -0.660566  -78.716802   -0.009    0.145  1
RGI60-16.01845     4.39296  -10.453142  -76.785110   -0.341    0.159  1
RGI60-16.00729     4.37864  -15.807498  -68.521605   -0.514    0.139  1
RGI60-16.01259     4.35640  -13.854546  -70.847382   -0.293    0.127  1
RGI60-16.00816     4.35227  -14.900438  -69.090277   -0.322    0.143  1
RGI60-16.02382     4.33605   -9.084470  -77.490644   -0.080    0.141  1
RGI60-16.00794     4.33515  -14.975463  -69.103397   -0.554    0.144  1
RGI60-16.02433     4.29771   -9.028943  -77.646098   -0.197    0.142  1
RGI60-16.00433     4.28868  -13.008202  -72.187555   -0.390    0.169  1
RGI60-16.01274     4.28452  -13.718304  -71.168113   -0.637    0.221  1
RGI60-16.02262     4.23435   -9.386320  -77.314446   -0.171    0.137  1
RGI60-16.02561     4.23272   -8.882662  -77.612872   -0.224    0.224  1
RGI60-16.00678     4.22735  -15.997447  -68.370737   -0.514    0.143  1
RGI60-16.00891     4.19444  -14.773229  -69.176465   -0.532    0.140  1
RGI60-16.00428     4.16226  -13.172630  -72.400489   -0.095    0.329  1
RGI60-16.00787     4.12957  -15.021238  -69.013477   -0.815    0.164  1
RGI60-16.00784     4.12548  -15.012084  -69.019921   -0.451    0.140  1
RGI60-16.01486     4.11041  -15.527988  -72.662759   -0.408    0.128  1
RGI60-16.01253     4.10153  -13.887760  -70.815044   -0.325    0.138  1
RGI60-16.02474     4.07913   -8.980715  -77.609845   -0.237    0.202  1
RGI60-16.01243     4.06292  -13.899499  -70.802231   -0.169    0.136  1
RGI60-16.02322     4.05406   -9.192289  -77.519052   -0.209    0.178  1
RGI60-16.00685     4.05209  -16.036737  -68.350127   -0.842    0.150  1
RGI60-16.00500     4.03651  -16.517581  -67.806239   -0.442    0.176  1
RGI60-16.01046     3.98019  -13.770910  -70.969944   -0.239    0.131  1
RGI60-16.01057     3.95369  -13.795554  -70.936747   -0.391    0.134  1
RGI60-16.00476     3.94703  -16.644727  -67.795505   -0.190    0.142  1
RGI60-16.00895     3.93467  -14.626781  -69.211188   -0.729    0.164  1
RGI60-16.01147     3.92962  -13.525572  -71.176363   -0.436    0.145  1
RGI60-16.00733     3.92370  -15.838064  -68.546443   -0.219    0.131  1
RGI60-16.00256     3.91927  -13.378603  -72.724054   -0.255    0.130  1
RGI60-16.00734     3.90665  -15.804080  -68.538824   -0.202    0.180  1
RGI60-16.00815     3.88127  -14.871945  -69.093587   -0.407    0.149  1
RGI60-16.00368     3.86193  -13.217321  -72.847397   -0.444    0.142  1
RGI60-16.01196     3.85458  -13.727384  -70.742436   -1.116    0.192  1
RGI60-16.01249     3.82443  -13.940971  -70.817119   -0.214    0.137  1
RGI60-16.01383     3.82107    6.504883  -72.308843   -0.398    0.141  1
RGI60-16.02553     3.81223   -8.858994  -77.603881    0.035    0.329  1
RGI60-16.01355     3.80880    4.805063  -75.371510   -1.644    0.283  1
RGI60-16.01063     3.79430  -13.777453  -70.868248   -0.356    0.135  1
RGI60-16.01228     3.78803  -13.896506  -70.425927   -0.516    0.149  1
RGI60-16.01224     3.72479  -13.900528  -70.406354   -0.820    0.178  1
RGI60-16.01487     3.72340  -15.564100  -72.636963   -0.382    0.128  1
RGI60-16.00935     3.62179  -14.606363  -69.365508   -0.715    0.165  1
RGI60-16.02518     3.59269   -8.882269  -77.716184   -0.215    0.146  1
RGI60-16.00657     3.57757  -16.078954  -68.352371   -0.398    0.139  1
RGI60-16.02239     3.54441   -9.338092  -77.410869   -0.421    0.140  1
RGI60-16.00285     3.50001  -13.307402  -72.580487   -0.015    0.389  1
RGI60-16.02356     3.48462   -9.243752  -77.485561   -0.009    0.144  1
RGI60-16.01016     3.47119  -13.788064  -70.882951   -0.242    0.128  1
RGI60-16.02355     3.44615   -9.273953  -77.444153   -0.249    0.206  1
RGI60-16.00274     3.44102  -13.357592  -72.825103   -0.556    0.153  1
RGI60-16.02391     3.43592   -9.103215  -77.478594   -0.071    0.180  1
RGI60-16.02497     3.40256   -8.903500  -77.691248   -0.212    0.170  1
RGI60-16.00670     3.37559  -15.934260  -68.426605   -1.032    0.163  1
RGI60-16.00485     3.35725  -16.646749  -67.765196   -0.008    0.289  1
RGI60-16.01015     3.35173  -13.789549  -70.857685   -0.469    0.138  1
RGI60-16.00788     3.33836  -14.992304  -68.981447   -0.655    0.163  1
RGI60-16.02145     3.33352   -9.416157  -77.462838   -0.241    0.127  1
RGI60-16.00906     3.32826  -14.721770  -69.237323   -0.628    0.162  1
RGI60-16.00782     3.31265  -14.989923  -69.049839   -0.390    0.149  1
RGI60-16.02674     3.30008  -11.874540  -76.049026   -0.413    0.206  1
RGI60-16.00751     3.28904  -15.876541  -68.458693   -0.522    0.138  1
RGI60-16.02254     3.26269   -9.370300  -77.393334   -0.437    0.138  1
RGI60-16.01099     3.26253  -13.602794  -70.760558   -0.695    0.179  1
RGI60-16.02357     3.25614   -9.263367  -77.410849   -0.336    0.152  1
RGI60-16.00898     3.20467  -14.764037  -69.152251   -0.595    0.158  1
RGI60-16.00749     3.19045  -15.867874  -68.428546   -0.494    0.154  1
RGI60-16.01071     3.16524  -13.806313  -70.850888   -0.299    0.131  1
RGI60-16.02111     3.14819   -9.563071  -77.360123   -0.323    0.137  1
RGI60-16.01054     3.14465  -13.755656  -70.973235   -0.565    0.151  1
RGI60-16.00807     3.13069  -14.843634  -69.163293   -0.787    0.159  1
RGI60-16.01051     3.12326  -13.707354  -71.072055   -0.131    0.137  1
RGI60-16.02567     3.10715   -8.892310  -77.564290   -0.446    0.348  1
RGI60-16.00332     3.08537  -13.217744  -72.063760   -0.821    0.181  1
RGI60-16.00893     3.06750  -14.663819  -69.257806   -0.841    0.155  1
RGI60-16.01242     3.05427  -13.927639  -70.809169   -0.216    0.139  1
RGI60-16.01292     3.04399  -13.846613  -71.310299   -1.237    0.193  1
RGI60-16.02348     3.04065   -9.275599  -77.470455   -0.104    0.155  1
RGI60-16.00560     3.03854  -16.897464  -67.379438   -0.584    0.163  1
RGI60-16.00216     3.02350  -13.557939  -72.926459   -0.794    0.206  1
RGI60-16.02488     3.01426   -8.952245  -77.603935   -0.515    0.289  1
RGI60-16.00331     3.01201  -13.241840  -72.056942   -0.295    0.205  1
RGI60-16.02569     2.99534   -8.894438  -77.586799   -0.142    0.163  1
RGI60-16.02481     2.98014   -9.007853  -77.642116   -0.206    0.216  1
RGI60-16.00736     2.97276  -15.853743  -68.506074   -0.292    0.138  1
RGI60-16.01135     2.92379  -13.511167  -71.213391   -0.509    0.153  1
RGI60-16.00933     2.91930  -14.605615  -69.382578   -0.572    0.162  1
RGI60-16.00903     2.91779  -14.768922  -69.192483   -0.636    0.149  1
RGI60-16.00261     2.91450  -13.356531  -72.767238   -0.175    0.141  1
RGI60-16.00667     2.90956  -15.933352  -68.398556   -0.573    0.151  1
RGI60-16.01906     2.88488  -10.298250  -76.882456   -0.050    0.270  1
RGI60-16.00372     2.88008  -13.212042  -71.973757   -0.168    0.180  1
RGI60-16.00630     2.87508  -15.975664  -68.353623   -0.601    0.164  1
RGI60-16.00691     2.86774  -15.956913  -68.419696   -0.271    0.135  1
RGI60-16.00362     2.85830  -13.304657  -72.808228   -0.454    0.141  1
RGI60-16.01283     2.85823  -13.813148  -71.127119   -0.323    0.138  1
RGI60-16.00591     2.84634  -16.159189  -68.240666   -0.669    0.188  1
RGI60-16.01103     2.84231  -13.599917  -70.772306   -0.493    0.161  1
RGI60-16.02486     2.83825   -9.000355  -77.610724   -0.181    0.232  1
RGI60-16.00712     2.83348  -15.822249  -68.550856   -0.265    0.146  1
RGI60-16.00714     2.82664  -15.811135  -68.553738   -0.009    0.163  1
RGI60-16.00779     2.82152  -14.983123  -69.061005   -0.326    0.141  1
RGI60-16.01363     2.81955    6.376088  -72.294934   -0.397    0.159  1
RGI60-16.02412     2.81239   -9.089425  -77.556729   -0.707    0.311  1
RGI60-16.00929     2.80785  -14.624505  -69.421653   -0.633    0.145  1
RGI60-16.00938     2.80302  -14.615542  -69.440126   -0.477    0.145  1
RGI60-16.00503     2.80123  -16.510153  -67.817105   -0.205    0.163  1
RGI60-16.02570     2.78493   -8.885910  -77.648348   -0.150    0.176  1
RGI60-16.00951     2.78105  -14.338245  -69.744801   -1.540    0.221  1
RGI60-16.00792     2.77771  -15.031551  -69.030149   -0.222    0.139  1
RGI60-16.00287     2.77584  -13.323669  -72.541421    0.107    0.194  1
RGI60-16.02169     2.77200   -9.370351  -77.322433   -0.166    0.145  1
RGI60-16.02260     2.77125   -9.515375  -77.298879   -0.465    0.184  1
RGI60-16.00228     2.76043  -13.402403  -72.668817   -0.281    0.146  1
RGI60-16.00927     2.75354  -14.613096  -69.407802   -1.068    0.182  1
RGI60-16.00913     2.75180  -14.623976  -69.235748   -0.516    0.148  1
RGI60-16.00582     2.74688  -16.105676  -68.294035   -0.932    0.172  1
RGI60-16.02672     2.74610  -11.937710  -76.059919   -0.984    0.243  1
RGI60-16.02358     2.74595   -9.155659  -77.514766   -0.311    0.157  1
RGI60-16.01023     2.73998  -13.688242  -71.102245   -0.545    0.159  1
RGI60-16.02603     2.73845   -8.695660  -77.777629   -0.400    0.169  1
RGI60-16.00496     2.72279  -16.517877  -67.829804   -0.301    0.143  1
RGI60-16.00675     2.72145  -15.951004  -68.406698   -0.110    0.140  1
RGI60-16.00926     2.71704  -14.598481  -69.449638   -1.374    0.205  1
RGI60-16.01963     2.70737   -9.960368  -77.243327   -0.391    0.150  1
RGI60-16.02354     2.68556   -9.244390  -77.523517   -0.210    0.136  1
RGI60-16.02296     2.67173   -9.291548  -77.305895   -0.468    0.162  1
RGI60-16.00244     2.67042  -13.365516  -72.586042   -0.164    0.202  1
RGI60-16.01490     2.66986  -15.542246  -72.672443   -0.486    0.138  1
RGI60-16.01106     2.66276  -14.067718  -70.836749   -0.025    0.135  1
RGI60-16.02562     2.63235   -8.859307  -77.586971   -0.157    0.253  1
RGI60-16.01346     2.62195    0.033719  -77.984522   -0.082    0.146  1
RGI60-16.02361     2.62119   -9.281909  -77.490723   -0.210    0.136  1
RGI60-16.01419     2.60737   10.843593  -73.717354   -0.540    0.154  1
RGI60-16.00755     2.57876  -15.905196  -68.480206   -0.513    0.139  1
RGI60-16.00141     2.55864  -15.311208  -70.748170   -0.015    0.130  1
RGI60-16.01312     2.55551   -1.477841  -78.799395   -0.014    0.147  1
RGI60-16.00176     2.54643  -15.356154  -70.710121   -0.031    0.129  1
RGI60-16.01151     2.54371  -13.485564  -71.257027   -0.666    0.179  1
RGI60-16.01489     2.54097  -15.562750  -72.614040   -0.467    0.136  1
RGI60-16.01018     2.52641  -13.788910  -70.962639   -0.330    0.143  1
RGI60-16.00299     2.52561  -13.316931  -72.384093   -0.162    0.409  1
RGI60-16.01836     2.52470  -10.385381  -76.812954   -0.542    0.141  1
RGI60-16.01014     2.52233  -13.742012  -70.888649   -0.495    0.152  1
RGI60-16.01435     2.52190   -1.998979  -78.336258    0.052    0.163  1
RGI60-16.00808     2.52188  -14.862305  -69.126731   -1.108    0.188  1
RGI60-16.00980     2.51598  -13.778978  -71.233522   -0.401    0.177  1
RGI60-16.00894     2.51485  -14.778313  -69.147133   -0.702    0.159  1
RGI60-16.02945     2.51410   -0.682633  -78.446337   -0.407    0.152  1
RGI60-16.00373     2.50688  -13.223916  -71.988680   -0.242    0.164  1
RGI60-16.00855     2.49549  -16.930205  -67.395012   -0.786    0.155  1
RGI60-16.01027     2.48731  -13.799151  -70.871443   -0.354    0.134  1
RGI60-16.01248     2.48102  -13.925311  -70.791884   -0.323    0.146  1
RGI60-16.01565     2.47934  -18.174430  -69.144912   -0.120    0.130  1
RGI60-16.00812     2.47765  -14.824724  -69.160242   -1.066    0.199  1
RGI60-16.02563     2.47586   -8.847916  -77.583219   -0.355    0.227  1
RGI60-16.02283     2.47442   -9.320234  -77.310105   -0.117    0.149  1
RGI60-16.01141     2.46326  -13.497328  -71.228383   -0.433    0.169  1
RGI60-16.00262     2.46215  -13.368002  -72.747526   -0.084    0.145  1
RGI60-16.00370     2.45159  -13.203253  -71.988216   -0.242    0.181  1
RGI60-16.01244     2.43867  -13.915064  -70.781452   -0.299    0.147  1
RGI60-16.02306     2.41378   -9.262400  -77.472680   -0.055    0.244  1
RGI60-16.00846     2.39504  -16.948869  -67.350639   -0.804    0.162  1
RGI60-16.02487     2.38704   -8.963266  -77.674621   -0.012    0.217  1
RGI60-16.01024     2.36178  -13.768492  -70.996234   -0.280    0.135  1
RGI60-16.00213     2.36011  -14.732177  -73.719694   -0.068    0.151  1
RGI60-16.00080     2.35075  -15.596825  -70.808546   -0.039    0.129  1
RGI60-16.00672     2.33984  -16.052139  -68.330029   -0.772    0.163  1
RGI60-16.00543     2.33771  -16.273992  -68.143870   -0.548    0.148  1
RGI60-16.00899     2.33218  -14.775340  -69.135287   -0.885    0.194  1
RGI60-16.02284     2.32773   -9.282574  -77.325295   -0.324    0.148  1
RGI60-16.00869     2.31652  -14.651613  -69.283709   -1.048    0.185  1
RGI60-16.01275     2.31159  -13.758599  -71.179087   -0.946    0.179  1
RGI60-16.00827     2.30577  -16.949275  -67.372116   -0.742    0.174  1
RGI60-16.00163     2.30463  -15.344473  -70.696195   -0.087    0.131  1
RGI60-16.02485     2.29657   -8.947300  -77.612163   -0.405    0.239  1
RGI60-16.00979     2.28987  -13.804217  -71.259557    0.067    0.139  1
RGI60-16.01061     2.28627  -13.720739  -70.894617   -0.442    0.159  1
RGI60-16.00478     2.28621  -16.658075  -67.794735   -0.102    0.178  1
RGI60-16.00413     2.28601  -13.168286  -72.240929   -0.321    0.217  1
RGI60-16.00540     2.28518  -16.266091  -68.163183   -0.799    0.165  1
RGI60-16.01048     2.26824  -13.668168  -71.056678   -0.494    0.172  1
RGI60-16.02359     2.26801   -9.181629  -77.535300   -0.483    0.172  1
RGI60-16.00716     2.26278  -15.882193  -68.547461   -0.320    0.142  1
RGI60-16.01350     2.25938    2.913662  -76.032937    0.078    0.570  1
RGI60-16.00516     2.25622  -16.398637  -67.940089   -0.513    0.163  1
RGI60-16.00480     2.24194  -16.627843  -67.795085   -0.186    0.186  1
RGI60-16.01289     2.23453  -13.849883  -71.131972   -0.402    0.148  1
RGI60-16.01347     2.22231    2.931579  -76.033542   -0.287    0.476  1
RGI60-16.02482     2.22013   -8.975693  -77.702980   -0.165    0.153  1
RGI60-16.00983     2.21938  -13.797313  -71.184997   -0.337    0.143  1
RGI60-16.00921     2.21608  -14.597774  -69.244604   -0.582    0.159  1
RGI60-16.00479     2.21370  -16.634449  -67.808021   -0.168    0.156  1
RGI60-16.00814     2.21196  -14.865528  -69.116013   -0.572    0.175  1
RGI60-16.02060     2.20387   -9.783662  -77.247294   -0.763    0.169  1
RGI60-16.00717     2.19629  -15.869809  -68.481190   -0.365    0.140  1
RGI60-16.00829     2.19368  -16.903391  -67.444044   -0.648    0.175  1
RGI60-16.01058     2.17566  -13.802559  -70.910800   -0.114    0.134  1
RGI60-16.01072     2.16051  -13.822271  -70.880514   -0.126    0.134  1
RGI60-16.02483     2.14952   -9.047774  -77.651562   -0.143    0.151  1
RGI60-16.02586     2.13929   -8.799499  -77.692427   -0.771    0.184  1
RGI60-16.02383     2.13852   -9.112340  -77.501514   -0.145    0.178  1
RGI60-16.00288     2.11763  -13.337325  -72.530614   -0.244    0.178  1
RGI60-16.00173     2.11528  -15.375862  -70.710232   -0.011    0.132  1
RGI60-16.00248     2.11080  -13.367934  -72.606978   -0.021    0.180  1
RGI60-16.01221     2.10079  -13.912591  -70.421261   -0.729    0.178  1
RGI60-16.00937     2.10007  -14.634090  -69.402667   -0.640    0.156  1
RGI60-16.00360     2.09768  -13.284692  -72.767085   -0.272    0.148  1
RGI60-16.02517     2.09249   -8.862957  -77.725838   -0.216    0.149  1
RGI60-16.00366     2.08705  -13.233233  -72.857475   -0.174    0.151  1
RGI60-16.00856     2.08292  -16.912658  -67.421543   -0.692    0.162  1
RGI60-16.02566     2.07124   -8.900210  -77.667896   -0.086    0.261  1
RGI60-16.01247     2.05602  -13.928522  -70.775271   -0.389    0.147  1
RGI60-16.01382     2.05539    6.486852  -72.301975   -0.238    0.151  1
RGI60-16.02174     2.05140   -9.586291  -77.302415   -0.871    0.189  1
RGI60-16.01150     2.04507  -13.524516  -71.244170   -0.366    0.151  1
RGI60-16.00214     2.04458  -14.332743  -73.760709    0.087    0.163  1
RGI60-16.00932     2.03889  -14.607336  -69.432555   -0.302    0.157  1
RGI60-16.00205     2.03665  -15.218595  -70.823656   -0.055    0.141  1
RGI60-16.02650     2.03503  -11.983051  -76.020303   -0.080    0.161  1
RGI60-16.02614     2.03115  -11.908319  -76.039380    0.210    0.196  1
RGI60-16.00493     2.02516  -16.523451  -67.762121   -0.441    0.161  1
RGI60-16.01838     2.01353  -10.402795  -76.809930   -0.582    0.156  1
RGI60-16.02418     2.01331   -9.131663  -77.616426   -0.245    0.137  1
RGI60-16.02750     2.01057  -12.250811  -75.965167   -0.326    0.154  1
RGI60-16.00177     2.00701  -15.325643  -70.721729   -0.043    0.133  1
RGI60-16.00611     2.00476  -16.176162  -68.257784   -1.067    0.179  1
RGI60-16.00747     2.00240  -15.846828  -68.450938   -0.853    0.169  1
RGI60-16.02564     2.00135   -8.867680  -77.619896   -0.243    0.212  1
RGI60-16.00830     1.99486  -16.939788  -67.385594   -0.642    0.150  1
RGI60-16.02181     1.99366   -9.492845  -77.315437   -0.750    0.184  1
RGI60-16.02665     1.99292  -11.889720  -76.057106   -0.381    0.190  1
RGI60-16.01026     1.98989  -13.815563  -70.908170   -0.290    0.139  1
RGI60-16.01186     1.98973  -13.945313  -70.352827   -0.760    0.200  1
RGI60-16.01034     1.98009  -13.814702  -70.866032   -0.711    0.160  1
RGI60-16.02437     1.96808   -9.026669  -77.672819   -0.159    0.148  1
RGI60-16.00218     1.96518  -13.423660  -72.698303   -0.293    0.153  1
RGI60-16.01977     1.96481   -9.929997  -77.200553   -0.548    0.149  1
RGI60-16.00810     1.96134  -14.858504  -69.142379   -1.147    0.205  1
RGI60-16.00867     1.95840  -14.616504  -69.224026   -0.481    0.152  1
RGI60-16.01025     1.95533  -13.772426  -70.821080   -0.659    0.159  1
RGI60-16.01444     1.95464   -1.661882  -78.427495    0.138    0.253  1
RGI60-16.02146     1.95347   -9.419975  -77.416534   -0.258    0.193  1
RGI60-16.00809     1.94529  -14.882828  -69.122554   -0.492    0.147  1
RGI60-16.02419     1.94305   -9.146319  -77.595307   -0.397    0.143  1
RGI60-16.02436     1.92851   -9.017502  -77.665396   -0.039    0.162  1
RGI60-16.02188     1.92554   -9.353983  -77.403673   -0.277    0.154  1
RGI60-16.01420     1.92026   10.843029  -73.692052   -0.324    0.173  1
RGI60-16.00546     1.91846  -16.279654  -68.153299   -0.248    0.146  1
RGI60-16.00813     1.90822  -14.843040  -69.149238   -0.452    0.173  1
RGI60-16.02416     1.87699   -9.078197  -77.567394   -0.271    0.269  1
RGI60-16.01806     1.86742  -10.410616  -76.939339   -0.524    0.150  1
RGI60-16.00928     1.85665  -14.607604  -69.418126   -0.705    0.165  1
RGI60-16.01759     1.85507  -10.494219  -76.722166   -0.344    0.199  1
RGI60-16.01246     1.84843  -13.912352  -70.767436   -0.300    0.150  1
RGI60-16.01917     1.84012  -10.281974  -76.923338   -0.408    0.181  1
RGI60-16.01281     1.83517  -13.719011  -71.131370   -0.319    0.157  1
RGI60-16.01300     1.83308  -13.824943  -71.289849   -0.293    0.165  1
RGI60-16.02413     1.82615   -9.090321  -77.622918   -0.110    0.231  1
RGI60-16.00541     1.82464  -16.259959  -68.143694   -0.181    0.148  1
RGI60-16.00783     1.81614  -15.007532  -69.042557   -0.488    0.162  1
RGI60-16.00637     1.81567  -16.069882  -68.364321   -0.404    0.156  1
RGI60-16.00874     1.81228  -14.663763  -69.217179   -0.290    0.142  1
RGI60-16.00904     1.80377  -14.758223  -69.184326   -0.677    0.168  1
RGI60-16.00501     1.79772  -16.508912  -67.843092   -0.804    0.170  1
RGI60-16.01062     1.79250  -13.731881  -70.885293   -0.494    0.161  1
RGI60-16.01377     1.79216    6.444326  -72.289129   -0.376    0.153  1
RGI60-16.02183     1.79064   -9.435036  -77.316674   -0.417    0.158  1
RGI60-16.00629     1.78729  -16.021560  -68.316413   -0.283    0.155  1
RGI60-16.02434     1.78686   -9.016188  -77.635752   -0.129    0.157  1
RGI60-16.00758     1.78637  -15.888646  -68.561322   -0.239    0.143  1
RGI60-16.02508     1.78551   -8.900036  -77.720904   -0.395    0.186  1
RGI60-16.02179     1.77638   -9.587150  -77.317312   -0.495    0.154  1
RGI60-16.00481     1.76982  -16.667100  -67.753720    0.091    0.177  1
RGI60-16.02305     1.75047   -9.213846  -77.510695   -0.262    0.265  1
RGI60-16.00831     1.74974  -16.992896  -67.339982   -0.540    0.155  1
RGI60-16.01911     1.74768  -10.269096  -76.928455   -0.312    0.189  1
RGI60-16.02309     1.74576   -9.198592  -77.508016   -0.081    0.226  1
RGI60-16.00168     1.73790  -15.385776  -70.643454   -0.025    0.134  1
RGI60-16.02182     1.73626   -9.502927  -77.304744   -0.649    0.224  1
RGI60-16.02725     1.73520  -11.804104  -76.047612   -0.237    0.171  1
RGI60-16.01083     1.72681  -13.683090  -71.117261   -0.518    0.165  1
RGI60-16.02622     1.71934  -11.972594  -76.031741   -0.215    0.161  1
RGI60-16.00832     1.71366  -16.921002  -67.406353   -0.780    0.171  1
RGI60-16.02308     1.71272   -9.279903  -77.428565   -0.371    0.199  1
RGI60-16.00389     1.71217  -13.234536  -73.080085   -0.241    0.157  1
RGI60-16.01064     1.71067  -13.798306  -70.844673   -0.372    0.146  1
RGI60-16.00639     1.71047  -16.078023  -68.340323   -0.691    0.171  1
RGI60-16.00263     1.69070  -13.366077  -72.732414   -0.101    0.179  1
RGI60-16.01060     1.68788  -13.703908  -70.910317   -0.441    0.176  1
RGI60-16.01028     1.68320  -13.775973  -70.988538   -0.052    0.138  1
RGI60-16.00640     1.67325  -16.018652  -68.357583   -0.907    0.173  1
RGI60-16.00600     1.65897  -16.097180  -68.285070   -0.852    0.186  1
RGI60-16.01697     1.65299  -11.904666  -76.000810   -0.124    0.168  1
RGI60-16.00723     1.64737  -15.871661  -68.504060   -0.208    0.139  1
RGI60-16.00052     1.64485  -16.205882  -70.336280   -0.090    0.135  1
RGI60-16.00269     1.64249  -13.372517  -72.709879   -0.195    0.149  1
RGI60-16.02177     1.63845   -9.444041  -77.308402   -0.289    0.154  1
RGI60-16.02052     1.63799  -11.924357  -75.035623   -0.162    0.154  1
RGI60-16.01436     1.63080   -2.011989  -78.340331   -0.046    0.208  1
RGI60-16.02734     1.62265  -12.328507  -75.953918    0.012    0.179  1
RGI60-16.01160     1.62229  -14.073184  -70.804155   -0.183    0.152  1
RGI60-16.00487     1.61307  -16.668034  -67.792317   -0.045    0.174  1
RGI60-16.02051     1.60608  -11.915420  -75.053198   -0.206    0.152  1
RGI60-16.00452     1.60394  -24.716936  -68.553520   -0.036    0.127  1
RGI60-16.02675     1.60362  -11.990322  -76.000899   -0.349    0.194  1
RGI60-16.01381     1.59990    6.461578  -72.291659   -0.159    0.155  1
RGI60-16.01279     1.59375  -13.703729  -71.161572   -0.507    0.184  1
RGI60-16.02286     1.58806   -9.325784  -77.326405   -0.330    0.161  1
RGI60-16.00404     1.58739  -13.198817  -73.046353   -0.289    0.197  1
RGI60-16.01348     1.57583    2.944312  -76.023957   -0.595    0.651  1
RGI60-16.00981     1.56878  -13.777178  -71.216312   -0.297    0.171  1
RGI60-16.00071     1.56715  -16.085535  -70.284508    0.006    0.135  1
RGI60-16.02942     1.56597   -0.695043  -78.443436   -0.276    0.152  1
RGI60-16.02317     1.56135   -9.252349  -77.518973   -0.270    0.144  1
RGI60-16.01756     1.56024  -10.478659  -76.720739   -0.524    0.384  1
RGI60-16.01613     1.56014  -15.561164  -72.600742   -0.279    0.139  1
RGI60-16.01217     1.55817  -13.881785  -70.423956   -0.877    0.219  1
RGI60-16.02531     1.55736   -8.837345  -77.600355   -0.418    0.216  1
RGI60-16.02185     1.55146   -9.409053  -77.309263   -0.280    0.162  1
RGI60-16.02186     1.55018   -9.373750  -77.310796   -0.168    0.159  1
RGI60-16.00909     1.54988  -14.713509  -69.250581   -0.368    0.150  1
RGI60-16.00341     1.54824  -13.209829  -72.839605   -0.248    0.158  1
RGI60-16.00359     1.54444  -13.260853  -72.737231   -0.491    0.161  1
RGI60-16.01474     1.54234  -15.543220  -72.598669   -0.253    0.140  1
RGI60-16.00523     1.54108  -16.414398  -67.950376   -0.814    0.195  1
RGI60-16.00215     1.53721  -14.323056  -73.788191    0.147    0.169  1
RGI60-16.00397     1.53134  -13.208766  -73.048388   -0.396    0.181  1
RGI60-16.01241     1.53119  -13.964064  -70.837449   -0.228    0.147  1
RGI60-16.02510     1.50495   -8.885680  -77.702356   -0.146    0.181  1
RGI60-16.00950     1.50286  -14.322921  -69.732284   -0.326    0.173  1
RGI60-16.00753     1.49059  -15.912670  -68.466513   -0.198    0.142  1
RGI60-16.02190     1.48928   -9.476261  -77.319525   -0.058    0.161  1
RGI60-16.02532     1.48752   -8.889093  -77.675428   -0.287    0.186  1
RGI60-16.00817     1.48649  -14.873954  -69.128521   -0.385    0.148  1
RGI60-16.01343     1.48398    0.031844  -77.996881   -0.174    0.152  1
RGI60-16.00796     1.48276  -14.962368  -69.084435   -0.577    0.196  1
RGI60-16.00922     1.47918  -14.583525  -69.225082   -1.263    0.256  1
RGI60-16.01066     1.46841  -13.758016  -70.830963   -0.653    0.184  1
RGI60-16.02197     1.46546   -9.399591  -77.349159   -0.314    0.191  1
RGI60-16.02310     1.46336   -9.172165  -77.527065   -0.359    0.168  1
RGI60-16.00606     1.46235  -16.067792  -68.286304   -0.672    0.176  1
RGI60-16.00152     1.45846  -15.372321  -70.687096   -0.023    0.141  1
RGI60-16.01085     1.45690  -13.667867  -71.068871   -0.346    0.153  1
RGI60-16.00725     1.45528  -15.885693  -68.472024   -0.461    0.164  1
RGI60-16.02673     1.44826  -11.954544  -76.051992   -1.076    0.231  1
RGI60-16.02049     1.44657  -11.880780  -75.048658   -0.021    0.161  1
RGI60-16.01032     1.43889  -13.747655  -70.979855   -0.397    0.157  1
RGI60-16.00786     1.43382  -14.972391  -68.990241   -0.857    0.214  1
RGI60-16.01494     1.42813  -15.560681  -72.593481   -0.307    0.144  1
RGI60-16.02592     1.42257   -8.679238  -77.778756   -0.519    0.222  1
RGI60-16.00756     1.42025  -15.889315  -68.480697   -0.534    0.159  1
RGI60-16.00355     1.41789  -13.258718  -72.856308   -0.241    0.155  1
RGI60-16.00557     1.41711  -16.889453  -67.374562   -0.623    0.195  1
RGI60-16.01457     1.41042  -15.731734  -71.876047   -0.637    0.180  1
RGI60-16.01839     1.40243  -10.434031  -76.793667   -1.580    0.334  1
RGI60-16.00383     1.39942  -13.226381  -73.100984   -0.800    0.195  1
RGI60-16.01760     1.39882  -10.458257  -76.719771   -0.772    0.178  1
RGI60-16.01037     1.39746  -13.769517  -70.889760   -0.120    0.143  1
RGI60-16.01860     1.39734  -10.309617  -76.968333   -0.292    0.139  1
RGI60-16.00356     1.39590  -13.221662  -72.799479   -0.107    0.161  1
RGI60-16.02149     1.39374   -9.428941  -77.463376   -0.321    0.144  1
RGI60-16.01250     1.38708  -13.970728  -70.852307   -0.567    0.167  1
RGI60-16.01386     1.38375    6.517659  -72.281949   -0.494    0.191  1
RGI60-16.02669     1.38347  -11.989465  -75.987807   -0.314    0.202  1
RGI60-16.01075     1.38244  -13.776317  -71.052887   -0.079    0.138  1
RGI60-16.00482     1.37813  -16.666787  -67.740468   -0.012    0.220  1
RGI60-16.01967     1.37676   -9.952197  -77.257464   -0.346    0.142  1
RGI60-16.01773     1.37549  -10.486727  -76.712218   -0.300    0.194  1
RGI60-16.00643     1.37148  -15.932170  -68.450494   -0.214    0.146  1
RGI60-16.02421     1.36634   -9.026952  -77.583246   -0.372    0.183  1
RGI60-16.02536     1.36578   -8.871495  -77.649809   -0.232    0.187  1
RGI60-16.00687     1.36200  -16.001527  -68.398075   -0.713    0.176  1
RGI60-16.00673     1.36169  -15.923655  -68.394465   -0.388    0.156  1
RGI60-16.00790     1.36022  -15.040767  -69.007692   -0.357    0.170  1
RGI60-16.00948     1.35945  -14.319748  -69.736712   -0.825    0.231  1
RGI60-16.00722     1.35826  -15.887258  -68.525548   -0.352    0.152  1
RGI60-16.00598     1.35536  -16.121914  -68.288022   -0.468    0.176  1
RGI60-16.02187     1.35276   -9.356349  -77.324303   -0.795    0.198  1
RGI60-16.00304     1.35098  -13.290026  -72.500053   -0.072    0.229  1
RGI60-16.00739     1.34918  -15.837692  -68.467068   -0.543    0.159  1
RGI60-16.01404     1.34550   10.842194  -73.592771   -0.694    0.225  1
RGI60-16.01313     1.33999   -1.481186  -78.820069   -0.179    0.154  1
RGI60-16.00473     1.33946  -16.637940  -67.779377   -0.185    0.288  1
RGI60-16.01226     1.33697  -13.913956  -70.403255   -0.395    0.177  1
RGI60-16.02287     1.33362   -9.280020  -77.313673   -0.169    0.157  1
RGI60-16.02189     1.33304   -9.576004  -77.315092   -0.219    0.166  1
RGI60-16.00841     1.33216  -16.913084  -67.402908   -0.628    0.223  1
RGI60-16.00616     1.32955  -16.080385  -68.299901   -0.748    0.215  1
RGI60-16.00871     1.32614  -14.722133  -69.241105   -0.445    0.158  1
RGI60-16.00844     1.32340  -16.937434  -67.370059   -0.383    0.170  1
RGI60-16.00870     1.31385  -14.643638  -69.195484   -0.655    0.209  1
RGI60-16.01356     1.31375    4.894188  -75.316982   -0.415    0.197  1
RGI60-16.00985     1.30981  -13.803045  -71.224943    0.057    0.150  1
RGI60-16.00374     1.30756  -13.214393  -71.993850   -0.305    0.181  1
RGI60-16.01492     1.30637  -15.514738  -72.657767   -0.369    0.149  1
RGI60-16.01764     1.30633  -10.486448  -76.731556   -0.260    0.188  1
RGI60-16.01218     1.30287  -13.907278  -70.389134   -0.683    0.190  1
RGI60-16.02396     1.30248   -9.139161  -77.586935   -0.259    0.161  1
RGI60-16.01918     1.29932  -10.227357  -76.905820   -0.062    0.154  1
RGI60-16.00340     1.29639  -13.256576  -72.864704   -0.205    0.151  1
RGI60-16.00338     1.29624  -13.268406  -72.756507   -0.294    0.160  1
RGI60-16.01338     1.29573   -0.499171  -78.125182    0.232    0.162  1
RGI60-16.01981     1.29452   -9.915399  -77.044956   -0.856    0.186  1
RGI60-16.02618     1.29388  -11.902613  -76.057785   -0.133    0.188  1
RGI60-16.00371     1.29373  -13.200016  -71.977472   -0.322    0.204  1
RGI60-16.01966     1.29035   -9.944158  -77.253464   -0.415    0.147  1
RGI60-16.02313     1.28818   -9.163312  -77.532281   -0.379    0.173  1
RGI60-16.00211     1.28283  -14.749315  -73.723944   -0.074    0.163  1
RGI60-16.01414     1.28208   10.831782  -73.696090   -0.173    0.149  1
RGI60-16.02671     1.28173  -11.926425  -76.073940   -0.342    0.176  1
RGI60-16.02438     1.27348   -8.947580  -77.636059   -0.133    0.192  1
RGI60-16.00022     1.26835  -17.934462  -68.914281    0.009    0.141  1
RGI60-16.02004     1.26785   -9.828269  -77.211074   -0.229    0.147  1
RGI60-16.00564     1.26333  -16.192223  -68.218684   -0.577    0.210  1
RGI60-16.00167     1.26314  -15.363250  -70.648756   -0.012    0.139  1
RGI60-16.00401     1.26271  -13.227284  -73.083874   -0.129    0.211  1
RGI60-16.00746     1.26028  -15.863142  -68.451667   -0.530    0.182  1
RGI60-16.02765     1.25888  -12.224771  -75.972035   -0.547    0.197  1
RGI60-16.01240     1.25852  -13.951312  -70.833865   -0.213    0.149  1
RGI60-16.01365     1.25546    6.405862  -72.287142   -0.632    0.201  1
RGI60-16.00930     1.25455  -14.581578  -69.437241   -0.633    0.182  1
RGI60-16.00973     1.25274  -14.075807  -70.739723   -0.145    0.149  1
RGI60-16.00033     1.25235  -16.294080  -70.354147   -0.055    0.138  1
RGI60-16.00917     1.24953  -14.589216  -69.477029   -0.279    0.165  1
RGI60-16.00718     1.24925  -15.794548  -68.524622   -0.136    0.159  1
RGI60-16.00752     1.24597  -15.901808  -68.468823   -0.425    0.177  1
RGI60-16.01351     1.24192    2.944713  -76.033248    0.038    0.363  1
RGI60-16.00344     1.23756  -13.221231  -72.832936   -0.179    0.158  1
RGI60-16.01479     1.23550  -15.568157  -72.607420   -0.511    0.157  1
RGI60-16.02439     1.23497   -8.964770  -77.659732   -0.080    0.238  1
RGI60-16.00791     1.23195  -15.047515  -69.010390   -0.218    0.162  1
RGI60-16.02003     1.22792   -9.837449  -77.193773   -0.359    0.152  1
RGI60-16.00693     1.22643  -15.925796  -68.415833   -0.455    0.171  1
RGI60-16.01080     1.22493  -13.687191  -71.130795   -0.254    0.160  1
RGI60-16.00842     1.22480  -16.925375  -67.384108   -0.565    0.209  1
RGI60-16.02045     1.22378  -11.905873  -75.045655   -0.543    0.179  1
RGI60-16.00654     1.21633  -16.041258  -68.332639   -0.643    0.172  1
RGI60-16.00719     1.20917  -15.863060  -68.459759   -0.520    0.160  1
RGI60-16.01225     1.20633  -13.893581  -70.380472   -0.695    0.206  1
RGI60-16.00090     1.19736  -15.564518  -70.820460   -0.018    0.145  1
RGI60-16.00161     1.19605  -15.330541  -70.704556   -0.029    0.137  1
RGI60-16.02196     1.19327   -9.398484  -77.308473   -0.104    0.159  1
RGI60-16.02385     1.19310   -9.111097  -77.456107   -0.158    0.168  1
RGI60-16.00603     1.18863  -16.134316  -68.242262   -0.874    0.244  1
RGI60-16.01491     1.18694  -15.558615  -72.668161   -0.432    0.150  1
RGI60-16.00875     1.18500  -14.654101  -69.267924   -1.070    0.245  1
RGI60-16.01324     1.18234   -0.791743  -78.195222    0.560    0.585  1
RGI60-16.01460     1.18149  -15.724913  -71.862309   -0.651    0.161  1
RGI60-16.01374     1.17946    6.437258  -72.281563   -0.365    0.176  1
RGI60-16.01915     1.17654  -10.257615  -76.899428   -0.039    0.211  1
RGI60-16.00484     1.17650  -16.622688  -67.807520    0.170    0.295  1
RGI60-16.02670     1.17493  -11.897692  -76.042220   -0.510    0.254  1
RGI60-16.01661     1.16993   -4.065670  137.181489   -1.570    0.612  1
RGI60-16.00705     1.16602  -15.909693  -68.365034   -0.464    0.170  1
RGI60-16.01876     1.16305  -10.310231  -76.897544   -0.217    0.150  1
RGI60-16.02289     1.16069   -9.310991  -77.331152   -0.190    0.154  1
RGI60-16.00876     1.15789  -14.689134  -69.257205   -1.747    0.258  1
RGI60-16.00345     1.15687  -13.277473  -72.772223   -0.591    0.183  1
RGI60-16.00267     1.15401  -13.365946  -72.722375    0.138    0.160  1
RGI60-16.01480     1.14741  -15.570073  -72.647310   -0.717    0.167  1
RGI60-16.00178     1.14611  -15.299221  -70.754654   -0.020    0.136  1
RGI60-16.00212     1.14435  -14.742770  -73.705981   -0.065    0.174  1
RGI60-16.00925     1.13917  -14.631506  -69.341701   -0.957    0.202  1
RGI60-16.01293     1.13731  -13.842675  -71.318852   -0.169    0.174  1
RGI60-16.00877     1.13644  -14.778421  -69.161058   -0.402    0.158  1
RGI60-16.02534     1.13616   -8.894549  -77.603771   -0.121    0.171  1
RGI60-16.00169     1.13561  -15.377191  -70.666987   -0.011    0.144  1
RGI60-16.01566     1.13513  -18.164865  -69.151583   -0.224    0.148  1
RGI60-16.01213     1.12895  -13.881687  -70.776196   -0.284    0.162  1
RGI60-16.01609     1.12606  -15.520111  -72.643767   -0.442    0.156  1
RGI60-16.00811     1.12584  -14.928355  -69.111941   -1.020    0.217  1
RGI60-16.00346     1.12459  -13.288250  -72.805394   -0.061    0.148  1
RGI60-16.00086     1.12311  -15.587128  -70.826908   -0.008    0.143  1
RGI60-16.01029     1.11961  -13.791188  -70.896247   -0.730    0.163  1
RGI60-16.00573     1.11621  -16.124021  -68.251820   -0.810    0.201  1
RGI60-16.01304     1.11606  -13.796971  -70.620897   -0.790    0.190  1
RGI60-16.02050     1.11352  -11.925194  -75.019146   -0.601    0.198  1
RGI60-16.01188     1.10944  -13.735845  -70.727744   -0.816    0.213  1
RGI60-16.00044     1.10794  -16.247555  -70.366563   -0.097    0.139  1
RGI60-16.02191     1.10631   -9.337848  -77.399290   -0.210    0.171  1
RGI60-16.00878     1.10528  -14.657234  -69.247272   -0.674    0.168  1
RGI60-16.00375     1.10426  -13.191010  -72.133722   -0.572    0.234  1
RGI60-16.01152     1.10399  -13.468183  -71.269926   -0.699    0.191  1
RGI60-16.02192     1.10059   -9.357291  -77.337780   -0.155    0.331  1
RGI60-16.01105     1.09605  -13.587794  -70.765351   -0.773    0.236  1
RGI60-16.00264     1.09545  -13.380248  -72.746663   -0.092    0.167  1
RGI60-16.00683     1.09488  -16.091811  -68.343712   -0.596    0.180  1
RGI60-16.00800     1.09367  -14.859768  -69.151596   -0.457    0.165  1
RGI60-16.00599     1.09040  -16.104321  -68.276319   -0.464    0.185  1
RGI60-16.00504     1.08805  -16.495084  -67.805105   -0.149    0.185  1
RGI60-16.00265     1.07938  -13.386914  -72.739269   -0.175    0.151  1
RGI60-16.00475     1.07902  -16.629625  -67.779955   -0.009    0.215  1
RGI60-16.00272     1.07596  -13.349702  -72.796552   -0.716    0.238  1
RGI60-16.01367     1.07550    6.441136  -72.263275   -0.513    0.188  1
RGI60-16.00166     1.07501  -15.362822  -70.695114   -0.010    0.140  1
RGI60-16.01309     1.07500   -1.479084  -78.812743   -0.432    0.172  1
RGI60-16.01073     1.07314  -13.829350  -70.919550   -0.246    0.152  1
RGI60-16.01118     1.07301  -13.518132  -71.119793   -0.934    0.207  1
RGI60-16.00644     1.07289  -15.919413  -68.402531   -0.788    0.205  1
RGI60-16.01554     1.06538  -14.609690  -72.455631   -0.786    0.169  1
RGI60-16.00237     1.06290  -13.358413  -72.365799   -0.428    0.219  1
RGI60-16.00724     1.06164  -15.880065  -68.565387   -0.314    0.156  1
RGI60-16.00777     1.06089  -14.974352  -69.048532   -0.375    0.178  1
RGI60-16.01184     1.06081  -13.947387  -70.366208   -0.667    0.198  1
RGI60-16.01476     1.05528  -15.538860  -72.604462   -0.636    0.173  1
RGI60-16.00483     1.05280  -16.625556  -67.785754   -0.023    0.178  1
RGI60-16.02620     1.05153  -11.981366  -75.996102   -0.710    0.229  1
RGI60-16.00542     1.05046  -16.254912  -68.151067   -0.369    0.169  1
RGI60-16.02666     1.04267  -11.980053  -76.009953   -1.832    0.310  1
RGI60-16.01308     1.04110   -1.452803  -78.806390   -0.923    0.224  1
RGI60-16.01137     1.04093  -13.532418  -71.230492   -0.297    0.169  1
RGI60-16.02324     1.03907   -9.194603  -77.536535   -0.210    0.176  1
RGI60-16.01542     1.03826  -14.835921  -72.322183   -0.481    0.159  1
RGI60-16.01403     1.03736   10.820360  -73.621253   -1.153    0.278  1
RGI60-16.01119     1.02940  -13.498488  -71.170361   -1.379    0.251  1
RGI60-16.00558     1.02844  -16.893198  -67.363259   -0.788    0.222  1
RGI60-16.00915     1.02466  -14.603496  -69.511316   -0.598    0.187  1
RGI60-16.00648     1.02364  -15.982824  -68.373030   -0.096    0.165  1
RGI60-16.02202     1.02174   -9.397738  -77.357232   -0.297    0.219  1
RGI60-16.01980     1.01912   -9.919938  -77.184385   -0.998    0.240  1
RGI60-16.00276     1.01712  -13.333667  -73.054054   -0.463    0.203  1
RGI60-16.00498     1.01382  -16.519960  -67.844094   -0.238    0.154  1
RGI60-16.01477     1.01298  -15.557371  -72.587794   -0.440    0.157  1
RGI60-16.01265     1.00055  -13.796288  -71.115649   -0.323    0.153  1
RGI60-16.00342     0.99887  -13.246089  -72.866844   -0.217    0.167  1
RGI60-16.02612     0.99607  -12.001231  -75.983643   -0.334    0.201  1
RGI60-16.00396     0.99490  -13.238816  -73.092192   -0.325    0.166  1
RGI60-16.01975     0.99316   -9.924734  -77.222661   -0.429    0.162  1
RGI60-16.00854     0.99199  -17.002222  -67.326531   -0.778    0.202  1
RGI60-16.02023     0.98919   -9.802407  -77.239232   -0.646    0.174  1
RGI60-16.01031     0.98879  -13.791677  -70.823501   -1.095    0.203  1
RGI60-16.01266     0.98872  -13.791336  -71.120279   -0.116    0.145  1
RGI60-16.02205     0.98712   -9.366669  -77.363040   -0.149    0.172  1
RGI60-16.02535     0.98472   -8.857486  -77.652132   -0.215    0.169  1
RGI60-16.00781     0.98166  -14.970289  -69.053283   -0.258    0.171  1
RGI60-16.00400     0.97972  -13.224330  -73.119269   -0.344    0.168  1
RGI60-16.02441     0.97591   -9.006414  -77.626450    0.037    0.192  1
RGI60-16.00414     0.97447  -13.188912  -72.253947   -0.479    0.291  1
RGI60-16.01944     0.97321  -10.016168  -77.006441   -0.475    0.176  1
RGI60-16.00310     0.97203  -13.281942  -72.505706   -0.332    0.189  1
RGI60-16.00646     0.96112  -16.030839  -68.331061   -0.622    0.174  1
RGI60-16.00971     0.96106  -13.678743  -70.985745   -0.698    0.203  1
RGI60-16.01406     0.96035   -2.245241  -78.514776   -0.236    0.325  1
RGI60-16.00357     0.95964  -13.228332  -72.802431   -0.230    0.165  1
RGI60-16.02400     0.95815   -9.070041  -77.576030   -0.415    0.235  1
RGI60-16.00615     0.95593  -16.092711  -68.307176   -0.955    0.194  1
RGI60-16.00757     0.95560  -15.870397  -68.494335   -0.282    0.153  1
RGI60-16.01864     0.95328  -10.297361  -76.953661   -0.239    0.155  1
RGI60-16.01863     0.95188  -10.301864  -76.980719   -0.243    0.153  1
RGI60-16.02200     0.94860   -9.505178  -77.336855   -0.374    0.150  1
RGI60-16.00549     0.94756  -16.239873  -68.176844   -0.128    0.158  1
RGI60-16.01354     0.94693    4.658259  -75.330725   -0.247    0.182  1
RGI60-16.00738     0.94667  -15.865912  -68.469649   -0.464    0.160  1
RGI60-16.00231     0.94655  -13.395922  -72.608455   -0.332    0.181  1
RGI60-16.01718     0.93948  -10.529421  -75.923481   -0.171    0.385  1
RGI60-16.00883     0.93928  -14.612991  -69.234475   -0.457    0.183  1
RGI60-16.00159     0.93895  -15.330532  -70.695115   -0.039    0.140  1
RGI60-16.02388     0.93767   -9.088328  -77.477149   -0.188    0.220  1
RGI60-16.02300     0.93633   -9.187377  -77.483599   -0.431    0.180  1
RGI60-16.00156     0.93424  -15.339019  -70.710942   -0.064    0.141  1
RGI60-16.00300     0.93210  -13.305231  -72.379193   -0.593    0.216  1
RGI60-16.01719     0.93205  -10.529946  -75.952496    0.005    0.234  1
RGI60-16.00651     0.92730  -15.913677  -68.410760   -0.112    0.157  1
RGI60-16.00006     0.92602  -16.459383  -69.891990    0.000    0.145  1
RGI60-16.01219     0.92175  -13.898753  -70.391671   -1.135    0.274  1
RGI60-16.00602     0.92148  -16.125538  -68.271297   -0.560    0.230  1
RGI60-16.01608     0.91774  -15.563152  -72.623451   -0.491    0.162  1
RGI60-16.00801     0.91443  -14.819802  -69.170425   -1.100    0.271  1
RGI60-16.00804     0.91072  -14.851335  -69.142011   -0.545    0.177  1
RGI60-16.00511     0.90992  -16.455372  -67.935319    0.144    0.165  1
RGI60-16.00472     0.90632  -14.243576  -69.783807   -0.517    0.178  1
RGI60-16.02022     0.90261   -9.810129  -77.232195   -0.666    0.186  1
RGI60-16.01729     0.90209  -10.525685  -75.935362    0.118    0.233  1
RGI60-16.00882     0.90056  -14.704301  -69.254864   -0.785    0.182  1
RGI60-16.02422     0.89958   -9.021468  -77.576443   -0.671    0.208  1
RGI60-16.01432     0.89889   -2.010236  -78.350306    0.286    0.217  1
RGI60-16.00007     0.89860  -16.468709  -69.887272   -0.051    0.146  1
RGI60-16.00910     0.89806  -14.638729  -69.300095   -1.053    0.225  1
RGI60-16.01168     0.89681  -14.036641  -70.204589   -0.716    0.198  1
RGI60-16.00290     0.89617  -13.309414  -72.594561   -0.356    0.222  1
RGI60-16.01841     0.89335  -10.422552  -76.804148   -0.641    0.164  1
RGI60-16.01310     0.89209   -1.449811  -78.799199   -1.142    0.228  1
RGI60-16.02537     0.89018   -8.847986  -77.655591   -0.350    0.206  1
RGI60-16.01433     0.88766   -2.002640  -78.350712   -0.120    0.226  1
RGI60-16.02290     0.88607   -9.331880  -77.318420   -0.369    0.193  1
RGI60-16.00690     0.88491  -15.971535  -68.428217   -0.326    0.174  1
RGI60-16.02578     0.88293   -8.806164  -77.735952   -0.165    0.165  1
RGI60-16.01189     0.88245  -13.729474  -70.727837   -0.779    0.220  1
RGI60-16.02316     0.88075   -9.153156  -77.528650    0.053    0.176  1
RGI60-16.01475     0.87942  -15.546604  -72.590034   -0.765    0.230  1
RGI60-16.02027     0.87732   -9.812373  -77.243927   -0.325    0.175  1
RGI60-16.01191     0.87524  -13.738073  -70.739437   -0.558    0.189  1
RGI60-16.01869     0.87430  -10.288599  -76.955698   -0.076    0.166  1
RGI60-16.00170     0.87350  -15.400468  -70.686996    0.066    0.146  1
RGI60-16.01524     0.87210  -15.403781  -72.896430   -0.570    0.169  1
RGI60-16.02092     0.87112   -9.589509  -77.371356   -0.315    0.178  1
RGI60-16.01278     0.86894  -13.781002  -71.100397   -0.593    0.167  1
RGI60-16.00727     0.86770  -15.875707  -68.443623   -0.321    0.159  1
RGI60-16.01342     0.86231    0.034694  -78.007353    0.357    0.222  1
RGI60-16.01155     0.85910  -14.082799  -70.793263   -0.418    0.163  1
RGI60-16.00785     0.85885  -14.987334  -68.994839   -0.723    0.213  1
RGI60-16.02924     0.85812  -11.300280  -76.473613   -0.419    0.165  1
RGI60-16.02005     0.85727   -9.836886  -77.204216   -0.397    0.158  1
RGI60-16.02148     0.85562   -9.401473  -77.424310   -0.383    0.176  1
RGI60-16.02633     0.85354  -11.841292  -76.057952   -0.439    0.235  1
RGI60-16.01938     0.85290  -10.018873  -76.996633   -0.997    0.215  1
RGI60-16.02772     0.85271  -12.251029  -75.954963   -0.108    0.182  1
RGI60-16.02058     0.85109  -11.892151  -75.062262   -0.218    0.184  1
RGI60-16.01190     0.85070  -13.706372  -70.733667   -0.877    0.242  1
RGI60-16.01698     0.85039  -11.896980  -75.982875   -0.183    0.465  1
RGI60-16.00580     0.84893  -16.111289  -68.307266   -0.417    0.175  1
RGI60-16.02387     0.84786   -9.115631  -77.467786   -0.194    0.193  1
RGI60-16.00919     0.84138  -14.584275  -69.218089   -0.940    0.233  1
RGI60-16.02440     0.83840   -8.971210  -77.668889   -0.170    0.223  1
RGI60-16.02318     0.83767   -9.235546  -77.475501   -0.262    0.204  1
RGI60-16.00902     0.83748  -14.788631  -69.189080   -0.325    0.162  1
RGI60-16.02102     0.83682   -9.554994  -77.344801   -0.313    0.163  1
RGI60-16.02031     0.83470  -11.882338  -75.072254   -0.457    0.203  1
RGI60-16.00652     0.83408  -16.029412  -68.337918   -0.711    0.197  1
RGI60-16.01175     0.83268  -14.039562  -70.852265   -0.000    0.141  1
RGI60-16.00583     0.83161  -16.143258  -68.237449   -0.547    0.216  1
RGI60-16.00240     0.83107  -13.354410  -72.596141    0.092    0.197  1
RGI60-16.01478     0.83029  -15.514700  -72.646563   -0.631    0.185  1
RGI60-16.02623     0.83024  -11.966798  -76.023902   -0.422    0.232  1
RGI60-16.00037     0.82922  -16.253268  -70.332605   -0.116    0.144  1
RGI60-16.00663     0.82736  -15.936114  -68.441009   -0.283    0.158  1
RGI60-16.01366     0.82309    6.413943  -72.288011   -0.425    0.197  1
RGI60-16.01840     0.82298  -10.472698  -76.778760   -0.250    0.175  1
RGI60-16.02597     0.82123   -8.703137  -77.763062   -0.488    0.172  1
RGI60-16.00243     0.81789  -13.355824  -72.587006    0.286    0.192  1
RGI60-16.02668     0.81655  -11.831980  -76.048465   -0.253    0.204  1
RGI60-16.00613     0.81514  -16.165781  -68.247432   -0.476    0.202  1
RGI60-16.01534     0.81499  -14.978583  -72.207926   -0.702    0.173  1
RGI60-16.00502     0.81256  -16.504282  -67.832831   -0.109    0.201  1
RGI60-16.00545     0.80917  -16.283450  -68.164385   -0.164    0.158  1
RGI60-16.01765     0.80887  -10.471346  -76.727180   -0.569    0.194  1
RGI60-16.01607     0.80313  -15.554485  -72.671907   -0.549    0.170  1
RGI60-16.01319     0.80284   -1.403355  -78.756736   -0.021    0.183  1
RGI60-16.00692     0.80122  -15.925813  -68.440900   -0.293    0.176  1
RGI60-16.00885     0.80107  -14.651831  -69.187580   -0.624    0.207  1
RGI60-16.01149     0.80044  -13.548963  -71.194556   -0.412    0.169  1
RGI60-16.01877     0.80000  -10.307917  -76.874138    0.048    0.208  1
RGI60-16.00679     0.79981  -16.052959  -68.318117   -0.556    0.194  1
RGI60-16.01035     0.79958  -13.682039  -71.062134   -0.236    0.167  1
RGI60-16.01922     0.79717  -11.880428  -74.841093   -0.152    0.188  1
RGI60-16.00294     0.79068  -13.293031  -72.367583   -0.113    0.213  1
RGI60-16.01307     0.78973   -1.475283  -78.442324    0.031    0.209  1
RGI60-16.00914     0.78884  -14.608889  -69.505410   -0.830    0.194  1
RGI60-16.01287     0.78804  -13.747301  -71.186256   -0.404    0.198  1
RGI60-16.02766     0.78665  -12.258417  -75.978961   -0.013    0.159  1
RGI60-16.02737     0.78646  -12.338868  -75.962131   -0.176    0.170  1
RGI60-16.02542     0.78580   -8.859970  -77.659660   -0.285    0.189  1
RGI60-16.01696     0.78164  -11.894892  -75.993080   -0.298    0.303  1
RGI60-16.00660     0.78057  -16.021957  -68.427364   -0.225    0.161  1
RGI60-16.01070     0.77427  -13.782780  -70.812278   -0.547    0.172  1
RGI60-16.00200     0.77372  -15.237092  -70.793785    0.004    0.153  1
RGI60-16.02785     0.77327  -12.181432  -75.918528   -0.828    0.208  1
RGI60-16.01978     0.77164   -9.927806  -77.183069   -0.632    0.184  1
RGI60-16.01158     0.76891  -14.064551  -70.800596   -0.381    0.172  1
RGI60-16.01280     0.76772  -13.705246  -71.152712   -0.278    0.227  1
RGI60-16.00474     0.76733  -16.659718  -67.748458    0.030    0.274  1
RGI60-16.02152     0.76530   -9.397635  -77.412411   -0.380    0.173  1
RGI60-16.00266     0.76076  -13.374182  -72.754038   -0.245    0.182  1
RGI60-16.01081     0.76006  -13.680770  -71.131184   -0.401    0.207  1
RGI60-16.02064     0.75967   -9.769874  -77.248344   -0.273    0.177  1
RGI60-16.00241     0.75746  -13.361905  -72.574482   -0.196    0.260  1
RGI60-16.02389     0.75540   -9.075169  -77.481081   -0.342    0.257  1
RGI60-16.00548     0.75251  -16.257924  -68.158199   -0.203    0.183  1
RGI60-16.00230     0.75099  -13.400831  -72.604921   -0.198    0.177  1
RGI60-16.01410     0.74982   10.823020  -73.687560   -0.681    0.198  1
RGI60-16.01593     0.74867  -15.825961  -71.875805   -0.035    0.151  1
RGI60-16.02274     0.74654   -9.317723  -77.328357   -0.228    0.170  1
RGI60-16.00343     0.74584  -13.256153  -72.729150   -0.474    0.194  1
RGI60-16.01055     0.74556  -13.797346  -70.955606   -0.757    0.202  1
RGI60-16.02198     0.74324   -9.347473  -77.337064   -0.448    0.209  1
RGI60-16.01584     0.74049  -18.118546  -68.883118   -0.234    0.161  1
RGI60-16.00275     0.74046  -13.351039  -72.816959   -0.187    0.184  1
RGI60-16.00043     0.73971  -16.248295  -70.348154   -0.050    0.144  1
RGI60-16.01296     0.73893  -14.089380  -70.257054   -0.817    0.203  1
RGI60-16.01222     0.73700  -13.889906  -70.416297   -0.140    0.191  1
RGI60-16.00101     0.73630  -15.434896  -70.840698    0.042    0.153  1
RGI60-16.02312     0.73541   -9.238591  -77.415284   -0.267    0.182  1
RGI60-16.02842     0.73330  -11.693480  -74.869932   -2.238    0.427  1
RGI60-16.02341     0.73129   -9.269243  -77.429832   -0.102    0.258  1
RGI60-16.00418     0.72299  -13.151025  -72.413480   -0.067    0.389  1
RGI60-16.00293     0.72074  -13.288923  -72.360246   -0.988    0.269  1
RGI60-16.01600     0.71921  -15.817209  -71.875231   -0.377    0.163  1
RGI60-16.00499     0.71899  -16.533659  -67.818285   -0.170    0.173  1
RGI60-16.01140     0.71875  -13.529714  -71.190704   -0.340    0.164  1
RGI60-16.02445     0.71851   -8.993728  -77.597609   -0.101    0.289  1
RGI60-16.01572     0.71793  -18.156715  -69.146663   -0.164    0.159  1
RGI60-16.01123     0.71513  -14.051629  -70.642708   -0.041    0.166  1
RGI60-16.00550     0.71496  -16.225580  -68.184030   -0.823    0.215  1
RGI60-16.02446     0.71456   -9.039459  -77.692799   -0.137    0.151  1
RGI60-16.01271     0.71323  -13.714136  -71.154926   -0.250    0.274  1
RGI60-16.01129     0.71137  -13.545614  -71.155433   -0.768    0.208  1
RGI60-16.00394     0.70818  -13.204407  -73.035955   -0.527    0.241  1
RGI60-16.02755     0.70420  -12.261261  -75.967632   -0.133    0.179  1
RGI60-16.01939     0.70402   -9.997089  -77.006706   -0.447    0.166  1
RGI60-16.02034     0.70209  -11.881565  -75.061106   -0.180    0.194  1
RGI60-16.02319     0.69918   -9.239332  -77.530510   -0.280    0.155  1
RGI60-16.00443     0.69646  -24.192610  -68.051441    0.064    0.139  1
RGI60-16.00449     0.69645  -24.709961  -68.548640   -0.092    0.138  1
RGI60-16.02015     0.69186   -9.836962  -77.177623   -0.580    0.176  1
RGI60-16.00385     0.69175  -13.222447  -73.072420   -0.395    0.195  1
RGI60-16.00430     0.69118  -13.145633  -72.232228   -0.290    0.232  1
RGI60-16.00398     0.68962  -13.221238  -73.065386   -0.225    0.195  1
RGI60-16.00689     0.68787  -15.981020  -68.432124   -0.369    0.176  1
RGI60-16.01662     0.68627   -4.083187  137.180840   -1.195    0.354  1
RGI60-16.00774     0.68238  -15.047305  -69.095404   -0.063    0.179  1
RGI60-16.00861     0.68127  -14.677982  -69.163765   -1.843    0.424  1
RGI60-16.01555     0.68039  -14.605136  -72.466681   -0.444    0.157  1
RGI60-16.00704     0.67990  -15.920163  -68.351347   -0.202    0.176  1
RGI60-16.02769     0.67988  -12.229640  -75.979773   -0.165    0.184  1
RGI60-16.00444     0.67767  -24.208547  -68.065263   -0.025    0.134  1
RGI60-16.01450     0.67746  -15.344601  -68.839759    0.156    0.204  1
RGI60-16.00728     0.67642  -15.898857  -68.554125   -0.015    0.154  1
RGI60-16.00581     0.66762  -16.167476  -68.218733   -1.103    0.254  1
RGI60-16.01411     0.66591   10.840969  -73.680638   -0.303    0.225  1
RGI60-16.01693     0.66167  -11.891069  -75.985283   -0.569    0.478  1
RGI60-16.01220     0.66162  -13.890053  -70.385818   -0.814    0.227  1
RGI60-16.00395     0.66093  -13.212773  -73.062943   -0.201    0.192  1
RGI60-16.01510     0.65932  -18.424676  -69.079456   -0.126    0.143  1
RGI60-16.02399     0.65932   -9.095644  -77.632393   -0.257    0.201  1
RGI60-16.02151     0.65776   -9.405611  -77.439782   -0.231    0.176  1
RGI60-16.00425     0.65708  -13.154919  -72.328338    0.041    0.338  1
RGI60-16.02538     0.65639   -8.899425  -77.614433   -0.142    0.206  1
RGI60-16.02061     0.65176   -9.776144  -77.252713   -0.247    0.183  1
RGI60-16.00292     0.65163  -13.297358  -72.585491   -0.169    0.223  1
RGI60-16.02596     0.65016   -8.685176  -77.772226   -0.327    0.205  1
RGI60-16.00144     0.64977  -15.366194  -70.674780   -0.003    0.152  1
RGI60-16.01233     0.64942  -13.879174  -71.126289   -0.777    0.226  1
RGI60-16.00532     0.64865  -16.302345  -68.106357   -0.444    0.167  1
RGI60-16.00647     0.64833  -16.012485  -68.418035   -0.343    0.166  1
RGI60-16.00455     0.64665  -24.234582  -68.109243    0.002    0.133  1
RGI60-16.02204     0.64583   -9.572912  -77.305874   -0.379    0.205  1
RGI60-16.01575     0.64328  -18.126735  -69.122294   -0.144    0.159  1
RGI60-16.02295     0.64244   -9.334347  -77.307856   -0.674    0.215  1
RGI60-16.00247     0.64164  -13.369064  -72.599235   -0.309    0.209  1
RGI60-16.02451     0.64152   -8.999929  -77.593840   -0.412    0.235  1
RGI60-16.02153     0.63951   -9.387352  -77.407297   -0.475    0.181  1
RGI60-16.01504     0.63862  -18.430260  -69.097360   -0.012    0.147  1
RGI60-16.01223     0.63849  -13.874186  -70.417793   -0.512    0.237  1
RGI60-16.01618     0.63472   19.037461  -97.269406   -0.300    0.166  1
RGI60-16.02056     0.63320  -11.925289  -75.045719   -0.150    0.164  1
RGI60-16.01461     0.63034  -15.722377  -71.870768   -0.699    0.261  1
RGI60-16.02544     0.62979   -8.852670  -77.662686   -0.029    0.278  1
RGI60-16.00171     0.62978  -15.389798  -70.682258    0.083    0.156  1
RGI60-16.00656     0.62949  -16.025553  -68.344907   -0.478    0.204  1
RGI60-16.02340     0.62934   -9.261426  -77.453564   -0.147    0.189  1
RGI60-16.01979     0.62899   -9.921901  -77.204219   -0.465    0.174  1
RGI60-16.02203     0.62883   -9.350743  -77.328631   -0.201    0.203  1
RGI60-16.02736     0.62876  -12.319493  -75.944092   -0.009    0.198  1
RGI60-16.00632     0.62838  -15.920475  -68.481687   -0.532    0.186  1
RGI60-16.01470     0.62730  -21.222305  -68.486395   -0.134    0.146  1
RGI60-16.00884     0.62654  -14.701465  -69.183230   -0.342    0.185  1
RGI60-16.00531     0.62490  -16.299442  -68.097833   -0.633    0.216  1
RGI60-16.00409     0.62411  -13.179643  -72.769265   -0.587    0.221  1
RGI60-16.01204     0.62338  -13.892328  -70.449051   -0.666    0.196  1
RGI60-16.00399     0.62320  -13.232152  -73.069134   -0.372    0.202  1
RGI60-16.02762     0.62223  -12.232884  -75.968417   -0.203    0.189  1
RGI60-16.00669     0.62198  -15.946245  -68.417498   -0.220    0.171  1
RGI60-16.00952     0.62140  -14.314649  -69.780253   -0.261    0.188  1
RGI60-16.01416     0.62117   10.834990  -73.731984   -0.656    0.254  1
RGI60-16.00415     0.62066  -13.166960  -72.255872   -1.760    0.353  1
RGI60-16.01870     0.61848  -10.291128  -76.945200   -0.021    0.153  1
RGI60-16.01655     0.61632   -3.057150   37.350680   -0.290    0.163  1
RGI60-16.02054     0.61577  -11.870874  -75.045777   -0.644    0.196  1
RGI60-16.01996     0.61565   -9.854591  -77.190987   -0.434    0.176  1
RGI60-16.02751     0.61525  -12.265921  -75.987302    0.040    0.225  1
RGI60-16.00462     0.61484  -16.140538  -68.329248   -0.289    0.186  1
RGI60-16.00931     0.61287  -14.592005  -69.439785   -0.661    0.215  1
RGI60-16.01766     0.61119  -10.477392  -76.733478   -0.329    0.198  1
RGI60-16.02291     0.61057   -9.303904  -77.340395   -0.417    0.179  1
RGI60-16.02443     0.61009   -8.972570  -77.676650   -0.066    0.204  1
RGI60-16.00028     0.60940  -16.301596  -70.343214   -0.088    0.154  1
RGI60-16.01580     0.60895  -18.133483  -69.130475   -0.067    0.151  1
RGI60-16.02504     0.60819   -8.898435  -77.706397   -0.242    0.231  1
RGI60-16.00857     0.60692  -14.728566  -69.272642   -0.049    0.160  1
RGI60-16.02740     0.60428  -12.336194  -75.950245   -0.400    0.252  1
RGI60-16.01192     0.60122  -13.710747  -70.729423   -1.362    0.258  1
RGI60-16.02595     0.60119   -8.692390  -77.768381   -0.406    0.200  1
RGI60-16.00488     0.60114  -16.618266  -67.814101    0.085    0.185  1
RGI60-16.02454     0.59860   -9.034237  -77.688803   -0.175    0.173  1
RGI60-16.01208     0.59662  -13.707444  -70.850439   -0.983    0.230  1
RGI60-16.01556     0.59591  -18.385722  -69.053118   -0.413    0.170  1
RGI60-16.01036     0.59557  -13.689592  -71.092106   -0.353    0.193  1
RGI60-16.00655     0.59499  -16.065640  -68.372835   -0.198    0.190  1
RGI60-16.02771     0.59355  -12.227938  -75.992132   -0.238    0.181  1
RGI60-16.02320     0.59240   -9.266192  -77.438847   -0.009    0.214  1
RGI60-16.01536     0.59201  -18.422312  -69.048788   -0.071    0.147  1
RGI60-16.02522     0.58926  -11.849170  -75.087925   -0.570    0.208  1
RGI60-16.02017     0.58609   -9.823940  -77.175026   -0.404    0.176  1
RGI60-16.00245     0.58595  -13.384413  -72.616616   -0.063    0.232  1
RGI60-16.00923     0.58431  -14.623436  -69.344378   -0.411    0.205  1
RGI60-16.02520     0.58276   -8.872995  -77.710274   -0.046    0.198  1
RGI60-16.01295     0.57906  -13.834762  -71.342839    0.019    0.181  1
RGI60-16.01561     0.57535  -18.385387  -69.042313   -0.051    0.149  1
RGI60-16.01508     0.57513  -18.426185  -69.085750   -0.053    0.148  1
RGI60-16.00538     0.57190  -16.923525  -67.344569   -0.683    0.211  1
RGI60-16.01881     0.57185  -10.228843  -76.896231   -0.305    0.175  1
RGI60-16.01101     0.57080  -13.611326  -70.777451   -0.730    0.256  1
RGI60-16.02808     0.57065  -11.953333  -74.829577   -0.860    0.236  1
RGI60-16.01277     0.56867  -13.787593  -71.110932   -0.189    0.154  1
RGI60-16.00659     0.56805  -16.033122  -68.366744   -0.688    0.186  1
RGI60-16.00319     0.56597  -13.258648  -72.951556   -0.571    0.205  1
RGI60-16.00775     0.56550  -15.024742  -68.990858    0.058    0.193  1
RGI60-16.01754     0.56435  -10.457326  -76.765396   -2.478    0.407  1
RGI60-16.01269     0.56298  -13.786805  -71.090447   -0.456    0.179  1
RGI60-16.02055     0.56245  -11.872063  -75.051370   -0.268    0.196  1
RGI60-16.02460     0.56133   -8.953746  -77.656592    0.002    0.196  1
RGI60-16.00650     0.56125  -16.056220  -68.345598   -0.759    0.206  1
RGI60-16.00851     0.56009  -16.982413  -67.341029   -0.515    0.196  1
RGI60-16.01722     0.55973  -10.533700  -75.933449    0.015    0.281  1
RGI60-16.00407     0.55945  -13.183081  -72.778662   -0.759    0.279  1
RGI60-16.00350     0.55918  -13.256142  -72.746664   -0.327    0.182  1
RGI60-16.01878     0.55906  -10.318364  -76.872004   -0.546    0.222  1
RGI60-16.02625     0.55835  -11.997776  -75.992113   -0.000    0.222  1
RGI60-16.02832     0.55762  -11.727983  -74.945874   -0.452    0.181  1
RGI60-16.00701     0.55735  -15.918469  -68.331378   -0.378    0.198  1
RGI60-16.01815     0.55710  -10.402301  -76.883280   -0.329    0.161  1
RGI60-16.00533     0.55681  -16.255919  -68.090143   -0.485    0.180  1
RGI60-16.00610     0.55508  -16.202334  -68.208877   -0.781    0.228  1
RGI60-16.00123     0.55363  -15.331204  -70.941632   -0.037    0.152  1
RGI60-16.02773     0.55110  -12.223346  -75.995922   -0.142    0.173  1
RGI60-16.02067     0.55080   -9.757360  -77.241511   -0.645    0.208  1
RGI60-16.01503     0.54895  -18.420675  -69.093953   -0.222    0.157  1
RGI60-16.01753     0.54775  -10.466603  -76.765394   -1.264    0.253  1
RGI60-16.02397     0.54572   -9.134256  -77.578466   -0.378    0.198  1
RGI60-16.01720     0.54381  -10.539457  -75.925565   -0.247    0.240  1
RGI60-16.01065     0.54296  -13.787268  -70.827099   -0.992    0.257  1
RGI60-16.02761     0.54246  -12.239616  -75.967736   -0.173    0.202  1
RGI60-16.00151     0.54228  -15.380140  -70.643574   -0.093    0.151  1
RGI60-16.02883     0.54218  -11.545493  -76.248356   -0.085    0.178  1
RGI60-16.01236     0.54199  -13.871859  -70.357139   -0.592    0.235  1
RGI60-16.02028     0.54180   -9.788577  -77.262991   -0.393    0.168  1
RGI60-16.02321     0.54096   -9.297592  -77.493658   -0.642    0.220  1
RGI60-16.00246     0.53866  -13.373979  -72.630572   -0.008    0.191  1
RGI60-16.01290     0.53769  -13.837511  -71.304209   -0.760    0.266  1
RGI60-16.01972     0.53601   -9.970492  -77.263933   -0.278    0.191  1
RGI60-16.01666     0.53546  -10.760760  -76.594413   -1.420    0.312  1
RGI60-16.01182     0.53463  -14.011366  -70.828381   -0.061    0.162  1
RGI60-16.00150     0.53271  -15.397625  -70.678944    0.054    0.167  1
RGI60-16.02193     0.53111   -9.372167  -77.362330   -0.069    0.187  1
RGI60-16.00302     0.53106  -13.293732  -72.374833   -0.365    0.276  1
RGI60-16.00295     0.52895  -13.292288  -72.401952    0.166    0.246  1
RGI60-16.02448     0.52844   -8.975369  -77.687462    0.035    0.235  1
RGI60-16.02543     0.52809   -8.842130  -77.663925   -0.348    0.234  1
RGI60-16.01001     0.52466  -13.732161  -70.696068   -1.208    0.245  1
RGI60-16.02573     0.52391   -8.829260  -77.687457   -0.648    0.202  1
RGI60-16.00730     0.52112  -15.860752  -68.489684   -0.402    0.185  1
RGI60-16.00226     0.51984  -13.399504  -72.660140   -0.061    0.189  1
RGI60-16.02323     0.51860   -9.247553  -77.473723   -0.264    0.226  1
RGI60-16.00403     0.51768  -13.220250  -73.109595   -0.901    0.240  1
RGI60-16.02661     0.51723  -11.960776  -76.042771   -0.574    0.223  1
RGI60-16.02815     0.51377  -11.937011  -76.143175   -0.021    0.203  1
RGI60-16.01115     0.51237  -14.064903  -70.703531   -0.029    0.157  1
RGI60-16.01723     0.50998  -10.524106  -75.950390   -0.448    0.244  1
RGI60-16.00308     0.50940  -13.309650  -72.499406   -0.318    0.237  1
RGI60-16.02423     0.50892   -9.028660  -77.573217   -0.391    0.254  1
RGI60-16.00662     0.50808  -16.017273  -68.350206   -0.600    0.235  1
RGI60-16.02035     0.50776  -11.905527  -75.056571   -0.217    0.193  1
RGI60-16.00608     0.50414  -16.082500  -68.294451   -0.517    0.194  1
RGI60-16.00947     0.50413  -14.341934  -69.729565   -0.839    0.205  1
RGI60-16.00010     0.50411  -16.416748  -70.563439   -0.032    0.150  1
RGI60-16.02602     0.50354   -8.687370  -77.790972   -0.184    0.183  1
RGI60-16.00236     0.50321  -13.369764  -72.539364   -0.301    0.224  1
RGI60-16.00040     0.50200  -16.256669  -70.340598   -0.048    0.148  1
RGI60-16.01068     0.50097  -13.762998  -70.821647   -0.482    0.176  1
RGI60-16.00653     0.49783  -15.989105  -68.450831   -0.201    0.170  1
RGI60-16.00901     0.49718  -14.791199  -69.137755   -1.141    0.373  1
RGI60-16.01481     0.49593  -15.533032  -72.673782   -0.436    0.176  1
RGI60-16.01005     0.49586  -13.725096  -70.689488   -1.477    0.320  1
RGI60-16.00258     0.49477  -13.370477  -72.760162   -0.357    0.209  1
RGI60-16.02541     0.49464   -8.843983  -77.604013   -0.070    0.368  1
RGI60-16.00745     0.49444  -15.825655  -68.460313   -0.416    0.178  1
RGI60-16.00094     0.49371  -15.562445  -70.825630   -0.025    0.167  1
RGI60-16.01322     0.49332   -1.410514  -78.749765    0.016    0.210  1
RGI60-16.01361     0.49320    6.379750  -72.256178   -1.300    0.323  1
RGI60-16.00018     0.49298  -16.371323  -70.546846    0.079    0.154  1
RGI60-16.01882     0.49244  -10.341569  -76.870310   -0.475    0.204  1
RGI60-16.01380     0.48883    6.443382  -72.277106    0.180    0.214  1
RGI60-16.01013     0.48809  -13.755366  -70.896364    0.017    0.152  1
RGI60-16.01692     0.48730  -11.902597  -75.989212   -0.428    0.250  1
RGI60-16.00145     0.48730  -15.300319  -70.746325   -0.034    0.152  1
RGI60-16.01267     0.48666  -13.693028  -71.163335   -0.845    0.300  1
RGI60-16.01368     0.48600    6.450908  -72.260692   -0.168    0.193  1
RGI60-16.00539     0.48594  -16.266800  -68.177474   -0.143    0.190  1
RGI60-16.02545     0.48536   -8.873461  -77.628992   -1.964    0.492  1
RGI60-16.00064     0.48405  -16.105565  -70.247960   -0.022    0.159  1
RGI60-16.00587     0.48393  -16.133916  -68.286735   -0.187    0.190  1
RGI60-16.01645     0.48344   -3.082248   37.352139   -0.466    0.222  1
RGI60-16.01133     0.48058  -13.543659  -71.197175   -0.449    0.192  1
RGI60-16.00879     0.48038  -14.793008  -69.129826   -0.264    0.199  1
RGI60-16.02218     0.48033   -9.433840  -77.301188   -0.468    0.205  1
RGI60-16.01000     0.47894  -13.727666  -70.700265    0.033    0.193  1
RGI60-16.01434     0.47862   -1.998485  -78.346629    0.558    0.231  1
RGI60-16.00918     0.47633  -14.594623  -69.230968   -1.299    0.280  1
RGI60-16.01050     0.47618  -13.661352  -71.044035    0.094    0.239  1
RGI60-16.02163     0.47606   -9.360516  -77.449369   -0.353    0.174  1
RGI60-16.00836     0.47601  -16.889920  -67.453465   -0.539    0.240  1
RGI60-16.01165     0.47565  -14.035500  -70.212747   -1.175    0.286  1
RGI60-16.00309     0.47176  -13.292234  -72.509810   -0.263    0.226  1
RGI60-16.02330     0.47130   -9.272223  -77.404365   -0.323    0.190  1
RGI60-16.00042     0.47125  -16.257671  -70.348714   -0.049    0.150  1
RGI60-16.01167     0.47033  -14.041937  -70.211440   -0.530    0.225  1
RGI60-16.01873     0.47014  -10.303958  -76.960335   -0.106    0.156  1
RGI60-16.02819     0.46983  -11.930433  -74.822102   -0.918    0.250  1
RGI60-16.01104     0.46968  -13.588528  -70.790534   -1.581    0.366  1
RGI60-16.00305     0.46937  -13.325096  -72.496547   -0.027    0.280  1
RGI60-16.01463     0.46793  -15.726935  -71.884263   -0.744    0.224  1
RGI60-16.00020     0.46765  -17.929576  -68.906761   -0.011    0.165  1
RGI60-16.01294     0.46734  -13.848296  -71.339635   -0.022    0.173  1
RGI60-16.02770     0.46634  -12.260607  -75.954094   -0.358    0.237  1
RGI60-16.02367     0.46576   -9.125824  -77.505419   -0.445    0.226  1
RGI60-16.00439     0.46553  -13.005472  -72.225708   -0.356    0.273  1
RGI60-16.02019     0.46539   -9.831035  -77.178716   -0.048    0.170  1
RGI60-16.00222     0.46420  -13.417084  -72.698087   -0.400    0.222  1
RGI60-16.00296     0.46408  -13.300408  -72.396357    0.033    0.239  1
RGI60-16.01297     0.46376  -13.680623  -70.860810   -1.169    0.277  1
RGI60-16.02108     0.46248   -9.564182  -77.373547   -0.178    0.186  1
RGI60-16.01594     0.46062  -15.825401  -71.885146   -0.217    0.170  1
RGI60-16.01990     0.46062  -11.869981  -74.873320    0.113    0.196  1
RGI60-16.01387     0.46045   -2.257588  -78.503661    0.596    0.479  1
RGI60-16.02667     0.46036  -11.972512  -76.018527   -0.450    0.252  1
RGI60-16.02402     0.45934   -9.080679  -77.555974   -0.335    0.270  1
RGI60-16.00528     0.45720  -16.304739  -68.094061   -1.092    0.237  1
RGI60-16.01163     0.45714  -14.034571  -70.186860   -0.432    0.196  1
RGI60-16.01391     0.45627    8.547397  -71.000088   -0.887    0.379  1
RGI60-16.01611     0.45598  -18.414920  -69.097571   -0.262    0.157  1
RGI60-16.02209     0.45390   -9.360025  -77.362601    0.028    0.251  1
RGI60-16.01734     0.45190  -10.512904  -75.890223   -0.674    0.898  1
RGI60-16.00641     0.45186  -15.939206  -68.372313   -0.379    0.204  1
RGI60-16.00834     0.45080  -16.904011  -67.429258   -0.487    0.226  1
RGI60-16.01559     0.44915  -18.388538  -69.047678   -0.406    0.187  1
RGI60-16.02369     0.44800   -9.109001  -77.447842   -0.127    0.198  1
RGI60-16.02219     0.44720   -9.462884  -77.313234   -0.872    0.259  1
RGI60-16.02208     0.44683   -9.466516  -77.314404   -0.823    0.309  1
RGI60-16.02276     0.44658   -9.279642  -77.304795   -0.090    0.206  1
RGI60-16.00845     0.44593  -16.955353  -67.360205   -0.272    0.182  1
RGI60-16.00353     0.44352  -13.252890  -72.871689   -0.063    0.176  1
RGI60-16.01969     0.44350   -9.945118  -77.246140   -0.066    0.155  1
RGI60-16.02575     0.44106   -8.815112  -77.695290   -0.454    0.205  1
RGI60-16.01587     0.44086  -18.108016  -68.887674    0.108    0.174  1
RGI60-16.00795     0.43981  -14.955500  -69.095591   -0.476    0.226  1
RGI60-16.01583     0.43972  -18.111276  -68.880022   -0.021    0.167  1
RGI60-16.00112     0.43963  -15.360044  -70.768657   -0.040    0.165  1
RGI60-16.02342     0.43850   -9.260258  -77.446478   -1.632    0.375  1
RGI60-16.01529     0.43644  -15.403051  -72.913705   -0.191    0.177  1
RGI60-16.01900     0.43578  -10.215432  -76.911534   -0.210    0.222  1
RGI60-16.01203     0.43325  -13.898505  -70.450595   -0.857    0.239  1
RGI60-16.02786     0.43309  -12.187340  -75.917796   -0.808    0.279  1
RGI60-16.02702     0.43244  -13.381089  -74.639150    0.009    0.188  1
RGI60-16.02836     0.43150  -11.738734  -74.946054   -0.896    0.296  1
RGI60-16.02210     0.43027   -9.533570  -77.323705   -0.448    0.189  1
RGI60-16.02548     0.42839   -8.901066  -77.656598   -0.104    0.207  1
RGI60-16.00686     0.42814  -15.997709  -68.407174   -0.282    0.195  1
RGI60-16.00577     0.42746  -16.087406  -68.272813   -0.619    0.264  1
RGI60-16.02716     0.42742  -12.637254  -75.459464   -0.307    0.193  1
RGI60-16.01400     0.42729   10.819174  -73.609565   -0.114    0.211  1
RGI60-16.02138     0.42676   -9.408657  -77.411373   -0.298    0.289  1
RGI60-16.00307     0.42565  -13.297442  -72.502006   -0.447    0.235  1
RGI60-16.00349     0.42523  -13.269470  -72.750864   -0.299    0.194  1
RGI60-16.00335     0.42504  -13.242310  -72.858575   -0.230    0.187  1
RGI60-16.01215     0.42499  -13.918662  -70.411994   -0.478    0.215  1
RGI60-16.00316     0.42389  -13.261056  -72.359907    0.315    0.255  1
RGI60-16.02833     0.42224  -11.731930  -74.941847   -1.340    0.301  1
RGI60-16.02768     0.41921  -12.264559  -75.957026   -0.383    0.248  1
RGI60-16.00631     0.41854  -15.968003  -68.365607   -0.499    0.232  1
RGI60-16.00820     0.41806  -16.895240  -67.459652   -0.720    0.243  1
RGI60-16.01577     0.41767  -18.137260  -69.124769   -0.066    0.156  1
RGI60-16.00278     0.41699  -13.308716  -73.063601    0.152    0.226  1
RGI60-16.00045     0.41691  -16.224715  -70.321691   -0.104    0.152  1
RGI60-16.01393     0.41625   10.788707  -73.641226   -0.302    0.206  1
RGI60-16.02053     0.41556  -11.899638  -75.056673   -0.121    0.188  1
RGI60-16.01949     0.41490   -9.975345  -77.018119   -1.568    0.370  1
RGI60-16.00129     0.41443  -15.338903  -70.763264   -0.010    0.148  1
RGI60-16.02452     0.41365   -8.983262  -77.696227   -0.362    0.273  1
RGI60-16.00031     0.41342  -16.288577  -70.338828   -0.154    0.162  1
RGI60-16.02752     0.41256  -12.275059  -75.950285   -0.284    0.187  1
RGI60-16.00328     0.41210  -13.223967  -72.880941   -0.306    0.213  1
RGI60-16.01185     0.41208  -13.940768  -70.367587   -0.182    0.227  1
RGI60-16.01330     0.41137   -0.779628  -78.330948    0.165    0.397  1
RGI60-16.00257     0.41134  -13.384602  -72.732909   -0.249    0.175  1
RGI60-16.01739     0.41130  -10.496290  -76.860303   -0.346    0.168  1
RGI60-16.01751     0.41079  -10.470071  -76.855399   -0.478    0.223  1
RGI60-16.02016     0.40830   -9.833283  -77.171158   -0.367    0.174  1
RGI60-16.02006     0.40758   -9.825606  -77.202425   -0.910    0.273  1
RGI60-16.02007     0.40565   -9.837433  -77.212976   -0.367    0.197  1
RGI60-16.02820     0.40500  -11.919576  -75.977017   -0.499    0.343  1
RGI60-16.00125     0.40424  -15.325294  -70.760517    0.020    0.151  1
RGI60-16.02225     0.40400   -9.468540  -77.327124    0.110    0.214  1
RGI60-16.01551     0.40362  -14.617970  -72.508545   -0.413    0.166  1
RGI60-16.01373     0.40230    6.423808  -72.278469   -0.511    0.222  1
RGI60-16.01822     0.40230  -10.387603  -76.875568   -0.080    0.287  1
RGI60-16.02214     0.40008   -9.342675  -77.332312   -0.514    0.258  1
RGI60-16.01531     0.39997  -15.238435  -72.640075   -0.396    0.165  1
RGI60-16.00035     0.39971  -16.237751  -70.370043    0.003    0.161  1
RGI60-16.01569     0.39964  -18.170946  -69.136401   -0.072    0.177  1
RGI60-16.01844     0.39863  -10.478143  -76.776701   -0.314    0.209  1
RGI60-16.01576     0.39832  -18.130269  -69.135142    0.032    0.175  1
RGI60-16.01464     0.39800  -15.722013  -71.880061   -0.986    0.234  1
RGI60-16.02334     0.39797   -9.147155  -77.516637    0.097    0.237  1
RGI60-16.00229     0.39643  -13.409970  -72.617329    0.090    0.196  1
RGI60-16.02206     0.39633   -9.416282  -77.314937   -0.474    0.224  1
RGI60-16.02140     0.39600   -9.431880  -77.430425   -0.377    0.190  1
RGI60-16.01958     0.39510   -9.954394  -77.225153   -0.313    0.185  1
RGI60-16.00780     0.39445  -14.962143  -69.078208   -0.411    0.242  1
RGI60-16.01456     0.39445  -22.147860  -68.110023    0.075    0.161  1
RGI60-16.02103     0.39425   -9.567595  -77.353572   -0.322    0.176  1
RGI60-16.01727     0.39393  -10.521399  -75.927364   -0.361    0.262  1
RGI60-16.01426     0.39195   10.864948  -73.721495   -0.264    0.223  1
RGI60-16.02233     0.39149   -9.324915  -77.409152   -0.543    0.242  1
RGI60-16.00260     0.39123  -13.390079  -72.732052   -0.320    0.190  1
RGI60-16.01527     0.39060  -15.413314  -72.891434   -0.418    0.223  1
RGI60-16.02269     0.39029   -9.290403  -77.375769   -0.996    0.269  1
RGI60-16.02631     0.38991  -11.943440  -76.049482   -0.730    0.288  1
RGI60-16.00698     0.38943  -15.907588  -68.362155   -0.329    0.194  1
RGI60-16.00802     0.38866  -14.919277  -69.113494   -0.607    0.227  1
RGI60-16.02455     0.38847   -8.968522  -77.694543   -0.059    0.248  1
RGI60-16.01631     0.38666    0.376902   29.874529   -2.120    0.742  1
RGI60-16.02884     0.38662  -11.540356  -76.250231   -0.724    0.294  1
RGI60-16.00491     0.38626  -16.538183  -67.792848   -0.024    0.193  1
RGI60-16.00210     0.38439  -15.100669  -71.332289    0.055    0.169  1
RGI60-16.00962     0.38411  -14.271268  -69.800400   -1.266    0.312  1
RGI60-16.01395     0.38397   -1.745962  -78.480613    0.099    0.228  1
RGI60-16.00940     0.38248  -14.538757  -69.431850   -0.567    0.246  1
RGI60-16.02745     0.38150  -11.798363  -74.998613   -1.208    0.380  1
RGI60-16.00920     0.38071  -14.596746  -69.224780   -0.634    0.265  1
RGI60-16.01197     0.38053  -13.927556  -70.356806   -1.221    0.273  1
RGI60-16.01288     0.38011  -13.862292  -71.125080   -0.266    0.183  1
RGI60-16.02403     0.37964   -9.097686  -77.560065   -0.210    0.202  1
RGI60-16.00471     0.37626  -14.240606  -69.773871   -0.293    0.213  1
RGI60-16.01227     0.37556  -13.914772  -70.435141   -0.528    0.223  1
RGI60-16.00806     0.37520  -14.861552  -69.160760   -0.513    0.218  1
RGI60-16.01925     0.37438  -11.879691  -74.847675   -0.128    0.196  1
RGI60-16.00250     0.37326  -13.345727  -72.441159   -0.667    0.353  1
RGI60-16.00966     0.37252  -17.061891  -67.237451   -0.308    0.214  1
RGI60-16.00259     0.37170  -13.349355  -72.763279   -0.255    0.226  1
RGI60-16.00579     0.37133  -16.117152  -68.281849   -0.465    0.244  1
RGI60-16.01937     0.37080  -10.027134  -76.989387   -1.828    0.509  1
RGI60-16.01039     0.37058  -13.798813  -70.834934   -0.441    0.207  1
RGI60-16.01270     0.37052  -13.748937  -71.192341   -0.502    0.233  1
RGI60-16.02227     0.37010   -9.603851  -77.314134   -0.898    0.257  1
RGI60-16.01038     0.36980  -13.673517  -71.052874   -0.101    0.194  1
RGI60-16.00458     0.36900  -22.505969  -67.071292   -0.032    0.156  1
RGI60-16.01885     0.36870  -10.233780  -76.890776   -0.207    0.185  1
RGI60-16.02224     0.36853   -9.353764  -77.364260    0.014    0.236  1
RGI60-16.02550     0.36786   -8.838765  -77.594226   -0.151    0.253  1
RGI60-16.01672     0.36736  -10.740074  -76.613462   -0.641    0.188  1
RGI60-16.01872     0.36642  -10.286704  -76.937746   -0.274    0.181  1
RGI60-16.00661     0.36604  -15.924037  -68.449759   -0.838    0.237  1
RGI60-16.02425     0.36584   -9.008538  -77.582399   -0.532    0.242  1
RGI60-16.00009     0.36568  -16.477353  -69.877774   -0.085    0.179  1
RGI60-16.01033     0.36522  -13.815312  -70.876028    0.014    0.168  1
RGI60-16.01884     0.36488  -10.244555  -76.899917   -0.070    0.203  1
RGI60-16.00068     0.36389  -16.099113  -70.266712    0.049    0.176  1
RGI60-16.00146     0.36319  -15.292397  -70.751213   -0.038    0.150  1
RGI60-16.02782     0.36259  -12.183198  -75.878907   -0.241    0.238  1
RGI60-16.00420     0.36232  -13.154693  -72.431530   -0.770    0.471  1
RGI60-16.02404     0.36185   -9.095190  -77.614766   -0.074    0.285  1
RGI60-16.01384     0.36180    6.523636  -72.313393   -0.572    0.214  1
RGI60-16.00797     0.36179  -14.940610  -69.069710   -0.007    0.223  1
RGI60-16.02579     0.36121   -8.802765  -77.748831   -0.398    0.224  1
RGI60-16.00588     0.36104  -16.126269  -68.261450   -0.557    0.298  1
RGI60-16.02549     0.36054   -8.841132  -77.659416   -0.621    0.251  1
RGI60-16.01413     0.36044   10.837255  -73.710093   -0.306    0.188  1
RGI60-16.01805     0.36035  -10.418106  -76.972687   -0.261    0.187  1
RGI60-16.02176     0.36000   -9.452952  -77.306249   -1.374    0.396  1
RGI60-16.00838     0.35963  -16.899139  -67.436374   -0.133    0.236  1
RGI60-16.00553     0.35941  -16.081653  -68.209069   -0.760    0.245  1
RGI60-16.02160     0.35936   -9.355816  -77.441074   -0.579    0.204  1
RGI60-16.00157     0.35850  -15.371245  -70.648234   -0.061    0.153  1
RGI60-16.02105     0.35657   -9.563959  -77.380495   -0.327    0.201  1
RGI60-16.01357     0.35569    4.904366  -75.322814   -0.344    0.214  1
RGI60-16.01378     0.35542    6.497197  -72.299511   -0.067    0.361  1
RGI60-16.01585     0.35535  -18.112986  -68.887414   -0.035    0.169  1
RGI60-16.01467     0.35533  -15.739560  -71.862222   -0.808    0.276  1
RGI60-16.00378     0.35520  -13.191790  -72.109606   -0.795    0.235  1
RGI60-16.01656     0.35487   -3.052034   37.347257   -0.564    0.215  1
RGI60-16.00732     0.35419  -15.838114  -68.444462   -1.332    0.304  1
RGI60-16.00977     0.35371  -13.766245  -71.242551   -1.737    0.421  1
RGI60-16.01538     0.35296  -18.419894  -69.042413    0.079    0.166  1
RGI60-16.01173     0.35228  -14.039995  -70.785939    0.010    0.163  1
RGI60-16.01791     0.35023  -10.423145  -76.757093   -0.855    0.314  1
RGI60-16.00665     0.34998  -15.982745  -68.442351   -0.382    0.213  1
RGI60-16.01941     0.34982  -10.000441  -77.010120   -0.136    0.173  1
RGI60-16.00825     0.34877  -16.889557  -67.459995   -0.577    0.226  1
RGI60-16.01439     0.34819   -1.674049  -78.424010   -0.282    0.307  1
RGI60-16.02834     0.34687  -11.736674  -74.951308   -0.089    0.181  1
RGI60-16.00297     0.34678  -13.304997  -72.373659   -0.380    0.304  1
RGI60-16.00158     0.34558  -15.369786  -70.637652   -0.064    0.159  1
RGI60-16.00469     0.34478  -14.235910  -69.769593   -0.528    0.255  1
RGI60-16.00568     0.34426  -16.163798  -68.204101   -0.594    0.285  1
RGI60-16.01174     0.34370  -14.022988  -70.209835   -0.413    0.204  1
RGI60-16.01772     0.34335  -10.465772  -76.714434   -1.372    0.325  1
RGI60-16.01098     0.34295  -13.619178  -70.772987   -1.689    0.372  1
RGI60-16.00402     0.34220  -13.222419  -73.095260   -0.572    0.270  1
RGI60-16.01816     0.34110  -10.408746  -76.875582   -0.348    0.175  1
RGI60-16.01216     0.34099  -13.918291  -70.431882   -0.520    0.217  1
RGI60-16.01193     0.34036  -13.705673  -70.725237   -0.722    0.229  1
RGI60-16.00609     0.34033  -16.157635  -68.204965   -0.837    0.355  1
RGI60-16.01181     0.33975  -14.011547  -70.185083   -0.957    0.286  1
RGI60-16.01525     0.33840  -15.408576  -72.903562   -0.239    0.199  1
RGI60-16.01808     0.33797  -10.422041  -76.936538   -0.330    0.187  1
RGI60-16.00283     0.33668  -13.325893  -72.555573   -0.000    0.250  1
RGI60-16.00994     0.33624  -13.745780  -70.700796   -0.166    0.203  1
RGI60-16.00760     0.33591  -16.845095  -67.475285   -0.599    0.283  1
RGI60-16.00426     0.33582  -13.163944  -72.311140   -0.168    0.387  1
RGI60-16.01321     0.33508   -1.404946  -78.751214    0.175    0.272  1
RGI60-16.00737     0.33315  -15.836172  -68.508829   -0.408    0.195  1
RGI60-16.00273     0.33304  -13.350044  -72.785480    0.220    0.230  1
RGI60-16.01409     0.33300   10.845195  -73.705429   -0.673    0.286  1
RGI60-16.01968     0.33271   -9.967592  -77.232571   -0.451    0.211  1
RGI60-16.01067     0.33195  -13.771907  -70.812510   -0.405    0.207  1
RGI60-16.00535     0.33161  -16.258893  -68.082496   -0.434    0.201  1
RGI60-16.00618     0.33160  -16.053873  -68.297521   -0.560    0.197  1
RGI60-16.01041     0.33077  -13.817204  -70.858168    0.014    0.174  1
RGI60-16.00518     0.33033  -16.383695  -67.935605   -0.299    0.223  1
RGI60-16.00192     0.32891  -15.251523  -71.221539   -0.006    0.156  1
RGI60-16.00054     0.32856  -16.200045  -70.347196   -0.045    0.156  1
RGI60-16.01726     0.32837  -10.532748  -75.940582    0.064    0.231  1
RGI60-16.01207     0.32728  -13.714713  -70.846003   -0.685    0.228  1
RGI60-16.02333     0.32594   -9.231615  -77.467412   -0.414    0.229  1
RGI60-16.02329     0.32558   -9.144444  -77.521665   -0.528    0.340  1
RGI60-16.00384     0.32543  -13.234806  -73.096933   -0.188    0.222  1
RGI60-16.02345     0.32520   -9.138386  -77.516113   -0.165    0.229  1
RGI60-16.00821     0.32444  -16.955991  -67.386162   -1.097    0.267  1
RGI60-16.01842     0.32422  -10.439827  -76.783604   -0.477    0.231  1
RGI60-16.01557     0.32388  -18.378699  -69.046194   -0.239    0.184  1
RGI60-16.02456     0.32259   -8.986148  -77.706363   -0.132    0.257  1
RGI60-16.00612     0.32241  -16.168952  -68.260579    0.080    0.214  1
RGI60-16.02626     0.32238  -11.923081  -76.059489   -0.531    0.260  1
RGI60-16.00584     0.32215  -16.138189  -68.294040   -0.507    0.241  1
RGI60-16.00183     0.32214  -15.266183  -70.978686   -0.027    0.167  1
RGI60-16.00477     0.32202  -16.653718  -67.754171   -0.024    0.252  1
RGI60-16.01498     0.32178  -21.891546  -68.340226   -0.235    0.181  1
RGI60-16.01570     0.32109  -18.156592  -69.139496   -0.014    0.165  1
RGI60-16.02810     0.32048  -11.946379  -74.831850   -0.690    0.274  1
RGI60-16.00180     0.31959  -15.270713  -71.052805   -0.036    0.166  1
RGI60-16.01578     0.31947  -18.123521  -69.130390   -0.253    0.198  1
RGI60-16.01793     0.31806  -10.429449  -76.758409   -0.507    0.223  1
RGI60-16.01468     0.31756  -15.738191  -71.869620   -0.508    0.231  1
RGI60-16.01725     0.31621  -10.520659  -75.923105    3.685    1.142  1
RGI60-16.02503     0.31566   -8.902407  -77.711404   -0.147    0.217  1
RGI60-16.00889     0.31514  -14.729516  -69.228958   -0.660    0.210  1
RGI60-16.02142     0.31511   -9.436190  -77.461423   -0.875    0.263  1
RGI60-16.01619     0.31471   19.034721  -97.273138   -0.302    0.202  1
RGI60-16.02299     0.31448   -9.189446  -77.493109   -0.099    0.229  1
RGI60-16.01595     0.31420  -15.805799  -71.870162   -0.356    0.186  1
RGI60-16.00165     0.31258  -15.365212  -70.680295    0.065    0.158  1
RGI60-16.01451     0.31236  -15.311974  -68.953735    0.211    0.218  1
RGI60-16.02513     0.31049   -8.914551  -77.680684   -0.068    0.209  1
RGI60-16.00202     0.30936  -15.215182  -71.047257   -0.034    0.162  1
RGI60-16.01671     0.30900  -10.739866  -76.625838   -0.703    0.208  1
RGI60-16.00908     0.30895  -14.717930  -69.263995   -0.029    0.197  1
RGI60-16.01894     0.30863  -10.304735  -76.902559   -0.246    0.217  1
RGI60-16.00333     0.30858  -13.203754  -72.078198   -1.127    0.379  1
RGI60-16.02221     0.30816   -9.599046  -77.309748   -0.460    0.202  1
RGI60-16.00390     0.30776  -13.248157  -73.091289   -0.048    0.205  1
RGI60-16.01549     0.30755  -14.630220  -72.466025   -0.560    0.196  1
RGI60-16.01710     0.30746  -10.522128  -76.720751   -0.832    0.301  1
RGI60-16.02599     0.30626   -8.684480  -77.795459   -0.240    0.205  1
RGI60-16.01614     0.30599  -18.380605  -69.056468   -0.165    0.171  1
RGI60-16.01807     0.30380  -10.407997  -76.930074    0.027    0.187  1
RGI60-16.01431     0.30251   -2.238807  -78.538206   -0.003    0.246  1
RGI60-16.01258     0.30235  -13.860068  -70.401131   -0.887    0.348  1
RGI60-16.01172     0.30205  -14.028921  -70.178585   -0.786    0.240  1
RGI60-16.01257     0.30108  -13.876674  -71.143995   -0.113    0.182  1
RGI60-16.00684     0.30002  -16.062243  -68.359758   -0.414    0.262  1
RGI60-16.00351     0.29960  -13.237690  -72.854329   -0.239    0.198  1
RGI60-16.01364     0.29930   -1.814348  -78.423925    0.756    0.349  1
RGI60-16.00440     0.29914  -13.002963  -72.217785   -0.454    0.388  1
RGI60-16.00964     0.29883  -17.066586  -67.245281   -0.467    0.216  1
RGI60-16.00778     0.29860  -14.977107  -69.074991   -1.044    0.325  1
RGI60-16.02250     0.29823   -9.542598  -77.306388   -0.249    0.237  1
RGI60-16.00470     0.29821  -14.235569  -69.782268   -0.142    0.190  1
RGI60-16.01019     0.29710  -13.776126  -70.957104   -0.392    0.203  1
RGI60-16.01121     0.29591  -13.496182  -71.176675   -1.253    0.366  1
RGI60-16.00253     0.29500  -13.357346  -72.757303   -0.017    0.220  1
RGI60-16.00900     0.29485  -14.788945  -69.131340   -0.229    0.223  1
RGI60-16.00601     0.29473  -16.129014  -68.283451   -0.504    0.244  1
RGI60-16.00508     0.29450  -16.433570  -67.940753   -0.345    0.196  1
RGI60-16.02568     0.29271   -8.902672  -77.568122    0.063    0.421  1
RGI60-16.00709     0.29249  -15.890518  -68.369371   -0.049    0.229  1
RGI60-16.02370     0.29149   -9.130716  -77.504414   -0.608    0.295  1
RGI60-16.01004     0.29141  -13.726860  -70.836007   -0.759    0.246  1
RGI60-16.01568     0.29091  -18.161943  -69.135941   -0.040    0.189  1
RGI60-16.02368     0.29081   -9.104975  -77.446745   -0.631    0.285  1
RGI60-16.02337     0.29079   -9.287182  -77.481494   -0.262    0.215  1
RGI60-16.00242     0.29075  -13.356679  -72.575986   -0.014    0.302  1
RGI60-16.01541     0.29000  -18.417034  -69.051748   -0.284    0.203  1
RGI60-16.01596     0.28922  -15.828412  -71.881662   -0.169    0.173  1
RGI60-16.01829     0.28884  -10.371223  -76.862541   -0.211    0.199  1
RGI60-16.01254     0.28856  -14.104896  -70.743879   -0.108    0.188  1
RGI60-16.01427     0.28845   10.862183  -73.713122   -0.274    0.271  1
RGI60-16.00467     0.28765  -14.255288  -69.778344   -1.194    0.286  1
RGI60-16.01588     0.28700  -18.118186  -68.890064   -0.304    0.203  1
RGI60-16.00186     0.28659  -15.261674  -71.039790   -0.097    0.174  1
RGI60-16.00954     0.28646  -14.301051  -69.780477   -0.413    0.265  1
RGI60-16.00750     0.28635  -15.887057  -68.448479   -0.222    0.186  1
RGI60-16.02213     0.28620   -9.458180  -77.303338   -0.595    0.270  1
RGI60-16.01971     0.28610   -9.964376  -77.264468   -0.339    0.244  1
RGI60-16.02155     0.28591   -9.394737  -77.404800   -0.358    0.218  1
RGI60-16.02899     0.28530  -11.514655  -76.367136   -1.452    0.454  1
RGI60-16.02220     0.28525   -9.533369  -77.301728   -0.449    0.258  1
RGI60-16.00526     0.28478  -16.309295  -68.085807   -0.320    0.234  1
RGI60-16.02062     0.28413   -9.782972  -77.236712   -0.453    0.202  1
RGI60-16.00706     0.28354  -15.896736  -68.398356   -0.593    0.254  1
RGI60-16.02086     0.28260   -9.652933  -77.270904   -1.118    0.312  1
RGI60-16.00506     0.28258  -16.438305  -67.940031   -0.747    0.231  1
RGI60-16.01482     0.28185  -15.553804  -72.583049   -0.359    0.218  1
RGI60-16.00700     0.28173  -15.919193  -68.341484   -0.621    0.246  1
RGI60-16.00411     0.28138  -13.180124  -72.256128   -0.491    0.564  1
RGI60-16.00924     0.28093  -14.616394  -69.331488   -0.392    0.269  1
RGI60-16.02236     0.28032   -9.337460  -77.389651   -0.325    0.268  1
RGI60-16.02527     0.28032  -11.856613  -75.084112   -0.779    0.324  1
RGI60-16.01874     0.27970  -10.300843  -76.965049   -0.037    0.189  1
RGI60-16.00423     0.27855  -13.156263  -72.338232    0.134    0.368  1
RGI60-16.00530     0.27827  -16.311347  -68.078332   -0.181    0.195  1
RGI60-16.00585     0.27821  -16.117106  -68.247476   -1.096    0.302  1
RGI60-16.02097     0.27818   -9.596481  -77.371823   -0.502    0.221  1
RGI60-16.00911     0.27768  -14.647157  -69.281988   -0.979    0.394  1
RGI60-16.01153     0.27741  -14.057105  -70.799671   -0.572    0.227  1
RGI60-16.00330     0.27678  -13.217633  -72.995483   -0.507    0.341  1
RGI60-16.01092     0.27603  -13.624258  -70.779848   -0.903    0.270  1
RGI60-16.00934     0.27587  -14.612417  -69.329016   -0.356    0.277  1
RGI60-16.02555     0.27542   -8.846655  -77.665714   -0.111    0.297  1
RGI60-16.00162     0.27425  -15.315301  -70.729592   -0.010    0.176  1
RGI60-16.00221     0.27396  -13.435538  -72.686494   -0.098    0.229  1
RGI60-16.01533     0.27366  -15.227193  -72.635061    0.026    0.149  1
RGI60-16.01812     0.27361  -10.403926  -76.945681   -0.767    0.247  1
RGI60-16.01871     0.27360  -10.315847  -76.956206   -0.181    0.206  1
RGI60-16.00442     0.27339  -12.998248  -72.215701    0.232    0.535  1
RGI60-16.00658     0.27215  -16.006582  -68.418982   -0.148    0.208  1
RGI60-16.02803     0.27180  -11.954918  -76.083928   -0.130    0.207  1
RGI60-16.00447     0.27090  -21.933308  -66.886371   -0.088    0.170  1
RGI60-16.00681     0.27067  -16.071845  -68.338186   -0.126    0.230  1
RGI60-16.01385     0.27045    6.532182  -72.286581   -0.984    0.317  1
RGI60-16.01369     0.27000    6.454434  -72.255670   -0.817    0.303  1
RGI60-16.02076     0.26983  -13.052759  -75.041214   -0.062    0.162  1
RGI60-16.02339     0.26977   -9.271642  -77.422831   -0.318    0.219  1
RGI60-16.00522     0.26919  -16.364030  -67.934630   -0.030    0.196  1
RGI60-16.02910     0.26839  -11.449977  -74.965304   -2.076    0.457  1
RGI60-16.02336     0.26752   -9.136844  -77.519478   -0.608    0.332  1
RGI60-16.01093     0.26706  -14.174825  -70.821604   -0.106    0.178  1
RGI60-16.02476     0.26668   -8.992050  -77.712050   -0.289    0.264  1
RGI60-16.00306     0.26554  -13.300755  -72.494446    0.343    0.383  1
RGI60-16.02738     0.26474  -12.326835  -75.945408    0.031    0.305  1
RGI60-16.02037     0.26366  -11.875711  -75.035634   -0.217    0.255  1
RGI60-16.01934     0.26336  -10.012008  -77.176483   -0.610    0.245  1
RGI60-16.00740     0.26322  -15.826481  -68.472121   -0.354    0.202  1
RGI60-16.00590     0.26317  -16.101351  -68.305187   -0.501    0.271  1
RGI60-16.00284     0.26259  -13.327429  -72.559212   -0.034    0.260  1
RGI60-16.00743     0.26116  -15.830793  -68.466318   -0.167    0.204  1
RGI60-16.02554     0.26106   -8.878722  -77.628400    0.012    0.261  1
RGI60-16.02790     0.26100  -12.172950  -75.919513   -0.854    0.352  1
RGI60-16.00642     0.26098  -15.939897  -68.380496   -0.431    0.248  1
RGI60-16.02378     0.26073   -9.114760  -77.449728   -0.476    0.255  1
RGI60-16.01008     0.25885  -14.051284  -70.207872   -0.653    0.219  1
RGI60-16.01245     0.25860  -13.912124  -70.752347    0.036    0.166  1
RGI60-16.00803     0.25830  -14.912690  -69.109719   -0.898    0.266  1
RGI60-16.01880     0.25816  -10.327027  -76.869680   -0.542    0.290  1
RGI60-16.00380     0.25767  -13.190541  -72.854546   -0.187    0.388  1
RGI60-16.00592     0.25686  -16.134189  -68.296325   -0.156    0.216  1
RGI60-16.02754     0.25680  -12.260875  -75.960934    0.256    0.284  1
RGI60-16.00527     0.25673  -16.295369  -68.102379   -0.751    0.254  1
RGI60-16.00117     0.25662  -15.348358  -70.771872   -0.012    0.167  1
RGI60-16.02303     0.25647   -9.175099  -77.558238   -0.366    0.216  1
RGI60-16.02489     0.25479   -8.933071  -77.544310   -1.073    0.367  1
RGI60-16.01867     0.25458  -10.282100  -76.941648   -0.789    0.331  1
RGI60-16.01206     0.25453  -13.698692  -70.847682   -1.828    0.400  1
RGI60-16.01786     0.25447  -10.434337  -76.716179   -1.010    0.342  1
RGI60-16.02161     0.25384   -9.358373  -77.454318   -0.372    0.226  1
RGI60-16.02896     0.25308  -11.524494  -74.968674   -1.056    0.446  1
RGI60-16.02818     0.25285  -11.936848  -74.819057   -0.359    0.272  1
RGI60-16.02036     0.25263  -11.936779  -75.023405   -0.358    0.205  1
RGI60-16.01970     0.25249   -9.969559  -77.271799   -0.098    0.179  1
RGI60-16.01047     0.25138  -13.657831  -71.060357   -0.165    0.235  1
RGI60-16.01157     0.25138  -14.095016  -70.804520   -0.029    0.165  1
RGI60-16.02079     0.25116   -9.668449  -77.258287   -0.696    0.267  1
RGI60-16.02500     0.25113   -8.916909  -77.687708   -0.181    0.243  1
RGI60-16.02598     0.25112   -8.684189  -77.800177   -0.284    0.202  1
RGI60-16.02115     0.25110   -9.526986  -77.385077   -0.280    0.212  1
RGI60-16.00280     0.25100  -13.310328  -73.067672   -0.274    0.251  1
RGI60-16.01518     0.25020  -15.405799  -72.882225   -0.460    0.254  1
RGI60-16.01997     0.24930   -9.863290  -77.192333   -0.387    0.215  1
RGI60-16.00975     0.24916  -13.766409  -70.574513   -0.408    0.266  1
RGI60-16.02178     0.24874   -9.597181  -77.313419   -0.338    0.216  1
RGI60-16.02551     0.24850   -8.904623  -77.561380   -0.144    0.330  1
RGI60-16.00113     0.24831  -15.357351  -70.935955   -0.047    0.165  1
RGI60-16.00424     0.24740  -13.150346  -72.370382   -1.099    0.549  1
RGI60-16.01552     0.24703  -14.615013  -72.462585   -0.465    0.189  1
RGI60-16.00249     0.24663  -13.347479  -72.432906    0.241    0.350  1
RGI60-16.01447     0.24655  -16.352318  -68.128674   -0.155    0.174  1
RGI60-16.00682     0.24622  -16.066721  -68.343592   -0.274    0.227  1
RGI60-16.02081     0.24564   -9.672765  -77.257412   -0.928    0.273  1
RGI60-16.02816     0.24493  -11.932568  -76.141181    0.023    0.218  1
RGI60-16.00281     0.24493  -13.302144  -73.076028   -1.250    0.455  1
RGI60-16.02373     0.24491   -9.096417  -77.515304   -0.243    0.243  1
RGI60-16.01658     0.24485   -4.051329  137.160383   -0.886    0.358  1
RGI60-16.01752     0.24441  -10.464249  -76.854691    0.023    0.406  1
RGI60-16.01423     0.24421   -1.736524  -78.405837    0.993    0.397  1
RGI60-16.01602     0.24378  -15.795391  -71.860181   -0.097    0.173  1
RGI60-16.02943     0.24370   -0.672563  -78.440950   -0.362    0.228  1
RGI60-16.00329     0.24347  -13.217241  -72.992340   -0.568    0.409  1
RGI60-16.01375     0.24257    6.453053  -72.283308   -0.068    0.237  1
RGI60-16.00194     0.24250  -15.246337  -71.053856    0.067    0.171  1
RGI60-16.00509     0.24244  -16.427004  -67.938307   -0.310    0.221  1
RGI60-16.00510     0.24216  -16.463375  -67.921044   -0.152    0.203  1
RGI60-16.00773     0.24149  -15.339749  -68.912216   -0.013    0.252  1
RGI60-16.00322     0.24101  -13.250809  -72.910851   -0.313    0.263  1
RGI60-16.00547     0.24080  -16.260885  -68.174282   -0.009    0.219  1
RGI60-16.02607     0.24044   -8.415406  -77.842935   -0.220    0.244  1
RGI60-16.02501     0.24009   -8.861064  -77.717942   -0.170    0.266  1
RGI60-16.01610     0.23982  -18.428890  -69.089839   -0.034    0.175  1
RGI60-16.02919     0.23955  -11.378251  -76.418936   -0.298    0.202  1
RGI60-16.02920     0.23925  -11.376510  -76.421565   -0.424    0.238  1
RGI60-16.02703     0.23888  -11.822197  -75.093183   -0.469    0.261  1
RGI60-16.00892     0.23878  -14.735426  -69.243787   -0.229    0.236  1
RGI60-16.00114     0.23650  -15.347812  -70.635788    0.030    0.172  1
RGI60-16.00970     0.23434  -13.682534  -70.973644   -0.522    0.296  1
RGI60-16.02029     0.23400   -9.789391  -77.270898   -0.837    0.274  1
RGI60-16.01657     0.23393   -3.057132   37.344545   -0.275    0.201  1
RGI60-16.01615     0.23334   19.178722  -98.642471   -0.634    0.216  1
RGI60-16.00367     0.23294  -13.234398  -72.834155    0.058    0.237  1
RGI60-16.00969     0.23274  -13.676540  -70.978233   -1.001    0.352  1
RGI60-16.01412     0.23259   10.832476  -73.688335   -0.144    0.267  1
RGI60-16.00843     0.23241  -16.934151  -67.378618   -0.249    0.241  1
RGI60-16.02467     0.23202   -8.990606  -77.703984   -0.388    0.356  1
RGI60-16.01809     0.23178  -10.407737  -76.923923   -0.168    0.211  1
RGI60-16.00391     0.23174  -13.203892  -73.061487   -0.452    0.285  1
RGI60-16.00049     0.23151  -16.215379  -70.327673   -0.065    0.157  1
RGI60-16.02377     0.23034   -9.080589  -77.474851   -0.024    0.336  1
RGI60-16.00419     0.23015  -13.157412  -72.421370    0.586    0.460  1
RGI60-16.01340     0.22970   -0.100296  -77.934779    0.150    0.522  1
RGI60-16.00873     0.22914  -14.666252  -69.198642   -0.167    0.231  1
RGI60-16.00505     0.22892  -16.472892  -67.912404    0.300    0.226  1
RGI60-16.01687     0.22845  -10.649136  -76.654070   -1.085    0.308  1
RGI60-16.00596     0.22839  -16.181924  -68.223730   -1.503    0.375  1
RGI60-16.00024     0.22824  -16.292631  -70.365353   -0.028    0.182  1
RGI60-16.00435     0.22746  -13.002595  -72.251872   -0.769    0.435  1
RGI60-16.00955     0.22729  -14.307146  -69.783396   -0.526    0.299  1
RGI60-16.00364     0.22663  -13.277541  -72.859783   -0.915    0.318  1
RGI60-16.01854     0.22590  -10.328276  -76.971535   -0.199    0.191  1
RGI60-16.01200     0.22587  -13.912941  -70.370879   -1.021    0.292  1
RGI60-16.00301     0.22562  -13.295888  -72.392588   -2.290    0.541  1
RGI60-16.00437     0.22540  -13.008400  -72.244341   -0.648    0.397  1
RGI60-16.00219     0.22484  -13.417475  -72.690200    0.088    0.284  1
RGI60-16.01299     0.22465  -13.824775  -71.284034   -0.369    0.271  1
RGI60-16.01537     0.22462  -18.412673  -69.050532   -0.547    0.300  1
RGI60-16.00839     0.22407  -16.896937  -67.446986   -0.024    0.239  1
RGI60-16.00534     0.22395  -16.259740  -68.076165   -0.635    0.254  1
RGI60-16.01235     0.22321  -13.868773  -70.354203   -0.684    0.352  1
RGI60-16.01868     0.22320  -10.276584  -76.941735   -0.991    0.392  1
RGI60-16.00741     0.22232  -15.821875  -68.464798   -0.946    0.291  1
RGI60-16.00916     0.22164  -14.597628  -69.499882   -0.153    0.226  1
RGI60-16.00011     0.22107  -16.418611  -70.570090    0.015    0.171  1
RGI60-16.02109     0.22050   -9.550188  -77.336737   -0.426    0.243  1
RGI60-16.00239     0.22036  -13.379161  -72.628764   -0.178    0.251  1
RGI60-16.00554     0.22015  -16.888487  -67.383578   -0.834    0.317  1
RGI60-16.00768     0.21955  -17.009447  -67.319746   -0.464    0.249  1
RGI60-16.00880     0.21918  -14.789787  -69.123639   -0.334    0.278  1
RGI60-16.01547     0.21844  -14.664901  -72.470293   -0.382    0.204  1
RGI60-16.01284     0.21786  -13.783393  -71.112702   -0.298    0.184  1
RGI60-16.00634     0.21745  -16.023716  -68.330885   -1.241    0.371  1
RGI60-16.00412     0.21726  -13.183105  -72.249919   -0.372    0.362  1
RGI60-16.02660     0.21722  -11.866132  -76.043770   -0.491    0.330  1
RGI60-16.01768     0.21701  -10.504502  -76.726168   -1.632    0.464  1
RGI60-16.00238     0.21676  -13.355333  -72.396406    0.178    0.258  1
RGI60-16.00720     0.21571  -15.847841  -68.463015   -0.383    0.193  1
RGI60-16.00519     0.21530  -16.375348  -67.933234   -0.041    0.225  1
RGI60-16.01507     0.21516  -18.427049  -69.101612    0.063    0.201  1
RGI60-16.01209     0.21502  -13.702048  -70.844252   -0.760    0.273  1
RGI60-16.02600     0.21478   -8.680960  -77.791663    0.064    0.241  1
RGI60-16.02512     0.21426   -8.908239  -77.720709   -0.572    0.252  1
RGI60-16.02605     0.21386   -8.647496  -77.786746   -1.170    0.384  1
RGI60-16.00451     0.21376  -24.728665  -68.551278    0.086    0.169  1
RGI60-16.01889     0.21281  -10.235362  -76.895648   -0.109    0.205  1
RGI60-16.02331     0.21269   -9.276885  -77.413047   -0.447    0.302  1
RGI60-16.02642     0.21255  -11.966250  -76.042975   -0.315    0.282  1
RGI60-16.02584     0.21253   -8.810251  -77.726239   -0.597    0.258  1
RGI60-16.01644     0.21228   -3.083212   37.356969   -0.345    0.245  1
RGI60-16.00128     0.21217  -15.339777  -70.770919   -0.033    0.167  1
RGI60-16.01408     0.21188   10.836573  -73.683643   -0.255    0.226  1
RGI60-16.01194     0.21181  -13.717856  -70.730970   -0.656    0.295  1
RGI60-16.01044     0.21166  -13.710545  -70.903790    0.235    0.346  1
RGI60-16.00824     0.21116  -16.986841  -67.332258   -0.748    0.263  1
RGI60-16.02923     0.21086  -11.901828  -74.848181   -0.137    0.260  1
RGI60-16.02279     0.21014   -9.279710  -77.320312   -0.109    0.246  1
RGI60-16.02767     0.21007  -12.269743  -75.953491   -0.248    0.238  1
RGI60-16.00607     0.20995  -16.093179  -68.295932   -0.317    0.268  1
RGI60-16.01901     0.20961  -10.302304  -76.869534   -0.072    0.330  1
RGI60-16.00095     0.20940  -15.553734  -70.823061   -0.066    0.166  1
RGI60-16.00703     0.20914  -15.925207  -68.339977   -0.238    0.210  1
RGI60-16.00084     0.20869  -15.583622  -70.824249    0.024    0.173  1
RGI60-16.02374     0.20853   -9.129299  -77.471837   -0.004    0.276  1
RGI60-16.00742     0.20839  -15.816766  -68.466112   -0.975    0.312  1
RGI60-16.00589     0.20813  -16.104337  -68.307731   -0.220    0.254  1
RGI60-16.02096     0.20790   -9.583403  -77.368035   -0.062    0.253  1
RGI60-16.01825     0.20783  -10.371530  -76.865965   -0.264    0.211  1
RGI60-16.01134     0.20779  -13.538125  -71.224237   -0.790    0.268  1
RGI60-16.01638     0.20759   -0.156806   37.314029   -0.898    0.307  1
RGI60-16.01780     0.20755  -10.442078  -76.761343   -0.220    0.224  1
RGI60-16.00621     0.20682  -16.031274  -68.277058   -0.853    0.276  1
RGI60-16.01211     0.20669  -14.099811  -70.236759   -0.780    0.283  1
RGI60-16.02638     0.20658  -11.935838  -76.052072   -0.598    0.359  1
RGI60-16.00847     0.20653  -16.941725  -67.347350   -0.080    0.183  1
RGI60-16.00323     0.20615  -13.249859  -72.916226   -1.242    0.412  1
RGI60-16.00668     0.20591  -16.011613  -68.357080   -0.269    0.267  1
RGI60-16.02025     0.20578   -9.809862  -77.250983   -0.245    0.204  1
RGI60-16.00967     0.20507  -13.673183  -70.985937   -1.137    0.332  1
RGI60-16.02837     0.20411  -11.712254  -74.874611   -0.547    0.279  1
RGI60-16.00614     0.20384  -16.154826  -68.250397   -0.458    0.245  1
RGI60-16.02230     0.20350   -9.386735  -77.393455   -0.515    0.229  1
RGI60-16.00941     0.20321  -14.449263  -69.653151   -0.203    0.319  1
RGI60-16.00552     0.20320  -16.200532  -68.083340   -0.285    0.334  1
RGI60-16.00711     0.20313  -15.829560  -68.473394   -0.438    0.222  1
RGI60-16.00405     0.20290  -13.174966  -72.776784   -0.945    0.351  1
RGI60-16.01110     0.20263  -13.559219  -71.180329   -0.843    0.258  1
RGI60-16.02647     0.20225  -11.826343  -76.054443   -0.093    0.262  1
RGI60-16.01783     0.20143  -10.443360  -76.766711   -0.186    0.257  1
RGI60-16.02516     0.20123   -8.895103  -77.682392    0.032    0.324  1
RGI60-16.01210     0.20112  -13.879685  -70.360906   -0.494    0.303  1
RGI60-16.02344     0.20103   -9.274100  -77.501096   -0.347    0.213  1
RGI60-16.00078     0.19998  -15.587276  -70.765202   -0.032    0.205  1
RGI60-16.00388     0.19969  -13.198419  -73.036608    0.192    0.584  1
RGI60-16.00251     0.19951  -13.343925  -72.451254   -0.796    0.437  1
RGI60-16.02655     0.19935  -11.963055  -76.046852   -0.788    0.343  1
RGI60-16.02472     0.19927   -9.040908  -77.688836   -0.047    0.203  1
RGI60-16.00946     0.19923  -14.311150  -69.722749   -0.899    0.307  1
RGI60-16.00387     0.19917  -13.211338  -73.039283   -0.460    0.313  1
RGI60-16.01843     0.19890  -10.378115  -76.809400   -0.291    0.190  1
RGI60-16.02704     0.19792  -11.811950  -75.087983   -0.522    0.318  1
RGI60-16.02428     0.19791   -9.021689  -77.564669   -0.148    0.288  1
RGI60-16.01405     0.19731   -2.240576  -78.518836   -0.100    0.349  1
RGI60-16.00327     0.19713  -13.222793  -72.950221   -0.460    0.273  1
RGI60-16.02708     0.19701  -11.816253  -75.090217   -0.236    0.269  1
RGI60-16.02371     0.19549   -9.126057  -77.469163   -0.117    0.285  1
RGI60-16.01728     0.19453  -10.516070  -75.911172   -1.106    0.490  1
RGI60-16.02106     0.19396   -9.559786  -77.375591   -0.198    0.257  1
RGI60-16.01449     0.19359  -16.172129  -68.270106    0.047    0.204  1
RGI60-16.01402     0.19277   10.821761  -73.630421   -2.630    0.673  1
RGI60-16.00529     0.19210  -16.308868  -68.076887   -0.703    0.330  1
RGI60-16.00890     0.19168  -14.753288  -69.196115    0.150    0.205  1
RGI60-16.01673     0.19164  -10.733400  -76.650470   -0.748    0.297  1
RGI60-16.00731     0.19112  -15.840477  -68.454333   -0.329    0.246  1
RGI60-16.01755     0.19101  -10.453258  -76.771000   -0.682    0.270  1
RGI60-16.00833     0.19076  -16.904990  -67.419978   -0.104    0.270  1
RGI60-16.02332     0.19024   -9.276331  -77.408180   -0.266    0.228  1
RGI60-16.02024     0.18949   -9.805922  -77.247970   -0.379    0.262  1
RGI60-16.02780     0.18900  -12.188764  -75.870557   -0.581    0.258  1
RGI60-16.00649     0.18884  -16.063201  -68.346111   -0.489    0.264  1
RGI60-16.00576     0.18814  -16.094157  -68.275487   -0.724    0.330  1
RGI60-16.01003     0.18811  -13.728863  -70.713543   -0.216    0.215  1
RGI60-16.00320     0.18810  -13.254127  -72.949288   -0.243    0.252  1
RGI60-16.01526     0.18810  -15.412214  -72.898733   -0.292    0.236  1
RGI60-16.01440     0.18692   -1.689913  -78.446363   -0.001    0.319  1
RGI60-16.01341     0.18662    0.031738  -77.967894   -0.490    0.316  1
RGI60-16.01506     0.18659  -18.418853  -69.081898   -0.398    0.228  1
RGI60-16.02063     0.18657   -9.775630  -77.241799   -0.437    0.272  1
RGI60-16.01390     0.18656    8.547498  -70.996291   -0.373    0.311  1
RGI60-16.01998     0.18625   -9.861313  -77.187570   -0.325    0.222  1
RGI60-16.01437     0.18567   -1.722808  -78.395696   -0.138    0.341  1
RGI60-16.01586     0.18542  -18.103742  -68.880697   -0.142    0.230  1
RGI60-16.02461     0.18502   -9.031713  -77.685565   -0.181    0.293  1
RGI60-16.00593     0.18487  -16.130960  -68.258964   -0.586    0.270  1
RGI60-16.00386     0.18428  -13.218368  -73.116463    0.027    0.315  1
RGI60-16.02008     0.18422   -9.820996  -77.209179    0.107    0.299  1
RGI60-16.01846     0.18400  -10.350975  -76.885944   -1.118    0.361  1
RGI60-16.02524     0.18392  -11.838490  -75.090090   -0.274    0.248  1
RGI60-16.01543     0.18373  -14.832545  -72.311564   -0.570    0.213  1
RGI60-16.01616     0.18349   19.169471  -98.638959   -1.055    0.283  1
RGI60-16.00570     0.18306  -16.143595  -68.244834   -0.940    0.354  1
RGI60-16.01961     0.18270   -9.941730  -77.219862   -0.244    0.200  1
RGI60-16.01183     0.18257  -14.007529  -70.836914   -0.047    0.167  1
RGI60-16.01371     0.18243    6.486345  -72.297203   -0.073    0.235  1
RGI60-16.01445     0.18204   -2.332431  -78.544950    0.322    0.323  1
RGI60-16.02126     0.18180   -9.477712  -77.357955   -0.428    0.312  1
RGI60-16.02557     0.18179   -8.840531  -77.590876   -0.077    0.389  1
RGI60-16.02162     0.18154   -9.352598  -77.445452   -0.370    0.208  1
RGI60-16.00321     0.18147  -13.247454  -72.918063   -1.301    0.417  1
RGI60-16.00666     0.18101  -15.999236  -68.413700   -0.612    0.284  1
RGI60-16.01545     0.18071  -14.675931  -72.462905   -0.569    0.228  1
RGI60-16.02601     0.18051   -8.673865  -77.769526   -0.164    0.345  1
RGI60-16.01828     0.18013  -10.376853  -76.866188    0.032    0.226  1
RGI60-16.00379     0.17984  -13.188088  -72.114583   -1.457    0.393  1
RGI60-16.02634     0.17982  -11.870209  -76.039890    0.094    0.295  1
RGI60-16.00708     0.17973  -15.900338  -68.397948   -0.204    0.250  1
RGI60-16.01042     0.17948  -13.826449  -70.910436   -0.293    0.243  1
RGI60-16.00789     0.17931  -14.982786  -68.989658   -0.473    0.290  1
RGI60-16.02729     0.17906  -12.422392  -75.657465   -0.283    0.206  1
RGI60-16.02275     0.17899   -9.300922  -77.350436   -0.710    0.253  1
RGI60-16.01009     0.17888  -13.679776  -71.123604   -0.407    0.262  1
RGI60-16.00382     0.17768  -13.224895  -73.113106   -0.362    0.262  1
RGI60-16.02069     0.17728   -9.749463  -77.234593   -0.551    0.290  1
RGI60-16.00942     0.17667  -14.446363  -69.653839   -0.364    0.387  1
RGI60-16.01493     0.17628  -15.549274  -72.670791   -0.684    0.350  1
RGI60-16.01589     0.17576  -18.104794  -68.884555    0.003    0.229  1
RGI60-16.00195     0.17572  -15.244726  -71.005617    0.040    0.175  1
RGI60-16.00315     0.17559  -13.263443  -72.509491   -0.820    0.337  1
RGI60-16.01713     0.17494  -10.528247  -76.718060   -0.341    0.244  1
RGI60-16.01145     0.17485  -13.539221  -71.156348   -0.498    0.297  1
RGI60-16.00201     0.17474  -15.235151  -71.191129    0.016    0.168  1
RGI60-16.02139     0.17470   -9.427554  -77.455734   -0.236    0.240  1
RGI60-16.01948     0.17460   -9.981406  -77.023358   -0.334    0.224  1
RGI60-16.00798     0.17397  -14.864174  -69.158362   -0.522    0.286  1
RGI60-16.00887     0.17375  -14.668877  -69.282746    0.138    0.259  1
RGI60-16.00865     0.17365  -14.799211  -69.130359    0.145    0.276  1
RGI60-16.01010     0.17333  -13.679716  -71.109788   -0.366    0.305  1
RGI60-16.00298     0.17326  -13.315591  -72.373649   -0.225    0.304  1
RGI60-16.02156     0.17310   -9.406320  -77.457388   -0.234    0.262  1
RGI60-16.02164     0.17280   -9.331110  -77.377149   -0.322    0.269  1
RGI60-16.00107     0.17184  -15.426379  -70.653058    0.046    0.174  1
RGI60-16.00408     0.17180  -13.176594  -72.769160   -0.355    0.287  1
RGI60-16.01590     0.17153  -18.121477  -68.889099   -0.330    0.256  1
RGI60-16.01162     0.17066  -14.035217  -70.162717   -0.612    0.256  1
RGI60-16.01255     0.17065  -14.098914  -70.741737    0.124    0.227  1
RGI60-16.02580     0.17063   -8.811270  -77.729410   -0.218    0.243  1
RGI60-16.00991     0.17029  -13.753676  -70.698982   -0.932    0.355  1
RGI60-16.02212     0.17006   -9.432154  -77.327760   -0.028    0.251  1
RGI60-16.01143     0.17002  -13.480386  -71.260111   -0.048    0.238  1
RGI60-16.00441     0.16974  -13.000323  -72.223419   -1.617    0.545  1
RGI60-16.02747     0.16937  -12.301406  -75.920576   -0.434    0.319  1
RGI60-16.01625     0.16935    0.393232   29.890800   -0.671    0.497  1
RGI60-16.01802     0.16920  -10.410943  -76.979351   -0.103    0.242  1
RGI60-16.00429     0.16914  -13.152820  -72.227227    0.086    0.305  1
RGI60-16.01717     0.16909  -10.532529  -75.945341    0.170    0.315  1
RGI60-16.02255     0.16882   -9.424821  -77.317528   -0.080    0.238  1
RGI60-16.00047     0.16809  -16.228531  -70.311960   -0.079    0.166  1
RGI60-16.01792     0.16799  -10.431000  -76.754507   -0.457    0.297  1
RGI60-16.00034     0.16788  -16.238499  -70.332092   -0.122    0.170  1
RGI60-16.01353     0.16785    4.659160  -75.325822   -0.088    0.290  1
RGI60-16.00524     0.16759  -16.402122  -67.942771   -1.012    0.400  1
RGI60-16.02916     0.16751  -11.442304  -74.981184   -0.391    0.329  1
RGI60-16.00393     0.16698  -13.240385  -73.086247   -0.375    0.278  1
RGI60-16.00051     0.16674  -16.210811  -70.356570   -0.014    0.172  1
RGI60-16.02860     0.16634  -11.628454  -75.194710    0.143    0.320  1
RGI60-16.00270     0.16616  -13.353273  -72.804081   -0.145    0.287  1
RGI60-16.02656     0.16550  -11.951933  -76.061084   -0.109    0.230  1
RGI60-16.00207     0.16549  -15.198567  -70.809574   -0.004    0.183  1
RGI60-16.00688     0.16488  -15.980010  -68.441358   -0.196    0.218  1
RGI60-16.02795     0.16470  -12.147530  -75.952968   -0.306    0.368  1
RGI60-16.02921     0.16470  -11.361710  -76.319708   -1.255    0.435  1
RGI60-16.00619     0.16464  -17.050863  -67.241590   -0.509    0.331  1
RGI60-16.00197     0.16434  -15.245427  -71.210228   -0.007    0.174  1
RGI60-16.01683     0.16434  -13.407181  -74.590129   -0.043    0.205  1
RGI60-16.01305     0.16425  -14.191130  -70.803048   -0.013    0.206  1
RGI60-16.01642     0.16411   -3.062200   37.365735   -0.487    0.294  1
RGI60-16.00021     0.16408  -17.928232  -68.914411   -0.038    0.216  1
RGI60-16.02346     0.16348   -9.264727  -77.400962   -0.339    0.323  1
RGI60-16.00027     0.16324  -16.291602  -70.369265   -0.132    0.188  1
RGI60-16.01560     0.16292  -18.375100  -69.057362   -0.168    0.215  1
RGI60-16.01401     0.16277   10.814894  -73.619871   -0.255    0.284  1
RGI60-16.00459     0.16256  -24.729097  -68.534750   -0.062    0.186  1
RGI60-16.01505     0.16256  -18.419783  -69.088218   -0.363    0.225  1
RGI60-16.00638     0.16228  -16.086094  -68.342975   -0.042    0.266  1
RGI60-16.01548     0.16225  -14.662303  -72.473877   -0.648    0.244  1
RGI60-16.02426     0.16212   -9.022239  -77.568451   -0.156    0.305  1
RGI60-16.01558     0.16200  -18.370121  -69.053629    0.007    0.160  1
RGI60-16.01835     0.16157  -10.365331  -76.813653   -0.993    0.303  1
RGI60-16.00945     0.16118  -14.309204  -69.720495   -0.963    0.318  1
RGI60-16.00513     0.16050  -16.414123  -67.976073   -0.432    0.271  1
RGI60-16.01446     0.16043  -24.201384  -68.057994   -0.023    0.214  1
RGI60-16.00671     0.15994  -16.026207  -68.365114   -0.703    0.324  1
RGI60-16.02280     0.15972   -9.295171  -77.346126   -1.467    0.438  1
RGI60-16.00572     0.15945  -16.127263  -68.256803   -0.626    0.288  1
RGI60-16.01454     0.15941  -15.318179  -68.960734    0.037    0.224  1
RGI60-16.01994     0.15913  -11.870521  -74.867791   -0.107    0.281  1
RGI60-16.00392     0.15810  -13.194612  -73.039325   -0.186    0.303  1
RGI60-16.01563     0.15809  -14.210145  -72.495059   -0.406    0.269  1
RGI60-16.02653     0.15750  -11.955512  -76.039457   -0.445    0.281  1
RGI60-16.02654     0.15750  -11.912563  -76.049484    0.139    0.272  1
RGI60-16.00324     0.15741  -13.244670  -72.916625   -0.908    0.320  1
RGI60-16.01177     0.15735  -14.034165  -70.861181   -0.060    0.169  1
RGI60-16.00976     0.15734  -13.767492  -70.580805   -0.787    0.337  1
RGI60-16.02349     0.15706   -9.238587  -77.471459    0.411    0.353  1
RGI60-16.02552     0.15702   -8.881397  -77.674718   -0.142    0.288  1
RGI60-16.00828     0.15682  -16.949650  -67.384779   -0.020    0.276  1
RGI60-16.02558     0.15628   -8.841892  -77.586281   -0.043    0.359  1
RGI60-16.01076     0.15597  -13.764427  -71.061098   -0.058    0.226  1
RGI60-16.01818     0.15570  -10.396192  -76.955241   -0.590    0.334  1
RGI60-16.01750     0.15570  -10.479854  -76.850896   -1.868    0.540  1
RGI60-16.01643     0.15560   -3.081235   37.362163   -0.322    0.234  1
RGI60-16.02042     0.15545  -11.900306  -75.051879    0.080    0.298  1
RGI60-16.02231     0.15522   -9.498345  -77.334445   -0.110    0.243  1
RGI60-16.02325     0.15509   -9.229388  -77.414419   -0.408    0.271  1
RGI60-16.02232     0.15480   -9.551234  -77.295174   -0.795    0.309  1
RGI60-16.01082     0.15457  -13.679508  -71.105402   -0.482    0.264  1
RGI60-16.01002     0.15456  -13.731776  -70.704239   -0.685    0.329  1
RGI60-16.01097     0.15406  -13.591355  -70.774764   -0.505    0.290  1
RGI60-16.01263     0.15345  -13.754665  -71.191470   -0.409    0.258  1
RGI60-16.01709     0.15317  -10.524669  -76.713573   -1.398    0.444  1
RGI60-16.01262     0.15308  -13.711698  -71.131819    0.188    0.280  1
RGI60-16.02026     0.15300   -9.816501  -77.254086   -0.273    0.235  1
RGI60-16.01770     0.15265  -10.497326  -76.714423   -0.079    0.285  1
RGI60-16.01621     0.15246   19.031722  -97.264452    0.049    0.263  1
RGI60-16.01497     0.15245  -15.462556  -72.167092   -0.014    0.219  1
RGI60-16.02107     0.15184   -9.551706  -77.352989   -0.119    0.287  1
RGI60-16.01598     0.15180  -15.805821  -71.874057   -0.309    0.202  1
RGI60-16.02122     0.15120   -9.513435  -77.266762   -0.725    0.316  1
RGI60-16.01417     0.15120   10.836455  -73.741346   -0.143    0.258  1
RGI60-16.02914     0.15110  -11.443194  -74.985274   -0.526    0.363  1
RGI60-16.01599     0.15100  -15.820830  -71.883260   -0.284    0.265  1
RGI60-16.00291     0.15098  -13.303131  -72.596457    0.154    0.424  1
RGI60-16.00450     0.15075  -24.725421  -68.555734    0.056    0.204  1
RGI60-16.01544     0.15035  -14.806715  -72.421190    0.002    0.178  1
RGI60-16.02136     0.15030   -9.410393  -77.370471   -0.305    0.239  1
RGI60-16.01564     0.15030  -18.352546  -69.051633   -0.066    0.199  1
RGI60-16.02758     0.15020  -12.219536  -75.991747   -0.268    0.267  1
RGI60-16.00099     0.14977  -15.447104  -70.852798   -0.029    0.192  1
RGI60-16.01256     0.14942  -13.874477  -71.149306    0.020    0.215  1
RGI60-16.00003     0.14923  -16.515584  -69.924557   -0.197    0.221  1
RGI60-16.00184     0.14921  -15.263864  -71.230648   -0.029    0.191  1
RGI60-16.02229     0.14919   -9.550253  -77.300949   -1.589    0.603  1
RGI60-16.01603     0.14845  -15.720503  -71.893146   -0.043    0.200  1
RGI60-16.01126     0.14777  -13.475737  -71.146517   -0.675    0.304  1
RGI60-16.02366     0.14770   -9.134036  -77.469466   -0.372    0.318  1
RGI60-16.00953     0.14767  -14.310829  -69.781155   -0.048    0.277  1
RGI60-16.01229     0.14764  -13.871089  -70.441801   -0.273    0.257  1
RGI60-16.01484     0.14763  -15.535769  -72.681666    0.041    0.213  1
RGI60-16.02011     0.14760   -9.843010  -77.214907   -0.336    0.283  1
RGI60-16.01532     0.14757  -15.239885  -72.648517   -0.205    0.179  1
RGI60-16.00002     0.14672  -16.519648  -69.911705   -0.124    0.190  1
RGI60-16.00562     0.14597  -16.108593  -68.313161   -0.288    0.306  1
RGI60-16.01179     0.14580  -14.028466  -70.862594   -0.028    0.167  1
RGI60-16.00748     0.14447  -15.862357  -68.437024    0.058    0.187  1
RGI60-16.01045     0.14433  -13.710546  -70.900507    0.052    0.276  1
RGI60-16.01195     0.14397  -13.738108  -70.765266   -0.511    0.268  1
RGI60-16.01234     0.14391  -13.866335  -70.358677    0.041    0.330  1
RGI60-16.00172     0.14384  -15.374099  -70.724429    0.002    0.168  1
RGI60-16.00445     0.14355  -21.937411  -66.879937    0.043    0.178  1
RGI60-16.00406     0.14355  -13.193370  -72.778179    0.003    0.283  1
RGI60-16.01171     0.14348  -14.142387  -70.823175   -0.403    0.244  1
RGI60-16.02926     0.14289  -11.300127  -76.468395   -0.353    0.246  1
RGI60-16.02479     0.14272   -9.037042  -77.683571   -0.371    0.329  1
RGI60-16.01094     0.14271  -14.171785  -70.817915   -0.137    0.192  1
RGI60-16.00209     0.14146  -15.180666  -70.815341   -0.041    0.178  1
RGI60-16.02143     0.14130   -9.389241  -77.399782   -0.238    0.205  1
RGI60-16.02429     0.14103   -9.016720  -77.584407   -0.691    0.320  1
RGI60-16.02657     0.14098  -11.984268  -76.028717    0.181    0.312  1
RGI60-16.01514     0.14040  -15.408000  -72.168751   -0.426    0.241  1
RGI60-16.00100     0.14032  -15.444144  -70.846546   -0.017    0.209  1
RGI60-16.02405     0.14000   -9.064686  -77.566538   -0.542    0.307  1
RGI60-16.00326     0.13978  -13.229922  -72.912068   -0.501    0.306  1
RGI60-16.02123     0.13873  -11.857967  -74.968220   -1.926    0.571  1
RGI60-16.02502     0.13872   -8.892441  -77.686582   -0.087    0.313  1
RGI60-16.02929     0.13869  -11.170090  -76.505909   -0.069    0.243  1
RGI60-16.02624     0.13860  -11.999693  -75.997524   -0.494    0.329  1
RGI60-16.01127     0.13860  -13.503568  -71.211430   -0.549    0.279  1
RGI60-16.01957     0.13860  -11.868342  -76.030171   -0.410    0.294  1
RGI60-16.00978     0.13837  -13.793970  -71.175472   -0.288    0.264  1
RGI60-16.00996     0.13836  -14.059941  -70.208426   -0.870    0.341  1
RGI60-16.00032     0.13836  -16.288513  -70.357135   -0.048    0.167  1
RGI60-16.01523     0.13824  -18.042867  -69.075469   -0.311    0.239  1
RGI60-16.00431     0.13823  -13.142776  -72.221763    0.088    0.260  1
RGI60-16.00369     0.13795  -13.196976  -71.985788   -0.348    0.412  1
RGI60-16.00744     0.13773  -15.827592  -68.452777   -0.549    0.276  1
RGI60-16.00868     0.13765  -14.648893  -69.298953   -0.413    0.239  1
RGI60-16.02788     0.13752  -12.187459  -75.911539   -0.662    0.408  1
RGI60-16.01376     0.13720    6.467590  -72.291070    0.412    0.342  1
RGI60-16.02652     0.13712  -11.962466  -76.036913   -0.048    0.300  1
RGI60-16.01441     0.13695   -1.699859  -78.401748    0.168    0.385  1
RGI60-16.02277     0.13671   -9.308762  -77.307226    0.141    0.273  1
RGI60-16.00254     0.13652  -13.393655  -72.735047   -0.340    0.302  1
RGI60-16.01303     0.13635  -13.797501  -70.615179   -0.603    0.419  1
RGI60-16.00227     0.13625  -13.415072  -72.660970    0.192    0.334  1
RGI60-16.01530     0.13566  -15.394666  -72.914992   -0.057    0.171  1
RGI60-16.00334     0.13506  -13.198053  -72.084840   -0.343    0.283  1
RGI60-16.02442     0.13493   -8.973551  -77.681551   -0.049    0.313  1
RGI60-16.00198     0.13439  -15.246376  -71.204536    0.031    0.182  1
RGI60-16.02432     0.13437   -9.032481  -77.660184    0.391    0.348  1
RGI60-16.01430     0.13410   -2.239543  -78.499982   -0.651    0.494  1
RGI60-16.02251     0.13397   -9.538368  -77.305368   -0.054    0.299  1
RGI60-16.01744     0.13397  -10.486083  -75.986609    0.318    0.791  1
RGI60-16.02886     0.13359  -11.533608  -75.002273   -0.381    0.340  1
RGI60-16.00863     0.13345  -14.645742  -69.186971   -0.871    0.452  1
RGI60-16.02390     0.13332   -9.108504  -77.462918   -0.193    0.284  1
RGI60-16.00083     0.13317  -15.604876  -70.822204   -0.036    0.180  1
RGI60-16.01606     0.13315  -14.602904  -72.460474   -0.324    0.203  1
RGI60-16.02757     0.13242  -12.251995  -75.948954   -0.376    0.325  1
RGI60-16.02616     0.13232  -11.910837  -76.059439   -0.114    0.340  1
RGI60-16.02082     0.13230   -9.662888  -77.266894   -1.019    0.402  1
RGI60-16.00325     0.13213  -13.243101  -72.927872   -0.896    0.309  1
RGI60-16.01540     0.13185  -18.413046  -69.046212   -0.698    0.311  1
RGI60-16.02020     0.13140   -9.800289  -77.276721   -0.722    0.316  1
RGI60-16.00282     0.13053  -13.297464  -73.082784   -1.014    0.387  1
RGI60-16.00277     0.13052  -13.315769  -72.773786   -0.084    0.282  1
RGI60-16.01953     0.13050   -9.973656  -77.024377   -0.340    0.275  1
RGI60-16.02282     0.13047   -9.285610  -77.292318   -0.633    0.287  1
RGI60-16.00765     0.13013  -16.836098  -67.489977   -0.377    0.370  1
RGI60-16.01612     0.12971  -18.424292  -69.045003   -0.055    0.189  1
RGI60-16.01500     0.12960  -15.418005  -72.176782   -0.210    0.214  1
RGI60-16.01676     0.12960  -11.896366  -76.244823   -0.017    0.253  1
RGI60-16.02843     0.12940  -11.703757  -74.875672   -0.400    0.266  1
RGI60-16.01187     0.12930  -13.714462  -70.741778   -0.636    0.303  1
RGI60-16.01352     0.12903    4.660962  -75.335166   -0.055    0.280  1
RGI60-16.01088     0.12903  -13.650348  -71.067674    0.256    0.287  1
RGI60-16.02244     0.12897   -9.529878  -77.303984    0.038    0.306  1
RGI60-16.00268     0.12877  -13.384574  -72.707701    0.175    0.284  1
RGI60-16.01573     0.12870  -18.037532  -69.087744   -0.190    0.207  1
RGI60-16.00111     0.12856  -15.400489  -70.646650    0.038    0.180  1
RGI60-16.00464     0.12836  -14.265797  -69.851670   -0.577    0.259  1
RGI60-16.02848     0.12827  -11.705492  -74.879125   -0.843    0.468  1
RGI60-16.00514     0.12784  -16.108411  -68.243274   -0.670    0.369  1
RGI60-16.01896     0.12767  -10.224078  -76.917627   -0.257    0.498  1
RGI60-16.00626     0.12764  -16.874521  -67.445772   -0.860    0.431  1
RGI60-16.02468     0.12763   -8.942524  -77.628280   -0.377    0.435  1
RGI60-16.02582     0.12758   -8.806078  -77.742994   -0.173    0.278  1
RGI60-16.01902     0.12746  -10.298436  -76.867380   -0.008    0.570  1
RGI60-16.01782     0.12731  -10.436252  -76.763046    0.168    0.536  1
RGI60-16.00517     0.12724  -16.388403  -67.933707   -0.092    0.303  1
RGI60-16.01466     0.12719  -15.732913  -71.884177   -0.499    0.308  1
RGI60-16.01861     0.12668  -10.294969  -76.982180   -0.222    0.287  1
RGI60-16.02256     0.12644   -9.434256  -77.334411   -0.272    0.290  1
RGI60-16.02610     0.12627   -8.395988  -77.863308   -0.546    0.278  1
RGI60-16.00754     0.12585  -15.902138  -68.492282   -0.418    0.241  1
RGI60-16.01982     0.12575   -9.908144  -77.055048   -0.301    0.252  1
RGI60-16.02705     0.12538  -11.819451  -75.087623    0.296    0.350  1
RGI60-16.02041     0.12524  -11.920586  -75.022268   -0.075    0.269  1
RGI60-16.02431     0.12507   -9.038661  -77.642754   -0.015    0.294  1
RGI60-16.00627     0.12507  -16.871952  -67.442198   -1.084    0.416  1
RGI60-16.00279     0.12499  -13.298346  -73.079260   -0.234    0.292  1
RGI60-16.01837     0.12459  -10.416620  -76.802655   -0.905    0.378  1
RGI60-16.02141     0.12458   -9.386650  -77.402929   -1.396    0.573  1
RGI60-16.00680     0.12455  -16.072116  -68.329206   -0.621    0.287  1
RGI60-16.00664     0.12453  -15.983051  -68.446176   -0.628    0.273  1
RGI60-16.00563     0.12440  -16.105386  -68.310206   -0.133    0.295  1
RGI60-16.02048     0.12435  -11.932184  -75.026254   -0.139    0.281  1
RGI60-16.00605     0.12421  -16.076800  -68.295779   -0.281    0.256  1
RGI60-16.02801     0.12420  -11.957379  -76.010971   -0.096    0.252  1
RGI60-16.00155     0.12405  -15.337504  -70.688732   -0.115    0.183  1
RGI60-16.01261     0.12385  -13.710379  -71.151469   -0.071    0.314  1
RGI60-16.00352     0.12350  -13.229068  -72.841975   -1.221    0.519  1
RGI60-16.00465     0.12340  -14.258617  -69.785980   -0.548    0.231  1
RGI60-16.02865     0.12330  -11.607125  -76.310350   -0.225    0.237  1
RGI60-16.01495     0.12324  -15.462226  -71.865848   -0.280    0.212  1
RGI60-16.02379     0.12310   -9.102066  -77.510907   -0.094    0.306  1
RGI60-16.00497     0.12244  -16.518519  -67.853104   -0.069    0.276  1
RGI60-16.01888     0.12240  -10.238829  -76.899650   -0.644    0.370  1
RGI60-16.00060     0.12223  -16.120046  -70.253450   -0.077    0.213  1
RGI60-16.00050     0.12222  -16.209061  -70.361011   -0.135    0.201  1
RGI60-16.01306     0.12216   -1.469831  -78.442325    0.328    0.371  1
RGI60-16.02241     0.12198   -9.483141  -77.315293   -0.019    0.259  1
RGI60-16.00336     0.12183  -13.254003  -72.741754    0.042    0.289  1
RGI60-16.01091     0.12179  -13.629525  -70.776984   -0.656    0.360  1
RGI60-16.02110     0.12157   -9.568110  -77.381634   -0.525    0.367  1
RGI60-16.00164     0.12150  -15.337561  -70.672661    0.004    0.196  1
RGI60-16.01239     0.12108  -13.910869  -70.794694   -0.226    0.299  1
RGI60-16.01695     0.12091  -11.890805  -75.979374   -0.667    0.698  1
RGI60-16.00252     0.12071  -13.345519  -72.769912   -0.243    0.318  1
RGI60-16.01950     0.12060   -9.988129  -77.017143   -0.519    0.297  1
RGI60-16.00859     0.12009  -14.719499  -69.273195   -0.167    0.218  1
RGI60-16.00888     0.11997  -14.663481  -69.284625   -0.203    0.269  1
RGI60-16.01096     0.11982  -13.585544  -70.749656   -1.206    0.408  1
RGI60-16.00038     0.11926  -16.246507  -70.335601   -0.023    0.195  1
RGI60-16.00699     0.11922  -15.902306  -68.354733   -0.146    0.262  1
RGI60-16.01465     0.11894  -15.722498  -71.855544   -0.117    0.242  1
RGI60-16.02901     0.11880  -11.509542  -76.370231   -0.513    0.296  1
RGI60-16.01677     0.11852  -10.708073  -76.644416   -1.077    0.408  1
RGI60-16.02707     0.11788  -11.813631  -75.084918    0.272    0.380  1
RGI60-16.01107     0.11773  -13.578010  -70.742442   -0.866    0.424  1
RGI60-16.02302     0.11769   -9.173932  -77.551635   -0.700    0.330  1
RGI60-16.02632     0.11720  -11.939875  -76.047556   -0.758    0.427  1
RGI60-16.01652     0.11720   -3.060933   37.338227   -0.476    0.364  1
RGI60-16.00988     0.11710  -13.763458  -70.695390   -0.247    0.267  1
RGI60-16.01942     0.11706   -9.994685  -77.011890   -0.085    0.261  1
RGI60-16.00139     0.11694  -15.302382  -70.950999    0.095    0.191  1
RGI60-16.00376     0.11652  -13.187898  -72.110342   -0.920    0.386  1
RGI60-16.00635     0.11620  -15.977565  -68.423066   -0.267    0.258  1
RGI60-16.00217     0.11583  -13.416180  -72.589578    0.676    0.396  1
RGI60-16.01904     0.11581  -10.283301  -76.880090    0.403    0.396  1
RGI60-16.01086     0.11568  -13.657599  -71.064448   -0.516    0.278  1
RGI60-16.01362     0.11535    6.371277  -72.294558   -0.153    0.299  1
RGI60-16.01358     0.11520    4.883130  -75.301351   -0.192    0.371  1
RGI60-16.02778     0.11520  -12.208341  -75.929859   -0.659    0.354  1
RGI60-16.01987     0.11520   -9.903911  -77.222856   -1.453    0.536  1
RGI60-16.02644     0.11520  -11.962864  -76.010566   -0.499    0.340  1
RGI60-16.01784     0.11470  -10.437610  -76.803138   -0.362    0.274  1
RGI60-16.01372     0.11467    6.436333  -72.275130   -0.283    0.310  1
RGI60-16.00544     0.11438  -16.286032  -68.142652   -0.098    0.226  1
RGI60-16.02469     0.11419   -9.012733  -77.656215   -0.040    0.279  1
RGI60-16.00014     0.11410  -16.369030  -70.557456    0.003    0.235  1
RGI60-16.01100     0.11395  -13.616282  -70.775149   -0.328    0.322  1
RGI60-16.02248     0.11375   -9.401286  -77.367468   -0.817    0.353  1
RGI60-16.02223     0.11374   -9.442168  -77.299732   -0.159    0.346  1
RGI60-16.02018     0.11366   -9.829088  -77.172010   -0.681    0.314  1
RGI60-16.00710     0.11344  -15.794993  -68.553725   -0.689    0.314  1
RGI60-16.00124     0.11326  -15.332341  -70.764079    0.004    0.167  1
RGI60-16.01582     0.11266  -18.121396  -68.875175   -0.099    0.216  1
RGI60-16.01455     0.11265  -15.321019  -68.957169    0.140    0.232  1
RGI60-16.01230     0.11262  -13.867368  -70.442671   -0.723    0.335  1
RGI60-16.00048     0.11252  -16.215599  -70.361252   -0.125    0.239  1
RGI60-16.02621     0.11250  -11.971705  -76.038547   -0.378    0.293  1
RGI60-16.02194     0.11250   -9.362625  -77.342301   -0.503    0.300  1
RGI60-16.01624     0.11229    0.398106   29.891543    0.027    0.518  1
RGI60-16.02475     0.11224   -8.935265  -77.603135   -0.176    0.283  1
RGI60-16.01562     0.11220  -18.372049  -69.056508   -0.114    0.189  1
RGI60-16.01798     0.11210  -11.882352  -74.850888   -1.768    0.746  1
RGI60-16.00026     0.11202  -16.295180  -70.373166   -0.111    0.204  1
RGI60-16.01521     0.11196  -18.047215  -69.079367    0.007    0.182  1
RGI60-16.02519     0.11170   -8.875157  -77.702801   -0.389    0.350  1
RGI60-16.01144     0.11145  -13.479446  -71.265191   -0.643    0.291  1
RGI60-16.01924     0.11103  -11.890646  -74.846383   -0.960    0.406  1
RGI60-16.00091     0.11069  -15.548315  -70.823201    0.008    0.176  1
RGI60-16.02154     0.11031   -9.405817  -77.414397    0.238    0.610  1
RGI60-16.01928     0.11005  -11.877015  -74.833915   -0.204    0.479  1
RGI60-16.01102     0.10987  -13.608251  -70.783695   -0.998    0.485  1
RGI60-16.01012     0.10986  -13.809391  -70.959707   -0.251    0.200  1
RGI60-16.02609     0.10944   -8.403875  -77.856319   -0.240    0.262  1
RGI60-16.01043     0.10915  -13.835156  -70.913157   -0.539    0.320  1
RGI60-16.01731     0.10910  -10.513765  -75.884122    0.461    0.982  1
RGI60-16.00715     0.10903  -15.887254  -68.554284   -0.115    0.262  1
RGI60-16.01567     0.10890  -18.162815  -69.141802   -0.002    0.196  1
RGI60-16.02046     0.10860  -11.877607  -75.056230   -0.440    0.399  1
RGI60-16.00199     0.10837  -15.238806  -71.038360   -0.082    0.208  1
RGI60-16.00696     0.10835  -15.914333  -68.332160   -1.115    0.416  1
RGI60-16.02343     0.10818   -9.260427  -77.401999   -0.134    0.402  1
RGI60-16.00182     0.10807  -15.261388  -70.978200    0.083    0.216  1
RGI60-16.01646     0.10803   -3.082692   37.347204   -0.553    0.415  1
RGI60-16.02709     0.10802  -11.824279  -75.090440   -0.111    0.292  1
RGI60-16.02787     0.10800  -12.191448  -75.912642   -0.498    0.338  1
RGI60-16.02830     0.10800  -11.735806  -76.042338   -0.648    0.385  1
RGI60-16.00203     0.10771  -15.210477  -70.814709    0.028    0.198  1
RGI60-16.00625     0.10771  -16.871805  -67.455939   -0.132    0.329  1
RGI60-16.01895     0.10710  -10.226557  -76.921236   -0.300    0.291  1
RGI60-16.02756     0.10696  -12.254028  -75.951742   -0.470    0.413  1
RGI60-16.01164     0.10688  -13.718406  -71.194724    0.108    0.219  1
RGI60-16.00468     0.10678  -14.238608  -69.780211   -0.628    0.467  1
RGI60-16.01020     0.10669  -13.726500  -71.052523   -0.597    0.311  1
RGI60-16.00019     0.10669  -16.326603  -69.163743    0.023    0.236  1
RGI60-16.01648     0.10655   -3.080293   37.343780    0.511    0.419  1
RGI60-16.00234     0.10655  -13.362035  -72.541877    0.288    0.329  1
RGI60-16.00421     0.10651  -13.152630  -72.438355   -0.021    0.428  1
RGI60-16.00597     0.10650  -16.113942  -68.245398   -1.096    0.429  1
RGI60-16.00907     0.10636  -14.718923  -69.259367   -0.115    0.228  1
RGI60-16.02365     0.10620   -9.137778  -77.465690   -0.598    0.315  1
RGI60-16.02039     0.10610  -11.910765  -75.061222   -0.218    0.247  1
RGI60-16.02458     0.10603   -8.947820  -77.627983   -0.331    0.368  1
RGI60-16.01154     0.10602  -14.091051  -70.800100   -0.036    0.214  1
RGI60-16.01974     0.10598   -9.963925  -77.258077   -0.460    0.315  1
RGI60-16.00965     0.10588  -17.058927  -67.243765   -0.887    0.380  1
RGI60-16.01509     0.10575  -18.415115  -69.091551   -0.132    0.209  1
RGI60-16.01202     0.10564  -13.890493  -70.445174   -0.075    0.309  1
RGI60-16.00762     0.10541  -16.190833  -68.195083   -0.182    0.295  1
RGI60-16.01138     0.10537  -13.539012  -71.194726   -0.261    0.302  1
RGI60-16.02211     0.10530   -9.435306  -77.327055   -0.377    0.356  1
RGI60-16.02868     0.10530  -11.911586  -76.217665   -0.121    0.267  1
RGI60-16.01605     0.10525  -14.598746  -72.469394   -0.206    0.216  1
RGI60-16.00381     0.10500  -13.243568  -73.087335   -0.584    0.404  1
RGI60-16.01327     0.10465   -0.786960  -78.206031    0.445    0.956  1
RGI60-16.01907     0.10442  -10.221046  -76.915845    0.970    0.777  1
RGI60-16.01824     0.10440  -10.368589  -76.868087   -0.361    0.300  1
RGI60-16.02347     0.10410   -9.282169  -77.480223   -0.130    0.308  1
RGI60-16.00416     0.10410  -13.161304  -72.305450   -0.307    0.492  1
RGI60-16.02649     0.10403  -11.887710  -76.041456    0.033    0.397  1
RGI60-16.02407     0.10341   -9.064017  -77.568337   -0.467    0.417  1
RGI60-16.00312     0.10338  -13.258920  -72.373004    0.555    0.466  1
RGI60-16.01425     0.10260   10.857542  -73.713014   -0.510    0.275  1
RGI60-16.02907     0.10260  -11.498971  -76.414580    0.025    0.274  1
RGI60-16.02744     0.10233  -11.803617  -74.996761   -0.596    0.393  1
RGI60-16.01488     0.10170  -15.571510  -72.620136    0.073    0.221  1
RGI60-16.02133     0.10170   -9.453575  -77.398877   -0.412    0.316  1
RGI60-16.00864     0.10156  -14.647187  -69.302983   -0.091    0.304  1
RGI60-16.02408     0.10149   -9.150042  -77.602104   -0.516    0.309  1
RGI60-16.01991     0.10141  -11.877111  -74.875230   -0.566    0.361  1
RGI60-16.01539     0.10139  -18.408007  -69.048276   -0.243    0.283  1
RGI60-16.01231     0.10114  -13.874139  -70.438007   -1.016    0.426  1
RGI60-16.00318     0.10106  -13.252598  -72.944665   -0.691    0.355  1
RGI60-16.02608     0.10099   -8.421570  -77.843130   -0.363    0.379  1
RGI60-16.01214     0.10091  -13.916517  -70.397412   -0.729    0.353  1
RGI60-16.02043     0.10086  -11.918744  -75.034244   -0.301    0.354  1
RGI60-16.02128     0.10080   -9.477732  -77.351824   -0.110    0.308  1
RGI60-16.01849     0.10080  -10.328553  -76.930448   -0.093    0.252  1
RGI60-16.01511     0.10080  -15.417596  -72.170594   -0.255    0.248  1
RGI60-16.00595     0.10074  -16.179039  -68.232154   -1.563    0.535  1
RGI60-16.02494     0.10062   -8.897217  -77.740598   -0.439    0.304  1
RGI60-16.01688     0.10060  -10.592225  -76.705940   -1.597    0.536  1
RGI60-16.00761     0.10053  -16.841546  -67.479840   -0.760    0.378  1
RGI60-16.02941     0.10048  -11.897141  -74.853915   -0.413    0.343  1
RGI60-16.00968     0.10020  -13.676444  -70.982306   -0.466    0.357  1
RGI60-16.01291     0.10018  -13.856433  -71.321019    0.521    0.312  1
RGI60-16.02505     0.09997   -8.854768  -77.742020   -0.595    0.364  1
RGI60-16.02658     0.09997  -11.895293  -76.067379   -0.466    0.436  1
RGI60-16.00763     0.09984  -16.841674  -67.461615   -0.187    0.337  1
RGI60-16.01285     0.09980  -13.777176  -71.103599   -0.175    0.205  1
RGI60-16.01650     0.09973   -3.074420   37.339560   -0.171    0.290  1
RGI60-16.00059     0.09971  -16.131644  -70.262943    0.029    0.232  1
RGI60-16.00617     0.09958  -16.065632  -68.291827   -0.505    0.351  1
RGI60-16.01399     0.09945   10.816659  -73.627699   -0.503    0.302  1
RGI60-16.01964     0.09922   -9.961692  -77.260516   -0.140    0.391  1
RGI60-16.00826     0.09915  -16.956643  -67.368011   -0.028    0.325  1
RGI60-16.00056     0.09908  -16.196519  -70.328320   -0.029    0.214  1
RGI60-16.01724     0.09895  -10.519560  -75.917351    0.120    0.578  1
RGI60-16.00137     0.09862  -15.311095  -70.774068    0.005    0.194  1
RGI60-16.02547     0.09841   -8.904481  -77.572164   -0.276    0.381  1
RGI60-16.01448     0.09839  -16.342743  -68.116288    0.135    0.241  1
RGI60-16.02759     0.09833  -12.262631  -75.977339   -0.129    0.283  1
RGI60-16.01681     0.09829  -10.702017  -76.638318   -1.190    0.595  1
RGI60-16.00036     0.09813  -16.249807  -70.379295   -0.135    0.215  1
RGI60-16.02090     0.09792  -11.858654  -74.867869   -0.872    0.440  1
RGI60-16.00001     0.09790  -16.521193  -69.905294   -0.196    0.223  1
RGI60-16.01502     0.09723  -15.425457  -72.892877   -0.280    0.285  1
RGI60-16.01893     0.09720  -10.218692  -76.922733   -0.349    0.309  1
RGI60-16.02072     0.09697  -13.057086  -75.036837   -0.117    0.204  1
RGI60-16.02628     0.09683  -11.913015  -76.059347    0.298    0.348  1
RGI60-16.00997     0.09672  -13.756081  -71.690268   -0.356    0.346  1
RGI60-16.02911     0.09617  -11.440761  -74.989871   -0.269    0.364  1
RGI60-16.01890     0.09609  -10.317039  -76.893331   -0.277    0.282  1
RGI60-16.02381     0.09607   -9.075827  -77.475365   -0.668    0.556  1
RGI60-16.02465     0.09592   -8.959076  -77.651440   -0.194    0.327  1
RGI60-16.02887     0.09590  -11.533987  -74.998994   -0.632    0.410  1
RGI60-16.01546     0.09540  -18.038101  -69.068230   -0.005    0.207  1
RGI60-16.02870     0.09540  -11.603448  -76.300683   -0.455    0.287  1
RGI60-16.01620     0.09510   19.031052  -97.272095    0.009    0.242  1
RGI60-16.01389     0.09495    8.541136  -71.050399   -0.198    0.475  1
RGI60-16.00622     0.09444  -16.869146  -67.462161   -0.325    0.371  1
RGI60-16.01198     0.09419  -14.118052  -70.782665   -0.054    0.287  1
RGI60-16.01139     0.09404  -13.536308  -71.192050   -0.310    0.261  1
RGI60-16.01973     0.09367   -9.956717  -77.233057    0.405    0.534  1
RGI60-16.00347     0.09308  -13.278097  -72.747237   -0.491    0.347  1
RGI60-16.02659     0.09300  -11.963860  -76.031744   -0.253    0.369  1
RGI60-16.00551     0.09269  -16.201969  -68.090660    0.470    0.790  1
RGI60-16.01913     0.09202  -10.265697  -76.903565    1.148    1.041  1
RGI60-16.02013     0.09178   -9.823313  -77.211677    0.148    0.314  1
RGI60-16.02691     0.09172  -11.817101  -74.994933    0.069    0.325  1
RGI60-16.00438     0.09145  -13.003363  -72.259805    0.026    0.470  1
RGI60-16.00008     0.09136  -16.468381  -69.876431   -0.059    0.242  1
RGI60-16.01976     0.09108   -9.923291  -77.217622   -0.093    0.240  1
RGI60-16.01665     0.09102  -10.758710  -76.587545   -2.292    0.828  1
RGI60-16.02813     0.09080  -11.939278  -74.828404    0.009    0.371  1
RGI60-16.00771     0.09070  -15.343134  -68.945451    0.044    0.364  1
RGI60-16.02237     0.09029   -9.321294  -77.399718   -0.457    0.408  1
RGI60-16.02774     0.09017  -12.271245  -75.947779   -0.248    0.272  1
RGI60-16.01591     0.09000  -18.022482  -69.078794   -0.001    0.200  1
RGI60-16.00961     0.08980  -14.273072  -69.808141    0.147    0.257  1
RGI60-16.02180     0.08895   -9.503111  -77.316671   -1.481    0.903  1
RGI60-16.02350     0.08859   -9.229402  -77.469885   -0.225    0.351  1
RGI60-16.02217     0.08849   -9.402572  -77.341671   -0.278    0.341  1
RGI60-16.01360     0.08820    6.359905  -72.304134   -0.306    0.328  1
RGI60-16.01800     0.08785  -10.413992  -76.974471   -0.338    0.301  1
RGI60-16.00067     0.08777  -16.093270  -70.269380    0.118    0.209  1
RGI60-16.01832     0.08774  -10.480003  -76.773451   -0.177    0.291  1
RGI60-16.00039     0.08768  -16.264012  -70.344563    0.029    0.184  1
RGI60-16.02281     0.08755   -9.290071  -77.289064   -0.830    0.381  1
RGI60-16.00944     0.08707  -14.355606  -69.727853   -0.504    0.312  1
RGI60-16.02314     0.08694   -9.274297  -77.420033   -0.169    0.387  1
RGI60-16.01933     0.08640  -10.035358  -76.981139   -0.390    0.259  1
RGI60-16.01379     0.08550    6.506405  -72.299365   -0.121    0.306  1
RGI60-16.00179     0.08543  -15.275952  -71.055442   -0.071    0.205  1
RGI60-16.01298     0.08471  -13.811460  -70.615857   -0.198    0.264  1
RGI60-16.02587     0.08463   -8.786782  -77.697153   -0.300    0.298  1
RGI60-16.01694     0.08460  -11.916066  -75.998834   -0.115    0.306  1
RGI60-16.02078     0.08460   -9.737080  -77.233787   -1.459    0.592  1
RGI60-16.01087     0.08459  -13.649793  -70.735569   -0.451    0.307  1
RGI60-16.01940     0.08459  -10.009111  -77.008144   -0.434    0.309  1
RGI60-16.00132     0.08417  -15.319917  -70.959712   -0.003    0.189  1
RGI60-16.01623     0.08417    0.401221   29.889006   -1.262    0.893  1
RGI60-16.02249     0.08416   -9.431821  -77.333922   -0.299    0.311  1
RGI60-16.00138     0.08400  -15.308752  -70.965976   -0.110    0.249  1
RGI60-16.01579     0.08370  -18.118468  -69.130675    0.134    0.266  1
RGI60-16.01763     0.08329  -10.484882  -76.739172   -0.668    0.361  1
RGI60-16.01647     0.08323   -3.077521   37.345901   -0.121    0.322  1
RGI60-16.01834     0.08319  -10.471980  -76.771789    0.211    0.495  1
RGI60-16.00628     0.08316  -16.023732  -68.278144   -0.532    0.306  1
RGI60-16.01947     0.08280   -9.984219  -77.019887   -1.050    0.498  1
RGI60-16.00767     0.08277  -17.012710  -67.323478   -0.189    0.338  1
RGI60-16.02651     0.08267  -11.926754  -76.066274   -0.003    0.409  1
RGI60-16.00317     0.08256  -13.255572  -73.098303   -0.609    0.343  1
RGI60-16.00624     0.08202  -16.876908  -67.451521   -0.396    0.419  1
RGI60-16.02491     0.08178   -8.935401  -77.542585   -1.147    0.550  1
RGI60-16.02643     0.08170  -11.965297  -76.014900   -0.476    0.387  1
RGI60-16.00515     0.08121  -16.374113  -67.928171   -0.043    0.335  1
RGI60-16.02922     0.08100  -11.353716  -76.321680   -1.058    0.594  1
RGI60-16.02159     0.08100   -9.356424  -77.433834   -0.600    0.395  1
RGI60-16.00074     0.08089  -16.074105  -70.283748   -0.015    0.193  1
RGI60-16.00204     0.08079  -15.205206  -70.814702   -0.086    0.237  1
RGI60-16.00525     0.08073  -16.937782  -67.409948    0.037    0.229  1
RGI60-16.00096     0.08055  -15.455901  -70.851721    0.097    0.237  1
RGI60-16.00029     0.08021  -16.290549  -70.326704   -0.220    0.294  1
RGI60-16.01952     0.08010   -9.977633  -77.025445   -0.237    0.312  1
RGI60-16.01908     0.08010  -10.256568  -76.926394   -0.209    0.292  1
RGI60-16.01986     0.08002   -9.921790  -77.038099   -0.065    0.407  1
RGI60-16.01993     0.07986  -11.874368  -74.868506   -0.333    0.409  1
RGI60-16.01550     0.07928  -14.625431  -72.469155   -0.055    0.204  1
RGI60-16.01120     0.07924  -13.496823  -71.182029   -0.231    0.223  1
RGI60-16.02121     0.07920   -9.515007  -77.356587   -0.384    0.364  1
RGI60-16.02918     0.07920  -11.380085  -76.414345   -0.713    0.402  1
RGI60-16.01471     0.07920  -15.541121  -72.568112   -0.046    0.268  1
RGI60-16.01462     0.07917  -15.726636  -71.889774   -0.051    0.245  1
RGI60-16.02852     0.07904  -11.685098  -75.213943   -0.690    0.415  1
RGI60-16.00190     0.07901  -15.255143  -71.193844    0.002    0.232  1
RGI60-16.01758     0.07896  -10.467487  -76.718298   -0.148    0.292  1
RGI60-16.02351     0.07879   -9.277537  -77.417273   -0.525    0.489  1
RGI60-16.02662     0.07865  -11.913702  -76.056071    0.299    0.476  1
RGI60-16.01935     0.07864  -10.010386  -77.177732   -0.107    0.235  1
RGI60-16.00175     0.07863  -15.355443  -70.727272    0.047    0.228  1
RGI60-16.00853     0.07843  -17.004486  -67.318039   -0.480    0.370  1
RGI60-16.02934     0.07821  -11.172825  -76.504619   -0.270    0.354  1
RGI60-16.01639     0.07819   -0.152499   37.305307   -0.888    0.564  1
RGI60-16.01238     0.07805  -13.860427  -70.357929   -0.356    0.403  1
RGI60-16.01633     0.07790    0.372801   29.874126   -0.207    0.642  1
RGI60-16.00943     0.07776  -14.358121  -69.734226    0.409    0.409  1
RGI60-16.01422     0.07740   10.866359  -73.733243    0.093    0.369  1
RGI60-16.01148     0.07714  -13.552813  -71.191329   -0.346    0.305  1
RGI60-16.02676     0.07701  -13.039504  -75.041723   -0.066    0.231  1
RGI60-16.02104     0.07690   -9.561849  -77.349694   -0.372    0.326  1
RGI60-16.02583     0.07686   -8.803929  -77.745358   -0.299    0.401  1
RGI60-16.02243     0.07677   -9.560584  -77.302371    1.846    1.355  1
RGI60-16.01170     0.07665  -14.041625  -70.776898   -0.141    0.283  1
RGI60-16.01496     0.07664  -15.464021  -72.173103   -0.037    0.267  1
RGI60-16.01827     0.07650  -10.380881  -76.869512   -0.302    0.275  1
RGI60-16.01574     0.07650  -18.131587  -69.121603    0.001    0.268  1
RGI60-16.02939     0.07647  -10.830570  -76.623969   -0.403    0.255  1
RGI60-16.02847     0.07617  -11.698821  -74.880100   -0.887    0.378  1
RGI60-16.02298     0.07605   -9.185360  -77.475223   -0.099    0.370  1
RGI60-16.01011     0.07587  -13.783299  -71.035607    0.085    0.228  1
RGI60-16.02492     0.07586   -8.906148  -77.551810   -0.560    0.374  1
RGI60-16.01899     0.07578  -10.347391  -76.877935   -1.504    0.725  1
RGI60-16.02134     0.07560   -9.460622  -77.407327   -0.265    0.291  1
RGI60-16.02150     0.07470   -9.408475  -77.447623   -0.309    0.352  1
RGI60-16.01956     0.07470  -11.867153  -76.025989   -0.420    0.358  1
RGI60-16.01069     0.07457  -13.783726  -70.802207   -0.340    0.275  1
RGI60-16.02846     0.07449  -11.701110  -74.877011   -1.773    0.694  1
RGI60-16.02925     0.07449  -11.294805  -76.475761   -0.073    0.241  1
RGI60-16.01733     0.07443  -10.507497  -75.890553    5.520    2.312  1
RGI60-16.02044     0.07436  -11.872842  -75.034602   -1.260    0.848  1
RGI60-16.02525     0.07430  -11.861090  -75.078532   -0.490    0.376  1
RGI60-16.00694     0.07429  -16.195183  -68.199754   -0.359    0.272  1
RGI60-16.01438     0.07426   -1.719025  -78.408874    1.104    0.683  1
RGI60-16.00348     0.07369  -13.276780  -72.751912    0.143    0.326  1
RGI60-16.01122     0.07348  -13.490085  -71.155955   -0.078    0.258  1
RGI60-16.01745     0.07339  -10.482792  -75.987926   -0.824    0.769  1
RGI60-16.02604     0.07333   -8.652335  -77.785146   -0.373    0.378  1
RGI60-16.02047     0.07327  -11.872177  -75.074850   -0.499    0.393  1
RGI60-16.00066     0.07312  -16.083270  -70.269660    0.009    0.239  1
RGI60-16.02804     0.07289  -13.388346  -74.575464   -0.020    0.254  1
RGI60-16.00181     0.07283  -15.272709  -70.977471   -0.022    0.248  1
RGI60-16.02560     0.07256   -8.905583  -77.651939   -0.446    0.381  1
RGI60-16.02473     0.07244   -8.987742  -77.599386   -0.327    0.425  1
RGI60-16.02760     0.07223  -12.231163  -75.964464   -0.464    0.447  1
RGI60-16.01707     0.07192  -10.534636  -75.965712    0.065    0.527  1
RGI60-16.00303     0.07138  -13.317751  -72.495873   -0.893    0.506  1
RGI60-16.01370     0.07110    6.461842  -72.260828   -0.370    0.405  1
RGI60-16.00990     0.07107  -13.751165  -70.696292   -0.284    0.393  1
RGI60-16.01452     0.07089  -15.329850  -68.935903    0.200    0.348  1
RGI60-16.01905     0.07083  -10.297430  -76.869073    2.037    1.389  1
RGI60-16.01030     0.07052  -13.797169  -70.817853   -0.277    0.315  1
RGI60-16.00223     0.07041  -13.399165  -72.551962   -0.234    0.421  1
RGI60-16.02594     0.07025   -8.686730  -77.785230    0.243    0.338  1
RGI60-16.01715     0.07016  -10.525159  -75.944169    0.012    0.462  1
RGI60-16.02463     0.07012   -8.996388  -77.714825   -0.482    0.331  1
RGI60-16.01721     0.07000  -10.533981  -75.926748    1.000    0.790  1
RGI60-16.02637     0.07000  -11.937289  -76.047469   -0.462    0.422  1
RGI60-16.02885     0.06961  -11.537155  -74.961620    0.035    0.355  1
RGI60-16.02912     0.06946  -11.438382  -74.986196   -0.035    0.447  1
RGI60-16.01962     0.06930   -9.953130  -77.240417   -0.505    0.338  1
RGI60-16.00062     0.06924  -16.110791  -70.257427    0.061    0.250  1
RGI60-16.00489     0.06893  -16.993685  -67.353423   -0.342    0.320  1
RGI60-16.00858     0.06872  -14.726539  -69.266025   -0.175    0.212  1
RGI60-16.02496     0.06870   -8.892466  -77.717722   -0.039    0.375  1
RGI60-16.00862     0.06863  -14.638433  -69.281906    0.045    0.309  1
RGI60-16.01472     0.06840  -15.539439  -72.563160    0.029    0.259  1
RGI60-16.02763     0.06818  -12.225521  -75.985033   -0.119    0.377  1
RGI60-16.02278     0.06761   -9.305695  -77.309604    0.487    0.464  1
RGI60-16.00998     0.06750  -13.756121  -71.684629   -0.069    0.350  1
RGI60-16.02646     0.06750  -11.829873  -76.055994    0.331    0.372  1
RGI60-16.01960     0.06750   -9.945873  -77.216138   -0.330    0.333  1
RGI60-16.02866     0.06750  -11.916007  -76.219132   -0.050    0.283  1
RGI60-16.02147     0.06735   -9.407568  -77.420126   -3.216    2.542  1
RGI60-16.01156     0.06727  -14.101063  -70.802285    0.033    0.237  1
RGI60-16.02327     0.06707   -9.224187  -77.414571   -0.431    0.359  1
RGI60-16.00559     0.06695  -16.887200  -67.356399    0.027    0.274  1
RGI60-16.01736     0.06690  -10.504980  -76.011335    0.531    0.731  1
RGI60-16.02478     0.06669   -8.998603  -77.632084    0.329    0.428  1
RGI60-16.02648     0.06660  -11.902890  -76.027725    0.324    0.478  1
RGI60-16.00041     0.06657  -16.261095  -70.355349   -0.125    0.304  1
RGI60-16.00122     0.06654  -15.340104  -70.949352   -0.022    0.228  1
RGI60-16.01785     0.06597  -10.433288  -76.804249   -0.641    0.329  1
RGI60-16.01701     0.06594  -10.555639  -75.939788    2.084    0.999  1
RGI60-16.00674     0.06589  -15.947195  -68.395705   -0.014    0.296  1
RGI60-16.00208     0.06588  -15.184241  -70.813261    0.075    0.219  1
RGI60-16.01397     0.06570   10.819224  -73.577316   -0.467    0.424  1
RGI60-16.01954     0.06570   -9.970358  -77.022714   -0.351    0.325  1
RGI60-16.02775     0.06570  -12.213823  -75.934907   -0.270    0.404  1
RGI60-16.01232     0.06561  -13.694336  -70.840653    0.421    0.394  1
RGI60-16.02012     0.06506   -9.838726  -77.186588   -0.208    0.335  1
RGI60-16.00772     0.06502  -15.341604  -68.940362    0.164    0.392  1
RGI60-16.02718     0.06501  -12.640287  -75.453830   -1.010    0.611  1
RGI60-16.01675     0.06463  -10.713442  -76.653165   -0.572    0.340  1
RGI60-16.00939     0.06440  -16.134463  -68.228206   -0.117    0.382  1
RGI60-16.01131     0.06431  -13.518282  -71.257093   -0.048    0.364  1
RGI60-16.00185     0.06427  -15.255713  -71.037341    0.045    0.244  1
RGI60-16.02746     0.06373  -12.304007  -75.920460   -0.443    0.404  1
RGI60-16.02593     0.06372   -8.671827  -77.770079    0.378    0.514  1
RGI60-16.02722     0.06335  -12.586924  -75.789520   -0.745    0.417  1
RGI60-16.00121     0.06329  -15.338368  -70.633588    0.046    0.198  1
RGI60-16.02526     0.06324  -11.851710  -75.081632   -0.082    0.383  1
RGI60-16.00963     0.06314  -17.067476  -67.249938   -0.705    0.435  1
RGI60-16.02466     0.06310   -9.006696  -77.654155   -0.236    0.371  1
RGI60-16.02068     0.06302   -9.749945  -77.232360   -0.183    0.520  1
RGI60-16.02619     0.06292  -11.897038  -76.063925   -0.640    0.683  1
RGI60-16.02375     0.06287   -9.093709  -77.515285   -0.771    0.536  1
RGI60-16.00972     0.06279  -13.780996  -70.582803   -0.771    0.418  1
RGI60-16.00604     0.06276  -16.076451  -68.291390   -0.439    0.291  1
RGI60-16.00065     0.06248  -16.102579  -70.259950    0.180    0.272  1
RGI60-16.02100     0.06242   -9.563112  -77.369925   -0.375    0.375  1
RGI60-16.01916     0.06239  -10.291371  -76.891048   -0.208    0.575  1
RGI60-16.00565     0.06229  -16.170676  -68.205447   -0.091    0.301  1
RGI60-16.02717     0.06224  -12.632883  -75.464288   -0.770    0.487  1
RGI60-16.01421     0.06210   10.853670  -73.684917    0.109    0.468  1
RGI60-16.01654     0.06170   -3.070726   37.351741   -0.330    0.249  1
RGI60-16.01112     0.06154  -13.545910  -71.222868   -0.015    0.244  1
RGI60-16.00422     0.06143  -13.149023  -72.438477    0.856    0.811  1
RGI60-16.00695     0.06136  -16.844963  -67.457607   -0.882    0.510  1
RGI60-16.01946     0.06120   -9.972279  -77.240288   -0.387    0.361  1
RGI60-16.02902     0.06120  -11.507435  -76.371827   -0.647    0.483  1
RGI60-16.01109     0.06091  -13.569887  -70.745283   -0.655    0.458  1
RGI60-16.02574     0.06035   -8.814638  -77.708177   -0.818    0.482  1
RGI60-16.02509     0.06033   -8.887821  -77.707363    0.205    0.508  1
RGI60-16.01095     0.06031  -13.621925  -70.738429    0.008    0.253  1
RGI60-16.01522     0.06030  -18.038864  -69.073486   -0.238    0.251  1
RGI60-16.00974     0.05998  -13.772315  -70.722008   -0.408    0.349  1
RGI60-16.02690     0.05996  -11.820504  -74.992960   -0.011    0.399  1
RGI60-16.00286     0.05994  -13.318876  -72.531059   -0.375    0.579  1
RGI60-16.02380     0.05969   -9.104644  -77.455776    0.138    0.528  1
RGI60-16.01318     0.05954   -1.412899  -78.743943   -0.038    0.501  1
RGI60-16.00232     0.05926  -13.377581  -72.531648   -0.483    0.398  1
RGI60-16.02529     0.05921   -8.879099  -77.564909   -0.188    0.503  1
RGI60-16.00818     0.05863  -16.967523  -67.368081   -0.459    0.327  1
RGI60-16.02033     0.05853  -11.882695  -75.066603   -0.279    0.457  1
RGI60-16.01706     0.05831  -10.534262  -75.970565    1.737    0.963  1
RGI60-16.02540     0.05809   -8.847479  -77.606230   -0.592    0.436  1
RGI60-16.00555     0.05793  -16.882435  -67.386089   -0.553    0.389  1
RGI60-16.00140     0.05792  -15.312759  -70.746970    0.059    0.290  1
RGI60-16.00188     0.05783  -15.245691  -70.810255   -0.066    0.231  1
RGI60-16.00271     0.05775  -13.344596  -72.786585    0.193    0.346  1
RGI60-16.00594     0.05772  -16.120801  -68.243184   -0.251    0.440  1
RGI60-16.02059     0.05760   -9.789428  -77.239959    0.298    0.347  1
RGI60-16.02640     0.05760  -11.968187  -76.046744   -0.767    0.533  1
RGI60-16.01388     0.05760    8.540473  -71.045952   -0.176    0.499  1
RGI60-16.02627     0.05760  -11.916190  -76.061282   -0.550    0.452  1
RGI60-16.02014     0.05747   -9.832279  -77.198337   -0.456    0.366  1
RGI60-16.01887     0.05743  -10.238106  -76.902952    0.192    0.504  1
RGI60-16.01847     0.05720  -10.346401  -76.885749   -0.421    0.301  1
RGI60-16.00023     0.05714  -16.301438  -70.362348   -0.100    0.234  1
RGI60-16.00860     0.05710  -14.718211  -69.275966   -0.239    0.365  1
RGI60-16.01879     0.05670  -10.334291  -76.866906   -0.452    0.433  1
RGI60-16.02635     0.05670  -11.869166  -76.035913   -0.535    0.389  1
RGI60-16.02829     0.05663  -11.916569  -74.821733    0.127    0.392  1
RGI60-16.02663     0.05654  -11.902573  -76.034096   -0.012    0.661  1
RGI60-16.02789     0.05652  -12.192450  -75.917033   -0.389    0.381  1
RGI60-16.01130     0.05631  -13.521258  -71.256234   -0.115    0.379  1
RGI60-16.00233     0.05584  -13.373963  -72.532115   -0.124    0.351  1
RGI60-16.01801     0.05580  -10.410638  -76.975443   -0.185    0.385  1
RGI60-16.01892     0.05580  -10.222537  -76.922474   -0.665    0.566  1
RGI60-16.01708     0.05550  -10.531022  -75.965912   -1.805    0.996  1
RGI60-16.02459     0.05550   -8.945700  -77.629781   -0.277    0.795  1
RGI60-16.02464     0.05505   -8.959421  -77.654742   -0.153    0.405  1
RGI60-16.01965     0.05503   -9.962006  -77.254596   -0.243    0.346  1
RGI60-16.01630     0.05491    0.381555   29.875584   -0.514    0.659  1
RGI60-16.01501     0.05490  -15.425587  -72.897798    0.048    0.339  1
RGI60-16.02814     0.05490  -11.932555  -76.150273    0.085    0.300  1
RGI60-16.02776     0.05490  -12.206799  -76.046188   -0.062    0.379  1
RGI60-16.01629     0.05484    0.384559   29.869605   -0.194    0.582  1
RGI60-16.02733     0.05465  -12.398920  -75.643187   -0.388    0.342  1
RGI60-16.01810     0.05442  -10.408298  -76.919298    0.144    0.376  1
RGI60-16.01821     0.05426  -10.384705  -76.732128   -1.016    0.515  1
RGI60-16.00495     0.05407  -16.499245  -67.849533   -0.370    0.347  1
RGI60-16.02839     0.05400  -11.692126  -76.205277    0.023    0.268  1
RGI60-16.01428     0.05400   10.879799  -73.755772   -0.163    0.443  1
RGI60-16.01176     0.05365  -14.034611  -70.865223   -0.092    0.203  1
RGI60-16.01743     0.05355  -10.486289  -76.825352   -0.630    0.368  1
RGI60-16.02040     0.05343  -11.919367  -75.016817   -0.255    0.332  1
RGI60-16.02521     0.05338  -11.847126  -75.084012   -0.591    0.393  1
RGI60-16.00993     0.05337  -13.744026  -70.652781   -0.455    0.328  1
RGI60-16.02384     0.05313   -9.105638  -77.487993    0.132    0.536  1
RGI60-16.02099     0.05310   -9.572448  -77.370670   -2.858    1.250  1
RGI60-16.02748     0.05310  -12.257964  -75.990941    0.158    0.338  1
RGI60-16.01268     0.05303  -13.788809  -71.096680    0.161    0.256  1
RGI60-16.00766     0.05291  -16.184217  -68.094121    0.068    0.283  1
RGI60-16.02764     0.05285  -12.223694  -75.988575    0.147    0.399  1
RGI60-16.00377     0.05280  -13.183513  -72.113306   -1.075    0.541  1
RGI60-16.02038     0.05268  -11.914419  -75.063911   -0.915    0.493  1
RGI60-16.00046     0.05263  -16.233307  -70.307155   -0.061    0.205  1
RGI60-16.01716     0.05257  -10.517071  -75.909511   -0.556    0.455  1
RGI60-16.00561     0.05250  -16.075041  -68.208648   -0.018    0.211  1
RGI60-16.00196     0.05238  -15.242924  -71.042788   -0.065    0.216  1
RGI60-16.01212     0.05233  -14.098379  -70.233065   -0.581    0.342  1
RGI60-16.01469     0.05220  -15.543573  -72.557522   -0.062    0.323  1
RGI60-16.01748     0.05220  -10.485827  -76.853699   -0.288    0.250  1
RGI60-16.01862     0.05220  -10.297333  -76.990405   -0.090    0.322  1
RGI60-16.02735     0.05220  -12.317189  -75.935943   -0.193    0.302  1
RGI60-16.01903     0.05220  -10.338027  -76.864740   -0.549    0.480  1
RGI60-16.00235     0.05199  -13.363172  -72.539504    0.481    0.588  1
RGI60-16.02415     0.05180   -9.084944  -77.571430    1.262    0.978  1
RGI60-16.01830     0.05176  -13.107681  -74.908290   -0.098    0.333  1
RGI60-16.01634     0.05168    0.367851   29.878614   -1.381    1.064  1
RGI60-16.00713     0.05145  -15.801988  -68.555200   -0.827    0.555  1
RGI60-16.02753     0.05130  -12.268000  -75.963922    0.101    0.374  1
RGI60-16.02838     0.05130  -11.695777  -76.194806   -0.504    0.455  1
RGI60-16.02292     0.05128   -9.334576  -77.302162   -0.083    0.589  1
RGI60-16.02168     0.05127   -9.368702  -77.312247   -0.433    0.512  1
RGI60-16.00520     0.05075  -16.368171  -67.936179   -0.124    0.350  1
RGI60-16.00578     0.05066  -16.115376  -68.276578   -0.501    0.406  1
RGI60-16.02825     0.05063  -11.755592  -74.971471   -1.690    0.881  1
RGI60-16.01180     0.05061  -14.025410  -70.864058   -0.097    0.200  1
RGI60-16.00004     0.05048  -16.385489  -69.144489   -0.129    0.258  1
RGI60-16.01517     0.05040  -15.408505  -72.877716   -0.207    0.252  1
RGI60-16.01848     0.05040  -10.334231  -76.930052    0.097    0.482  1
RGI60-16.01931     0.05040  -10.047112  -77.099255   -0.176    0.398  1
RGI60-16.02199     0.05034   -9.505166  -77.344758    0.113    0.365  1
RGI60-16.02630     0.05017  -11.947016  -76.051056    0.234    0.559  1
RGI60-16.02234     0.05011   -9.321127  -77.401588   -0.307    0.457  1
RGI60-16.02805     0.05001  -13.388457  -74.571552   -0.082    0.291  1
RGI60-16.02591     0.04985   -8.692832  -77.795091   -0.348    0.310  1
RGI60-16.00507     0.04984  -16.424203  -67.931554   -0.057    0.313  1
RGI60-16.00153     0.04982  -15.309842  -70.765377   -0.010    0.214  1
RGI60-16.01329     0.04980   -0.785289  -78.331581    0.975    0.900  1
RGI60-16.00633     0.04962  -15.912509  -68.387736   -0.295    0.392  1
RGI60-16.01778     0.04951  -10.437240  -76.746979    0.008    0.482  1
RGI60-16.02157     0.04950   -9.403925  -77.454645   -0.236    0.399  1
RGI60-16.02854     0.04949  -11.677618  -75.215576   -1.477    0.727  1
RGI60-16.01735     0.04942  -10.505728  -76.008246   -2.151    1.210  1
RGI60-16.02689     0.04938  -11.820228  -74.990442   -0.297    0.529  1
RGI60-16.02167     0.04900  -11.855158  -75.046428   -0.455    0.462  1
RGI60-16.01699     0.04893  -10.566128  -75.940484    1.348    1.009  1
RGI60-16.01392     0.04889   10.787533  -73.650279   -0.475    0.580  1
RGI60-16.00819     0.04884  -16.994998  -67.327049   -0.353    0.368  1
RGI60-16.00025     0.04880  -16.287854  -70.361171   -0.021    0.343  1
RGI60-16.00133     0.04864  -15.314966  -70.777612    0.043    0.230  1
RGI60-16.01811     0.04860  -10.424985  -76.941593   -0.347    0.362  1
RGI60-16.02828     0.04849  -11.915684  -74.819071   -0.759    0.680  1
RGI60-16.00103     0.04836  -15.425669  -70.848915    0.078    0.222  1
RGI60-16.00012     0.04825  -16.369309  -69.167344   -0.013    0.295  1
RGI60-16.01017     0.04816  -13.781752  -70.956543    0.137    0.329  1
RGI60-16.02908     0.04801  -11.486620  -75.476478    0.431    0.552  1
RGI60-16.02514     0.04788   -8.856506  -77.739877   -0.147    0.361  1
RGI60-16.01056     0.04777  -13.788157  -70.951918    0.086    0.327  1
RGI60-16.00454     0.04770  -22.941226  -66.964559    0.050    0.226  1
RGI60-16.02066     0.04770   -9.755300  -77.235820   -0.116    0.430  1
RGI60-16.00110     0.04751  -15.404783  -70.652454    0.021    0.218  1
RGI60-16.01398     0.04725   10.819774  -73.591623    0.877    0.645  1
RGI60-16.00142     0.04703  -15.374665  -70.675612    0.141    0.325  1
RGI60-16.02453     0.04698   -8.932214  -77.599704   -0.218    0.405  1
RGI60-16.02933     0.04680  -11.176670  -76.501820   -0.031    0.339  1
RGI60-16.02228     0.04680   -9.554243  -77.297118   -0.564    0.433  1
RGI60-16.02792     0.04680  -12.151218  -75.941987   -0.870    0.680  1
RGI60-16.02430     0.04671   -8.953623  -77.649326   -0.149    0.486  1
RGI60-16.02392     0.04636   -9.128964  -77.578578    0.036    0.599  1
RGI60-16.00448     0.04635  -24.733154  -68.543413    0.047    0.298  1
RGI60-16.02701     0.04634  -12.887863  -75.239651    0.077    0.283  1
RGI60-16.02515     0.04634   -8.854976  -77.737537   -0.212    0.380  1
RGI60-16.00623     0.04604  -16.879244  -67.448424   -0.643    0.536  1
RGI60-16.02477     0.04597   -9.056579  -77.662109   -0.455    0.434  1
RGI60-16.00255     0.04594  -13.389319  -72.709601    0.123    0.305  1
RGI60-16.01852     0.04590  -10.328404  -76.975390    0.067    0.388  1
RGI60-16.00677     0.04533  -15.999068  -68.356748    0.004    0.347  1
RGI60-16.00989     0.04531  -13.758753  -70.697418    0.172    0.350  1
RGI60-16.00490     0.04530  -16.535126  -67.789537   -0.248    0.423  1
RGI60-16.01649     0.04521   -3.074710   37.343559    0.408    0.621  1
RGI60-16.00092     0.04509  -15.570500  -70.827494   -0.003    0.210  1
RGI60-16.01737     0.04501  -10.502588  -76.010195   -1.446    1.083  1
RGI60-16.01429     0.04500   10.880440  -73.749247    0.188    0.518  1
RGI60-16.01826     0.04500  -10.365103  -76.865779   -0.396    0.446  1
RGI60-16.01513     0.04500  -15.410963  -72.165288   -0.103    0.248  1
RGI60-16.02095     0.04500   -9.577170  -77.363046   -0.403    0.486  1
RGI60-16.00220     0.04468  -13.438999  -72.683526   -0.043    0.374  1
RGI60-16.01108     0.04448  -13.574556  -70.741186   -0.199    0.438  1
RGI60-16.01686     0.04437  -10.658492  -76.660867   -1.763    0.796  1
RGI60-16.00206     0.04429  -15.202338  -70.831942   -0.014    0.342  1
RGI60-16.00063     0.04424  -16.109703  -70.240844    0.119    0.287  1
RGI60-16.02855     0.04410  -11.657669  -76.326615   -0.478    0.379  1
RGI60-16.02523     0.04393  -11.839506  -75.087732   -0.087    0.370  1
RGI60-16.01771     0.04393  -10.501613  -76.729908   -0.558    0.536  1
RGI60-16.01632     0.04340    0.372001   29.879494   -5.092    2.985  1
RGI60-16.00957     0.04321  -14.277094  -69.786906   -0.371    0.343  1
RGI60-16.02904     0.04320  -11.502069  -76.380602   -0.502    0.376  1
RGI60-16.02796     0.04320  -12.133429  -75.962967   -0.324    0.450  1
RGI60-16.00134     0.04318  -15.314549  -70.789394    0.002    0.265  1
RGI60-16.02297     0.04310   -9.288519  -77.293905    0.335    0.483  1
RGI60-16.01006     0.04295  -13.661320  -70.700257   -0.455    0.371  1
RGI60-16.01670     0.04284  -10.739353  -76.630378   -0.816    0.497  1
RGI60-16.00494     0.04267  -16.964904  -67.395446   -0.313    0.301  1
RGI60-16.01926     0.04234  -11.874395  -74.831478    3.363    1.818  1
RGI60-16.02119     0.04230   -9.514200  -77.359955   -0.501    0.367  1
RGI60-16.02931     0.04230  -11.165163  -76.505889   -0.649    0.584  1
RGI60-16.02726     0.04193  -12.546006  -75.784813   -0.375    0.439  1
RGI60-16.00512     0.04165  -16.947899  -67.327931   -0.568    0.462  1
RGI60-16.02831     0.04140  -11.735207  -76.045230   -0.079    0.368  1
RGI60-16.01535     0.04122  -14.972770  -72.206827   -0.532    0.330  1
RGI60-16.00115     0.04110  -15.344063  -70.621534    0.125    0.280  1
RGI60-16.02715     0.04103  -12.643793  -75.458261    0.038    0.415  1
RGI60-16.00492     0.04101  -16.518486  -67.764221   -0.036    0.435  1
RGI60-16.01089     0.04078  -13.645492  -71.065036    0.063    0.442  1
RGI60-16.00586     0.04067  -16.112356  -68.248940    0.288    0.476  1
RGI60-16.02267     0.04056   -9.293477  -77.371760   -0.226    0.472  1
RGI60-16.02372     0.04052   -9.104455  -77.508520   -0.243    0.449  1
RGI60-16.02080     0.04050   -9.665535  -77.261686   -0.852    0.595  1
RGI60-16.02893     0.04050  -11.523010  -76.247781   -1.143    0.699  1
RGI60-16.02871     0.04013  -11.602548  -75.280501   -0.479    0.630  1
RGI60-16.02800     0.03960  -11.988326  -76.031960   -0.824    0.652  1
RGI60-16.02777     0.03960  -12.204969  -75.926430    0.037    0.474  1
RGI60-16.02636     0.03960  -11.938121  -76.042939   -0.207    0.485  1
RGI60-16.02021     0.03960   -9.797578  -77.272062   -0.142    0.297  1
RGI60-16.01418     0.03960   10.838999  -73.742844   -0.123    0.408  1
RGI60-16.01553     0.03959  -14.604059  -72.476773   -0.097    0.250  1
RGI60-16.00015     0.03952  -16.365612  -70.551840   -0.038    0.226  1
RGI60-16.00070     0.03946  -16.087775  -70.304652   -0.033    0.339  1
RGI60-16.00149     0.03928  -15.281947  -70.745015    0.101    0.305  1
RGI60-16.02894     0.03904  -11.529898  -74.965298    0.257    0.581  1
RGI60-16.02809     0.03901  -11.942431  -74.829597    0.103    0.548  1
RGI60-16.00108     0.03891  -15.412519  -70.654796    0.228    0.282  1
RGI60-16.02639     0.03870  -11.936344  -76.070024    0.010    0.417  1
RGI60-16.01790     0.03870  -10.425224  -76.912354   -0.100    0.343  1
RGI60-16.01581     0.03870  -18.140854  -69.121402    0.068    0.252  1
RGI60-16.01276     0.03840  -13.786276  -71.097118    0.045    0.305  1
RGI60-16.00835     0.03839  -16.887951  -67.447807   -0.796    0.697  1
RGI60-16.00995     0.03782  -13.744958  -70.695903   -0.069    0.507  1
RGI60-16.02791     0.03780  -12.193098  -75.919437    0.030    0.366  1
RGI60-16.02793     0.03780  -12.152810  -75.947755   -0.763    0.754  1
RGI60-16.00852     0.03776  -16.976915  -67.336756   -0.228    0.390  1
RGI60-16.01762     0.03773  -10.496765  -76.730659   -0.227    0.423  1
RGI60-16.00079     0.03760  -15.604588  -70.802871   -0.015    0.193  1
RGI60-16.02679     0.03743  -13.037491  -75.062015   -0.055    0.268  1
RGI60-16.02363     0.03699   -9.119647  -77.443675   -0.521    0.538  1
RGI60-16.00136     0.03690  -15.313411  -70.781770   -0.050    0.262  1
RGI60-16.02802     0.03690  -11.953991  -76.087862   -0.592    0.499  1
RGI60-16.02882     0.03690  -11.554860  -76.228672   -0.099    0.347  1
RGI60-16.00005     0.03688  -16.384009  -69.141116   -0.090    0.364  1
RGI60-16.02294     0.03675   -9.332069  -77.298973   -0.783    0.491  1
RGI60-16.00088     0.03656  -15.572137  -70.831146   -0.054    0.333  1
RGI60-16.01691     0.03600  -11.906962  -75.997084   -0.914    1.034  1
RGI60-16.00456     0.03600  -22.489438  -66.776459    0.234    0.316  1
RGI60-16.02116     0.03600   -9.522802  -77.380713   -0.609    0.528  1
RGI60-16.02784     0.03600  -11.790331  -76.062858   -0.157    0.392  1
RGI60-16.00949     0.03598  -14.321452  -69.727433    0.131    0.412  1
RGI60-16.01260     0.03571  -13.690268  -71.161568   -0.222    0.447  1
RGI60-16.01166     0.03560  -14.040282  -70.218153   -0.064    0.487  1
RGI60-16.02032     0.03538  -11.874404  -75.072723   -0.169    0.490  1
RGI60-16.02576     0.03511   -8.809715  -77.721580   -0.104    0.365  1
RGI60-16.01571     0.03510  -18.153282  -69.150941    0.071    0.410  1
RGI60-16.02812     0.03510  -11.939396  -76.160398    0.075    0.306  1
RGI60-16.01856     0.03510  -10.322682  -76.976986   -0.232    0.499  1
RGI60-16.02900     0.03510  -11.509159  -76.366614   -0.009    0.364  1
RGI60-16.02700     0.03490  -12.908773  -75.156573    0.115    0.338  1
RGI60-16.01453     0.03469  -15.332067  -68.932298    0.014    0.522  1
RGI60-16.01116     0.03457  -13.513033  -71.128625    0.187    0.536  1
RGI60-16.02861     0.03447  -11.620060  -75.218677    0.612    0.745  1
RGI60-16.00093     0.03427  -15.559198  -70.830241   -0.010    0.373  1
RGI60-16.02878     0.03424  -11.557320  -74.932884   -0.333    0.568  1
RGI60-16.01111     0.03421  -13.556848  -71.185238    0.057    0.307  1
RGI60-16.02556     0.03420   -8.839430  -77.588892   -0.818    0.677  1
RGI60-16.02094     0.03420   -9.579421  -77.364053    0.512    0.599  1
RGI60-16.02749     0.03420  -12.234978  -75.933535   -0.363    0.472  1
RGI60-16.01865     0.03420  -10.286761  -76.946618    1.037    0.832  1
RGI60-16.00446     0.03420  -21.932979  -66.880636    0.070    0.265  1
RGI60-16.02909     0.03420  -11.471253  -76.347605   -0.156    0.318  1
RGI60-16.02495     0.03407  -13.044227  -75.042038   -0.057    0.285  1
RGI60-16.01732     0.03403  -10.509959  -75.886897    2.087    1.349  1
RGI60-16.00434     0.03378  -13.001238  -72.257563   -0.032    0.688  1
RGI60-16.00992     0.03345  -13.662413  -70.713668   -0.207    0.327  1
RGI60-16.02645     0.03330  -11.834263  -76.054146   -0.250    0.488  1
RGI60-16.01415     0.03330   10.831712  -73.746734   -0.226    0.548  1
RGI60-16.02124     0.03327   -9.478119  -77.364455   -0.316    0.373  1
RGI60-16.01201     0.03314  -13.909667  -70.369787   -0.502    0.411  1
RGI60-16.00109     0.03299  -15.412313  -70.683503    0.109    0.226  1
RGI60-16.00959     0.03289  -14.273023  -69.810615   -0.266    0.385  1
RGI60-16.02507     0.03287   -8.851914  -77.729479   -0.457    0.519  1
RGI60-16.00702     0.03284  -15.916470  -68.348150    0.126    0.241  1
RGI60-16.02268     0.03282   -9.290269  -77.371873    1.212    0.983  1
RGI60-16.01136     0.03260  -13.537335  -71.238157    0.139    0.318  1
RGI60-16.02917     0.03240  -11.398234  -76.406032   -1.296    0.844  1
RGI60-16.01407     0.03240   10.848852  -73.696443   -0.048    0.508  1
RGI60-16.01936     0.03240  -10.030042  -76.983958   -0.538    0.537  1
RGI60-16.02240     0.03240   -9.323143  -77.416848   -0.962    0.777  1
RGI60-16.01794     0.03240  -10.416659  -76.978437   -0.402    0.506  1
RGI60-16.02615     0.03240  -11.910002  -76.052478    2.554    2.455  1
RGI60-16.01604     0.03239  -15.717255  -71.900663    0.001    0.262  1
RGI60-16.02807     0.03219  -11.780177  -75.100495   -0.223    0.516  1
RGI60-16.00311     0.03219  -13.260953  -72.502547    0.586    0.555  1
RGI60-16.02585     0.03184   -8.799621  -77.760370   -0.132    0.326  1
RGI60-16.02897     0.03161  -11.522217  -74.964009    0.969    0.794  1
RGI60-16.02873     0.03150  -11.600126  -76.272013   -0.510    0.472  1
RGI60-16.01516     0.03150  -15.402111  -72.173292   -0.201    0.342  1
RGI60-16.01823     0.03150  -10.379989  -76.873868    0.828    0.927  1
RGI60-16.02201     0.03150   -9.399107  -77.363383   -0.136    0.305  1
RGI60-16.02246     0.03150   -9.606904  -77.317836   -0.174    0.336  1
RGI60-16.01622     0.03139    0.404851   29.888247    0.114    0.675  1
RGI60-16.01738     0.03116  -10.502514  -76.012747   -2.924    1.825  1
RGI60-16.00537     0.03110  -16.923302  -67.336903    0.209    0.578  1
RGI60-16.00143     0.03109  -15.371882  -70.678102    0.118    0.304  1
RGI60-16.00453     0.03105  -22.945419  -66.966770   -0.006    0.298  1
RGI60-16.01685     0.03088  -13.166575  -74.895803    0.038    0.250  1
RGI60-16.02493     0.03080   -8.903416  -77.553343    0.299    0.531  1
RGI60-16.00770     0.03078  -15.345171  -68.942953    0.065    0.428  1
RGI60-16.02851     0.03060  -11.686607  -75.251809    0.187    0.790  1
RGI60-16.01396     0.03060   10.818677  -73.580475   -0.445    0.594  1
RGI60-16.02874     0.03060  -11.597047  -76.298638    0.034    0.326  1
RGI60-16.02125     0.03060   -9.478479  -77.361354   -0.387    0.403  1
RGI60-16.01910     0.03060  -10.279311  -76.934714   -0.075    0.417  1
RGI60-16.02120     0.03060   -9.513167  -77.362555   -0.703    0.533  1
RGI60-16.02132     0.03060   -9.456258  -77.403174   -0.308    0.380  1
RGI60-16.02285     0.03045   -9.333604  -77.328000   -0.324    0.622  1
RGI60-16.02471     0.03039   -9.043537  -77.687512   -0.126    0.466  1
RGI60-16.00058     0.03036  -16.137415  -70.269515    0.022    0.331  1
RGI60-16.01090     0.03011  -13.631422  -70.779336   -0.266    0.445  1
RGI60-16.01781     0.03007  -10.436799  -76.759860   -0.379    0.586  1
RGI60-16.00147     0.02982  -15.285747  -70.748493   -0.018    0.336  1
RGI60-16.02930     0.02970  -11.166771  -76.502858    0.155    0.517  1
RGI60-16.02932     0.02970  -11.173493  -76.509610   -1.152    0.826  1
RGI60-16.01528     0.02970  -15.405745  -72.909386    0.090    0.288  1
RGI60-16.01857     0.02970  -10.320915  -76.978182   -0.101    0.406  1
RGI60-16.01515     0.02970  -15.404490  -72.170758   -0.409    0.409  1
RGI60-16.02129     0.02970   -9.472116  -77.417726   -0.631    0.613  1
RGI60-16.02075     0.02967  -13.052325  -75.046996   -0.117    0.251  1
RGI60-16.00999     0.02958  -13.723786  -70.695290   -0.177    0.528  1
RGI60-16.00119     0.02950  -15.339848  -70.616021    0.055    0.261  1
RGI60-16.00135     0.02944  -15.313842  -70.785806    0.085    0.254  1
RGI60-16.02393     0.02920   -9.124248  -77.597767   -1.223    1.055  1
RGI60-16.00075     0.02905  -15.608648  -70.800672    0.031    0.222  1
RGI60-16.00072     0.02897  -16.071779  -70.246703    0.026    0.226  1
RGI60-16.00098     0.02897  -15.450661  -70.849055    0.072    0.297  1
RGI60-16.01769     0.02894  -10.498583  -76.709961    0.204    0.498  1
RGI60-16.00313     0.02881  -13.258128  -72.510330    0.558    0.630  1
RGI60-16.02928     0.02880  -11.198966  -76.492399   -0.523    0.465  1
RGI60-16.02222     0.02880   -9.446522  -77.300737   -0.618    0.706  1
RGI60-16.01912     0.02880  -10.259441  -76.929277   -0.332    0.519  1
RGI60-16.00193     0.02876  -15.247887  -71.042160    0.043    0.249  1
RGI60-16.01637     0.02870   -0.153180   37.315815   -0.119    0.603  1
RGI60-16.00225     0.02868  -13.391213  -72.554033   -1.033    0.815  1
RGI60-16.02840     0.02867  -11.691273  -75.208344   -0.780    0.810  1
RGI60-16.02266     0.02865   -9.294829  -77.365873   -0.311    0.638  1
RGI60-16.01669     0.02859  -10.741967  -76.646408   -0.447    0.517  1
RGI60-16.00187     0.02850  -15.245253  -70.813956   -0.131    0.238  1
RGI60-16.02533     0.02848   -8.900389  -77.609774    0.151    0.486  1
RGI60-16.02565     0.02847   -8.857019  -77.623879   -0.289    0.504  1
RGI60-16.02511     0.02832   -8.907778  -77.716197   -0.278    0.344  1
RGI60-16.02681     0.02809  -13.035513  -75.029605   -0.064    0.380  1
RGI60-16.02447     0.02803   -8.979751  -77.691840    0.226    0.419  1
RGI60-16.01628     0.02797    0.364844   29.891983   -0.705    0.946  1
RGI60-16.01855     0.02790  -10.324041  -76.975271   -0.088    0.532  1
RGI60-16.00457     0.02790  -22.505914  -67.075887   -0.124    0.235  1
RGI60-16.02089     0.02790   -9.588000  -77.363593   -0.158    0.535  1
RGI60-16.01519     0.02790  -15.403098  -72.887047   -0.611    0.563  1
RGI60-16.00087     0.02781  -15.576764  -70.825351   -0.058    0.228  1
RGI60-16.02288     0.02766   -9.309985  -77.336401   -0.624    0.537  1
RGI60-16.00575     0.02764  -16.096907  -68.276735   -0.091    0.398  1
RGI60-16.02698     0.02740  -12.950648  -75.197950    0.030    0.389  1
RGI60-16.00521     0.02739  -16.365661  -67.931247   -0.136    0.467  1
RGI60-16.01328     0.02730   -0.781428  -78.207155   -2.571    1.809  1
RGI60-16.01113     0.02725  -13.544659  -71.185482    0.151    0.305  1
RGI60-16.02427     0.02705   -9.019995  -77.559692    0.025    0.593  1
RGI60-16.02091     0.02700   -9.584605  -77.326363   -0.352    0.521  1
RGI60-16.02247     0.02700   -9.605720  -77.320505    0.116    0.488  1
RGI60-16.02401     0.02693   -9.065832  -77.587122   -0.634    0.689  1
RGI60-16.01668     0.02684  -10.754458  -76.637723   -0.870    0.726  1
RGI60-16.02498     0.02659   -8.917388  -77.692794   -0.749    0.638  1
RGI60-16.00769     0.02646  -16.833547  -67.471302   -0.202    0.596  1
RGI60-16.01789     0.02644  -10.426954  -76.715837   -0.174    0.452  1
RGI60-16.00432     0.02628  -13.141022  -72.226204    0.013    0.509  1
RGI60-16.00960     0.02616  -14.271841  -69.805486   -0.183    0.371  1
RGI60-16.02070     0.02610   -9.747800  -77.227871    0.104    0.506  1
RGI60-16.02821     0.02610  -11.914829  -75.973934   -0.548    0.574  1
RGI60-16.01779     0.02610  -11.881844  -74.886825   -0.984    0.697  1
RGI60-16.01499     0.02609  -15.455874  -71.871223   -0.420    0.428  1
RGI60-16.02490     0.02588   -8.927612  -77.540699   -0.649    0.565  1
RGI60-16.01659     0.02585   -4.054789  137.165238    0.032    0.500  1
RGI60-16.00620     0.02577  -16.029523  -68.250053   -0.884    0.640  1
RGI60-16.02688     0.02577  -12.995471  -75.149210    0.796    0.682  1
RGI60-16.00339     0.02575  -13.269931  -72.859972    0.080    0.359  1
RGI60-16.02571     0.02561   -8.830951  -77.682945   -0.504    0.553  1
RGI60-16.02112     0.02561  -13.403479  -74.598878   -0.002    0.309  1
RGI60-16.02338     0.02538   -9.271353  -77.426146    0.601    0.749  1
RGI60-16.02853     0.02536  -11.914821  -75.044759   -0.174    0.570  1
RGI60-16.01237     0.02531  -13.861533  -70.356037   -0.368    0.618  1
RGI60-16.02258     0.02520   -9.502354  -77.346615   -0.009    0.417  1
RGI60-16.01813     0.02520  -10.400707  -76.948118   -0.317    0.447  1
RGI60-16.02880     0.02520  -11.909425  -76.066110   -0.648    0.675  1
RGI60-16.02862     0.02520  -11.619902  -76.310528   -0.109    0.368  1
RGI60-16.02085     0.02520   -9.653718  -77.274906   -0.711    0.705  1
RGI60-16.02613     0.02520  -11.905612  -76.031201   -0.968    1.273  1
RGI60-16.01301     0.02507  -14.093334  -70.738744    0.207    0.458  1
RGI60-16.01636     0.02499   -0.148697   37.305182    0.230    0.716  1
RGI60-16.02891     0.02489  -11.527960  -74.959174    0.112    0.473  1
RGI60-16.00822     0.02485  -16.991506  -67.332491   -0.374    0.515  1
RGI60-16.02590     0.02459   -8.710155  -77.829234   -0.116    0.373  1
RGI60-16.02144     0.02430   -9.407128  -77.451609    0.048    0.518  1
RGI60-16.02869     0.02430  -11.909858  -76.219588   -0.470    0.538  1
RGI60-16.02130     0.02430   -9.471740  -77.420198   -0.651    0.621  1
RGI60-16.01803     0.02430  -10.406673  -76.980414    0.015    0.531  1
RGI60-16.02797     0.02430  -12.129055  -75.967285   -0.383    0.666  1
RGI60-16.01459     0.02429  -15.728204  -71.856971    0.190    0.457  1
RGI60-16.02940     0.02424  -10.765085  -76.586656   -0.981    0.641  1
RGI60-16.00105     0.02400  -15.419923  -70.655257    0.118    0.267  1
RGI60-16.00120     0.02393  -15.340649  -70.637132   -0.031    0.237  1
RGI60-16.00085     0.02381  -15.587269  -70.831286   -0.011    0.283  1
RGI60-16.00097     0.02345  -15.438849  -70.826526    0.120    0.304  1
RGI60-16.02678     0.02345  -13.037631  -75.044844   -0.089    0.323  1
RGI60-16.02257     0.02340   -9.348138  -77.363589   -0.085    0.704  1
RGI60-16.01858     0.02340  -10.318459  -76.897506   -0.411    0.519  1
RGI60-16.02001     0.02340   -9.845355  -77.189350   -0.375    0.414  1
RGI60-16.01520     0.02340  -18.052499  -69.080431    0.052    0.269  1
RGI60-16.01866     0.02340  -10.286113  -76.943390   -0.131    0.509  1
RGI60-16.01814     0.02340  -10.398903  -76.964144   -0.200    0.316  1
RGI60-16.01627     0.02329    0.358948   29.890552   -3.367    2.680  1
RGI60-16.02841     0.02306  -11.690739  -75.210833    1.301    1.102  1
RGI60-16.02719     0.02285  -13.392549  -74.587441   -0.057    0.357  1
RGI60-16.02386     0.02283   -9.116621  -77.465471   -0.217    0.462  1
RGI60-16.01641     0.02269   -0.155645   37.308175   -0.115    0.613  1
RGI60-16.01747     0.02263  -10.479052  -75.941568   -0.090    0.794  1
RGI60-16.00082     0.02254  -15.585785  -70.797821   -0.076    0.207  1
RGI60-16.02867     0.02250  -11.913873  -76.221745    0.405    0.527  1
RGI60-16.02215     0.02250   -9.339150  -77.328336   -0.336    0.509  1
RGI60-16.02009     0.02250   -9.846606  -77.214294   -0.264    0.390  1
RGI60-16.01955     0.02250   -9.957707  -77.023476    0.326    0.458  1
RGI60-16.02732     0.02246  -12.400315  -75.645380    0.035    0.370  1
RGI60-16.01326     0.02221   -0.785071  -78.204201   -0.493    0.651  1
RGI60-16.02546     0.02217   -8.905163  -77.568823   -0.284    0.643  1
RGI60-16.01741     0.02217  -13.161873  -74.872394   -0.049    0.329  1
RGI60-16.02877     0.02198  -11.561238  -74.929694    0.251    0.760  1
RGI60-16.02888     0.02189  -11.528553  -74.960835    0.457    0.633  1
RGI60-16.02913     0.02177  -11.437597  -74.988747   -0.393    0.640  1
RGI60-16.01626     0.02170    0.390294   29.894241    0.251    0.944  1
RGI60-16.01932     0.02160  -10.043247  -77.094810   -0.157    0.471  1
RGI60-16.02252     0.02160   -9.470880  -77.347548   -0.391    0.621  1
RGI60-16.02131     0.02160   -9.457852  -77.406272   -0.232    0.479  1
RGI60-16.01831     0.02160  -11.876983  -76.037322    0.761    0.760  1
RGI60-16.02424     0.02155   -9.004015  -77.578759   -0.114    0.565  1
RGI60-16.00463     0.02140  -14.265902  -69.848671    0.357    0.425  1
RGI60-16.00030     0.02134  -16.288877  -70.349304    0.057    0.357  1
RGI60-16.00556     0.02134  -16.889087  -67.364187   -0.371    0.575  1
RGI60-16.01700     0.02130  -10.557929  -75.941995    1.288    1.257  1
RGI60-16.01114     0.02130  -13.543259  -71.182634    0.130    0.323  1
RGI60-16.02417     0.02118   -9.068822  -77.568651   -0.134    0.502  1
RGI60-16.00436     0.02117  -13.006962  -72.254438   -0.095    0.417  1
RGI60-16.02858     0.02114  -11.626714  -75.212949   -0.895    0.713  1
RGI60-16.02589     0.02106  -11.826637  -75.087167    0.776    0.716  1
RGI60-16.02687     0.02101  -13.001186  -75.151540    0.311    0.419  1
RGI60-16.00127     0.02089  -15.321088  -70.760883    0.009    0.231  1
RGI60-16.02845     0.02089  -11.701128  -74.883601   -0.573    0.563  1
RGI60-16.00840     0.02084  -16.912025  -67.397160   -0.041    0.590  1
RGI60-16.02720     0.02080  -12.630047  -75.417146    0.036    0.497  1
RGI60-16.01859     0.02070  -10.313083  -76.977758   -0.213    0.401  1
RGI60-16.01512     0.02070  -15.414233  -72.170149   -0.140    0.311  1
RGI60-16.01819     0.02070  -10.393791  -76.958078    0.629    0.652  1
RGI60-16.02898     0.02070  -11.512864  -76.370365    0.009    0.282  1
RGI60-16.02175     0.02070   -9.453311  -77.314496   -0.089    0.367  1
RGI60-16.02127     0.02070   -9.474177  -77.349900   -0.289    0.490  1
RGI60-16.02856     0.02070  -11.643270  -76.314724   -0.047    0.383  1
RGI60-16.01205     0.02070  -13.719121  -70.845175    0.216    0.442  1
RGI60-16.00069     0.02066  -16.088883  -70.307458    0.089    0.314  1
RGI60-16.00956     0.02064  -14.274643  -69.788419    0.667    0.665  1
RGI60-16.01833     0.02059  -10.473888  -76.769645   -0.075    0.419  1
RGI60-16.02165     0.02037  -11.858477  -75.046057   -0.655    0.637  1
RGI60-16.02850     0.02031  -13.333276  -74.663479   -0.050    0.400  1
RGI60-16.00314     0.02030  -13.264454  -72.505613    0.307    0.652  1
RGI60-16.01424     0.02028   -1.733853  -78.408596   -1.021    1.006  1
RGI60-16.01161     0.02023  -14.037052  -70.195352   -0.305    0.375  1
RGI60-16.00460     0.02020  -16.941631  -67.409370    0.178    0.304  1
RGI60-16.02713     0.02003  -12.802464  -75.233576   -0.597    0.563  1
RGI60-16.01804     0.01980  -10.405002  -76.982043   -0.048    0.449  1
RGI60-16.01853     0.01980  -10.326518  -76.976420    0.073    0.452  1
RGI60-16.02216     0.01980   -9.406474  -77.342190   -0.133    0.307  1
RGI60-16.02117     0.01980   -9.523758  -77.375610   -0.556    0.589  1
RGI60-16.02499     0.01958   -8.917562  -77.683688   -0.204    0.576  1
RGI60-16.00365     0.01956  -13.272092  -72.860178    0.848    0.933  1
RGI60-16.02406     0.01947   -9.100812  -77.554088   -0.989    0.903  1
RGI60-16.02272     0.01919   -9.286690  -77.352056   -0.095    0.455  1
RGI60-16.02692     0.01911  -12.990977  -75.170635    0.146    0.318  1
RGI60-16.02696     0.01895  -12.951183  -75.187467    0.135    0.478  1
RGI60-16.02739     0.01890  -12.322729  -75.940472   -0.044    0.663  1
RGI60-16.02118     0.01890   -9.523614  -77.377334   -0.474    0.567  1
RGI60-16.02606     0.01878   -8.644452  -77.792473    0.964    1.034  1
RGI60-16.00077     0.01878  -15.585707  -70.759413   -0.117    0.295  1
RGI60-16.01761     0.01872  -10.448501  -76.720393   -0.209    0.346  1
RGI60-16.01929     0.01824  -13.076871  -74.905668    0.150    0.447  1
RGI60-16.00574     0.01816  -16.098761  -68.275835    0.337    0.612  1
RGI60-16.00848     0.01765  -16.973458  -67.337809    0.477    0.535  1
RGI60-16.02727     0.01763  -12.423476  -75.663637   -0.656    0.683  1
RGI60-16.00073     0.01751  -16.070649  -70.284657    0.031    0.252  1
RGI60-16.01651     0.01748   -3.067904   37.344151   -0.019    0.401  1
RGI60-16.02879     0.01724  -13.235808  -74.643296   -0.060    0.232  1
RGI60-16.02293     0.01718   -9.333116  -77.300694    0.125    0.536  1
RGI60-16.01992     0.01698  -11.875435  -74.864652   -0.563    0.838  1
RGI60-16.01776     0.01687  -13.159228  -74.865785    0.499    0.538  1
RGI60-16.02685     0.01672  -13.018508  -75.062754    0.043    0.389  1
RGI60-16.01690     0.01671  -10.567894  -75.853133   -1.780    1.891  1
RGI60-16.02743     0.01655  -12.302411  -74.490393   -0.200    0.930  1
RGI60-16.00148     0.01637  -15.283958  -70.746446    0.017    0.334  1
RGI60-16.02710     0.01629  -12.880191  -75.249469   -0.160    0.347  1
RGI60-16.01999     0.01626  -13.053101  -75.050104   -0.056    0.266  1
RGI60-16.01797     0.01620  -10.410128  -76.915315   -0.303    0.537  1
RGI60-16.02083     0.01620   -9.657343  -77.264457   -0.347    0.440  1
RGI60-16.01142     0.01615  -13.479618  -71.254424    0.149    0.646  1
RGI60-16.00131     0.01614  -15.322409  -70.961838    0.063    0.239  1
RGI60-16.02859     0.01602  -11.631841  -75.190157    0.335    0.717  1
RGI60-16.02890     0.01594  -11.527933  -74.957267    0.784    0.907  1
RGI60-16.00823     0.01590  -16.990436  -67.330753   -0.047    0.359  1
RGI60-16.02875     0.01583  -11.565593  -74.989876   -1.259    1.270  1
RGI60-16.02817     0.01563  -11.926337  -74.816729   -0.846    1.009  1
RGI60-16.01920     0.01561  -11.883027  -74.837795    0.295    0.706  1
RGI60-16.01702     0.01555  -10.551986  -75.940820    0.667    0.807  1
RGI60-16.02559     0.01552   -8.838353  -77.583814    0.242    0.939  1
RGI60-16.02906     0.01535  -13.194627  -74.929720    0.111    0.499  1
RGI60-16.01886     0.01530  -10.229169  -76.889300   -0.529    0.610  1
RGI60-16.02844     0.01515  -11.703330  -74.883200    0.009    0.706  1
RGI60-16.02811     0.01505  -11.940041  -74.823248    1.211    1.230  1
RGI60-16.01178     0.01503  -14.031512  -70.860830   -0.089    0.243  1
RGI60-16.01664     0.01491  -13.422580  -74.615248    0.027    0.430  1
RGI60-16.02315     0.01489   -9.155207  -77.495481   -0.318    0.664  1
RGI60-16.01316     0.01473   -1.452144  -78.834881    0.416    0.623  1
RGI60-16.01049     0.01457  -13.658719  -71.040821    0.263    0.691  1
RGI60-16.02087     0.01440   -9.648408  -77.273992   -0.971    0.901  1
RGI60-16.00104     0.01430  -15.421714  -70.653094    0.190    0.339  1
RGI60-16.02684     0.01418  -13.019417  -74.692445   -0.262    0.401  1
RGI60-16.01667     0.01408  -13.182221  -74.908637   -0.095    0.372  1
RGI60-16.02723     0.01407  -12.585537  -75.792761   -0.469    0.606  1
RGI60-16.02889     0.01405  -11.528654  -74.955391   -0.109    0.611  1
RGI60-16.00567     0.01399  -16.162443  -68.200865    0.667    0.887  1
RGI60-16.02697     0.01394  -13.398248  -74.563596   -0.185    0.462  1
RGI60-16.01678     0.01386  -10.709948  -76.604026    0.106    0.257  1
RGI60-16.01705     0.01385  -13.163314  -74.875865   -0.060    0.358  1
RGI60-16.02721     0.01381  -12.627932  -75.420051   -0.785    0.803  1
RGI60-16.02695     0.01378  -12.964155  -75.184919   -0.138    0.491  1
RGI60-16.01767     0.01376  -10.473159  -76.736556    0.504    0.764  1
RGI60-16.02936     0.01368  -10.935251  -75.888460   -1.927    1.675  1
RGI60-16.02588     0.01366  -13.040387  -75.060510   -0.248    0.350  1
RGI60-16.02301     0.01365  -13.044307  -75.056774   -0.073    0.256  1
RGI60-16.01923     0.01359  -11.891415  -74.849643   -0.482    0.651  1
RGI60-16.02449     0.01342   -8.956766  -77.668769    0.114    0.542  1
RGI60-16.02611     0.01328  -13.038692  -75.057506   -0.043    0.244  1
RGI60-16.02824     0.01300  -13.334780  -74.657898   -0.248    0.465  1
RGI60-16.01774     0.01284  -10.445093  -76.778371    0.236    0.418  1
RGI60-16.00061     0.01262  -16.114541  -70.252315   -0.032    0.383  1
RGI60-16.01714     0.01260  -11.884282  -76.206534   -0.330    0.561  1
RGI60-16.02724     0.01260  -11.794690  -76.056165   -1.017    0.959  1
RGI60-16.02171     0.01260   -9.537892  -77.327884   -0.512    0.674  1
RGI60-16.02065     0.01260   -9.760677  -77.239255   -0.416    0.572  1
RGI60-16.00055     0.01207  -16.195836  -70.325709   -0.085    0.256  1
RGI60-16.00016     0.01171  -16.373627  -70.550981    0.018    0.249  1
RGI60-16.01597     0.01169  -15.810955  -71.875088   -0.033    0.290  1
RGI60-16.01712     0.01168  -10.517725  -76.723168   -0.409    0.514  1
RGI60-16.00013     0.01168  -16.370248  -70.554065    0.030    0.246  1
RGI60-16.02677     0.01163  -13.038089  -75.040723   -0.023    0.453  1
RGI60-16.00154     0.01153  -15.306643  -70.764381    0.021    0.218  1
RGI60-16.01660     0.01152   -4.047834  137.158198   -1.432    1.981  1
RGI60-16.00174     0.01145  -15.357019  -70.730104    0.112    0.437  1
RGI60-16.02892     0.01134  -11.526394  -75.005043    0.328    0.601  1
RGI60-16.01680     0.01133  -10.705573  -76.605852    0.092    0.258  1
RGI60-16.02077     0.01123  -13.048732  -75.041004    0.002    0.285  1
RGI60-16.02259     0.01080   -9.578836  -77.322062    0.236    0.566  1
RGI60-16.01943     0.01080   -9.992937  -77.013741    0.071    0.575  1
RGI60-16.01983     0.01080   -9.904721  -77.053495   -0.644    0.787  1
RGI60-16.02641     0.01080  -11.966448  -76.048188   -0.976    1.159  1
RGI60-16.02863     0.01042  -13.319691  -74.668292   -0.029    0.279  1
RGI60-16.01914     0.21618  -10.263490  -76.893662   -0.398    0.180  2
RGI60-16.01898     0.06190  -10.213414  -76.914488   -0.398    0.180  2
RGI60-16.01930     0.04410  -10.053342  -77.102594   -0.398    0.180  2
RGI60-16.01007     0.02897  -13.721735  -70.841790   -0.398    0.180  2
RGI60-16.02876     0.02704  -11.565808  -74.976360   -0.398    0.180  2
RGI60-16.02261     0.02520   -9.383613  -77.297477   -0.398    0.180  2
RGI60-16.00958     0.02494  -14.275215  -69.805408   -0.398    0.180  2
RGI60-16.02245     0.02430   -9.527269  -77.304439   -0.398    0.180  2
RGI60-16.00191     0.02260  -15.251199  -71.199196   -0.398    0.180  2
RGI60-16.02084     0.02250   -9.655713  -77.266515   -0.398    0.180  2
RGI60-16.02307     0.02247   -9.273966  -77.425209   -0.398    0.180  2
RGI60-16.02528     0.02177   -8.837797  -77.578397   -0.398    0.180  2
RGI60-16.01945     0.02160   -9.975132  -77.238466   -0.398    0.180  2
RGI60-16.01302     0.02154  -14.091549  -70.739255   -0.398    0.180  2
RGI60-16.00130     0.02147  -15.336106  -70.772780   -0.398    0.180  2
RGI60-16.01635     0.02110   -0.151402   37.311330   -0.398    0.180  2
RGI60-16.02864     0.02070  -11.611059  -76.307731   -0.398    0.180  2
RGI60-16.02682     0.02051  -13.028551  -75.044003   -0.398    0.180  2
RGI60-16.02030     0.02029  -11.890224  -75.071628   -0.398    0.180  2
RGI60-16.02577     0.02019   -8.810757  -77.738857   -0.398    0.180  2
RGI60-16.02326     0.01996   -9.225400  -77.417138   -0.398    0.180  2
RGI60-16.01795     0.01991  -13.156746  -75.015440   -0.398    0.180  2
RGI60-16.02242     0.01980   -9.480376  -77.311519   -0.398    0.180  2
RGI60-16.01458     0.01979  -15.730046  -71.868042   -0.398    0.180  2
RGI60-16.01601     0.01979  -15.798277  -71.860954   -0.398    0.180  2
RGI60-16.02714     0.01948  -12.800808  -75.386315   -0.398    0.180  2
RGI60-16.02572     0.01933   -8.828878  -77.683564   -0.398    0.180  2
RGI60-16.00160     0.01878  -15.320171  -70.685356   -0.398    0.180  2
RGI60-16.01740     0.01875  -10.487869  -76.743002   -0.398    0.180  2
RGI60-16.00089     0.01868  -15.574746  -70.826053   -0.398    0.180  2
RGI60-16.01703     0.01856  -10.539640  -75.969361   -0.398    0.180  2
RGI60-16.00466     0.01826  -14.252468  -69.781358   -0.398    0.180  2
RGI60-16.00102     0.01767  -15.427004  -70.851650   -0.398    0.180  2
RGI60-16.02462     0.01762   -8.997404  -77.717558   -0.398    0.180  2
RGI60-16.01704     0.01724  -10.539280  -75.972173   -0.398    0.180  2
RGI60-16.00837     0.01722  -16.898532  -67.443648   -0.398    0.180  2
RGI60-16.00536     0.01703  -16.253204  -68.170759   -0.398    0.180  2
RGI60-16.01679     0.01701  -10.708115  -76.604831   -0.398    0.180  2
RGI60-16.02073     0.01668  -13.055131  -75.042073   -0.398    0.180  2
RGI60-16.02823     0.01657  -13.335624  -74.654862   -0.398    0.180  2
RGI60-16.00017     0.01632  -16.371892  -70.549662   -0.398    0.180  2
RGI60-16.01788     0.01627  -10.428228  -76.718327   -0.398    0.180  2
RGI60-16.00057     0.01622  -16.158020  -70.284121   -0.398    0.180  2
RGI60-16.02135     0.01620   -9.437358  -77.296638   -0.398    0.180  2
RGI60-16.02173     0.01620   -9.592892  -77.304855   -0.398    0.180  2
RGI60-16.01684     0.01596  -13.404461  -74.593603   -0.398    0.180  2
RGI60-16.02057     0.01595  -11.889447  -75.070002   -0.398    0.180  2
RGI60-16.02506     0.01585   -8.855652  -77.725524   -0.398    0.180  2
RGI60-16.01323     0.01580   -0.796680  -78.196933   -0.398    0.180  2
RGI60-16.02937     0.01564  -10.863220  -76.587224   -0.398    0.180  2
RGI60-16.00707     0.01559  -15.903450  -68.402038   -0.398    0.180  2
RGI60-16.02781     0.01554  -13.390818  -74.554889   -0.398    0.180  2
RGI60-16.02693     0.01542  -12.988759  -75.158410   -0.398    0.180  2
RGI60-16.02711     0.01541  -12.822112  -75.176930   -0.398    0.180  2
RGI60-16.02270     0.01539   -9.288440  -77.347304   -0.398    0.180  2
RGI60-16.01682     0.01532  -13.408482  -74.595605   -0.398    0.180  2
RGI60-16.01985     0.01530   -9.922429  -77.036420   -0.398    0.180  2
RGI60-16.02088     0.01530   -9.589366  -77.331215   -0.398    0.180  2
RGI60-16.02093     0.01530   -9.581412  -77.365854   -0.398    0.180  2
RGI60-16.02002     0.01530   -9.832763  -77.190029   -0.398    0.180  2
RGI60-16.02794     0.01530  -12.151079  -75.951137   -0.398    0.180  2
RGI60-16.01817     0.01530  -10.394807  -76.960445   -0.398    0.180  2
RGI60-16.02935     0.01530  -11.115076  -76.044863   -0.398    0.180  2
RGI60-16.01883     0.01530  -10.251045  -76.899383   -0.398    0.180  2
RGI60-16.02742     0.01530  -12.302638  -75.912928   -0.398    0.180  2
RGI60-16.02905     0.01530  -11.906602  -76.224605   -0.398    0.180  2
RGI60-16.02903     0.01530  -11.501915  -76.377633   -0.398    0.180  2
RGI60-16.01674     0.01473  -10.720233  -76.651791   -0.398    0.180  2
RGI60-16.00118     0.01468  -15.345157  -70.758316   -0.398    0.180  2
RGI60-16.02074     0.01447  -13.053706  -75.044305   -0.398    0.180  2
RGI60-16.01757     0.01444  -10.471719  -76.721070   -0.398    0.180  2
RGI60-16.01640     0.01442   -0.151858   37.307559   -0.398    0.180  2
RGI60-16.02799     0.01440  -11.989597  -76.027974   -0.398    0.180  2
RGI60-16.02617     0.01440  -11.900165  -76.064477   -0.398    0.180  2
RGI60-16.02098     0.01440   -9.554212  -77.290880   -0.398    0.180  2
RGI60-16.01592     0.01439  -15.832202  -71.874366   -0.398    0.180  2
RGI60-16.02362     0.01417  -13.335122  -74.650858   -0.398    0.180  2
RGI60-16.02895     0.01413  -11.528291  -74.963841   -0.398    0.180  2
RGI60-16.00116     0.01393  -15.351217  -70.774457   -0.398    0.180  2
RGI60-16.00053     0.01393  -16.204413  -70.352822   -0.398    0.180  2
RGI60-16.02166     0.01391  -11.857185  -75.043815   -0.398    0.180  2
RGI60-16.00571     0.01390  -16.139017  -68.244649   -0.398    0.180  2
RGI60-16.01927     0.01385  -11.878461  -74.831030   -0.398    0.180  2
RGI60-16.01117     0.01378  -13.516795  -71.126785   -0.398    0.180  2
RGI60-16.02071     0.01371  -13.060400  -75.036753   -0.398    0.180  2
RGI60-16.01796     0.01364  -13.157300  -75.016791   -0.398    0.180  2
RGI60-16.02849     0.01361  -11.702360  -74.881379   -0.398    0.180  2
RGI60-16.01617     0.01359   19.165371  -98.638651   -0.398    0.180  2
RGI60-16.00461     0.01356  -16.869461  -67.436946   -0.398    0.180  2
RGI60-16.02730     0.01353  -12.416237  -75.648194   -0.398    0.180  2
RGI60-16.02253     0.01350   -9.470083  -77.346059   -0.398    0.180  2
RGI60-16.01749     0.01350  -10.482457  -76.852660   -0.398    0.180  2
RGI60-16.01689     0.01346  -10.570264  -75.876345   -0.398    0.180  2
RGI60-16.02484     0.01337   -8.950572  -77.622755   -0.398    0.180  2
RGI60-16.01775     0.01322  -10.443998  -76.724128   -0.398    0.180  2
RGI60-16.01959     0.01320  -13.062314  -75.033325   -0.398    0.180  2
RGI60-16.02694     0.01314  -12.969902  -75.041940   -0.398    0.180  2
RGI60-16.01787     0.01298  -10.426183  -76.026913   -0.398    0.180  2
RGI60-16.02683     0.01274  -13.398866  -74.587826   -0.398    0.180  2
RGI60-16.02271     0.01269   -9.286759  -77.348539   -0.398    0.180  2
RGI60-16.02938     0.01269  -10.862949  -76.585331   -0.398    0.180  2
RGI60-16.01799     0.01260  -10.406445  -76.915379   -0.398    0.180  2
RGI60-16.02827     0.01260  -11.749562  -76.040675   -0.398    0.180  2
RGI60-16.02450     0.01239   -8.997215  -77.585517   -0.398    0.180  2
RGI60-16.02806     0.01235  -11.781505  -75.098340   -0.398    0.180  2
RGI60-16.01711     0.01234  -10.518191  -76.724191   -0.398    0.180  2
RGI60-16.02822     0.01229  -11.778875  -75.097352   -0.398    0.180  2
RGI60-16.01742     0.01227  -10.486045  -75.937112   -0.398    0.180  2
RGI60-16.01125     0.01220  -13.478234  -71.145530   -0.398    0.180  2
RGI60-16.01124     0.01218  -13.479922  -71.146020   -0.398    0.180  2
RGI60-16.00224     0.01215  -13.396524  -72.554021   -0.398    0.180  2
RGI60-16.01730     0.01210  -10.507940  -76.730392   -0.398    0.180  2
RGI60-16.02915     0.01207  -11.445523  -74.982007   -0.398    0.180  2
RGI60-16.02435     0.01204   -9.010087  -77.631102   -0.398    0.180  2
RGI60-16.02395     0.01196   -9.142146  -77.589595   -0.398    0.180  2
RGI60-16.02398     0.01192   -9.129454  -77.575953   -0.398    0.180  2
RGI60-16.02826     0.01190  -11.751715  -74.977290   -0.398    0.180  2
RGI60-16.02158     0.01183  -13.045952  -75.048365   -0.398    0.180  2
RGI60-16.00106     0.01172  -15.427362  -70.658604   -0.398    0.180  2
RGI60-16.01325     0.01171   -0.785334  -78.208267   -0.398    0.180  2
RGI60-16.02101     0.01170   -9.560021  -77.370027   -0.398    0.180  2
RGI60-16.02798     0.01170  -12.127390  -75.967287   -0.398    0.180  2
RGI60-16.02881     0.01170  -11.557935  -76.226206   -0.398    0.180  2
RGI60-16.02783     0.01170  -12.180128  -75.883759   -0.398    0.180  2
RGI60-16.02581     0.01168   -8.801546  -77.732614   -0.398    0.180  2
RGI60-16.02470     0.01165   -9.010119  -77.657576   -0.398    0.180  2
RGI60-16.02414     0.01164   -9.082081  -77.615714   -0.398    0.180  2
RGI60-16.02857     0.01146  -11.626988  -75.207572   -0.398    0.180  2
RGI60-16.01314     0.01144   -1.456970  -78.828971   -0.398    0.180  2
RGI60-16.02328     0.01137   -9.145679  -77.526006   -0.398    0.180  2
RGI60-16.00697     0.01135  -15.912551  -68.359978   -0.398    0.180  2
RGI60-16.02835     0.01128  -11.745489  -74.943155   -0.398    0.180  2
RGI60-16.02741     0.01127  -13.391470  -74.582734   -0.398    0.180  2
RGI60-16.00126     0.01124  -15.332395  -70.766841   -0.398    0.180  2
RGI60-16.01777     0.01113  -10.438152  -76.720834   -0.398    0.180  2
RGI60-16.00189     0.01103  -15.244067  -70.805413   -0.398    0.180  2
RGI60-16.01746     0.01101  -13.372626  -74.631786   -0.398    0.180  2
RGI60-16.01169     0.01101  -14.042485  -70.779132   -0.398    0.180  2
RGI60-16.02686     0.01097  -13.016989  -75.132595   -0.398    0.180  2
RGI60-16.02311     0.01096   -9.231775  -77.417562   -0.398    0.180  2
RGI60-16.01320     0.01093   -1.394752  -78.750732   -0.398    0.180  2
RGI60-16.02731     0.01092  -12.415530  -75.649775   -0.398    0.180  2
RGI60-16.02728     0.01080  -12.420514  -75.667865   -0.398    0.180  2
RGI60-16.02629     0.01080  -11.941009  -76.056470   -0.398    0.180  2
RGI60-16.01988     0.01080   -9.874140  -77.061965   -0.398    0.180  2
RGI60-16.02226     0.01080   -9.465179  -77.329919   -0.398    0.180  2
RGI60-16.01897     0.01080  -10.214526  -76.917707   -0.398    0.180  2
RGI60-16.02235     0.01080   -9.466642  -77.337620   -0.398    0.180  2
RGI60-16.01851     0.01080  -10.321373  -76.959270   -0.398    0.180  2
RGI60-16.02664     0.01080  -11.926329  -76.052946   -0.398    0.180  2
RGI60-16.01951     0.01080   -9.980378  -77.027752   -0.398    0.180  2
RGI60-16.02000     0.01080   -9.845639  -77.209369   -0.398    0.180  2
RGI60-16.00764     0.01074  -16.839148  -67.491008   -0.398    0.180  2
RGI60-16.00081     0.01072  -15.586135  -70.794918   -0.398    0.180  2
RGI60-16.02927     0.01066  -13.193036  -74.873387   -0.398    0.180  2
RGI60-16.01315     0.01052   -1.455587  -78.830162   -0.398    0.180  2
RGI60-16.02680     0.01042  -13.036718  -75.026900   -0.398    0.180  2
RGI60-16.02335     0.01042   -9.138356  -77.521986   -0.398    0.180  2
RGI60-16.02113     0.01039  -13.048137  -75.056842   -0.398    0.180  2
RGI60-16.00076     0.01038  -15.585711  -70.767253   -0.398    0.180  2
RGI60-16.01989     0.01031  -13.409878  -74.555643   -0.398    0.180  2
RGI60-16.00569     0.01029  -16.140845  -68.247016   -0.398    0.180  2
RGI60-16.02706     0.01027  -11.817847  -75.084840   -0.398    0.180  2
RGI60-16.00849     0.01026  -16.972946  -67.340208   -0.398    0.180  2
RGI60-16.01663     0.01022  -13.423964  -74.616968   -0.398    0.180  2
RGI60-16.02712     0.01015  -12.803816  -75.234502   -0.398    0.180  2
RGI60-16.01653     0.01010   -3.064666   37.338975   -0.398    0.180  2
RGI60-16.02872     0.01003  -11.601014  -75.284959   -0.398    0.180  2
RGI60-16.01921     0.01002  -11.875656  -74.844076   -0.398    0.180  2
RGI60-16.02699     0.01002  -12.932388  -75.127177   -0.398    0.180  2
RGI60-16.01984     0.00990   -9.913716  -77.054368   -0.398    0.180  2
RGI60-16.01850     0.00990  -10.322845  -76.896193   -0.398    0.180  2
RGI60-16.02779     0.00990  -12.207664  -75.926026   -0.398    0.180  2
RGI60-16.02010     0.00990   -9.844336  -77.211927   -0.398    0.180  2
RGI60-16.02170     0.00990   -9.549906  -77.304661   -0.398    0.180  2
RGI60-16.01820     0.00990  -10.395004  -76.962170   -0.398    0.180  2
RGI60-16.02238     0.00990   -9.323390  -77.418695   -0.398    0.180  2
RGI60-16.02114     0.00990   -9.526740  -77.381106   -0.398    0.180  2
