Glacier-specific geodetic mass balance (m w.e. a-1) 2000_2020/ according to Hugonnet et al. (2021)
ID=1: measured, ID=2: regional mean
RGI-ID  Area  lat  lon  B  errB  ID
RGI60-18.02342    95.14912  -43.565302  170.238361   -1.069    0.130  1
RGI60-18.02375    34.69076  -43.531200  170.155954   -0.684    0.111  1
RGI60-18.02397    33.08326  -43.493286  170.219789   -0.484    0.100  1
RGI60-18.02504    31.40982  -43.537978  170.379856   -1.442    0.189  1
RGI60-18.00947    22.81925  -44.358025  168.764064   -1.629    0.188  1
RGI60-18.00948    15.49709  -44.393942  168.713044   -0.641    0.121  1
RGI60-18.02436    14.37284  -43.618257  170.118489   -1.019    0.163  1
RGI60-18.01959    13.89845  -43.716907  170.038193   -1.095    0.167  1
RGI60-18.02508    13.74779  -43.433550  170.559530   -1.493    0.217  1
RGI60-18.03217    11.66852  -43.313657  170.696810   -0.698    0.143  1
RGI60-18.03156    11.58600  -43.237261  170.912860   -0.829    0.165  1
RGI60-18.00853    10.96294  -44.474284  168.363186   -0.789    0.144  1
RGI60-18.00854    10.68975  -44.433919  168.372715   -0.749    0.139  1
RGI60-18.02450    10.48026  -43.487865  170.291914   -0.439    0.142  1
RGI60-18.03066    10.34941  -43.295889  170.842772   -0.704    0.160  1
RGI60-18.02499    10.32864  -43.446818  170.491503   -0.562    0.137  1
RGI60-18.03117    10.12441  -43.300023  170.761495   -0.729    0.141  1
RGI60-18.02502     9.72869  -43.577374  170.099070   -0.576    0.142  1
RGI60-18.00686     9.65734  -44.454523  168.608569   -0.715    0.140  1
RGI60-18.01852     9.64044  -43.686714  170.008818   -0.420    0.125  1
RGI60-18.02505     8.90655  -43.485435  170.434476   -1.128    0.197  1
RGI60-18.02472     7.55878  -43.486153  170.362482   -0.703    0.177  1
RGI60-18.02230     7.23097  -43.556286  170.115355   -0.715    0.170  1
RGI60-18.00661     7.02756  -44.463022  168.556218   -0.991    0.158  1
RGI60-18.02210     6.15270  -43.453107  170.326647   -0.701    0.158  1
RGI60-18.01903     5.70653  -43.668228  169.954068   -0.532    0.133  1
RGI60-18.00707     5.19167  -44.439284  168.577645   -1.085    0.171  1
RGI60-18.01699     4.70100  -43.749040  169.842055   -0.462    0.186  1
RGI60-18.02270     4.58670  -43.501332  170.165397   -0.715    0.163  1
RGI60-18.03181     4.27590  -43.323477  170.733530   -0.596    0.155  1
RGI60-18.01958     4.21821  -43.802574  169.950772   -0.646    0.160  1
RGI60-18.00716     4.05391  -44.468943  168.482242   -0.558    0.147  1
RGI60-18.00996     4.02544  -44.328118  168.819474   -0.331    0.193  1
RGI60-18.02276     3.83332  -43.590226  170.292480   -0.280    0.156  1
RGI60-18.03167     3.81004  -43.307495  170.636737   -0.510    0.158  1
RGI60-18.03191     3.69188  -43.200203  170.918024   -0.796    0.196  1
RGI60-18.03209     3.52521  -43.193200  170.939602   -0.501    0.165  1
RGI60-18.02489     3.42141  -43.562034  170.326663   -0.036    0.162  1
RGI60-18.03474     3.33488  -43.467220  170.222046   -0.574    0.144  1
RGI60-18.00796     3.33040  -44.403181  168.366355   -0.598    0.179  1
RGI60-18.00891     3.31529  -44.384248  168.590240   -0.476    0.144  1
RGI60-18.00724     3.20883  -44.455590  168.515448   -0.595    0.171  1
RGI60-18.02298     3.19401  -43.400889  170.520946   -0.606    0.167  1
RGI60-18.01007     3.17362  -44.438559  168.731410   -0.368    0.162  1
RGI60-18.01019     3.08337  -44.436247  168.750607   -0.413    0.153  1
RGI60-18.01578     3.05434  -43.793917  169.787442   -0.389    0.187  1
RGI60-18.03419     3.03723  -43.299325  170.656286   -0.641    0.158  1
RGI60-18.00533     2.89020  -44.631318  168.402240   -0.310    0.152  1
RGI60-18.00815     2.83383  -44.501634  168.358481   -1.072    0.224  1
RGI60-18.00171     2.79197  -44.593594  168.038583   -1.041    0.176  1
RGI60-18.01596     2.71425  -43.803162  169.732373   -0.366    0.142  1
RGI60-18.01130     2.67187  -44.071487  169.436837   -0.714    0.168  1
RGI60-18.02507     2.66176  -43.484082  170.161786   -0.540    0.142  1
RGI60-18.03078     2.64918  -43.334959  170.706092   -0.357    0.148  1
RGI60-18.00922     2.61030  -44.564686  168.436472   -0.358    0.144  1
RGI60-18.00728     2.58311  -44.449846  168.544465   -0.505    0.146  1
RGI60-18.00569     2.56039  -44.589230  168.234550   -0.675    0.159  1
RGI60-18.03076     2.54265  -43.224287  170.894281   -0.469    0.161  1
RGI60-18.02257     2.54031  -43.616635  170.068376   -0.689    0.184  1
RGI60-18.01307     2.47865  -44.221724  168.868337   -0.091    0.195  1
RGI60-18.00631     2.47195  -44.537608  168.623928   -0.326    0.144  1
RGI60-18.00842     2.45673  -44.424690  168.353649   -0.672    0.166  1
RGI60-18.01018     2.36104  -44.396319  168.768298   -0.298    0.165  1
RGI60-18.01013     2.35894  -44.462480  168.717752   -0.262    0.181  1
RGI60-18.01889     2.31505  -43.730843  169.988494   -0.747    0.197  1
RGI60-18.00718     2.31183  -44.486838  168.487221   -0.416    0.199  1
RGI60-18.00981     2.26793  -44.383712  168.769625   -0.330    0.152  1
RGI60-18.02207     2.22227  -43.465860  170.313429   -0.150    0.219  1
RGI60-18.00179     2.19068  -44.605754  168.019532   -0.090    0.170  1
RGI60-18.01951     2.12355  -43.680184  169.976755   -0.318    0.137  1
RGI60-18.01770     2.04951  -43.755978  170.041438   -0.628    0.154  1
RGI60-18.00727     1.98455  -44.477418  168.467617   -0.512    0.171  1
RGI60-18.00178     1.97085  -44.581874  168.025382   -0.262    0.149  1
RGI60-18.03218     1.94395  -43.327029  170.681415   -0.522    0.159  1
RGI60-18.03246     1.93022  -43.342954  171.006783   -0.742    0.250  1
RGI60-18.01609     1.92993  -43.812728  169.745771   -0.353    0.149  1
RGI60-18.02318     1.92419  -43.404734  170.352242   -0.509    0.176  1
RGI60-18.03085     1.91602  -43.351915  170.687824   -0.385    0.167  1
RGI60-18.01604     1.89142  -43.807236  169.761657   -0.322    0.181  1
RGI60-18.00164     1.88983  -44.565413  168.005817   -0.399    0.219  1
RGI60-18.03074     1.88908  -43.180205  170.909197   -0.459    0.194  1
RGI60-18.02361     1.85707  -43.474112  170.578559   -0.450    0.164  1
RGI60-18.01260     1.84670  -44.235374  168.856733   -0.776    0.173  1
RGI60-18.02322     1.78931  -43.433429  170.627838   -0.713    0.198  1
RGI60-18.03082     1.78536  -43.307874  170.789071   -0.657    0.186  1
RGI60-18.01043     1.75644  -44.309779  168.741943   -0.439    0.257  1
RGI60-18.02323     1.73684  -43.534761  170.109358   -0.431    0.189  1
RGI60-18.00381     1.72191  -44.755693  168.072050   -0.095    0.144  1
RGI60-18.00126     1.71518  -44.619219  168.034442   -0.022    0.513  1
RGI60-18.01752     1.70227  -43.761806  170.026498   -0.545    0.153  1
RGI60-18.01274     1.64154  -44.230417  168.882671   -0.133    0.166  1
RGI60-18.02366     1.61954  -43.484403  170.403377   -0.184    0.219  1
RGI60-18.00875     1.57453  -44.362174  168.603132   -0.287    0.216  1
RGI60-18.03272     1.56967  -43.322331  170.999010   -0.538    0.247  1
RGI60-18.00723     1.53741  -44.497692  168.470209   -0.512    0.171  1
RGI60-18.01658     1.53729  -43.830260  169.691359   -0.089    0.167  1
RGI60-18.00798     1.47265  -44.387404  168.390594   -2.047    0.354  1
RGI60-18.00554     1.45023  -44.595333  168.395322   -0.410    0.150  1
RGI60-18.03103     1.44986  -43.323560  170.640829   -0.272    0.154  1
RGI60-18.03264     1.44768  -43.368113  170.980096   -0.386    0.199  1
RGI60-18.02386     1.44196  -43.443391  170.461640   -0.223    0.184  1
RGI60-18.00930     1.42986  -44.555103  168.467933   -0.484    0.154  1
RGI60-18.02417     1.42907  -43.458763  170.591892   -0.581    0.169  1
RGI60-18.02300     1.42724  -43.416837  170.338465   -0.209    0.180  1
RGI60-18.01917     1.42630  -43.793350  169.922474   -0.439    0.245  1
RGI60-18.00966     1.42549  -44.422642  168.729489   -0.422    0.167  1
RGI60-18.02506     1.42515  -43.464548  170.239139   -0.198    0.224  1
RGI60-18.00845     1.41210  -44.450490  168.394147   -0.389    0.167  1
RGI60-18.00722     1.40774  -44.477227  168.574099   -0.199    0.218  1
RGI60-18.03289     1.38911  -43.306760  170.990923   -1.110    0.267  1
RGI60-18.00927     1.38380  -44.563002  168.419635   -0.459    0.157  1
RGI60-18.00382     1.36744  -44.747374  168.080301   -0.118    0.152  1
RGI60-18.02287     1.35274  -43.601117  170.062042   -0.692    0.207  1
RGI60-18.00793     1.34514  -44.522599  168.312532   -0.074    0.502  1
RGI60-18.02363     1.34096  -43.466851  170.561841   -0.492    0.163  1
RGI60-18.03303     1.32516  -43.272094  170.538233   -0.469    0.167  1
RGI60-18.02604     1.31617  -43.614414  170.384892   -0.338    0.162  1
RGI60-18.01760     1.31337  -43.750189  170.056182   -0.421    0.159  1
RGI60-18.03098     1.30369  -43.235864  170.948238   -0.538    0.205  1
RGI60-18.00867     1.30332  -44.368149  168.420658   -0.739    0.191  1
RGI60-18.03090     1.29975  -43.273299  170.859215   -0.510    0.209  1
RGI60-18.01961     1.29662  -43.790290  169.976571   -0.375    0.166  1
RGI60-18.03220     1.27400  -43.353430  170.660968   -0.618    0.167  1
RGI60-18.00319     1.24648  -44.673222  168.030961   -0.024    0.604  1
RGI60-18.00657     1.24483  -44.471464  168.510343   -0.384    0.170  1
RGI60-18.00161     1.23959  -44.580822  168.010390   -0.404    0.166  1
RGI60-18.02599     1.23022  -43.595842  169.988104   -0.302    0.219  1
RGI60-18.00685     1.22652  -44.474476  168.588355   -0.145    0.284  1
RGI60-18.02394     1.20980  -43.528708  170.442205   -0.359    0.156  1
RGI60-18.00874     1.19923  -44.371072  168.606175   -1.470    0.304  1
RGI60-18.01934     1.19163  -43.779577  169.963266   -0.304    0.172  1
RGI60-18.02364     1.18968  -43.470033  170.597604   -0.397    0.177  1
RGI60-18.01665     1.18751  -43.834542  169.660014   -0.524    0.155  1
RGI60-18.00006     1.18186  -39.277545  175.570065   -0.214    0.139  1
RGI60-18.00849     1.17771  -44.413779  168.347050   -0.524    0.161  1
RGI60-18.03102     1.17558  -43.323593  170.802155   -0.554    0.209  1
RGI60-18.02310     1.16424  -43.576070  170.308583   -0.446    0.171  1
RGI60-18.01668     1.16354  -43.819593  169.630024   -0.618    0.235  1
RGI60-18.01663     1.15132  -43.839383  169.678194   -0.484    0.177  1
RGI60-18.00013     1.14668  -39.270027  175.578768   -0.217    0.140  1
RGI60-18.02348     1.14083  -43.421016  170.508224   -0.466    0.200  1
RGI60-18.01124     1.13822  -44.072143  169.457243   -0.180    0.156  1
RGI60-18.01012     1.12754  -44.457464  168.750430   -0.337    0.176  1
RGI60-18.00253     1.12489  -44.687618  168.060919    0.383    0.218  1
RGI60-18.00953     1.10694  -44.398587  168.750083   -0.272    0.181  1
RGI60-18.01021     1.10287  -44.413773  168.710894   -0.379    0.161  1
RGI60-18.02497     1.08756  -43.408018  170.322718   -0.322    0.159  1
RGI60-18.03033     1.08352  -43.344750  170.833036   -0.279    0.187  1
RGI60-18.00375     1.08163  -44.758954  168.092825   -0.430    0.156  1
RGI60-18.01647     1.08077  -43.819828  169.651406   -0.264    0.148  1
RGI60-18.01610     1.07438  -43.794961  169.732867   -0.460    0.188  1
RGI60-18.01594     1.07287  -43.800914  169.768820   -0.380    0.172  1
RGI60-18.02391     1.07150  -43.532234  170.423362   -0.437    0.165  1
RGI60-18.03115     1.06283  -43.377634  170.726159   -0.367    0.156  1
RGI60-18.03385     1.04561  -43.176854  170.805730   -0.607    0.190  1
RGI60-18.02360     1.03177  -43.424785  170.585869   -0.412    0.191  1
RGI60-18.00706     1.02266  -44.434891  168.595853   -0.338    0.174  1
RGI60-18.02066     1.02189  -43.897917  169.786177   -0.583    0.206  1
RGI60-18.01602     1.00189  -43.780924  169.777430   -0.307    0.197  1
RGI60-18.00851     1.00083  -44.498905  168.320342   -0.291    0.165  1
RGI60-18.03106     0.99241  -43.374258  170.712829   -0.338    0.168  1
RGI60-18.03100     0.98206  -43.349068  170.714451   -0.361    0.173  1
RGI60-18.03113     0.96836  -43.324895  170.654014   -0.345    0.167  1
RGI60-18.00153     0.95889  -44.573094  167.880216    0.244    0.182  1
RGI60-18.01382     0.95256  -44.165424  169.594949   -0.221    0.152  1
RGI60-18.03114     0.94949  -43.218872  170.952764   -0.461    0.204  1
RGI60-18.01296     0.94273  -44.226687  168.843129   -0.384    0.190  1
RGI60-18.01247     0.93497  -43.969393  169.636070   -0.564    0.164  1
RGI60-18.00980     0.93357  -44.384848  168.745737   -0.180    0.171  1
RGI60-18.02578     0.93321  -43.636838  170.154502   -0.758    0.213  1
RGI60-18.01714     0.93236  -43.761142  169.874856   -0.432    0.192  1
RGI60-18.03224     0.92637  -43.335385  170.598536   -0.157    0.169  1
RGI60-18.00850     0.92629  -44.504444  168.301059   -0.351    0.194  1
RGI60-18.00618     0.92389  -44.525256  168.631966   -0.570    0.178  1
RGI60-18.02542     0.91940  -43.669349  170.280948   -0.340    0.159  1
RGI60-18.02370     0.91550  -43.609655  170.266689   -0.326    0.161  1
RGI60-18.02301     0.91446  -43.429662  170.349557   -0.620    0.254  1
RGI60-18.00742     0.91329  -44.418142  168.650259   -0.149    0.196  1
RGI60-18.01615     0.90579  -43.774718  169.803250   -0.408    0.227  1
RGI60-18.01667     0.88978  -43.836683  169.614763   -0.403    0.159  1
RGI60-18.03123     0.88849  -43.217954  170.895710   -0.524    0.185  1
RGI60-18.03305     0.88631  -43.273307  170.523286   -0.301    0.172  1
RGI60-18.01860     0.88274  -43.855931  169.844214   -0.489    0.179  1
RGI60-18.01832     0.87991  -43.818683  169.904238   -0.197    0.233  1
RGI60-18.01666     0.87915  -43.827494  169.655660   -0.460    0.163  1
RGI60-18.00621     0.87786  -44.545375  168.594646   -0.370    0.161  1
RGI60-18.01017     0.87455  -44.351629  168.711642   -0.092    0.173  1
RGI60-18.02315     0.87306  -43.397434  170.327237   -0.353    0.192  1
RGI60-18.02134     0.87049  -43.489290  170.603043   -0.357    0.165  1
RGI60-18.03095     0.86311  -43.276255  170.889679   -0.486    0.216  1
RGI60-18.00800     0.85947  -44.458535  168.394568   -0.500    0.186  1
RGI60-18.00726     0.85798  -44.478140  168.552302   -0.673    0.232  1
RGI60-18.01288     0.84742  -44.265884  168.850088   -0.715    0.449  1
RGI60-18.00658     0.84615  -44.470263  168.557815   -0.404    0.240  1
RGI60-18.02835     0.84410  -43.010720  171.374691    0.323    0.212  1
RGI60-18.00965     0.83837  -44.368072  168.699272   -0.746    0.182  1
RGI60-18.02433     0.83829  -43.628641  170.139096   -0.342    0.278  1
RGI60-18.00553     0.82735  -44.592075  168.179652   -0.015    0.157  1
RGI60-18.01294     0.82183  -44.253410  168.847576   -0.744    0.271  1
RGI60-18.00951     0.82169  -44.363777  168.796391   -0.059    0.197  1
RGI60-18.00659     0.82003  -44.461393  168.529534   -0.480    0.195  1
RGI60-18.02939     0.80405  -43.160710  171.041010   -0.767    0.251  1
RGI60-18.01847     0.80221  -43.670593  170.010705   -0.133    0.163  1
RGI60-18.01652     0.79879  -43.835829  169.623738   -0.431    0.174  1
RGI60-18.03128     0.79763  -43.337775  170.721101   -0.407    0.185  1
RGI60-18.02823     0.79512  -42.988233  171.382769   -0.450    0.281  1
RGI60-18.00632     0.78850  -44.511240  168.614789   -0.230    0.159  1
RGI60-18.02616     0.78692  -43.620526  170.361114   -0.608    0.176  1
RGI60-18.00972     0.78680  -44.450429  168.710924   -0.526    0.187  1
RGI60-18.01861     0.78488  -43.655507  169.928723   -0.351    0.155  1
RGI60-18.00646     0.78207  -44.438318  168.408538    0.147    0.165  1
RGI60-18.00886     0.78114  -44.393926  168.619327   -0.448    0.171  1
RGI60-18.02299     0.78113  -43.435823  170.339573   -0.572    0.193  1
RGI60-18.01780     0.77985  -43.715102  169.960702   -0.126    0.153  1
RGI60-18.01841     0.77559  -43.676731  170.078851   -0.227    0.177  1
RGI60-18.00624     0.76848  -44.522810  168.641310   -0.533    0.169  1
RGI60-18.00830     0.76718  -44.507699  168.325433   -1.488    0.255  1
RGI60-18.03355     0.76106  -43.124241  170.914657   -0.019    0.185  1
RGI60-18.02157     0.75955  -43.519965  170.592012   -0.363    0.166  1
RGI60-18.03108     0.75905  -43.159554  170.889049   -0.393    0.208  1
RGI60-18.03215     0.75021  -43.292519  170.810776   -0.626    0.241  1
RGI60-18.02736     0.74933  -43.070365  171.184570   -0.742    0.295  1
RGI60-18.02396     0.74892  -43.457403  170.575356   -0.551    0.196  1
RGI60-18.02967     0.74121  -43.394124  170.655234   -0.214    0.180  1
RGI60-18.02385     0.74066  -43.446461  170.348993   -0.319    0.216  1
RGI60-18.03300     0.73637  -43.275816  170.636521   -0.277    0.175  1
RGI60-18.00187     0.73459  -44.581646  168.001435   -0.344    0.183  1
RGI60-18.01625     0.73387  -43.992504  169.883940   -0.465    0.180  1
RGI60-18.03512     0.73267  -44.374006  168.573882   -0.329    0.168  1
RGI60-18.03142     0.73217  -43.326019  170.626808   -0.663    0.215  1
RGI60-18.00665     0.72418  -44.464934  168.493212   -0.491    0.220  1
RGI60-18.01014     0.72287  -44.454360  168.734505   -0.314    0.227  1
RGI60-18.03239     0.72219  -43.354714  170.987719   -0.618    0.249  1
RGI60-18.00785     0.71896  -44.513749  168.355440    0.116    0.268  1
RGI60-18.00186     0.71720  -44.566802  167.983260   -0.156    0.237  1
RGI60-18.01369     0.71317  -44.173649  168.987132    0.007    0.201  1
RGI60-18.03451     0.71064  -44.593885  168.170204    0.061    0.151  1
RGI60-18.02302     0.70514  -43.417932  170.356557   -0.197    0.214  1
RGI60-18.03449     0.70241  -44.498762  168.375683   -0.436    0.173  1
RGI60-18.02839     0.70184  -42.999941  171.384537    0.008    0.293  1
RGI60-18.02423     0.70042  -43.482250  170.419930   -0.161    0.208  1
RGI60-18.03332     0.69118  -43.233126  170.847132   -0.681    0.252  1
RGI60-18.02851     0.68958  -42.977786  171.390816    0.394    0.236  1
RGI60-18.01962     0.68490  -43.839575  169.882730   -0.184    0.244  1
RGI60-18.02801     0.68396  -42.983931  171.273131   -0.129    0.222  1
RGI60-18.00676     0.68089  -44.460908  168.622511   -0.376    0.175  1
RGI60-18.02607     0.67561  -43.605796  170.403242   -0.358    0.185  1
RGI60-18.01249     0.67533  -43.958654  169.673129   -0.350    0.173  1
RGI60-18.02431     0.67346  -43.391936  170.287661   -0.498    0.185  1
RGI60-18.01020     0.67198  -44.422027  168.749128   -0.078    0.188  1
RGI60-18.02199     0.67156  -43.594952  170.089068   -0.083    0.284  1
RGI60-18.03423     0.67065  -43.358495  170.711095   -0.629    0.204  1
RGI60-18.01248     0.67040  -43.959614  169.658822   -0.405    0.175  1
RGI60-18.02426     0.66971  -43.508652  170.150978   -0.572    0.174  1
RGI60-18.00717     0.66839  -44.485766  168.507243   -0.072    0.229  1
RGI60-18.01875     0.66637  -43.866263  169.845229   -0.479    0.196  1
RGI60-18.01739     0.66578  -43.809844  170.052189   -0.308    0.185  1
RGI60-18.00985     0.66535  -44.359117  168.806262    0.038    0.205  1
RGI60-18.02439     0.66530  -43.416743  170.569341   -0.498    0.198  1
RGI60-18.00362     0.66358  -44.749732  167.987031   -0.166    0.171  1
RGI60-18.01246     0.66329  -43.967124  169.704318   -0.695    0.209  1
RGI60-18.00009     0.66255  -39.291241  175.569575   -0.244    0.152  1
RGI60-18.01419     0.66188  -44.017855  169.590858   -0.491    0.183  1
RGI60-18.03438     0.66141  -43.720178  170.036613   -0.247    0.187  1
RGI60-18.02421     0.65932  -43.467462  170.255212   -0.008    0.191  1
RGI60-18.02393     0.65915  -43.473024  170.465222   -0.073    0.251  1
RGI60-18.03432     0.65830  -43.965984  169.645141   -0.227    0.157  1
RGI60-18.01815     0.65664  -43.738353  170.014059   -0.390    0.182  1
RGI60-18.00269     0.65385  -44.827997  167.760301   -0.302    0.201  1
RGI60-18.01960     0.65370  -43.674010  170.055094   -0.082    0.197  1
RGI60-18.01882     0.65319  -43.766052  169.985947   -0.352    0.190  1
RGI60-18.00177     0.65295  -44.571271  167.991774   -0.495    0.258  1
RGI60-18.03297     0.65143  -43.286125  170.651169   -0.264    0.182  1
RGI60-18.00848     0.64978  -44.437000  168.354759   -0.712    0.190  1
RGI60-18.02308     0.64576  -43.445422  170.621573   -0.480    0.181  1
RGI60-18.00304     0.64524  -44.800553  167.713952   -0.199    0.403  1
RGI60-18.00010     0.64482  -39.280389  175.553947   -0.303    0.152  1
RGI60-18.01035     0.64465  -44.331602  168.729178   -0.097    0.416  1
RGI60-18.01592     0.64342  -43.787401  169.800350   -0.190    0.207  1
RGI60-18.01956     0.64242  -43.828830  169.885538    0.882    0.373  1
RGI60-18.01360     0.63979  -44.163443  168.834039   -0.581    0.194  1
RGI60-18.00383     0.63574  -44.742243  168.062674    0.077    0.173  1
RGI60-18.01370     0.63237  -44.167441  168.980503   -0.106    0.239  1
RGI60-18.01901     0.62854  -43.846803  169.853946   -0.544    0.204  1
RGI60-18.00911     0.62798  -44.323348  168.446039   -0.767    0.200  1
RGI60-18.03105     0.62349  -43.171888  170.929969   -0.556    0.247  1
RGI60-18.02947     0.62111  -43.101987  170.930108   -0.291    0.196  1
RGI60-18.00736     0.61327  -44.413740  168.445129   -0.253    0.156  1
RGI60-18.03299     0.61115  -43.283159  170.624222   -0.401    0.194  1
RGI60-18.03036     0.60935  -43.348301  170.866115   -0.355    0.196  1
RGI60-18.01869     0.60888  -43.836752  169.867399    0.021    0.279  1
RGI60-18.01264     0.60752  -44.238719  168.868578   -0.264    0.176  1
RGI60-18.01835     0.60568  -43.808089  169.923929   -0.452    0.238  1
RGI60-18.01881     0.60563  -43.682330  170.074504   -0.354    0.224  1
RGI60-18.00986     0.60288  -44.361522  168.701619   -0.538    0.187  1
RGI60-18.03136     0.60245  -43.201883  170.955296   -0.712    0.279  1
RGI60-18.02133     0.60027  -43.497022  170.595444   -0.280    0.171  1
RGI60-18.03216     0.59713  -43.212482  170.899149   -0.386    0.235  1
RGI60-18.01865     0.59422  -43.782227  169.923533   -0.024    0.167  1
RGI60-18.02071     0.59380  -43.888701  169.790838   -0.245    0.249  1
RGI60-18.01908     0.59291  -43.871944  169.839683   -0.195    0.202  1
RGI60-18.02200     0.59289  -43.604267  170.281965   -0.330    0.195  1
RGI60-18.02446     0.58777  -43.592198  170.096564    0.032    0.414  1
RGI60-18.01138     0.58549  -44.061900  169.508144   -0.396    0.182  1
RGI60-18.00823     0.58504  -44.499148  168.412356   -0.593    0.180  1
RGI60-18.02398     0.57534  -43.583867  170.268453   -0.827    0.303  1
RGI60-18.02457     0.57507  -43.489187  170.139612   -0.238    0.154  1
RGI60-18.01598     0.57131  -43.783545  169.801808   -0.198    0.189  1
RGI60-18.03051     0.56576  -43.339452  170.887344    0.028    0.193  1
RGI60-18.00334     0.56471  -44.789220  167.942107   -0.225    0.212  1
RGI60-18.00568     0.56251  -44.598350  168.249422   -0.395    0.166  1
RGI60-18.01825     0.56007  -43.743510  169.970112   -0.157    0.163  1
RGI60-18.02161     0.55905  -43.483455  170.610173   -0.542    0.192  1
RGI60-18.02413     0.55763  -43.562773  170.290693   -0.431    0.246  1
RGI60-18.00799     0.55590  -44.468768  168.394819   -0.456    0.176  1
RGI60-18.02153     0.55521  -43.563729  170.555954   -0.231    0.165  1
RGI60-18.02160     0.55392  -43.504478  170.592881   -0.278    0.169  1
RGI60-18.01150     0.55315  -44.000850  169.130305   -0.508    0.246  1
RGI60-18.02496     0.55291  -43.401679  170.544631   -0.466    0.195  1
RGI60-18.01235     0.55271  -43.970004  169.695843   -0.346    0.209  1
RGI60-18.00538     0.55171  -44.647469  168.384068   -0.450    0.350  1
RGI60-18.01605     0.55163  -43.785862  169.700942   -0.301    0.178  1
RGI60-18.02350     0.55085  -43.609401  170.015530   -0.660    0.214  1
RGI60-18.01607     0.55077  -43.787893  169.714267   -0.276    0.250  1
RGI60-18.02643     0.54606  -43.451178  170.433435   -1.828    0.351  1
RGI60-18.01194     0.54376  -43.988121  169.550987   -0.307    0.182  1
RGI60-18.00931     0.54329  -44.560102  168.477045   -0.282    0.167  1
RGI60-18.03126     0.54030  -43.323907  170.615372   -0.796    0.194  1
RGI60-18.02459     0.54024  -43.478603  170.389962   -0.291    0.205  1
RGI60-18.02380     0.53877  -43.546241  170.434508   -0.337    0.185  1
RGI60-18.01838     0.53339  -43.775786  169.981104   -0.333    0.198  1
RGI60-18.00810     0.53323  -44.504381  168.389736   -0.370    0.175  1
RGI60-18.03121     0.53016  -43.167819  170.914555   -0.140    0.324  1
RGI60-18.03283     0.52910  -43.316166  171.010618    0.003    0.236  1
RGI60-18.02373     0.52872  -43.596015  170.272017   -0.783    0.259  1
RGI60-18.02456     0.52846  -43.469058  170.155061   -0.790    0.253  1
RGI60-18.00497     0.52828  -44.673531  168.223062   -0.142    0.241  1
RGI60-18.00802     0.52767  -44.505303  168.383361   -0.529    0.177  1
RGI60-18.00929     0.52691  -44.557701  168.449556   -0.225    0.177  1
RGI60-18.00224     0.52331  -44.848799  167.848239    0.209    0.175  1
RGI60-18.02425     0.52273  -43.467902  170.421240   -0.174    0.215  1
RGI60-18.01032     0.52256  -44.553967  168.634629   -0.153    0.151  1
RGI60-18.00536     0.52126  -44.612473  168.419350   -0.779    0.227  1
RGI60-18.03130     0.52112  -43.260336  170.859876   -0.591    0.237  1
RGI60-18.00623     0.51976  -44.536577  168.597506   -0.024    0.171  1
RGI60-18.02479     0.51736  -43.377376  170.325269   -0.418    0.213  1
RGI60-18.01588     0.51694  -43.794757  169.748875   -0.206    0.194  1
RGI60-18.02896     0.51648  -42.916133  171.511210   -0.265    0.217  1
RGI60-18.01357     0.51579  -44.169602  168.892450   -0.202    0.182  1
RGI60-18.01415     0.51546  -44.147395  169.058713   -0.023    0.258  1
RGI60-18.01945     0.51345  -43.741985  169.987067   -0.128    0.170  1
RGI60-18.00062     0.51147  -44.760947  168.036987   -0.117    0.209  1
RGI60-18.00781     0.50879  -44.487225  168.362775   -0.392    0.201  1
RGI60-18.01152     0.50755  -44.043409  169.705273   -0.533    0.204  1
RGI60-18.00014     0.50725  -39.295587  175.561903   -0.154    0.152  1
RGI60-18.03081     0.50489  -43.315286  170.761910   -0.440    0.195  1
RGI60-18.01862     0.50368  -43.670064  169.997672   -0.176    0.188  1
RGI60-18.02461     0.50110  -43.412218  170.574838   -0.394    0.179  1
RGI60-18.02424     0.50092  -43.479759  170.591421   -0.221    0.184  1
RGI60-18.00539     0.50070  -44.621910  168.417932   -0.326    0.186  1
RGI60-18.00363     0.49862  -44.745116  167.999041   -0.116    0.187  1
RGI60-18.02399     0.49296  -43.436480  170.521236   -0.043    0.223  1
RGI60-18.01774     0.49096  -43.727339  169.755568   -0.454    0.249  1
RGI60-18.02509     0.48861  -43.426876  170.611607   -0.722    0.255  1
RGI60-18.01450     0.48852  -44.114381  169.003138   -0.104    0.233  1
RGI60-18.00630     0.48846  -44.517768  168.630090   -0.731    0.210  1
RGI60-18.00176     0.48731  -44.581330  167.985613   -0.663    0.285  1
RGI60-18.02065     0.48674  -43.890982  169.799397   -0.333    0.207  1
RGI60-18.01876     0.48563  -43.651040  170.098959   -0.376    0.187  1
RGI60-18.01671     0.48558  -43.826712  169.614440   -0.183    0.235  1
RGI60-18.02791     0.48520  -42.994942  171.417734   -0.446    0.262  1
RGI60-18.01895     0.48471  -43.834787  169.857292   -0.127    0.195  1
RGI60-18.02231     0.48319  -43.412141  170.582733   -0.378    0.194  1
RGI60-18.03425     0.48293  -43.511407  170.591144   -0.320    0.178  1
RGI60-18.02163     0.48129  -43.499858  170.584572   -0.531    0.196  1
RGI60-18.02480     0.48053  -43.479239  170.176346   -0.208    0.171  1
RGI60-18.00847     0.48004  -44.508423  168.337619   -0.216    0.186  1
RGI60-18.02841     0.47812  -42.970329  171.398468   -0.216    0.239  1
RGI60-18.02726     0.47645  -43.082193  171.156130   -0.472    0.259  1
RGI60-18.01894     0.47517  -43.674921  170.046869   -0.048    0.215  1
RGI60-18.03370     0.47436  -43.187675  171.019529   -1.096    0.295  1
RGI60-18.02171     0.47380  -43.490363  170.590136   -0.494    0.214  1
RGI60-18.00096     0.47334  -44.655459  167.794336   -0.043    0.202  1
RGI60-18.00516     0.47297  -44.637763  168.566982   -0.450    0.177  1
RGI60-18.01221     0.47282  -43.962580  169.651093   -0.366    0.171  1
RGI60-18.01051     0.47087  -44.287438  168.464011   -0.199    0.174  1
RGI60-18.00254     0.46868  -44.688821  168.073588   -0.326    0.188  1
RGI60-18.01918     0.46571  -43.786830  169.929955    0.086    0.217  1
RGI60-18.01902     0.46464  -43.725283  169.997620   -0.155    0.164  1
RGI60-18.01614     0.46344  -43.796031  169.714838   -0.278    0.237  1
RGI60-18.03080     0.46331  -43.316986  170.791852   -0.407    0.225  1
RGI60-18.00786     0.46215  -44.395029  168.359452   -0.643    0.208  1
RGI60-18.01122     0.45997  -44.084704  169.445704   -0.134    0.173  1
RGI60-18.00020     0.45712  -39.271062  175.557387   -0.104    0.151  1
RGI60-18.01054     0.45711  -44.298193  168.899639   -0.255    0.205  1
RGI60-18.02989     0.45697  -43.378687  170.864554   -0.171    0.202  1
RGI60-18.01011     0.45388  -44.463393  168.737586   -0.964    0.252  1
RGI60-18.00128     0.45374  -44.626140  168.043473   -0.049    0.289  1
RGI60-18.00563     0.45367  -44.581149  168.393723   -0.571    0.197  1
RGI60-18.02614     0.45356  -43.611066  170.396857   -0.296    0.215  1
RGI60-18.00139     0.44655  -44.607084  168.044046    0.314    0.216  1
RGI60-18.02092     0.44581  -43.887102  170.041164   -0.489    0.200  1
RGI60-18.02170     0.44555  -43.550841  170.561123   -0.323    0.199  1
RGI60-18.02438     0.44489  -43.414002  170.514880   -0.393    0.227  1
RGI60-18.03356     0.44292  -43.124521  170.931287   -0.235    0.236  1
RGI60-18.00871     0.44209  -44.362856  168.400121   -1.086    0.313  1
RGI60-18.00905     0.44190  -44.348089  168.445049   -0.132    0.177  1
RGI60-18.02307     0.44142  -43.453552  170.614755   -0.535    0.230  1
RGI60-18.00082     0.43932  -44.763469  168.029805   -0.267    0.203  1
RGI60-18.01534     0.43842  -43.986833  169.765039   -0.181    0.202  1
RGI60-18.01582     0.43657  -43.783273  169.686789   -0.329    0.191  1
RGI60-18.01914     0.43637  -43.681978  169.953541   -0.391    0.186  1
RGI60-18.03192     0.43518  -43.189928  170.907541   -0.298    0.253  1
RGI60-18.03497     0.43442  -43.729815  170.025183   -0.236    0.178  1
RGI60-18.01649     0.43428  -43.827424  169.623230   -0.097    0.215  1
RGI60-18.00856     0.43417  -44.379684  168.408051   -0.275    0.189  1
RGI60-18.03075     0.43347  -43.232282  170.887323   -0.522    0.211  1
RGI60-18.03141     0.43306  -43.250083  170.937052   -0.542    0.230  1
RGI60-18.00639     0.43194  -44.558742  168.296228   -0.262    0.283  1
RGI60-18.00296     0.43189  -44.679932  168.071462    0.849    0.603  1
RGI60-18.01413     0.43154  -44.136570  169.061556   -0.183    0.524  1
RGI60-18.03501     0.43096  -43.814287  169.643444   -0.218    0.160  1
RGI60-18.00680     0.42999  -44.444993  168.636455   -0.345    0.193  1
RGI60-18.01828     0.42941  -43.727239  170.012313   -0.294    0.195  1
RGI60-18.00376     0.42888  -44.767468  168.077768   -0.130    0.165  1
RGI60-18.00169     0.42863  -44.586450  167.968568   -0.009    0.194  1
RGI60-18.03145     0.42798  -43.290971  170.883582   -0.072    0.227  1
RGI60-18.00712     0.42462  -44.437051  168.636810   -0.268    0.195  1
RGI60-18.03091     0.42461  -43.285341  170.888554   -0.418    0.223  1
RGI60-18.00088     0.42356  -44.761030  168.044344   -0.232    0.202  1
RGI60-18.02803     0.42265  -43.001410  171.278114    0.705    0.314  1
RGI60-18.03046     0.42175  -43.350056  170.876763   -0.143    0.198  1
RGI60-18.00309     0.42099  -44.808892  167.987784   -0.107    0.187  1
RGI60-18.00448     0.42026  -44.824173  168.286987   -0.268    0.183  1
RGI60-18.03144     0.41998  -43.296803  170.712745   -0.030    0.216  1
RGI60-18.00816     0.41969  -44.444350  168.395935   -0.337    0.228  1
RGI60-18.00234     0.41908  -44.851372  167.719693   -0.801    0.246  1
RGI60-18.00084     0.41905  -44.804027  168.072096    0.281    0.185  1
RGI60-18.01890     0.41886  -43.665692  170.076279   -0.392    0.199  1
RGI60-18.01114     0.41881  -44.070673  169.683529   -0.121    0.447  1
RGI60-18.03158     0.41868  -43.155461  170.925596   -0.532    0.233  1
RGI60-18.01590     0.41778  -43.772139  169.786506   -0.165    0.259  1
RGI60-18.02429     0.41672  -43.479616  170.473750   -0.109    0.256  1
RGI60-18.01107     0.41656  -44.543272  168.239803   -0.631    0.205  1
RGI60-18.01586     0.41613  -43.788353  169.768999   -0.287    0.251  1
RGI60-18.00454     0.41370  -44.804708  168.181913    0.002    0.175  1
RGI60-18.01830     0.41299  -43.719596  170.022956   -0.402    0.218  1
RGI60-18.01723     0.41221  -43.757074  169.894730   -0.301    0.199  1
RGI60-18.02286     0.40779  -43.594968  170.076483   -0.129    0.349  1
RGI60-18.00622     0.40744  -44.530982  168.609079   -0.248    0.166  1
RGI60-18.03003     0.40507  -43.368857  170.639160   -0.600    0.221  1
RGI60-18.01874     0.40489  -43.867918  169.826465   -0.245    0.195  1
RGI60-18.01715     0.40316  -43.755087  169.871658   -0.028    0.237  1
RGI60-18.01670     0.40018  -43.837978  169.668241   -0.373    0.203  1
RGI60-18.02083     0.39978  -43.888295  170.030819   -0.336    0.189  1
RGI60-18.01826     0.39907  -43.739458  169.961228   -0.216    0.171  1
RGI60-18.02733     0.39795  -43.069094  171.211962   -0.608    0.305  1
RGI60-18.02720     0.39782  -43.086541  171.137687   -0.619    0.297  1
RGI60-18.03250     0.39737  -43.329836  171.016477   -0.599    0.322  1
RGI60-18.01964     0.39630  -43.751500  169.967914   -0.201    0.174  1
RGI60-18.02305     0.39617  -43.462620  170.605163   -0.388    0.198  1
RGI60-18.03278     0.39599  -43.362396  170.993174   -0.284    0.250  1
RGI60-18.01220     0.39428  -43.959630  169.618519   -0.217    0.212  1
RGI60-18.00813     0.39165  -44.501020  168.397280   -0.297    0.191  1
RGI60-18.00109     0.38951  -44.649119  168.024947    0.043    0.283  1
RGI60-18.02222     0.38941  -43.601603  170.035345    0.306    0.591  1
RGI60-18.01558     0.38831  -43.781833  170.064164   -0.192    0.173  1
RGI60-18.02221     0.38798  -43.409962  170.306929   -0.316    0.182  1
RGI60-18.00513     0.38772  -44.541725  168.759011   -0.287    0.183  1
RGI60-18.02378     0.38755  -43.505671  170.450806   -0.332    0.208  1
RGI60-18.00078     0.38712  -44.796851  168.065957   -0.067    0.205  1
RGI60-18.02999     0.38682  -43.369626  170.656303   -0.691    0.233  1
RGI60-18.02331     0.38680  -43.630681  170.092298   -0.229    0.206  1
RGI60-18.01069     0.38644  -44.225127  168.740463   -0.066    0.483  1
RGI60-18.02448     0.38380  -43.568031  170.294349   -0.077    0.275  1
RGI60-18.03182     0.38360  -43.163406  170.929982   -0.149    0.220  1
RGI60-18.03035     0.37934  -43.352166  170.846359   -0.085    0.227  1
RGI60-18.01743     0.37771  -43.811332  170.036035   -0.290    0.195  1
RGI60-18.01909     0.37743  -43.670209  170.082022   -0.425    0.226  1
RGI60-18.01131     0.37733  -44.102300  169.414552   -0.186    0.184  1
RGI60-18.02441     0.37702  -43.634762  170.103448   -0.147    0.211  1
RGI60-18.02602     0.37701  -43.602486  169.967687   -0.391    0.198  1
RGI60-18.01589     0.37592  -43.794498  169.760702   -0.141    0.257  1
RGI60-18.03337     0.37528  -43.210155  170.997204   -0.248    0.230  1
RGI60-18.00327     0.37520  -44.783639  167.787994   -0.019    0.186  1
RGI60-18.03360     0.37507  -43.116625  170.907177   -0.480    0.309  1
RGI60-18.00330     0.37402  -44.790955  167.932144   -0.242    0.191  1
RGI60-18.02311     0.37372  -43.572184  170.314629   -0.200    0.224  1
RGI60-18.03279     0.36984  -43.308634  171.009422   -0.603    0.317  1
RGI60-18.03037     0.36897  -43.346931  170.854458    0.190    0.221  1
RGI60-18.02452     0.36838  -43.578083  170.270028   -0.644    0.221  1
RGI60-18.03077     0.36661  -43.344210  170.694328   -0.427    0.249  1
RGI60-18.02376     0.36560  -43.511824  170.444484   -0.089    0.319  1
RGI60-18.02581     0.36544  -43.636057  170.141495   -0.652    0.249  1
RGI60-18.00070     0.36524  -44.779754  168.048042   -0.005    0.429  1
RGI60-18.02093     0.36439  -43.880001  169.832447   -1.336    0.320  1
RGI60-18.03039     0.36400  -43.357006  170.867898   -0.537    0.248  1
RGI60-18.00977     0.36251  -44.322156  168.835831   -0.107    0.247  1
RGI60-18.01871     0.36160  -43.679636  169.948927   -0.312    0.191  1
RGI60-18.00125     0.36005  -44.616174  168.060253   -0.564    0.246  1
RGI60-18.02212     0.35870  -43.395718  170.531350   -0.515    0.233  1
RGI60-18.01870     0.35698  -43.670765  170.024295    0.020    0.193  1
RGI60-18.00829     0.35690  -44.507057  168.312597   -0.532    0.221  1
RGI60-18.00011     0.35662  -39.270786  175.566529   -0.136    0.147  1
RGI60-18.01891     0.35648  -43.813152  169.912447   -0.151    0.223  1
RGI60-18.00021     0.35553  -39.285475  175.563723   -0.310    0.172  1
RGI60-18.02536     0.35541  -43.684222  170.254690   -0.228    0.186  1
RGI60-18.03122     0.35527  -43.161217  170.922733   -0.568    0.267  1
RGI60-18.00081     0.35419  -44.770590  168.023517   -0.054    0.272  1
RGI60-18.01022     0.35400  -44.426263  168.773197    0.049    0.204  1
RGI60-18.01896     0.35388  -43.734476  169.960282   -0.298    0.193  1
RGI60-18.03388     0.35272  -43.176985  170.823408   -0.463    0.238  1
RGI60-18.01913     0.35224  -43.706593  170.004875   -0.199    0.169  1
RGI60-18.00053     0.35181  -44.669230  168.050588   -0.040    0.406  1
RGI60-18.02169     0.35059  -43.541549  170.566015   -0.073    0.187  1
RGI60-18.00721     0.35017  -44.482989  168.561036   -0.148    0.236  1
RGI60-18.02383     0.35009  -43.426575  170.478721   -0.242    0.232  1
RGI60-18.02411     0.34998  -43.636238  170.096195   -0.163    0.196  1
RGI60-18.02501     0.34978  -43.393526  170.309831   -0.216    0.191  1
RGI60-18.00744     0.34922  -44.418181  168.658768   -0.096    0.329  1
RGI60-18.01931     0.34860  -43.676137  170.037100   -0.004    0.217  1
RGI60-18.03321     0.34848  -43.243426  170.821444   -0.260    0.220  1
RGI60-18.02194     0.34826  -43.448904  170.635566   -0.379    0.181  1
RGI60-18.01298     0.34818  -44.224305  168.850466   -0.248    0.246  1
RGI60-18.02412     0.34644  -43.504116  170.437223   -0.305    0.220  1
RGI60-18.01868     0.34641  -43.810510  169.963030   -0.411    0.236  1
RGI60-18.02233     0.34557  -43.477189  170.564269   -0.476    0.199  1
RGI60-18.00878     0.34554  -44.390738  168.607243   -0.237    0.219  1
RGI60-18.00794     0.34465  -44.426348  168.411014   -0.530    0.300  1
RGI60-18.03317     0.34385  -43.246944  170.808755   -0.321    0.216  1
RGI60-18.00687     0.34355  -44.469107  168.459099   -0.303    0.175  1
RGI60-18.02712     0.34326  -43.090389  171.194764   -0.373    0.268  1
RGI60-18.01650     0.34295  -43.839179  169.662867   -0.629    0.255  1
RGI60-18.02976     0.34240  -43.391211  170.957530    0.086    0.241  1
RGI60-18.02655     0.34215  -43.568693  170.422594   -0.374    0.207  1
RGI60-18.01672     0.34169  -43.817159  169.615765   -0.320    0.220  1
RGI60-18.03169     0.34106  -43.326981  170.648368   -0.377    0.204  1
RGI60-18.02051     0.34034  -43.922630  169.762456   -0.337    0.228  1
RGI60-18.00852     0.33919  -44.527312  168.294125   -0.223    0.195  1
RGI60-18.01585     0.33896  -43.779240  169.798276   -0.242    0.301  1
RGI60-18.02217     0.33800  -43.464706  170.148773   -1.409    0.342  1
RGI60-18.01641     0.33713  -43.815558  169.669839   -0.285    0.225  1
RGI60-18.03164     0.33653  -43.331259  170.692496   -0.362    0.201  1
RGI60-18.00380     0.33627  -44.744474  168.069492   -0.176    0.209  1
RGI60-18.00298     0.33615  -44.809260  167.746716   -0.187    0.279  1
RGI60-18.01765     0.33573  -43.753269  170.064840   -0.501    0.214  1
RGI60-18.02709     0.33500  -43.088551  171.201446   -0.030    0.251  1
RGI60-18.01389     0.33500  -44.173734  169.584011   -0.147    0.187  1
RGI60-18.02500     0.33449  -43.544716  170.422966   -0.260    0.189  1
RGI60-18.01466     0.33367  -44.108527  169.261277    0.220    0.260  1
RGI60-18.03120     0.33336  -43.323015  170.837126   -0.293    0.239  1
RGI60-18.03194     0.33213  -43.286614  170.740084   -0.491    0.210  1
RGI60-18.01048     0.33136  -44.291905  168.451043   -0.327    0.193  1
RGI60-18.03143     0.33082  -43.368963  170.704680   -0.564    0.225  1
RGI60-18.00734     0.33050  -44.411836  168.452773   -0.331    0.187  1
RGI60-18.02623     0.33046  -43.593191  170.415690   -0.370    0.231  1
RGI60-18.00818     0.33005  -44.432905  168.395815   -0.187    0.258  1
RGI60-18.01729     0.33001  -43.735412  169.814523   -0.155    0.212  1
RGI60-18.03024     0.32954  -43.415996  170.733302    0.079    0.203  1
RGI60-18.02020     0.32942  -43.939183  169.751359   -0.880    0.247  1
RGI60-18.02610     0.32742  -43.597754  170.393725   -0.204    0.189  1
RGI60-18.00087     0.32735  -44.736701  168.023640    0.081    0.205  1
RGI60-18.01728     0.32732  -43.773058  169.847946   -0.382    0.217  1
RGI60-18.03383     0.32731  -43.173657  170.747063   -0.207    0.186  1
RGI60-18.01994     0.32690  -43.948728  169.732444   -0.220    0.177  1
RGI60-18.02725     0.32611  -43.077399  171.169270   -1.162    0.511  1
RGI60-18.03339     0.32590  -43.220017  170.994616   -0.645    0.274  1
RGI60-18.00271     0.32549  -44.824303  168.016781   -1.197    0.292  1
RGI60-18.02475     0.32536  -43.459457  170.567897   -0.213    0.199  1
RGI60-18.02942     0.32527  -43.167584  171.031477   -0.647    0.260  1
RGI60-18.02600     0.32493  -43.597123  169.973316   -0.154    0.178  1
RGI60-18.01795     0.32401  -43.682766  169.779775   -0.573    0.262  1
RGI60-18.02256     0.32384  -43.610324  170.064697   -0.316    0.223  1
RGI60-18.01429     0.32344  -44.038657  169.573903   -0.511    0.250  1
RGI60-18.00546     0.32324  -44.641230  168.389476   -0.098    0.440  1
RGI60-18.00593     0.32280  -44.565860  168.562311   -0.438    0.204  1
RGI60-18.02948     0.32188  -43.092903  170.930118   -0.889    0.306  1
RGI60-18.01732     0.32155  -43.748117  169.914815   -0.135    0.182  1
RGI60-18.02909     0.32058  -42.894041  171.496971   -0.414    0.249  1
RGI60-18.01038     0.32047  -44.306340  168.734727   -0.337    0.308  1
RGI60-18.03307     0.31949  -43.275233  170.549761   -0.041    0.177  1
RGI60-18.03311     0.31907  -43.249270  170.862264   -1.814    0.525  1
RGI60-18.00071     0.31803  -44.744291  168.032811    0.101    0.268  1
RGI60-18.00333     0.31777  -44.787446  167.951121   -0.039    0.208  1
RGI60-18.00251     0.31682  -44.840964  167.779084   -0.665    0.290  1
RGI60-18.03149     0.31681  -43.361612  170.700876   -0.430    0.217  1
RGI60-18.02861     0.31651  -42.944711  171.390514    0.581    0.290  1
RGI60-18.02783     0.31606  -43.006554  171.236798   -0.019    0.210  1
RGI60-18.02434     0.31554  -43.624196  170.130664   -0.377    0.239  1
RGI60-18.03162     0.31508  -43.167144  170.896075   -0.274    0.228  1
RGI60-18.01212     0.31412  -43.960006  169.595912   -0.285    0.215  1
RGI60-18.02818     0.31409  -42.962855  171.303911    0.160    0.306  1
RGI60-18.03476     0.31252  -43.600463  170.087482   -0.273    0.804  1
RGI60-18.00809     0.31233  -44.522194  168.301241   -0.379    0.241  1
RGI60-18.01766     0.31211  -43.767595  170.012625   -0.310    0.210  1
RGI60-18.01726     0.31208  -43.741549  169.807932   -0.429    0.217  1
RGI60-18.01208     0.31083  -43.980431  169.626373   -0.532    0.292  1
RGI60-18.00671     0.31004  -44.431455  168.630448   -0.212    0.220  1
RGI60-18.02243     0.30980  -43.396316  170.549898   -0.379    0.253  1
RGI60-18.03000     0.30953  -43.373471  170.640318   -0.056    0.211  1
RGI60-18.00667     0.30937  -44.458534  168.492297   -0.218    0.190  1
RGI60-18.02435     0.30701  -43.623215  170.096076   -0.256    0.199  1
RGI60-18.01963     0.30479  -43.785384  169.940358    0.012    0.213  1
RGI60-18.02313     0.30438  -43.403802  170.342101   -0.175    0.375  1
RGI60-18.03437     0.30171  -43.949271  169.724966   -0.176    0.177  1
RGI60-18.01205     0.30155  -43.988308  169.583744   -0.091    0.208  1
RGI60-18.00379     0.30144  -44.770201  168.084353   -0.309    0.191  1
RGI60-18.02303     0.30133  -43.414580  170.361295   -0.533    0.248  1
RGI60-18.00599     0.30110  -44.524267  168.806947   -0.566    0.218  1
RGI60-18.03168     0.29861  -43.258266  170.933931   -0.456    0.239  1
RGI60-18.00556     0.29854  -44.591417  168.412707   -0.334    0.203  1
RGI60-18.02845     0.29792  -42.957743  171.402375   -0.230    0.275  1
RGI60-18.00258     0.29780  -44.691046  168.049533   -0.214    0.227  1
RGI60-18.01384     0.29615  -44.165043  169.605369   -0.269    0.202  1
RGI60-18.03326     0.29560  -43.241071  170.847027   -0.351    0.248  1
RGI60-18.02325     0.29498  -43.637090  170.080123   -0.740    0.242  1
RGI60-18.01976     0.29388  -43.950324  170.021083   -0.278    0.185  1
RGI60-18.02663     0.29255  -43.559488  170.411962   -0.601    0.243  1
RGI60-18.01771     0.29246  -43.725660  169.791165   -0.039    0.200  1
RGI60-18.01721     0.29223  -43.764863  169.856758   -0.229    0.212  1
RGI60-18.02838     0.29189  -42.994188  171.373847   -0.345    0.325  1
RGI60-18.02770     0.29170  -43.020363  171.416942   -0.372    0.275  1
RGI60-18.02040     0.29025  -43.911920  170.018144   -0.062    0.173  1
RGI60-18.03161     0.28963  -43.364829  170.715023   -0.301    0.230  1
RGI60-18.02451     0.28764  -43.385930  170.320267   -0.526    0.232  1
RGI60-18.02972     0.28749  -43.398055  170.641530   -0.181    0.208  1
RGI60-18.03257     0.28723  -43.323605  171.015092   -0.213    0.302  1
RGI60-18.02546     0.28666  -43.658689  170.317993   -0.162    0.188  1
RGI60-18.01593     0.28601  -43.771409  169.794621    0.004    0.311  1
RGI60-18.01044     0.28584  -44.332722  168.717821   -0.083    0.210  1
RGI60-18.01883     0.28549  -43.810228  169.901514   -0.187    0.225  1
RGI60-18.03150     0.28423  -43.167569  170.880406   -0.633    0.242  1
RGI60-18.02354     0.28417  -43.601548  170.016135   -0.414    0.342  1
RGI60-18.01559     0.28282  -43.786126  170.054830   -0.353    0.225  1
RGI60-18.03379     0.28177  -43.191025  171.030069   -0.798    0.294  1
RGI60-18.03273     0.28048  -43.313358  170.981468   -0.576    0.356  1
RGI60-18.02250     0.27974  -43.621290  170.090748   -0.376    0.230  1
RGI60-18.01157     0.27932  -44.045417  169.693248   -0.749    0.325  1
RGI60-18.02520     0.27912  -43.696581  170.330548   -0.312    0.184  1
RGI60-18.00824     0.27865  -44.391247  168.365812   -0.496    0.246  1
RGI60-18.00883     0.27826  -44.358719  168.592351   -0.174    0.283  1
RGI60-18.02786     0.27800  -43.001468  171.243027    0.053    0.227  1
RGI60-18.02592     0.27758  -43.602609  170.252402   -0.704    0.273  1
RGI60-18.01431     0.27613  -44.038695  169.585887   -0.616    0.229  1
RGI60-18.01263     0.27612  -44.210657  168.930332   -0.147    0.207  1
RGI60-18.02357     0.27598  -43.405044  170.312504   -0.389    0.234  1
RGI60-18.02420     0.27465  -43.425902  170.560094   -0.188    0.214  1
RGI60-18.01722     0.27458  -43.754630  169.885868   -0.029    0.263  1
RGI60-18.01893     0.27439  -43.863874  169.825663   -0.349    0.245  1
RGI60-18.01001     0.27409  -44.385322  168.784644   -0.044    0.451  1
RGI60-18.03034     0.27373  -43.357957  170.837951   -0.057    0.246  1
RGI60-18.02355     0.27344  -43.399679  170.304778   -0.003    0.187  1
RGI60-18.00926     0.27272  -44.565920  168.408200   -0.407    0.193  1
RGI60-18.00509     0.27247  -44.644197  168.200961   -0.402    0.195  1
RGI60-18.00181     0.27239  -44.595189  168.016232   -0.054    0.432  1
RGI60-18.01489     0.27237  -44.069197  168.979248   -0.327    0.217  1
RGI60-18.02430     0.27212  -43.590060  170.067141   -0.140    0.211  1
RGI60-18.02455     0.27204  -43.497543  170.443613   -0.392    0.253  1
RGI60-18.01642     0.27203  -43.814039  169.885874   -0.619    0.413  1
RGI60-18.02086     0.27108  -43.882461  170.034320   -0.484    0.229  1
RGI60-18.00426     0.27083  -44.880913  168.482269   -0.199    0.184  1
RGI60-18.03193     0.26985  -43.161789  170.936772   -0.350    0.251  1
RGI60-18.00457     0.26899  -44.786083  168.187157   -0.428    0.288  1
RGI60-18.00030     0.26853  -44.715782  167.706879   -0.024    0.217  1
RGI60-18.00897     0.26850  -44.366515  168.894338   -0.384    0.220  1
RGI60-18.01818     0.26792  -43.703353  170.029138   -0.490    0.278  1
RGI60-18.01776     0.26764  -43.720436  169.756960   -0.081    0.420  1
RGI60-18.00988     0.26756  -44.352730  168.832743   -0.367    0.291  1
RGI60-18.01747     0.26679  -43.800789  170.049365   -0.266    0.201  1
RGI60-18.02478     0.26653  -43.546129  170.300994   -0.729    0.266  1
RGI60-18.01595     0.26651  -43.810998  169.724282   -0.830    0.260  1
RGI60-18.02941     0.26624  -43.159426  171.051724   -0.395    0.238  1
RGI60-18.03213     0.26614  -43.318270  170.611197   -0.646    0.258  1
RGI60-18.02468     0.26575  -43.485386  170.386798   -0.475    0.261  1
RGI60-18.01630     0.26531  -43.837985  169.948017   -0.116    0.182  1
RGI60-18.01473     0.26497  -44.095985  169.658356   -0.277    0.202  1
RGI60-18.01920     0.26436  -43.818134  169.895029   -0.343    0.229  1
RGI60-18.03111     0.26417  -43.150658  170.940036   -0.520    0.342  1
RGI60-18.02710     0.26272  -43.097362  171.201201   -0.009    0.287  1
RGI60-18.01950     0.26239  -43.679626  169.962616   -0.290    0.208  1
RGI60-18.00648     0.26235  -44.433904  168.420010   -0.342    0.202  1
RGI60-18.00571     0.26225  -45.006611  168.314063    0.085    0.188  1
RGI60-18.03503     0.26154  -44.037718  169.579393   -0.295    0.219  1
RGI60-18.01385     0.26065  -44.167440  169.611164   -0.392    0.233  1
RGI60-18.01265     0.26057  -44.226081  168.890428   -0.123    0.261  1
RGI60-18.00542     0.26008  -44.627049  168.418486   -0.298    0.239  1
RGI60-18.03430     0.25988  -43.408052  170.337966   -0.447    0.217  1
RGI60-18.00192     0.25950  -44.536457  168.008632    0.096    0.225  1
RGI60-18.02415     0.25875  -43.428166  170.469981   -0.178    0.225  1
RGI60-18.00451     0.25856  -44.809945  168.281969    0.085    0.206  1
RGI60-18.02418     0.25848  -43.444806  170.607713   -0.348    0.218  1
RGI60-18.02258     0.25762  -43.606715  170.086972   -0.240    0.570  1
RGI60-18.02408     0.25621  -43.642104  170.095684   -0.564    0.260  1
RGI60-18.00154     0.25613  -44.568792  167.969454    0.035    0.213  1
RGI60-18.00493     0.25542  -44.664515  168.560952   -0.172    0.191  1
RGI60-18.02444     0.25514  -43.630726  170.058918   -0.582    0.246  1
RGI60-18.03086     0.25498  -43.301586  170.804976   -0.498    0.307  1
RGI60-18.03179     0.25476  -43.328179  170.786430   -0.258    0.224  1
RGI60-18.01485     0.25460  -44.221711  169.089803   -0.358    0.355  1
RGI60-18.01877     0.25417  -43.863392  169.835372   -0.110    0.262  1
RGI60-18.00110     0.25344  -44.651471  168.017226    0.069    0.334  1
RGI60-18.02664     0.25330  -43.555541  170.415479   -0.447    0.249  1
RGI60-18.01855     0.25177  -43.849888  169.839330   -0.197    0.232  1
RGI60-18.03340     0.25099  -43.222432  171.001809   -0.719    0.347  1
RGI60-18.01395     0.25092  -44.146778  168.971287   -0.288    0.224  1
RGI60-18.00268     0.25077  -44.822036  167.767162   -0.554    0.264  1
RGI60-18.01257     0.25005  -44.244219  168.851335   -0.090    0.204  1
RGI60-18.02182     0.24973  -43.416010  170.622962   -0.354    0.236  1
RGI60-18.02613     0.24893  -43.618196  170.371753   -0.172    0.196  1
RGI60-18.01041     0.24806  -44.316968  168.731073   -0.199    0.277  1
RGI60-18.02460     0.24766  -43.469180  170.389005   -0.463    0.234  1
RGI60-18.03132     0.24723  -43.287584  170.819126   -0.451    0.273  1
RGI60-18.02453     0.24714  -43.474820  170.166237   -0.270    0.194  1
RGI60-18.00425     0.24677  -44.885199  168.501958   -0.194    0.171  1
RGI60-18.02800     0.24583  -42.987772  171.279158   -0.271    0.339  1
RGI60-18.00272     0.24532  -44.846556  168.018455   -0.799    0.277  1
RGI60-18.02440     0.24515  -43.383517  170.329906   -0.442    0.268  1
RGI60-18.02185     0.24474  -43.403970  170.369053   -0.471    0.222  1
RGI60-18.02557     0.24456  -43.654381  170.150392   -0.259    0.209  1
RGI60-18.02328     0.24413  -43.632339  170.076060   -0.128    0.210  1
RGI60-18.02247     0.24372  -43.628182  170.068291    0.072    0.502  1
RGI60-18.01271     0.24367  -44.268531  168.864678    0.123    0.265  1
RGI60-18.01581     0.24266  -43.775793  169.704301   -0.351    0.276  1
RGI60-18.01597     0.24236  -43.794041  169.741957   -0.118    0.198  1
RGI60-18.01006     0.24082  -44.353543  168.826979   -0.202    0.277  1
RGI60-18.03407     0.24065  -43.112114  170.880435   -0.733    0.320  1
RGI60-18.01062     0.24028  -44.271864  168.496996   -0.195    0.168  1
RGI60-18.01837     0.24028  -43.669935  170.058538   -0.418    0.674  1
RGI60-18.02324     0.23929  -43.445520  170.496031    0.048    0.229  1
RGI60-18.00173     0.23902  -44.558176  168.017203   -0.012    0.242  1
RGI60-18.02517     0.23884  -43.698066  170.248585   -0.035    0.282  1
RGI60-18.01626     0.23664  -43.836952  169.941275   -0.106    0.171  1
RGI60-18.00933     0.23648  -44.568635  168.450484   -0.246    0.199  1
RGI60-18.01623     0.23637  -43.982901  169.886653    0.059    0.215  1
RGI60-18.01829     0.23587  -43.725321  170.022803   -0.250    0.215  1
RGI60-18.01906     0.23541  -43.714096  170.021745   -0.090    0.196  1
RGI60-18.02737     0.23513  -43.062013  171.223001   -0.374    0.295  1
RGI60-18.02555     0.23476  -43.667942  170.296929   -0.295    0.196  1
RGI60-18.00938     0.23246  -44.555028  168.423517    0.229    0.229  1
RGI60-18.01769     0.23246  -43.761152  170.056612   -0.603    0.261  1
RGI60-18.03532     0.23155  -43.399325  170.316938   -0.429    0.235  1
RGI60-18.01657     0.23074  -43.828096  169.674312   -0.148    0.225  1
RGI60-18.01990     0.23056  -43.953939  169.781643   -0.234    0.257  1
RGI60-18.00500     0.23050  -44.668611  168.225295   -0.104    0.363  1
RGI60-18.02351     0.23001  -43.607158  170.034368   -0.055    0.447  1
RGI60-18.00364     0.22979  -44.749488  168.008544   -0.028    0.210  1
RGI60-18.02483     0.22962  -43.524707  170.100888   -0.302    0.204  1
RGI60-18.02155     0.22889  -43.532844  170.578539   -0.276    0.204  1
RGI60-18.03185     0.22885  -43.373445  170.731179   -0.362    0.248  1
RGI60-18.01306     0.22880  -44.207689  168.937577   -0.446    0.248  1
RGI60-18.03306     0.22863  -43.281846  170.557616    0.053    0.199  1
RGI60-18.03151     0.22791  -43.358886  170.722176   -0.173    0.206  1
RGI60-18.02334     0.22753  -43.545657  170.309559   -0.425    0.373  1
RGI60-18.01412     0.22693  -44.135028  168.959726   -0.812    0.359  1
RGI60-18.00534     0.22688  -44.632769  168.419823    0.221    0.222  1
RGI60-18.01025     0.22682  -44.309020  168.869722   -0.244    0.262  1
RGI60-18.03435     0.22605  -44.098976  169.433183    0.015    0.222  1
RGI60-18.00219     0.22561  -44.863539  168.004793   -0.229    0.197  1
RGI60-18.01289     0.22549  -44.220417  168.909690   -0.056    0.278  1
RGI60-18.03228     0.22523  -43.345675  170.591717   -0.423    0.231  1
RGI60-18.00997     0.22512  -44.337861  168.838613    0.065    0.164  1
RGI60-18.00289     0.22499  -44.830437  168.011768   -0.039    0.266  1
RGI60-18.00322     0.22469  -44.796241  167.999481    0.037    0.442  1
RGI60-18.02389     0.22324  -43.551486  170.294249   -0.327    0.221  1
RGI60-18.03363     0.22315  -43.398707  170.710669   -0.813    0.297  1
RGI60-18.02503     0.22282  -43.509918  170.125410   -0.572    0.206  1
RGI60-18.03163     0.22219  -43.209976  170.953231   -0.303    0.331  1
RGI60-18.00846     0.22182  -44.506593  168.344933   -0.041    0.262  1
RGI60-18.00866     0.22145  -44.364408  168.413157   -0.480    0.334  1
RGI60-18.00377     0.22012  -44.749030  168.057612   -0.176    0.231  1
RGI60-18.00517     0.21978  -44.638639  168.575580   -0.362    0.241  1
RGI60-18.01034     0.21970  -44.561934  168.637599   -0.264    0.194  1
RGI60-18.01606     0.21959  -43.787831  169.705910   -0.328    0.241  1
RGI60-18.00486     0.21945  -44.688519  168.240821   -0.190    0.205  1
RGI60-18.02403     0.21877  -43.577273  170.284286   -0.226    0.250  1
RGI60-18.02749     0.21868  -43.034601  171.241401   -0.726    0.433  1
RGI60-18.02806     0.21821  -42.995094  171.276333    0.758    0.494  1
RGI60-18.03195     0.21805  -43.324087  170.815389   -0.364    0.246  1
RGI60-18.00825     0.21792  -44.493926  168.333584   -0.623    0.285  1
RGI60-18.00310     0.21789  -44.822488  167.992588    0.054    0.559  1
RGI60-18.00069     0.21779  -44.701477  168.026529    0.036    0.422  1
RGI60-18.03439     0.21778  -43.671096  169.987271   -0.159    0.167  1
RGI60-18.02149     0.21773  -43.514664  170.583824   -0.312    0.209  1
RGI60-18.02096     0.21749  -43.871654  169.935354    0.009    0.331  1
RGI60-18.00928     0.21731  -44.560478  168.458606    0.118    0.235  1
RGI60-18.01245     0.21678  -43.979572  169.692404   -0.317    0.207  1
RGI60-18.00715     0.21677  -44.464610  168.465117   -0.091    0.230  1
RGI60-18.01059     0.21638  -44.288516  168.504986   -0.625    0.278  1
RGI60-18.02973     0.21636  -43.394421  170.627450   -0.383    0.219  1
RGI60-18.00079     0.21612  -44.791662  168.058597   -0.022    0.454  1
RGI60-18.00318     0.21531  -44.797708  168.045116    0.310    0.468  1
RGI60-18.03170     0.21511  -43.192691  170.893894   -0.492    0.282  1
RGI60-18.02808     0.21421  -42.987608  171.284781    0.243    1.042  1
RGI60-18.00783     0.21287  -44.497843  168.427028   -0.286    0.216  1
RGI60-18.00611     0.21269  -44.531462  168.646350   -0.353    0.270  1
RGI60-18.01567     0.21264  -43.842596  169.871506   10.681    2.751  1
RGI60-18.03180     0.21244  -43.155816  170.919208   -0.503    0.263  1
RGI60-18.02164     0.21213  -43.545209  170.555875   -0.011    0.215  1
RGI60-18.02198     0.21158  -43.435085  170.320481   -0.395    0.258  1
RGI60-18.02180     0.21084  -43.411168  170.542221   -0.535    0.286  1
RGI60-18.01844     0.21079  -43.839673  169.845320   -0.400    0.273  1
RGI60-18.01290     0.21059  -44.221262  168.903770   -0.076    0.244  1
RGI60-18.00294     0.21053  -44.817707  167.909734    0.083    0.204  1
RGI60-18.03456     0.21023  -43.988105  169.560770   -0.588    0.311  1
RGI60-18.01750     0.20982  -43.760501  170.012443   -0.285    0.185  1
RGI60-18.01612     0.20980  -43.770240  169.697529   -0.786    0.381  1
RGI60-18.03295     0.20979  -43.272101  170.738568   -0.487    0.244  1
RGI60-18.01936     0.20933  -43.808045  169.893742   -0.250    0.217  1
RGI60-18.00353     0.20931  -44.775404  167.981700    0.010    0.496  1
RGI60-18.01125     0.20885  -44.095941  169.434196   -0.176    0.248  1
RGI60-18.00494     0.20822  -44.662535  168.549281   -0.486    0.227  1
RGI60-18.00352     0.20802  -44.774364  167.972511   -0.163    0.221  1
RGI60-18.02388     0.20775  -43.556125  170.294173   -0.097    0.257  1
RGI60-18.01637     0.20764  -43.822670  170.031669   -0.370    0.217  1
RGI60-18.01834     0.20751  -43.803846  169.932264    0.072    0.234  1
RGI60-18.03415     0.20722  -43.164634  171.051201   -0.442    0.359  1
RGI60-18.03041     0.20680  -43.342491  170.847273   -0.270    0.260  1
RGI60-18.03357     0.20655  -43.132637  170.926050   -0.426    0.278  1
RGI60-18.01291     0.20653  -44.214908  168.912385   -0.076    0.190  1
RGI60-18.03506     0.20647  -44.099901  169.424216   -0.226    0.271  1
RGI60-18.00231     0.20629  -44.850688  167.725119   -0.283    0.245  1
RGI60-18.00063     0.20595  -44.753164  168.040370   -0.523    0.311  1
RGI60-18.02637     0.20572  -43.570330  170.083339   -0.468    0.250  1
RGI60-18.02177     0.20537  -43.419472  170.287874   -0.169    0.191  1
RGI60-18.01105     0.20509  -44.554737  168.242126   -0.287    0.220  1
RGI60-18.00628     0.20455  -44.541813  168.585980   -0.187    0.182  1
RGI60-18.03353     0.20436  -43.191657  171.088244   -0.243    0.299  1
RGI60-18.01103     0.20435  -44.537856  168.244029   -0.226    0.213  1
RGI60-18.00616     0.20380  -44.509732  168.622776   -0.357    0.230  1
RGI60-18.03177     0.20374  -43.291823  170.629972   -0.257    0.227  1
RGI60-18.01757     0.20321  -43.758407  170.064578   -0.336    0.217  1
RGI60-18.02718     0.20299  -43.082813  171.146476   -0.818    0.443  1
RGI60-18.00052     0.20265  -44.703388  167.769650    1.229    1.276  1
RGI60-18.03101     0.20247  -43.323087  170.789779   -0.317    0.252  1
RGI60-18.02254     0.20244  -43.609294  170.054720   -0.329    0.227  1
RGI60-18.00505     0.20230  -44.684621  168.231363    0.170    0.303  1
RGI60-18.02224     0.20221  -43.643139  170.104447   -0.599    0.245  1
RGI60-18.01238     0.20205  -43.960733  169.692636   -0.073    0.359  1
RGI60-18.01941     0.20203  -43.876777  169.811351   -0.220    0.211  1
RGI60-18.00766     0.20182  -44.387893  168.323365   -0.045    0.205  1
RGI60-18.02402     0.20033  -43.581325  170.279580   -0.349    0.242  1
RGI60-18.00555     0.19983  -44.594731  168.409385   -0.655    0.296  1
RGI60-18.00859     0.19965  -44.371487  168.400603   -0.508    0.267  1
RGI60-18.03219     0.19958  -43.152758  170.873652   -0.619    0.270  1
RGI60-18.00072     0.19933  -44.742615  168.038136   -0.040    0.294  1
RGI60-18.03040     0.19920  -43.353701  170.856986    0.237    0.292  1
RGI60-18.02728     0.19828  -43.091868  171.145054   -0.922    0.359  1
RGI60-18.00144     0.19790  -44.594764  168.005580   -0.646    0.270  1
RGI60-18.02914     0.19781  -43.121057  171.194289   -0.508    0.434  1
RGI60-18.01259     0.19757  -44.241337  168.837474   -0.019    0.243  1
RGI60-18.02515     0.19757  -43.702640  170.245687   -0.156    0.292  1
RGI60-18.02045     0.19668  -43.913743  169.758903   -0.449    0.265  1
RGI60-18.03320     0.19648  -43.244563  170.815286   -0.358    0.241  1
RGI60-18.00961     0.19640  -44.394733  168.684393   -0.359    0.210  1
RGI60-18.00979     0.19632  -44.416344  168.745168   -0.108    0.315  1
RGI60-18.01703     0.19614  -43.750756  169.904283   -0.264    0.210  1
RGI60-18.01952     0.19606  -43.662779  170.092228   -0.399    0.234  1
RGI60-18.03422     0.19597  -43.328996  170.618889   -0.511    0.243  1
RGI60-18.01337     0.19591  -43.850458  169.452419    0.114    0.219  1
RGI60-18.00835     0.19582  -44.511567  168.312883   -0.411    0.241  1
RGI60-18.01140     0.19511  -44.063061  169.515322   -0.613    0.285  1
RGI60-18.02274     0.19486  -43.609756  170.275780   -0.254    0.236  1
RGI60-18.02462     0.19452  -43.503572  170.363287   -0.049    0.423  1
RGI60-18.03335     0.19446  -43.118611  170.874440   -0.242    0.234  1
RGI60-18.01947     0.19440  -43.841562  169.892644   -0.348    0.255  1
RGI60-18.00143     0.19408  -44.603931  168.003176   -0.296    0.321  1
RGI60-18.00741     0.19407  -44.420010  168.641882   -0.179    0.283  1
RGI60-18.02584     0.19383  -43.646262  170.146374   -0.184    0.195  1
RGI60-18.01334     0.19369  -43.860341  169.460690   -0.691    0.322  1
RGI60-18.03052     0.19358  -43.333823  170.887093   -0.033    0.302  1
RGI60-18.00288     0.19341  -44.828702  168.005859   -0.181    0.214  1
RGI60-18.01216     0.19303  -43.962971  169.627573   -0.352    0.239  1
RGI60-18.03416     0.19275  -43.236377  170.887656   -0.730    0.398  1
RGI60-18.00369     0.19260  -44.755334  167.999902   -0.564    0.276  1
RGI60-18.02781     0.19256  -43.010573  171.217327   -0.220    0.258  1
RGI60-18.03045     0.19233  -43.336412  170.843490   -0.027    0.232  1
RGI60-18.01404     0.19227  -44.142491  168.999961   -0.490    0.290  1
RGI60-18.02201     0.19203  -43.421116  170.491853   -0.368    0.256  1
RGI60-18.01987     0.19165  -43.947104  169.777859   -0.230    0.360  1
RGI60-18.01127     0.19148  -44.064811  169.459934   -0.178    0.257  1
RGI60-18.01560     0.19133  -43.776812  170.058520   -0.468    0.231  1
RGI60-18.03452     0.19099  -44.351029  168.437349   -0.129    0.203  1
RGI60-18.03302     0.19050  -43.267664  170.528168   -0.238    0.223  1
RGI60-18.03361     0.19048  -43.112701  170.903571   -0.216    0.279  1
RGI60-18.00506     0.19041  -44.653644  168.209643   -0.058    0.214  1
RGI60-18.02923     0.19019  -43.109861  171.206332   -0.358    0.287  1
RGI60-18.02010     0.18997  -43.781955  169.729350    0.041    0.221  1
RGI60-18.02919     0.18995  -43.114841  171.211946   -0.490    0.331  1
RGI60-18.02552     0.18989  -43.663142  170.301552   -0.282    0.239  1
RGI60-18.01978     0.18963  -43.965088  169.785645    0.041    0.206  1
RGI60-18.01654     0.18937  -43.834398  169.608954   -0.335    0.222  1
RGI60-18.01677     0.18934  -43.771109  170.047982   -0.654    0.286  1
RGI60-18.03420     0.18906  -43.276332  170.648859   -0.059    0.219  1
RGI60-18.02706     0.18859  -43.102698  171.186976   -0.659    0.327  1
RGI60-18.03271     0.18857  -43.316547  170.987397    0.196    0.340  1
RGI60-18.02021     0.18849  -43.935066  169.747098   -0.234    0.256  1
RGI60-18.03533     0.18836  -43.423523  170.356280    0.070    0.234  1
RGI60-18.03380     0.18833  -43.193716  171.054451   -0.592    0.383  1
RGI60-18.00197     0.18809  -44.881690  168.014502   -0.323    0.226  1
RGI60-18.00841     0.18793  -44.466385  168.399696   -0.657    0.261  1
RGI60-18.00826     0.18785  -44.541138  168.282823   -0.092    0.180  1
RGI60-18.01910     0.18725  -43.666907  170.087833   -0.596    0.306  1
RGI60-18.01414     0.18715  -44.140175  169.058908   -0.343    0.324  1
RGI60-18.01944     0.18655  -43.787310  169.957735   -0.029    0.246  1
RGI60-18.01669     0.18634  -43.809496  169.638455   -0.116    0.253  1
RGI60-18.02970     0.18619  -43.388966  170.661602   -0.159    0.301  1
RGI60-18.00812     0.18607  -44.499676  168.420933   -0.560    0.250  1
RGI60-18.03147     0.18567  -43.323459  170.823285   -0.222    0.256  1
RGI60-18.00613     0.18562  -44.527808  168.652562   -0.275    0.230  1
RGI60-18.02802     0.18514  -42.987893  171.261370    0.119    0.358  1
RGI60-18.00603     0.18511  -44.516977  168.652768   -0.028    0.217  1
RGI60-18.00683     0.18503  -44.487053  168.552610    0.101    0.511  1
RGI60-18.02458     0.18502  -43.487551  170.125679   -0.110    0.196  1
RGI60-18.02242     0.18491  -43.449620  170.629718   -0.473    0.244  1
RGI60-18.00885     0.18451  -44.386757  168.611255   -0.528    0.336  1
RGI60-18.00498     0.18443  -44.659668  168.218937   -0.287    0.316  1
RGI60-18.02382     0.18411  -43.425015  170.491186   -0.146    0.251  1
RGI60-18.02887     0.18395  -43.108757  171.094466   -0.584    0.326  1
RGI60-18.03535     0.18351  -43.440046  170.350669   -0.132    0.310  1
RGI60-18.01299     0.18313  -44.213401  168.884801   -0.065    0.252  1
RGI60-18.02062     0.18293  -43.884292  169.847138   -0.210    0.254  1
RGI60-18.02081     0.18188  -43.891421  170.023277   -0.468    0.261  1
RGI60-18.03462     0.18156  -43.007411  171.220290   -0.317    0.263  1
RGI60-18.02148     0.18141  -43.535216  170.573783   -0.358    0.236  1
RGI60-18.01846     0.18118  -43.835239  169.842994   -0.098    0.241  1
RGI60-18.03469     0.18066  -43.151283  170.916117   -0.073    0.255  1
RGI60-18.00663     0.18063  -44.430359  168.622494   -0.152    0.307  1
RGI60-18.01060     0.18061  -44.286774  168.493568   -0.505    0.238  1
RGI60-18.03491     0.18044  -43.908161  169.761486   -0.266    0.209  1
RGI60-18.01400     0.18029  -44.145870  169.095992    0.051    0.333  1
RGI60-18.03084     0.18026  -43.349514  170.677123   -0.010    0.327  1
RGI60-18.02234     0.18007  -43.443713  170.649627   -0.231    0.239  1
RGI60-18.03362     0.17995  -43.132804  170.933684   -0.098    0.291  1
RGI60-18.00180     0.17992  -44.559955  168.002693    0.098    0.372  1
RGI60-18.03412     0.17989  -42.993675  171.282926   -0.001    0.471  1
RGI60-18.01275     0.17979  -44.217708  168.905711    1.671    0.751  1
RGI60-18.02482     0.17970  -43.433008  170.327318   -0.744    0.295  1
RGI60-18.00067     0.17960  -44.728076  168.024376    0.227    0.260  1
RGI60-18.02172     0.17954  -43.480668  170.550257   -0.369    0.225  1
RGI60-18.03204     0.17952  -43.255457  170.867168   -0.322    0.301  1
RGI60-18.01704     0.17912  -43.769496  169.861668   -0.350    0.234  1
RGI60-18.00857     0.17872  -44.381956  168.524330   -0.145    0.193  1
RGI60-18.01325     0.17839  -43.865259  169.451465   -0.463    0.288  1
RGI60-18.03025     0.17830  -43.346250  170.778406   -0.405    0.257  1
RGI60-18.00321     0.17822  -44.792040  168.002180   -0.004    0.338  1
RGI60-18.02662     0.17777  -43.563124  170.406806   -0.107    0.206  1
RGI60-18.01067     0.17769  -44.543167  168.330798   -0.071    0.481  1
RGI60-18.03223     0.17761  -43.335590  170.586189   -0.072    0.255  1
RGI60-18.01873     0.17666  -43.868210  169.819420   -1.208    0.364  1
RGI60-18.03418     0.17659  -43.312592  170.800847   -0.329    0.272  1
RGI60-18.03139     0.17636  -43.280165  170.841255   -0.484    0.358  1
RGI60-18.03296     0.17598  -43.401778  170.627456   -0.231    0.244  1
RGI60-18.02533     0.17595  -43.679497  170.250017   -0.237    0.219  1
RGI60-18.00083     0.17488  -44.742747  168.046315    0.050    0.320  1
RGI60-18.00372     0.17415  -44.752665  167.973597    0.069    0.220  1
RGI60-18.02627     0.17415  -43.586603  170.400161   -0.057    0.333  1
RGI60-18.03263     0.17343  -43.363664  170.974027   -0.746    0.411  1
RGI60-18.03371     0.17316  -43.194031  171.045360   -0.523    0.303  1
RGI60-18.01071     0.17314  -44.226820  168.733427    0.390    0.385  1
RGI60-18.02344     0.17293  -43.428628  170.503569   -0.363    0.220  1
RGI60-18.01039     0.17275  -44.323523  168.725098   -0.152    0.419  1
RGI60-18.00136     0.17223  -44.638933  168.024654   -0.147    0.428  1
RGI60-18.02952     0.17219  -43.049835  170.966903   -0.447    0.308  1
RGI60-18.03485     0.17168  -43.830882  169.953477   -0.268    0.253  1
RGI60-18.01470     0.17141  -44.230688  168.901027   -0.260    0.273  1
RGI60-18.01867     0.17104  -43.777084  169.925844   -0.346    0.238  1
RGI60-18.02075     0.17088  -43.903243  169.772657   -0.227    0.253  1
RGI60-18.01356     0.17040  -44.164420  168.892656   -0.570    0.321  1
RGI60-18.03068     0.17016  -43.283981  170.785278   -0.422    0.311  1
RGI60-18.01768     0.16963  -43.774638  170.013048   -0.447    0.296  1
RGI60-18.01008     0.16953  -44.380927  168.783211   -0.051    0.258  1
RGI60-18.03455     0.16937  -44.077372  169.447541   -0.175    0.219  1
RGI60-18.02239     0.16936  -43.506632  170.157235   -0.348    0.226  1
RGI60-18.00502     0.16914  -44.660075  168.214202   -0.002    0.298  1
RGI60-18.01911     0.16888  -43.669895  170.067786   -0.257    0.281  1
RGI60-18.01026     0.16876  -44.311625  168.881189   -0.111    0.370  1
RGI60-18.01639     0.16865  -43.832064  170.025930   -0.134    0.198  1
RGI60-18.02788     0.16855  -43.008343  171.228460   -0.520    0.405  1
RGI60-18.02490     0.16854  -43.544879  170.359631   -0.042    0.300  1
RGI60-18.01141     0.16817  -44.056739  169.515738   -0.259    0.277  1
RGI60-18.00370     0.16805  -44.752419  168.005299   -0.252    0.235  1
RGI60-18.01058     0.16755  -44.289216  168.498842   -0.229    0.245  1
RGI60-18.00664     0.16733  -44.427493  168.613503   -0.075    0.277  1
RGI60-18.02629     0.16707  -43.586703  170.406822   -0.353    0.365  1
RGI60-18.02551     0.16680  -43.659825  170.306652   -0.223    0.225  1
RGI60-18.02381     0.16661  -43.427578  170.487940   -0.332    0.271  1
RGI60-18.01106     0.16630  -44.550244  168.240291   -0.373    0.247  1
RGI60-18.03235     0.16630  -43.320113  170.849070   -0.311    0.267  1
RGI60-18.03413     0.16622  -43.089458  171.149251   -0.718    0.371  1
RGI60-18.01651     0.16579  -43.832326  169.603323   -0.194    0.214  1
RGI60-18.03071     0.16552  -43.359733  170.663850   -0.212    0.253  1
RGI60-18.02809     0.16550  -42.982807  171.285831   -0.848    0.418  1
RGI60-18.00695     0.16526  -44.489588  168.465884   -0.532    0.259  1
RGI60-18.02156     0.16521  -43.526376  170.582712   -0.235    0.262  1
RGI60-18.01912     0.16505  -43.767165  169.955566   -0.095    0.205  1
RGI60-18.00970     0.16504  -44.354818  168.821194   -0.029    0.234  1
RGI60-18.02754     0.16497  -43.125736  171.124739   -0.613    0.386  1
RGI60-18.01262     0.16490  -44.211616  168.924417    0.061    0.268  1
RGI60-18.03197     0.16454  -43.289505  170.636584    0.123    0.252  1
RGI60-18.00956     0.16447  -44.459104  168.703387   -0.262    0.224  1
RGI60-18.02787     0.16442  -43.006794  171.211409   -0.176    0.265  1
RGI60-18.02850     0.16438  -42.967773  171.388037    0.697    0.397  1
RGI60-18.03505     0.16399  -44.090482  169.435382    0.262    0.286  1
RGI60-18.01935     0.16391  -43.675786  169.939129   -0.378    0.242  1
RGI60-18.01676     0.16367  -43.768752  169.708781    0.145    0.269  1
RGI60-18.02790     0.16354  -43.005278  171.419856    0.062    0.319  1
RGI60-18.03483     0.16349  -43.657590  170.095516   -0.602    0.318  1
RGI60-18.03343     0.16347  -43.218897  171.010405   -0.704    0.341  1
RGI60-18.01817     0.16345  -43.710004  170.029254   -0.123    0.270  1
RGI60-18.00662     0.16301  -44.432448  168.618120   -0.011    0.436  1
RGI60-18.01656     0.16295  -43.833717  169.682928   -0.282    0.251  1
RGI60-18.00890     0.16292  -44.368867  168.578873   -0.065    0.256  1
RGI60-18.02650     0.16291  -43.580670  170.408614    0.019    0.340  1
RGI60-18.01210     0.16277  -43.977825  169.620780   -0.269    0.260  1
RGI60-18.02817     0.16275  -42.956490  171.308256   -0.674    0.485  1
RGI60-18.02226     0.16270  -43.391084  170.323363   -0.323    0.235  1
RGI60-18.02203     0.16233  -43.480486  170.328410   -0.242    0.263  1
RGI60-18.00132     0.16198  -44.632330  168.034994   -0.042    0.556  1
RGI60-18.02013     0.16184  -43.938304  169.794240   -0.135    0.279  1
RGI60-18.00338     0.16182  -44.788949  168.040618   -1.209    0.673  1
RGI60-18.02553     0.16150  -43.672705  170.294234   -0.448    0.267  1
RGI60-18.00476     0.16059  -44.734298  168.530592   -0.024    0.192  1
RGI60-18.02881     0.16052  -43.115495  171.111368   -0.505    0.358  1
RGI60-18.03513     0.15903  -44.381395  168.602760   -0.389    0.296  1
RGI60-18.00158     0.15896  -44.568206  168.056735    0.154    0.364  1
RGI60-18.02309     0.15874  -43.574356  170.295404   -0.568    0.752  1
RGI60-18.03475     0.15858  -43.469856  170.147538   -0.591    0.315  1
RGI60-18.01701     0.15840  -43.746762  169.869958   -0.025    0.307  1
RGI60-18.00629     0.15779  -44.541831  168.578749   -0.053    0.172  1
RGI60-18.03186     0.15777  -43.324361  170.810896   -0.303    0.271  1
RGI60-18.01023     0.15774  -44.346765  168.835301    0.069    0.795  1
RGI60-18.02181     0.15764  -43.410703  170.626861   -0.225    0.233  1
RGI60-18.02906     0.15761  -42.898724  171.494269   -0.201    0.274  1
RGI60-18.02487     0.15705  -43.569739  170.341834   -0.104    0.201  1
RGI60-18.02608     0.15536  -43.600197  170.404023   -0.029    0.292  1
RGI60-18.00446     0.15523  -44.830942  168.289103    0.082    0.229  1
RGI60-18.00172     0.15462  -44.583065  168.044906    0.012    0.278  1
RGI60-18.02477     0.15442  -43.392365  170.541896   -0.624    0.265  1
RGI60-18.00239     0.15438  -44.844032  167.717165   -0.516    0.299  1
RGI60-18.03172     0.15434  -43.252258  170.928374   -0.315    0.274  1
RGI60-18.02266     0.15381  -43.427262  170.604981   -0.531    0.266  1
RGI60-18.02596     0.15374  -43.453559  170.206434   -0.061    0.191  1
RGI60-18.00504     0.15337  -44.674007  168.230903   -0.216    0.384  1
RGI60-18.02219     0.15322  -43.462692  170.432621   -0.014    0.322  1
RGI60-18.02419     0.15320  -43.431751  170.540944   -0.150    0.238  1
RGI60-18.00165     0.15294  -44.557252  168.010388    0.076    0.282  1
RGI60-18.01579     0.15253  -43.780460  169.713401   -0.203    0.332  1
RGI60-18.00220     0.15241  -44.857739  168.006736   -0.298    0.236  1
RGI60-18.01500     0.15218  -44.073790  169.672084   -0.536    0.284  1
RGI60-18.02414     0.15179  -43.433213  170.467499   -0.178    0.296  1
RGI60-18.02384     0.15175  -43.443831  170.358614   -0.304    0.235  1
RGI60-18.00019     0.15167  -39.260643  175.585199   -0.073    0.222  1
RGI60-18.01326     0.15108  -43.866905  169.456817   -0.757    0.358  1
RGI60-18.00086     0.15099  -44.768882  168.037931   -0.136    0.430  1
RGI60-18.00525     0.15091  -44.611143  168.262530   -0.063    0.182  1
RGI60-18.02195     0.15084  -43.448050  170.641524   -0.019    0.236  1
RGI60-18.01621     0.15055  -43.986788  169.894097    0.188    0.452  1
RGI60-18.00450     0.15045  -44.815111  168.285774   -0.217    0.218  1
RGI60-18.03199     0.15041  -43.363061  170.657542   -0.204    0.233  1
RGI60-18.02615     0.15023  -43.609395  170.371214   -0.275    0.200  1
RGI60-18.01943     0.15013  -43.873557  169.818862   -0.487    0.325  1
RGI60-18.02857     0.14948  -42.948689  171.398037   -0.258    0.333  1
RGI60-18.02910     0.14926  -42.889964  171.526060   -0.225    0.253  1
RGI60-18.00709     0.14897  -44.460043  168.629733    0.023    0.213  1
RGI60-18.02673     0.14895  -43.538882  170.099150    0.138    0.241  1
RGI60-18.01710     0.14894  -43.772413  169.855873   -0.327    0.249  1
RGI60-18.00490     0.14885  -44.539917  168.544206    0.037    0.217  1
RGI60-18.01197     0.14837  -43.995789  169.538577   -0.198    0.200  1
RGI60-18.03107     0.14785  -43.163680  170.882477   -0.302    0.242  1
RGI60-18.02757     0.14764  -43.120360  171.120442   -0.414    0.296  1
RGI60-18.03196     0.14706  -43.290238  170.736898   -0.122    0.275  1
RGI60-18.02358     0.14684  -43.392829  170.296296   -0.054    0.227  1
RGI60-18.01533     0.14684  -44.006442  169.507565   -0.149    0.198  1
RGI60-18.02208     0.14674  -43.455832  170.342928    0.120    0.237  1
RGI60-18.00873     0.14671  -44.369635  168.587502   -0.186    0.273  1
RGI60-18.02253     0.14664  -43.608512  170.049432    0.199    0.400  1
RGI60-18.03492     0.14657  -43.747171  169.815237   -0.218    0.278  1
RGI60-18.02916     0.14607  -43.125415  171.186487    0.046    0.295  1
RGI60-18.02888     0.14590  -42.918195  171.521361   -0.590    0.374  1
RGI60-18.01754     0.14586  -43.736545  170.064644   -0.284    0.243  1
RGI60-18.02963     0.14579  -43.447987  170.770008   -0.136    0.286  1
RGI60-18.00184     0.14519  -44.561605  167.983424   -0.011    0.304  1
RGI60-18.01073     0.14456  -44.967652  168.152351    0.115    0.253  1
RGI60-18.03421     0.14455  -43.318003  170.616417   -0.622    0.318  1
RGI60-18.00168     0.14450  -44.544280  168.012195    0.239    0.314  1
RGI60-18.01365     0.14442  -44.169703  168.824126   -0.531    0.304  1
RGI60-18.00902     0.14428  -44.350349  168.624755   -0.293    0.248  1
RGI60-18.00484     0.14426  -44.701786  168.238061    0.118    0.256  1
RGI60-18.00732     0.14397  -44.420194  168.434939   -0.311    0.214  1
RGI60-18.01925     0.14375  -43.836590  169.891712   -0.045    0.249  1
RGI60-18.03027     0.14369  -43.339753  170.780930   -0.244    0.252  1
RGI60-18.03490     0.14366  -43.881075  169.796467   -0.197    0.305  1
RGI60-18.00204     0.14333  -44.877799  167.923202    0.289    0.261  1
RGI60-18.01926     0.14328  -43.739766  169.977850   -0.192    0.280  1
RGI60-18.01301     0.14316  -44.217082  168.816581   -0.448    0.249  1
RGI60-18.00025     0.14301  -44.735853  168.069119   -0.182    0.347  1
RGI60-18.02713     0.14288  -43.077870  171.202363   -0.690    0.416  1
RGI60-18.00817     0.14233  -44.438275  168.393936   -0.247    0.366  1
RGI60-18.03511     0.14217  -44.217561  168.822635   -0.303    0.262  1
RGI60-18.00705     0.14206  -44.491417  168.557983   -0.095    0.416  1
RGI60-18.02886     0.14200  -43.110690  171.098930   -0.251    0.347  1
RGI60-18.03205     0.14195  -43.359888  170.669439   -0.191    0.279  1
RGI60-18.03368     0.14188  -43.181228  170.756334   -0.191    0.234  1
RGI60-18.02936     0.14166  -43.104060  171.084081   -0.546    0.384  1
RGI60-18.00332     0.14157  -44.786032  167.959825   -0.133    0.240  1
RGI60-18.00479     0.14097  -44.725774  168.541408   -0.202    0.208  1
RGI60-18.02876     0.14076  -42.919174  171.371206   -0.473    0.356  1
RGI60-18.02705     0.14049  -43.102677  171.093356   -0.482    0.285  1
RGI60-18.01379     0.14044  -44.249843  168.869766   -0.473    0.320  1
RGI60-18.01440     0.13987  -44.122790  169.038216   -0.507    0.326  1
RGI60-18.00650     0.13956  -44.431558  168.298560   -0.260    0.263  1
RGI60-18.00647     0.13954  -44.431416  168.408636   -0.336    0.302  1
RGI60-18.01965     0.13952  -43.782156  169.932904    0.286    0.283  1
RGI60-18.03489     0.13951  -43.882838  169.809511   -0.124    0.247  1
RGI60-18.00073     0.13923  -44.759713  168.051009   -0.224    0.277  1
RGI60-18.01373     0.13906  -44.158663  168.983709    0.058    0.278  1
RGI60-18.02656     0.13902  -43.566184  170.415306   -0.231    0.246  1
RGI60-18.02594     0.13892  -43.600937  170.000413    0.003    0.418  1
RGI60-18.02262     0.13882  -43.598640  170.028914    0.194    0.521  1
RGI60-18.00839     0.13856  -44.537384  168.290212   -0.340    0.252  1
RGI60-18.03285     0.13850  -43.321736  170.970197   -0.543    0.414  1
RGI60-18.03261     0.13798  -43.375094  170.960599   -0.198    0.346  1
RGI60-18.01807     0.13796  -43.833047  169.896680   -0.171    0.248  1
RGI60-18.02510     0.13769  -43.705071  170.261285   -0.203    0.235  1
RGI60-18.00756     0.13768  -44.409828  168.881555   -0.473    0.286  1
RGI60-18.00831     0.13742  -44.500331  168.333784   -0.069    0.280  1
RGI60-18.00311     0.13720  -44.798657  168.054177   -0.542    0.286  1
RGI60-18.03173     0.13715  -43.320935  170.757456   -0.162    0.328  1
RGI60-18.00367     0.13713  -44.747339  167.984100   -0.145    0.294  1
RGI60-18.01112     0.13659  -44.075987  169.681706   -0.225    0.378  1
RGI60-18.01438     0.13648  -44.119142  169.040272    0.023    0.285  1
RGI60-18.02647     0.13610  -43.571688  170.404474   -0.114    0.243  1
RGI60-18.03061     0.13598  -43.319153  170.825593   -0.256    0.278  1
RGI60-18.00932     0.13588  -44.557137  168.421883   -0.068    0.194  1
RGI60-18.00522     0.13559  -44.639546  168.555255   -0.403    0.278  1
RGI60-18.03319     0.13536  -43.249443  170.801730   -0.533    0.304  1
RGI60-18.01634     0.13482  -43.831871  170.033215   -0.208    0.250  1
RGI60-18.01280     0.13466  -44.221680  168.897621   -0.089    0.259  1
RGI60-18.01842     0.13403  -43.843692  169.848856   -0.106    0.257  1
RGI60-18.03381     0.13385  -43.181723  171.020530   -1.062    0.598  1
RGI60-18.00700     0.13375  -44.494723  168.552966   -0.074    0.363  1
RGI60-18.03327     0.13373  -43.238889  170.838082    0.087    0.301  1
RGI60-18.01923     0.13363  -43.784219  169.913538   -0.022    0.226  1
RGI60-18.02885     0.13336  -43.120423  171.110211    0.204    0.404  1
RGI60-18.02237     0.13319  -43.635900  170.063970   -0.396    0.312  1
RGI60-18.00880     0.13300  -44.375825  168.556922   -0.188    0.213  1
RGI60-18.03473     0.13261  -43.459171  170.301250   -0.734    0.851  1
RGI60-18.02807     0.13183  -42.978374  171.280582   -0.756    0.428  1
RGI60-18.01679     0.13169  -43.768478  170.058387   -0.420    0.311  1
RGI60-18.00316     0.13164  -44.788773  167.827570   -0.086    0.310  1
RGI60-18.00969     0.13151  -44.361968  168.820812    0.074    0.309  1
RGI60-18.01655     0.13086  -43.825405  169.663026   -0.061    0.173  1
RGI60-18.00696     0.13066  -44.443953  168.528264   -0.140    0.463  1
RGI60-18.01600     0.13056  -43.793355  169.753827   -0.311    0.303  1
RGI60-18.02668     0.13031  -43.446608  170.405254   -0.090    0.226  1
RGI60-18.00779     0.13004  -44.504763  168.307813   -0.328    0.200  1
RGI60-18.02367     0.12979  -43.473692  170.403920   -0.206    0.262  1
RGI60-18.02154     0.12968  -43.555517  170.554139   -0.212    0.242  1
RGI60-18.00501     0.12944  -44.665894  168.216363   -0.051    0.467  1
RGI60-18.03109     0.12926  -43.157187  170.936903   -0.093    0.386  1
RGI60-18.03429     0.12918  -43.436947  170.354958   -0.306    0.332  1
RGI60-18.03461     0.12914  -43.006990  171.241660   -0.189    0.298  1
RGI60-18.01724     0.12882  -43.752052  169.893861   -0.317    0.292  1
RGI60-18.00371     0.12845  -44.754119  167.994867   -0.539    0.309  1
RGI60-18.00163     0.12844  -44.569979  168.014122    0.329    0.445  1
RGI60-18.01165     0.12841  -44.005299  169.528574   -0.093    0.230  1
RGI60-18.01572     0.12798  -43.839275  170.023392   -0.330    0.261  1
RGI60-18.01355     0.12778  -44.164264  168.884984   -0.192    0.245  1
RGI60-18.01900     0.12770  -43.648776  170.089027   -0.288    0.284  1
RGI60-18.00189     0.12764  -44.544903  168.029632   -0.140    0.297  1
RGI60-18.03382     0.12738  -43.176789  171.026247   -1.397    0.495  1
RGI60-18.00190     0.12728  -44.540719  168.028656    0.027    0.385  1
RGI60-18.02068     0.12682  -43.895673  169.775255   -0.102    0.252  1
RGI60-18.00520     0.12630  -44.631333  168.560844    0.086    0.227  1
RGI60-18.03043     0.12627  -43.337383  170.849138   -0.043    0.312  1
RGI60-18.00803     0.12617  -44.532664  168.325134   -0.104    1.074  1
RGI60-18.02768     0.12601  -43.018719  171.427798   -0.032    0.352  1
RGI60-18.01139     0.12598  -44.056670  169.509152   -0.238    0.276  1
RGI60-18.02892     0.12593  -42.904570  171.505190   -0.410    0.325  1
RGI60-18.01134     0.12545  -44.058963  169.565385   -0.441    0.293  1
RGI60-18.02773     0.12493  -43.008213  171.365237   -0.640    0.423  1
RGI60-18.00182     0.12470  -44.551952  168.008884   -0.076    0.263  1
RGI60-18.01411     0.12468  -44.139597  168.959990   -0.239    0.216  1
RGI60-18.03433     0.12468  -44.034774  169.585357   -0.499    0.329  1
RGI60-18.01267     0.12464  -44.247467  168.855626   -0.389    0.343  1
RGI60-18.03494     0.12456  -43.703542  170.005642   -0.254    0.228  1
RGI60-18.00877     0.12446  -44.398397  168.626934   -0.342    0.235  1
RGI60-18.00365     0.12439  -44.740467  167.993238    0.143    0.279  1
RGI60-18.01016     0.12434  -44.471625  168.721700   -0.250    0.252  1
RGI60-18.02771     0.12427  -43.014538  171.417295   -0.057    0.360  1
RGI60-18.03308     0.12421  -43.259545  170.515632    0.006    0.247  1
RGI60-18.03214     0.12420  -43.345182  170.680795   -0.209    0.492  1
RGI60-18.02883     0.12395  -43.115946  171.105628   -0.417    0.339  1
RGI60-18.03424     0.12371  -43.391499  170.625302   -0.430    0.246  1
RGI60-18.02567     0.12368  -43.643998  170.044906   -0.136    0.193  1
RGI60-18.02901     0.12367  -42.914129  171.478206   -0.277    0.308  1
RGI60-18.02056     0.12362  -43.903621  170.020363   -0.168    0.224  1
RGI60-18.03408     0.12326  -43.105928  170.875490   -0.243    0.271  1
RGI60-18.01305     0.12304  -44.272792  168.859145   -0.180    0.359  1
RGI60-18.03294     0.12288  -43.272535  170.744001   -0.328    0.257  1
RGI60-18.02232     0.12284  -43.476077  170.558737   -0.242    0.234  1
RGI60-18.00537     0.12280  -44.648785  168.389057   -0.169    0.224  1
RGI60-18.01279     0.12262  -44.207290  168.928725   -0.147    0.351  1
RGI60-18.02792     0.12252  -42.995008  171.410334   -0.385    0.342  1
RGI60-18.00217     0.12232  -44.851994  167.786418   -0.021    0.248  1
RGI60-18.02644     0.12223  -43.571048  170.534093   -0.078    0.207  1
RGI60-18.01954     0.12204  -43.683663  169.956976   -0.625    0.288  1
RGI60-18.01624     0.12170  -43.980441  169.877973   -0.286    0.264  1
RGI60-18.02575     0.12168  -43.636263  170.343027   -0.551    0.351  1
RGI60-18.02097     0.12160  -43.877081  169.926913   -0.094    0.214  1
RGI60-18.02454     0.12119  -43.470526  170.170027   -0.388    0.271  1
RGI60-18.03225     0.12113  -43.334893  170.581367   -0.349    0.249  1
RGI60-18.01974     0.12104  -43.947691  169.791985   -0.287    0.263  1
RGI60-18.00041     0.12104  -44.721587  167.725126   -0.260    0.411  1
RGI60-18.00677     0.12083  -44.442451  168.561761   -0.150    0.255  1
RGI60-18.00549     0.12047  -44.605961  168.582749   -0.531    0.288  1
RGI60-18.00420     0.12040  -44.880058  168.190149   -0.031    0.334  1
RGI60-18.02601     0.12035  -43.596577  169.965528   -0.040    0.230  1
RGI60-18.00649     0.12003  -44.428017  168.292232    0.116    0.249  1
RGI60-18.01050     0.11999  -44.293304  168.445121   -0.104    0.195  1
RGI60-18.03375     0.11981  -43.182955  171.012857   -0.357    0.374  1
RGI60-18.00385     0.11979  -44.731769  168.084128    0.094    0.324  1
RGI60-18.00059     0.11965  -44.723474  168.021741   -0.241    0.237  1
RGI60-18.00308     0.11927  -44.818188  167.990794    0.281    0.422  1
RGI60-18.00193     0.11900  -44.534503  168.013652    0.259    0.290  1
RGI60-18.02950     0.11887  -43.081060  170.924738   -0.159    0.259  1
RGI60-18.00259     0.11872  -44.825479  167.737332   -0.462    0.403  1
RGI60-18.03258     0.11863  -43.345800  171.020639   -0.398    0.408  1
RGI60-18.02359     0.11842  -43.428125  170.596555   -0.290    0.324  1
RGI60-18.01148     0.11837  -44.040668  169.721571   -0.391    0.293  1
RGI60-18.01821     0.11833  -43.825618  169.896563   -0.154    0.280  1
RGI60-18.03259     0.11830  -43.300813  170.996048   -0.713    0.464  1
RGI60-18.03529     0.11806  -44.541195  168.286894   -0.029    0.225  1
RGI60-18.03441     0.11761  -44.068899  169.512306   -0.626    0.391  1
RGI60-18.01538     0.11754  -43.979365  169.771285   -0.136    0.345  1
RGI60-18.03165     0.11742  -43.146625  170.866758   -0.304    0.315  1
RGI60-18.03454     0.11727  -44.145349  169.064529   -0.240    0.385  1
RGI60-18.01113     0.11722  -44.065705  169.677268   -0.950    0.496  1
RGI60-18.02135     0.11720  -43.530375  170.570743   -0.190    0.234  1
RGI60-18.02921     0.11715  -43.106193  171.199437   -0.691    0.429  1
RGI60-18.02918     0.11712  -43.121504  171.206331   -0.477    0.384  1
RGI60-18.02074     0.11705  -43.905693  169.783004   -0.231    0.256  1
RGI60-18.03313     0.11692  -43.135694  170.943439    0.115    0.303  1
RGI60-18.02752     0.11671  -43.040271  171.239281   -0.386    0.379  1
RGI60-18.02734     0.11608  -43.069257  171.222536   -0.804    0.512  1
RGI60-18.01808     0.11551  -43.820171  169.879743   -0.145    0.465  1
RGI60-18.00240     0.11550  -44.842528  167.711066   -0.479    0.401  1
RGI60-18.00960     0.11521  -44.397304  168.688486   -0.288    0.232  1
RGI60-18.02543     0.11513  -43.665001  170.333452   -0.165    0.224  1
RGI60-18.01545     0.11492  -43.868580  170.023152   -0.250    0.273  1
RGI60-18.02406     0.11488  -43.421301  170.556351   -0.309    0.286  1
RGI60-18.02131     0.11465  -43.498796  170.573511   -0.142    0.207  1
RGI60-18.02395     0.11453  -43.455156  170.584611   -0.247    0.259  1
RGI60-18.01756     0.11447  -43.770329  170.021415   -0.208    0.287  1
RGI60-18.03231     0.11434  -43.320463  170.602524    0.074    0.240  1
RGI60-18.02937     0.11413  -43.453024  170.773865   -0.016    0.253  1
RGI60-18.03298     0.11407  -43.282342  170.639628   -0.801    0.359  1
RGI60-18.02058     0.11398  -43.892220  170.062432   -0.203    0.226  1
RGI60-18.00255     0.11382  -44.693200  168.083965    0.234    0.296  1
RGI60-18.02196     0.11375  -43.443188  170.640238   -0.141    0.251  1
RGI60-18.02751     0.11370  -43.041068  171.235030   -0.532    0.393  1
RGI60-18.00279     0.11366  -44.837277  168.018852   -0.127    0.294  1
RGI60-18.01536     0.11340  -43.985653  169.753609   -0.245    0.227  1
RGI60-18.03531     0.11307  -43.395503  170.314384   -0.268    0.264  1
RGI60-18.03277     0.11287  -43.341741  171.032982   -0.414    0.408  1
RGI60-18.00065     0.11252  -44.696643  168.032973   -0.040    0.403  1
RGI60-18.03290     0.11249  -43.295925  170.698158   -0.403    0.320  1
RGI60-18.00690     0.11224  -44.441000  168.642862    0.028    0.283  1
RGI60-18.02703     0.11209  -43.425138  170.641524   -0.118    0.275  1
RGI60-18.01214     0.11177  -43.966178  169.629954   -0.505    0.270  1
RGI60-18.00787     0.11169  -44.424726  168.427055   -0.630    0.308  1
RGI60-18.00678     0.11168  -44.436842  168.561523   -0.270    0.236  1
RGI60-18.01779     0.11130  -43.714422  170.009623   -0.282    0.231  1
RGI60-18.00462     0.11117  -44.772931  168.240033    0.257    0.256  1
RGI60-18.03536     0.11102  -43.410551  170.364038   -0.414    0.283  1
RGI60-18.02140     0.11035  -43.544375  170.549386    0.037    0.257  1
RGI60-18.03431     0.11035  -43.380038  170.332985   -0.116    0.250  1
RGI60-18.01738     0.11027  -43.808240  170.040431   -0.368    0.235  1
RGI60-18.02862     0.11017  -42.937829  171.393782    1.197    0.780  1
RGI60-18.03519     0.11012  -44.560884  168.018831   -0.098    0.258  1
RGI60-18.03458     0.10998  -43.434538  170.616929   -0.317    0.350  1
RGI60-18.01434     0.10970  -44.140430  169.621930   -0.227    0.566  1
RGI60-18.00545     0.10953  -44.621148  168.404048   -0.062    0.296  1
RGI60-18.00976     0.10948  -44.331114  168.789460   -0.028    0.439  1
RGI60-18.03004     0.10936  -43.378069  170.652106    0.024    0.245  1
RGI60-18.01338     0.10934  -43.839600  169.488124    0.060    0.282  1
RGI60-18.03520     0.10906  -44.763281  168.083124   -0.094    0.252  1
RGI60-18.00643     0.10881  -44.441812  168.538665   -0.417    0.381  1
RGI60-18.01178     0.10877  -44.293196  168.845150   -0.012    0.284  1
RGI60-18.01046     0.10873  -44.291457  168.477066   -0.562    0.306  1
RGI60-18.02469     0.10866  -43.484493  170.329981   -0.330    0.247  1
RGI60-18.00235     0.10858  -44.848368  167.711910   -0.426    0.352  1
RGI60-18.01037     0.10851  -44.309839  168.733969   -0.066    0.450  1
RGI60-18.00713     0.10844  -44.450831  168.632940   -0.461    0.276  1
RGI60-18.00566     0.10826  -44.577370  168.239390   -0.129    0.321  1
RGI60-18.03367     0.10804  -43.183459  170.765271   -0.302    0.302  1
RGI60-18.01154     0.10795  -44.036926  169.692375   -0.251    0.206  1
RGI60-18.02048     0.10790  -43.919395  169.758301   -0.289    0.260  1
RGI60-18.02759     0.10787  -43.041814  171.406213   -0.323    0.388  1
RGI60-18.01149     0.10779  -44.005361  169.144074   -0.765    0.458  1
RGI60-18.03442     0.10766  -43.961394  169.701186   -0.250    0.383  1
RGI60-18.01077     0.10758  -45.017668  168.132459   -0.025    0.345  1
RGI60-18.02550     0.10726  -43.677320  170.290564   -0.146    0.265  1
RGI60-18.03464     0.10714  -43.110575  171.212761   -0.744    0.501  1
RGI60-18.03341     0.10695  -43.219266  170.987466   -0.485    0.346  1
RGI60-18.00100     0.10691  -44.936020  167.743120    0.019    0.242  1
RGI60-18.03057     0.10669  -43.329591  170.904433   -0.189    0.318  1
RGI60-18.00191     0.10663  -44.543896  168.036370   -0.020    0.290  1
RGI60-18.01234     0.10653  -43.977873  169.700769   -0.618    0.363  1
RGI60-18.01133     0.10621  -44.061298  169.572192   -0.365    0.271  1
RGI60-18.03032     0.10616  -43.351003  170.838742   -0.144    0.332  1
RGI60-18.01322     0.10610  -43.876214  169.457187   -0.101    0.317  1
RGI60-18.01401     0.10607  -44.146794  169.091842    0.416    0.416  1
RGI60-18.01627     0.10604  -43.823273  169.960746   -0.234    0.334  1
RGI60-18.02162     0.10603  -43.479704  170.621211   -0.060    0.286  1
RGI60-18.01297     0.10594  -44.221944  168.832346   -0.142    0.366  1
RGI60-18.01146     0.10574  -44.046932  169.576035   -0.214    0.275  1
RGI60-18.02722     0.10546  -43.080156  171.173536   -0.932    0.531  1
RGI60-18.02682     0.10526  -43.506789  170.551017   -0.130    0.210  1
RGI60-18.00952     0.10515  -44.406556  168.750749   -0.137    0.319  1
RGI60-18.00528     0.10510  -44.609933  168.569573   -0.271    0.283  1
RGI60-18.02848     0.10459  -42.952862  171.409860   -0.105    0.367  1
RGI60-18.03056     0.10423  -43.332630  170.907752   -0.216    0.283  1
RGI60-18.00990     0.10408  -44.476315  168.702073   -0.285    0.252  1
RGI60-18.02715     0.10380  -43.082394  171.130213   -0.820    0.434  1
RGI60-18.02186     0.10362  -43.400520  170.376677   -0.286    0.243  1
RGI60-18.03384     0.10358  -43.173104  171.038403   -0.844    0.479  1
RGI60-18.01540     0.10349  -43.981381  169.764093   -0.147    0.299  1
RGI60-18.03495     0.10333  -43.669178  170.062276    0.070    0.395  1
RGI60-18.00543     0.10331  -44.606294  168.421659   -0.157    0.239  1
RGI60-18.03127     0.10329  -43.342973  170.725598    0.117    0.282  1
RGI60-18.01254     0.10302  -43.919508  169.381697   -0.354    0.364  1
RGI60-18.00738     0.10291  -44.564207  168.625335   -0.139    0.206  1
RGI60-18.00225     0.10290  -44.846258  167.853677   -0.101    0.268  1
RGI60-18.03470     0.10267  -43.097813  170.930000   -0.081    0.229  1
RGI60-18.02762     0.10244  -43.030990  171.408883   -0.169    0.323  1
RGI60-18.02216     0.10223  -43.456683  170.423885   -0.047    0.236  1
RGI60-18.01109     0.10220  -44.071521  169.564485   -0.264    0.304  1
RGI60-18.00638     0.10220  -44.562227  168.297805   -0.387    0.307  1
RGI60-18.00331     0.10210  -44.789827  167.924357    0.067    0.256  1
RGI60-18.00570     0.10204  -45.008203  168.321932    0.202    0.278  1
RGI60-18.00208     0.10182  -44.865978  167.994070   -0.048    0.279  1
RGI60-18.02265     0.10170  -43.419959  170.612351   -0.270    0.361  1
RGI60-18.00349     0.10142  -44.779289  167.979620   -0.603    0.398  1
RGI60-18.02544     0.10112  -43.762925  170.303720    0.371    0.284  1
RGI60-18.02681     0.10110  -43.508409  170.546684   -0.084    0.210  1
RGI60-18.01576     0.10110  -43.823898  169.734763   -0.040    0.343  1
RGI60-18.00378     0.10087  -44.774183  168.087776   -0.126    0.242  1
RGI60-18.01063     0.10076  -44.271720  168.503021   -0.137    0.279  1
RGI60-18.00141     0.10049  -44.600280  168.004066   -0.791    0.385  1
RGI60-18.01432     0.10047  -44.133557  169.161569   -0.056    0.621  1
RGI60-18.01809     0.10021  -43.736463  169.970875    0.018    0.282  1
RGI60-18.01422     0.10013  -44.030430  169.578686   -0.453    0.326  1
RGI60-18.02687     0.10008  -43.489462  170.099833   -0.556    0.337  1
RGI60-18.03292     0.09993  -43.280175  170.513857   -0.149    0.271  1
RGI60-18.00748     0.09971  -44.413180  168.644810    1.607    0.982  1
RGI60-18.02147     0.09959  -43.540951  170.578277   -0.036    0.284  1
RGI60-18.02894     0.09936  -42.912833  171.504038    0.022    0.309  1
RGI60-18.01241     0.09922  -43.958518  169.644909   -0.158    0.270  1
RGI60-18.03089     0.09919  -43.296516  170.819051   -0.268    0.373  1
RGI60-18.02275     0.09916  -43.587647  170.310007   -0.085    0.206  1
RGI60-18.02197     0.09911  -43.440706  170.644898   -0.274    0.257  1
RGI60-18.02539     0.09904  -43.670912  170.332729   -0.235    0.224  1
RGI60-18.02891     0.09895  -42.909267  171.509014   -0.058    0.320  1
RGI60-18.01680     0.09883  -43.762420  169.702665   -0.297    0.406  1
RGI60-18.03457     0.09879  -43.736287  169.822984    0.024    0.353  1
RGI60-18.01802     0.09872  -43.654847  169.780491   -0.214    0.248  1
RGI60-18.00992     0.09865  -44.334142  168.785239   -0.008    0.394  1
RGI60-18.00510     0.09843  -44.642827  168.408391   -0.284    0.296  1
RGI60-18.02624     0.09794  -43.587583  169.976210   -0.155    0.438  1
RGI60-18.00814     0.09790  -44.507480  168.353195   -0.133    0.370  1
RGI60-18.00416     0.09786  -44.886104  168.190077   -0.211    0.307  1
RGI60-18.02778     0.09781  -43.007579  171.302294    0.605    0.387  1
RGI60-18.00075     0.09752  -44.800717  168.062835    0.383    0.292  1
RGI60-18.00984     0.09720  -44.360304  168.787431   -0.400    0.234  1
RGI60-18.02087     0.09694  -43.887872  170.052047    0.079    0.244  1
RGI60-18.01796     0.09694  -43.665045  169.913601   -0.038    0.238  1
RGI60-18.00903     0.09688  -44.342385  168.442660   -0.169    0.291  1
RGI60-18.02579     0.09658  -43.641470  170.146055   -0.431    0.305  1
RGI60-18.03386     0.09638  -43.171674  170.832367   -0.426    0.270  1
RGI60-18.02560     0.09637  -43.463203  170.416633   -0.037    0.243  1
RGI60-18.00780     0.09593  -44.492667  168.366797   -0.316    0.377  1
RGI60-18.01690     0.09568  -43.973958  169.884633    0.232    0.408  1
RGI60-18.00427     0.09548  -44.879866  168.495899   -0.605    0.354  1
RGI60-18.03459     0.09547  -43.065140  171.187882   -0.411    0.435  1
RGI60-18.00113     0.09547  -44.639678  167.957072   -0.026    0.350  1
RGI60-18.03349     0.09529  -43.196566  170.870513   -0.351    0.349  1
RGI60-18.02437     0.09513  -43.588101  170.128626   -1.363    0.756  1
RGI60-18.01484     0.09502  -44.221074  169.082652   -0.470    0.421  1
RGI60-18.02907     0.09493  -42.908520  171.483549   -0.234    0.350  1
RGI60-18.03515     0.09487  -44.383077  168.382358   -0.344    0.290  1
RGI60-18.02038     0.09460  -43.915722  170.028642   -0.545    0.299  1
RGI60-18.03448     0.09451  -44.169384  168.897394   -0.487    0.369  1
RGI60-18.00449     0.09445  -44.819904  168.276458    0.184    0.267  1
RGI60-18.01217     0.09441  -43.962701  169.605999   -0.247    0.286  1
RGI60-18.00907     0.09436  -44.331395  168.652592    0.078    0.342  1
RGI60-18.00594     0.09409  -44.564029  168.577166   -0.344    0.242  1
RGI60-18.02416     0.09381  -43.453039  170.601229   -0.267    0.330  1
RGI60-18.00047     0.09371  -44.721468  168.069233   -0.121    0.275  1
RGI60-18.01973     0.09368  -43.951545  170.007859   -0.061    0.190  1
RGI60-18.01922     0.09364  -43.656127  169.946873   -0.409    0.353  1
RGI60-18.03201     0.09359  -43.284864  170.732043    0.123    0.303  1
RGI60-18.00278     0.09333  -44.835738  168.010767    0.338    0.361  1
RGI60-18.02017     0.09332  -43.933661  169.767390   -0.157    0.318  1
RGI60-18.02711     0.09332  -43.098006  171.192407    0.215    0.349  1
RGI60-18.01544     0.09323  -43.874984  170.020379   -0.084    0.228  1
RGI60-18.00855     0.09317  -44.976204  168.143697    0.424    0.299  1
RGI60-18.00060     0.09299  -44.716702  168.018386   -0.531    0.364  1
RGI60-18.01603     0.09295  -43.816798  169.768371   -0.190    0.297  1
RGI60-18.03510     0.09294  -44.211082  168.912155    0.020    0.190  1
RGI60-18.02843     0.09287  -42.964816  171.398582   -0.813    0.674  1
RGI60-18.01967     0.09284  -43.646538  169.921222   -0.069    0.263  1
RGI60-18.03486     0.09279  -43.787252  169.916363   -0.085    0.253  1
RGI60-18.00366     0.09242  -44.747700  167.970077    0.473    0.332  1
RGI60-18.03502     0.09225  -44.030855  169.584077   -0.369    0.378  1
RGI60-18.03468     0.09223  -43.276913  170.622643   -0.254    0.286  1
RGI60-18.02676     0.09221  -43.537168  170.452597   -0.534    0.303  1
RGI60-18.01683     0.09180  -43.759877  169.978039   -0.002    0.283  1
RGI60-18.02685     0.09169  -43.500896  170.559517   -0.251    0.236  1
RGI60-18.02960     0.09166  -43.390342  170.613125    0.368    0.326  1
RGI60-18.02902     0.09166  -42.910399  171.479448   -0.065    0.289  1
RGI60-18.00939     0.09158  -44.551768  168.429540    0.064    0.294  1
RGI60-18.02874     0.09155  -42.921697  171.367170   -0.106    0.361  1
RGI60-18.00858     0.09151  -44.378638  168.532005   -0.092    0.248  1
RGI60-18.02466     0.09149  -43.493749  170.349618   -0.007    0.276  1
RGI60-18.00963     0.09146  -44.344257  168.841489   -0.290    0.416  1
RGI60-18.02491     0.09145  -43.527499  170.429785   -0.167    0.268  1
RGI60-18.00443     0.09128  -44.838012  168.295761    0.629    0.373  1
RGI60-18.00869     0.09111  -44.370590  168.437332   -0.234    0.266  1
RGI60-18.01418     0.09091  -44.024729  169.583544    0.002    0.330  1
RGI60-18.01347     0.09072  -44.199615  169.087194   -0.347    0.429  1
RGI60-18.03160     0.09058  -43.367999  170.725868   -0.126    0.289  1
RGI60-18.00958     0.09047  -44.456054  168.699000   -0.375    0.239  1
RGI60-18.01061     0.09039  -44.284963  168.506450   -0.175    0.302  1
RGI60-18.02094     0.09038  -43.874237  170.029614   -0.263    0.299  1
RGI60-18.01501     0.09033  -44.073208  169.665419   -0.554    0.379  1
RGI60-18.03112     0.09028  -43.147625  170.936508   -0.084    0.350  1
RGI60-18.00693     0.09020  -44.496653  168.456515    0.540    0.350  1
RGI60-18.02245     0.09019  -43.473319  170.393364   -0.693    0.384  1
RGI60-18.02166     0.09008  -43.534678  170.566752   -0.217    0.242  1
RGI60-18.03287     0.08990  -43.345667  170.981534   -0.123    0.346  1
RGI60-18.01047     0.08984  -44.286625  168.477427    0.103    0.305  1
RGI60-18.01137     0.08961  -44.058755  169.499240    0.255    0.277  1
RGI60-18.00925     0.08951  -44.572793  168.399194    0.138    0.281  1
RGI60-18.03525     0.08950  -44.717183  167.698620   -0.035    0.284  1
RGI60-18.00861     0.08918  -44.370636  168.817380   -0.160    0.336  1
RGI60-18.03019     0.08911  -43.152663  170.962656   -0.027    0.377  1
RGI60-18.03002     0.08898  -43.364904  170.643113   -0.185    0.328  1
RGI60-18.02880     0.08886  -42.913546  171.472689   -0.022    0.353  1
RGI60-18.01929     0.08878  -43.767010  169.973080    0.115    0.307  1
RGI60-18.00598     0.08876  -44.524176  168.812398   -0.278    0.280  1
RGI60-18.03005     0.08871  -43.365273  170.826968   -0.153    0.321  1
RGI60-18.00634     0.08861  -44.503927  168.975035   -0.517    0.360  1
RGI60-18.02954     0.08859  -43.402540  170.747460   -0.456    0.312  1
RGI60-18.03119     0.08857  -43.327499  170.840575   -0.472    0.312  1
RGI60-18.03262     0.08854  -43.371165  170.966160   -0.430    0.494  1
RGI60-18.03104     0.08848  -43.179730  170.928042    0.089    0.465  1
RGI60-18.02860     0.08845  -42.942195  171.398111    0.266    0.498  1
RGI60-18.03229     0.08844  -43.327188  170.912382   -0.309    0.312  1
RGI60-18.02063     0.08843  -43.902727  169.799897    0.087    0.268  1
RGI60-18.01707     0.08841  -43.743032  169.924553   -0.290    0.279  1
RGI60-18.00354     0.08819  -44.774613  167.991221    0.027    0.313  1
RGI60-18.01383     0.08804  -44.161121  169.608582    0.118    0.319  1
RGI60-18.02983     0.08803  -43.380619  170.659369   -0.404    0.347  1
RGI60-18.01833     0.08799  -43.801706  169.923747   -0.099    0.243  1
RGI60-18.03316     0.08795  -43.244632  170.875743   -0.344    0.246  1
RGI60-18.01458     0.08764  -44.013985  169.703792   -0.535    0.368  1
RGI60-18.02975     0.08762  -43.386193  170.957396   -0.155    0.363  1
RGI60-18.03210     0.08758  -43.249079  170.876316   -0.340    0.364  1
RGI60-18.02979     0.08755  -43.444884  170.744007   -0.203    0.332  1
RGI60-18.00115     0.08754  -45.023828  167.678130   -0.063    0.326  1
RGI60-18.03414     0.08750  -43.166278  171.045836   -0.320    0.468  1
RGI60-18.01751     0.08738  -43.758587  170.005561   -0.138    0.236  1
RGI60-18.02190     0.08733  -43.567010  170.096311   -0.074    0.275  1
RGI60-18.01633     0.08715  -43.835176  170.038262   -0.423    0.341  1
RGI60-18.00974     0.08712  -44.332769  168.793176    0.236    0.600  1
RGI60-18.00085     0.08708  -44.766153  168.048464   -0.153    0.328  1
RGI60-18.03241     0.08688  -43.348865  170.984566    0.516    0.454  1
RGI60-18.00131     0.08672  -44.635318  168.028214   -0.160    0.314  1
RGI60-18.03346     0.08666  -43.202894  171.069144   -0.195    0.396  1
RGI60-18.01189     0.08664  -44.207640  169.010768   -0.159    0.280  1
RGI60-18.00679     0.08663  -44.429142  168.558302   -0.026    0.203  1
RGI60-18.03436     0.08657  -44.040003  169.697057   -0.446    0.263  1
RGI60-18.00340     0.08656  -44.783550  168.037076    2.211    1.440  1
RGI60-18.00580     0.08615  -44.577389  168.558686   -0.098    0.194  1
RGI60-18.02866     0.08607  -42.932027  171.505298    0.046    0.344  1
RGI60-18.00016     0.08564  -39.290416  175.558959   -0.059    0.228  1
RGI60-18.03266     0.08562  -43.304421  171.012401   -0.265    0.466  1
RGI60-18.02530     0.08555  -43.465730  170.134902    0.036    0.232  1
RGI60-18.02127     0.08533  -43.774913  169.720436    0.013    0.224  1
RGI60-18.00293     0.08525  -44.819570  167.912284    1.366    0.542  1
RGI60-18.02037     0.08524  -43.910159  169.770141   -0.025    0.317  1
RGI60-18.00702     0.08522  -44.503443  168.480696   -0.272    0.247  1
RGI60-18.03537     0.08520  -43.382915  170.322841   -0.344    0.304  1
RGI60-18.02958     0.08519  -43.393870  170.741830   -0.245    0.303  1
RGI60-18.01937     0.08513  -43.661088  170.082620   -0.036    0.280  1
RGI60-18.02255     0.08503  -43.608093  170.062185    0.106    0.312  1
RGI60-18.02609     0.08502  -43.600802  170.387530    0.050    0.291  1
RGI60-18.00529     0.08489  -45.005875  168.136898    0.240    0.313  1
RGI60-18.02523     0.08478  -43.692031  170.256129   -0.099    0.286  1
RGI60-18.03079     0.08470  -43.323671  170.782545   -0.157    0.380  1
RGI60-18.01237     0.08454  -43.962299  169.683477   -0.508    0.389  1
RGI60-18.02971     0.08447  -43.403186  170.637207   -0.199    0.349  1
RGI60-18.02732     0.08435  -43.119174  171.130184   -0.224    0.393  1
RGI60-18.01451     0.08433  -44.113015  169.075618   -0.734    0.439  1
RGI60-18.02025     0.08427  -43.933091  169.798608   -0.317    0.331  1
RGI60-18.00328     0.08398  -44.785410  167.964735   -0.153    0.358  1
RGI60-18.03323     0.08394  -43.233343  170.988264   -0.212    0.286  1
RGI60-18.03253     0.08387  -43.356523  170.969234   -0.458    0.427  1
RGI60-18.00944     0.08382  -44.343731  168.773615    0.163    0.478  1
RGI60-18.02024     0.08369  -43.929328  169.741378   -0.106    0.359  1
RGI60-18.00943     0.08366  -44.318650  168.885484   -0.594    0.360  1
RGI60-18.02943     0.08349  -43.165531  171.056292   -0.341    0.456  1
RGI60-18.03428     0.08332  -43.683555  170.248671   -0.203    0.289  1
RGI60-18.03350     0.08321  -43.192696  171.097565   -0.336    0.445  1
RGI60-18.01700     0.08310  -43.746396  169.861968   -0.072    0.372  1
RGI60-18.02150     0.08305  -43.521383  170.580344   -0.193    0.252  1
RGI60-18.02516     0.08291  -43.706805  170.251139   -0.338    0.314  1
RGI60-18.03281     0.08279  -43.351297  170.977274   -0.593    0.528  1
RGI60-18.00156     0.08273  -44.575374  167.971036   -0.123    0.278  1
RGI60-18.02603     0.08269  -43.616701  170.375003   -0.054    0.308  1
RGI60-18.03508     0.08254  -44.205666  168.936844   -0.326    0.274  1
RGI60-18.01547     0.08243  -43.862981  169.880483   -0.254    0.251  1
RGI60-18.02777     0.08227  -43.009739  171.298724   -0.118    0.329  1
RGI60-18.01737     0.08209  -43.971224  169.766865   -0.113    0.264  1
RGI60-18.02652     0.08209  -43.570534  170.731461   -0.085    0.298  1
RGI60-18.03514     0.08206  -44.387220  168.616570   -0.306    0.301  1
RGI60-18.01052     0.08201  -44.300196  168.887649   -0.152    0.333  1
RGI60-18.00788     0.08187  -44.422737  168.408274    0.096    0.283  1
RGI60-18.01239     0.08162  -43.962196  169.634748    0.174    0.279  1
RGI60-18.03309     0.08151  -43.249742  170.834376   -0.690    0.411  1
RGI60-18.02145     0.08149  -43.508063  170.583894   -0.346    0.286  1
RGI60-18.02922     0.08145  -43.104006  171.209117   -0.413    0.492  1
RGI60-18.03342     0.08139  -43.215027  170.990667   -0.244    0.315  1
RGI60-18.03479     0.08132  -43.604998  170.388427   -0.326    0.262  1
RGI60-18.01424     0.08125  -44.039430  169.566244   -0.552    0.362  1
RGI60-18.02649     0.08104  -43.577345  170.411728    0.277    0.519  1
RGI60-18.00355     0.08100  -44.769835  167.978516    0.044    0.352  1
RGI60-18.00565     0.08099  -44.600941  168.255512   -0.101    0.208  1
RGI60-18.02039     0.08087  -43.912915  170.023749    0.010    0.281  1
RGI60-18.03359     0.08084  -43.120994  170.905408   -0.249    0.235  1
RGI60-18.01223     0.08073  -43.983902  169.682334   -0.211    0.306  1
RGI60-18.02356     0.08071  -43.395351  170.300344   -0.346    0.290  1
RGI60-18.03409     0.08070  -43.102633  170.879484   -0.765    0.599  1
RGI60-18.03406     0.08056  -43.106520  170.882808   -0.344    0.336  1
RGI60-18.02827     0.08049  -42.961017  171.393737    0.713    0.481  1
RGI60-18.00066     0.08045  -44.710178  168.018668   -0.017    0.259  1
RGI60-18.02032     0.08041  -43.914078  170.038555   -0.536    0.346  1
RGI60-18.00746     0.08023  -44.418340  168.664165    0.054    0.401  1
RGI60-18.02146     0.07993  -43.505376  170.583977   -0.188    0.305  1
RGI60-18.03153     0.07989  -43.288439  170.746868   -0.329    0.390  1
RGI60-18.00232     0.07979  -44.846882  167.735368   -0.688    0.436  1
RGI60-18.03252     0.07971  -43.341652  170.983216   -0.542    0.443  1
RGI60-18.01070     0.07968  -44.221838  168.737456   -0.176    0.601  1
RGI60-18.02297     0.07937  -43.409534  170.523136   -0.086    0.386  1
RGI60-18.02854     0.07935  -42.948043  171.316997   -0.883    0.653  1
RGI60-18.02143     0.07932  -43.553274  170.552870    0.072    0.495  1
RGI60-18.03417     0.07927  -43.215445  170.908981   -0.129    0.328  1
RGI60-18.01330     0.07920  -43.858100  169.472223   -0.115    0.297  1
RGI60-18.01439     0.07910  -44.117093  169.035905   -0.161    0.438  1
RGI60-18.02758     0.07906  -43.036699  171.407711   -0.092    0.462  1
RGI60-18.02537     0.07876  -43.673605  170.269134   -0.052    0.280  1
RGI60-18.00445     0.07859  -45.013077  168.303913    0.313    0.309  1
RGI60-18.00315     0.07857  -44.792255  167.831997    0.910    0.515  1
RGI60-18.03255     0.07850  -43.355192  170.975354   -0.877    0.646  1
RGI60-18.03047     0.07845  -43.356218  170.832205   -0.092    0.314  1
RGI60-18.03504     0.07844  -44.063745  169.568526   -0.347    0.347  1
RGI60-18.00035     0.07791  -44.721886  168.059099    0.045    0.312  1
RGI60-18.02994     0.07791  -43.369387  170.816231   -0.120    0.379  1
RGI60-18.03434     0.07785  -44.067472  169.462934    0.005    0.425  1
RGI60-18.00625     0.07782  -44.529680  168.659961   -0.120    0.287  1
RGI60-18.03447     0.07775  -44.140170  168.998824   -0.234    0.437  1
RGI60-18.03140     0.07767  -43.275869  170.836698   -0.314    0.389  1
RGI60-18.03365     0.07754  -43.185536  170.789587   -0.225    0.257  1
RGI60-18.01225     0.07710  -43.982098  169.696896   -0.186    0.305  1
RGI60-18.02794     0.07707  -42.998699  171.413083   -0.433    0.412  1
RGI60-18.00962     0.07706  -44.349483  168.844492   -0.244    0.354  1
RGI60-18.02683     0.07701  -43.502977  170.554209   -0.308    0.256  1
RGI60-18.01562     0.07694  -43.784149  170.047542   -0.138    0.231  1
RGI60-18.00361     0.07676  -44.753844  167.982055    0.188    0.294  1
RGI60-18.02864     0.07674  -42.936408  171.363814   -1.330    0.640  1
RGI60-18.02522     0.07673  -43.690010  170.248920   -0.052    0.301  1
RGI60-18.02750     0.07669  -43.041841  171.227994   -0.373    0.409  1
RGI60-18.03487     0.07657  -43.808108  169.887631    0.037    0.251  1
RGI60-18.01718     0.07655  -43.736338  169.797401   -0.410    0.330  1
RGI60-18.03159     0.07646  -43.148252  170.922941   -0.213    0.261  1
RGI60-18.00617     0.07641  -44.537874  168.586602    0.040    0.292  1
RGI60-18.02590     0.07638  -43.605616  169.950467    0.199    0.274  1
RGI60-18.01425     0.07622  -44.035982  169.565450   -0.343    0.293  1
RGI60-18.03155     0.07603  -43.235240  170.937684   -0.270    0.383  1
RGI60-18.01467     0.07599  -44.096009  168.986475    0.092    0.269  1
RGI60-18.00998     0.07597  -44.449087  168.749345   -0.024    0.260  1
RGI60-18.00358     0.07590  -44.757551  167.987448   -0.129    0.273  1
RGI60-18.00470     0.07584  -44.761584  168.226217    0.499    0.375  1
RGI60-18.02769     0.07551  -43.017666  171.377870    0.751    0.525  1
RGI60-18.00795     0.07536  -44.439971  168.386972   -0.334    0.309  1
RGI60-18.00456     0.07526  -44.798391  168.277556    0.140    0.262  1
RGI60-18.02863     0.07524  -43.114886  171.057587   -0.663    0.544  1
RGI60-18.00166     0.07519  -44.576843  168.041603   -0.109    0.534  1
RGI60-18.02365     0.07516  -43.490538  170.150949   -0.395    0.265  1
RGI60-18.00934     0.07500  -44.553552  168.445813    0.079    0.293  1
RGI60-18.00576     0.07478  -44.575405  168.302735   -0.063    0.350  1
RGI60-18.01859     0.07477  -43.855772  169.850428   -0.417    0.327  1
RGI60-18.01408     0.07474  -44.243722  168.829173   -0.319    0.421  1
RGI60-18.02244     0.07468  -43.459375  170.154595   -0.515    0.335  1
RGI60-18.00287     0.07465  -44.829545  168.001481   -0.386    0.473  1
RGI60-18.03463     0.07461  -43.092345  171.203762   -0.435    0.512  1
RGI60-18.01406     0.07461  -44.142656  168.993128   -0.216    0.409  1
RGI60-18.00892     0.07459  -44.553282  168.301024   -0.276    0.333  1
RGI60-18.01064     0.07458  -44.268912  168.510810    0.100    0.285  1
RGI60-18.03242     0.07457  -43.341886  171.024863   -0.507    0.552  1
RGI60-18.00753     0.07441  -44.981555  168.315509    0.320    0.284  1
RGI60-18.00589     0.07426  -44.568406  168.551246    0.223    0.282  1
RGI60-18.01186     0.07420  -43.987299  169.704994   -0.301    0.323  1
RGI60-18.02847     0.07410  -42.971872  171.384436    0.760    0.519  1
RGI60-18.01349     0.07407  -44.195719  169.088417   -0.122    0.638  1
RGI60-18.03523     0.07405  -44.783295  167.960930   -0.094    0.311  1
RGI60-18.02052     0.07403  -43.901605  169.929169   -0.302    0.364  1
RGI60-18.02998     0.07400  -43.367378  170.649711   -0.578    0.412  1
RGI60-18.01955     0.07400  -43.833257  169.891640   -0.187    0.373  1
RGI60-18.02836     0.07399  -42.999440  171.377607    0.069    0.609  1
RGI60-18.02951     0.07399  -43.054451  170.972264   -0.205    0.336  1
RGI60-18.02405     0.07391  -43.421797  170.563121   -0.149    0.348  1
RGI60-18.00485     0.07391  -44.691559  168.235234   -0.274    0.392  1
RGI60-18.00797     0.07389  -44.388072  168.384902   -0.340    0.309  1
RGI60-18.03134     0.07369  -43.281044  170.823944   -0.132    0.317  1
RGI60-18.00876     0.07363  -44.400180  168.633541   -0.043    0.313  1
RGI60-18.00002     0.07349  -39.260409  175.573538   -0.103    0.220  1
RGI60-18.00968     0.07346  -44.363828  168.816085   -1.064    0.559  1
RGI60-18.02085     0.07320  -43.882203  170.020828    0.024    0.227  1
RGI60-18.02292     0.07319  -43.366594  170.325981   -0.267    0.233  1
RGI60-18.00439     0.07267  -44.850554  168.302164   -0.311    0.298  1
RGI60-18.01336     0.07260  -43.850256  169.456600   -0.280    0.394  1
RGI60-18.00034     0.07236  -44.725733  168.058389   -0.387    0.344  1
RGI60-18.03269     0.07227  -43.335016  171.000050    0.166    0.564  1
RGI60-18.03236     0.07227  -43.317083  170.942041   -0.008    0.325  1
RGI60-18.02911     0.07227  -42.869907  171.662902   -0.353    0.345  1
RGI60-18.02587     0.07226  -43.613726  170.554903   -0.246    0.302  1
RGI60-18.00344     0.07226  -44.778644  168.094514    0.191    0.274  1
RGI60-18.03190     0.07219  -43.265287  170.893833   -0.277    0.416  1
RGI60-18.00694     0.07217  -44.493057  168.458229   -0.423    0.315  1
RGI60-18.03069     0.07214  -43.325285  170.848865   -0.275    0.363  1
RGI60-18.01822     0.07199  -43.746870  169.968310   -0.142    0.245  1
RGI60-18.02337     0.07185  -43.527388  170.331484    1.904    1.064  1
RGI60-18.00862     0.07163  -44.367264  168.434374    0.596    0.380  1
RGI60-18.01684     0.07150  -43.758568  169.965139   -1.069    0.577  1
RGI60-18.00374     0.07147  -44.766022  168.089187   -0.059    0.320  1
RGI60-18.01551     0.07129  -43.857779  169.861370    0.114    0.485  1
RGI60-18.01850     0.07129  -43.662779  170.003587   -0.294    0.387  1
RGI60-18.02748     0.07124  -43.146063  171.115692   -0.196    0.370  1
RGI60-18.01085     0.07108  -44.910382  168.241050    0.018    0.313  1
RGI60-18.00711     0.07105  -44.502945  168.461891   -0.079    0.303  1
RGI60-18.03481     0.07100  -43.425618  170.616735   -0.305    0.342  1
RGI60-18.00577     0.07092  -44.531665  168.777668   -0.120    0.363  1
RGI60-18.01410     0.07073  -44.146221  169.710773   -0.306    0.340  1
RGI60-18.01335     0.07059  -43.856907  169.454600    0.026    0.314  1
RGI60-18.03372     0.07054  -43.194719  171.039091   -0.649    0.460  1
RGI60-18.03478     0.07046  -43.636234  170.338564   -0.327    0.278  1
RGI60-18.00478     0.07043  -44.718080  168.186111   -0.035    0.241  1
RGI60-18.02407     0.07039  -43.417789  170.558835    0.284    0.465  1
RGI60-18.00244     0.07015  -44.846006  168.003530   -0.171    0.255  1
RGI60-18.01465     0.06995  -44.108850  169.253732   -0.998    0.635  1
RGI60-18.01495     0.06990  -44.077831  169.687939   -0.758    0.533  1
RGI60-18.02990     0.06985  -43.372522  170.861991    0.380    0.415  1
RGI60-18.00636     0.06981  -44.471028  168.600041   -0.001    0.420  1
RGI60-18.00213     0.06978  -44.856543  167.798293   -0.346    0.404  1
RGI60-18.00578     0.06977  -44.579554  168.707831   -0.047    0.278  1
RGI60-18.02003     0.06970  -43.943794  169.894594   -0.018    0.286  1
RGI60-18.02815     0.06963  -42.954816  171.484448   -0.388    0.390  1
RGI60-18.00267     0.06961  -44.828390  167.772807   -0.499    0.430  1
RGI60-18.01352     0.06958  -44.173920  168.962535    0.020    0.199  1
RGI60-18.01970     0.06954  -43.955350  169.884937    0.034    0.350  1
RGI60-18.00413     0.06950  -45.032373  168.118710   -0.032    0.306  1
RGI60-18.02320     0.06938  -43.443102  170.633137   -0.423    0.313  1
RGI60-18.00924     0.06912  -44.568178  168.402866   -0.275    0.360  1
RGI60-18.01983     0.06909  -43.961021  169.794940   -0.123    0.382  1
RGI60-18.01255     0.06903  -44.208980  168.909169    0.009    0.235  1
RGI60-18.01767     0.06888  -43.769757  170.038216   -0.307    0.362  1
RGI60-18.00833     0.06877  -44.496022  168.386144   -0.189    0.359  1
RGI60-18.00114     0.06873  -44.643400  167.957533    0.487    0.459  1
RGI60-18.01333     0.06862  -43.853593  169.536860    0.138    0.269  1
RGI60-18.03067     0.06858  -43.194826  170.955746   -0.250    0.398  1
RGI60-18.00889     0.06855  -44.370173  168.566133   -0.112    0.272  1
RGI60-18.03324     0.06850  -43.230618  170.996932    0.097    0.456  1
RGI60-18.00120     0.06845  -44.622622  168.057451   -0.177    0.459  1
RGI60-18.00918     0.06840  -44.323356  168.847987   -0.153    0.401  1
RGI60-18.00347     0.06827  -44.775676  168.034108   -0.042    0.334  1
RGI60-18.01741     0.06826  -43.801136  170.031817   -0.121    0.225  1
RGI60-18.02684     0.06806  -43.501128  170.564307   -0.095    0.258  1
RGI60-18.02957     0.06803  -43.395253  170.735758   -0.313    0.302  1
RGI60-18.02372     0.06798  -43.592131  170.262178   -0.171    0.310  1
RGI60-18.02236     0.06787  -43.634899  170.059351   -0.067    0.330  1
RGI60-18.00527     0.06782  -44.613294  168.558678    0.032    0.253  1
RGI60-18.00923     0.06772  -44.551950  168.435701   -0.175    0.371  1
RGI60-18.02079     0.06763  -43.887938  170.057011   -0.022    0.200  1
RGI60-18.02993     0.06761  -43.370933  170.821206   -0.516    0.459  1
RGI60-18.01030     0.06760  -44.309287  168.896528   -0.140    0.302  1
RGI60-18.02573     0.06759  -43.638437  170.351524   -0.168    0.501  1
RGI60-18.00198     0.06752  -44.870912  167.671331   -0.101    0.423  1
RGI60-18.02966     0.06752  -43.393611  170.648747    0.056    0.308  1
RGI60-18.00277     0.06748  -44.841632  168.017020   -0.166    0.384  1
RGI60-18.01691     0.06738  -43.746753  169.884241    0.075    0.225  1
RGI60-18.00751     0.06737  -44.411579  168.659553   -0.033    0.350  1
RGI60-18.02586     0.06729  -43.618164  170.245745   -0.545    0.301  1
RGI60-18.01904     0.06726  -43.708700  170.018911    0.063    0.328  1
RGI60-18.03517     0.06719  -44.553546  168.006399   -0.050    0.214  1
RGI60-18.00022     0.06697  -42.220288  172.587790   -1.689    1.128  1
RGI60-18.01471     0.06692  -44.091772  169.531158   -0.460    0.357  1
RGI60-18.00544     0.06691  -44.621360  168.394657    0.109    0.394  1
RGI60-18.01820     0.06690  -43.686585  170.034967    0.148    0.249  1
RGI60-18.00487     0.06680  -44.692704  168.231477    0.027    0.329  1
RGI60-18.02136     0.06679  -43.529884  170.568148   -0.111    0.222  1
RGI60-18.00026     0.06674  -44.731187  168.065909   -0.065    0.352  1
RGI60-18.02563     0.06671  -43.652331  170.315048   -0.231    0.247  1
RGI60-18.00472     0.06628  -44.546382  168.642087   -0.363    0.340  1
RGI60-18.00919     0.06621  -44.576760  168.435720   -0.367    0.340  1
RGI60-18.02895     0.06618  -42.921736  171.505460   -0.194    0.426  1
RGI60-18.02707     0.06608  -43.101802  171.179802   -0.651    0.483  1
RGI60-18.03198     0.06599  -43.293384  170.733822    1.589    0.817  1
RGI60-18.01848     0.06596  -43.665649  170.008726   -1.057    0.578  1
RGI60-18.00058     0.06594  -44.770624  168.046816   -0.268    0.416  1
RGI60-18.00904     0.06589  -44.342470  168.437566    0.115    0.314  1
RGI60-18.02997     0.06586  -43.373427  170.647679    0.199    0.403  1
RGI60-18.03444     0.06580  -43.830826  169.673432    0.109    0.430  1
RGI60-18.01042     0.06578  -44.325408  168.733893   -0.098    0.442  1
RGI60-18.02890     0.06576  -42.909689  171.518798    0.309    0.537  1
RGI60-18.00957     0.06573  -44.456805  168.709957   -1.611    1.072  1
RGI60-18.01195     0.06567  -43.986358  169.565547    0.212    0.406  1
RGI60-18.03135     0.06562  -43.280369  170.830323   -0.140    0.436  1
RGI60-18.01266     0.06545  -44.222263  168.893882   -0.107    0.362  1
RGI60-18.00123     0.06532  -44.611588  168.064899    0.134    0.385  1
RGI60-18.02139     0.06532  -43.548790  170.547677   -0.218    0.401  1
RGI60-18.02193     0.06519  -43.601768  170.179146   -0.077    0.320  1
RGI60-18.01003     0.06517  -44.466358  168.760954   -0.067    0.451  1
RGI60-18.00205     0.06508  -44.870967  167.922301   -0.029    0.362  1
RGI60-18.02955     0.06505  -43.398492  170.750261   -0.298    0.373  1
RGI60-18.01084     0.06504  -44.913794  168.197799    0.032    0.335  1
RGI60-18.00587     0.06492  -44.571175  168.597150   -0.076    0.267  1
RGI60-18.01566     0.06484  -43.846146  170.018471   -0.182    0.288  1
RGI60-18.01675     0.06479  -43.806214  170.028087    0.384    0.405  1
RGI60-18.02070     0.06466  -43.884564  169.787962   -0.386    0.310  1
RGI60-18.00730     0.06462  -44.412517  168.463615   -0.277    0.309  1
RGI60-18.02088     0.06455  -43.883958  170.048476    0.019    0.236  1
RGI60-18.00480     0.06448  -44.723908  168.555739   -0.313    0.372  1
RGI60-18.01250     0.06433  -43.928547  169.385082   -0.204    0.387  1
RGI60-18.02842     0.06432  -42.966934  171.404393   -0.055    0.312  1
RGI60-18.00551     0.06427  -44.528760  168.308124   -0.371    0.394  1
RGI60-18.00273     0.06422  -44.844879  168.024911   -0.053    0.380  1
RGI60-18.01083     0.06420  -44.918006  168.198764   -0.124    0.325  1
RGI60-18.03493     0.06402  -43.766715  169.865039   -0.043    0.293  1
RGI60-18.02031     0.06399  -43.925830  170.030622   -0.258    0.285  1
RGI60-18.00116     0.06393  -45.019902  167.678828   -0.161    0.476  1
RGI60-18.01079     0.06386  -45.023768  168.123052   -0.006    0.300  1
RGI60-18.02764     0.06385  -43.025680  171.238317   -0.080    0.332  1
RGI60-18.01879     0.06384  -43.857531  169.832145   -0.759    0.481  1
RGI60-18.02659     0.06381  -43.737991  170.315778   -0.197    0.255  1
RGI60-18.02141     0.06380  -43.556310  170.546738   -0.103    0.213  1
RGI60-18.00758     0.06379  -44.407555  168.889508   -0.172    0.408  1
RGI60-18.02514     0.06377  -43.708671  170.241589   -0.107    0.251  1
RGI60-18.01949     0.06373  -43.681134  169.964356   -0.156    0.331  1
RGI60-18.02138     0.06372  -43.525023  170.575015   -0.207    0.270  1
RGI60-18.01311     0.06370  -43.892999  169.451696    0.249    0.416  1
RGI60-18.00496     0.06364  -44.681313  168.225735   -0.083    0.344  1
RGI60-18.01887     0.06353  -43.739064  169.996677    0.093    0.352  1
RGI60-18.03243     0.06348  -43.337977  170.995380   -0.574    0.461  1
RGI60-18.02565     0.06345  -43.649044  170.353950   -0.401    0.460  1
RGI60-18.02078     0.06333  -43.894378  170.019847   -0.074    0.344  1
RGI60-18.01474     0.06331  -44.092833  169.662036   -0.256    0.360  1
RGI60-18.00055     0.06328  -44.696666  168.052703    0.181    0.311  1
RGI60-18.00964     0.06304  -44.381931  168.714205   -0.196    0.397  1
RGI60-18.02280     0.06292  -43.535625  170.436525   -0.355    0.317  1
RGI60-18.01541     0.06291  -43.977496  169.767092   -0.139    0.285  1
RGI60-18.03325     0.06278  -43.242419  170.830624    0.187    0.496  1
RGI60-18.00760     0.06275  -44.414878  168.879540    0.258    0.307  1
RGI60-18.02371     0.06271  -43.596311  170.263433   -0.483    0.345  1
RGI60-18.01899     0.06269  -43.652785  170.086924   -0.280    0.323  1
RGI60-18.00941     0.06267  -44.979281  168.320169    0.898    0.530  1
RGI60-18.01452     0.06267  -44.111814  169.071113   -0.654    0.494  1
RGI60-18.01571     0.06261  -43.841443  170.031909   -0.381    0.424  1
RGI60-18.02660     0.06219  -43.557618  170.572923   -0.042    0.256  1
RGI60-18.01371     0.06211  -44.162396  168.977954   -0.015    0.367  1
RGI60-18.00945     0.06210  -44.341712  168.735120   -0.495    0.492  1
RGI60-18.01992     0.06204  -43.944980  169.743198   -0.353    0.355  1
RGI60-18.00991     0.06199  -44.337090  168.786607   -0.172    0.665  1
RGI60-18.03524     0.06197  -44.856807  168.010667   -0.439    0.344  1
RGI60-18.03230     0.06188  -43.322729  170.915038   -0.254    0.417  1
RGI60-18.00790     0.06187  -44.422277  168.416048    0.300    0.333  1
RGI60-18.01905     0.06177  -43.707930  170.014138   -0.279    0.412  1
RGI60-18.01801     0.06174  -43.782303  169.852404    0.195    0.307  1
RGI60-18.02799     0.06157  -43.134858  171.118957   -0.787    0.578  1
RGI60-18.02631     0.06147  -43.582781  170.657630   -0.086    0.277  1
RGI60-18.02142     0.06135  -43.556268  170.541967    0.022    0.220  1
RGI60-18.02899     0.06130  -42.893376  171.487981   -0.143    0.382  1
RGI60-18.02731     0.06129  -43.147472  171.198085    0.341    0.453  1
RGI60-18.02283     0.06127  -43.563553  170.099855   -0.122    0.233  1
RGI60-18.01682     0.06125  -43.760715  169.968159   -0.602    0.460  1
RGI60-18.03116     0.06122  -43.290738  170.758484   -0.264    0.322  1
RGI60-18.01198     0.06121  -43.988599  169.571744   -0.340    0.408  1
RGI60-18.01886     0.06121  -43.799195  169.932651    0.081    0.230  1
RGI60-18.03058     0.06105  -43.333225  170.899281   -0.612    0.509  1
RGI60-18.02630     0.06096  -43.448437  170.416246   -0.184    0.376  1
RGI60-18.03465     0.06091  -43.248723  170.930254   -0.514    0.361  1
RGI60-18.02055     0.06075  -43.898837  170.020025   -0.247    0.283  1
RGI60-18.02251     0.06071  -43.610199  170.041561   -0.419    0.487  1
RGI60-18.02319     0.06067  -43.394125  170.362040   -0.326    0.278  1
RGI60-18.03440     0.06066  -44.067396  169.422821    0.253    0.353  1
RGI60-18.00651     0.06062  -44.429675  168.722652   -0.940    0.646  1
RGI60-18.02889     0.06062  -42.912943  171.521197   -0.246    0.539  1
RGI60-18.01966     0.06062  -43.644085  169.925420   -0.763    0.941  1
RGI60-18.02595     0.06029  -43.454426  170.211178   -0.143    0.260  1
RGI60-18.03275     0.06018  -43.342669  171.036558   -0.825    0.750  1
RGI60-18.02829     0.06017  -42.956450  171.394789   -0.458    0.778  1
RGI60-18.02797     0.06009  -43.138514  171.112620   -0.536    0.377  1
RGI60-18.01864     0.05998  -43.663259  169.988837    0.154    0.578  1
RGI60-18.03507     0.05996  -44.122167  169.040855   -0.556    0.465  1
RGI60-18.03050     0.05996  -43.331413  170.848286   -0.202    0.403  1
RGI60-18.00437     0.05995  -44.859654  168.175439    0.283    0.404  1
RGI60-18.00752     0.05992  -44.984605  168.313596    0.133    0.325  1
RGI60-18.02279     0.05992  -43.424500  170.467952   -0.234    0.395  1
RGI60-18.02956     0.05990  -43.399794  170.743235   -0.225    0.295  1
RGI60-18.02218     0.05965  -43.459191  170.148202   -0.355    0.260  1
RGI60-18.03189     0.05952  -43.267758  170.891093    0.070    0.469  1
RGI60-18.01851     0.05945  -43.693810  170.026646   -0.151    0.401  1
RGI60-18.02084     0.05939  -43.883029  170.025017   -0.191    0.266  1
RGI60-18.00300     0.05930  -44.803616  167.890423   -0.367    0.703  1
RGI60-18.02747     0.05930  -43.033638  171.439690   -0.432    0.360  1
RGI60-18.03527     0.05907  -44.810128  167.741092   -0.503    0.400  1
RGI60-18.00512     0.05893  -44.642148  168.604003    0.199    0.309  1
RGI60-18.00421     0.05886  -44.880362  168.181129    0.739    0.524  1
RGI60-18.00469     0.05884  -44.760295  168.232296   -0.077    0.363  1
RGI60-18.00295     0.05882  -44.815473  167.906334   -0.000    0.311  1
RGI60-18.02882     0.05876  -43.119835  171.105520   -0.287    0.384  1
RGI60-18.03044     0.05876  -43.336106  170.838345   -0.188    0.466  1
RGI60-18.02175     0.05871  -43.468663  170.266873   -0.492    0.523  1
RGI60-18.03267     0.05867  -43.338678  171.027846   -0.232    0.446  1
RGI60-18.00995     0.05855  -44.470011  168.704551    0.260    0.447  1
RGI60-18.02742     0.05851  -43.035501  171.448467   -0.443    0.422  1
RGI60-18.01968     0.05846  -43.956807  170.010722    0.261    0.265  1
RGI60-18.03477     0.05844  -43.631800  170.097728    0.023    0.294  1
RGI60-18.03315     0.05837  -43.245186  170.857557   -0.116    0.417  1
RGI60-18.02819     0.05835  -42.951932  171.489570   -0.836    0.544  1
RGI60-18.02679     0.05829  -43.510199  170.540960    0.009    0.265  1
RGI60-18.01939     0.05829  -43.877590  169.849208    3.184    2.037  1
RGI60-18.00778     0.05807  -44.510809  168.307478    0.090    0.268  1
RGI60-18.01312     0.05803  -43.894765  169.459756    0.190    0.390  1
RGI60-18.00916     0.05802  -44.316482  168.488095    0.108    0.277  1
RGI60-18.03157     0.05793  -43.318294  170.833882   -0.059    0.376  1
RGI60-18.00508     0.05793  -45.003753  168.152392    0.133    0.304  1
RGI60-18.02995     0.05791  -43.369143  170.874244   -0.306    0.441  1
RGI60-18.02743     0.05778  -43.038130  171.435568   -1.159    0.643  1
RGI60-18.00888     0.05774  -44.376017  168.593455   -1.379    0.747  1
RGI60-18.02657     0.05753  -43.563689  170.538121    0.318    0.449  1
RGI60-18.00491     0.05749  -44.669608  168.536812   -0.174    0.308  1
RGI60-18.02893     0.05745  -42.916922  171.503034    0.088    0.350  1
RGI60-18.02879     0.05741  -42.917080  171.465215   -0.459    0.496  1
RGI60-18.02900     0.05737  -42.901421  171.492101    0.028    0.432  1
RGI60-18.03528     0.05735  -44.571605  167.968540    0.187    0.329  1
RGI60-18.00633     0.05732  -44.493630  168.441274   -0.048    0.284  1
RGI60-18.02832     0.05727  -42.985423  171.373338   -0.246    0.488  1
RGI60-18.02953     0.05719  -43.395722  170.746834   -0.357    0.306  1
RGI60-18.00468     0.05715  -44.763864  168.232227    0.097    0.409  1
RGI60-18.02940     0.05711  -43.160006  171.057463   -0.174    0.455  1
RGI60-18.01350     0.05700  -44.009468  169.155919   -0.584    0.661  1
RGI60-18.00249     0.05694  -44.835678  167.776803   -0.248    0.509  1
RGI60-18.00670     0.05693  -44.427598  168.637709   -0.071    0.397  1
RGI60-18.02528     0.05688  -43.690789  170.320009   -0.293    0.288  1
RGI60-18.02986     0.05682  -43.373048  170.694458   -0.062    0.280  1
RGI60-18.01797     0.05677  -43.664078  169.919322   -0.083    0.276  1
RGI60-18.00467     0.05661  -44.773041  168.550515   -0.129    0.285  1
RGI60-18.01785     0.05653  -43.963066  169.770237   -0.254    0.279  1
RGI60-18.00226     0.05652  -44.854052  167.730200   -0.504    0.486  1
RGI60-18.01749     0.05643  -43.765206  170.042696   -0.150    0.233  1
RGI60-18.02080     0.05638  -43.879577  170.026985   -0.679    0.453  1
RGI60-18.00256     0.05634  -44.696507  168.043444    0.147    0.238  1
RGI60-18.01573     0.05624  -43.834546  169.908768   -0.090    0.295  1
RGI60-18.00214     0.05622  -44.685055  168.080294   -0.268    0.443  1
RGI60-18.01969     0.05619  -43.954296  170.015156    0.055    0.274  1
RGI60-18.02289     0.05616  -43.371409  170.327080   -0.200    0.375  1
RGI60-18.03009     0.05615  -43.348293  171.046852   -0.794    0.611  1
RGI60-18.00645     0.05614  -44.431398  168.411802    0.425    0.494  1
RGI60-18.03286     0.05612  -43.320425  170.975793    0.262    0.531  1
RGI60-18.00950     0.05605  -44.367873  168.791812    0.020    0.412  1
RGI60-18.01295     0.05604  -44.221497  168.827419   -0.364    0.445  1
RGI60-18.00608     0.05601  -44.523500  168.650174    0.326    0.373  1
RGI60-18.02984     0.05598  -43.378042  170.807157   -0.106    0.310  1
RGI60-18.02672     0.05597  -43.549232  170.413405   -0.229    0.284  1
RGI60-18.02326     0.05590  -43.631760  170.082925   -0.027    0.348  1
RGI60-18.01366     0.05573  -44.167473  168.818747   -0.170    0.306  1
RGI60-18.02377     0.05573  -43.503983  170.443849    0.901    0.624  1
RGI60-18.02002     0.05567  -43.947144  169.893622    0.404    0.374  1
RGI60-18.00526     0.05567  -44.608740  168.258136   -0.171    0.221  1
RGI60-18.01215     0.05561  -43.964110  169.612769   -0.373    0.355  1
RGI60-18.00548     0.05561  -44.605032  168.589696   -0.350    0.296  1
RGI60-18.00250     0.05552  -44.833812  167.771979   -0.445    0.604  1
RGI60-18.03516     0.05539  -44.540786  168.005393   -0.146    0.319  1
RGI60-18.03226     0.05536  -43.330755  170.587538   -0.262    0.412  1
RGI60-18.00704     0.05531  -44.499614  168.482222   -0.185    0.355  1
RGI60-18.01574     0.05530  -43.829808  169.901344    0.118    0.551  1
RGI60-18.01075     0.05524  -44.214931  168.740198    0.278    0.381  1
RGI60-18.02617     0.05523  -43.594528  170.733512    0.087    0.343  1
RGI60-18.00461     0.05523  -44.774833  168.248832    0.252    0.390  1
RGI60-18.02740     0.05517  -43.048947  171.405060   -0.129    0.359  1
RGI60-18.02878     0.05514  -42.916019  171.470021    0.231    0.457  1
RGI60-18.01986     0.05513  -43.957758  169.794940    0.291    0.450  1
RGI60-18.02739     0.05512  -43.052307  171.181306   -0.590    0.541  1
RGI60-18.01662     0.05511  -43.841032  169.690171   -0.226    0.336  1
RGI60-18.01258     0.05509  -44.242253  168.842972    0.125    0.416  1
RGI60-18.03234     0.05507  -43.407630  170.740751   -0.413    0.342  1
RGI60-18.01810     0.05507  -43.748200  169.977412   -0.263    0.469  1
RGI60-18.03338     0.05475  -43.216578  171.015328   -0.542    0.417  1
RGI60-18.00654     0.05473  -44.480697  168.508085    0.051    0.354  1
RGI60-18.00129     0.05455  -44.621850  168.046663   -0.108    0.491  1
RGI60-18.00759     0.05454  -44.418232  168.881778    0.558    0.438  1
RGI60-18.03260     0.05452  -43.365253  170.968926   -0.188    0.526  1
RGI60-18.03020     0.05451  -43.338787  171.045016    0.021    0.441  1
RGI60-18.03288     0.05450  -43.368121  170.965863    0.052    0.527  1
RGI60-18.02666     0.05450  -43.450579  170.406827    0.057    0.331  1
RGI60-18.00167     0.05450  -44.580038  168.034330   -0.634    0.761  1
RGI60-18.03460     0.05448  -43.007045  171.381622    0.322    1.205  1
RGI60-18.02846     0.05445  -42.975784  171.383315    2.125    1.445  1
RGI60-18.00550     0.05433  -44.592843  168.303192   -0.035    0.338  1
RGI60-18.02611     0.05429  -43.606990  170.382303    0.099    0.365  1
RGI60-18.02519     0.05421  -43.699564  170.323343    0.039    0.277  1
RGI60-18.00473     0.05411  -44.541038  168.649038   -0.110    0.382  1
RGI60-18.02597     0.05411  -43.599574  170.730657   -0.009    0.255  1
RGI60-18.01740     0.05409  -43.803938  170.036602   -0.272    0.299  1
RGI60-18.01542     0.05407  -43.867886  170.017321    0.097    0.299  1
RGI60-18.02481     0.05404  -43.429733  170.323434   -0.346    0.334  1
RGI60-18.01219     0.05390  -43.958191  169.625845   -0.593    0.461  1
RGI60-18.02130     0.05384  -43.489446  170.624000   -0.162    0.345  1
RGI60-18.02229     0.05365  -43.545204  170.116492   -0.275    0.464  1
RGI60-18.03312     0.05360  -43.246701  170.846940   -0.334    0.566  1
RGI60-18.02634     0.05359  -43.572234  169.920777   -0.144    0.384  1
RGI60-18.00211     0.05354  -44.860090  167.913464    0.496    0.402  1
RGI60-18.00523     0.05346  -44.618737  168.250334   -0.324    0.369  1
RGI60-18.03237     0.05342  -43.316364  170.945807   -0.135    0.381  1
RGI60-18.01283     0.05337  -44.254777  168.853762   -0.149    0.394  1
RGI60-18.00423     0.05328  -44.884185  168.471088   -0.456    0.366  1
RGI60-18.02645     0.05312  -43.576002  170.400510   -0.319    0.363  1
RGI60-18.02442     0.05308  -43.369572  170.331517    0.045    0.315  1
RGI60-18.02648     0.05298  -43.569048  170.401480   -0.206    0.235  1
RGI60-18.02285     0.05294  -43.596707  170.070933   -0.005    0.434  1
RGI60-18.00626     0.05293  -44.525503  168.658128    0.370    0.373  1
RGI60-18.01693     0.05293  -43.742335  169.854280    0.018    0.386  1
RGI60-18.00160     0.05289  -44.590702  168.013612   -0.707    0.651  1
RGI60-18.03352     0.05284  -43.192723  171.079774    0.249    0.569  1
RGI60-18.02564     0.05279  -43.649593  170.316432   -0.200    0.233  1
RGI60-18.02765     0.05278  -43.023443  171.372426   -0.316    0.483  1
RGI60-18.03011     0.05266  -43.344703  170.821337    0.327    0.409  1
RGI60-18.01806     0.05266  -43.850406  169.887009   -0.338    0.379  1
RGI60-18.02390     0.05232  -43.538655  170.431811   -0.069    0.290  1
RGI60-18.02329     0.05224  -43.628500  170.082089    0.028    0.441  1
RGI60-18.00767     0.05222  -44.389267  168.329848    0.215    0.287  1
RGI60-18.01164     0.05216  -44.031416  169.717407   -0.271    0.389  1
RGI60-18.01921     0.05213  -43.812008  169.894894    0.288    0.460  1
RGI60-18.02996     0.05212  -43.375537  170.655674   -0.115    0.327  1
RGI60-18.02588     0.05212  -43.608146  169.960235   -0.336    0.334  1
RGI60-18.01673     0.05206  -43.805194  170.022142    0.171    0.380  1
RGI60-18.02646     0.05194  -43.577231  170.403820   -0.058    0.354  1
RGI60-18.02727     0.05189  -43.072598  171.172545   -0.290    0.491  1
RGI60-18.01854     0.05183  -43.847017  169.831593   -0.079    0.256  1
RGI60-18.03110     0.05182  -43.149653  170.928926   -0.208    0.365  1
RGI60-18.00784     0.05181  -44.495957  168.431743   -0.229    0.311  1
RGI60-18.00942     0.05178  -44.312467  168.483034    0.231    0.343  1
RGI60-18.02968     0.05165  -43.396978  170.635828   -0.435    0.375  1
RGI60-18.00465     0.05163  -44.775577  168.609622    0.235    0.357  1
RGI60-18.03482     0.05163  -43.443516  170.627209   -0.304    0.384  1
RGI60-18.01056     0.05156  -44.295162  168.890881    0.183    0.365  1
RGI60-18.03176     0.05152  -43.318120  170.839875   -0.477    0.555  1
RGI60-18.02159     0.05137  -43.508451  170.597258    0.089    0.207  1
RGI60-18.02585     0.05133  -43.625851  170.242714   -0.087    0.381  1
RGI60-18.00442     0.05119  -44.851386  168.296867    0.812    0.521  1
RGI60-18.00582     0.05116  -44.571139  168.612250   -0.087    0.289  1
RGI60-18.02534     0.05107  -43.679325  170.257083   -0.349    0.363  1
RGI60-18.01457     0.05102  -44.015497  169.708200   -0.225    0.599  1
RGI60-18.00531     0.05102  -45.001424  168.138387   -0.203    0.296  1
RGI60-18.01784     0.05095  -43.966696  169.769197    0.085    0.518  1
RGI60-18.01153     0.05094  -44.038964  169.686567   -0.221    0.326  1
RGI60-18.01181     0.05087  -44.293272  168.831937   -0.061    0.531  1
RGI60-18.03184     0.05083  -43.238064  170.936037   -0.470    0.419  1
RGI60-18.02670     0.05079  -43.441657  170.411303   -0.317    0.469  1
RGI60-18.00424     0.05070  -45.010494  168.154807    0.433    0.344  1
RGI60-18.01494     0.05046  -44.078283  169.690923   -0.260    0.392  1
RGI60-18.02811     0.05046  -42.974066  171.284272   -1.108    0.634  1
RGI60-18.01116     0.05036  -44.079025  169.443518   -0.098    0.277  1
RGI60-18.01804     0.05035  -43.650128  169.777163   -0.063    0.293  1
RGI60-18.02183     0.05021  -43.411108  170.634991    0.074    0.386  1
RGI60-18.01631     0.05006  -43.847512  169.941390   -0.130    0.244  1
RGI60-18.01653     0.04997  -43.811451  169.613369   -0.206    0.373  1
RGI60-18.01831     0.04997  -43.823519  169.912073    0.171    0.328  1
RGI60-18.03238     0.04970  -43.319075  170.965038   -0.389    0.447  1
RGI60-18.02849     0.04963  -42.949089  171.415343   -0.047    0.422  1
RGI60-18.01678     0.04961  -43.767177  170.072356   -0.122    0.324  1
RGI60-18.02763     0.04948  -43.027232  171.416040   -0.337    0.605  1
RGI60-18.01407     0.04939  -44.138394  169.161572   -1.322    0.816  1
RGI60-18.03467     0.04938  -43.240689  170.819541   -0.382    0.380  1
RGI60-18.00901     0.04937  -44.346700  168.629817   -0.189    0.399  1
RGI60-18.02795     0.04936  -42.988171  171.422629   -0.096    0.545  1
RGI60-18.03022     0.04932  -43.337396  170.827523   -0.051    0.480  1
RGI60-18.01435     0.04927  -44.143476  169.617799   -0.717    0.517  1
RGI60-18.01957     0.04925  -43.820279  169.874485   -0.030    0.724  1
RGI60-18.01548     0.04907  -43.998202  169.891054   -0.115    0.422  1
RGI60-18.00641     0.04904  -44.435969  168.304447   -0.352    0.361  1
RGI60-18.02572     0.04903  -43.640309  170.346819   -0.130    0.277  1
RGI60-18.03521     0.04884  -44.762478  168.050967   -0.052    0.347  1
RGI60-18.02069     0.04880  -43.887974  169.786096   -0.111    0.248  1
RGI60-18.01713     0.04879  -43.761563  169.861016   -0.055    0.378  1
RGI60-18.02541     0.04878  -43.670412  170.273161   -0.052    0.302  1
RGI60-18.03322     0.04878  -43.238613  170.995397   -0.109    0.517  1
RGI60-18.00460     0.04877  -44.775487  168.231122    1.051    0.650  1
RGI60-18.02760     0.04869  -43.045415  171.402954   -0.455    0.427  1
RGI60-18.01082     0.04867  -44.946716  168.126827   -0.183    0.296  1
RGI60-18.00692     0.04863  -44.435248  168.647328   -0.005    0.415  1
RGI60-18.03212     0.04853  -43.296347  170.727759   -0.686    0.576  1
RGI60-18.02209     0.04852  -43.451659  170.341205   -0.317    0.559  1
RGI60-18.00915     0.04847  -44.314947  168.490665   -0.210    0.367  1
RGI60-18.00306     0.04844  -44.800123  167.925889    0.526    0.480  1
RGI60-18.02529     0.04843  -43.691212  170.327563   -0.211    0.261  1
RGI60-18.00909     0.04842  -44.328342  168.454411    0.223    0.298  1
RGI60-18.01108     0.04842  -44.293693  168.825113   -0.349    0.499  1
RGI60-18.01244     0.04840  -43.980196  169.683948   -0.107    0.238  1
RGI60-18.01892     0.04834  -43.862525  169.816825   -0.153    0.323  1
RGI60-18.00027     0.04832  -44.727837  168.071023   -0.629    0.505  1
RGI60-18.00257     0.04817  -44.692405  168.041165    0.116    0.461  1
RGI60-18.02569     0.04817  -43.641877  170.354447   -0.132    0.505  1
RGI60-18.03152     0.04807  -43.289602  170.753057   -0.622    0.533  1
RGI60-18.00770     0.04805  -44.562006  168.715609    0.014    0.253  1
RGI60-18.01636     0.04802  -43.826481  170.032334   -0.224    0.341  1
RGI60-18.02612     0.04795  -43.602776  170.381070   -0.098    0.407  1
RGI60-18.00719     0.04791  -44.485380  168.564555   -0.039    0.351  1
RGI60-18.02865     0.04788  -42.936566  171.501661   -0.826    0.697  1
RGI60-18.00615     0.04786  -44.523384  168.654455    0.074    0.330  1
RGI60-18.01681     0.04780  -43.764872  170.000818   -0.699    0.616  1
RGI60-18.00499     0.04776  -44.653671  168.215768   -0.142    0.391  1
RGI60-18.02714     0.04772  -43.075822  171.190904   -0.617    0.702  1
RGI60-18.01761     0.04761  -43.736654  170.058250   -0.195    0.273  1
RGI60-18.01753     0.04729  -43.740039  170.062663   -0.292    0.372  1
RGI60-18.02288     0.04719  -43.573802  170.288636   -0.036    0.762  1
RGI60-18.01472     0.04719  -44.096390  169.651633   -0.084    0.353  1
RGI60-18.02306     0.04715  -43.449410  170.606668   -0.197    0.382  1
RGI60-18.01086     0.04712  -44.889033  168.183281   -1.915    1.292  1
RGI60-18.01787     0.04708  -43.704759  169.996686   -0.236    0.290  1
RGI60-18.02028     0.04706  -43.927686  169.798234    4.560    2.548  1
RGI60-18.02538     0.04700  -43.674053  170.330043    0.068    0.321  1
RGI60-18.02779     0.04700  -43.003838  171.414381    0.003    0.493  1
RGI60-18.01942     0.04695  -43.872219  169.811148   -0.180    0.294  1
RGI60-18.01720     0.04690  -43.734985  169.792900   -0.317    0.393  1
RGI60-18.01755     0.04687  -43.732131  170.064684   -0.327    0.312  1
RGI60-18.00669     0.04685  -44.477239  168.453374    0.233    0.389  1
RGI60-18.01730     0.04677  -43.734459  169.789500   -0.372    0.391  1
RGI60-18.03023     0.04673  -43.414800  170.741301   -0.174    0.305  1
RGI60-18.01782     0.04671  -43.971878  169.772133    0.126    0.618  1
RGI60-18.01660     0.04670  -43.828678  169.596241    0.395    0.384  1
RGI60-18.01118     0.04668  -44.075784  169.470694    0.355    0.354  1
RGI60-18.01033     0.04653  -44.563493  168.641262   -0.033    0.343  1
RGI60-18.03270     0.04653  -43.320654  170.983079   -0.359    0.534  1
RGI60-18.00521     0.04649  -44.627885  168.557454    0.261    0.362  1
RGI60-18.01053     0.04644  -44.297250  168.910298   -0.303    0.385  1
RGI60-18.00804     0.04636  -44.529507  168.324959   -4.526    2.060  1
RGI60-18.00236     0.04635  -44.846758  167.729679    0.041    0.572  1
RGI60-18.02188     0.04630  -43.772170  170.289982    0.086    0.325  1
RGI60-18.00560     0.04627  -44.586941  168.300454   -0.022    0.310  1
RGI60-18.02920     0.04622  -43.105954  171.204964   -1.008    0.605  1
RGI60-18.00117     0.04614  -44.626357  168.071832   -0.338    0.405  1
RGI60-18.00682     0.04613  -44.487032  168.545543    0.045    0.353  1
RGI60-18.00896     0.04595  -44.370059  168.897265   -0.024    0.258  1
RGI60-18.01773     0.04595  -43.722603  169.864976   -0.258    0.306  1
RGI60-18.00602     0.04594  -45.029480  168.142273    0.189    0.349  1
RGI60-18.03387     0.04587  -43.179224  170.827812   -0.354    0.415  1
RGI60-18.00762     0.04580  -44.388071  168.339025   -0.192    0.472  1
RGI60-18.00672     0.04574  -44.426426  168.634352    0.016    0.470  1
RGI60-18.01123     0.04572  -44.078884  169.452707    0.659    0.488  1
RGI60-18.02151     0.04568  -43.493619  170.582704   -0.436    0.410  1
RGI60-18.00703     0.04562  -44.500462  168.479050    0.107    0.357  1
RGI60-18.03291     0.04558  -43.293101  170.723197   -0.231    0.414  1
RGI60-18.01537     0.04558  -43.983096  169.760198   -0.133    0.262  1
RGI60-18.00212     0.04554  -44.859637  167.799377    0.196    0.435  1
RGI60-18.01087     0.04551  -44.891315  168.228464    0.220    0.266  1
RGI60-18.02284     0.04549  -43.407199  170.579352   -0.565    0.431  1
RGI60-18.00017     0.04536  -39.287889  175.556511   -0.063    0.292  1
RGI60-18.03013     0.04524  -43.341155  170.875225   -0.224    0.471  1
RGI60-18.02686     0.04523  -43.496393  170.628922   -0.082    0.275  1
RGI60-18.01387     0.04522  -44.177452  169.578227    0.428    0.362  1
RGI60-18.01885     0.04520  -43.806342  169.906478    7.938    6.131  1
RGI60-18.01076     0.04516  -45.020675  168.128149    0.221    0.516  1
RGI60-18.00206     0.04513  -44.875016  167.926425   -0.116    0.430  1
RGI60-18.01331     0.04508  -44.014123  168.942814    0.107    0.508  1
RGI60-18.03336     0.04497  -43.115190  170.871441   -0.102    0.253  1
RGI60-18.00710     0.04496  -44.462036  168.458028    0.146    0.425  1
RGI60-18.01303     0.04489  -44.216067  168.808256   -0.147    0.354  1
RGI60-18.00954     0.04486  -44.465186  168.706629    0.378    0.493  1
RGI60-18.03053     0.04484  -43.333234  170.878806   -0.221    0.280  1
RGI60-18.01565     0.04483  -43.849422  170.020385   -0.132    0.398  1
RGI60-18.02260     0.04481  -43.393099  170.509224    0.109    0.356  1
RGI60-18.03174     0.04475  -43.187652  170.893059   -0.404    0.542  1
RGI60-18.03354     0.04472  -43.130015  170.929726   -0.121    0.371  1
RGI60-18.02606     0.04453  -43.610352  170.410853   -0.488    0.370  1
RGI60-18.00054     0.04445  -44.701907  168.036070    0.125    0.374  1
RGI60-18.03314     0.04444  -43.401004  170.662691   -0.183    0.368  1
RGI60-18.01476     0.04441  -44.091975  169.647346   -0.067    0.403  1
RGI60-18.01029     0.04439  -44.308932  168.893755   -0.048    0.473  1
RGI60-18.00642     0.04432  -44.435664  168.307854    0.063    0.347  1
RGI60-18.02798     0.04420  -43.136980  171.119501   -0.698    0.736  1
RGI60-18.00761     0.04418  -44.397314  168.607778   -0.088    0.346  1
RGI60-18.01240     0.04412  -43.961054  169.638650   -0.085    0.391  1
RGI60-18.01490     0.04409  -44.078189  169.696595   -0.643    0.583  1
RGI60-18.00195     0.04392  -44.521236  167.978766    0.098    0.330  1
RGI60-18.03188     0.04391  -43.258525  170.928905   -0.152    0.397  1
RGI60-18.01601     0.04390  -43.782898  169.776581   -0.034    0.308  1
RGI60-18.03222     0.04387  -43.337727  170.582069   -0.271    0.353  1
RGI60-18.02654     0.04387  -43.566585  170.429107    0.042    0.540  1
RGI60-18.02158     0.04382  -43.513301  170.596971   -0.009    0.224  1
RGI60-18.00341     0.04382  -44.780092  167.970311   -0.114    0.537  1
RGI60-18.02903     0.04381  -42.906041  171.486748    0.325    0.605  1
RGI60-18.03148     0.04378  -43.364146  170.701646   -0.227    0.438  1
RGI60-18.03328     0.04373  -43.228634  170.847606   -0.101    0.345  1
RGI60-18.02917     0.04370  -43.104462  171.193457   -0.629    0.523  1
RGI60-18.03124     0.04367  -43.330221  170.613246   -0.211    0.354  1
RGI60-18.00701     0.04365  -44.504982  168.483388   -0.096    0.260  1
RGI60-18.00489     0.04365  -44.678884  168.546374   -0.024    0.358  1
RGI60-18.02633     0.04357  -43.572676  169.914952   -0.063    0.315  1
RGI60-18.00801     0.04355  -44.532998  168.290833   -0.245    0.358  1
RGI60-18.01635     0.04354  -43.828204  170.031854   -0.726    0.517  1
RGI60-18.01104     0.04353  -44.562121  168.241589   -0.136    0.410  1
RGI60-18.02473     0.04347  -43.483824  170.555875    0.212    0.463  1
RGI60-18.01009     0.04347  -44.451731  168.752114   -0.004    0.453  1
RGI60-18.00605     0.04337  -44.504380  168.406244    0.236    0.295  1
RGI60-18.02774     0.04336  -43.116563  171.066379   -1.279    0.917  1
RGI60-18.00430     0.04333  -44.869317  168.206456    0.007    0.329  1
RGI60-18.02723     0.04330  -43.075344  171.163321   -0.884    0.660  1
RGI60-18.01898     0.04327  -43.654242  170.092242   -0.057    0.259  1
RGI60-18.00607     0.04312  -44.531661  168.617120    0.205    0.259  1
RGI60-18.02959     0.04311  -43.392205  170.736174    0.110    0.485  1
RGI60-18.00488     0.04305  -44.691349  168.573082   -0.622    0.473  1
RGI60-18.02816     0.04300  -42.961501  171.309572    0.648    0.510  1
RGI60-18.01367     0.04299  -44.181233  168.994996   -0.256    0.441  1
RGI60-18.01725     0.04299  -43.738241  169.799265   -0.255    0.370  1
RGI60-18.00218     0.04299  -44.861657  167.998108    0.195    0.397  1
RGI60-18.01798     0.04296  -43.658608  169.958352   -0.013    0.420  1
RGI60-18.02014     0.04296  -43.935298  169.805242    0.081    0.383  1
RGI60-18.01648     0.04290  -43.825482  169.628591   -0.443    0.568  1
RGI60-18.00655     0.04287  -44.479121  168.510966   -0.020    0.487  1
RGI60-18.01793     0.04287  -43.690128  169.787421   -0.375    0.485  1
RGI60-18.03347     0.04282  -43.195844  171.006558    0.245    0.512  1
RGI60-18.00600     0.04278  -44.523496  168.818167    0.088    0.261  1
RGI60-18.02735     0.04275  -43.079007  171.187830   -0.301    0.431  1
RGI60-18.00270     0.04269  -44.816394  167.770824   -0.380    0.571  1
RGI60-18.02772     0.04254  -43.139495  171.187679    0.077    0.429  1
RGI60-18.01993     0.04254  -43.944108  169.756689   -0.440    0.377  1
RGI60-18.00102     0.04253  -44.936817  167.747731   -0.157    0.327  1
RGI60-18.02047     0.04253  -43.926034  169.756512   -0.190    0.371  1
RGI60-18.00769     0.04251  -44.385534  168.407684   -0.369    0.424  1
RGI60-18.01456     0.04241  -44.117816  169.642105   -0.077    0.404  1
RGI60-18.00838     0.04238  -44.495624  168.414440    0.004    0.285  1
RGI60-18.00872     0.04231  -44.353808  168.445683    0.285    0.492  1
RGI60-18.01160     0.04228  -44.032342  169.570846   -0.294    0.450  1
RGI60-18.01629     0.04222  -43.843405  169.942234   -0.013    0.248  1
RGI60-18.00983     0.04214  -44.362997  168.784334   -0.496    0.421  1
RGI60-18.00592     0.04213  -44.568885  168.566369   -0.115    0.254  1
RGI60-18.03304     0.04210  -43.271720  170.516968   -0.190    0.324  1
RGI60-18.01705     0.04208  -43.745860  169.925165   -0.286    0.362  1
RGI60-18.01999     0.04203  -43.944239  169.768750   -0.432    0.427  1
RGI60-18.00535     0.04195  -44.639842  168.383266    0.216    0.367  1
RGI60-18.00739     0.04193  -44.563067  168.623596   -0.267    0.317  1
RGI60-18.00627     0.04192  -44.524936  168.661807   -0.415    0.434  1
RGI60-18.02738     0.04189  -43.057100  171.223726   -0.393    0.564  1
RGI60-18.03055     0.04187  -43.334995  170.903649    0.113    0.443  1
RGI60-18.01989     0.04184  -43.952902  169.777818   -0.286    0.340  1
RGI60-18.01024     0.04178  -44.310773  168.854042   -0.101    0.427  1
RGI60-18.00245     0.04177  -44.846038  168.032097   -0.477    0.673  1
RGI60-18.01794     0.04175  -43.688249  169.885183   -0.270    0.416  1
RGI60-18.01329     0.04164  -43.858079  169.467870    0.898    0.594  1
RGI60-18.03065     0.04161  -43.287358  170.826795    0.004    0.384  1
RGI60-18.01687     0.04157  -43.807191  169.974188   -0.122    0.402  1
RGI60-18.01390     0.04156  -44.159494  169.593121   -0.363    0.427  1
RGI60-18.00913     0.04153  -44.320810  168.456647    0.184    0.436  1
RGI60-18.02556     0.04152  -43.655932  170.154504   -0.300    0.379  1
RGI60-18.02905     0.04144  -42.904083  171.489208    0.570    0.650  1
RGI60-18.01416     0.04143  -44.028243  169.583135   -0.377    0.497  1
RGI60-18.02577     0.04131  -43.644409  170.156722   -0.213    0.345  1
RGI60-18.01546     0.04131  -43.872552  170.019385   -0.058    0.322  1
RGI60-18.01984     0.04128  -43.959097  169.783571    0.496    0.618  1
RGI60-18.00138     0.04123  -44.639338  168.018693   -1.531    0.974  1
RGI60-18.02913     0.04112  -43.123259  171.189152    0.077    0.526  1
RGI60-18.01915     0.04107  -43.847843  169.890177   -0.127    0.378  1
RGI60-18.02268     0.04107  -43.390562  170.516047   -0.042    0.420  1
RGI60-18.01569     0.04103  -43.835687  169.717560   -0.425    0.414  1
RGI60-18.02593     0.04102  -43.605847  169.998004   -0.003    0.292  1
RGI60-18.00474     0.04099  -44.546401  168.646424    0.544    0.456  1
RGI60-18.00428     0.04096  -44.876932  168.502923   -0.220    0.311  1
RGI60-18.00282     0.04094  -44.828265  167.989915   -0.107    0.453  1
RGI60-18.00610     0.04094  -44.533646  168.615057   -0.451    0.360  1
RGI60-18.02868     0.04094  -42.923618  171.359912    0.042    0.505  1
RGI60-18.00291     0.04081  -44.815229  167.860941    0.724    0.485  1
RGI60-18.01979     0.04080  -43.964394  169.796842    0.178    1.047  1
RGI60-18.03030     0.04074  -43.336399  170.831951   -0.041    0.386  1
RGI60-18.01132     0.04069  -44.055969  169.485617    0.550    0.450  1
RGI60-18.02708     0.04064  -43.088817  171.118762   -0.811    0.773  1
RGI60-18.00771     0.04060  -44.389181  168.371705   -0.460    0.485  1
RGI60-18.03133     0.04058  -43.283729  170.822161   -0.363    0.514  1
RGI60-18.02582     0.04055  -43.647293  170.156096   -0.205    0.347  1
RGI60-18.02252     0.04050  -43.608485  170.039483   -0.416    0.398  1
RGI60-18.00637     0.04046  -44.446011  168.644740   -0.399    0.444  1
RGI60-18.02214     0.04043  -43.457146  170.413471    0.248    0.866  1
RGI60-18.00524     0.04040  -44.621950  168.246598   -0.127    0.332  1
RGI60-18.01433     0.04024  -44.136978  169.624600   -0.096    0.510  1
RGI60-18.02869     0.04023  -42.923123  171.499251   -0.742    0.593  1
RGI60-18.02877     0.04019  -42.925759  171.363421   -0.026    0.499  1
RGI60-18.03087     0.04017  -43.298593  170.811329   -0.323    0.540  1
RGI60-18.00042     0.04016  -44.724255  168.072851    0.216    0.372  1
RGI60-18.02867     0.04014  -42.927607  171.501666    0.157    0.336  1
RGI60-18.01481     0.04008  -44.067769  168.920119   -0.099    0.429  1
RGI60-18.02240     0.04006  -43.543441  170.441095   -0.081    0.435  1
RGI60-18.01643     0.04002  -43.807987  169.646070    0.225    0.516  1
RGI60-18.01173     0.04000  -43.997356  169.712880   -0.225    0.412  1
RGI60-18.02409     0.03999  -43.638565  170.091409   -0.243    0.383  1
RGI60-18.02374     0.03995  -43.589830  170.260523   -0.092    0.359  1
RGI60-18.01161     0.03988  -44.035106  169.682260    0.010    0.364  1
RGI60-18.03534     0.03988  -43.455073  170.347234   -3.355    3.070  1
RGI60-18.02639     0.03982  -43.571380  170.655339   -0.084    0.463  1
RGI60-18.02642     0.03978  -43.566318  169.945348    0.067    0.332  1
RGI60-18.02946     0.03977  -43.098380  170.952075   -0.109    0.389  1
RGI60-18.00438     0.03974  -44.854290  168.526978   -0.308    0.365  1
RGI60-18.01332     0.03970  -43.855481  169.540699    0.142    0.357  1
RGI60-18.01045     0.03964  -44.977038  168.323510    0.120    0.301  1
RGI60-18.02871     0.03963  -42.921361  171.268981    0.115    0.846  1
RGI60-18.02704     0.03961  -43.160083  171.188808   -0.215    0.551  1
RGI60-18.01591     0.03961  -43.768185  169.785062   -0.153    0.301  1
RGI60-18.02618     0.03959  -43.749913  170.361760   -0.147    0.286  1
RGI60-18.01814     0.03951  -43.712698  170.026498    0.311    0.374  1
RGI60-18.02012     0.03944  -43.937900  169.798482   -0.167    0.336  1
RGI60-18.03293     0.03939  -43.140856  171.040961    0.073    0.466  1
RGI60-18.00993     0.03936  -44.316275  168.841649   -0.324    0.478  1
RGI60-18.02598     0.03927  -43.597449  170.647998    0.288    0.437  1
RGI60-18.01938     0.03918  -43.658994  170.086103    0.079    0.422  1
RGI60-18.01497     0.03909  -44.076847  169.750616   -0.245    0.280  1
RGI60-18.01996     0.03904  -43.943273  169.732344   -0.073    0.280  1
RGI60-18.01689     0.03895  -43.801680  169.978412   -0.218    0.472  1
RGI60-18.02987     0.03888  -43.374147  170.698224    0.160    0.397  1
RGI60-18.02724     0.03882  -43.074769  171.166911   -0.647    0.485  1
RGI60-18.00595     0.03882  -44.527683  168.808889   -0.486    0.524  1
RGI60-18.01272     0.03876  -44.247032  168.836438   -0.634    0.538  1
RGI60-18.00012     0.03873  -39.265826  175.563475   -0.344    0.360  1
RGI60-18.01719     0.03869  -43.736273  169.804641   -0.003    0.383  1
RGI60-18.01399     0.03864  -44.145103  169.101015    0.110    0.558  1
RGI60-18.00805     0.03863  -44.526216  168.322898   -0.937    0.600  1
RGI60-18.00666     0.03860  -44.460330  168.498788   -0.157    0.457  1
RGI60-18.00660     0.03854  -44.456958  168.551871    0.100    0.401  1
RGI60-18.01055     0.03853  -44.297723  168.889497    0.006    0.436  1
RGI60-18.02651     0.03850  -43.564381  170.081217   -0.248    0.417  1
RGI60-18.03154     0.03848  -43.286636  170.749401   -0.421    0.497  1
RGI60-18.00782     0.03844  -44.502099  168.430180   -0.042    0.285  1
RGI60-18.02834     0.03841  -42.964371  171.389448    0.277    0.916  1
RGI60-18.00183     0.03833  -44.580924  167.973321    0.486    0.476  1
RGI60-18.02741     0.03832  -43.044596  171.216506   -0.503    0.637  1
RGI60-18.02852     0.03831  -43.131392  171.192274    0.323    0.563  1
RGI60-18.02061     0.03822  -43.887282  170.015094    0.075    0.300  1
RGI60-18.02184     0.03820  -43.407630  170.589639   -0.562    0.402  1
RGI60-18.00118     0.03816  -44.627144  168.068196    0.207    0.328  1
RGI60-18.00335     0.03815  -44.783267  168.000624    0.754    0.643  1
RGI60-18.02784     0.03809  -43.003096  171.232279    0.228    0.530  1
RGI60-18.01031     0.03809  -44.296497  168.471708   -0.017    0.281  1
RGI60-18.01496     0.03808  -44.079985  169.750616   -0.360    0.366  1
RGI60-18.01745     0.03808  -43.800752  170.038953   -0.199    0.327  1
RGI60-18.03330     0.03807  -43.237174  170.829830   -0.379    0.601  1
RGI60-18.01712     0.03804  -43.765881  169.882053   -1.041    0.587  1
RGI60-18.01359     0.03801  -44.159052  168.833017    0.099    0.437  1
RGI60-18.00579     0.03798  -44.579806  168.561327    0.059    0.237  1
RGI60-18.01324     0.03796  -43.870695  169.465435   -0.248    0.422  1
RGI60-18.00955     0.03795  -44.462223  168.701875   -0.085    0.359  1
RGI60-18.00241     0.03788  -44.846904  167.705792    0.272    0.667  1
RGI60-18.01270     0.03781  -44.214143  168.812396    0.140    0.507  1
RGI60-18.02812     0.03780  -43.114239  171.219191    0.733    0.630  1
RGI60-18.02810     0.03779  -42.998042  171.284075    0.600    0.571  1
RGI60-18.00921     0.03772  -44.570566  168.443778   -0.109    0.278  1
RGI60-18.01697     0.03769  -43.743758  169.849427    0.142    0.584  1
RGI60-18.01380     0.03768  -44.163599  169.712738   -0.174    0.318  1
RGI60-18.01426     0.03762  -44.033515  169.561488   -0.537    0.511  1
RGI60-18.02856     0.03760  -42.945210  171.491633   -0.188    0.449  1
RGI60-18.02215     0.03758  -43.455748  170.419472    0.009    0.373  1
RGI60-18.00609     0.03757  -44.521076  168.646939   -0.110    0.375  1
RGI60-18.00900     0.03753  -44.360234  168.897715   -0.013    0.329  1
RGI60-18.01171     0.03748  -43.999262  169.706304   -0.241    0.281  1
RGI60-18.01628     0.03748  -43.819065  169.964567   -0.310    0.553  1
RGI60-18.02167     0.03741  -43.534735  170.561221   -0.077    0.316  1
RGI60-18.00691     0.03737  -44.439073  168.647517    0.009    0.436  1
RGI60-18.02018     0.03735  -43.929507  169.767855   -0.045    0.408  1
RGI60-18.02545     0.03730  -43.656917  170.309966   -0.038    0.361  1
RGI60-18.02211     0.03726  -43.586320  170.102037   -0.056    0.492  1
RGI60-18.00604     0.03723  -44.509535  168.631583   -0.104    0.298  1
RGI60-18.03364     0.03719  -43.188478  170.787660   -0.133    0.312  1
RGI60-18.02277     0.03718  -43.521832  170.446518    0.155    0.437  1
RGI60-18.00590     0.03715  -44.563766  168.572015   -0.398    0.425  1
RGI60-18.01953     0.03714  -43.873848  169.825010   -0.087    0.395  1
RGI60-18.03016     0.03714  -43.149322  170.956160   -0.392    0.735  1
RGI60-18.01128     0.03711  -44.084461  169.441419   -0.087    0.223  1
RGI60-18.03083     0.03709  -43.356133  170.704802   -0.159    0.319  1
RGI60-18.01428     0.03704  -44.014364  169.582742   -0.251    0.320  1
RGI60-18.01341     0.03701  -44.199190  168.906313   -0.534    0.477  1
RGI60-18.00735     0.03699  -44.422292  168.431090    0.056    0.428  1
RGI60-18.02132     0.03695  -43.488230  170.617654    0.205    0.392  1
RGI60-18.00837     0.03690  -44.404060  168.350420   -0.313    0.496  1
RGI60-18.02548     0.03689  -43.656369  170.304979   -0.099    0.277  1
RGI60-18.03054     0.03686  -43.329879  170.879975   -0.088    0.464  1
RGI60-18.00238     0.03684  -44.849439  167.742332    0.248    0.609  1
RGI60-18.02828     0.03665  -42.958385  171.391357   -0.742    0.630  1
RGI60-18.01213     0.03664  -43.955993  169.598929   -0.098    0.330  1
RGI60-18.00567     0.03656  -44.572888  168.239665   -0.190    0.448  1
RGI60-18.02789     0.03651  -42.991334  171.367727   -0.479    0.557  1
RGI60-18.02518     0.03632  -43.699462  170.333934    0.026    0.299  1
RGI60-18.03042     0.03632  -43.339003  170.853871    0.229    0.561  1
RGI60-18.00455     0.03629  -44.988165  168.307449   -0.008    0.312  1
RGI60-18.00285     0.03628  -44.830941  167.994278    0.061    0.361  1
RGI60-18.03073     0.03627  -43.178275  170.921301    0.871    0.660  1
RGI60-18.02335     0.03617  -43.543112  170.326988    0.185    0.397  1
RGI60-18.01736     0.03616  -43.732360  169.784550   -0.435    0.416  1
RGI60-18.02525     0.03614  -43.765393  170.297319   -0.055    0.277  1
RGI60-18.00591     0.03606  -44.569327  168.562440   -0.067    0.207  1
RGI60-18.01158     0.03601  -44.039110  169.714177   -0.267    0.411  1
RGI60-18.01638     0.03598  -43.819129  170.030359   -0.407    0.422  1
RGI60-18.03244     0.03597  -43.337386  170.997516   -0.605    0.656  1
RGI60-18.00811     0.03596  -44.504552  168.423977   -0.174    0.345  1
RGI60-18.02165     0.03594  -43.537620  170.567044    0.695    0.635  1
RGI60-18.02009     0.03581  -43.940580  170.017386    0.008    0.217  1
RGI60-18.00159     0.03578  -44.553239  168.015817    0.156    0.488  1
RGI60-18.02908     0.03573  -42.904063  171.481641   -0.327    0.501  1
RGI60-18.02561     0.03572  -43.461192  170.412444   -0.352    0.344  1
RGI60-18.02345     0.03571  -43.427221  170.505821    0.681    0.776  1
RGI60-18.00221     0.03554  -44.853315  168.006507    0.033    0.241  1
RGI60-18.00884     0.03544  -44.387147  168.619589   -0.169    0.450  1
RGI60-18.02840     0.03525  -42.975521  171.397504   -2.014    1.387  1
RGI60-18.00482     0.03520  -44.704494  168.194600    0.117    0.323  1
RGI60-18.03015     0.03519  -43.151176  170.960069   -0.384    0.539  1
RGI60-18.00697     0.03517  -44.502690  168.454514   -0.332    0.353  1
RGI60-18.00581     0.03511  -44.571828  168.607447   -0.204    0.359  1
RGI60-18.03446     0.03511  -44.076404  169.467084   -0.220    0.416  1
RGI60-18.02225     0.03509  -43.390067  170.328915   -0.169    0.383  1
RGI60-18.02427     0.03506  -43.466440  170.292273   -0.128    0.377  1
RGI60-18.01971     0.03504  -43.951861  169.887187    0.888    0.721  1
RGI60-18.01800     0.03501  -43.960956  169.878555    0.129    0.294  1
RGI60-18.00720     0.03498  -44.481507  168.565549    0.231    0.475  1
RGI60-18.02026     0.03497  -43.929725  169.800387   -0.661    1.008  1
RGI60-18.01561     0.03496  -43.787713  170.044106    0.122    0.344  1
RGI60-18.03014     0.03491  -43.338683  170.875518    0.015    0.516  1
RGI60-18.02443     0.03490  -43.365777  170.330130   -0.296    0.350  1
RGI60-18.01632     0.03489  -43.836195  170.029320   -0.027    0.360  1
RGI60-18.00540     0.03481  -44.635051  168.381127   -0.273    0.389  1
RGI60-18.00345     0.03479  -44.776852  168.097027    0.375    0.396  1
RGI60-18.00466     0.03478  -44.777165  168.613091   -0.070    0.287  1
RGI60-18.00150     0.03476  -44.580981  167.966602    0.101    0.510  1
RGI60-18.02049     0.03472  -43.915754  169.763518   -0.322    0.515  1
RGI60-18.02870     0.03470  -42.923081  171.293463   -0.974    0.877  1
RGI60-18.02620     0.03459  -43.746385  170.363697   -0.052    0.296  1
RGI60-18.01166     0.03458  -44.206538  168.952260    0.306    0.617  1
RGI60-18.00064     0.03449  -44.750923  168.038046   -0.189    0.578  1
RGI60-18.01170     0.03435  -44.003047  169.701603   -0.173    0.281  1
RGI60-18.02004     0.03433  -43.942732  169.887043   -0.193    0.327  1
RGI60-18.00935     0.03424  -44.572552  168.403015    0.263    0.474  1
RGI60-18.02821     0.03424  -42.992400  171.385345   -0.527    0.647  1
RGI60-18.02576     0.03421  -43.454992  170.149320   -0.061    0.232  1
RGI60-18.02938     0.03418  -43.167164  171.040865   -0.612    0.575  1
RGI60-18.01193     0.03414  -43.993454  169.544609   -0.174    0.256  1
RGI60-18.00887     0.03412  -44.362486  168.589484   -0.067    0.722  1
RGI60-18.01302     0.03402  -44.216675  168.812066   -0.185    0.365  1
RGI60-18.02766     0.03402  -43.020394  171.440523   -1.155    0.776  1
RGI60-18.00305     0.03402  -44.800604  167.934315   -0.242    0.545  1
RGI60-18.03247     0.03397  -43.317682  170.976622   -0.152    0.604  1
RGI60-18.02746     0.03393  -43.034433  171.436559   -0.796    0.644  1
RGI60-18.00572     0.03388  -44.569600  168.185112   -0.114    0.313  1
RGI60-18.03334     0.03387  -43.397735  170.718927    0.071    0.456  1
RGI60-18.00914     0.03377  -44.317535  168.494129   -0.083    0.291  1
RGI60-18.03072     0.03375  -43.180822  170.923318    0.023    0.621  1
RGI60-18.03333     0.03374  -43.211453  171.060627   -0.716    0.605  1
RGI60-18.00821     0.03372  -44.389338  168.374856   -0.199    0.434  1
RGI60-18.02640     0.03369  -43.567064  170.059910   -0.120    0.277  1
RGI60-18.00314     0.03368  -44.793085  167.826013   -0.030    0.362  1
RGI60-18.00819     0.03368  -44.426949  168.399682   -0.003    0.490  1
RGI60-18.00492     0.03365  -44.662697  168.381607   -0.117    0.587  1
RGI60-18.01004     0.03362  -44.405321  168.696578   -0.139    0.705  1
RGI60-18.00433     0.03361  -44.542664  168.729906   -0.078    0.305  1
RGI60-18.01000     0.03360  -44.384051  168.789863   -0.006    0.552  1
RGI60-18.00458     0.03358  -44.779367  168.190913   -0.173    0.515  1
RGI60-18.00342     0.03357  -44.778898  167.995752    0.306    0.479  1
RGI60-18.00906     0.03353  -44.331968  168.649243    0.042    0.387  1
RGI60-18.02658     0.03353  -43.562401  170.533630    0.210    0.347  1
RGI60-18.00619     0.03351  -44.514481  168.616347    0.106    0.369  1
RGI60-18.02492     0.03351  -43.523397  170.418450    0.042    0.304  1
RGI60-18.00898     0.03351  -44.367827  168.900704   -0.368    0.474  1
RGI60-18.01644     0.03350  -43.830415  169.599043    0.061    0.299  1
RGI60-18.02625     0.03345  -43.584592  169.973653   -0.502    0.492  1
RGI60-18.01286     0.03344  -44.274738  168.851646   -0.032    0.494  1
RGI60-18.01391     0.03340  -44.008104  169.237104   -1.808    1.099  1
RGI60-18.03207     0.03340  -43.288298  170.812671   -0.686    0.579  1
RGI60-18.02570     0.03339  -43.643530  170.326458   -0.181    0.262  1
RGI60-18.00698     0.03338  -44.502829  168.459693   -0.002    0.429  1
RGI60-18.00223     0.03330  -44.852985  168.011183   -0.455    0.452  1
RGI60-18.01580     0.03322  -43.776118  169.711073   -0.381    0.547  1
RGI60-18.01499     0.03316  -44.073170  169.747848   -0.304    0.355  1
RGI60-18.02290     0.03310  -43.555403  170.284713   -0.058    0.322  1
RGI60-18.01464     0.03302  -44.111297  169.639638   -0.345    0.413  1
RGI60-18.00149     0.03299  -44.588114  168.063455   -0.039    0.501  1
RGI60-18.02873     0.03297  -42.927980  171.366914    0.577    0.625  1
RGI60-18.02249     0.03297  -43.620907  170.080616   -0.085    0.415  1
RGI60-18.02029     0.03292  -44.019795  169.865002   -0.388    0.371  1
RGI60-18.02549     0.03291  -43.656979  170.299638   -0.104    0.393  1
RGI60-18.02912     0.03281  -42.872960  171.660356   -0.085    0.494  1
RGI60-18.01469     0.03281  -44.097279  168.989877    0.184    0.352  1
RGI60-18.00729     0.03280  -44.420381  168.444476    0.044    0.317  1
RGI60-18.01209     0.03277  -43.986955  169.619959   -0.320    0.461  1
RGI60-18.03064     0.03271  -43.292573  170.849941   -0.350    0.624  1
RGI60-18.02333     0.03270  -43.544773  170.322876    0.014    0.388  1
RGI60-18.00994     0.03269  -44.471205  168.702075   -0.317    0.295  1
RGI60-18.01539     0.03267  -43.976056  169.774789    0.223    0.497  1
RGI60-18.03488     0.03266  -43.810521  169.890581   -0.182    0.456  1
RGI60-18.01975     0.03264  -43.781601  169.843497   -0.083    0.530  1
RGI60-18.00564     0.03263  -44.586031  168.387326   -0.143    0.261  1
RGI60-18.02825     0.03261  -42.979407  171.380998   -0.172    0.712  1
RGI60-18.03137     0.03255  -43.195533  170.962830   -0.427    0.358  1
RGI60-18.02273     0.03255  -43.541809  170.301278    0.066    0.468  1
RGI60-18.02559     0.03252  -43.660079  170.146815   -0.025    0.324  1
RGI60-18.02674     0.03252  -43.537317  170.087585   -0.151    0.292  1
RGI60-18.03344     0.03251  -43.203287  171.057710   -0.414    0.508  1
RGI60-18.01405     0.03242  -44.142352  168.988069    0.223    0.570  1
RGI60-18.01711     0.03240  -43.735114  169.824991    0.022    0.481  1
RGI60-18.02965     0.03240  -43.395910  170.646267   -0.321    0.387  1
RGI60-18.01792     0.03233  -43.697804  169.906051    0.354    0.452  1
RGI60-18.00343     0.03231  -44.770494  167.806733   -2.184    1.628  1
RGI60-18.01159     0.03231  -44.035816  169.714571   -0.324    0.395  1
RGI60-18.00750     0.03225  -44.413495  168.662408   -0.137    0.432  1
RGI60-18.00725     0.03224  -44.478402  168.539476   -0.028    0.298  1
RGI60-18.00276     0.03220  -44.841121  168.025919   -0.028    0.377  1
RGI60-18.03301     0.03220  -43.264715  170.936519   -0.144    0.504  1
RGI60-18.02653     0.03219  -43.571281  170.415874   -0.105    0.462  1
RGI60-18.01027     0.03215  -44.300161  168.475084   -0.117    0.366  1
RGI60-18.03369     0.03214  -43.185480  171.024787   -0.284    0.624  1
RGI60-18.01199     0.03213  -43.986366  169.542978   -0.410    0.478  1
RGI60-18.00937     0.03211  -44.554880  168.482465   -0.321    0.439  1
RGI60-18.00464     0.03209  -44.777367  168.604607   -0.345    0.413  1
RGI60-18.03366     0.03209  -43.184397  170.793955   -0.233    0.332  1
RGI60-18.01308     0.03203  -44.027419  169.593933   -0.337    0.488  1
RGI60-18.02168     0.03203  -43.533247  170.564260   -0.179    0.363  1
RGI60-18.00708     0.03202  -44.464242  168.634099   -0.420    0.407  1
RGI60-18.02583     0.03199  -43.646973  170.151123   -0.171    0.374  1
RGI60-18.01856     0.03194  -43.846005  169.836682   -0.306    0.420  1
RGI60-18.01664     0.03194  -43.840194  169.651537    0.342    0.542  1
RGI60-18.03345     0.03193  -43.202539  170.998378    0.066    0.296  1
RGI60-18.02974     0.03188  -43.386635  170.855885    0.585    0.557  1
RGI60-18.00765     0.03186  -44.388654  168.315226   -0.156    0.410  1
RGI60-18.00483     0.03185  -45.004296  168.146736    0.487    0.510  1
RGI60-18.00024     0.03184  -45.029673  167.674279   -0.200    0.370  1
RGI60-18.00359     0.03182  -44.750507  167.810156    0.649    0.642  1
RGI60-18.00227     0.03179  -44.851851  167.736805   -0.407    0.625  1
RGI60-18.01163     0.03179  -44.031698  169.678750   -0.202    0.409  1
RGI60-18.02547     0.03177  -43.659643  170.298127   -0.414    0.378  1
RGI60-18.01556     0.03176  -43.854622  169.878340   -0.310    0.466  1
RGI60-18.02824     0.03173  -42.981147  171.378969   -0.617    0.828  1
RGI60-18.03232     0.03173  -43.411053  170.745002   -0.210    0.522  1
RGI60-18.00023     0.03173  -41.949925  172.740699    1.118    1.168  1
RGI60-18.00749     0.03169  -44.414263  168.664021   -0.041    0.447  1
RGI60-18.00879     0.03161  -44.377206  168.562068   -0.054    0.292  1
RGI60-18.02675     0.03160  -43.535245  170.090990   -0.154    0.337  1
RGI60-18.00044     0.03147  -44.722632  168.064983   -0.094    0.337  1
RGI60-18.01933     0.03141  -43.777577  169.970604   -0.092    0.344  1
RGI60-18.01119     0.03139  -44.073833  169.466756   -0.103    0.399  1
RGI60-18.02090     0.03137  -43.890524  170.016535    0.011    0.248  1
RGI60-18.02978     0.03133  -43.446875  170.745970   -0.283    0.523  1
RGI60-18.02985     0.03127  -43.374956  170.852848    0.400    0.685  1
RGI60-18.01468     0.03125  -44.093287  168.985227    0.385    0.439  1
RGI60-18.02872     0.03125  -43.129776  171.066351   -0.040    0.698  1
RGI60-18.01319     0.03120  -43.883435  169.378568   -0.590    0.675  1
RGI60-18.00614     0.03117  -44.546473  168.583655   -0.289    0.413  1
RGI60-18.01117     0.03116  -44.077345  169.441454   -0.057    0.343  1
RGI60-18.02379     0.03115  -43.542118  170.433808    0.062    0.539  1
RGI60-18.02796     0.03114  -42.984797  171.421974    0.527    0.696  1
RGI60-18.03265     0.03112  -43.374871  170.990307   -0.253    0.588  1
RGI60-18.02949     0.03108  -43.083404  170.919484   -0.155    0.422  1
RGI60-18.03031     0.03104  -43.354476  170.836102    0.412    0.693  1
RGI60-18.00822     0.03104  -44.379424  168.382187    0.156    0.368  1
RGI60-18.00946     0.03092  -44.336745  168.735212    0.012    0.508  1
RGI60-18.01229     0.03090  -43.955782  169.686247   -0.148    0.376  1
RGI60-18.01227     0.03088  -43.955966  169.651886   -0.259    0.549  1
RGI60-18.01310     0.03087  -43.894286  169.454183   -0.045    0.488  1
RGI60-18.02316     0.03085  -43.408933  170.360046   -0.414    0.515  1
RGI60-18.02753     0.03084  -43.125469  171.120622   -0.422    0.567  1
RGI60-18.02321     0.03079  -43.441745  170.627415    0.023    0.498  1
RGI60-18.01659     0.03077  -43.826128  169.698337    0.032    0.286  1
RGI60-18.01727     0.03077  -43.739475  169.804230    0.359    0.582  1
RGI60-18.02621     0.03075  -43.592289  170.721133   -0.123    0.290  1
RGI60-18.03200     0.03074  -43.285868  170.744241   -0.243    0.537  1
RGI60-18.00031     0.03073  -44.715047  167.777765   -0.674    0.902  1
RGI60-18.03129     0.03071  -43.261806  170.852718   -0.078    0.527  1
RGI60-18.00673     0.03065  -44.467952  168.630953    0.066    0.260  1
RGI60-18.02072     0.03064  -43.881639  169.790048   -0.421    0.422  1
RGI60-18.01744     0.03062  -43.813102  170.063355   -0.017    0.354  1
RGI60-18.01788     0.03062  -43.699856  169.702497   -0.031    0.485  1
RGI60-18.03097     0.03061  -43.247155  170.943814   -0.498    0.570  1
RGI60-18.02036     0.03050  -43.912467  170.011060    0.142    0.332  1
RGI60-18.01482     0.03048  -44.009410  169.590108    0.403    0.464  1
RGI60-18.01231     0.03047  -43.971668  169.626566   -0.446    0.416  1
RGI60-18.00329     0.03046  -44.795731  167.931247   -0.000    0.358  1
RGI60-18.02574     0.03040  -43.642471  170.345554   -0.047    0.264  1
RGI60-18.01611     0.03038  -43.773119  169.810444    0.011    0.297  1
RGI60-18.00881     0.03037  -44.373853  168.563010   -0.114    0.281  1
RGI60-18.03374     0.03037  -43.193752  171.027086   -1.016    0.698  1
RGI60-18.03038     0.03032  -43.361713  170.872357   -0.173    0.507  1
RGI60-18.02793     0.03026  -42.988208  171.414504   -0.720    0.669  1
RGI60-18.01156     0.03018  -44.045147  169.686942   -0.181    0.386  1
RGI60-18.00281     0.03017  -44.827544  167.993606   -0.867    0.778  1
RGI60-18.03021     0.03015  -43.337097  171.039616    0.045    0.592  1
RGI60-18.00530     0.03015  -45.005216  168.141301    0.492    0.496  1
RGI60-18.00731     0.03009  -44.415944  168.437981   -0.314    0.399  1
RGI60-18.01575     0.03007  -43.827981  169.910531   -0.312    0.437  1
RGI60-18.00920     0.03007  -44.573305  168.445508   -0.327    0.376  1
RGI60-18.02346     0.02998  -43.425366  170.497656    0.218    0.413  1
RGI60-18.00777     0.02994  -44.514511  168.305241   -0.220    0.296  1
RGI60-18.00152     0.02985  -44.579093  168.051350   -0.400    0.671  1
RGI60-18.03018     0.02983  -43.147894  170.953076   -0.530    0.617  1
RGI60-18.02267     0.02979  -43.509864  170.129860   -0.021    0.272  1
RGI60-18.00326     0.02978  -44.778185  167.788011   -0.505    0.746  1
RGI60-18.00558     0.02970  -44.589124  168.304843   -0.004    0.414  1
RGI60-18.00452     0.02970  -44.801975  168.282666   -0.157    0.445  1
RGI60-18.00515     0.02966  -44.640901  168.592194   -0.075    0.335  1
RGI60-18.02980     0.02964  -43.381337  170.810808   -0.099    0.513  1
RGI60-18.01222     0.02963  -43.986468  169.676250   -0.197    0.341  1
RGI60-18.02531     0.02955  -43.681009  170.137891   -0.125    0.305  1
RGI60-18.00967     0.02952  -44.431652  168.767936   -0.268    0.515  1
RGI60-18.02317     0.02950  -43.406557  170.360720   -0.237    0.402  1
RGI60-18.02721     0.02948  -43.080177  171.178252   -0.202    0.478  1
RGI60-18.02589     0.02941  -43.746990  170.345425    0.121    0.297  1
RGI60-18.02780     0.02938  -43.002249  171.201190   -0.237    0.712  1
RGI60-18.01462     0.02936  -44.018676  169.708832    0.130    0.445  1
RGI60-18.00194     0.02935  -44.533572  168.003771    1.249    1.170  1
RGI60-18.02030     0.02932  -43.927139  169.913214   -0.044    0.244  1
RGI60-18.01074     0.02930  -44.963605  168.156760    0.041    0.457  1
RGI60-18.01692     0.02927  -43.744206  169.879238   -0.145    0.443  1
RGI60-18.03096     0.02922  -43.246168  170.946955   -0.180    0.374  1
RGI60-18.02404     0.02920  -43.422443  170.567400    0.379    0.511  1
RGI60-18.00151     0.02920  -44.939930  167.770834    1.012    0.734  1
RGI60-18.00233     0.02917  -44.847403  167.739519   -0.285    0.582  1
RGI60-18.01202     0.02908  -43.983986  169.572914   -0.406    0.525  1
RGI60-18.00444     0.02889  -44.836716  168.298305   -0.027    0.425  1
RGI60-18.02187     0.02882  -43.386828  170.342270   -0.156    0.328  1
RGI60-18.00959     0.02877  -44.400690  168.691028    0.192    0.515  1
RGI60-18.01309     0.02876  -43.895338  169.454683   -0.084    0.436  1
RGI60-18.02822     0.02874  -42.983772  171.390323   -0.234    0.472  1
RGI60-18.00429     0.02873  -44.866104  168.195762    0.820    0.593  1
RGI60-18.00292     0.02869  -44.814128  167.863229   -0.155    0.326  1
RGI60-18.03348     0.02865  -43.195615  170.865771   -0.310    0.523  1
RGI60-18.02513     0.02865  -43.695846  170.256700   -0.091    0.409  1
RGI60-18.03274     0.02864  -43.309939  170.983765   -0.331    0.552  1
RGI60-18.03373     0.02863  -43.193314  171.036183   -0.037    0.462  1
RGI60-18.00982     0.02860  -44.363681  168.780032   -0.410    0.434  1
RGI60-18.00912     0.02859  -44.326187  168.454540   -0.471    0.619  1
RGI60-18.00471     0.02856  -44.745065  168.267926   -0.240    0.412  1
RGI60-18.02638     0.02849  -43.741708  170.312961    0.166    0.365  1
RGI60-18.02820     0.02838  -42.949945  171.405290   -0.196    0.523  1
RGI60-18.03310     0.02837  -43.248167  170.985943   -0.399    0.562  1
RGI60-18.00435     0.02836  -44.861588  168.180334    0.485    0.484  1
RGI60-18.00155     0.02835  -44.564048  167.972910    1.728    1.099  1
RGI60-18.00463     0.02829  -45.008262  168.131406    0.136    0.319  1
RGI60-18.02568     0.02828  -43.641935  170.164501   -0.163    0.293  1
RGI60-18.02512     0.02826  -43.699162  170.121105   -0.238    0.275  1
RGI60-18.00519     0.02825  -44.640245  168.581089   -0.376    0.455  1
RGI60-18.01816     0.02824  -43.708728  170.023117   -0.078    0.480  1
RGI60-18.00207     0.02822  -44.867349  167.923824    0.198    0.452  1
RGI60-18.03049     0.02818  -43.348224  170.887220    0.262    0.446  1
RGI60-18.02445     0.02816  -43.456853  170.228325   -0.204    0.617  1
RGI60-18.00714     0.02815  -44.488479  168.514786   -0.283    0.483  1
RGI60-18.01423     0.02814  -44.026218  169.580207   -0.255    0.367  1
RGI60-18.01799     0.02807  -43.963920  169.882806    0.171    0.522  1
RGI60-18.01364     0.02796  -44.172473  168.828069   -0.755    0.649  1
RGI60-18.00384     0.02792  -44.732919  168.095751    0.113    0.383  1
RGI60-18.01256     0.02791  -44.245734  168.840027    0.201    0.670  1
RGI60-18.00789     0.02789  -44.422976  168.420981    0.122    0.536  1
RGI60-18.01080     0.02787  -44.954018  168.158282   -0.024    0.304  1
RGI60-18.02988     0.02786  -43.151719  171.039047   -0.360    0.720  1
RGI60-18.00940     0.02781  -44.317725  168.720906    0.048    0.379  1
RGI60-18.01183     0.02780  -43.994129  169.706831   -0.159    0.328  1
RGI60-18.03206     0.02778  -43.284003  170.815826    0.130    0.473  1
RGI60-18.00532     0.02766  -44.626352  168.392195    0.151    0.428  1
RGI60-18.02934     0.02765  -42.982709  171.260366    0.867    0.768  1
RGI60-18.03251     0.02763  -43.344531  170.986263   -0.556    0.540  1
RGI60-18.02152     0.02757  -43.541056  170.545890    0.554    0.544  1
RGI60-18.01789     0.02755  -43.696667  169.713902   -0.249    0.537  1
RGI60-18.01453     0.02753  -44.112468  169.079110   -0.398    0.661  1
RGI60-18.03029     0.02749  -43.334314  171.042701    0.152    0.555  1
RGI60-18.03378     0.02741  -43.188644  171.013021   -1.546    0.986  1
RGI60-18.02057     0.02741  -43.893452  170.011352   -0.037    0.221  1
RGI60-18.02853     0.02741  -42.949184  171.312575   -0.565    0.606  1
RGI60-18.01392     0.02736  -44.147802  168.848344   -0.321    0.580  1
RGI60-18.01040     0.02736  -44.323341  168.731190   -2.808    1.791  1
RGI60-18.02521     0.02735  -43.690861  170.338882   -0.089    0.375  1
RGI60-18.02558     0.02733  -43.652218  170.156887   -0.219    0.458  1
RGI60-18.02535     0.02729  -43.676633  170.256318   -0.199    0.267  1
RGI60-18.03248     0.02729  -43.315511  170.972643    0.200    0.566  1
RGI60-18.03146     0.02728  -43.319916  170.831422   -0.228    0.351  1
RGI60-18.01998     0.02727  -43.946001  169.770244   -0.270    0.532  1
RGI60-18.00351     0.02727  -44.775908  167.966012   -0.254    0.316  1
RGI60-18.02100     0.02721  -44.033310  169.865386    0.312    0.432  1
RGI60-18.01188     0.02717  -44.210910  169.008833   -0.563    0.506  1
RGI60-18.01790     0.02716  -43.698018  169.902050   -0.258    0.443  1
RGI60-18.02632     0.02716  -43.579960  170.717054   -0.396    0.390  1
RGI60-18.00733     0.02715  -44.414700  168.456493    0.453    0.446  1
RGI60-18.02619     0.02714  -43.748519  170.364251    0.230    0.366  1
RGI60-18.01151     0.02714  -44.047140  169.684756   -0.374    0.558  1
RGI60-18.02661     0.02711  -43.557388  170.702327   -0.054    0.475  1
RGI60-18.00820     0.02710  -44.389005  168.378209   -0.035    0.477  1
RGI60-18.02000     0.02709  -43.944296  169.765016   -0.179    0.405  1
RGI60-18.02669     0.02705  -43.443691  170.407190   -0.160    0.363  1
RGI60-18.01211     0.02694  -43.966433  169.587740   -0.166    0.381  1
RGI60-18.02082     0.02693  -43.886969  170.023823   -0.171    0.329  1
RGI60-18.00307     0.02687  -44.803254  167.927912    0.029    0.546  1
RGI60-18.01688     0.02683  -43.804373  169.975609   -0.053    0.529  1
RGI60-18.03249     0.02674  -43.315662  170.969527    0.600    0.598  1
RGI60-18.01057     0.02672  -44.294503  168.893740    0.011    0.442  1
RGI60-18.01791     0.02671  -43.697266  169.900294    0.024    0.299  1
RGI60-18.01176     0.02670  -43.994052  169.579545    0.015    0.265  1
RGI60-18.00583     0.02658  -44.571496  168.617837   -0.171    0.342  1
RGI60-18.01397     0.02655  -44.142494  168.978463   -0.048    0.425  1
RGI60-18.00601     0.02654  -44.507965  168.291886    0.113    0.406  1
RGI60-18.01323     0.02652  -43.871583  169.450502   -0.089    0.557  1
RGI60-18.00348     0.02652  -44.779130  167.974933   -0.563    0.465  1
RGI60-18.00222     0.02652  -44.850054  168.006829   -0.418    0.408  1
RGI60-18.02278     0.02648  -43.519654  170.446060   -0.487    0.505  1
RGI60-18.01824     0.02645  -43.741317  169.971342   -0.111    0.431  1
RGI60-18.01097     0.02645  -44.511396  168.648304   -0.296    0.420  1
RGI60-18.01251     0.02642  -43.926387  169.389298    7.845    4.967  1
RGI60-18.00635     0.02638  -44.484135  168.457967    0.337    0.540  1
RGI60-18.03026     0.02637  -43.336733  170.783873    0.093    0.484  1
RGI60-18.00606     0.02635  -44.506404  168.600073    0.035    0.229  1
RGI60-18.00910     0.02631  -44.321596  168.434144    0.145    0.365  1
RGI60-18.02904     0.02630  -42.903611  171.486573   -0.001    0.571  1
RGI60-18.02527     0.02626  -43.691225  170.323090   -0.026    0.367  1
RGI60-18.01762     0.02625  -43.734262  170.061577   -0.175    0.347  1
RGI60-18.03351     0.02624  -43.191625  170.885259   -0.187    0.545  1
RGI60-18.01932     0.02624  -43.672800  170.039257    0.026    0.540  1
RGI60-18.02814     0.02614  -42.959007  171.297235    0.393    0.526  1
RGI60-18.00908     0.02612  -44.331770  168.845805   -0.098    0.577  1
RGI60-18.01758     0.02601  -43.744449  170.061919   -0.297    0.477  1
RGI60-18.00844     0.02600  -44.422973  168.398009   -2.079    1.321  1
RGI60-18.03048     0.02598  -43.363863  170.832793    0.347    0.640  1
RGI60-18.01147     0.02597  -44.043446  169.681783   -0.342    0.443  1
RGI60-18.00199     0.02591  -44.880283  168.009353    0.163    0.416  1
RGI60-18.00552     0.02590  -44.596125  168.567896   -0.230    0.476  1
RGI60-18.00863     0.02588  -44.366857  168.429923   -0.152    0.527  1
RGI60-18.00640     0.02582  -44.560603  168.286104   -0.226    0.410  1
RGI60-18.02073     0.02582  -43.901981  169.768544   -0.509    0.459  1
RGI60-18.02826     0.02574  -42.978691  171.377978    0.923    0.706  1
RGI60-18.01172     0.02569  -43.998473  169.702379   -0.190    0.328  1
RGI60-18.02054     0.02568  -43.899311  170.014451    0.108    0.372  1
RGI60-18.03401     0.02568  -43.245527  170.888541   -0.429    0.601  1
RGI60-18.00588     0.02566  -44.556685  168.194425    0.029    0.424  1
RGI60-18.02667     0.02561  -43.446166  170.410454    0.057    0.451  1
RGI60-18.01421     0.02559  -44.033268  169.579880   -0.146    0.381  1
RGI60-18.00768     0.02557  -44.387819  168.334349   -0.004    0.334  1
RGI60-18.00302     0.02554  -44.800652  167.886161    0.021    0.449  1
RGI60-18.01081     0.02551  -44.948873  168.125025    0.376    0.379  1
RGI60-18.02782     0.02551  -43.010469  171.236560   -0.066    0.416  1
RGI60-18.02729     0.02550  -43.069545  171.229502   -0.700    0.646  1
RGI60-18.02830     0.02547  -43.013080  171.382979   -0.298    0.733  1
RGI60-18.00475     0.02536  -44.734843  168.527026   -0.175    0.319  1
RGI60-18.00033     0.02532  -44.728066  168.059200   -0.131    0.490  1
RGI60-18.02540     0.02531  -43.669086  170.328713    0.176    0.376  1
RGI60-18.02636     0.02530  -43.568349  170.075941   -0.111    0.267  1
RGI60-18.01409     0.02526  -44.241944  168.825418    0.638    0.820  1
RGI60-18.01552     0.02523  -43.856731  170.017303    0.001    0.310  1
RGI60-18.02844     0.02518  -42.962718  171.398799   -0.298    0.856  1
RGI60-18.01977     0.02516  -43.964601  169.781112   -0.063    0.439  1
RGI60-18.02524     0.02516  -43.765845  170.294565   -0.091    0.273  1
RGI60-18.01857     0.02513  -43.844626  169.832892   -0.104    0.315  1
RGI60-18.02120     0.02511  -43.787290  170.037903    0.111    0.438  1
RGI60-18.00418     0.02508  -44.878738  168.184675   -0.189    0.426  1
RGI60-18.01503     0.02508  -44.208479  168.957793   -0.450    0.466  1
RGI60-18.01695     0.02506  -43.740027  169.930664   -0.404    0.547  1
RGI60-18.03007     0.02505  -43.353938  171.041852   -0.099    0.625  1
RGI60-18.01493     0.02504  -44.073796  169.518985   -0.289    0.488  1
RGI60-18.02202     0.02503  -43.417068  170.490652   -0.308    0.398  1
RGI60-18.02113     0.02502  -43.862302  170.022747   -0.103    0.316  1
RGI60-18.02179     0.02497  -43.413582  170.597550   -0.225    0.492  1
RGI60-18.02108     0.02497  -43.926575  170.035623    0.025    0.371  1
RGI60-18.02897     0.02497  -42.897753  171.486508   -0.600    0.731  1
RGI60-18.02935     0.02497  -42.970918  171.307705   -0.026    0.358  1
RGI60-18.00899     0.02481  -44.362602  168.898221   -0.173    0.623  1
RGI60-18.01110     0.02476  -44.068483  169.563117   -0.009    0.270  1
RGI60-18.01402     0.02462  -44.143691  169.088887    0.442    0.643  1
RGI60-18.01717     0.02461  -43.776106  169.850976   -0.174    0.359  1
RGI60-18.01706     0.02460  -43.743768  169.920190    0.119    0.360  1
RGI60-18.01184     0.02459  -43.992887  169.704583   -0.234    0.351  1
RGI60-18.02962     0.02458  -43.386940  170.737877   -0.077    0.315  1
RGI60-18.03166     0.02456  -43.311317  170.630621    0.079    0.441  1
RGI60-18.02526     0.02453  -43.693164  170.318920   -0.079    0.227  1
RGI60-18.01190     0.02452  -44.209300  169.006424   -0.102    0.430  1
RGI60-18.03393     0.02451  -43.384794  170.652183   -0.377    0.538  1
RGI60-18.00001     0.02451  -39.275395  175.548786   -0.104    0.264  1
RGI60-18.01321     0.02450  -43.873236  169.364814   -0.135    0.584  1
RGI60-18.01543     0.02450  -43.864744  170.019356   -0.023    0.260  1
RGI60-18.00203     0.02450  -44.863689  167.755087   -0.007    0.305  1
RGI60-18.02776     0.02444  -43.008961  171.294712    0.411    0.540  1
RGI60-18.00415     0.02441  -44.884135  168.485967   -0.190    0.314  1
RGI60-18.02745     0.02438  -43.035193  171.432315   -0.358    0.451  1
RGI60-18.02761     0.02437  -43.033444  171.405628   -0.448    0.464  1
RGI60-18.02756     0.02435  -43.117038  171.117366   -0.701    0.739  1
RGI60-18.00317     0.02434  -44.792364  168.044188    0.187    0.931  1
RGI60-18.01734     0.02431  -43.731471  169.781954   -0.518    0.605  1
RGI60-18.01226     0.02428  -43.956975  169.695176   -0.206    0.545  1
RGI60-18.00559     0.02422  -44.588566  168.303028   -0.144    0.505  1
RGI60-18.01437     0.02421  -44.126604  169.626566   -0.521    0.639  1
RGI60-18.03001     0.02420  -43.366201  170.642466   -0.124    0.531  1
RGI60-18.00134     0.02420  -44.603758  168.052321   -0.332    0.785  1
RGI60-18.02340     0.02419  -43.523625  170.326408   -0.383    0.548  1
RGI60-18.00357     0.02416  -44.753778  167.827099    0.750    0.728  1
RGI60-18.02347     0.02414  -43.424983  170.500108   -1.571    1.412  1
RGI60-18.02884     0.02407  -43.113418  171.101950   -1.401    1.437  1
RGI60-18.02969     0.02407  -43.394810  170.643841    0.060    0.430  1
RGI60-18.02805     0.02401  -42.979841  171.270508    1.055    0.973  1
RGI60-18.00431     0.02396  -44.865318  168.205741    0.025    0.513  1
RGI60-18.02119     0.02396  -43.801937  170.019337   -0.119    0.271  1
RGI60-18.02992     0.02396  -43.379629  170.851509    0.428    0.625  1
RGI60-18.02178     0.02387  -43.712222  170.265532    0.597    0.787  1
RGI60-18.02368     0.02387  -43.616769  170.254004    0.087    0.497  1
RGI60-18.02125     0.02383  -43.694171  169.797212    0.208    0.422  1
RGI60-18.00772     0.02378  -44.380289  168.400180    0.064    0.447  1
RGI60-18.01803     0.02373  -43.649983  169.767718   -0.098    0.427  1
RGI60-18.00596     0.02361  -44.523446  168.816572   -0.150    0.345  1
RGI60-18.02046     0.02361  -43.905697  169.755853   -0.056    0.279  1
RGI60-18.02898     0.02361  -42.895574  171.489002   -0.101    0.552  1
RGI60-18.01981     0.02360  -43.961595  169.790182   -0.055    0.520  1
RGI60-18.01233     0.02358  -43.955447  169.619439   -0.133    0.399  1
RGI60-18.00917     0.02358  -44.327515  168.849516   -0.067    0.488  1
RGI60-18.03398     0.02356  -43.275723  170.515186    0.032    0.347  1
RGI60-18.01444     0.02354  -44.121219  169.012679   -0.454    0.632  1
RGI60-18.01168     0.02348  -44.004389  169.711136   -0.085    0.514  1
RGI60-18.03227     0.02347  -43.343316  170.585474    0.122    0.408  1
RGI60-18.00840     0.02339  -44.406016  168.345679   -0.221    0.491  1
RGI60-18.01436     0.02335  -44.132869  169.621393   -0.005    0.521  1
RGI60-18.02915     0.02329  -43.120512  171.185764   -0.075    0.661  1
RGI60-18.01460     0.02324  -44.011015  169.700337   -0.051    0.483  1
RGI60-18.01694     0.02324  -43.741091  169.860628   -0.028    0.456  1
RGI60-18.01620     0.02320  -43.992379  169.872756    0.019    0.222  1
RGI60-18.02114     0.02318  -43.858471  170.021777   -0.228    0.342  1
RGI60-18.02076     0.02317  -44.013002  169.860355    0.146    0.292  1
RGI60-18.02700     0.02312  -43.493199  170.633031   -0.045    0.354  1
RGI60-18.01827     0.02309  -43.728129  170.017177   -0.088    0.491  1
RGI60-18.00774     0.02307  -44.378484  168.388596    0.044    0.379  1
RGI60-18.02677     0.02305  -43.726852  170.311760   -0.135    0.326  1
RGI60-18.02005     0.02299  -43.941192  169.890061    0.178    0.513  1
RGI60-18.01285     0.02287  -44.278558  168.851778   -0.549    0.514  1
RGI60-18.00791     0.02284  -44.420451  168.419029    0.193    0.537  1
RGI60-18.01099     0.02280  -44.378220  168.374412   -0.007    0.333  1
RGI60-18.03499     0.02279  -43.779022  169.715571    0.038    0.501  1
RGI60-18.01068     0.02277  -44.229298  168.742983   -0.187    0.309  1
RGI60-18.00248     0.02276  -44.846756  167.783745    0.898    0.929  1
RGI60-18.00246     0.02275  -44.842106  167.900499    0.461    0.479  1
RGI60-18.01010     0.02274  -44.468146  168.757540   -0.175    0.513  1
RGI60-18.01207     0.02271  -43.984927  169.623790   -0.511    0.683  1
RGI60-18.00586     0.02265  -44.570844  168.600327   -0.221    0.438  1
RGI60-18.01742     0.02264  -43.794729  170.048125   -0.190    0.442  1
RGI60-18.02628     0.02262  -43.582178  170.398706   -0.039    0.368  1
RGI60-18.01253     0.02261  -43.922766  169.383046   -0.319    0.604  1
RGI60-18.01646     0.02259  -43.822060  169.628372   -0.438    0.643  1
RGI60-18.01618     0.02253  -43.994577  169.873499   -0.053    0.237  1
RGI60-18.02314     0.02250  -43.400476  170.344760    1.168    1.137  1
RGI60-18.00395     0.02245  -44.874572  167.809619    0.105    0.453  1
RGI60-18.00386     0.02245  -45.019398  167.973047    0.374    0.496  1
RGI60-18.00674     0.02245  -44.467638  168.628841   -0.082    0.305  1
RGI60-18.01763     0.02244  -43.732793  170.059429   -0.304    0.417  1
RGI60-18.02571     0.02244  -43.641561  170.331115   -0.124    0.315  1
RGI60-18.02369     0.02241  -43.607843  170.261570    0.037    0.490  1
RGI60-18.03125     0.02240  -43.328247  170.613856    0.820    0.757  1
RGI60-18.01394     0.02240  -44.156486  169.603227   -0.297    0.337  1
RGI60-18.01619     0.02240  -43.993380  169.877056   -0.184    0.308  1
RGI60-18.02635     0.02238  -43.572157  170.726474    0.224    0.573  1
RGI60-18.02467     0.02237  -43.484507  170.333514    0.404    0.573  1
RGI60-18.02680     0.02231  -43.512941  170.538771   -0.015    0.310  1
RGI60-18.00077     0.02229  -44.794666  168.060624    0.082    0.488  1
RGI60-18.03389     0.02229  -43.168505  170.797183   -0.422    0.464  1
RGI60-18.01772     0.02222  -43.722263  169.736816   -0.073    0.396  1
RGI60-18.01622     0.02221  -43.986528  169.885602   -0.089    0.394  1
RGI60-18.01339     0.02216  -44.202747  169.001710    0.042    0.518  1
RGI60-18.01916     0.02215  -43.846170  169.889255    0.162    0.325  1
RGI60-18.03118     0.02210  -43.362869  170.652843   -0.086    0.450  1
RGI60-18.00046     0.02202  -44.720298  168.072589    0.538    0.562  1
RGI60-18.01640     0.02194  -43.827249  170.026777   -0.164    0.397  1
RGI60-18.01381     0.02192  -44.170620  169.595813   -0.206    0.464  1
RGI60-18.00004     0.02186  -39.261498  175.568902    0.064    0.303  1
RGI60-18.03396     0.02182  -43.299994  170.976043   -0.862    0.675  1
RGI60-18.00389     0.02180  -44.969217  167.748915    0.215    0.619  1
RGI60-18.03254     0.02173  -43.355934  170.964660   -0.301    0.665  1
RGI60-18.00644     0.02171  -44.432349  168.320158    0.318    0.431  1
RGI60-18.01090     0.02168  -44.981196  168.131144   -0.145    0.280  1
RGI60-18.01759     0.02165  -43.728367  170.065820   -0.372    0.425  1
RGI60-18.01480     0.02163  -44.071243  168.918171   -0.083    0.426  1
RGI60-18.02129     0.02155  -43.781192  170.284019   -0.021    0.274  1
RGI60-18.01455     0.02154  -44.108780  168.984688    0.396    0.583  1
RGI60-18.00398     0.02152  -44.863813  167.802445    0.463    0.674  1
RGI60-18.03028     0.02151  -43.336991  170.787027   -0.370    0.718  1
RGI60-18.00757     0.02151  -44.406695  168.885272   -0.064    0.533  1
RGI60-18.00653     0.02150  -44.428760  168.625543   -0.173    0.513  1
RGI60-18.01224     0.02150  -43.983355  169.691923   -0.027    0.527  1
RGI60-18.02223     0.02147  -43.645941  170.099878   -0.072    0.530  1
RGI60-18.01126     0.02144  -44.069337  169.466369   -0.754    0.903  1
RGI60-18.03012     0.02144  -43.343981  171.048881   -0.272    0.718  1
RGI60-18.02831     0.02140  -42.987017  171.371885    0.594    0.912  1
RGI60-18.00336     0.02137  -44.952010  167.738930    0.804    0.734  1
RGI60-18.01327     0.02134  -43.862364  169.483019   -0.275    0.420  1
RGI60-18.00843     0.02133  -44.536922  168.284493   -0.164    0.359  1
RGI60-18.01553     0.02130  -43.855009  169.885047   -0.446    0.563  1
RGI60-18.01928     0.02128  -43.767565  169.966953   -0.463    0.416  1
RGI60-18.03092     0.02123  -43.273663  170.888639    0.445    0.734  1
RGI60-18.02015     0.02123  -43.937198  169.763787   -0.024    0.440  1
RGI60-18.01948     0.02121  -43.831637  169.872400    0.210    0.544  1
RGI60-18.00597     0.02113  -44.523085  168.815411   -0.294    0.379  1
RGI60-18.00399     0.02111  -44.856126  168.051785   -0.037    0.327  1
RGI60-18.01839     0.02106  -43.768615  169.977073    0.100    0.477  1
RGI60-18.02927     0.02106  -43.072836  171.155856    0.004    0.932  1
RGI60-18.00895     0.02104  -44.974428  168.131756    0.052    0.299  1
RGI60-18.00514     0.02101  -44.539806  168.764558   -0.115    0.579  1
RGI60-18.00989     0.02099  -44.475742  168.708397   -0.129    0.504  1
RGI60-18.01078     0.02096  -45.020762  168.131806    0.190    0.726  1
RGI60-18.03405     0.02094  -43.109171  170.888827    0.037    0.329  1
RGI60-18.02688     0.02094  -43.761725  170.296083    0.227    0.318  1
RGI60-18.02122     0.02091  -43.746718  169.956956    0.647    0.616  1
RGI60-18.00675     0.02078  -44.466249  168.627065    0.033    0.301  1
RGI60-18.01269     0.02077  -44.216629  168.829264   -0.389    0.558  1
RGI60-18.02296     0.02065  -43.411490  170.522031   -0.151    0.580  1
RGI60-18.01897     0.02064  -43.658488  170.090777   -0.217    0.332  1
RGI60-18.01292     0.02064  -44.243796  168.860608   -0.550    0.702  1
RGI60-18.01136     0.02054  -44.066409  169.510763   -0.670    0.631  1
RGI60-18.03240     0.02052  -43.348155  171.008210   -0.231    0.669  1
RGI60-18.01386     0.02043  -44.178048  169.574850   -0.205    0.487  1
RGI60-18.01167     0.02030  -44.204540  168.957466    0.008    0.374  1
RGI60-18.03480     0.02029  -43.603950  170.390800    1.440    1.506  1
RGI60-18.00737     0.02021  -44.564891  168.628768    0.002    0.229  1
RGI60-18.03402     0.02020  -43.230414  171.016911   -0.275    0.453  1
RGI60-18.01200     0.02018  -43.982423  169.562773   -0.184    0.492  1
RGI60-18.03233     0.02015  -43.408901  170.745737   -0.494    0.627  1
RGI60-18.02474     0.02014  -43.479476  170.555852    0.222    0.509  1
RGI60-18.01351     0.02012  -44.175824  168.970126   -0.506    0.743  1
RGI60-18.01094     0.02011  -44.613316  168.406012   -0.060    0.422  1
RGI60-18.01396     0.02000  -44.142754  168.971335    0.261    0.501  1
RGI60-18.02697     0.01986  -43.570828  170.650415    0.299    0.463  1
RGI60-18.01735     0.01979  -43.730198  169.780930   -0.599    0.779  1
RGI60-18.02410     0.01977  -43.636448  170.090178   -0.134    0.461  1
RGI60-18.01764     0.01975  -43.729890  170.061769   -0.299    0.369  1
RGI60-18.02730     0.01972  -43.147480  171.195787   -0.151    0.400  1
RGI60-18.01519     0.01972  -44.065243  168.965217   -0.564    0.688  1
RGI60-18.02928     0.01971  -43.068039  171.235262   -0.483    0.551  1
RGI60-18.02115     0.01960  -43.851832  169.882093   -0.296    0.401  1
RGI60-18.02091     0.01958  -43.881115  170.046429   -0.092    0.403  1
RGI60-18.00043     0.01956  -44.722251  168.073319    0.575    0.633  1
RGI60-18.02945     0.01948  -43.393055  170.727205   -0.178    0.279  1
RGI60-18.03403     0.01935  -43.117416  170.864694   -0.606    0.601  1
RGI60-18.00320     0.01933  -44.788625  167.998037    0.317    0.444  1
RGI60-18.00411     0.01933  -44.538778  168.034724    0.267    0.574  1
RGI60-18.01454     0.01928  -44.109705  168.987853    0.364    0.684  1
RGI60-18.02128     0.01925  -43.782864  170.284227   -0.006    0.288  1
RGI60-18.01328     0.01921  -43.861078  169.479079    0.273    0.472  1
RGI60-18.00547     0.01918  -44.607618  168.578483   -0.088    0.451  1
RGI60-18.01449     0.01918  -44.120736  169.008779   -0.052    0.616  1
RGI60-18.00477     0.01913  -44.730806  168.533528   -0.206    0.347  1
RGI60-18.00242     0.01910  -44.849529  168.040392    0.099    0.511  1
RGI60-18.00414     0.01909  -45.028914  168.121776    0.260    0.473  1
RGI60-18.00481     0.01907  -44.722555  168.551424    0.244    0.489  1
RGI60-18.02931     0.01888  -43.008765  171.415249   -1.053    0.837  1
RGI60-18.02099     0.01878  -44.033142  169.783039   -0.043    0.329  1
RGI60-18.00518     0.01875  -44.640561  168.586121    0.112    0.374  1
RGI60-18.02641     0.01874  -43.569066  169.947676    0.069    0.359  1
RGI60-18.00393     0.01868  -44.883320  167.830661   -0.175    0.474  1
RGI60-18.01746     0.01867  -43.793093  170.052645   -0.471    0.778  1
RGI60-18.02698     0.01852  -43.553631  170.693820   -0.181    0.567  1
RGI60-18.01584     0.01845  -43.780035  169.808906    0.105    0.483  1
RGI60-18.00018     0.01843  -39.265432  175.582552   -0.153    0.461  1
RGI60-18.02264     0.01838  -43.389399  170.520496   -0.517    0.642  1
RGI60-18.00870     0.01824  -44.359902  168.430859   -0.332    0.596  1
RGI60-18.00101     0.01809  -44.937623  167.750894   -0.037    0.412  1
RGI60-18.00228     0.01802  -44.850635  167.731329    0.498    0.729  1
RGI60-18.01781     0.01783  -43.719350  169.948851    0.320    0.515  1
RGI60-18.02035     0.01782  -43.911333  170.009520    0.278    0.374  1
RGI60-18.01320     0.01778  -43.886459  169.379645    0.296    0.762  1
RGI60-18.01512     0.01772  -44.126600  169.697374    0.029    0.332  1
RGI60-18.03400     0.01771  -43.245773  170.990895   -1.154    1.008  1
RGI60-18.00401     0.01765  -44.831879  167.984064   -0.133    0.444  1
RGI60-18.02295     0.01765  -43.412416  170.520959   -0.313    0.627  1
RGI60-18.02104     0.01758  -43.947063  169.913411   -0.126    0.363  1
RGI60-18.01174     0.01754  -43.988995  169.251128   -0.152    0.651  1
RGI60-18.00409     0.01752  -44.628711  168.076407    0.001    0.415  1
RGI60-18.01100     0.01750  -44.354722  168.454142    0.462    0.564  1
RGI60-18.00620     0.01745  -44.506318  168.606256    0.067    0.251  1
RGI60-18.03282     0.01727  -43.348193  170.973111   -0.214    0.541  1
RGI60-18.02944     0.01726  -43.393363  170.725565   -0.173    0.306  1
RGI60-18.01442     0.01725  -44.239900  168.818069   -0.010    0.509  1
RGI60-18.01696     0.01720  -43.734752  169.773590   -0.541    0.734  1
RGI60-18.00229     0.01713  -44.850885  167.739657    0.363    0.519  1
RGI60-18.01232     0.01710  -43.981582  169.688205   -0.124    0.264  1
RGI60-18.00312     0.01710  -44.796272  168.052078   -0.094    0.713  1
RGI60-18.02102     0.01705  -44.022923  169.865946   -0.239    0.347  1
RGI60-18.00441     0.01704  -44.848557  168.305922   -0.185    0.455  1
RGI60-18.01441     0.01701  -44.239553  168.820038   -0.145    0.440  1
RGI60-18.01645     0.01701  -43.812987  169.614395    0.148    0.629  1
RGI60-18.03010     0.01697  -43.345957  170.818533    0.339    0.551  1
RGI60-18.02982     0.01695  -43.380166  170.737842   -0.109    0.503  1
RGI60-18.01813     0.01693  -43.715650  170.030316    0.291    0.535  1
RGI60-18.01089     0.01690  -44.984714  168.131716   -0.263    0.358  1
RGI60-18.03318     0.01687  -43.241439  170.811428    0.160    0.595  1
RGI60-18.00775     0.01686  -44.455082  168.368916   -0.251    0.419  1
RGI60-18.02263     0.01686  -43.390168  170.519455   -0.174    0.525  1
RGI60-18.02699     0.01686  -43.540408  170.083670   -0.359    0.417  1
RGI60-18.01988     0.01678  -43.958093  169.779166   -0.173    0.313  1
RGI60-18.02362     0.01677  -43.464176  170.550219    0.137    0.403  1
RGI60-18.01144     0.01674  -44.049836  169.565880   -0.161    0.380  1
RGI60-18.03394     0.01672  -43.337629  170.822346   -0.123    0.358  1
RGI60-18.01991     0.01671  -43.947994  169.742796    0.346    0.552  1
RGI60-18.01145     0.01667  -44.047875  169.563961   -0.158    0.439  1
RGI60-18.02137     0.01665  -43.526583  170.577593   -0.077    0.293  1
RGI60-18.01888     0.01665  -43.729441  170.005939   -0.101    0.500  1
RGI60-18.03063     0.01662  -43.294572  170.846485   -0.114    0.418  1
RGI60-18.02117     0.01657  -43.811039  169.619147   -0.318    0.760  1
RGI60-18.03094     0.01655  -43.271682  170.882585    0.103    0.632  1
RGI60-18.02449     0.01649  -43.494253  170.309582   -0.417    0.606  1
RGI60-18.01218     0.01645  -43.959404  169.610304   -0.398    0.720  1
RGI60-18.00557     0.01623  -44.590564  168.298864    0.090    0.232  1
RGI60-18.02107     0.01616  -43.931311  169.736458   -0.900    0.965  1
RGI60-18.01088     0.01614  -44.889129  168.226768    0.001    0.304  1
RGI60-18.00003     0.01609  -39.300705  175.566731   -0.147    0.317  1
RGI60-18.01823     0.01605  -43.746275  169.976025   -0.320    0.550  1
RGI60-18.00434     0.01604  -44.861274  168.172752    0.805    0.776  1
RGI60-18.01142     0.01601  -44.068477  169.517074   -0.518    0.616  1
RGI60-18.01427     0.01597  -44.015357  169.585649    0.007    0.482  1
RGI60-18.01685     0.01595  -43.757632  169.974447    0.136    0.520  1
RGI60-18.00836     0.01594  -44.405460  168.348314   -0.512    0.637  1
RGI60-18.02701     0.01592  -43.420064  170.647469   -0.100    0.374  1
RGI60-18.01169     0.01589  -44.003095  169.712284   -0.215    0.534  1
RGI60-18.01206     0.01588  -43.987491  169.621504   -0.441    0.627  1
RGI60-18.01115     0.01585  -44.065996  169.684883   -0.002    0.548  1
RGI60-18.03062     0.01584  -43.316852  170.806032   -0.060    0.642  1
RGI60-18.01853     0.01577  -43.848224  169.837613   -0.245    0.426  1
RGI60-18.01092     0.01576  -44.959905  168.154849    0.995    0.828  1
RGI60-18.02111     0.01567  -43.897986  169.766367   -0.171    0.423  1
RGI60-18.01812     0.01555  -43.732912  170.012997    0.151    0.504  1
RGI60-18.03171     0.01551  -43.250904  170.925109   -0.253    0.494  1
RGI60-18.02109     0.01548  -43.914303  169.909776   -0.540    0.595  1
RGI60-18.03070     0.01543  -43.275014  170.832288   -0.153    0.405  1
RGI60-18.01524     0.01540  -44.038751  169.679635   -0.479    0.709  1
RGI60-18.03390     0.01523  -43.431316  170.745948   -0.117    0.565  1
RGI60-18.00410     0.01521  -44.552130  167.987591   -0.488    0.770  1
RGI60-18.02689     0.01518  -43.725035  170.319255    0.117    0.402  1
RGI60-18.00280     0.01517  -44.829459  167.987379   -0.166    0.432  1
RGI60-18.03399     0.01504  -43.266260  170.930914   -0.176    0.420  1
RGI60-18.01398     0.01503  -44.141648  168.974160    0.415    0.698  1
RGI60-18.03268     0.01503  -43.335458  171.025213   -0.529    0.784  1
RGI60-18.01483     0.01499  -44.007258  169.592845   -0.094    0.593  1
RGI60-18.01498     0.01493  -44.074736  169.751353   -0.527    0.553  1
RGI60-18.01463     0.01492  -44.017076  169.711607   -0.005    0.514  1
RGI60-18.01388     0.01491  -44.175612  169.578773    0.014    0.551  1
RGI60-18.01511     0.01491  -44.131155  169.700108   -0.199    0.360  1
RGI60-18.01509     0.01482  -44.149973  168.853932   -0.073    0.606  1
RGI60-18.02702     0.01482  -43.417604  170.650744   -0.141    0.288  1
RGI60-18.02694     0.01480  -43.624317  170.248847    0.211    0.485  1
RGI60-18.01811     0.01480  -43.745678  169.980830   -0.005    0.440  1
RGI60-18.02050     0.01477  -43.924550  169.765511   -0.192    0.496  1
RGI60-18.03358     0.01445  -43.137197  170.937744   -0.032    0.701  1
RGI60-18.01583     0.01442  -43.781718  169.813292    0.095    0.389  1
RGI60-18.01196     0.01434  -43.999710  169.535081   -0.100    0.283  1
RGI60-18.02098     0.01429  -43.879487  169.930522   -0.108    0.770  1
RGI60-18.01417     0.01429  -44.024152  169.588274   -0.178    0.442  1
RGI60-18.00391     0.01428  -44.948014  167.737529    0.342    0.589  1
RGI60-18.02144     0.01403  -43.511326  170.584407    0.117    0.347  1
RGI60-18.02785     0.01389  -42.998859  171.238372    0.895    1.000  1
RGI60-18.01121     0.01383  -44.084326  169.452629    0.009    0.389  1
RGI60-18.01346     0.01379  -44.201064  169.089448   -0.503    0.794  1
RGI60-18.00417     0.01374  -44.883157  168.187484   -0.094    0.388  1
RGI60-18.00373     0.01371  -44.767674  168.092471    0.439    0.594  1
RGI60-18.01316     0.01368  -43.883525  169.382245   -1.878    1.806  1
RGI60-18.00400     0.01368  -44.842720  168.040702   -0.392    0.615  1
RGI60-18.01880     0.01367  -43.855508  169.833270    0.004    0.500  1
RGI60-18.00216     0.01367  -44.853627  167.782086    0.652    0.767  1
RGI60-18.02067     0.01359  -43.898438  169.775169   -0.689    0.907  1
RGI60-18.00247     0.01358  -44.847720  167.785721   -0.173    0.790  1
RGI60-18.02977     0.01358  -43.382627  170.956253   -0.280    0.613  1
RGI60-18.01843     0.01356  -43.839770  169.851358   -0.062    0.468  1
RGI60-18.01268     0.01353  -44.217499  168.831983    0.249    0.733  1
RGI60-18.00368     0.01352  -44.745531  167.984382   -0.362    0.594  1
RGI60-18.01358     0.01348  -44.161121  168.829503   -0.120    0.667  1
RGI60-18.02126     0.01347  -43.653548  169.772756   -0.320    0.609  1
RGI60-18.00397     0.01345  -44.870010  167.804445    0.558    0.644  1
RGI60-18.01506     0.01336  -44.174405  168.947807   -0.440    0.741  1
RGI60-18.02291     0.01323  -43.555696  170.281333   -0.070    0.375  1
RGI60-18.03138     0.01317  -43.193983  170.959338   -0.671    1.026  1
RGI60-18.01528     0.01311  -43.990283  169.321929   -0.697    0.885  1
RGI60-18.01778     0.01299  -43.718104  169.940552   -0.251    0.408  1
RGI60-18.02605     0.01299  -43.624735  170.350817    0.005    0.280  1
RGI60-18.02691     0.01297  -43.686170  170.327464   -0.173    0.418  1
RGI60-18.01317     0.01294  -43.882802  169.381092   -1.166    1.224  1
RGI60-18.01599     0.01287  -43.780420  169.717737   -0.556    0.830  1
RGI60-18.01236     0.01275  -43.964102  169.685526   -0.442    0.622  1
RGI60-18.03397     0.01262  -43.298735  170.989559   -0.604    0.831  1
RGI60-18.01858     0.01238  -43.843117  169.832180   -0.095    0.262  1
RGI60-18.01095     0.01237  -44.529955  168.193736   -0.055    0.359  1
RGI60-18.03376     0.01183  -43.186681  171.027392   -0.939    1.105  1
RGI60-18.01461     0.01169  -44.014047  169.710231    0.277    0.596  1
RGI60-18.02837     0.01166  -42.993040  171.375889   -1.564    1.488  1
RGI60-18.02089     0.01157  -43.890060  170.013300    0.008    0.287  1
RGI60-18.02327     0.01154  -43.629343  170.083471    0.186    0.554  1
RGI60-18.01488     0.01149  -44.071663  168.985017   -0.184    0.506  1
RGI60-18.02775     0.01146  -43.009877  171.296938   -0.338    0.459  1
RGI60-18.02121     0.01135  -43.771282  170.069268   -0.375    0.730  1
RGI60-18.02695     0.01106  -43.622682  170.440501   -0.041    0.508  1
RGI60-18.01661     0.01100  -43.842613  169.689299   -0.072    0.409  1
RGI60-18.01230     0.01096  -43.955813  169.629030    0.111    0.514  1
RGI60-18.00832     0.01081  -44.498346  168.385206   -0.081    0.425  1
RGI60-18.03280     0.01063  -43.350938  170.971053   -0.155    0.584  1
RGI60-18.01733     0.01052  -43.731590  169.777852   -0.116    0.482  1
RGI60-18.01315     0.01045  -43.885333  169.384688    0.129    0.707  1
RGI60-18.00274     0.01042  -44.842938  168.025795    0.772    0.956  1
RGI60-18.02174     0.01027  -43.470978  170.268155   -0.416    0.786  1
RGI60-18.01708     0.01024  -43.739656  169.925684   -0.256    0.490  1
RGI60-18.02432     0.87062  -43.454656  170.453644   -0.560    0.204  2
RGI60-18.00987     0.77849  -44.368568  168.805130   -0.560    0.204  2
RGI60-18.02428     0.63752  -43.467799  170.299715   -0.560    0.204  2
RGI60-18.01300     0.51019  -44.216545  168.885382   -0.560    0.204  2
RGI60-18.00037     0.45641  -44.715104  167.728154   -0.560    0.204  2
RGI60-18.00080     0.42058  -44.787261  168.051224   -0.560    0.204  2
RGI60-18.00089     0.42051  -44.653606  167.808421   -0.560    0.204  2
RGI60-18.01372     0.41044  -44.165014  168.991564   -0.560    0.204  2
RGI60-18.00107     0.38669  -44.655160  168.047901   -0.560    0.204  2
RGI60-18.00135     0.37817  -44.628759  168.025165   -0.560    0.204  2
RGI60-18.01304     0.37491  -44.219950  168.841725   -0.560    0.204  2
RGI60-18.00093     0.36942  -44.665290  167.809759   -0.560    0.204  2
RGI60-18.01273     0.30353  -44.239122  168.880092   -0.560    0.204  2
RGI60-18.02059     0.27997  -43.891635  169.837464   -0.560    0.204  2
RGI60-18.00148     0.26833  -44.595250  167.956194   -0.560    0.204  2
RGI60-18.00356     0.25969  -44.771614  167.983893   -0.560    0.204  2
RGI60-18.02235     0.22482  -43.472208  170.473379   -0.560    0.204  2
RGI60-18.01276     0.22339  -44.264650  168.861441   -0.560    0.204  2
RGI60-18.00828     0.22055  -44.536406  168.323772   -0.560    0.204  2
RGI60-18.02498     0.21738  -43.457666  170.446479   -0.560    0.204  2
RGI60-18.00146     0.21588  -44.595397  167.952883   -0.560    0.204  2
RGI60-18.02204     0.21060  -43.475822  170.327394   -0.560    0.204  2
RGI60-18.03426     0.20825  -43.461364  170.443063   -0.560    0.204  2
RGI60-18.00094     0.20395  -44.660592  167.807515   -0.560    0.204  2
RGI60-18.00185     0.20225  -44.589212  168.056541   -0.560    0.204  2
RGI60-18.00099     0.19270  -44.676169  167.816294   -0.560    0.204  2
RGI60-18.00689     0.18339  -44.433154  168.610344   -0.560    0.204  2
RGI60-18.00040     0.18124  -44.722797  167.730006   -0.560    0.204  2
RGI60-18.01293     0.17033  -44.239056  168.885773   -0.560    0.204  2
RGI60-18.00575     0.16785  -44.573645  168.292223   -0.560    0.204  2
RGI60-18.00999     0.16292  -44.448306  168.744736   -0.560    0.204  2
RGI60-18.00360     0.16042  -44.734518  167.747397   -0.560    0.204  2
RGI60-18.00091     0.15862  -44.653402  167.820211   -0.560    0.204  2
RGI60-18.00755     0.15455  -44.404921  168.662368   -0.560    0.204  2
RGI60-18.00688     0.15056  -44.433894  168.605084   -0.560    0.204  2
RGI60-18.03178     0.14852  -43.179801  170.933815   -0.560    0.204  2
RGI60-18.00137     0.14789  -44.632136  168.018810   -0.560    0.204  2
RGI60-18.00807     0.14522  -44.520596  168.320632   -0.560    0.204  2
RGI60-18.00133     0.13841  -44.608114  168.049173   -0.560    0.204  2
RGI60-18.00097     0.13740  -44.657544  167.802397   -0.560    0.204  2
RGI60-18.00283     0.13605  -44.822243  168.004133   -0.560    0.204  2
RGI60-18.03450     0.13550  -44.571239  168.296629   -0.560    0.204  2
RGI60-18.01278     0.13436  -44.239648  168.875769   -0.560    0.204  2
RGI60-18.00147     0.13390  -44.590397  167.953268   -0.560    0.204  2
RGI60-18.03530     0.13000  -44.177832  168.897739   -0.560    0.204  2
RGI60-18.03187     0.12939  -43.258321  170.889949   -0.560    0.204  2
RGI60-18.00050     0.12398  -44.697760  167.761362   -0.560    0.204  2
RGI60-18.00122     0.12245  -44.612822  167.962821   -0.560    0.204  2
RGI60-18.00140     0.12073  -44.609691  168.002379   -0.560    0.204  2
RGI60-18.00975     0.12020  -44.330317  168.798662   -0.560    0.204  2
RGI60-18.00973     0.11934  -44.334895  168.797342   -0.560    0.204  2
RGI60-18.02246     0.11870  -43.473654  170.478551   -0.560    0.204  2
RGI60-18.00740     0.11634  -44.421001  168.637013   -0.560    0.204  2
RGI60-18.00095     0.11516  -44.653991  167.812726   -0.560    0.204  2
RGI60-18.00076     0.11435  -44.766197  168.022370   -0.560    0.204  2
RGI60-18.02493     0.11401  -43.456304  170.490027   -0.560    0.204  2
RGI60-18.02400     0.11326  -43.431208  170.526116   -0.560    0.204  2
RGI60-18.03331     0.11056  -43.242214  170.839116   -0.560    0.204  2
RGI60-18.03518     0.10715  -44.564415  167.990260   -0.560    0.204  2
RGI60-18.02259     0.10554  -43.592153  170.083032   -0.560    0.204  2
RGI60-18.00303     0.10501  -44.795539  167.713834   -0.560    0.204  2
RGI60-18.02387     0.10485  -43.557822  170.301141   -0.560    0.204  2
RGI60-18.03471     0.10414  -43.462091  170.459213   -0.560    0.204  2
RGI60-18.00038     0.10321  -44.717427  167.725012   -0.560    0.204  2
RGI60-18.00121     0.10264  -44.619491  167.961541   -0.560    0.204  2
RGI60-18.03526     0.10254  -44.697918  167.764474   -0.560    0.204  2
RGI60-18.00111     0.10208  -44.632799  167.961612   -0.560    0.204  2
RGI60-18.00745     0.10047  -44.418617  168.634446   -0.560    0.204  2
RGI60-18.01836     0.09773  -43.674129  170.065589   -0.560    0.204  2
RGI60-18.00068     0.09752  -44.698869  168.021585   -0.560    0.204  2
RGI60-18.03443     0.09726  -43.758661  169.881190   -0.560    0.204  2
RGI60-18.02191     0.09412  -43.460898  170.450129   -0.560    0.204  2
RGI60-18.02330     0.08872  -43.627890  170.087661   -0.560    0.204  2
RGI60-18.01177     0.08649  -44.298206  168.841798   -0.560    0.204  2
RGI60-18.01550     0.08556  -43.862752  169.944110   -0.560    0.204  2
RGI60-18.00092     0.08461  -44.670870  167.813305   -0.560    0.204  2
RGI60-18.01261     0.08376  -44.211012  168.919148   -0.560    0.204  2
RGI60-18.00412     0.08331  -44.665801  168.025821   -0.560    0.204  2
RGI60-18.00252     0.08328  -44.832112  167.915498   -0.560    0.204  2
RGI60-18.00834     0.08287  -44.514784  168.315413   -0.560    0.204  2
RGI60-18.02027     0.08260  -43.930879  169.795584   -0.560    0.204  2
RGI60-18.01443     0.08030  -44.124469  169.011684   -0.560    0.204  2
RGI60-18.00949     0.08007  -44.369893  168.795834   -0.560    0.204  2
RGI60-18.00196     0.07985  -44.677924  167.778935   -0.560    0.204  2
RGI60-18.00057     0.07950  -44.688178  167.790577   -0.560    0.204  2
RGI60-18.00201     0.07767  -44.871657  167.761904   -0.560    0.204  2
RGI60-18.01447     0.07588  -44.133330  169.012393   -0.560    0.204  2
RGI60-18.01072     0.07431  -44.972903  168.150017   -0.560    0.204  2
RGI60-18.03496     0.07395  -43.671307  170.071226   -0.560    0.204  2
RGI60-18.03522     0.07386  -44.786067  168.037778   -0.560    0.204  2
RGI60-18.01344     0.07151  -44.289236  168.855238   -0.560    0.204  2
RGI60-18.00028     0.07119  -44.715872  167.741956   -0.560    0.204  2
RGI60-18.01179     0.07054  -44.297484  168.837494   -0.560    0.204  2
RGI60-18.03411     0.06974  -43.010058  171.382666   -0.560    0.204  2
RGI60-18.00806     0.06942  -44.523605  168.321735   -0.560    0.204  2
RGI60-18.00105     0.06914  -44.655866  168.056034   -0.560    0.204  2
RGI60-18.02042     0.06819  -43.931794  169.755160   -0.560    0.204  2
RGI60-18.00049     0.06704  -44.699881  167.766665   -0.560    0.204  2
RGI60-18.03427     0.06630  -43.696311  170.245200   -0.560    0.204  2
RGI60-18.03484     0.06623  -43.983502  169.894410   -0.560    0.204  2
RGI60-18.01180     0.06616  -44.293948  168.837252   -0.560    0.204  2
RGI60-18.00209     0.06569  -44.855183  167.597786   -0.560    0.204  2
RGI60-18.00574     0.06544  -44.574599  168.298095   -0.560    0.204  2
RGI60-18.00108     0.06462  -44.650334  168.054304   -0.560    0.204  2
RGI60-18.01374     0.06440  -44.154148  168.980268   -0.560    0.204  2
RGI60-18.03498     0.06408  -43.776908  169.789933   -0.560    0.204  2
RGI60-18.00346     0.06405  -44.662540  167.847071   -0.560    0.204  2
RGI60-18.00039     0.06242  -44.714655  167.719350   -0.560    0.204  2
RGI60-18.00056     0.06215  -44.688425  167.794177   -0.560    0.204  2
RGI60-18.01564     0.06145  -43.848923  169.948136   -0.560    0.204  2
RGI60-18.03466     0.06090  -43.289399  170.876186   -0.560    0.204  2
RGI60-18.02173     0.06060  -43.474661  170.427243   -0.560    0.204  2
RGI60-18.03509     0.06033  -44.170328  168.991201   -0.560    0.204  2
RGI60-18.02471     0.06003  -43.482454  170.340898   -0.560    0.204  2
RGI60-18.01377     0.05894  -44.156370  168.977815   -0.560    0.204  2
RGI60-18.03245     0.05890  -43.336746  171.004719   -0.560    0.204  2
RGI60-18.03472     0.05768  -43.467444  170.465958   -0.560    0.204  2
RGI60-18.00112     0.05702  -44.627026  167.962906   -0.560    0.204  2
RGI60-18.00210     0.05700  -44.853182  167.592758   -0.560    0.204  2
RGI60-18.01716     0.05666  -43.745373  169.812659   -0.560    0.204  2
RGI60-18.01563     0.05589  -43.985050  169.900504   -0.560    0.204  2
RGI60-18.00284     0.05576  -44.826721  167.999350   -0.560    0.204  2
RGI60-18.01698     0.05450  -43.749218  169.822574   -0.560    0.204  2
RGI60-18.03453     0.05414  -44.719429  167.734542   -0.560    0.204  2
RGI60-18.02566     0.05367  -43.646891  170.361407   -0.560    0.204  2
RGI60-18.02591     0.05321  -43.602218  170.006850   -0.560    0.204  2
RGI60-18.02465     0.05302  -43.497182  170.351643   -0.560    0.204  2
RGI60-18.02282     0.05285  -43.447648  170.447637   -0.560    0.204  2
RGI60-18.01342     0.05264  -44.198923  168.998084   -0.560    0.204  2
RGI60-18.01549     0.05245  -43.863204  169.938624   -0.560    0.204  2
RGI60-18.00074     0.05244  -44.769849  168.032749   -0.560    0.204  2
RGI60-18.02213     0.05243  -43.460559  170.427539   -0.560    0.204  2
RGI60-18.00048     0.05141  -44.698752  167.727129   -0.560    0.204  2
RGI60-18.00036     0.05119  -44.711996  167.731504   -0.560    0.204  2
RGI60-18.01502     0.04969  -44.210143  168.945193   -0.560    0.204  2
RGI60-18.02486     0.04938  -43.460512  170.438706   -0.560    0.204  2
RGI60-18.01445     0.04930  -44.127917  169.014825   -0.560    0.204  2
RGI60-18.02671     0.04765  -43.443181  170.402569   -0.560    0.204  2
RGI60-18.01376     0.04751  -44.169714  168.993701   -0.560    0.204  2
RGI60-18.01281     0.04719  -44.202976  168.867774   -0.560    0.204  2
RGI60-18.02248     0.04712  -43.626015  170.077194   -0.560    0.204  2
RGI60-18.00495     0.04518  -44.657895  168.383451   -0.560    0.204  2
RGI60-18.00978     0.04507  -44.390573  168.785731   -0.560    0.204  2
RGI60-18.02227     0.04472  -43.546827  170.122572   -0.560    0.204  2
RGI60-18.00681     0.04468  -44.490840  168.553229   -0.560    0.204  2
RGI60-18.02312     0.04457  -43.567377  170.303183   -0.560    0.204  2
RGI60-18.01783     0.04452  -43.968623  169.772450   -0.560    0.204  2
RGI60-18.00142     0.04331  -44.607394  167.999546   -0.560    0.204  2
RGI60-18.02833     0.04096  -43.007454  171.385245   -0.560    0.204  2
RGI60-18.00453     0.04050  -44.799614  168.178834   -0.560    0.204  2
RGI60-18.00561     0.04048  -44.586455  168.304167   -0.560    0.204  2
RGI60-18.02033     0.04031  -43.911704  169.927117   -0.560    0.204  2
RGI60-18.02392     0.03964  -43.478000  170.466530   -0.560    0.204  2
RGI60-18.00290     0.03891  -44.817337  167.935956   -0.560    0.204  2
RGI60-18.00743     0.03880  -44.411218  168.648370   -0.560    0.204  2
RGI60-18.00656     0.03868  -44.473882  168.551932   -0.560    0.204  2
RGI60-18.00130     0.03817  -44.618875  168.045898   -0.560    0.204  2
RGI60-18.01748     0.03791  -43.730726  169.869249   -0.560    0.204  2
RGI60-18.01555     0.03748  -43.855129  169.939358   -0.560    0.204  2
RGI60-18.02228     0.03718  -43.546240  170.119534   -0.560    0.204  2
RGI60-18.01340     0.03693  -44.200254  168.901154   -0.560    0.204  2
RGI60-18.02205     0.03604  -43.469977  170.338786   -0.560    0.204  2
RGI60-18.03500     0.03599  -43.782918  169.716469   -0.560    0.204  2
RGI60-18.01066     0.03550  -44.545327  168.334817   -0.560    0.204  2
RGI60-18.02562     0.03543  -43.649036  170.162394   -0.560    0.204  2
RGI60-18.00029     0.03543  -44.715311  167.747665   -0.560    0.204  2
RGI60-18.01036     0.03539  -44.334211  168.722872   -0.560    0.204  2
RGI60-18.01015     0.03522  -44.476003  168.717944   -0.560    0.204  2
RGI60-18.01354     0.03475  -44.166321  169.001919   -0.560    0.204  2
RGI60-18.02095     0.03469  -43.870001  169.949001   -0.560    0.204  2
RGI60-18.00827     0.03467  -44.537008  168.321218   -0.560    0.204  2
RGI60-18.00106     0.03465  -44.660959  168.050167   -0.560    0.204  2
RGI60-18.00297     0.03464  -44.805144  167.747189   -0.560    0.204  2
RGI60-18.00051     0.03444  -44.700877  167.774282   -0.560    0.204  2
RGI60-18.00860     0.03422  -44.377499  168.788017   -0.560    0.204  2
RGI60-18.02485     0.03407  -43.462799  170.437374   -0.560    0.204  2
RGI60-18.01065     0.03401  -44.250711  168.746622   -0.560    0.204  2
RGI60-18.02281     0.03372  -43.448926  170.448626   -0.560    0.204  2
RGI60-18.00098     0.03289  -44.655351  167.828048   -0.560    0.204  2
RGI60-18.00260     0.03281  -44.826280  167.936905   -0.560    0.204  2
RGI60-18.01884     0.03278  -43.806558  169.912778   -0.560    0.204  2
RGI60-18.02341     0.03259  -43.523060  170.336530   -0.560    0.204  2
RGI60-18.01282     0.03224  -44.259018  168.855378   -0.560    0.204  2
RGI60-18.01375     0.03213  -44.173822  168.994852   -0.560    0.204  2
RGI60-18.00808     0.03160  -44.524890  168.302056   -0.560    0.204  2
RGI60-18.03183     0.03149  -43.292735  170.873593   -0.560    0.204  2
RGI60-18.00792     0.03129  -44.517471  168.317389   -0.560    0.204  2
RGI60-18.00339     0.03099  -44.784288  168.041725   -0.560    0.204  2
RGI60-18.01492     0.03072  -44.070330  169.229192   -0.560    0.204  2
RGI60-18.02447     0.03070  -43.572231  170.291579   -0.560    0.204  2
RGI60-18.02336     0.03050  -43.529634  170.325138   -0.560    0.204  2
RGI60-18.01535     0.03048  -43.984538  169.772169   -0.560    0.204  2
RGI60-18.01002     0.02957  -44.467027  168.763800   -0.560    0.204  2
RGI60-18.01368     0.02897  -44.176729  168.996936   -0.560    0.204  2
RGI60-18.02338     0.02897  -43.526380  170.334873   -0.560    0.204  2
RGI60-18.02494     0.02876  -43.454457  170.480587   -0.560    0.204  2
RGI60-18.00061     0.02874  -44.693497  168.032616   -0.560    0.204  2
RGI60-18.01491     0.02859  -44.071872  169.227454   -0.560    0.204  2
RGI60-18.00127     0.02858  -44.613681  168.049199   -0.560    0.204  2
RGI60-18.02269     0.02844  -43.476661  170.343714   -0.560    0.204  2
RGI60-18.00145     0.02813  -44.599392  167.961472   -0.560    0.204  2
RGI60-18.02964     0.02807  -43.395251  170.663843   -0.560    0.204  2
RGI60-18.01819     0.02769  -43.696928  170.036314   -0.560    0.204  2
RGI60-18.00754     0.02739  -44.405737  168.655260   -0.560    0.204  2
RGI60-18.01343     0.02738  -44.194576  168.901724   -0.560    0.204  2
RGI60-18.00157     0.02728  -44.565916  168.054040   -0.560    0.204  2
RGI60-18.02293     0.02718  -43.472619  170.342266   -0.560    0.204  2
RGI60-18.01277     0.02709  -44.241978  168.876969   -0.560    0.204  2
RGI60-18.01477     0.02697  -44.092758  169.698683   -0.560    0.204  2
RGI60-18.00541     0.02695  -44.634282  168.384247   -0.560    0.204  2
RGI60-18.02470     0.02691  -43.482567  170.346332   -0.560    0.204  2
RGI60-18.02041     0.02679  -44.016986  169.867090   -0.560    0.204  2
RGI60-18.02463     0.02653  -43.500351  170.379007   -0.560    0.204  2
RGI60-18.02272     0.02643  -43.543610  170.304687   -0.560    0.204  2
RGI60-18.00882     0.02622  -44.358617  168.586959   -0.560    0.204  2
RGI60-18.01927     0.02604  -43.769201  169.970384   -0.560    0.204  2
RGI60-18.02112     0.02604  -43.875478  169.941145   -0.560    0.204  2
RGI60-18.00562     0.02581  -44.585863  168.297241   -0.560    0.204  2
RGI60-18.00265     0.02558  -44.818913  167.714031   -0.560    0.204  2
RGI60-18.03099     0.02546  -43.227960  170.952654   -0.560    0.204  2
RGI60-18.00407     0.02521  -44.766611  167.720722   -0.560    0.204  2
RGI60-18.02332     0.02496  -43.552752  170.328536   -0.560    0.204  2
RGI60-18.00503     0.02494  -44.676690  168.230701   -0.560    0.204  2
RGI60-18.03284     0.02466  -43.312356  171.013507   -0.560    0.204  2
RGI60-18.02932     0.02455  -43.002481  171.372990   -0.560    0.204  2
RGI60-18.01686     0.02425  -43.755482  169.973560   -0.560    0.204  2
RGI60-18.00045     0.02408  -44.720599  168.075351   -0.560    0.204  2
RGI60-18.00405     0.02394  -44.818894  168.014755   -0.560    0.204  2
RGI60-18.00032     0.02373  -44.712332  167.743495   -0.560    0.204  2
RGI60-18.01162     0.02346  -44.031384  169.681918   -0.560    0.204  2
RGI60-18.01448     0.02336  -44.125084  169.009064   -0.560    0.204  2
RGI60-18.01175     0.02320  -43.990654  169.252324   -0.560    0.204  2
RGI60-18.00237     0.02317  -44.846910  167.724678   -0.560    0.204  2
RGI60-18.02007     0.02316  -43.938521  169.759296   -0.560    0.204  2
RGI60-18.02123     0.02310  -43.738777  169.842392   -0.560    0.204  2
RGI60-18.00764     0.02294  -44.387866  168.345927   -0.560    0.204  2
RGI60-18.02925     0.02293  -43.157288  171.192023   -0.560    0.204  2
RGI60-18.01709     0.02293  -43.738294  169.836597   -0.560    0.204  2
RGI60-18.01997     0.02265  -43.946909  169.718850   -0.560    0.204  2
RGI60-18.02060     0.02255  -43.777756  170.026777   -0.560    0.204  2
RGI60-18.01318     0.02249  -43.881533  169.379282   -0.560    0.204  2
RGI60-18.03208     0.02249  -43.183781  170.941313   -0.560    0.204  2
RGI60-18.01557     0.02242  -43.853411  169.904534   -0.560    0.204  2
RGI60-18.01284     0.02238  -44.203600  168.934312   -0.560    0.204  2
RGI60-18.00394     0.02213  -44.874689  167.703217   -0.560    0.204  2
RGI60-18.00262     0.02203  -44.820743  167.738697   -0.560    0.204  2
RGI60-18.01182     0.02197  -44.291459  168.831720   -0.560    0.204  2
RGI60-18.01616     0.02194  -43.818120  169.864646   -0.560    0.204  2
RGI60-18.00162     0.02188  -44.571455  168.019164   -0.560    0.204  2
RGI60-18.03211     0.02188  -43.226180  170.911441   -0.560    0.204  2
RGI60-18.02875     0.02187  -42.924507  171.371140   -0.560    0.204  2
RGI60-18.02106     0.02175  -43.935711  169.738650   -0.560    0.204  2
RGI60-18.01674     0.02146  -43.802448  170.025254   -0.560    0.204  2
RGI60-18.01101     0.02143  -44.310930  168.646553   -0.560    0.204  2
RGI60-18.01786     0.02141  -43.790243  169.907696   -0.560    0.204  2
RGI60-18.02053     0.02139  -43.901242  170.018711   -0.560    0.204  2
RGI60-18.00008     0.02123  -39.294166  175.575121   -0.560    0.204  2
RGI60-18.00388     0.02115  -44.972967  167.750527   -0.560    0.204  2
RGI60-18.01287     0.02113  -44.273694  168.854134   -0.560    0.204  2
RGI60-18.02044     0.02096  -43.929518  169.760240   -0.560    0.204  2
RGI60-18.00404     0.02080  -44.821310  167.937541   -0.560    0.204  2
RGI60-18.01608     0.02061  -43.815632  169.753051   -0.560    0.204  2
RGI60-18.00776     0.02056  -44.517091  168.300808   -0.560    0.204  2
RGI60-18.02220     0.02053  -43.459441  170.429388   -0.560    0.204  2
RGI60-18.03017     0.02053  -43.149545  170.961848   -0.560    0.204  2
RGI60-18.00612     0.02022  -44.532036  168.652972   -0.560    0.204  2
RGI60-18.02755     0.02005  -43.117806  171.121674   -0.560    0.204  2
RGI60-18.02022     0.01995  -43.930184  169.748513   -0.560    0.204  2
RGI60-18.01805     0.01982  -43.873089  169.828733   -0.560    0.204  2
RGI60-18.01507     0.01962  -44.172006  169.601663   -0.560    0.204  2
RGI60-18.00275     0.01953  -44.842792  168.021666   -0.560    0.204  2
RGI60-18.02339     0.01947  -43.526000  170.337984   -0.560    0.204  2
RGI60-18.00971     0.01945  -44.451749  168.721443   -0.560    0.204  2
RGI60-18.01187     0.01936  -44.204907  169.004425   -0.560    0.204  2
RGI60-18.01459     0.01929  -44.013250  169.699654   -0.560    0.204  2
RGI60-18.03276     0.01924  -43.341605  171.028132   -0.560    0.204  2
RGI60-18.03410     0.01923  -42.901133  171.507580   -0.560    0.204  2
RGI60-18.00419     0.01912  -44.877401  168.185157   -0.560    0.204  2
RGI60-18.01102     0.01908  -44.246418  168.743866   -0.560    0.204  2
RGI60-18.02116     0.01907  -43.849592  169.865259   -0.560    0.204  2
RGI60-18.02241     0.01906  -43.541606  170.438003   -0.560    0.204  2
RGI60-18.00684     0.01905  -44.484611  168.549484   -0.560    0.204  2
RGI60-18.01348     0.01902  -44.197336  169.084830   -0.560    0.204  2
RGI60-18.02693     0.01901  -43.623522  170.010275   -0.560    0.204  2
RGI60-18.02554     0.01885  -43.669586  170.301779   -0.560    0.204  2
RGI60-18.02991     0.01878  -43.370491  170.865739   -0.560    0.204  2
RGI60-18.01980     0.01874  -43.962605  169.788211   -0.560    0.204  2
RGI60-18.01393     0.01862  -44.146487  168.851484   -0.560    0.204  2
RGI60-18.00007     0.01860  -39.267767  175.553363   -0.560    0.204  2
RGI60-18.00584     0.01850  -44.569893  168.588127   -0.560    0.204  2
RGI60-18.02261     0.01828  -43.599433  170.025584   -0.560    0.204  2
RGI60-18.02064     0.01827  -43.897275  169.799349   -0.560    0.204  2
RGI60-18.00392     0.01825  -44.948927  167.955906   -0.560    0.204  2
RGI60-18.02929     0.01823  -43.064565  171.207158   -0.560    0.204  2
RGI60-18.01191     0.01822  -44.207894  169.005021   -0.560    0.204  2
RGI60-18.01924     0.01815  -43.647500  170.093872   -0.560    0.204  2
RGI60-18.03445     0.01803  -43.813570  169.619878   -0.560    0.204  2
RGI60-18.02855     0.01788  -42.949999  171.310225   -0.560    0.204  2
RGI60-18.02077     0.01776  -43.878656  169.936987   -0.560    0.204  2
RGI60-18.01525     0.01762  -44.031708  169.686049   -0.560    0.204  2
RGI60-18.02488     0.01756  -43.552501  170.343275   -0.560    0.204  2
RGI60-18.02192     0.01753  -43.613609  170.145978   -0.560    0.204  2
RGI60-18.03175     0.01752  -43.316870  170.843121   -0.560    0.204  2
RGI60-18.00390     0.01749  -44.954763  167.742388   -0.560    0.204  2
RGI60-18.01731     0.01727  -43.749266  169.890627   -0.560    0.204  2
RGI60-18.01526     0.01712  -43.990783  169.258039   -0.560    0.204  2
RGI60-18.01517     0.01711  -44.088933  169.662236   -0.560    0.204  2
RGI60-18.02105     0.01711  -43.938059  169.771328   -0.560    0.204  2
RGI60-18.02744     0.01704  -43.036738  171.433358   -0.560    0.204  2
RGI60-18.00090     0.01697  -44.649920  167.806843   -0.560    0.204  2
RGI60-18.01098     0.01697  -44.387277  168.355913   -0.560    0.204  2
RGI60-18.00188     0.01686  -44.548331  168.029788   -0.560    0.204  2
RGI60-18.02352     0.01685  -43.601860  170.022389   -0.560    0.204  2
RGI60-18.01135     0.01681  -44.056920  169.561717   -0.560    0.204  2
RGI60-18.03131     0.01681  -43.256320  170.863063   -0.560    0.204  2
RGI60-18.01049     0.01675  -44.286942  168.452280   -0.560    0.204  2
RGI60-18.00202     0.01672  -44.866008  167.755999   -0.560    0.204  2
RGI60-18.03060     0.01663  -43.319498  170.820937   -0.560    0.204  2
RGI60-18.01995     0.01655  -43.945470  169.731316   -0.560    0.204  2
RGI60-18.02422     0.01654  -43.502709  170.413914   -0.560    0.204  2
RGI60-18.03093     0.01653  -43.273269  170.881232   -0.560    0.204  2
RGI60-18.00403     0.01651  -44.822318  167.743135   -0.560    0.204  2
RGI60-18.00511     0.01646  -44.643495  168.598846   -0.560    0.204  2
RGI60-18.00005     0.01644  -39.276905  175.582093   -0.560    0.204  2
RGI60-18.02580     0.01630  -43.640548  170.139481   -0.560    0.204  2
RGI60-18.00299     0.01629  -44.806094  167.742503   -0.560    0.204  2
RGI60-18.00402     0.01623  -44.824731  167.747281   -0.560    0.204  2
RGI60-18.02930     0.01622  -43.054986  171.401634   -0.560    0.204  2
RGI60-18.00406     0.01618  -44.778681  167.799277   -0.560    0.204  2
RGI60-18.01872     0.01609  -43.871639  169.814944   -0.560    0.204  2
RGI60-18.02034     0.01607  -43.774308  169.660085   -0.560    0.204  2
RGI60-18.01243     0.01606  -43.972013  169.705604   -0.560    0.204  2
RGI60-18.01940     0.01602  -43.751318  169.960139   -0.560    0.204  2
RGI60-18.00936     0.01596  -44.558682  168.482055   -0.560    0.204  2
RGI60-18.01946     0.01596  -43.843585  169.890799   -0.560    0.204  2
RGI60-18.01515     0.01594  -44.088419  168.914126   -0.560    0.204  2
RGI60-18.01430     0.01590  -44.041971  169.586557   -0.560    0.204  2
RGI60-18.02926     0.01586  -43.094997  171.094191   -0.560    0.204  2
RGI60-18.01907     0.01584  -43.710463  170.024498   -0.560    0.204  2
RGI60-18.01985     0.01584  -43.959231  169.791610   -0.560    0.204  2
RGI60-18.01111     0.01578  -44.076442  169.684032   -0.560    0.204  2
RGI60-18.02206     0.01575  -43.459065  170.316457   -0.560    0.204  2
RGI60-18.02124     0.01571  -43.726598  169.982820   -0.560    0.204  2
RGI60-18.02719     0.01569  -43.084035  171.130771   -0.560    0.204  2
RGI60-18.02859     0.01564  -42.943118  171.402097   -0.560    0.204  2
RGI60-18.02001     0.01562  -43.941543  169.766961   -0.560    0.204  2
RGI60-18.02767     0.01562  -43.018563  171.439284   -0.560    0.204  2
RGI60-18.01982     0.01557  -43.960776  169.784309   -0.560    0.204  2
RGI60-18.01516     0.01552  -44.089025  169.643873   -0.560    0.204  2
RGI60-18.02476     0.01550  -43.392675  170.534900   -0.560    0.204  2
RGI60-18.01530     0.01544  -43.955986  169.605498   -0.560    0.204  2
RGI60-18.00124     0.01540  -44.609201  168.063680   -0.560    0.204  2
RGI60-18.01505     0.01534  -44.203272  168.908735   -0.560    0.204  2
RGI60-18.02353     0.01531  -43.601199  170.025925   -0.560    0.204  2
RGI60-18.03221     0.01527  -43.340969  170.584617   -0.560    0.204  2
RGI60-18.00422     0.01524  -44.887617  168.467502   -0.560    0.204  2
RGI60-18.00773     0.01520  -44.378669  168.385740   -0.560    0.204  2
RGI60-18.00313     0.01518  -44.794590  168.049869   -0.560    0.204  2
RGI60-18.01518     0.01516  -44.082335  169.748556   -0.560    0.204  2
RGI60-18.01228     0.01515  -43.957738  169.686055   -0.560    0.204  2
RGI60-18.01478     0.01510  -44.090014  169.695123   -0.560    0.204  2
RGI60-18.01570     0.01510  -43.839640  170.038103   -0.560    0.204  2
RGI60-18.02401     0.01508  -43.585070  170.279296   -0.560    0.204  2
RGI60-18.01313     0.01508  -43.896045  169.464224   -0.560    0.204  2
RGI60-18.01520     0.01502  -44.069218  169.660449   -0.560    0.204  2
RGI60-18.01252     0.01499  -43.925430  169.385818   -0.560    0.204  2
RGI60-18.02304     0.01499  -43.464227  170.608842   -0.560    0.204  2
RGI60-18.00323     0.01491  -44.781325  167.781639   -0.560    0.204  2
RGI60-18.00459     0.01485  -44.781238  168.192408   -0.560    0.204  2
RGI60-18.02349     0.01484  -43.609588  170.000052   -0.560    0.204  2
RGI60-18.02804     0.01478  -42.980874  171.267336   -0.560    0.204  2
RGI60-18.01185     0.01475  -43.990586  169.702992   -0.560    0.204  2
RGI60-18.00893     0.01469  -44.550046  168.300107   -0.560    0.204  2
RGI60-18.01527     0.01468  -43.991349  169.329655   -0.560    0.204  2
RGI60-18.03202     0.01451  -43.193087  170.961128   -0.560    0.204  2
RGI60-18.01420     0.01450  -44.011950  169.593589   -0.560    0.204  2
RGI60-18.03404     0.01444  -43.099415  170.919731   -0.560    0.204  2
RGI60-18.02511     0.01441  -43.700774  170.120367   -0.560    0.204  2
RGI60-18.00264     0.01432  -44.819383  167.740410   -0.560    0.204  2
RGI60-18.00119     0.01427  -44.627613  168.065227   -0.560    0.204  2
RGI60-18.02101     0.01425  -44.027210  169.775965   -0.560    0.204  2
RGI60-18.01403     0.01421  -44.143278  169.092949   -0.560    0.204  2
RGI60-18.00447     0.01413  -44.828269  168.293154   -0.560    0.204  2
RGI60-18.01028     0.01411  -44.311895  168.894502   -0.560    0.204  2
RGI60-18.02189     0.01408  -43.598465  170.024541   -0.560    0.204  2
RGI60-18.02271     0.01405  -43.473523  170.557787   -0.560    0.204  2
RGI60-18.01353     0.01404  -44.174874  168.966075   -0.560    0.204  2
RGI60-18.00230     0.01400  -44.848925  167.732930   -0.560    0.204  2
RGI60-18.01513     0.01398  -44.118111  169.633715   -0.560    0.204  2
RGI60-18.00763     0.01398  -44.388819  168.349851   -0.560    0.204  2
RGI60-18.00337     0.01370  -44.954165  167.737770   -0.560    0.204  2
RGI60-18.00266     0.01357  -44.818840  167.711229   -0.560    0.204  2
RGI60-18.01554     0.01356  -43.856901  169.939757   -0.560    0.204  2
RGI60-18.02176     0.01354  -43.418613  170.284450   -0.560    0.204  2
RGI60-18.00868     0.01345  -44.372140  168.443174   -0.560    0.204  2
RGI60-18.02665     0.01343  -43.445385  170.412183   -0.560    0.204  2
RGI60-18.02858     0.01341  -42.945310  171.397110   -0.560    0.204  2
RGI60-18.00324     0.01339  -44.780453  167.784724   -0.560    0.204  2
RGI60-18.03392     0.01338  -43.388063  170.848285   -0.560    0.204  2
RGI60-18.00200     0.01331  -44.878092  168.010040   -0.560    0.204  2
RGI60-18.03391     0.01326  -43.394041  170.750532   -0.560    0.204  2
RGI60-18.01849     0.01325  -43.662714  170.000255   -0.560    0.204  2
RGI60-18.01362     0.01325  -44.165506  168.825010   -0.560    0.204  2
RGI60-18.00432     0.01325  -44.542663  168.727234   -0.560    0.204  2
RGI60-18.01568     0.01325  -43.838206  169.908208   -0.560    0.204  2
RGI60-18.01487     0.01320  -44.072201  168.983267   -0.560    0.204  2
RGI60-18.01840     0.01319  -43.676897  170.069310   -0.560    0.204  2
RGI60-18.01361     0.01317  -44.157685  168.836709   -0.560    0.204  2
RGI60-18.02011     0.01315  -43.777198  169.726601   -0.560    0.204  2
RGI60-18.02678     0.01309  -43.725526  170.314775   -0.560    0.204  2
RGI60-18.01930     0.01307  -43.765933  169.977799   -0.560    0.204  2
RGI60-18.01775     0.01306  -43.726194  169.743415   -0.560    0.204  2
RGI60-18.01345     0.01298  -44.199768  169.091133   -0.560    0.204  2
RGI60-18.00585     0.01297  -44.569789  168.590597   -0.560    0.204  2
RGI60-18.00325     0.01295  -44.779348  167.781559   -0.560    0.204  2
RGI60-18.01155     0.01291  -44.034923  169.688396   -0.560    0.204  2
RGI60-18.03008     0.01289  -43.351362  171.043317   -0.560    0.204  2
RGI60-18.01378     0.01289  -44.153912  168.974975   -0.560    0.204  2
RGI60-18.00175     0.01288  -44.578697  167.975467   -0.560    0.204  2
RGI60-18.02532     0.01287  -43.679214  170.140667   -0.560    0.204  2
RGI60-18.01702     0.01285  -43.753753  169.905267   -0.560    0.204  2
RGI60-18.00396     0.01283  -44.876512  168.006152   -0.560    0.204  2
RGI60-18.01919     0.01282  -43.752818  169.976281   -0.560    0.204  2
RGI60-18.02006     0.01274  -43.941044  169.887771   -0.560    0.204  2
RGI60-18.00387     0.01268  -44.994510  167.734883   -0.560    0.204  2
RGI60-18.02961     0.01264  -43.388038  170.734275   -0.560    0.204  2
RGI60-18.01529     0.01264  -43.964684  169.665950   -0.560    0.204  2
RGI60-18.01192     0.01262  -43.984381  169.584085   -0.560    0.204  2
RGI60-18.00864     0.01259  -44.365229  168.428694   -0.560    0.204  2
RGI60-18.01866     0.01259  -43.776569  169.917149   -0.560    0.204  2
RGI60-18.00350     0.01253  -44.777759  167.986193   -0.560    0.204  2
RGI60-18.02495     0.01249  -43.447641  170.467045   -0.560    0.204  2
RGI60-18.02294     0.01243  -43.471002  170.341035   -0.560    0.204  2
RGI60-18.01204     0.01241  -43.981942  169.582301   -0.560    0.204  2
RGI60-18.00408     0.01239  -44.664211  168.041033   -0.560    0.204  2
RGI60-18.02464     0.01237  -43.499879  170.370639   -0.560    0.204  2
RGI60-18.00668     0.01237  -44.476532  168.456590   -0.560    0.204  2
RGI60-18.01201     0.01234  -43.984353  169.567461   -0.560    0.204  2
RGI60-18.00436     0.01234  -44.859204  168.178759   -0.560    0.204  2
RGI60-18.00573     0.01233  -44.577894  168.298422   -0.560    0.204  2
RGI60-18.01777     0.01231  -43.719074  169.943215   -0.560    0.204  2
RGI60-18.00301     0.01228  -44.800284  167.889642   -0.560    0.204  2
RGI60-18.01863     0.01224  -43.664165  169.991491   -0.560    0.204  2
RGI60-18.02343     0.01222  -43.427549  170.511893   -0.560    0.204  2
RGI60-18.02813     0.01214  -42.960419  171.297539   -0.560    0.204  2
RGI60-18.01532     0.01212  -43.874075  169.370743   -0.560    0.204  2
RGI60-18.01203     0.01211  -43.983258  169.582579   -0.560    0.204  2
RGI60-18.01587     0.01210  -43.784079  169.764928   -0.560    0.204  2
RGI60-18.03203     0.01206  -43.192122  170.962969   -0.560    0.204  2
RGI60-18.02103     0.01201  -43.973390  169.908349   -0.560    0.204  2
RGI60-18.01120     0.01199  -44.064890  169.451019   -0.560    0.204  2
RGI60-18.01475     0.01199  -44.092639  169.649557   -0.560    0.204  2
RGI60-18.01531     0.01198  -43.912899  169.373134   -0.560    0.204  2
RGI60-18.02118     0.01195  -43.812839  169.970948   -0.560    0.204  2
RGI60-18.03395     0.01193  -43.330765  170.887750   -0.560    0.204  2
RGI60-18.02622     0.01184  -43.593596  170.421925   -0.560    0.204  2
RGI60-18.02016     0.01178  -43.935222  169.761302   -0.560    0.204  2
RGI60-18.03377     0.01173  -43.186779  171.029204   -0.560    0.204  2
RGI60-18.00865     0.01172  -44.362697  168.428334   -0.560    0.204  2
RGI60-18.00174     0.01171  -44.554841  168.019529   -0.560    0.204  2
RGI60-18.00894     0.01165  -44.974727  168.134557   -0.560    0.204  2
RGI60-18.01508     0.01162  -44.150732  168.857763   -0.560    0.204  2
RGI60-18.01521     0.01160  -44.063236  169.656173   -0.560    0.204  2
RGI60-18.00170     0.01156  -44.562509  168.022568   -0.560    0.204  2
RGI60-18.02981     0.01154  -43.382097  170.738069   -0.560    0.204  2
RGI60-18.02690     0.01154  -43.694366  170.124295   -0.560    0.204  2
RGI60-18.01514     0.01153  -44.102186  169.719446   -0.560    0.204  2
RGI60-18.02696     0.01150  -43.592417  170.030966   -0.560    0.204  2
RGI60-18.01479     0.01145  -44.087667  169.697222   -0.560    0.204  2
RGI60-18.00261     0.01144  -44.821698  167.735994   -0.560    0.204  2
RGI60-18.00104     0.01143  -44.648910  167.800607   -0.560    0.204  2
RGI60-18.03256     0.01141  -43.322521  171.019863   -0.560    0.204  2
RGI60-18.01242     0.01140  -43.974721  169.705518   -0.560    0.204  2
RGI60-18.00103     0.01138  -44.650757  167.799789   -0.560    0.204  2
RGI60-18.02238     0.01137  -43.504949  170.160271   -0.560    0.204  2
RGI60-18.01446     0.01137  -44.117255  169.010815   -0.560    0.204  2
RGI60-18.01617     0.01130  -43.818385  169.861541   -0.560    0.204  2
RGI60-18.01522     0.01128  -44.058961  169.676450   -0.560    0.204  2
RGI60-18.00286     0.01125  -44.828797  167.993978   -0.560    0.204  2
RGI60-18.00507     0.01125  -45.007500  168.149982   -0.560    0.204  2
RGI60-18.01613     0.01125  -43.793916  169.711288   -0.560    0.204  2
RGI60-18.02023     0.01114  -43.929998  169.745458   -0.560    0.204  2
RGI60-18.02717     0.01113  -43.082397  171.149845   -0.560    0.204  2
RGI60-18.01091     0.01110  -44.978212  168.151074   -0.560    0.204  2
RGI60-18.00263     0.01109  -44.819733  167.732860   -0.560    0.204  2
RGI60-18.01096     0.01108  -44.527374  168.794128   -0.560    0.204  2
RGI60-18.00243     0.01107  -44.848424  168.037656   -0.560    0.204  2
RGI60-18.02924     0.01106  -43.181367  171.246901   -0.560    0.204  2
RGI60-18.01129     0.01106  -44.060580  169.461071   -0.560    0.204  2
RGI60-18.00747     0.01092  -44.410969  168.652166   -0.560    0.204  2
RGI60-18.02626     0.01087  -43.583371  170.403050   -0.560    0.204  2
RGI60-18.02484     0.01083  -43.583698  170.140020   -0.560    0.204  2
RGI60-18.03006     0.01080  -43.361331  170.828044   -0.560    0.204  2
RGI60-18.01486     0.01068  -44.073055  168.981553   -0.560    0.204  2
RGI60-18.02933     0.01066  -42.998205  171.198693   -0.560    0.204  2
RGI60-18.01577     0.01066  -43.825953  169.737564   -0.560    0.204  2
RGI60-18.01143     0.01064  -44.051682  169.565819   -0.560    0.204  2
RGI60-18.01878     0.01056  -43.856862  169.835529   -0.560    0.204  2
RGI60-18.02716     0.01055  -43.083859  171.147912   -0.560    0.204  2
RGI60-18.01363     0.01054  -44.163842  168.825494   -0.560    0.204  2
RGI60-18.03329     0.01054  -43.240237  170.831480   -0.560    0.204  2
RGI60-18.00652     0.01046  -44.490482  168.513593   -0.560    0.204  2
RGI60-18.01093     0.01044  -44.748518  168.262838   -0.560    0.204  2
RGI60-18.03059     0.01041  -43.377868  170.734368   -0.560    0.204  2
RGI60-18.02110     0.01040  -43.910080  169.931681   -0.560    0.204  2
RGI60-18.01504     0.01037  -44.205248  168.904348   -0.560    0.204  2
RGI60-18.00215     0.01037  -44.855531  167.780809   -0.560    0.204  2
RGI60-18.03088     0.01033  -43.296549  170.811840   -0.560    0.204  2
RGI60-18.01523     0.01029  -44.058003  169.691241   -0.560    0.204  2
RGI60-18.01972     0.01029  -43.952433  170.002233   -0.560    0.204  2
RGI60-18.02692     0.01027  -43.667896  170.150671   -0.560    0.204  2
RGI60-18.00440     0.01024  -44.849867  168.308722   -0.560    0.204  2
RGI60-18.00015     0.01024  -39.292491  175.553769   -0.560    0.204  2
RGI60-18.02019     0.01021  -43.931988  169.744013   -0.560    0.204  2
RGI60-18.00699     0.01020  -44.501286  168.457185   -0.560    0.204  2
RGI60-18.01005     0.01019  -44.404580  168.694207   -0.560    0.204  2
RGI60-18.01510     0.01013  -44.136718  169.169926   -0.560    0.204  2
RGI60-18.02008     0.01011  -43.937378  169.758914   -0.560    0.204  2
RGI60-18.01314     0.01009  -43.886858  169.386150   -0.560    0.204  2
RGI60-18.02043     0.01004  -43.928871  169.757692   -0.560    0.204  2
RGI60-18.01845     0.01004  -43.833832  169.835282   -0.560    0.204  2
