Glacier-specific geodetic mass balance (m w.e. a-1) 2000_2020/ according to Hugonnet et al. (2021)
ID=1: measured, ID=2: regional mean
RGI-ID  Area  lat  lon  B  errB  ID
RGI60-19.01721  6000.63174  -74.043672 -121.227482   -0.694    0.089  1
RGI60-19.00423  5257.06211  -72.286810  -99.161926   -0.102    0.068  1
RGI60-19.00124  4763.00628  -72.447396  -70.893141   -0.027    0.073  1
RGI60-19.00134  3978.10077  -71.248207  -71.468590   -0.278    0.073  1
RGI60-19.00156  3530.90544  -71.851177  -69.849710   -0.092    0.070  1
RGI60-19.00746  3433.72178  -70.860120  -75.010995   -0.303    0.093  1
RGI60-19.00766  3309.59750  -72.692944  -78.365816   -0.294    0.079  1
RGI60-19.00554  3264.09838  -73.195015  -75.108195   -0.533    0.087  1
RGI60-19.00417  2936.33863  -73.568956 -126.234881    0.336    0.075  1
RGI60-19.00140  2655.64193  -71.860017  -74.542938   -0.068    0.087  1
RGI60-19.00029  2547.89785  -67.189730  -68.503597   -1.131    0.124  1
RGI60-19.00418  2412.75405  -74.041123 -124.651700   -0.327    0.077  1
RGI60-19.00169  2385.11114  -71.191791  -69.620899    0.037    0.075  1
RGI60-19.00119  2249.75481  -69.842738  -70.985634    0.104    0.066  1
RGI60-19.00103  2143.84545  -69.118575  -71.315690    0.119    0.070  1
RGI60-19.00115  2139.06834  -70.012707  -70.075866    0.155    0.061  1
RGI60-19.00118  1965.05126  -70.611765  -70.525851   -0.021    0.071  1
RGI60-19.00707  1929.22965  -64.175507  -57.798346   -0.235    0.063  1
RGI60-19.00748  1868.11602  -69.961211  -75.129336   -0.460    0.095  1
RGI60-19.01294  1605.48050  -72.818071  -91.212614   -0.275    0.087  1
RGI60-19.00136  1518.42324  -71.668087  -71.609619   -0.135    0.088  1
RGI60-19.00574  1480.83821  -74.068012  -20.875953    0.073    0.084  1
RGI60-19.00573  1471.79095  -63.271091  -55.818223    0.260    0.091  1
RGI60-19.00113  1329.66145  -69.497608  -70.272761   -0.077    0.072  1
RGI60-19.00160  1290.70271  -71.714069  -70.666696   -0.103    0.078  1
RGI60-19.00512  1250.39180  -70.879129   -2.753878    0.182    0.081  1
RGI60-19.00101  1247.49313  -68.997583  -70.485985   -0.057    0.081  1
RGI60-19.01406  1225.19746  -65.549906  100.759775   -0.041    0.091  1
RGI60-19.00421  1210.95734  -72.031071  -96.800413   -0.128    0.092  1
RGI60-19.00425  1154.06947  -71.988809  -98.543844   -0.098    0.076  1
RGI60-19.00768  1134.18236  -72.653988  -99.779205   -0.135    0.078  1
RGI60-19.00432  1080.23819  -70.282797   26.381178    0.462    0.089  1
RGI60-19.00139  1080.07980  -71.593177  -73.872547    0.023    0.091  1
RGI60-19.00135  1057.24197  -72.134950  -71.161616   -0.457    0.099  1
RGI60-19.00737  1008.87046  -69.405268  -62.143654   -0.119    0.083  1
RGI60-19.00138  1001.20288  -71.732001  -72.894387   -0.150    0.085  1
RGI60-19.00212   984.04674  -64.603474  -63.826133   -0.587    0.114  1
RGI60-19.00567   916.83497  -69.843770   16.030128    0.073    0.097  1
RGI60-19.00112   799.34546  -70.446969  -69.552637    0.013    0.084  1
RGI60-19.00168   792.37637  -70.685045  -69.686723   -0.096    0.089  1
RGI60-19.00137   777.63956  -71.421330  -72.962087   -0.321    0.096  1
RGI60-19.00109   759.38383  -71.598194  -68.983739    0.013    0.097  1
RGI60-19.00774   708.19120  -74.055854 -116.835596   -0.167    0.103  1
RGI60-19.01415   708.08624  -74.467009 -131.562199   -0.430    0.088  1
RGI60-19.00562   697.49447  -74.477104 -127.644999   -0.194    0.103  1
RGI60-19.01249   688.48851  -69.561696  -72.552464    0.211    0.092  1
RGI60-19.00151   683.16120  -70.960600  -68.774917   -0.040    0.086  1
RGI60-19.00791   659.22718  -70.423513   -3.050646    0.073    0.101  1
RGI60-19.01420   650.29877  -77.015091 -150.013857    0.162    0.091  1
RGI60-19.00121   647.14344  -69.374452  -71.440706    0.097    0.088  1
RGI60-19.00133   639.47422  -69.922206  -71.597357    0.008    0.092  1
RGI60-19.00102   630.30313  -71.408990  -68.740656    0.059    0.102  1
RGI60-19.01298   621.17437  -66.145722   96.598867    0.035    0.126  1
RGI60-19.00172   574.84731  -71.903889  -68.722993   -0.049    0.086  1
RGI60-19.01251   553.84987  -70.475742   71.890489    0.086    0.113  1
RGI60-19.00142   547.25023  -69.557573  -69.691468   -0.138    0.079  1
RGI60-19.00166   546.57787  -70.353788  -69.034642    0.155    0.089  1
RGI60-19.00558   528.91757  -72.963001  -89.918925   -0.081    0.085  1
RGI60-19.00424   515.43333  -72.086925  -97.623874   -0.044    0.090  1
RGI60-19.00173   504.75616  -72.101462  -68.755302   -0.080    0.089  1
RGI60-19.00785   504.53537  -70.165715    1.187188   -0.408    0.101  1
RGI60-19.01078   493.06889  -65.700806  -65.912400   -0.349    0.118  1
RGI60-19.00426   470.58679  -72.131226  -99.026443   -0.058    0.089  1
RGI60-19.00148   466.54417  -70.736522  -68.849494    0.065    0.094  1
RGI60-19.00793   442.25531  -70.508547    2.939219   -0.270    0.099  1
RGI60-19.00893   432.48459  -63.071548  -56.324584    0.223    0.100  1
RGI60-19.00789   425.04978  -70.345847    4.328563   -0.105    0.078  1
RGI60-19.00386   417.76415  -77.446004  167.650885   -0.017    0.069  1
RGI60-19.00431   402.14388  -72.205356  -97.985722   -0.145    0.094  1
RGI60-19.01293   393.80733  -73.245625  -77.981413   -0.189    0.091  1
RGI60-19.00167   389.46620  -70.875414  -69.456383    0.036    0.092  1
RGI60-19.00069   385.62049  -67.287268  -68.316264   -0.149    0.114  1
RGI60-19.00534   376.09387  -70.605691  -60.712463    0.204    0.116  1
RGI60-19.00116   375.36101  -71.733678  -68.738733   -0.047    0.095  1
RGI60-19.00772   373.82735  -65.282242  103.069500   -0.163    0.124  1
RGI60-19.00429   373.38418  -72.306627  -96.897963   -0.226    0.113  1
RGI60-19.00422   373.17575  -71.963738 -100.421754   -0.139    0.096  1
RGI60-19.01423   365.61673  -76.755164 -148.873797    0.477    0.105  1
RGI60-19.00783   364.14541  -67.442453  164.756124   -0.278    0.124  1
RGI60-19.00377   356.16490  -77.578817  167.900785   -0.058    0.074  1
RGI60-19.00575   353.41453  -63.481235  -55.971043    0.041    0.091  1
RGI60-19.00419   343.38349  -72.178657  -95.976619   -0.281    0.114  1
RGI60-19.00153   342.54176  -71.141319  -68.580132    0.003    0.093  1
RGI60-19.00143   338.97069  -69.972879  -69.479178    0.062    0.085  1
RGI60-19.00519   336.50094  -64.475004  -57.207374   -0.474    0.095  1
RGI60-19.00779   332.83274  -75.613492 -145.689874   -0.020    0.092  1
RGI60-19.00762   330.54920  -73.235465  -73.845957    0.220    0.107  1
RGI60-19.00420   329.26118  -72.072330 -100.268303   -0.011    0.099  1
RGI60-19.00767   327.80237  -72.581044  -94.809373   -0.132    0.102  1
RGI60-19.00415   327.63692  -77.609811  166.846821   -0.050    0.076  1
RGI60-19.01405   315.37186  -73.144633 -105.093355   -0.215    0.110  1
RGI60-19.00097   310.46089  -69.252137  -70.410951   -0.107    0.093  1
RGI60-19.00501   303.10843  -78.186163  167.124954   -0.058    0.078  1
RGI60-19.00776   297.56092  -76.900044 -146.767227   -0.138    0.088  1
RGI60-19.00117   290.22093  -70.148756  -69.259208   -0.103    0.097  1
RGI60-19.00376   283.14160  -77.591830  168.725853   -0.029    0.069  1
RGI60-19.00799   270.68707  -72.594934  -16.304913    0.634    0.118  1
RGI60-19.00147   269.07176  -70.603120  -68.846016    0.108    0.101  1
RGI60-19.00042   262.14049  -67.482433  -68.275840   -0.257    0.103  1
RGI60-19.00387   261.04801  -77.264604  166.758227    0.035    0.087  1
RGI60-19.00427   258.83815  -72.070296  -99.553207   -0.042    0.101  1
RGI60-19.00778   258.34609  -76.180391 -146.999563    0.051    0.087  1
RGI60-19.00037   253.49079  -67.194053  -68.016018    0.001    0.102  1
RGI60-19.01247   244.09495  -70.347951  -71.576458    0.047    0.101  1
RGI60-19.00794   242.77928  -70.505978   -6.092073   -0.525    0.110  1
RGI60-19.00430   240.57948  -72.139032  -99.924155   -0.162    0.109  1
RGI60-19.00777   240.51621  -77.296221 -150.998171   -0.237    0.095  1
RGI60-19.01488   234.16473  -69.031477  155.757869   -0.083    0.084  1
RGI60-19.00798   232.67136  -72.109330  -12.729462   -0.024    0.104  1
RGI60-19.00307   231.64342  -64.524357  -63.512219   -0.360    0.141  1
RGI60-19.00383   229.38226  -77.456573  166.712321   -0.010    0.081  1
RGI60-19.00107   223.87851  -71.533221  -68.610307    0.055    0.105  1
RGI60-19.00515   222.33347  -66.747111   48.532788   -0.039    0.101  1
RGI60-19.01422   220.81548  -76.616912 -147.090575   -0.125    0.105  1
RGI60-19.01295   220.72837  -65.756767   92.448894    0.290    0.109  1
RGI60-19.00163   218.73773  -71.512990  -73.116359    0.270    0.098  1
RGI60-19.00509   208.67089  -73.492375  169.733167    0.155    0.105  1
RGI60-19.00739   200.23456  -70.985434  -60.708788   -0.217    0.128  1
RGI60-19.01421   199.01860  -76.965475 -148.922457   -0.124    0.116  1
RGI60-19.00395   197.64253  -77.442790  168.623040   -0.088    0.076  1
RGI60-19.00428   196.24792  -72.330311  -96.317922   -0.411    0.125  1
RGI60-19.00563   192.80733  -76.739764 -150.473443   -0.273    0.091  1
RGI60-19.00144   191.87161  -69.816926  -69.543314    0.106    0.089  1
RGI60-19.00595   190.21960  -63.841325  -57.382283   -0.273    0.088  1
RGI60-19.00797   188.40557  -71.153985   -3.217349    0.627    0.118  1
RGI60-19.01124   186.22474  -66.191872  -66.720080   -0.902    0.142  1
RGI60-19.00210   179.94361  -64.309243  -63.352610   -1.055    0.171  1
RGI60-19.02133   179.49979  -66.422948  162.491517    0.102    0.111  1
RGI60-19.02291   175.45051  -54.563740  -36.320501   -0.368    0.134  1
RGI60-19.00521   172.77585  -65.170208  -59.649895   -0.258    0.103  1
RGI60-19.00162   164.09626  -71.794640  -73.729560    0.208    0.113  1
RGI60-19.00161   158.00485  -70.511168  -68.856668    0.116    0.104  1
RGI60-19.00127   150.79127  -69.175733  -71.934752   -0.112    0.102  1
RGI60-19.00098   147.16408  -71.280250  -68.496917   -0.091    0.106  1
RGI60-19.00913   143.33808  -63.807324  -60.736919   -0.243    0.122  1
RGI60-19.00332   137.74656  -64.671528  -63.421514   -0.418    0.140  1
RGI60-19.00070   136.19195  -67.580502  -68.530497   -0.359    0.111  1
RGI60-19.01341   135.02020  -66.424547   98.765015   -0.149    0.107  1
RGI60-19.00738   134.00347  -69.923421  -61.260067    0.511    0.129  1
RGI60-19.02274   133.98100  -54.434073  -36.400714   -0.972    0.132  1
RGI60-19.00917   131.14289  -63.305502  -62.119283   -0.289    0.142  1
RGI60-19.01299   130.46933  -66.357552   97.239060    0.325    0.152  1
RGI60-19.02625   126.77402  -54.677463  -36.222446   -1.651    0.186  1
RGI60-19.01297   122.09455  -72.859064  -93.931406   -0.303    0.111  1
RGI60-19.01746   120.91228  -61.168458  -55.153059   -0.374    0.210  1
RGI60-19.00732   120.50245  -68.740300  -60.837158   -0.615    0.117  1
RGI60-19.01417   115.11005  -74.441492 -132.634091   -0.747    0.120  1
RGI60-19.01991   114.73008  -62.099238  -58.715926    0.010    0.150  1
RGI60-19.02134   113.22101  -66.782856  163.223069    0.384    0.176  1
RGI60-19.02483   112.91451  -54.244166  -36.834971   -4.719    0.390  1
RGI60-19.00197   110.25417  -64.288441  -62.301231    0.294    0.142  1
RGI60-19.00164   107.50190  -71.599444  -73.252713    0.565    0.107  1
RGI60-19.02266   106.63436  -54.576979  -36.158611   -2.444    0.235  1
RGI60-19.01520   105.32507  -58.422042  -26.332751    0.100    0.134  1
RGI60-19.01614   101.90350  -49.288081   69.020889   -1.450    0.179  1
RGI60-19.00157   101.84335  -70.987432  -70.429129   -0.195    0.117  1
RGI60-19.00892   101.60859  -67.586145   47.611597   -0.327    0.095  1
RGI60-19.00790    98.68799  -70.249593    5.594505    0.466    0.143  1
RGI60-19.00126    96.22761  -69.567851  -71.578282    0.017    0.115  1
RGI60-19.00781    95.20878  -75.629486  162.768121   -0.139    0.091  1
RGI60-19.00787    95.12382  -70.134415    6.364988   -0.425    0.135  1
RGI60-19.01521    94.88848  -59.043337  -26.592063    0.508    0.137  1
RGI60-19.02023    94.04963  -62.574598  -60.568670    0.142    0.162  1
RGI60-19.01429    92.85029  -77.105077 -154.309932   -0.041    0.096  1
RGI60-19.00416    91.56826  -77.666462  167.249669   -0.031    0.088  1
RGI60-19.00775    89.86721  -77.329927 -149.365947   -0.053    0.128  1
RGI60-19.00792    88.00704  -70.040135   10.805547   -0.193    0.104  1
RGI60-19.02477    86.98423  -54.209212  -37.151358    0.109    0.148  1
RGI60-19.02721    85.70597  -54.347154  -36.753248   -0.023    0.134  1
RGI60-19.01407    83.49988  -74.326819 -117.218262   -0.003    0.143  1
RGI60-19.01986    83.44464  -61.966535  -58.072989   -0.750    0.162  1
RGI60-19.02024    81.51571  -62.548671  -60.251851   -0.262    0.172  1
RGI60-19.00047    80.33194  -67.674837  -68.586378   -0.156    0.112  1
RGI60-19.01603    79.67103  -49.362140   69.160263   -2.660    0.234  1
RGI60-19.01424    78.51574  -76.610322 -147.793046   -0.536    0.120  1
RGI60-19.02021    78.16926  -62.566922  -60.807103    0.029    0.158  1
RGI60-19.00128    75.67002  -69.732703  -71.493946    0.253    0.116  1
RGI60-19.00130    73.73155  -69.665829  -71.588388    0.286    0.124  1
RGI60-19.01990    73.44485  -62.024586  -58.553829   -0.209    0.166  1
RGI60-19.00099    72.95281  -68.900283  -71.051220   -0.114    0.113  1
RGI60-19.02487    71.59014  -54.254537  -37.021491    0.416    0.141  1
RGI60-19.01973    71.05566  -62.035333  -58.031602   -0.806    0.154  1
RGI60-19.00231    68.62013  -64.088029  -62.353840   -0.066    0.152  1
RGI60-19.01988    68.30909  -61.983307  -58.344799    0.032    0.187  1
RGI60-19.02028    67.80942  -62.575342  -60.137179   -0.347    0.207  1
RGI60-19.00303    67.13734  -64.397430  -63.432439   -0.607    0.174  1
RGI60-19.02676    66.76605  -54.714152  -36.027059   -2.793    0.259  1
RGI60-19.00346    65.21903  -64.147794  -62.309995   -0.930    0.185  1
RGI60-19.00041    64.64636  -67.417162  -68.090577    0.019    0.112  1
RGI60-19.00001    64.56333  -66.856002  -67.481040   -0.151    0.128  1
RGI60-19.00199    63.70295  -64.090823  -62.481914   -0.559    0.152  1
RGI60-19.01419    63.47374  -77.206208 -147.381175    0.439    0.117  1
RGI60-19.02531    62.31629  -54.164759  -37.000726   -0.095    0.139  1
RGI60-19.00170    61.57551  -71.206187  -68.382973   -0.078    0.114  1
RGI60-19.01999    58.30689  -62.377677  -59.480623   -1.393    0.207  1
RGI60-19.00088    58.17858  -67.698846  -67.396113   -0.027    0.098  1
RGI60-19.02029    58.00178  -62.636674  -60.076261   -0.124    0.216  1
RGI60-19.00258    57.10082  -64.349540  -62.390375    0.400    0.145  1
RGI60-19.00131    56.59044  -69.238466  -71.936718    0.209    0.120  1
RGI60-19.01982    55.23285  -61.965819  -57.830585   -0.166    0.129  1
RGI60-19.00024    54.98802  -67.706590  -67.564161   -0.625    0.114  1
RGI60-19.02302    54.04273  -54.428174  -36.643597   -0.027    0.138  1
RGI60-19.02719    53.48140  -54.400831  -36.722400   -0.190    0.143  1
RGI60-19.00745    53.18471  -69.797731   74.423417    0.302    0.112  1
RGI60-19.00577    52.74779  -63.586820  -56.590132   -0.098    0.109  1
RGI60-19.01734    52.38551  -61.094502  -55.233999   -0.031    0.250  1
RGI60-19.02510    51.86462  -54.147209  -36.890617    0.058    0.131  1
RGI60-19.02066    51.75466  -62.616110  -60.706762    0.098    0.160  1
RGI60-19.00035    50.84991  -67.634804  -64.680780   -0.133    0.102  1
RGI60-19.00096    48.85577  -70.826401  -68.449264    0.044    0.115  1
RGI60-19.01995    48.77736  -62.319404  -58.995004    0.560    0.160  1
RGI60-19.00795    48.75209  -70.629349    2.049716   -0.338    0.130  1
RGI60-19.02002    48.73008  -62.406722  -59.569568    0.220    0.185  1
RGI60-19.01259    47.18979  -73.213633  -71.964886    1.750    0.193  1
RGI60-19.02104    46.38095  -62.784288  -61.345551   -0.492    0.156  1
RGI60-19.00744    45.99012  -70.289047  -70.717817    0.644    0.112  1
RGI60-19.01615    43.85456  -49.338678   69.018221   -0.806    0.174  1
RGI60-19.00256    43.12258  -64.207266  -62.416745   -0.048    0.178  1
RGI60-19.00277    42.55922  -64.379895  -62.538836    0.458    0.164  1
RGI60-19.02052    42.43438  -62.674278  -60.245425   -0.628    0.160  1
RGI60-19.01987    42.29103  -61.992614  -58.229236   -0.523    0.218  1
RGI60-19.01972    41.25272  -62.040753  -58.208996   -3.153    0.307  1
RGI60-19.00338    40.93449  -64.426059  -62.485314   -1.349    0.210  1
RGI60-19.00125    40.74572  -69.314471  -71.877079    0.068    0.123  1
RGI60-19.01428    40.07308  -77.228332 -153.235647    0.115    0.103  1
RGI60-19.00039    39.70730  -67.071731  -68.027033   -0.532    0.138  1
RGI60-19.00522    39.44274  -63.758137  -61.669682    0.198    0.138  1
RGI60-19.00222    39.14429  -64.526554  -63.305402   -0.579    0.180  1
RGI60-19.01882    38.91317  -60.622688  -45.489376   -0.351    0.117  1
RGI60-19.00057    38.31290  -67.633520  -67.290855    0.079    0.103  1
RGI60-19.00250    37.50232  -64.245410  -62.202282   -0.304    0.146  1
RGI60-19.00576    37.47678  -63.185439  -56.635993    0.001    0.126  1
RGI60-19.01136    37.46393  -72.216668  -60.185774   -0.115    0.120  1
RGI60-19.00091    36.82850  -69.632434  -69.445829   -0.023    0.104  1
RGI60-19.02062    36.52546  -62.615278  -60.285562   -0.423    0.172  1
RGI60-19.01944    36.10034  -62.058892  -58.478967    0.234    0.188  1
RGI60-19.00226    35.74601  -64.581250  -63.353463    0.047    0.176  1
RGI60-19.00052    35.69756  -66.752831  -67.424571   -2.199    0.211  1
RGI60-19.00123    35.68577  -69.334009  -71.772784    0.185    0.129  1
RGI60-19.01892    35.44125  -60.602354  -45.900290   -0.291    0.120  1
RGI60-19.01891    34.76782  -60.589351  -45.729118    0.295    0.126  1
RGI60-19.00217    34.57752  -64.489261  -63.213946    0.112    0.162  1
RGI60-19.00334    34.53955  -64.734032  -63.621315    0.377    0.151  1
RGI60-19.01618    34.34870  -49.383344   69.001721   -0.470    0.166  1
RGI60-19.02147    34.32312  -68.885692  -90.532159    7.505    0.585  1
RGI60-19.00155    34.26800  -69.687143  -69.441154    0.260    0.106  1
RGI60-19.01920    33.99213  -62.159206  -58.774243    0.406    0.155  1
RGI60-19.00051    33.59151  -66.850528  -67.326605   -0.198    0.127  1
RGI60-19.00442    33.24739  -65.867540  -65.263017   -0.232    0.107  1
RGI60-19.01129    33.15328  -66.353348  -67.098273   -1.079    0.162  1
RGI60-19.00129    33.03028  -69.281573  -71.953519    0.059    0.125  1
RGI60-19.01487    32.52169  -70.363036  163.444808    0.116    0.147  1
RGI60-19.02105    32.51465  -62.796611  -61.468594   -0.459    0.162  1
RGI60-19.00110    32.19103  -69.318435  -69.811653   -0.382    0.110  1
RGI60-19.02405    32.15891  -54.106229  -37.477043   -0.841    0.152  1
RGI60-19.01975    31.79477  -62.021172  -57.908302   -0.586    0.141  1
RGI60-19.01843    31.79419  -60.564202  -45.643698    0.518    0.124  1
RGI60-19.01127    31.57545  -66.270152  -66.998590   -0.435    0.145  1
RGI60-19.00038    31.44205  -67.092413  -67.931331    0.048    0.131  1
RGI60-19.02565    31.22195  -54.742155  -36.140993   -2.671    0.274  1
RGI60-19.02529    30.95023  -54.150913  -37.127669   -0.276    0.164  1
RGI60-19.00020    30.85243  -67.661809  -67.642175   -0.081    0.117  1
RGI60-19.00249    30.82808  -64.197282  -62.260376   -0.239    0.188  1
RGI60-19.01997    30.71891  -62.269333  -59.113199    0.194    0.168  1
RGI60-19.00036    30.59883  -67.118010  -67.826833   -0.060    0.120  1
RGI60-19.00396    30.37383  -77.799646  166.782372    0.010    0.094  1
RGI60-19.01844    30.21658  -60.581477  -45.550667    0.436    0.120  1
RGI60-19.02046    30.14317  -62.687731  -60.145127    0.443    0.226  1
RGI60-19.00154    29.60938  -71.789797  -68.305842   -0.072    0.120  1
RGI60-19.00060    29.58048  -67.630358  -67.446080    0.089    0.111  1
RGI60-19.02106    29.46325  -62.752177  -61.390818    0.630    0.188  1
RGI60-19.02717    29.40846  -54.319712  -36.623566   -0.236    0.136  1
RGI60-19.01996    29.18786  -62.308992  -59.122718   -0.147    0.186  1
RGI60-19.01661    29.14189  -49.212304   69.061914   -1.291    0.176  1
RGI60-19.00518    28.80156  -63.662978  -57.486664   -0.209    0.108  1
RGI60-19.01993    28.79592  -62.273799  -58.997960    0.266    0.160  1
RGI60-19.01601    28.39684  -49.397830   69.101250   -0.632    0.161  1
RGI60-19.01713    28.37318  -53.135153   73.503750    0.082    0.179  1
RGI60-19.00252    28.28235  -64.149760  -62.548329    0.855    0.166  1
RGI60-19.00201    28.08778  -64.031278  -62.397575   -0.300    0.152  1
RGI60-19.01737    27.63448  -61.121902  -54.889950   -0.151    0.233  1
RGI60-19.01941    27.53243  -62.111825  -58.557913    0.335    0.186  1
RGI60-19.00786    27.50037  -70.195249   -1.854533   -0.171    0.134  1
RGI60-19.01885    27.14137  -60.625789  -45.623198   -0.417    0.123  1
RGI60-19.02728    26.67386  -54.305142  -37.028670    0.221    0.145  1
RGI60-19.00796    26.54006  -70.694103   -7.880376    0.058    0.135  1
RGI60-19.02008    26.25283  -62.492625  -59.758570   -1.842    0.241  1
RGI60-19.01551    26.19450  -49.596456   69.552581   -0.502    0.132  1
RGI60-19.00122    26.03006  -69.499684  -71.633741   -0.108    0.133  1
RGI60-19.01653    25.76679  -49.272479   69.183499   -1.815    0.195  1
RGI60-19.00225    25.70118  -64.610480  -63.283462    0.081    0.154  1
RGI60-19.00054    25.60425  -67.610235  -64.829691   -0.164    0.110  1
RGI60-19.01519    25.56208  -57.778674  -26.453629    0.030    0.146  1
RGI60-19.00717    25.41111  -64.137879  -61.711447   -0.056    0.141  1
RGI60-19.00780    25.13465  -76.062995  168.299932   -1.727    0.193  1
RGI60-19.01978    25.06495  -61.977916  -57.704468   -0.488    0.151  1
RGI60-19.02292    24.96489  -54.479725  -36.476033   -0.056    0.152  1
RGI60-19.00132    24.93102  -69.619567  -71.687044    0.140    0.134  1
RGI60-19.00023    24.79275  -67.761754  -67.626553   -0.858    0.133  1
RGI60-19.01736    24.46765  -61.119748  -55.038374   -0.184    0.245  1
RGI60-19.00318    24.42378  -64.562059  -62.988648   -0.465    0.152  1
RGI60-19.00146    24.16269  -69.879030  -69.339224   -0.185    0.110  1
RGI60-19.01652    24.11286  -49.292564   69.197697   -2.601    0.241  1
RGI60-19.00071    23.87591  -66.792666  -67.448812   -0.698    0.152  1
RGI60-19.00330    23.71314  -64.489872  -62.602728    1.061    0.207  1
RGI60-19.02283    23.64954  -54.479069  -36.221129   -0.890    0.154  1
RGI60-19.02723    23.58084  -54.299435  -36.903527    0.243    0.143  1
RGI60-19.01710    23.39955  -53.155763   73.558576   -0.239    0.172  1
RGI60-19.00273    23.38162  -64.337843  -62.516178    0.708    0.175  1
RGI60-19.01840    23.34494  -60.562031  -45.853043   -0.028    0.123  1
RGI60-19.01989    23.13888  -61.981001  -58.440689   -0.013    0.182  1
RGI60-19.01426    22.83083  -77.293950 -153.072641    0.184    0.111  1
RGI60-19.00215    22.44537  -64.432495  -63.208656    0.201    0.174  1
RGI60-19.00158    22.42415  -69.719230  -69.402268    0.324    0.113  1
RGI60-19.02411    22.39371  -54.059714  -37.565420   -0.394    0.137  1
RGI60-19.00015    22.35765  -67.631353  -67.561477   -0.179    0.119  1
RGI60-19.01172    21.95318  -72.559572  -60.873046    0.072    0.112  1
RGI60-19.00005    21.83930  -67.628106  -64.935009   -0.232    0.116  1
RGI60-19.01715    21.73478  -53.105420   73.442819    0.146    0.209  1
RGI60-19.01714    21.62066  -53.128686   73.466060   -0.814    0.200  1
RGI60-19.01976    21.62056  -62.004134  -57.764070    0.066    0.141  1
RGI60-19.02601    21.55724  -54.772732  -35.944302   -0.483    0.145  1
RGI60-19.02027    21.52482  -62.510464  -60.085013    0.089    0.209  1
RGI60-19.02514    21.48529  -54.196008  -36.830330   -1.611    0.201  1
RGI60-19.01842    21.47471  -60.544396  -45.735961    0.435    0.132  1
RGI60-19.00843    21.46013  -69.638558   38.318712    0.004    0.118  1
RGI60-19.01984    21.38194  -61.956916  -57.952233   -0.698    0.163  1
RGI60-19.02395    21.33962  -54.099922  -37.319009   -0.960    0.167  1
RGI60-19.02528    21.09714  -54.166231  -37.181685   -0.202    0.175  1
RGI60-19.00823    21.06585  -69.626559   37.689111   -0.055    0.110  1
RGI60-19.00165    20.79672  -71.848571  -68.262114   -0.080    0.126  1
RGI60-19.01970    20.74953  -62.117159  -58.218352   -0.992    0.196  1
RGI60-19.01707    20.67060  -53.109991   73.649763   -1.438    0.220  1
RGI60-19.01959    20.67016  -62.137416  -58.308300   -0.297    0.163  1
RGI60-19.02725    20.63640  -54.320747  -36.961128    0.090    0.147  1
RGI60-19.00145    20.63277  -69.215118  -70.103846   -0.186    0.124  1
RGI60-19.00520    20.44105  -63.577061  -59.824430   -1.367    0.212  1
RGI60-19.01418    20.41391  -74.151063 -132.206525    1.328    0.197  1
RGI60-19.00050    20.35598  -66.798681  -67.336838   -0.283    0.137  1
RGI60-19.01430    20.21993  -75.413545 -143.089187   -0.304    0.116  1
RGI60-19.01925    20.13917  -62.221091  -58.550040    0.608    0.184  1
RGI60-19.00734    20.04032  -65.489785  -65.622097    0.007    0.157  1
RGI60-19.00278    19.90060  -64.416438  -62.627061   -0.785    0.183  1
RGI60-19.02622    19.86270  -54.758407  -36.225765   -1.465    0.197  1
RGI60-19.01612    19.81958  -49.232509   68.968671   -1.854    0.208  1
RGI60-19.02020    19.81800  -62.628903  -60.937086   -0.023    0.158  1
RGI60-19.02303    19.40645  -54.382803  -36.547274   -0.914    0.174  1
RGI60-19.01578    19.38295  -49.592721   68.917331   -0.634    0.141  1
RGI60-19.01432    19.31099  -75.821832 -147.077865   -0.058    0.117  1
RGI60-19.01923    19.06731  -62.216138  -58.648657   -0.156    0.161  1
RGI60-19.01118    18.95699  -65.904248  -65.955930   -0.631    0.166  1
RGI60-19.01425    18.80380  -77.350789 -153.160897   -0.165    0.113  1
RGI60-19.00342    18.78088  -64.700616  -63.292736   -0.953    0.180  1
RGI60-19.00012    18.69881  -67.267700  -67.734376   -0.418    0.141  1
RGI60-19.02356    18.65608  -54.110677  -37.564317   -0.992    0.157  1
RGI60-19.02084    18.60192  -62.936615  -60.538489   -0.238    0.177  1
RGI60-19.02299    18.47777  -54.457258  -36.621920   -0.688    0.166  1
RGI60-19.00017    18.46293  -67.766083  -67.504139   -0.361    0.121  1
RGI60-19.02150    18.43146  -68.873000  -90.666348    3.127    0.333  1
RGI60-19.01745    18.32982  -61.147598  -54.937128   -0.328    0.336  1
RGI60-19.02137    18.26892  -68.805239  -90.599463    1.976    0.269  1
RGI60-19.00436    17.99115  -67.301499   59.360303   -0.105    0.113  1
RGI60-19.02390    17.99002  -54.088442  -37.381697   -0.929    0.164  1
RGI60-19.02149    17.83657  -68.896335  -90.619411    4.233    0.391  1
RGI60-19.02722    17.77412  -54.310989  -36.858506    0.230    0.147  1
RGI60-19.00727    17.49245  -64.811195  -62.943361   -0.088    0.239  1
RGI60-19.01699    17.47228  -53.053386   73.522459    1.133    0.203  1
RGI60-19.00006    17.11361  -67.230062  -67.648464    0.004    0.131  1
RGI60-19.00788    17.06281  -70.206278   -2.167086   -0.312    0.137  1
RGI60-19.02146    16.83083  -68.860242  -90.488533    8.034    0.653  1
RGI60-19.02669    16.76568  -54.680064  -36.017922   -2.854    0.290  1
RGI60-19.00068    16.71594  -67.158655  -67.735240   -0.345    0.132  1
RGI60-19.02670    16.59407  -54.621693  -36.021193   -0.297    0.129  1
RGI60-19.00224    16.59373  -64.598659  -63.201557   -0.201    0.156  1
RGI60-19.00090    16.43987  -67.646104  -67.182807   -0.057    0.113  1
RGI60-19.00437    16.41875  -64.853056  -63.558704    0.488    0.143  1
RGI60-19.00275    16.28395  -64.844669  -63.348913   -0.080    0.149  1
RGI60-19.02017    16.18226  -62.513146  -59.779723   -2.606    0.290  1
RGI60-19.00120    15.96329  -69.175742  -70.081287   -0.069    0.128  1
RGI60-19.01994    15.75108  -62.284267  -58.889664    0.377    0.167  1
RGI60-19.01655    15.70735  -49.253881   69.155752   -1.297    0.183  1
RGI60-19.02068    15.54895  -62.656504  -60.896679   -0.546    0.170  1
RGI60-19.02385    15.35169  -54.064484  -37.513018   -0.748    0.154  1
RGI60-19.02615    15.30154  -54.828568  -36.093337   -0.324    0.176  1
RGI60-19.00106    15.23102  -71.490029  -68.255278   -0.256    0.128  1
RGI60-19.00193    15.17498  -64.827854  -63.434561   -0.418    0.174  1
RGI60-19.01529    15.11294  -59.449670  -27.365458   -1.428    0.214  1
RGI60-19.02619    15.05985  -54.803605  -36.168853   -0.730    0.178  1
RGI60-19.02019    15.05897  -62.479348  -59.945919   -1.661    0.277  1
RGI60-19.01838    15.05348  -60.569505  -45.945295   -0.038    0.125  1
RGI60-19.01656    14.99101  -49.245013   69.108510   -0.484    0.163  1
RGI60-19.01860    14.68984  -60.662157  -45.257713   -1.412    0.176  1
RGI60-19.01934    14.65509  -62.170799  -58.670235    0.226    0.166  1
RGI60-19.01619    14.63604  -49.413668   69.008393   -1.121    0.196  1
RGI60-19.02293    14.61338  -54.479205  -36.540349   -0.497    0.165  1
RGI60-19.02396    14.61090  -54.105774  -37.242656   -0.925    0.189  1
RGI60-19.02067    14.47485  -62.655721  -60.831587   -0.342    0.172  1
RGI60-19.00053    14.46388  -66.895406  -67.426479   -0.057    0.145  1
RGI60-19.01922    14.38467  -62.193389  -58.719851   -0.077    0.163  1
RGI60-19.01664    14.06653  -49.209184   69.006150   -1.404    0.189  1
RGI60-19.02745    13.94792  -54.476129  -36.597219   -0.621    0.170  1
RGI60-19.02061    13.85710  -62.640775  -60.302916   -0.286    0.165  1
RGI60-19.00257    13.72104  -64.185459  -62.492311    0.235    0.153  1
RGI60-19.01636    13.67704  -49.584969   68.845636   -0.999    0.179  1
RGI60-19.00336    13.45806  -64.741130  -63.340820    0.413    0.160  1
RGI60-19.00159    13.39008  -69.752496  -69.398710    0.237    0.122  1
RGI60-19.00003    13.35510  -67.656933  -64.891728   -0.183    0.118  1
RGI60-19.00281    13.30686  -64.481906  -62.739625    1.683    0.220  1
RGI60-19.02276    13.18710  -54.447086  -36.253812   -1.165    0.171  1
RGI60-19.00308    13.11091  -64.816096  -63.669518    0.722    0.161  1
RGI60-19.02674    13.03669  -54.643258  -35.991101   -0.280    0.131  1
RGI60-19.02003    12.98522  -62.357046  -59.642388    1.060    0.254  1
RGI60-19.00033    12.97606  -67.525736  -67.067730   -0.101    0.115  1
RGI60-19.00247    12.79447  -64.158847  -62.195395   -0.121    0.168  1
RGI60-19.01846    12.74226  -60.584770  -45.433157    0.806    0.153  1
RGI60-19.00374    12.67853  -77.503342  169.135496   -0.025    0.103  1
RGI60-19.02047    12.65881  -62.724480  -60.213320    0.660    0.186  1
RGI60-19.00174    12.57605  -71.250076  -68.264317   -0.243    0.142  1
RGI60-19.00314    12.56985  -64.432979  -62.572437    1.017    0.215  1
RGI60-19.00111    12.56922  -71.669498  -68.249378    0.096    0.129  1
RGI60-19.00149    12.54671  -69.657663  -69.398026    0.163    0.118  1
RGI60-19.01613    12.53700  -49.251489   68.968489   -2.123    0.244  1
RGI60-19.00076    12.48202  -67.571875  -67.020575    0.030    0.116  1
RGI60-19.02064    12.46727  -62.623719  -60.522050    0.205    0.177  1
RGI60-19.00910    12.33824  -64.446619  -57.595637   -0.118    0.118  1
RGI60-19.00304    12.30056  -64.411223  -63.344303   -0.226    2.083  1
RGI60-19.02713    12.16105  -54.312370  -36.715768    0.195    0.163  1
RGI60-19.00246    12.12331  -64.203943  -62.147907   -0.285    0.168  1
RGI60-19.00002    12.09772  -67.650676  -64.786103   -0.092    0.121  1
RGI60-19.00345    12.06650  -64.676332  -63.226131    0.338    0.182  1
RGI60-19.00089    12.05496  -67.676162  -67.271886   -0.036    0.117  1
RGI60-19.01709    12.01909  -53.134532   73.601775    0.162    0.187  1
RGI60-19.00337    11.97106  -64.781053  -63.619056    0.709    0.162  1
RGI60-19.00533    11.91368  -65.975664  -65.767941    0.002    0.126  1
RGI60-19.00220    11.85795  -64.576530  -63.092863   -0.625    0.167  1
RGI60-19.00183    11.66733  -64.058180  -62.027942   -0.239    0.154  1
RGI60-19.00267    11.66299  -64.275899  -62.468630    0.039    0.202  1
RGI60-19.02006    11.56823  -62.458068  -59.845407   -0.626    0.230  1
RGI60-19.00311    11.49417  -64.354182  -62.289905    0.639    0.156  1
RGI60-19.02018    11.48173  -62.496811  -59.871972   -3.472    0.340  1
RGI60-19.00716    11.42439  -65.066198  -60.270252   -0.337    0.139  1
RGI60-19.01650    11.37518  -49.329754   69.217216   -0.933    0.150  1
RGI60-19.01849    11.10925  -60.644222  -45.348693   -0.763    0.155  1
RGI60-19.01701    11.09069  -53.057179   73.566443   -0.267    0.178  1
RGI60-19.02623    11.05158  -54.721219  -36.278792   -0.782    0.188  1
RGI60-19.00290    11.04209  -64.630706  -63.167838   -0.527    0.198  1
RGI60-19.01992    11.01055  -62.165305  -58.888192   -0.207    0.181  1
RGI60-19.00189    10.95069  -64.561300  -62.064566   -0.370    0.151  1
RGI60-19.00261    10.93716  -64.417595  -62.358773    0.526    0.166  1
RGI60-19.01717    10.87389  -53.069846   73.429730   -2.404    0.307  1
RGI60-19.00238    10.77745  -64.809623  -63.307430    0.018    0.165  1
RGI60-19.00016    10.71472  -67.759772  -67.435057   -0.139    0.123  1
RGI60-19.00535    10.71240  -66.392162  -67.221709   -0.391    0.162  1
RGI60-19.00528    10.65326  -65.543437  -64.371280   -0.067    0.132  1
RGI60-19.00496    10.59115  -78.167519  166.184015    0.057    0.108  1
RGI60-19.00916    10.50800  -65.094103  -59.561671   -0.308    0.136  1
RGI60-19.00350    10.50033  -64.609416  -63.046799   -0.291    0.183  1
RGI60-19.01708    10.49534  -53.120891   73.625331   -0.306    0.191  1
RGI60-19.01971    10.43460  -62.083677  -58.213691   -1.160    0.225  1
RGI60-19.01431    10.43160  -74.748581 -140.336999   -0.025    0.131  1
RGI60-19.00241    10.33183  -64.147302  -62.111526   -0.204    0.165  1
RGI60-19.01309    10.25439  -74.499589 -102.396367   -0.008    0.130  1
RGI60-19.00909    10.21829  -63.316576  -58.686619    0.391    0.193  1
RGI60-19.02408    10.18656  -54.119727  -37.613993   -0.192    0.153  1
RGI60-19.00223    10.15709  -64.595028  -63.138069   -0.178    0.155  1
RGI60-19.02382    10.14072  -54.130647  -37.389816   -0.172    0.142  1
RGI60-19.01981    10.10067  -61.925420  -57.714459    0.256    0.162  1
RGI60-19.00316    10.10010  -64.798398  -63.430953    0.245    0.183  1
RGI60-19.01641    10.06137  -49.621505   68.849107   -0.526    0.169  1
RGI60-19.02005     9.98456  -62.463369  -59.902931   -1.152    0.268  1
RGI60-19.02013     9.97929  -62.531150  -59.628195   -1.031    0.338  1
RGI60-19.01848     9.94188  -60.626074  -45.404316   -0.017    0.141  1
RGI60-19.00343     9.85785  -64.735987  -63.211393    0.358    0.176  1
RGI60-19.00030     9.79532  -67.536807  -66.876289   -0.292    0.124  1
RGI60-19.02118     9.79354  -63.051564  -62.601222   -0.007    2.551  1
RGI60-19.02611     9.75416  -54.781588  -36.152448   -1.798    0.242  1
RGI60-19.00061     9.74090  -67.587832  -67.103156    0.167    0.121  1
RGI60-19.00349     9.68179  -64.601240  -62.984999    0.823    0.192  1
RGI60-19.00243     9.65900  -64.729809  -62.688616   -0.119    0.938  1
RGI60-19.01695     9.64563  -53.048275   73.448678    0.386    0.232  1
RGI60-19.00276     9.57963  -64.472596  -62.464804    0.557    0.191  1
RGI60-19.01935     9.54165  -62.147741  -58.627885    0.337    0.181  1
RGI60-19.01965     9.47572  -62.149106  -58.223534   -0.613    0.206  1
RGI60-19.00344     9.36723  -64.751586  -63.191346    0.223    0.160  1
RGI60-19.02152     9.33460  -68.839749  -90.673272    2.776    0.330  1
RGI60-19.00271     9.30866  -64.455318  -62.408468    0.719    0.175  1
RGI60-19.01716     9.27943  -53.082370   73.434722   -1.867    0.286  1
RGI60-19.00011     9.26472  -67.244009  -67.743457   -0.136    0.142  1
RGI60-19.01134     9.26364  -67.229877  -66.851632   -0.188    0.123  1
RGI60-19.00516     9.23358  -63.543614  -56.681787    0.063    0.130  1
RGI60-19.00289     9.20221  -64.890391  -63.443230   -0.251    0.158  1
RGI60-19.02063     9.11565  -62.615360  -60.433678   -0.099    0.187  1
RGI60-19.00009     9.10867  -67.881955  -67.235377    0.048    0.123  1
RGI60-19.02123     9.01733  -63.004662  -62.577056    0.015    1.890  1
RGI60-19.01700     9.00561  -53.045026   73.551098   -0.009    0.179  1
RGI60-19.00251     8.94057  -64.373128  -62.228548    0.264    0.148  1
RGI60-19.02103     8.92278  -62.728461  -61.288941   -1.727    0.326  1
RGI60-19.00205     8.89390  -64.898609  -63.540247    0.592    0.188  1
RGI60-19.00907     8.74379  -63.713545  -57.543966    0.027    0.125  1
RGI60-19.02010     8.72307  -62.490584  -59.614639    2.423    0.510  1
RGI60-19.00302     8.68864  -64.415645  -63.223759    0.340    0.245  1
RGI60-19.02041     8.65166  -62.663741  -60.008892    0.690    0.235  1
RGI60-19.01890     8.61240  -60.633215  -45.712277   -0.132    0.144  1
RGI60-19.01952     8.57652  -62.052513  -58.317732  -12.076    1.592  1
RGI60-19.02226     8.55874  -67.873496  -66.952296   -0.185    0.125  1
RGI60-19.01239     8.51084  -69.210833  -68.491871   -0.807    0.139  1
RGI60-19.00306     8.49331  -64.464662  -63.328087   -0.116    0.191  1
RGI60-19.01932     8.35181  -62.190168  -58.554411    0.115    0.200  1
RGI60-19.00080     8.29422  -67.109151  -67.577006   -0.091    0.142  1
RGI60-19.01576     8.28742  -49.619575   68.893923   -0.548    0.154  1
RGI60-19.02235     8.23331  -68.158562  -67.214786   -0.319    0.128  1
RGI60-19.02139     8.21253  -68.828441  -90.524402   -1.493    0.283  1
RGI60-19.00007     8.18226  -67.842950  -67.195868   -0.368    0.126  1
RGI60-19.02135     8.10434  -68.780234  -90.655855    1.964    0.312  1
RGI60-19.02171     8.08977  -67.333900  -67.664624   -0.300    0.152  1
RGI60-19.02747     7.96912  -54.508794  -36.450432   -0.676    0.186  1
RGI60-19.00207     7.93257  -64.863712  -63.087693   -0.254    0.167  1
RGI60-19.00180     7.91379  -64.038355  -61.944213   -0.650    0.169  1
RGI60-19.02478     7.75098  -54.242748  -37.153279   -0.884    0.215  1
RGI60-19.00434     7.74388  -67.100287   58.605761   -0.098    0.128  1
RGI60-19.01486     7.73829  -70.234931  161.864306    0.209    0.129  1
RGI60-19.02048     7.70448  -62.745347  -60.269555    0.699    0.201  1
RGI60-19.00031     7.69600  -67.561455  -66.963194    0.188    0.124  1
RGI60-19.00268     7.68940  -64.296814  -62.497269    0.994    0.273  1
RGI60-19.02022     7.65542  -62.498971  -60.755897   -0.756    0.610  1
RGI60-19.00216     7.60568  -64.538260  -63.037109   -0.282    0.159  1
RGI60-19.02342     7.60261  -54.127106  -37.269871   -0.822    0.181  1
RGI60-19.02679     7.56151  -54.597386  -36.371001   -1.145    0.204  1
RGI60-19.00285     7.55913  -64.014295  -61.952108   -1.364    0.195  1
RGI60-19.00206     7.54122  -64.885511  -63.043130    0.100    0.174  1
RGI60-19.00323     7.50959  -64.760899  -63.568810    0.748    0.161  1
RGI60-19.01402     7.47580  -74.088022 -105.268897    0.273    0.149  1
RGI60-19.00150     7.47387  -69.593736  -69.454751   -0.102    0.127  1
RGI60-19.00248     7.45423  -64.238372  -62.118679   -0.107    0.164  1
RGI60-19.01049     7.45178  -66.530127  -63.669516    0.119    0.130  1
RGI60-19.01869     7.40375  -60.708618  -45.199740   -2.405    0.269  1
RGI60-19.01875     7.39395  -60.675927  -45.312325   -0.578    0.169  1
RGI60-19.01953     7.34000  -62.066194  -58.279103    1.039    5.077  1
RGI60-19.01367     7.26581  -74.188695 -103.668252    0.047    0.142  1
RGI60-19.02086     7.25598  -62.959525  -60.567948   -0.203    0.241  1
RGI60-19.01697     7.25434  -53.051219   73.487279   -0.331    0.229  1
RGI60-19.02009     7.24120  -62.496572  -59.658127    0.776    0.676  1
RGI60-19.01950     7.23519  -62.047247  -58.376521   -0.298    0.218  1
RGI60-19.02610     7.22655  -54.757231  -36.076451   -0.286    0.184  1
RGI60-19.00260     7.20658  -64.256409  -62.461266    0.974    0.261  1
RGI60-19.01845     7.19925  -60.563231  -45.470528    0.474    0.145  1
RGI60-19.01703     7.16802  -53.076850   73.582146    0.639    0.223  1
RGI60-19.01137     7.12334  -66.968983  -67.756642   -0.384    0.165  1
RGI60-19.02678     7.07441  -54.613891  -36.363686   -1.081    0.203  1
RGI60-19.01528     7.05262  -59.456067  -27.212474    0.032    0.292  1
RGI60-19.01237     7.00481  -69.240291  -68.294005   -0.080    0.128  1
RGI60-19.00335     6.85871  -64.811865  -63.381390   -0.248    0.383  1
RGI60-19.00691     6.84524  -63.860204  -57.942638    0.017    0.126  1
RGI60-19.00032     6.79213  -66.814894  -67.277293   -0.703    0.156  1
RGI60-19.02049     6.78958  -62.727664  -60.293452    0.415    0.187  1
RGI60-19.00013     6.77914  -67.602856  -67.486747   -0.086    0.133  1
RGI60-19.00530     6.76190  -65.670137  -65.208023   -0.071    0.132  1
RGI60-19.00092     6.72315  -70.846018  -68.551747    0.122    0.145  1
RGI60-19.02507     6.70371  -54.133551  -36.855168   -0.928    0.176  1
RGI60-19.01433     6.62816  -76.945564  166.907731    0.322    0.141  1
RGI60-19.02122     6.58734  -63.027060  -62.613685    0.487    0.400  1
RGI60-19.00059     6.57817  -67.629884  -67.369375    0.063    0.129  1
RGI60-19.00014     6.55383  -67.060151  -67.576694   -0.197    0.149  1
RGI60-19.00339     6.50924  -64.777552  -63.285193    0.117    0.286  1
RGI60-19.00313     6.45505  -64.429754  -62.386824   -0.259    0.206  1
RGI60-19.01130     6.42660  -66.263173  -67.165945    0.744    0.197  1
RGI60-19.02138     6.39188  -68.812383  -90.533342   -1.571    0.366  1
RGI60-19.00740     6.38056  -66.909236  -66.973339    0.066    0.152  1
RGI60-19.02620     6.34400  -54.787948  -36.214018   -0.742    0.229  1
RGI60-19.00348     6.30545  -64.647650  -63.216398   -0.484    0.211  1
RGI60-19.00182     6.30314  -64.025035  -61.998007   -0.347    0.164  1
RGI60-19.01868     6.26891  -60.688212  -45.198207   -2.262    0.253  1
RGI60-19.00322     6.26708  -64.750567  -63.396616    0.282    0.173  1
RGI60-19.02015     6.22976  -62.543158  -59.689008    1.204    1.801  1
RGI60-19.01300     6.21266  -74.606742 -102.079529    1.007    0.159  1
RGI60-19.02165     6.16260  -64.269553  -62.057068   -0.076    0.197  1
RGI60-19.01060     6.15922  -65.447394  -65.469188   -0.511    0.175  1
RGI60-19.01133     6.15508  -66.885520  -66.682654    0.382    0.148  1
RGI60-19.00093     6.11856  -70.874085  -68.503854    0.037    0.143  1
RGI60-19.00284     6.10312  -64.017212  -61.897049   -0.318    0.166  1
RGI60-19.02212     6.10304  -64.368257  -61.558811   -0.032    0.161  1
RGI60-19.00025     6.09493  -67.687014  -67.742792   -0.005    0.165  1
RGI60-19.02401     6.07749  -54.109995  -37.191492   -0.848    0.232  1
RGI60-19.01874     6.06646  -60.693922  -45.254995   -1.371    0.212  1
RGI60-19.02209     6.06583  -64.386957  -61.555899    0.047    0.157  1
RGI60-19.02704     6.06274  -54.436793  -36.757018   -0.492    0.186  1
RGI60-19.02522     6.05684  -54.211559  -37.284337    0.234    0.360  1
RGI60-19.00283     6.05510  -63.994547  -61.905646   -0.260    0.159  1
RGI60-19.01617     6.04848  -49.364281   68.984141    0.535    0.692  1
RGI60-19.00327     5.98326  -64.556260  -62.889344   -1.322    0.660  1
RGI60-19.00055     5.96995  -67.620973  -67.180812   -0.262    0.129  1
RGI60-19.00066     5.96911  -67.542970  -66.937252   -0.117    0.131  1
RGI60-19.00062     5.91964  -67.561626  -67.168774    0.114    0.134  1
RGI60-19.01980     5.90746  -61.919645  -57.664909   -0.104    0.173  1
RGI60-19.00610     5.90130  -64.096703  -58.407727   -0.174    0.155  1
RGI60-19.02691     5.90096  -54.358063  -36.573848    0.216    0.155  1
RGI60-19.00028     5.89036  -67.072911  -67.615133   -0.386    0.149  1
RGI60-19.00185     5.87671  -64.598834  -62.091462   -0.053    0.161  1
RGI60-19.02033     5.87625  -62.618301  -59.867203   -2.145    0.827  1
RGI60-19.02222     5.86890  -65.626596  -64.541825    0.021    0.148  1
RGI60-19.01704     5.84092  -53.084795   73.594993   -1.103    0.223  1
RGI60-19.01847     5.74008  -60.602818  -45.408145    0.761    0.172  1
RGI60-19.00287     5.73144  -64.073760  -61.997693   -0.643    0.183  1
RGI60-19.02346     5.72731  -54.136449  -37.214770   -1.304    0.204  1
RGI60-19.01956     5.67842  -62.111333  -58.296903   -0.146    0.189  1
RGI60-19.00181     5.66239  -64.058479  -61.962782   -0.629    0.175  1
RGI60-19.02045     5.59889  -62.700039  -60.088706    0.918    0.285  1
RGI60-19.01640     5.58321  -49.609861   68.822154   -0.336    0.400  1
RGI60-19.02386     5.56736  -54.082977  -37.431906   -0.800    0.234  1
RGI60-19.01616     5.56724  -49.356228   68.978630   -0.691    0.669  1
RGI60-19.00063     5.53773  -67.746841  -67.388447   -0.158    0.132  1
RGI60-19.00056     5.51976  -67.867367  -67.180678   -0.072    0.130  1
RGI60-19.02059     5.49071  -62.670681  -60.354742    0.201    0.641  1
RGI60-19.02089     5.43126  -62.917447  -60.603589   -0.553    0.353  1
RGI60-19.00227     5.42916  -64.709527  -62.659076    1.312    0.883  1
RGI60-19.00048     5.40639  -67.814226  -67.235836    0.094    0.131  1
RGI60-19.00203     5.36524  -64.864145  -63.464744    0.202    0.275  1
RGI60-19.01954     5.32607  -62.093611  -58.271790   -0.031    0.220  1
RGI60-19.01979     5.30933  -61.943964  -57.675735   -0.407    0.173  1
RGI60-19.01252     5.29343  -70.130132  -74.465342   -1.200    0.198  1
RGI60-19.01735     5.29289  -61.101452  -55.094889   -0.073    0.469  1
RGI60-19.01527     5.27807  -59.468692  -27.192354    2.452    0.295  1
RGI60-19.00296     5.24827  -64.628191  -63.093919   -0.904    0.793  1
RGI60-19.02016     5.22087  -62.540819  -59.741910   -0.399    1.704  1
RGI60-19.00081     5.21292  -67.090733  -67.637691   -0.497    0.152  1
RGI60-19.01931     5.20764  -62.184009  -58.487761   -0.094    0.655  1
RGI60-19.00282     5.18502  -63.998447  -61.852022   -0.215    0.164  1
RGI60-19.00026     5.18486  -67.733315  -67.702585    0.489    0.147  1
RGI60-19.00077     5.14345  -67.546320  -67.112345    0.431    0.138  1
RGI60-19.00141     5.14022  -69.774706  -69.363448   -0.011    0.137  1
RGI60-19.01598     5.13927  -49.420229   69.050001   -0.453    0.355  1
RGI60-19.01933     5.13130  -62.195597  -58.627911    0.243    0.186  1
RGI60-19.00321     5.11294  -64.871394  -63.021348   -0.002    0.322  1
RGI60-19.00179     5.09485  -64.702506  -64.258314   -0.703    0.185  1
RGI60-19.00027     5.08008  -67.086901  -67.578945   -0.060    0.149  1
RGI60-19.01924     5.05539  -62.242803  -58.610760   -0.836    0.265  1
RGI60-19.00270     5.05009  -64.319125  -62.529214    1.768    0.494  1
RGI60-19.00435     5.02368  -67.113593   58.797140   -0.048    0.132  1
RGI60-19.02523     5.01217  -54.189315  -37.345751   -0.398    0.284  1
RGI60-19.00708     5.00936  -63.940922  -61.446009    0.378    0.177  1
RGI60-19.00529     4.99268  -65.894109  -64.877399   -0.047    0.133  1
RGI60-19.00079     4.96851  -67.742387  -67.340569    0.132    0.134  1
RGI60-19.01960     4.96827  -62.164065  -58.273293   -0.004    0.231  1
RGI60-19.01898     4.96343  -60.613245  -45.998141   -0.309    0.190  1
RGI60-19.00351     4.95060  -64.589478  -62.919079    0.253    0.292  1
RGI60-19.02030     4.93583  -62.627220  -59.939770    0.046    2.171  1
RGI60-19.00305     4.88459  -64.451645  -63.292994   -0.113    0.384  1
RGI60-19.01058     4.84502  -65.715755  -65.125784   -0.277    0.148  1
RGI60-19.01365     4.83566  -74.148664 -103.580594   -0.188    0.144  1
RGI60-19.00190     4.82542  -64.144552  -62.037540   -0.264    0.164  1
RGI60-19.01305     4.81705  -73.619922 -101.580028    0.106    0.172  1
RGI60-19.00073     4.81435  -67.129209  -67.610391    0.065    0.150  1
RGI60-19.01605     4.77957  -49.574605   69.467093   -0.445    0.167  1
RGI60-19.01238     4.76179  -69.154215  -68.457936   -0.630    0.145  1
RGI60-19.02345     4.75826  -54.146504  -37.606437   -0.077    0.208  1
RGI60-19.01811     4.74279  -60.741279  -44.618781    0.643    0.274  1
RGI60-19.02693     4.73707  -54.375791  -36.822482   -0.185    0.169  1
RGI60-19.00049     4.73694  -66.766437  -67.318010   -0.902    0.198  1
RGI60-19.00298     4.69101  -64.703434  -62.703131   -0.084    0.663  1
RGI60-19.02158     4.61105  -68.814155  -90.677347    0.412    3.214  1
RGI60-19.02479     4.59030  -54.121422  -36.958997   -0.859    0.191  1
RGI60-19.00443     4.58241  -66.125768  -65.726050    0.093    0.139  1
RGI60-19.02606     4.56471  -54.769912  -36.031334    0.177    0.181  1
RGI60-19.00214     4.54608  -64.537088  -62.937250   -0.679    0.411  1
RGI60-19.02007     4.53581  -62.453976  -59.784990   -6.793    1.925  1
RGI60-19.01822     4.48096  -60.676514  -45.029599   -1.817    1.034  1
RGI60-19.02234     4.46212  -68.147186  -67.182491   -0.024    0.139  1
RGI60-19.02044     4.45703  -62.688200  -60.045060    0.784    0.975  1
RGI60-19.02012     4.41612  -62.513981  -59.613358   -1.518    3.246  1
RGI60-19.00188     4.41149  -64.683936  -62.675244    0.871    3.166  1
RGI60-19.00319     4.41109  -64.869298  -62.974663    0.100    0.209  1
RGI60-19.00692     4.40722  -63.878297  -57.851996   -0.095    0.135  1
RGI60-19.00065     4.40481  -67.518430  -66.909884   -0.222    0.165  1
RGI60-19.01985     4.39255  -61.918949  -57.983754   -1.078    0.267  1
RGI60-19.00440     4.38631  -65.129295  -64.094796   -0.216    0.149  1
RGI60-19.01436     4.30188  -73.381158  168.044792    0.276    0.152  1
RGI60-19.01718     4.29953  -53.055873   73.432823    0.984    1.401  1
RGI60-19.02525     4.29777  -54.184715  -37.276802    0.534    1.174  1
RGI60-19.00300     4.28948  -64.887289  -62.959372   -0.059    0.395  1
RGI60-19.01525     4.28796  -59.461836  -27.151599    0.567    0.387  1
RGI60-19.01705     4.27872  -53.083841   73.626785   -0.024    0.247  1
RGI60-19.00297     4.27015  -64.854996  -63.440701    0.061    0.351  1
RGI60-19.01951     4.25680  -62.052345  -58.349510   -4.823    4.898  1
RGI60-19.00074     4.25074  -67.129937  -67.650998   -0.112    0.156  1
RGI60-19.01788     4.24606  -60.723277  -44.627622    0.447    0.300  1
RGI60-19.01364     4.21420  -74.132021 -103.528130    0.171    0.145  1
RGI60-19.00236     4.19002  -64.125625  -62.158650   -0.285    0.437  1
RGI60-19.01067     4.18611  -65.488778  -65.526843   -0.490    0.184  1
RGI60-19.00218     4.16849  -64.565472  -63.066821   -1.286    0.238  1
RGI60-19.01929     4.15942  -62.202668  -58.472846   -0.814    0.562  1
RGI60-19.02750     4.11626  -54.188373  -37.301776   -0.412    0.611  1
RGI60-19.00908     4.10715  -63.675807  -57.705076    0.055    0.138  1
RGI60-19.00034     4.09090  -67.542953  -67.161942    0.293    0.140  1
RGI60-19.00312     4.08316  -64.398443  -62.359102    0.772    0.222  1
RGI60-19.00299     4.02202  -64.879334  -63.490931    0.048    0.352  1
RGI60-19.02213     3.98792  -64.381096  -61.505585    0.255    0.170  1
RGI60-19.02004     3.97729  -62.454881  -59.962366   -0.537    1.621  1
RGI60-19.00455     3.96764  -78.070098  167.369562    0.038    0.133  1
RGI60-19.02410     3.96620  -54.081576  -37.597461   -0.937    0.240  1
RGI60-19.01876     3.95980  -60.664452  -45.361951   -0.347    0.288  1
RGI60-19.02172     3.95172  -67.353936  -67.707450   -0.458    0.167  1
RGI60-19.00239     3.90043  -64.133236  -62.107457   -1.252    0.266  1
RGI60-19.02350     3.85507  -54.135619  -37.653057   -0.732    0.407  1
RGI60-19.01926     3.84530  -62.217707  -58.489353   -0.201    0.348  1
RGI60-19.02051     3.78097  -62.710666  -60.287317    0.190    0.221  1
RGI60-19.01800     3.77070  -60.709364  -44.521610    0.515    0.188  1
RGI60-19.01554     3.75076  -49.552947   69.525658   -0.531    0.179  1
RGI60-19.00245     3.74818  -64.215041  -62.105717   -0.240    0.314  1
RGI60-19.02083     3.71267  -62.903443  -60.603084    0.482    0.769  1
RGI60-19.00184     3.70769  -64.866143  -63.356498   -0.728    0.180  1
RGI60-19.01599     3.70569  -49.416269   69.066079   -0.375    0.225  1
RGI60-19.01797     3.68684  -60.719779  -44.543874    0.771    0.235  1
RGI60-19.02026     3.67930  -62.475473  -60.108799    0.238    1.343  1
RGI60-19.01837     3.66979  -60.596590  -46.000024   -0.081    0.157  1
RGI60-19.00333     3.60529  -64.725769  -63.532422    0.632    0.233  1
RGI60-19.01686     3.60505  -49.065422   69.140160   -0.456    0.831  1
RGI60-19.01555     3.60391  -49.543775   69.513332   -0.074    0.146  1
RGI60-19.01645     3.56124  -49.684401   68.822520   -0.350    0.190  1
RGI60-19.02403     3.51313  -54.127546  -37.423092   -0.072    0.162  1
RGI60-19.00286     3.48386  -64.585700  -62.056988    0.086    0.178  1
RGI60-19.00944     3.47661  -64.336694  -62.138487   -0.252    0.174  1
RGI60-19.00191     3.44847  -63.971479  -61.820682   -0.570    0.195  1
RGI60-19.00072     3.43606  -67.213078  -67.660895    0.032    0.153  1
RGI60-19.00075     3.43289  -67.857463  -67.142108    0.064    0.137  1
RGI60-19.00010     3.41824  -67.868472  -67.269688   -0.088    0.141  1
RGI60-19.01607     3.39996  -49.587963   69.471861   -0.429    0.188  1
RGI60-19.00280     3.38047  -64.472213  -62.643019    1.684    0.517  1
RGI60-19.00221     3.37808  -64.474858  -63.268530   -0.677    0.321  1
RGI60-19.00433     3.35239  -67.111337   58.697520   -0.067    0.137  1
RGI60-19.01824     3.34080  -60.710544  -45.010712   -1.596    0.615  1
RGI60-19.02596     3.30014  -54.761752  -35.877930   -1.201    0.233  1
RGI60-19.02616     3.28603  -54.869002  -36.087855   -0.856    0.603  1
RGI60-19.00353     3.28145  -64.581178  -62.947914    0.205    0.559  1
RGI60-19.01355     3.27384  -74.136937 -103.365483    0.030    0.154  1
RGI60-19.01883     3.27185  -60.630112  -45.554889   -0.045    0.153  1
RGI60-19.01600     3.26571  -49.416958   69.078981   -0.312    0.290  1
RGI60-19.00301     3.26231  -64.850465  -63.047234   -0.187    0.212  1
RGI60-19.01122     3.25797  -66.388956  -65.936925    0.058    0.138  1
RGI60-19.00784     3.25696  -66.559466  162.810228   -0.873    0.214  1
RGI60-19.02170     3.25598  -67.314084  -67.632137   -0.283    0.158  1
RGI60-19.02121     3.25487  -63.051608  -62.634465   -0.296    2.336  1
RGI60-19.02480     3.24083  -54.207410  -37.314940    0.056    0.474  1
RGI60-19.02074     3.23763  -62.998788  -60.689602    0.258    0.615  1
RGI60-19.01569     3.22440  -49.684148   68.853855   -0.240    0.160  1
RGI60-19.00341     3.21466  -64.763162  -63.248579    0.350    0.781  1
RGI60-19.02545     3.21163  -54.752775  -36.272097   -2.076    0.802  1
RGI60-19.00721     3.20899  -64.405154  -62.859312   -0.340    0.244  1
RGI60-19.02065     3.20486  -62.637607  -60.578751    0.313    0.546  1
RGI60-19.01936     3.19961  -62.144488  -58.587696    0.925    0.624  1
RGI60-19.01063     3.18541  -65.436161  -65.532725    0.024    0.189  1
RGI60-19.02694     3.18061  -54.348879  -36.577827    0.118    0.162  1
RGI60-19.02060     3.17715  -62.653016  -60.343569    0.785    0.435  1
RGI60-19.00347     3.17647  -64.716562  -62.742683   -0.500    0.466  1
RGI60-19.01810     3.15865  -60.743156  -44.584848    0.584    0.518  1
RGI60-19.01103     3.14126  -65.766553  -65.741516   -0.035    0.183  1
RGI60-19.01805     3.12952  -60.714655  -44.479221    0.006    0.182  1
RGI60-19.02347     3.12268  -54.131643  -37.337782   -0.218    0.210  1
RGI60-19.00087     3.10955  -67.829566  -67.134567    0.027    0.139  1
RGI60-19.01878     3.10172  -60.653452  -45.419451   -0.058    0.431  1
RGI60-19.00340     3.09244  -64.800707  -63.337681    0.576    0.495  1
RGI60-19.02481     3.09075  -54.126808  -37.072427   -0.323    0.522  1
RGI60-19.01128     3.08997  -68.033684  -64.950948    0.319    0.163  1
RGI60-19.01549     3.08849  -49.616986   69.510120   -0.244    0.158  1
RGI60-19.00288     3.08439  -64.574210  -62.878775   -0.299    0.646  1
RGI60-19.01113     3.07836  -65.982330  -65.674896    0.333    0.146  1
RGI60-19.01796     3.07772  -60.729399  -44.574935    0.591    0.333  1
RGI60-19.01323     3.04720  -74.444127 -102.545472    0.228    0.149  1
RGI60-19.00315     3.04177  -64.870454  -63.402515   -0.475    0.250  1
RGI60-19.02660     3.02932  -54.631970  -36.369537   -0.486    0.389  1
RGI60-19.01706     3.02043  -53.092537   73.633279   -0.254    0.429  1
RGI60-19.00187     3.00456  -64.566737  -62.845362   -0.279    0.631  1
RGI60-19.01557     2.94531  -49.562264   69.484106   -0.449    0.169  1
RGI60-19.00693     2.92695  -63.883977  -57.820501   -0.071    0.138  1
RGI60-19.02617     2.86049  -54.858685  -36.057844    0.287    0.229  1
RGI60-19.00621     2.84225  -64.020560  -58.237919   -0.034    0.143  1
RGI60-19.01861     2.84211  -60.673228  -45.203120   -1.203    0.843  1
RGI60-19.02148     2.81644  -68.914915  -90.581194    2.353    1.998  1
RGI60-19.01572     2.80221  -49.645776   68.863098   -0.090    0.269  1
RGI60-19.00988     2.79730  -64.679376  -63.137339   -0.906    0.456  1
RGI60-19.00194     2.77850  -64.585711  -62.129400    0.116    0.292  1
RGI60-19.00084     2.76326  -67.843360  -67.121597   -0.178    0.142  1
RGI60-19.02657     2.75503  -54.671696  -35.971032   -0.858    0.208  1
RGI60-19.01711     2.74695  -53.168124   73.521995   -0.074    0.412  1
RGI60-19.01964     2.74337  -62.173204  -58.235777   -2.437    5.010  1
RGI60-19.01974     2.74072  -62.067436  -57.939516   -0.086    0.162  1
RGI60-19.00612     2.74063  -64.021914  -58.368680   -0.054    0.249  1
RGI60-19.01877     2.73798  -60.656415  -45.389072    0.229    0.361  1
RGI60-19.01812     2.73014  -60.736901  -44.658100    0.694    0.188  1
RGI60-19.00328     2.72306  -64.488408  -62.670020    0.969    0.534  1
RGI60-19.01524     2.71252  -59.446891  -27.184185   -1.912    1.337  1
RGI60-19.01631     2.68743  -49.563661   68.899991   -0.226    0.417  1
RGI60-19.02182     2.68710  -64.634804  -62.051223   -0.428    0.172  1
RGI60-19.00244     2.68338  -64.223822  -62.080145    0.008    0.258  1
RGI60-19.02519     2.63668  -54.256656  -37.129448   -0.459    0.300  1
RGI60-19.02216     2.62962  -64.598772  -62.315299    0.081    0.169  1
RGI60-19.02698     2.62467  -54.450496  -36.772937   -0.997    0.218  1
RGI60-19.00186     2.61799  -64.787023  -63.250803    0.226    0.191  1
RGI60-19.01644     2.61762  -49.671224   68.825657   -0.158    0.219  1
RGI60-19.01376     2.58766  -74.157151 -103.730658   -0.344    0.155  1
RGI60-19.02659     2.56245  -54.656302  -35.960726   -0.559    0.178  1
RGI60-19.01693     2.56224  -53.000455   73.324912    0.915    0.786  1
RGI60-19.01808     2.51681  -60.735120  -44.528467    0.452    0.195  1
RGI60-19.00525     2.49241  -64.665564  -62.194250    0.048    0.145  1
RGI60-19.02555     2.48101  -54.778376  -36.057443   -0.404    0.264  1
RGI60-19.01893     2.47839  -60.625322  -45.958094   -0.247    0.155  1
RGI60-19.00869     2.45936  -69.646647   39.691185   -0.062    0.140  1
RGI60-19.01906     2.43749  -60.723348  -45.625173   -0.139    0.153  1
RGI60-19.01696     2.42527  -53.043255   73.468690   -2.800    2.197  1
RGI60-19.01668     2.42499  -49.129698   68.998704   -0.227    0.537  1
RGI60-19.02214     2.40879  -64.365069  -61.600844    0.130    0.174  1
RGI60-19.00682     2.40141  -63.896523  -57.885873   -0.170    0.142  1
RGI60-19.00082     2.38624  -67.113511  -67.638863   -0.164    0.164  1
RGI60-19.01966     2.38159  -62.151254  -58.159373   -0.850    0.761  1
RGI60-19.01940     2.38088  -62.131276  -58.507244   -0.556    0.526  1
RGI60-19.01698     2.37547  -53.040153   73.502595    1.095    0.561  1
RGI60-19.01937     2.37139  -62.144588  -58.562766    1.217    0.468  1
RGI60-19.02072     2.36612  -63.010608  -60.619926    0.597    0.211  1
RGI60-19.00531     2.34746  -65.480607  -65.719632    0.566    0.195  1
RGI60-19.01596     2.33280  -49.457605   69.010271   -0.295    0.483  1
RGI60-19.00310     2.32999  -64.532561  -62.901955   -1.100    0.740  1
RGI60-19.01828     2.30971  -60.687452  -45.053085   -2.457    0.537  1
RGI60-19.02558     2.30941  -54.846018  -36.114904   -0.879    0.436  1
RGI60-19.02011     2.29481  -62.507960  -59.577349   -6.061    4.046  1
RGI60-19.02451     2.28457  -54.019858  -37.754615   -0.839    1.172  1
RGI60-19.01677     2.28065  -49.083699   69.101372    0.929    0.850  1
RGI60-19.01852     2.25908  -60.642577  -45.293771   -0.809    0.226  1
RGI60-19.02449     2.25644  -54.033591  -37.748092   -0.507    0.704  1
RGI60-19.00736     2.25014  -65.895984  -65.486307   -0.039    0.141  1
RGI60-19.01590     2.23943  -49.516672   68.975668    0.144    0.353  1
RGI60-19.00067     2.23661  -67.539291  -66.991165   -0.200    0.146  1
RGI60-19.02256     2.23460  -54.387052  -36.491890   -0.176    0.169  1
RGI60-19.01804     2.23233  -60.706541  -44.460271   -0.292    0.184  1
RGI60-19.02227     2.23179  -67.863273  -66.999925   -0.255    0.146  1
RGI60-19.02037     2.22651  -62.637218  -59.904334   -0.490    0.795  1
RGI60-19.01801     2.21048  -60.697070  -44.501211    0.133    0.184  1
RGI60-19.01414     2.20112  -73.156465 -126.714453   -0.038    0.148  1
RGI60-19.01839     2.19870  -60.538486  -45.906821   -0.019    0.164  1
RGI60-19.02726     2.17924  -54.346170  -37.001378    1.241    0.336  1
RGI60-19.01634     2.17822  -49.571812   68.869033   -0.143    0.334  1
RGI60-19.01047     2.17010  -65.686478  -64.465337    0.265    0.182  1
RGI60-19.02031     2.15937  -62.621292  -59.914014   -0.468    0.438  1
RGI60-19.02228     2.15808  -67.877000  -67.021495   -0.167    0.162  1
RGI60-19.02223     2.14110  -65.647983  -64.524630   -0.037    0.154  1
RGI60-19.01802     2.13656  -60.698953  -44.483010   -0.049    0.180  1
RGI60-19.01071     2.12959  -65.657734  -65.336594   -0.051    0.151  1
RGI60-19.00405     2.12343  -77.526759  166.236803    0.004    0.138  1
RGI60-19.01131     2.12209  -66.417712  -67.128537   -0.455    0.191  1
RGI60-19.00922     2.11602  -67.021643   57.015652   -0.198    0.140  1
RGI60-19.01594     2.11224  -49.469690   69.028758   -0.048    0.191  1
RGI60-19.01064     2.10419  -65.496694  -65.448446   -0.297    0.172  1
RGI60-19.02025     2.09505  -62.480046  -60.142389    0.535    0.800  1
RGI60-19.00195     2.09006  -64.607196  -62.116731   -0.120    0.185  1
RGI60-19.01957     2.08004  -62.113762  -58.346681    0.053    0.239  1
RGI60-19.02242     2.07276  -49.601347   69.479525   -0.005    0.180  1
RGI60-19.01053     2.04910  -65.422144  -65.318900   -0.161    0.150  1
RGI60-19.01243     2.03764  -68.759281  -70.458798   -0.683    0.186  1
RGI60-19.01571     2.02737  -49.661032   68.851480   -0.344    0.211  1
RGI60-19.01313     2.02536  -74.475697 -102.395509   -0.038    0.160  1
RGI60-19.01588     2.02318  -49.534927   68.953728   -0.138    1.197  1
RGI60-19.02056     2.02315  -62.691156  -60.399059    0.104    0.464  1
RGI60-19.01413     2.01864  -73.232294 -126.488442   -0.394    0.151  1
RGI60-19.00914     2.01533  -63.854191  -60.945638    0.026    0.173  1
RGI60-19.01427     2.00963  -77.281032 -153.186205    0.237    0.144  1
RGI60-19.01786     1.98747  -60.731469  -44.687985    0.312    0.188  1
RGI60-19.00213     1.98617  -64.519060  -62.929546   -0.460    0.240  1
RGI60-19.02159     1.97663  -68.796760  -90.670541   -1.384    1.981  1
RGI60-19.02289     1.97510  -54.497091  -36.165972   -1.465    0.264  1
RGI60-19.02360     1.97173  -54.137420  -37.581551    0.463    0.228  1
RGI60-19.01398     1.94203  -72.731890 -103.658482   -0.140    0.173  1
RGI60-19.00095     1.93954  -70.849094  -68.451878   -0.004    0.157  1
RGI60-19.01823     1.93235  -60.696289  -45.016908   -1.479    0.400  1
RGI60-19.02355     1.90903  -54.078530  -37.468327   -0.828    0.427  1
RGI60-19.01610     1.90150  -49.608454   69.489171   -0.125    0.190  1
RGI60-19.01859     1.89103  -60.645628  -45.217570   -1.377    0.231  1
RGI60-19.01943     1.87306  -62.099965  -58.481862    0.634    0.953  1
RGI60-19.02073     1.87263  -63.009443  -60.651346    0.176    0.269  1
RGI60-19.02354     1.83734  -54.134682  -37.362565    0.058    0.195  1
RGI60-19.01156     1.83465  -68.207898  -67.034017    0.127    0.153  1
RGI60-19.01633     1.82571  -49.565219   68.874563   -1.131    0.480  1
RGI60-19.02461     1.81049  -54.092751  -37.055264   -1.094    0.220  1
RGI60-19.00829     1.80417  -68.013047   43.090348   -0.458    0.166  1
RGI60-19.02174     1.80145  -67.336118  -67.714541   -0.311    0.167  1
RGI60-19.02295     1.79983  -54.495933  -36.585885   -0.114    0.221  1
RGI60-19.01570     1.79978  -49.672927   68.851606   -0.373    0.185  1
RGI60-19.02308     1.79577  -54.322775  -36.301660   -1.372    0.235  1
RGI60-19.01681     1.76698  -49.057791   69.113149   -2.059    1.580  1
RGI60-19.00915     1.75874  -64.926555  -59.689320   -0.659    0.169  1
RGI60-19.00975     1.75241  -64.493185  -62.993397    0.309    0.207  1
RGI60-19.01780     1.74938  -60.600554  -46.054064   -0.101    0.159  1
RGI60-19.01051     1.74163  -65.627500  -65.010869    0.038    0.152  1
RGI60-19.01075     1.74107  -65.912583  -65.090871   -0.393    0.152  1
RGI60-19.00918     1.73954  -64.190229  -61.028022   -0.037    0.162  1
RGI60-19.01930     1.73806  -62.190662  -58.468785   -0.866    0.361  1
RGI60-19.00644     1.73534  -63.874005  -58.064686    0.074    0.144  1
RGI60-19.00923     1.72186  -65.031243  -60.072014   -0.064    0.161  1
RGI60-19.02351     1.71936  -54.088366  -37.188683   -0.523    0.319  1
RGI60-19.01574     1.71898  -49.634088   68.887663   -0.727    0.213  1
RGI60-19.00401     1.69558  -77.527295  167.079562   -0.034    0.141  1
RGI60-19.02014     1.68777  -62.545505  -59.646546   -0.718    2.907  1
RGI60-19.00921     1.66737  -64.170600  -61.107274    0.177    0.173  1
RGI60-19.01667     1.63023  -49.144991   68.994770    0.744    0.846  1
RGI60-19.02524     1.62469  -54.184636  -37.321525   -0.794    0.325  1
RGI60-19.02230     1.60193  -67.874168  -66.898711   -0.154    0.161  1
RGI60-19.01144     1.60060  -67.819805  -66.955292    0.142    0.157  1
RGI60-19.01658     1.59677  -49.212425   69.106801   -0.853    0.238  1
RGI60-19.02556     1.57922  -54.728499  -36.291521   -2.090    0.399  1
RGI60-19.01242     1.56816  -69.325695  -68.617170   -0.449    0.152  1
RGI60-19.01567     1.56683  -49.693948   68.837676   -0.083    0.180  1
RGI60-19.02055     1.55659  -62.693693  -60.373754    0.861    0.226  1
RGI60-19.01329     1.55486  -74.406011 -102.706666    0.414    0.165  1
RGI60-19.01702     1.53989  -53.055201   73.594997   -0.639    0.340  1
RGI60-19.02241     1.53442  -68.154134  -67.263091    0.066    0.173  1
RGI60-19.01809     1.53256  -60.740146  -44.555283    0.038    0.252  1
RGI60-19.02432     1.51498  -54.028385  -37.874491   -0.430    0.206  1
RGI60-19.01657     1.51165  -49.220844   69.113273   -0.328    0.243  1
RGI60-19.01203     1.49776  -67.606327  -68.346137    0.103    0.167  1
RGI60-19.01022     1.48693  -65.026541  -63.781452    0.222    0.211  1
RGI60-19.02099     1.48643  -62.999316  -60.644951    1.391    0.560  1
RGI60-19.01044     1.48093  -65.581356  -64.307680    0.455    0.181  1
RGI60-19.01017     1.47654  -64.589209  -64.228809    0.360    0.181  1
RGI60-19.02173     1.47377  -67.366123  -67.728405   -0.074    0.192  1
RGI60-19.01514     1.47249  -57.088217  -26.674113    0.268    2.502  1
RGI60-19.01684     1.47124  -49.047227   69.114416    1.018    0.981  1
RGI60-19.01556     1.46725  -49.560259   69.500937   -0.302    0.174  1
RGI60-19.02202     1.46471  -65.076476  -63.989985   -0.077    0.243  1
RGI60-19.01597     1.46167  -49.435958   69.023943    1.089    0.642  1
RGI60-19.00929     1.43957  -66.957955   57.439474    0.049    0.144  1
RGI60-19.02224     1.43388  -65.636726  -64.508962    0.185    0.166  1
RGI60-19.01938     1.43321  -62.144273  -58.541219    0.011    0.412  1
RGI60-19.00526     1.41852  -64.940133  -63.431715   -0.190    0.182  1
RGI60-19.02585     1.41485  -54.808426  -36.094777   -2.555    0.667  1
RGI60-19.00809     1.41352  -69.007114   39.591455   -0.074    0.168  1
RGI60-19.01301     1.40425  -74.343577 -101.975169    0.149    0.160  1
RGI60-19.02552     1.39617  -54.852783  -36.087146   -0.497    1.993  1
RGI60-19.01073     1.39459  -65.506864  -65.535498   -0.410    0.201  1
RGI60-19.02599     1.38412  -54.776344  -35.848194   -1.235    0.248  1
RGI60-19.02692     1.37550  -54.366819  -36.845148   -0.436    0.196  1
RGI60-19.02384     1.37422  -54.036910  -37.519148   -0.696    0.284  1
RGI60-19.01969     1.37326  -62.138759  -58.173545   -1.829    0.714  1
RGI60-19.01961     1.37228  -62.175523  -58.274997   -0.094    0.229  1
RGI60-19.00878     1.36877  -69.875286   39.029845    0.080    0.148  1
RGI60-19.01007     1.35813  -64.889122  -63.352270   -0.783    0.208  1
RGI60-19.01573     1.35292  -49.636750   68.876419   -0.594    0.215  1
RGI60-19.01827     1.34039  -60.700185  -45.039471   -2.190    0.383  1
RGI60-19.01245     1.33145  -69.396057  -71.844249   -0.485    0.205  1
RGI60-19.01620     1.32699  -49.428319   69.015685   -0.614    0.553  1
RGI60-19.02547     1.31815  -54.801136  -35.952299   -1.310    0.303  1
RGI60-19.01592     1.31479  -49.473885   68.993619    0.192    0.654  1
RGI60-19.01028     1.31345  -64.927999  -63.966792    0.209    0.201  1
RGI60-19.01670     1.29960  -49.116490   68.992911    0.770    0.627  1
RGI60-19.01377     1.29933  -73.628289 -103.276970   -0.022    0.175  1
RGI60-19.01851     1.29181  -60.637959  -45.309602   -0.693    0.199  1
RGI60-19.00650     1.28511  -64.358299  -57.338079   -0.168    0.149  1
RGI60-19.02097     1.28456  -62.993114  -60.681208    1.342    0.451  1
RGI60-19.02474     1.27668  -54.125031  -36.737179   -1.116    0.242  1
RGI60-19.02357     1.26754  -54.135635  -37.303993    0.344    0.216  1
RGI60-19.01077     1.26715  -65.517201  -65.626676    0.179    0.200  1
RGI60-19.00971     1.26477  -64.735614  -62.597049    0.298    0.678  1
RGI60-19.02057     1.26446  -62.682727  -60.394834   -0.479    0.404  1
RGI60-19.01806     1.25487  -60.725080  -44.512349    0.031    0.203  1
RGI60-19.01412     1.25473  -73.251276 -125.829414    0.361    0.155  1
RGI60-19.01687     1.24208  -49.085598   69.140543   -0.192    0.273  1
RGI60-19.01585     1.21981  -49.552324   68.964730   -0.008    0.398  1
RGI60-19.02697     1.21751  -54.336760  -37.029163    0.375    0.373  1
RGI60-19.01712     1.21288  -53.161753   73.503949   -0.287    0.504  1
RGI60-19.00667     1.21028  -64.263815  -57.393645   -0.304    0.281  1
RGI60-19.01643     1.20754  -49.656734   68.840719   -0.400    0.273  1
RGI60-19.01789     1.20077  -60.698818  -44.640837    0.958    0.311  1
RGI60-19.02485     1.19514  -54.251925  -37.148214   -0.370    0.415  1
RGI60-19.02358     1.19433  -54.150449  -37.634482   -0.009    0.203  1
RGI60-19.00874     1.19419  -69.854405   39.079935    0.205    0.158  1
RGI60-19.01581     1.18984  -49.562060   68.932973   -0.128    0.199  1
RGI60-19.02486     1.18767  -54.174679  -37.262362    0.579    0.825  1
RGI60-19.01832     1.18493  -60.644394  -45.037983   -3.599    0.640  1
RGI60-19.01720     1.17684  -53.000054   73.299731    0.976    2.962  1
RGI60-19.01065     1.17640  -65.695583  -65.241120   -0.228    0.166  1
RGI60-19.01821     1.17429  -60.653788  -45.019801   -3.374    0.522  1
RGI60-19.02677     1.17398  -54.644198  -36.351231   -0.081    0.259  1
RGI60-19.02696     1.16847  -54.344678  -36.980933    0.202    0.274  1
RGI60-19.00371     1.16761  -77.503178  169.118540   -0.020    0.133  1
RGI60-19.02484     1.16182  -54.108468  -36.933169   -0.171    0.214  1
RGI60-19.02058     1.15922  -62.675216  -60.390579   -0.670    0.356  1
RGI60-19.02614     1.15111  -54.795790  -36.103988   -0.879    0.271  1
RGI60-19.01676     1.14513  -49.074657   69.126943   -0.555    0.540  1
RGI60-19.02258     1.14251  -54.426632  -36.270395   -1.064    0.228  1
RGI60-19.01685     1.14107  -49.046081   69.151196   -0.192    0.397  1
RGI60-19.02442     1.13643  -54.009441  -37.725311   -0.341    0.287  1
RGI60-19.02309     1.13490  -54.320997  -36.277368   -0.597    0.185  1
RGI60-19.02261     1.12924  -54.474370  -36.680422   -0.227    0.204  1
RGI60-19.02471     1.12662  -54.135627  -36.749018   -0.463    0.208  1
RGI60-19.02561     1.12604  -54.849299  -36.041864    0.708    0.369  1
RGI60-19.01121     1.11983  -65.934256  -65.971638   -0.912    0.243  1
RGI60-19.01090     1.10802  -65.666467  -65.626816   -0.539    0.195  1
RGI60-19.02466     1.10576  -54.252693  -37.307582    0.634    0.777  1
RGI60-19.00720     1.10243  -64.538262  -62.003922   -0.118    0.172  1
RGI60-19.02732     1.10148  -54.024704  -37.733845    0.083    0.520  1
RGI60-19.01206     1.10077  -68.715203  -67.504092   -0.253    0.167  1
RGI60-19.01632     1.09671  -49.565500   68.884879   -0.705    0.276  1
RGI60-19.02711     1.09463  -54.278898  -36.703281   -0.965    0.262  1
RGI60-19.01019     1.07977  -64.910137  -63.884196    0.499    0.212  1
RGI60-19.02562     1.07450  -54.756820  -35.912952   -0.152    0.216  1
RGI60-19.02271     1.07384  -54.427458  -36.292139   -1.062    0.258  1
RGI60-19.02389     1.07334  -54.084537  -37.351404   -0.958    0.249  1
RGI60-19.02070     1.07245  -63.009036  -60.585848    0.170    0.249  1
RGI60-19.02042     1.06739  -62.677343  -60.022388    3.856    1.176  1
RGI60-19.02189     1.06691  -65.068836  -64.025024   -0.021    0.173  1
RGI60-19.01794     1.06414  -60.713424  -44.610718    0.846    0.255  1
RGI60-19.02365     1.06189  -54.165365  -37.638721   -0.599    0.266  1
RGI60-19.02397     1.06128  -54.090943  -37.267396   -0.865    0.443  1
RGI60-19.01783     1.06048  -60.737279  -44.748073    0.240    0.205  1
RGI60-19.01410     1.05548  -66.657415  108.433843   -0.146    0.212  1
RGI60-19.02054     1.05166  -62.683950  -60.347477   -0.401    0.253  1
RGI60-19.02032     1.04977  -62.614857  -59.902062   -1.717    0.452  1
RGI60-19.02554     1.04230  -54.840226  -36.052372    0.185    0.581  1
RGI60-19.02459     1.03189  -54.095038  -37.028148   -1.475    0.282  1
RGI60-19.01030     1.02626  -64.915073  -64.013340    0.393    0.174  1
RGI60-19.01434     1.02592  -75.681982  162.875481   -0.363    0.161  1
RGI60-19.01879     1.02533  -60.660195  -45.441529   -0.081    0.234  1
RGI60-19.02579     1.02201  -54.819041  -36.160302   -0.380    0.278  1
RGI60-19.01628     1.02144  -49.542449   68.903842   -0.104    0.477  1
RGI60-19.02359     1.01643  -54.160464  -37.625498   -0.689    0.245  1
RGI60-19.01308     1.00968  -74.488024 -102.294594    0.085    0.163  1
RGI60-19.00486     1.00760  -78.220670  166.467046   -0.022    0.136  1
RGI60-19.01662     1.00464  -49.173308   69.053186    0.003    0.200  1
RGI60-19.02053     0.99679  -62.676595  -60.333054   -0.092    0.218  1
RGI60-19.01253     0.99620  -70.079740  -74.516436   -0.420    0.174  1
RGI60-19.01546     0.99446  -49.374240   69.307846   -0.373    0.235  1
RGI60-19.01787     0.99350  -60.726638  -44.667863    0.613    0.208  1
RGI60-19.01255     0.99045  -70.087180  -74.531041    0.002    0.168  1
RGI60-19.01629     0.98886  -49.548218   68.936728    0.188    0.351  1
RGI60-19.00449     0.98883  -78.056921  167.431115    0.018    0.146  1
RGI60-19.01939     0.98751  -62.138882  -58.526016   -0.017    0.454  1
RGI60-19.02741     0.98719  -54.006740  -37.736590   -0.047    0.688  1
RGI60-19.01577     0.98658  -49.608621   68.908592   -0.342    0.186  1
RGI60-19.02515     0.98425  -54.198150  -36.764533   -0.966    0.232  1
RGI60-19.01080     0.97907  -65.901260  -65.302682    0.065    0.149  1
RGI60-19.02427     0.97752  -54.020230  -37.874764   -0.102    0.215  1
RGI60-19.01115     0.97668  -66.003955  -65.679427   -0.079    0.150  1
RGI60-19.00370     0.97114  -77.504755  169.220489   -0.061    0.137  1
RGI60-19.02661     0.97102  -54.606587  -36.056379   -0.890    0.266  1
RGI60-19.00559     0.95497  -74.134676 -102.022657   -0.029    0.159  1
RGI60-19.00698     0.94495  -63.847709  -57.813565   -0.269    0.158  1
RGI60-19.00506     0.94401  -73.609013  169.873362   -0.093    0.209  1
RGI60-19.01830     0.94395  -60.660432  -45.037328   -2.091    0.852  1
RGI60-19.01792     0.94374  -60.691747  -44.634949    0.786    0.307  1
RGI60-19.00470     0.94314  -78.193258  166.522617   -0.032    0.137  1
RGI60-19.01853     0.94173  -60.640294  -45.277714   -1.082    0.260  1
RGI60-19.00441     0.94125  -65.099785  -64.069742    0.102    0.158  1
RGI60-19.01814     0.93598  -60.742606  -44.722848    0.413    0.208  1
RGI60-19.02526     0.92844  -54.173225  -37.249437    1.613    1.356  1
RGI60-19.01331     0.92810  -74.393980 -102.724259    0.015    0.167  1
RGI60-19.01335     0.91780  -74.354346 -102.889974    0.256    0.167  1
RGI60-19.01833     0.91415  -60.738244  -45.151031   -3.957    0.637  1
RGI60-19.01558     0.91325  -49.560691   69.466174   -0.662    0.224  1
RGI60-19.02618     0.91302  -54.825446  -36.147287   -0.762    0.321  1
RGI60-19.01968     0.91089  -62.140276  -58.150023   -1.101    0.838  1
RGI60-19.02429     0.91037  -54.019379  -37.857383   -0.774    0.518  1
RGI60-19.01813     0.90227  -60.752158  -44.696563    0.288    0.211  1
RGI60-19.02087     0.90123  -62.941826  -60.576887    0.724    0.595  1
RGI60-19.02446     0.89354  -53.999372  -37.721681   -0.466    0.215  1
RGI60-19.01009     0.89305  -64.918357  -63.406163   -0.260    0.194  1
RGI60-19.02580     0.89189  -54.693554  -36.308980   -0.740    0.261  1
RGI60-19.01070     0.89029  -65.633900  -65.370323   -0.370    0.174  1
RGI60-19.01913     0.88988  -60.711750  -45.637471    0.068    0.165  1
RGI60-19.00589     0.87482  -63.897403  -57.224760   -0.581    0.179  1
RGI60-19.02443     0.87189  -54.028381  -37.771822   -2.220    1.094  1
RGI60-19.02511     0.87110  -54.148402  -36.838240   -0.618    0.234  1
RGI60-19.01378     0.86978  -74.145746 -103.720154    0.049    0.162  1
RGI60-19.00505     0.86912  -73.526874  169.503711    0.299    0.232  1
RGI60-19.02178     0.86138  -64.103685  -62.062795   -0.839    0.239  1
RGI60-19.02259     0.85627  -54.515130  -36.135566   -1.234    0.265  1
RGI60-19.01316     0.85469  -74.459125 -102.422708   -0.018    0.177  1
RGI60-19.01637     0.85271  -49.594202   68.815331   -0.290    0.320  1
RGI60-19.01361     0.84623  -74.154852 -103.426213   -0.050    0.163  1
RGI60-19.02050     0.84179  -62.718032  -60.311034   -0.576    0.241  1
RGI60-19.01553     0.83757  -49.561953   69.536196   -0.073    0.160  1
RGI60-19.00369     0.83564  -77.507688  169.323335   -0.022    0.137  1
RGI60-19.02088     0.83477  -62.935049  -60.577733    1.055    0.344  1
RGI60-19.01888     0.83347  -60.651897  -45.696438   -0.070    0.178  1
RGI60-19.01841     0.82457  -60.537670  -45.803337    1.063    0.231  1
RGI60-19.00602     0.82454  -64.381652  -58.206887   -0.146    0.155  1
RGI60-19.00622     0.82288  -63.958844  -58.274161   -0.011    0.177  1
RGI60-19.02301     0.82218  -54.471376  -36.697155   -0.524    0.266  1
RGI60-19.00999     0.81918  -64.897651  -63.121585    0.554    0.229  1
RGI60-19.01873     0.80832  -60.709788  -45.226688   -1.992    0.343  1
RGI60-19.00493     0.80491  -78.225104  166.392652   -0.096    0.141  1
RGI60-19.01642     0.80384  -49.643150   68.846517   -0.281    0.224  1
RGI60-19.02494     0.80215  -54.203083  -37.348673   -0.190    0.314  1
RGI60-19.01857     0.79909  -60.636774  -45.226569   -1.019    0.257  1
RGI60-19.02265     0.79732  -54.519109  -36.155394   -0.590    0.216  1
RGI60-19.01218     0.79521  -69.161366  -67.345698   -0.020    0.156  1
RGI60-19.00889     0.78498  -63.435422  -54.719440   -0.002    1.415  1
RGI60-19.01815     0.78431  -60.742583  -44.761617    0.191    0.289  1
RGI60-19.00936     0.78022  -64.348199  -61.585131   -0.180    0.190  1
RGI60-19.01340     0.77897  -74.611159 -103.157368    0.045    0.164  1
RGI60-19.01211     0.77869  -69.069612  -67.113556   -0.513    0.168  1
RGI60-19.02190     0.77555  -65.082975  -64.010932   -0.319    0.234  1
RGI60-19.02169     0.76776  -64.243684  -62.005916   -0.059    0.267  1
RGI60-19.01646     0.76760  -49.362628   69.302083   -0.125    0.244  1
RGI60-19.01072     0.76629  -65.520109  -65.505068    0.039    0.186  1
RGI60-19.01829     0.76573  -60.672524  -45.050909   -1.178    0.697  1
RGI60-19.02559     0.76181  -54.766678  -35.849621   -0.833    0.241  1
RGI60-19.01942     0.76144  -62.107209  -58.475058    0.156    1.380  1
RGI60-19.02085     0.75882  -62.979336  -60.539829   -0.136    0.231  1
RGI60-19.00485     0.75875  -78.222323  166.544363   -0.067    0.139  1
RGI60-19.00897     0.75697  -67.560968   47.687380   -0.118    0.159  1
RGI60-19.01663     0.75555  -49.181838   69.015165   -1.101    0.815  1
RGI60-19.01526     0.75528  -59.476972  -27.157494    1.390    0.287  1
RGI60-19.00497     0.74912  -78.241527  166.434007   -0.076    0.138  1
RGI60-19.00293     0.74870  -64.616071  -63.121282   -1.271    0.852  1
RGI60-19.01595     0.74748  -49.464057   69.019752   -0.085    0.213  1
RGI60-19.01250     0.74738  -69.574967  -72.211764   -0.520    0.186  1
RGI60-19.00462     0.74580  -78.158448  166.518594   -0.057    0.140  1
RGI60-19.01871     0.73993  -60.722003  -45.204049   -2.307    0.512  1
RGI60-19.02361     0.73766  -54.160681  -37.593503   -1.058    0.324  1
RGI60-19.02175     0.73435  -64.094055  -62.061743    0.014    0.212  1
RGI60-19.01894     0.73408  -60.623459  -45.974462   -0.053    0.211  1
RGI60-19.00872     0.73336  -69.843138   39.079729    0.016    0.154  1
RGI60-19.00808     0.73275  -69.025078   39.539818   -0.098    0.176  1
RGI60-19.00919     0.72942  -63.900891  -61.387158    0.226    0.212  1
RGI60-19.02376     0.72790  -54.160490  -37.607314    0.042    0.257  1
RGI60-19.01055     0.72226  -65.991125  -64.733933    0.155    0.181  1
RGI60-19.00114     0.72143  -69.986753  -70.133185   -0.022    0.162  1
RGI60-19.01515     0.70865  -57.082116  -26.672990   -4.899    1.628  1
RGI60-19.02409     0.70632  -54.094233  -37.613201    0.137    0.480  1
RGI60-19.02035     0.70496  -62.627295  -59.864894    0.932    0.816  1
RGI60-19.02090     0.70453  -62.918917  -60.692310    0.151    0.232  1
RGI60-19.02034     0.70441  -62.621395  -59.838184   -4.899    2.348  1
RGI60-19.02154     0.70435  -68.829465  -90.696681    6.407    1.789  1
RGI60-19.02488     0.70424  -54.190401  -37.375895   -1.651    0.499  1
RGI60-19.01440     0.70134  -71.882580  171.196482    0.020    0.280  1
RGI60-19.00685     0.70093  -63.898567  -57.854836    0.086    0.154  1
RGI60-19.02195     0.70033  -65.067004  -63.965784    0.722    0.208  1
RGI60-19.02100     0.70008  -63.000552  -60.613135    1.177    0.332  1
RGI60-19.01568     0.69749  -49.696223   68.853595   -0.772    0.256  1
RGI60-19.02392     0.69743  -54.094885  -37.283201   -2.031    0.426  1
RGI60-19.02164     0.69677  -64.247358  -62.026985   -0.570    0.332  1
RGI60-19.02662     0.69247  -54.570510  -36.460726   -1.684    0.558  1
RGI60-19.02664     0.69146  -54.613700  -36.392048   -0.633    0.286  1
RGI60-19.02452     0.69103  -53.993791  -37.735330   -0.650    0.496  1
RGI60-19.01516     0.69089  -57.077608  -26.669553   -0.049    0.352  1
RGI60-19.01895     0.68664  -60.626894  -45.981795   -0.101    0.203  1
RGI60-19.00905     0.68631  -67.138992   50.058126   -0.057    0.149  1
RGI60-19.01782     0.68444  -60.732641  -44.768509    0.397    0.326  1
RGI60-19.02739     0.68242  -54.012382  -37.867981   -0.574    0.636  1
RGI60-19.01903     0.67374  -60.711601  -45.617275   -0.032    0.183  1
RGI60-19.01896     0.67289  -60.628300  -45.992646   -0.532    0.195  1
RGI60-19.01855     0.67153  -60.638147  -45.251807   -1.312    0.289  1
RGI60-19.01401     0.67007  -74.107117 -105.233095    0.549    0.185  1
RGI60-19.01052     0.66835  -65.393748  -65.284167   -0.169    0.162  1
RGI60-19.01836     0.66519  -60.750691  -45.159635   -3.657    0.947  1
RGI60-19.01039     0.66091  -65.405697  -64.219276    0.461    0.201  1
RGI60-19.01589     0.65909  -49.528293   68.977773   -0.230    0.285  1
RGI60-19.00638     0.65130  -63.925783  -57.998682   -0.041    0.156  1
RGI60-19.01719     0.65117  -53.011933   73.335852    6.667    1.663  1
RGI60-19.00625     0.65007  -63.925687  -58.241153    0.340    0.193  1
RGI60-19.01333     0.64900  -74.105893 -102.544308   -0.090    0.164  1
RGI60-19.01061     0.64695  -65.493328  -65.421681   -0.177    0.165  1
RGI60-19.00902     0.64684  -67.286744   49.001283   -0.096    0.155  1
RGI60-19.02407     0.64491  -54.146377  -37.656659   -0.379    0.308  1
RGI60-19.01902     0.64473  -60.702573  -45.624360   -0.045    0.171  1
RGI60-19.02701     0.64387  -54.389355  -36.825281   -0.154    0.216  1
RGI60-19.02413     0.64305  -54.032895  -37.479930   -0.017    0.209  1
RGI60-19.02425     0.64256  -54.032400  -37.856080   -0.487    0.383  1
RGI60-19.01904     0.64243  -60.721634  -45.607713   -0.208    0.171  1
RGI60-19.01035     0.64234  -65.333284  -64.149199    0.033    0.170  1
RGI60-19.02264     0.64209  -54.526037  -36.146408   -0.937    0.265  1
RGI60-19.02663     0.63534  -54.666900  -35.943099   -0.756    0.311  1
RGI60-19.01625     0.63461  -49.534441   68.917054    0.691    0.493  1
RGI60-19.00560     0.63298  -74.052955 -104.953362   -0.257    0.186  1
RGI60-19.02192     0.63102  -65.107102  -64.010594   -0.183    0.231  1
RGI60-19.02491     0.63045  -54.200722  -37.361597   -0.246    0.263  1
RGI60-19.00499     0.63030  -78.287587  166.277704   -0.074    0.143  1
RGI60-19.01584     0.62432  -49.546264   68.946974    0.374    0.269  1
RGI60-19.02281     0.62022  -54.467596  -36.253249   -0.017    0.193  1
RGI60-19.02368     0.61629  -54.091740  -37.174861   -1.169    0.397  1
RGI60-19.01403     0.61359  -74.116918 -105.256261    0.224    0.183  1
RGI60-19.02577     0.61189  -54.829441  -36.027964    0.103    0.365  1
RGI60-19.00171     0.61010  -71.869057  -68.757270    0.014    0.181  1
RGI60-19.02463     0.60925  -54.254779  -37.325146    0.418    0.847  1
RGI60-19.00561     0.60842  -74.092794 -105.161974    0.441    0.182  1
RGI60-19.02374     0.59985  -54.135372  -37.320588    0.190    0.255  1
RGI60-19.01795     0.59919  -60.722299  -44.600120   -0.019    0.265  1
RGI60-19.02352     0.59672  -54.080286  -37.205213   -0.111    0.240  1
RGI60-19.02217     0.59639  -64.609909  -62.306707   -0.623    0.226  1
RGI60-19.01793     0.59613  -60.702709  -44.620862    0.738    0.300  1
RGI60-19.00887     0.59560  -69.890403   39.050600    0.067    0.154  1
RGI60-19.02687     0.59375  -54.310427  -36.556484    0.024    0.177  1
RGI60-19.02377     0.58925  -54.030700  -37.536770   -0.784    0.261  1
RGI60-19.00064     0.58830  -67.513587  -66.957804   -0.809    0.217  1
RGI60-19.02268     0.58609  -54.389246  -36.454698   -0.119    0.200  1
RGI60-19.00924     0.58423  -63.725433  -61.774884   -0.309    0.211  1
RGI60-19.01626     0.58090  -49.534794   68.894921   -1.215    0.489  1
RGI60-19.01928     0.57877  -62.213631  -58.470494   -0.841    0.270  1
RGI60-19.02079     0.57603  -62.915085  -60.694251   -0.059    0.230  1
RGI60-19.00478     0.57576  -78.210066  166.520843   -0.017    0.141  1
RGI60-19.02700     0.57372  -54.289081  -36.714695   -0.583    0.208  1
RGI60-19.00355     0.57360  -77.470290  169.312674   -0.000    0.139  1
RGI60-19.01321     0.57262  -74.426149 -102.487347   -0.085    0.178  1
RGI60-19.02546     0.57253  -54.801755  -35.972519   -0.099    0.248  1
RGI60-19.01820     0.57202  -60.640563  -45.030532   -4.378    0.869  1
RGI60-19.01228     0.57169  -68.894551  -67.879654    0.133    0.158  1
RGI60-19.01856     0.56891  -60.640287  -45.238909   -1.441    0.405  1
RGI60-19.01399     0.56883  -74.048008 -104.988961   -0.070    0.182  1
RGI60-19.00865     0.56840  -69.647231   38.821106    0.169    0.170  1
RGI60-19.02734     0.56785  -54.020178  -37.783728    0.217    0.894  1
RGI60-19.02749     0.56725  -54.830980  -36.136137   -0.827    0.449  1
RGI60-19.02499     0.56381  -54.197352  -37.372449   -0.974    0.346  1
RGI60-19.02496     0.56229  -54.241903  -37.194826   -0.493    0.382  1
RGI60-19.01400     0.56202  -74.031462 -105.080314   -0.098    0.184  1
RGI60-19.00932     0.56182  -66.943681   57.545859    0.113    0.156  1
RGI60-19.01798     0.56119  -60.702630  -44.552148    0.292    0.213  1
RGI60-19.01307     0.56006  -74.481241 -102.243704    0.153    0.177  1
RGI60-19.01088     0.55952  -65.937127  -65.311968   -0.057    0.155  1
RGI60-19.00931     0.55901  -66.954958   57.487074    0.060    0.151  1
RGI60-19.00904     0.55725  -67.089068   50.141539   -0.020    0.151  1
RGI60-19.02191     0.55713  -65.091258  -64.009881   -0.447    0.241  1
RGI60-19.01671     0.55581  -49.120409   68.984480    1.113    0.793  1
RGI60-19.01575     0.55319  -49.635025   68.900512    0.062    0.209  1
RGI60-19.01865     0.55201  -60.679348  -45.169038   -3.217    0.618  1
RGI60-19.02287     0.55179  -54.503578  -36.141257   -0.665    0.227  1
RGI60-19.02746     0.54865  -54.523895  -36.448445   -0.501    0.276  1
RGI60-19.01604     0.54694  -49.560950   69.458022   -0.877    0.280  1
RGI60-19.01550     0.54672  -49.600039   69.509296   -0.377    0.327  1
RGI60-19.01639     0.54619  -49.599822   68.802296    0.824    0.609  1
RGI60-19.01635     0.54430  -49.572264   68.857000    0.232    0.243  1
RGI60-19.02433     0.54386  -54.014495  -37.921909   -0.075    0.246  1
RGI60-19.01068     0.54327  -65.638755  -65.328073   -0.216    0.170  1
RGI60-19.01396     0.54038  -73.982741 -104.267544   -0.332    0.199  1
RGI60-19.01630     0.54004  -49.563542   68.918043    0.626    0.236  1
RGI60-19.01880     0.53825  -60.659575  -45.459460   -0.322    0.225  1
RGI60-19.01955     0.53386  -62.098636  -58.309635   -0.506    0.344  1
RGI60-19.00836     0.53281  -68.356621   42.279170    0.005    0.171  1
RGI60-19.00810     0.52983  -69.014157   39.529972   -0.102    0.179  1
RGI60-19.02752     0.52738  -46.897233   37.713989   -0.039    0.290  1
RGI60-19.01110     0.52611  -65.933674  -65.619370    0.157    0.166  1
RGI60-19.00458     0.52235  -78.120018  166.040296   -0.073    0.142  1
RGI60-19.02576     0.52205  -54.779631  -36.002317   -1.183    0.463  1
RGI60-19.01958     0.52097  -62.115422  -58.369894    0.218    0.288  1
RGI60-19.00950     0.52031  -64.424847  -62.287242   -0.127    0.177  1
RGI60-19.01659     0.51700  -49.206689   69.096889    0.021    0.322  1
RGI60-19.01834     0.51560  -60.752639  -45.138873   -4.015    0.912  1
RGI60-19.01566     0.51086  -49.382649   69.359406   -0.032    0.267  1
RGI60-19.00844     0.51085  -68.016411   43.403725   -0.090    0.159  1
RGI60-19.02740     0.50916  -54.025701  -37.787163   -0.623    1.080  1
RGI60-19.02665     0.50764  -54.621593  -36.387469   -0.394    0.383  1
RGI60-19.00882     0.50733  -69.869397   39.063360    0.549    0.177  1
RGI60-19.01054     0.50570  -65.434231  -65.348938   -0.189    0.165  1
RGI60-19.01872     0.50259  -60.721098  -45.221073   -1.522    0.699  1
RGI60-19.02233     0.50248  -68.138486  -67.147217   -0.039    0.168  1
RGI60-19.00941     0.50004  -64.122220  -62.001663   -0.344    0.203  1
RGI60-19.01921     0.49999  -62.198532  -58.785529   -0.244    0.244  1
RGI60-19.00723     0.49975  -64.248442  -63.512991    0.476    0.250  1
RGI60-19.02260     0.49714  -54.502551  -36.619415    0.094    0.249  1
RGI60-19.01983     0.49495  -61.943148  -57.912160   -0.128    0.247  1
RGI60-19.01026     0.48946  -64.934800  -63.936528    0.059    0.286  1
RGI60-19.01858     0.48937  -60.639855  -45.207810   -1.834    0.428  1
RGI60-19.02327     0.48577  -54.487756  -36.092065   -0.288    0.240  1
RGI60-19.02573     0.48493  -54.743113  -35.888794   -0.069    0.227  1
RGI60-19.01257     0.48411  -70.081679  -74.563469   -0.267    0.180  1
RGI60-19.01785     0.48392  -60.741158  -44.712144    0.676    0.245  1
RGI60-19.01781     0.48336  -60.721036  -44.785518    0.568    0.226  1
RGI60-19.01512     0.47977  -57.092415  -26.656680   -5.373    1.629  1
RGI60-19.02447     0.47576  -54.034638  -37.725274   -0.071    0.240  1
RGI60-19.00459     0.47555  -78.137885  166.307467   -0.074    0.146  1
RGI60-19.02225     0.47345  -65.648105  -64.496242   -0.145    0.184  1
RGI60-19.00634     0.47298  -63.920633  -58.027372   -0.005    0.156  1
RGI60-19.01912     0.47037  -60.718870  -45.644114    0.055    0.176  1
RGI60-19.01683     0.47023  -49.049484   69.098494    1.136    0.806  1
RGI60-19.00447     0.47013  -78.043465  167.422979    0.027    0.149  1
RGI60-19.01342     0.46577  -74.196351 -103.237007   -0.266    0.177  1
RGI60-19.01328     0.46545  -74.118770 -102.450172   -0.046    0.165  1
RGI60-19.00639     0.46295  -64.373030  -57.339542   -0.172    0.159  1
RGI60-19.01673     0.45996  -49.127036   68.953471   -0.847    0.587  1
RGI60-19.01682     0.45963  -49.055120   69.093219    0.178    0.600  1
RGI60-19.00749     0.45695  -70.142297  -74.569980   -1.633    0.315  1
RGI60-19.00596     0.45650  -64.277323  -56.809630   -0.033    0.161  1
RGI60-19.01050     0.45496  -65.592315  -65.020853    0.003    0.166  1
RGI60-19.02417     0.45268  -54.088805  -37.657862    0.361    0.654  1
RGI60-19.01132     0.45169  -66.441537  -67.102186   -0.655    0.271  1
RGI60-19.01651     0.45108  -49.289804   69.246090    0.081    0.173  1
RGI60-19.01034     0.45068  -65.171269  -64.143671   -0.188    0.183  1
RGI60-19.00495     0.44832  -78.239944  166.392192   -0.051    0.145  1
RGI60-19.00553     0.44672  -69.232098   76.880449   -0.067    0.154  1
RGI60-19.02187     0.44640  -64.648882  -62.039660   -0.015    0.198  1
RGI60-19.02423     0.44474  -54.023584  -37.700216    0.109    0.362  1
RGI60-19.01397     0.44462  -73.968211 -104.277522   -0.442    0.211  1
RGI60-19.01029     0.44099  -64.904732  -63.989501    0.199    0.215  1
RGI60-19.02672     0.44079  -54.612477  -35.970337    0.298    0.243  1
RGI60-19.00811     0.44063  -69.020805   39.504010   -0.112    0.181  1
RGI60-19.02690     0.43819  -54.442557  -36.787311   -0.524    0.264  1
RGI60-19.00473     0.43680  -78.200898  166.416388    0.066    0.154  1
RGI60-19.02236     0.43486  -68.149610  -67.248235    0.351    0.233  1
RGI60-19.00464     0.43341  -78.143898  166.112849    0.027    0.143  1
RGI60-19.01591     0.43308  -49.488769   68.977605   -1.539    0.563  1
RGI60-19.00354     0.43297  -77.462159  169.287329    0.037    0.142  1
RGI60-19.02219     0.42979  -65.609155  -64.551158    0.398    0.234  1
RGI60-19.02702     0.42884  -54.341615  -37.014358    0.844    0.432  1
RGI60-19.01126     0.42874  -66.471467  -66.428543    0.143    0.213  1
RGI60-19.00959     0.42839  -64.345071  -62.891186   -0.079    0.219  1
RGI60-19.02040     0.42797  -62.662090  -59.967125    0.163    0.818  1
RGI60-19.00461     0.42741  -78.150167  166.435455   -0.068    0.144  1
RGI60-19.00730     0.42344  -65.251855  -64.266463    0.102    0.167  1
RGI60-19.00413     0.42302  -77.567727  166.244239   -0.027    0.150  1
RGI60-19.00494     0.42289  -78.235334  166.526957   -0.049    0.142  1
RGI60-19.02685     0.42266  -54.317855  -36.564559   -0.009    0.190  1
RGI60-19.02738     0.42093  -54.025483  -37.851113   -0.903    0.526  1
RGI60-19.02458     0.42036  -54.085841  -37.036746   -0.462    0.483  1
RGI60-19.01057     0.41890  -65.523178  -65.313414    0.241    0.172  1
RGI60-19.02043     0.41836  -62.686165  -60.020797    1.577    1.083  1
RGI60-19.00611     0.41808  -64.129624  -58.331868    0.061    0.182  1
RGI60-19.01513     0.41710  -57.093703  -26.669704   -0.095    1.474  1
RGI60-19.02142     0.41703  -68.835230  -90.481557   -0.706    0.440  1
RGI60-19.02193     0.41606  -65.099176  -64.017084   -0.255    0.327  1
RGI60-19.02464     0.41512  -54.253489  -37.337883   -1.415    0.474  1
RGI60-19.02603     0.41454  -54.801722  -35.933692    0.011    0.270  1
RGI60-19.01623     0.41443  -49.520855   68.956160    0.757    0.487  1
RGI60-19.00652     0.41289  -63.888716  -57.971046    0.062    0.156  1
RGI60-19.01325     0.41141  -74.454524 -102.620503    0.401    0.202  1
RGI60-19.00877     0.41079  -69.867190   39.023889    0.016    0.168  1
RGI60-19.02314     0.41079  -54.336404  -36.297236   -0.398    0.220  1
RGI60-19.02255     0.40921  -54.386214  -36.474195   -0.386    0.212  1
RGI60-19.00845     0.40869  -68.008691   43.426220   -0.225    0.168  1
RGI60-19.02366     0.40696  -54.105883  -37.635925    1.035    0.426  1
RGI60-19.02582     0.40418  -54.827132  -36.045415    0.037    0.414  1
RGI60-19.02328     0.40413  -54.481025  -36.096782    0.138    0.224  1
RGI60-19.02367     0.40281  -54.033917  -37.548309   -0.006    0.241  1
RGI60-19.01320     0.39734  -74.462097 -102.456090    0.281    0.208  1
RGI60-19.01020     0.39639  -64.900256  -63.885957    0.018    0.215  1
RGI60-19.01319     0.39528  -74.477258 -102.462708    0.228    0.179  1
RGI60-19.02282     0.39447  -54.455190  -36.248516   -0.566    0.257  1
RGI60-19.01372     0.39353  -73.798547 -103.365804    0.737    0.249  1
RGI60-19.00946     0.39316  -67.118415   58.400080    0.068    0.166  1
RGI60-19.02498     0.39217  -54.109833  -36.949558   -0.201    0.235  1
RGI60-19.02589     0.39112  -54.807261  -35.959289    0.129    0.259  1
RGI60-19.01119     0.38766  -66.086309  -65.725056    0.444    0.199  1
RGI60-19.02497     0.38711  -54.165626  -36.830641    0.183    0.244  1
RGI60-19.00469     0.38657  -78.186939  166.394779   -0.041    0.147  1
RGI60-19.00094     0.38613  -70.883787  -68.408654   -0.169    0.214  1
RGI60-19.01387     0.38511  -73.662625 -103.389634    0.013    0.188  1
RGI60-19.00152     0.38173  -71.046293  -68.317915    0.125    0.193  1
RGI60-19.01310     0.37794  -74.030755 -101.980104    0.209    0.172  1
RGI60-19.01326     0.37753  -74.135819 -102.382537   -0.154    0.173  1
RGI60-19.01900     0.37740  -60.689272  -45.619675   -0.065    0.194  1
RGI60-19.02188     0.37737  -64.641457  -62.045199   -0.133    0.226  1
RGI60-19.00492     0.37705  -78.219272  166.292222    0.000    0.148  1
RGI60-19.01967     0.37270  -62.144765  -58.143781   -1.530    0.432  1
RGI60-19.00477     0.36790  -78.212296  166.587264   -0.101    0.147  1
RGI60-19.01611     0.36679  -49.133455   68.981894   -0.720    0.439  1
RGI60-19.02744     0.36574  -54.114889  -37.177800   -0.190    0.253  1
RGI60-19.00830     0.36528  -68.067309   42.935679   -0.061    0.179  1
RGI60-19.00870     0.36402  -69.836895   39.060650   -0.018    0.174  1
RGI60-19.02508     0.36227  -54.091549  -36.897201    0.454    0.296  1
RGI60-19.02518     0.36048  -54.185375  -36.754631   -0.677    0.238  1
RGI60-19.01366     0.35922  -74.169294 -103.555951    0.231    0.190  1
RGI60-19.02733     0.35888  -53.990864  -37.727164   -1.207    0.437  1
RGI60-19.02206     0.35867  -65.098304  -63.992399    0.432    0.355  1
RGI60-19.02198     0.35798  -65.055366  -63.948516    0.814    0.404  1
RGI60-19.01168     0.35791  -67.446821  -67.932960    0.130    0.186  1
RGI60-19.00450     0.35511  -78.066352  167.493224   -0.084    0.155  1
RGI60-19.01343     0.35262  -73.919124 -103.054081   -0.349    0.204  1
RGI60-19.00635     0.35134  -63.960889  -57.953535    0.012    0.286  1
RGI60-19.00879     0.34979  -69.864373   39.063982    0.573    0.221  1
RGI60-19.01062     0.34852  -65.830689  -65.050497    0.492    0.206  1
RGI60-19.00397     0.34783  -77.849487  166.719745    0.009    0.147  1
RGI60-19.00868     0.34650  -69.764281   39.098226   -0.092    0.164  1
RGI60-19.02583     0.34576  -54.743321  -36.285049   -0.859    0.445  1
RGI60-19.02666     0.34548  -54.586657  -36.409631   -1.599    0.570  1
RGI60-19.00606     0.34505  -64.368091  -58.083128   -0.019    0.203  1
RGI60-19.01344     0.34238  -73.908532 -103.065334   -0.497    0.202  1
RGI60-19.00603     0.34233  -64.379809  -58.108125    0.106    0.166  1
RGI60-19.02667     0.34180  -54.607536  -36.039263   -0.383    0.236  1
RGI60-19.02512     0.34170  -54.191799  -36.831512   -0.102    0.231  1
RGI60-19.02369     0.34166  -54.085984  -37.211184   -0.080    0.266  1
RGI60-19.00706     0.34131  -64.054020  -57.300621    0.011    0.163  1
RGI60-19.02280     0.34109  -54.484322  -36.182358   -0.556    0.319  1
RGI60-19.01037     0.33973  -65.242102  -64.308859   -0.017    0.169  1
RGI60-19.00543     0.33905  -69.090323  -68.661467   -0.057    0.157  1
RGI60-19.00598     0.33753  -64.256692  -56.694782    0.109    0.168  1
RGI60-19.00456     0.33689  -78.116553  166.213925   -0.034    0.151  1
RGI60-19.02186     0.33555  -64.657835  -62.033702   -0.318    0.209  1
RGI60-19.01914     0.33165  -60.704549  -45.634577    0.049    0.187  1
RGI60-19.01148     0.33059  -67.216439  -67.822648    0.275    0.189  1
RGI60-19.02424     0.32973  -54.025008  -37.684465   -0.380    0.269  1
RGI60-19.02586     0.32909  -54.805609  -36.072280   -0.741    0.537  1
RGI60-19.02493     0.32875  -54.225203  -37.269613   -1.833    0.707  1
RGI60-19.02179     0.32784  -64.097977  -62.076480    0.022    0.244  1
RGI60-19.02584     0.32733  -54.752821  -35.892055   -0.478    0.261  1
RGI60-19.00175     0.32723  -64.710466  -64.295642   -0.588    0.362  1
RGI60-19.01490     0.32681  -66.899495  163.310960   -0.242    0.322  1
RGI60-19.00503     0.32426  -73.378133  169.827965    0.580    0.318  1
RGI60-19.02269     0.32222  -54.442690  -36.293276   -1.431    0.367  1
RGI60-19.01059     0.32086  -65.739003  -65.086307   -0.055    0.169  1
RGI60-19.01354     0.31987  -73.898788 -103.145207   -0.423    0.219  1
RGI60-19.02153     0.31952  -68.836540  -90.708904    0.687    0.830  1
RGI60-19.01347     0.31947  -73.896112 -103.101356   -0.378    0.212  1
RGI60-19.01141     0.31857  -67.692956  -67.088479    0.343    0.241  1
RGI60-19.01359     0.31563  -73.887565 -103.166532   -0.609    0.235  1
RGI60-19.02196     0.31538  -65.047011  -63.945673   -0.343    0.281  1
RGI60-19.01056     0.31511  -65.447554  -65.397144   -0.285    0.205  1
RGI60-19.00468     0.31500  -78.196044  166.722513   -0.100    0.151  1
RGI60-19.02703     0.31405  -54.395258  -36.825931   -0.387    0.275  1
RGI60-19.02730     0.31388  -54.011047  -37.901970   -0.507    0.333  1
RGI60-19.00362     0.31319  -77.490285  169.265578   -0.061    0.146  1
RGI60-19.01889     0.31286  -60.648164  -45.701001   -0.055    0.188  1
RGI60-19.01439     0.31284  -71.956990  171.081741    2.013    0.517  1
RGI60-19.00681     0.31226  -63.919560  -57.843335    0.006    0.158  1
RGI60-19.02434     0.30972  -54.007590  -37.914566    0.720    0.638  1
RGI60-19.00842     0.30583  -68.025203   43.322837   -0.277    0.167  1
RGI60-19.00471     0.30545  -78.205593  166.606966   -0.067    0.149  1
RGI60-19.00465     0.30470  -78.169633  166.514014   -0.080    0.152  1
RGI60-19.01784     0.30458  -60.734844  -44.729089    0.408    0.234  1
RGI60-19.00609     0.30449  -64.125114  -58.348958    0.050    0.218  1
RGI60-19.01373     0.30353  -74.160758 -103.676679   -0.377    0.187  1
RGI60-19.01383     0.30266  -74.144517 -103.767984   -0.150    0.180  1
RGI60-19.01565     0.30222  -49.383994   69.295577    0.179    0.241  1
RGI60-19.01327     0.30205  -74.141617 -102.432425    0.037    0.175  1
RGI60-19.01624     0.30199  -49.517942   68.932372    0.092    0.417  1
RGI60-19.01371     0.30129  -73.807741 -103.365342   -0.050    0.204  1
RGI60-19.00356     0.30124  -77.477991  169.270502   -0.021    0.144  1
RGI60-19.02472     0.30075  -54.129834  -36.724184   -0.472    0.239  1
RGI60-19.02468     0.30011  -54.203597  -36.637443   -0.781    0.288  1
RGI60-19.02428     0.29991  -54.039856  -37.863068    0.102    0.316  1
RGI60-19.00933     0.29952  -66.989524   57.487966    0.165    0.165  1
RGI60-19.00491     0.29951  -78.219250  166.208044   -0.102    0.155  1
RGI60-19.01045     0.29709  -65.711066  -64.417646    0.564    0.219  1
RGI60-19.01302     0.29671  -74.040416 -101.810013   -0.326    0.180  1
RGI60-19.01304     0.29578  -74.058050 -101.877456   -0.164    0.177  1
RGI60-19.01014     0.29489  -64.897390  -63.845879    0.059    0.173  1
RGI60-19.02489     0.29460  -54.104387  -36.903597   -0.819    0.343  1
RGI60-19.01353     0.29418  -73.879745 -103.129604   -0.028    0.188  1
RGI60-19.02656     0.29412  -54.559842  -36.245872   -1.380    0.660  1
RGI60-19.00881     0.29296  -69.856264   39.107443   -0.089    0.164  1
RGI60-19.02681     0.29217  -54.578987  -36.436762   -1.576    0.488  1
RGI60-19.00372     0.29155  -77.532213  169.230468    0.011    0.151  1
RGI60-19.02437     0.29006  -54.013635  -37.908349    0.006    0.344  1
RGI60-19.00963     0.28967  -64.444039  -62.838272   -1.071    0.457  1
RGI60-19.02455     0.28916  -54.091531  -37.037018   -1.519    0.640  1
RGI60-19.01907     0.28678  -60.732170  -45.640816    0.073    0.201  1
RGI60-19.01100     0.28660  -66.025355  -65.391595    0.010    0.164  1
RGI60-19.00802     0.28432  -69.025261   39.575368   -0.090    0.185  1
RGI60-19.02388     0.28345  -54.092735  -37.350748   -0.194    0.282  1
RGI60-19.01362     0.28287  -74.157196 -103.462889    0.094    0.186  1
RGI60-19.02143     0.28246  -68.841880  -90.491025    1.592    1.644  1
RGI60-19.01385     0.28221  -73.671624 -103.367237   -0.331    0.232  1
RGI60-19.00481     0.28062  -78.212688  166.376249   -0.043    0.151  1
RGI60-19.02600     0.27953  -54.794526  -35.922178   -0.118    0.305  1
RGI60-19.02075     0.27908  -62.968431  -60.733149   -0.373    0.357  1
RGI60-19.01334     0.27878  -74.096020 -102.536485    0.505    0.192  1
RGI60-19.02567     0.27852  -54.781878  -35.885218    0.046    0.227  1
RGI60-19.02588     0.27767  -54.737661  -36.287052   -1.921    0.979  1
RGI60-19.01803     0.27757  -60.696195  -44.461570    0.227    0.266  1
RGI60-19.00852     0.27734  -68.013179   43.437407   -0.055    0.173  1
RGI60-19.00392     0.27503  -77.502573  168.648231   -0.008    0.157  1
RGI60-19.00498     0.27493  -78.253043  166.441279   -0.074    0.148  1
RGI60-19.00363     0.27418  -77.497545  169.348265   -0.051    0.168  1
RGI60-19.01863     0.27301  -60.673886  -45.175763   -0.692    0.366  1
RGI60-19.00704     0.27186  -64.194237  -57.218397   -0.192    0.188  1
RGI60-19.00866     0.27110  -69.639949   39.267848    0.048    0.167  1
RGI60-19.00476     0.27043  -78.196644  166.222087   -0.044    0.152  1
RGI60-19.00694     0.27031  -63.867800  -57.805094   -0.091    0.180  1
RGI60-19.01332     0.26950  -74.406970 -102.747311    0.228    0.192  1
RGI60-19.01593     0.26908  -49.469625   69.005430   -0.483    0.445  1
RGI60-19.02569     0.26847  -54.773518  -35.879509   -0.574    0.277  1
RGI60-19.02406     0.26846  -54.145329  -37.673239   -0.355    0.278  1
RGI60-19.01579     0.26816  -49.587951   68.943097   -0.203    0.260  1
RGI60-19.02505     0.26808  -54.170303  -37.241197    0.134    0.606  1
RGI60-19.01139     0.26798  -67.703660  -67.117565   -0.070    0.215  1
RGI60-19.00653     0.26756  -64.257628  -57.419912    0.012    0.205  1
RGI60-19.00880     0.26730  -69.881220   39.013448    0.067    0.164  1
RGI60-19.00358     0.26650  -77.478691  169.218870    0.009    0.145  1
RGI60-19.02381     0.26605  -54.079892  -37.266918    0.020    0.400  1
RGI60-19.02551     0.26432  -54.851312  -36.099679   -1.293    0.626  1
RGI60-19.02553     0.26337  -54.842298  -36.035216    0.746    0.686  1
RGI60-19.01552     0.26320  -49.568959   69.567640   -0.130    0.194  1
RGI60-19.01123     0.26269  -66.396464  -66.000337    0.118    0.177  1
RGI60-19.01363     0.26245  -74.152879 -103.492419   -0.007    0.190  1
RGI60-19.01369     0.26214  -74.164296 -103.599400    0.012    0.195  1
RGI60-19.02593     0.26099  -54.883320  -36.091299    0.043    0.328  1
RGI60-19.01330     0.25961  -74.130150 -102.477615    0.055    0.179  1
RGI60-19.01138     0.25951  -67.717449  -67.135814   -0.602    0.225  1
RGI60-19.02633     0.25945  -54.848932  -36.007444   -0.058    0.303  1
RGI60-19.01370     0.25798  -73.810473 -103.346165    0.083    0.337  1
RGI60-19.02183     0.25752  -64.647742  -62.057574    0.040    0.228  1
RGI60-19.00542     0.25686  -67.730069  -68.382675    0.212    0.248  1
RGI60-19.01303     0.25597  -74.047994 -101.823946   -0.095    0.180  1
RGI60-19.01510     0.25539  -57.080759  -26.656714    0.000    0.399  1
RGI60-19.02311     0.25535  -54.328677  -36.290910   -0.591    0.281  1
RGI60-19.01214     0.25511  -68.638310  -67.785525    0.005    0.158  1
RGI60-19.02101     0.25337  -63.004129  -60.602521    0.232    0.485  1
RGI60-19.01013     0.25271  -64.533521  -64.020627   -0.165    0.202  1
RGI60-19.02653     0.25265  -54.583353  -36.064909   -0.607    0.307  1
RGI60-19.02470     0.25255  -54.123729  -36.706460   -0.349    0.247  1
RGI60-19.01638     0.25202  -49.595443   68.806782    0.585    0.454  1
RGI60-19.01381     0.25132  -73.627594 -103.339905    0.178    0.224  1
RGI60-19.02743     0.24985  -54.027010  -37.830041   -0.134    0.371  1
RGI60-19.01435     0.24925  -75.688834  162.843946   -0.304    0.200  1
RGI60-19.02094     0.24888  -62.961920  -60.726342    0.403    0.497  1
RGI60-19.01389     0.24689  -73.670327 -103.401020   -0.142    0.195  1
RGI60-19.00100     0.24631  -69.186584  -70.688516   -0.836    0.483  1
RGI60-19.01306     0.24618  -74.047573 -101.882064    0.147    0.184  1
RGI60-19.01498     0.24565  -66.284199  162.293642   -0.032    0.200  1
RGI60-19.02071     0.24563  -63.014560  -60.597868    0.064    0.286  1
RGI60-19.01404     0.24501  -74.072768 -105.241006   -0.411    0.247  1
RGI60-19.00953     0.24467  -67.092637   58.729311    0.016    0.159  1
RGI60-19.01886     0.24332  -60.654423  -45.676082   -0.194    0.278  1
RGI60-19.01391     0.24275  -73.625359 -103.373567   -0.217    0.219  1
RGI60-19.00630     0.24248  -63.899609  -58.182032    0.140    0.287  1
RGI60-19.02688     0.24231  -54.305076  -36.568323   -0.193    0.208  1
RGI60-19.00616     0.24150  -64.001566  -58.328476   -0.030    0.245  1
RGI60-19.01666     0.24090  -49.169834   68.930851    3.870    1.190  1
RGI60-19.01379     0.24067  -73.616409 -103.272404   -0.355    0.265  1
RGI60-19.00467     0.24051  -78.182292  166.574479   -0.028    0.155  1
RGI60-19.01517     0.24020  -57.101259  -26.786167   -1.087    1.060  1
RGI60-19.00104     0.23885  -71.524987  -68.226159   -0.048    0.188  1
RGI60-19.02370     0.23864  -54.127525  -37.642370   -0.966    0.643  1
RGI60-19.00876     0.23812  -69.875029   38.993733   -0.207    0.186  1
RGI60-19.01437     0.23742  -71.950369  171.090401    1.610    0.558  1
RGI60-19.01547     0.23679  -49.377223   69.288111    0.123    0.313  1
RGI60-19.01669     0.23672  -49.121026   68.999938   -0.717    0.573  1
RGI60-19.01384     0.23624  -73.680848 -103.369186   -0.031    0.197  1
RGI60-19.00384     0.23590  -77.487822  167.207018   -0.116    0.181  1
RGI60-19.00507     0.23576  -73.608737  169.682080   -1.073    0.513  1
RGI60-19.02160     0.23510  -64.269122  -62.073787   -0.089    0.721  1
RGI60-19.02414     0.23350  -54.084449  -37.654771   -0.093    0.530  1
RGI60-19.02490     0.23309  -54.096361  -36.903507    0.087    0.269  1
RGI60-19.00669     0.23233  -64.273500  -57.368510   -0.214    0.198  1
RGI60-19.02176     0.23008  -64.107166  -62.103989    0.212    0.287  1
RGI60-19.01096     0.22981  -66.008556  -65.359067    0.085    0.161  1
RGI60-19.01390     0.22962  -73.615696 -103.361379    0.495    0.267  1
RGI60-19.02570     0.22774  -54.781856  -35.852969   -0.210    0.302  1
RGI60-19.01339     0.22730  -74.366185 -102.931868    0.219    0.190  1
RGI60-19.00626     0.22628  -63.926090  -58.231908    0.391    0.230  1
RGI60-19.01582     0.22628  -49.559990   68.952493    0.723    0.362  1
RGI60-19.01807     0.22521  -60.734604  -44.505227    0.299    0.223  1
RGI60-19.01678     0.22427  -49.091785   69.081938    0.209    0.802  1
RGI60-19.01317     0.22303  -74.468486 -102.427396   -0.922    0.323  1
RGI60-19.02646     0.22263  -54.591541  -35.969038   -1.424    0.396  1
RGI60-19.00886     0.22241  -69.881085   39.057324    0.185    0.167  1
RGI60-19.00484     0.22146  -78.223564  166.511532   -0.066    0.149  1
RGI60-19.00544     0.22122  -70.086049  -74.575810   -0.124    0.197  1
RGI60-19.01665     0.22053  -49.176760   68.939569    0.278    0.590  1
RGI60-19.01977     0.21907  -62.019840  -57.665342   -0.389    0.361  1
RGI60-19.02093     0.21731  -62.951410  -60.724870    0.274    0.419  1
RGI60-19.02448     0.21712  -54.032461  -37.716531   -0.344    0.312  1
RGI60-19.02706     0.21671  -54.282098  -36.723072   -0.422    0.247  1
RGI60-19.00040     0.21562  -67.390516  -68.151775    0.246    0.257  1
RGI60-19.01324     0.21517  -74.424639 -102.558342   -0.066    0.204  1
RGI60-19.01346     0.21514  -73.887792 -103.082201   -0.054    0.213  1
RGI60-19.00604     0.21491  -64.124562  -58.441814    0.171    0.262  1
RGI60-19.01189     0.21422  -68.099754  -67.355636   -0.023    0.184  1
RGI60-19.02516     0.21381  -54.199240  -36.752070   -0.149    0.250  1
RGI60-19.02095     0.21370  -62.968313  -60.722507    0.331    0.398  1
RGI60-19.01350     0.21320  -73.892992 -103.128505   -0.415    0.237  1
RGI60-19.02457     0.21318  -54.084575  -37.048355   -0.392    0.447  1
RGI60-19.01012     0.21287  -65.052649  -63.393587   -0.252    0.249  1
RGI60-19.02420     0.21177  -54.030837  -37.632693    0.356    0.731  1
RGI60-19.01609     0.21131  -49.599358   69.461496   -0.273    0.272  1
RGI60-19.01816     0.21089  -60.739973  -44.777112   -0.685    0.539  1
RGI60-19.00578     0.21069  -67.097959   50.382485   -0.054    0.160  1
RGI60-19.01393     0.21050  -73.983441 -104.214898   -0.063    0.211  1
RGI60-19.00806     0.20985  -69.033151   39.518615   -0.130    0.194  1
RGI60-19.01689     0.20977  -49.093396   69.124344    0.444    0.516  1
RGI60-19.01349     0.20953  -73.885889 -103.121521    0.004    0.222  1
RGI60-19.01388     0.20914  -73.678282 -103.401517   -0.137    0.200  1
RGI60-19.01586     0.20904  -49.554934   68.983000   -0.767    0.366  1
RGI60-19.01204     0.20669  -68.786650  -67.189448    0.241    0.177  1
RGI60-19.02363     0.20649  -54.082738  -37.163959   -0.526    0.387  1
RGI60-19.02609     0.20619  -54.743466  -36.084319   -0.218    0.514  1
RGI60-19.02329     0.20520  -54.474332  -36.179195   -0.186    0.263  1
RGI60-19.00849     0.20491  -69.221708   39.691785   -0.103    0.181  1
RGI60-19.00489     0.20429  -78.223543  166.365134   -0.048    0.154  1
RGI60-19.02533     0.20401  -54.258977  -37.380269   -0.333    0.562  1
RGI60-19.00482     0.20337  -78.226811  166.611258   -0.075    0.158  1
RGI60-19.01580     0.20242  -49.581741   68.943990   -0.075    0.292  1
RGI60-19.01016     0.20169  -64.895629  -63.870436    0.255    0.183  1
RGI60-19.00454     0.20157  -78.084117  167.465107   -0.034    0.163  1
RGI60-19.00927     0.20077  -66.947482   57.377955   -0.071    0.161  1
RGI60-19.01336     0.19912  -74.369933 -102.917506    0.070    0.185  1
RGI60-19.01492     0.19862  -66.886749  163.325608   -0.264    0.511  1
RGI60-19.00472     0.19827  -78.201082  166.464650   -0.020    0.155  1
RGI60-19.00873     0.19761  -69.865966   38.994694   -0.083    0.190  1
RGI60-19.02391     0.19753  -54.104913  -37.296300   -1.231    0.716  1
RGI60-19.01003     0.19744  -64.939752  -63.218796    0.211    0.217  1
RGI60-19.02543     0.19722  -54.845795  -36.024665    0.805    0.556  1
RGI60-19.01143     0.19719  -67.667706  -67.034682   -0.009    0.210  1
RGI60-19.01368     0.19704  -74.175145 -103.597917    0.041    0.197  1
RGI60-19.01386     0.19702  -74.138612 -103.763365   -0.063    0.185  1
RGI60-19.02273     0.19640  -54.415717  -36.298514   -0.614    0.319  1
RGI60-19.00980     0.19561  -64.454062  -63.106335   -0.211    0.250  1
RGI60-19.00871     0.19560  -69.863477   38.976832   -0.159    0.199  1
RGI60-19.02539     0.19537  -54.771617  -35.825851    0.044    0.315  1
RGI60-19.00608     0.19513  -64.077310  -58.427213    0.220    0.253  1
RGI60-19.01360     0.19469  -73.880909 -103.166205   -0.228    0.245  1
RGI60-19.00770     0.19433  -74.138948 -103.636165    0.179    0.182  1
RGI60-19.02644     0.19425  -54.600301  -35.963567   -0.257    0.270  1
RGI60-19.02387     0.19424  -54.103116  -37.360174    0.111    0.356  1
RGI60-19.02587     0.19411  -54.883575  -36.102877   -0.181    0.632  1
RGI60-19.02465     0.19356  -54.254696  -37.349772   -0.378    0.371  1
RGI60-19.00976     0.19318  -64.500848  -62.969333   -0.170    0.252  1
RGI60-19.02710     0.19054  -54.259039  -36.786656   -0.015    0.304  1
RGI60-19.02495     0.19045  -54.210689  -37.328928   -0.995    0.542  1
RGI60-19.00367     0.18993  -77.501160  169.149092   -0.062    0.155  1
RGI60-19.01818     0.18941  -60.613970  -44.813912   -0.153    0.697  1
RGI60-19.01315     0.18891  -74.465170 -102.364058   -0.245    0.190  1
RGI60-19.02736     0.18840  -54.030906  -37.736515   -0.352    0.496  1
RGI60-19.01312     0.18758  -74.472351 -102.352483   -0.110    0.207  1
RGI60-19.01345     0.18718  -73.902939 -103.080302   -0.110    0.229  1
RGI60-19.01311     0.18677  -74.478074 -102.349844    0.167    0.238  1
RGI60-19.02548     0.18663  -54.791811  -35.954663    0.103    0.283  1
RGI60-19.02682     0.18583  -54.577010  -36.446915    0.009    0.391  1
RGI60-19.02724     0.18465  -54.336500  -36.996040    0.249    0.560  1
RGI60-19.02581     0.18459  -54.809437  -35.976732    0.007    0.508  1
RGI60-19.02501     0.18425  -54.229873  -37.281941   -0.532    0.539  1
RGI60-19.02500     0.18408  -54.124946  -37.098878   -0.858    0.385  1
RGI60-19.02378     0.18368  -54.065982  -37.214270   -0.320    0.379  1
RGI60-19.02348     0.18345  -54.141223  -37.685064    5.898    1.824  1
RGI60-19.00969     0.18273  -64.415214  -62.901871    0.223    0.275  1
RGI60-19.02312     0.18271  -54.325618  -36.284372   -0.645    0.276  1
RGI60-19.02634     0.18232  -54.838863  -35.989572    0.517    0.503  1
RGI60-19.02349     0.18192  -54.140197  -37.678020    0.145    0.635  1
RGI60-19.01036     0.18173  -65.237952  -64.305232    0.308    0.193  1
RGI60-19.02604     0.17969  -54.787215  -36.041026    0.453    0.423  1
RGI60-19.00972     0.17953  -64.516717  -62.885414    0.024    0.261  1
RGI60-19.02680     0.17916  -54.583053  -36.427883   -1.348    0.490  1
RGI60-19.02325     0.17902  -54.487364  -36.125161   -0.045    0.261  1
RGI60-19.02197     0.17890  -65.051988  -63.961912    0.043    0.386  1
RGI60-19.02300     0.17885  -54.471618  -36.712899    0.381    0.420  1
RGI60-19.00671     0.17819  -64.024302  -57.715266    0.068    0.163  1
RGI60-19.02297     0.17775  -54.462719  -36.555505   -0.238    0.477  1
RGI60-19.02288     0.17731  -54.491519  -36.176963    0.531    0.398  1
RGI60-19.01258     0.17729  -70.054669  -74.580929   -0.458    0.229  1
RGI60-19.01024     0.17704  -64.928625  -63.921055    0.511    0.232  1
RGI60-19.01825     0.17679  -60.717738  -45.027313   -2.707    0.792  1
RGI60-19.00364     0.17664  -77.491627  169.170004   -0.026    0.150  1
RGI60-19.01348     0.17610  -73.876174 -103.104599   -0.464    0.274  1
RGI60-19.02324     0.17478  -54.490501  -36.140679    0.080    0.280  1
RGI60-19.00906     0.17432  -67.100072   50.402725   -0.073    0.164  1
RGI60-19.02627     0.17428  -54.861805  -36.025440   -0.269    0.458  1
RGI60-19.01338     0.17422  -74.356909 -102.912897    0.339    0.202  1
RGI60-19.01382     0.17346  -73.622306 -103.310768   -1.117    0.376  1
RGI60-19.02364     0.17299  -54.078584  -37.161629   -0.768    0.466  1
RGI60-19.02218     0.17287  -64.611804  -62.326246    0.156    0.259  1
RGI60-19.01318     0.17255  -74.468033 -102.450686   -0.360    0.271  1
RGI60-19.01351     0.17248  -73.839257 -103.088356   -0.502    0.259  1
RGI60-19.00894     0.17213  -67.522659   47.681065   -0.032    0.191  1
RGI60-19.02339     0.17202  -54.028943  -37.566841   -0.534    0.555  1
RGI60-19.01375     0.17149  -74.148070 -103.685286   -0.215    0.197  1
RGI60-19.00393     0.17142  -77.497485  168.451804    0.075    0.162  1
RGI60-19.01125     0.17140  -66.404547  -66.408583    0.556    0.262  1
RGI60-19.02650     0.17096  -54.585097  -36.024286   -0.119    0.262  1
RGI60-19.01356     0.17080  -73.872966 -103.128770   -0.319    0.276  1
RGI60-19.01337     0.16990  -74.362408 -102.914097    0.367    0.206  1
RGI60-19.02635     0.16947  -54.852382  -36.005377   -0.150    0.297  1
RGI60-19.01395     0.16941  -73.984492 -104.241080   -0.183    0.223  1
RGI60-19.02373     0.16855  -54.165727  -37.649872    0.336    0.492  1
RGI60-19.02338     0.16849  -54.055682  -37.168391   -1.285    0.533  1
RGI60-19.00928     0.16799  -66.961264   57.507431    0.101    0.179  1
RGI60-19.00640     0.16768  -64.324434  -57.411394    0.187    0.207  1
RGI60-19.02326     0.16751  -54.483120  -36.145887   -0.152    0.279  1
RGI60-19.01627     0.16639  -49.539247   68.892465   -0.425    0.654  1
RGI60-19.00651     0.16625  -63.897045  -57.953061    0.014    0.165  1
RGI60-19.02247     0.16589  -54.518631  -36.500978   -0.669    0.354  1
RGI60-19.02270     0.16569  -54.439479  -36.288208   -1.299    0.464  1
RGI60-19.00504     0.16553  -73.478175  169.889426   -0.328    0.350  1
RGI60-19.01835     0.16548  -60.759523  -45.137576   -3.939    1.011  1
RGI60-19.02162     0.16409  -64.260553  -62.065000    0.366    0.413  1
RGI60-19.01147     0.16313  -67.833948  -67.074824   -0.052    0.167  1
RGI60-19.00453     0.16308  -78.079873  167.442435    0.096    0.162  1
RGI60-19.02686     0.16306  -54.308487  -36.550361   -0.966    0.439  1
RGI60-19.00452     0.16191  -78.077834  167.471725   -0.070    0.176  1
RGI60-19.01854     0.16102  -60.637555  -45.266470   -0.093    0.375  1
RGI60-19.00926     0.16020  -64.285510  -61.071367   -0.097    0.222  1
RGI60-19.02436     0.15996  -54.010194  -37.921102   -0.264    0.498  1
RGI60-19.00627     0.15991  -64.360109  -57.592146   -0.131    0.183  1
RGI60-19.01408     0.15977  -66.673041  108.400253    0.381    0.285  1
RGI60-19.01679     0.15960  -49.087310   69.083933    1.009    0.908  1
RGI60-19.00570     0.15937  -63.428138  -56.289014    0.183    0.258  1
RGI60-19.00479     0.15893  -78.210965  166.413030    0.067    0.155  1
RGI60-19.02631     0.15880  -54.843330  -35.991750   -0.702    0.443  1
RGI60-19.02640     0.15788  -54.874050  -36.066533   -0.154    0.315  1
RGI60-19.02415     0.15735  -54.093829  -37.695175    1.399    1.035  1
RGI60-19.00912     0.15732  -63.613324  -59.839462   -0.535    0.370  1
RGI60-19.02578     0.15699  -54.796212  -35.979193   -0.078    0.277  1
RGI60-19.00729     0.15644  -64.901454  -63.840322    0.114    0.246  1
RGI60-19.01223     0.15637  -68.580220  -68.069693   -0.238    0.175  1
RGI60-19.02231     0.15545  -67.862365  -66.905256    0.180    0.311  1
RGI60-19.01850     0.15542  -60.632111  -45.320923   -0.732    0.371  1
RGI60-19.01038     0.15395  -65.234714  -64.326028    0.070    0.183  1
RGI60-19.00360     0.15372  -77.489826  169.334422   -0.262    0.176  1
RGI60-19.01066     0.15371  -65.507393  -65.450379   -0.119    0.194  1
RGI60-19.02513     0.15342  -54.190543  -36.816189    0.220    0.317  1
RGI60-19.02504     0.15339  -54.128806  -37.056476    0.295    0.364  1
RGI60-19.00463     0.15338  -78.163765  166.534647   -0.020    0.154  1
RGI60-19.00624     0.15328  -63.924737  -58.252759    0.348    0.275  1
RGI60-19.00648     0.15324  -64.366969  -57.315626    0.004    0.196  1
RGI60-19.01622     0.15291  -49.464530   68.993674    0.273    0.605  1
RGI60-19.02460     0.15283  -54.102224  -37.045123    0.078    0.278  1
RGI60-19.01352     0.14967  -73.834164 -103.079978   -1.138    0.415  1
RGI60-19.00700     0.14947  -63.979154  -57.583850    0.032    0.176  1
RGI60-19.01374     0.14911  -74.168715 -103.686561   -0.182    0.187  1
RGI60-19.00885     0.14904  -69.881868   39.035870    0.390    0.198  1
RGI60-19.00695     0.14840  -63.809136  -57.900004   -0.018    0.173  1
RGI60-19.02454     0.14837  -54.159122  -37.565225    0.541    0.424  1
RGI60-19.02177     0.14745  -64.102917  -62.085175   -0.586    0.404  1
RGI60-19.02080     0.14718  -62.909241  -60.667784   -0.070    0.300  1
RGI60-19.00466     0.14690  -78.180540  166.542579   -0.042    0.163  1
RGI60-19.00510     0.14660  -73.627554  169.666656   -0.517    0.505  1
RGI60-19.00947     0.14654  -67.110656   58.381924    0.081    0.179  1
RGI60-19.00696     0.14604  -63.879741  -57.778752    0.289    0.195  1
RGI60-19.01901     0.14599  -60.696934  -45.624629   -0.071    0.195  1
RGI60-19.01111     0.14568  -65.929815  -65.644210   -0.116    0.186  1
RGI60-19.02597     0.14513  -54.790267  -35.845212   -0.175    0.361  1
RGI60-19.01562     0.14492  -49.534485   69.496373    0.069    0.231  1
RGI60-19.02538     0.14474  -54.795600  -35.994396    0.018    0.440  1
RGI60-19.00500     0.14361  -78.290749  166.269867   -0.046    0.158  1
RGI60-19.01207     0.14257  -68.705710  -67.506945   -0.006    0.266  1
RGI60-19.01500     0.14251  -66.270150  162.352350    0.872    0.316  1
RGI60-19.00368     0.14235  -77.494405  168.956894   -0.052    0.158  1
RGI60-19.01195     0.14214  -68.113820  -67.372564    0.073    0.193  1
RGI60-19.02077     0.14194  -62.959872  -60.733105    0.677    0.395  1
RGI60-19.01790     0.14162  -60.681980  -44.645367   -0.283    0.338  1
RGI60-19.02419     0.14156  -54.030272  -37.642002    0.052    0.901  1
RGI60-19.01817     0.14120  -60.735262  -44.790356    0.250    0.278  1
RGI60-19.01322     0.14101  -74.418847 -102.491212   -0.142    0.251  1
RGI60-19.00389     0.14066  -77.492719  168.581907   -0.069    0.173  1
RGI60-19.01660     0.14032  -49.199048   69.085358    0.364    0.293  1
RGI60-19.01254     0.13985  -70.106555  -74.496524   -1.271    0.401  1
RGI60-19.00807     0.13958  -69.005364   39.591135    0.099    0.194  1
RGI60-19.00686     0.13947  -63.818843  -57.955016    0.065    0.175  1
RGI60-19.00769     0.13865  -74.366928 -102.898252   -0.233    0.203  1
RGI60-19.02517     0.13835  -54.192504  -36.754770   -0.476    0.292  1
RGI60-19.02626     0.13832  -54.861477  -35.984696    0.667    0.687  1
RGI60-19.02705     0.13831  -54.349958  -36.962686    1.639    0.678  1
RGI60-19.02166     0.13736  -64.263266  -62.026671   -0.216    0.551  1
RGI60-19.01884     0.13671  -60.643838  -45.557419   -0.081    0.329  1
RGI60-19.02630     0.13573  -54.846832  -35.999470   -0.546    0.428  1
RGI60-19.02375     0.13530  -54.068644  -37.603826   -0.108    0.372  1
RGI60-19.01241     0.13525  -69.110692  -68.703214    0.058    0.169  1
RGI60-19.02542     0.13501  -54.802240  -36.068786    0.465    0.665  1
RGI60-19.00513     0.13497  -69.068020   39.619387   -0.194    0.203  1
RGI60-19.00860     0.13484  -69.276052   39.650950   -0.033    0.180  1
RGI60-19.01998     0.13476  -62.312316  -58.842099   -0.461    0.379  1
RGI60-19.02185     0.13413  -64.652039  -62.044676   -0.083    0.239  1
RGI60-19.02078     0.13302  -62.934546  -60.721428    0.329    0.353  1
RGI60-19.01074     0.13295  -65.777019  -65.223411   -0.395    0.257  1
RGI60-19.02645     0.13284  -54.592427  -36.045295    0.055    0.249  1
RGI60-19.01380     0.13261  -74.136380 -103.740184    0.084    0.193  1
RGI60-19.02502     0.13203  -54.097065  -36.889016    0.127    0.389  1
RGI60-19.02402     0.13200  -54.098028  -37.192055   -0.255    0.539  1
RGI60-19.02521     0.13181  -54.220852  -37.272489   -2.891    1.952  1
RGI60-19.02612     0.13161  -54.802458  -36.111595   -0.484    0.590  1
RGI60-19.00812     0.13071  -68.995125   39.584746   -0.119    0.202  1
RGI60-19.01394     0.13062  -73.990398 -104.226298   -0.024    0.223  1
RGI60-19.00614     0.13047  -64.066820  -58.257611    0.151    0.187  1
RGI60-19.02492     0.13031  -54.229942  -37.266457   -0.137    0.748  1
RGI60-19.01501     0.13022  -56.300983  -27.569546    0.748    0.543  1
RGI60-19.02201     0.13018  -65.097155  -64.000499   -1.223    0.683  1
RGI60-19.01196     0.12971  -68.354468  -67.155089    0.160    0.171  1
RGI60-19.00801     0.12924  -69.019919   39.435768    0.024    0.183  1
RGI60-19.02675     0.12923  -54.654691  -36.113170    1.546    0.769  1
RGI60-19.00771     0.12890  -73.991669 -104.193393    0.023    0.206  1
RGI60-19.00942     0.12837  -64.195701  -62.073989   -0.200    0.244  1
RGI60-19.02430     0.12818  -54.028335  -37.835968    2.043    1.287  1
RGI60-19.01511     0.12753  -57.086848  -26.656700   -2.068    1.796  1
RGI60-19.02215     0.12688  -64.603506  -62.303218    1.018    0.540  1
RGI60-19.01462     0.12644  -66.770479  141.582965   -0.011    0.175  1
RGI60-19.01927     0.12628  -62.220788  -58.461155    0.235    0.391  1
RGI60-19.02731     0.12618  -54.015897  -37.912779    0.147    0.431  1
RGI60-19.01208     0.12587  -68.700230  -67.513701    0.094    0.220  1
RGI60-19.00954     0.12562  -64.486334  -62.497320    0.512    0.328  1
RGI60-19.02668     0.12498  -54.668102  -35.999269   -0.418    0.307  1
RGI60-19.01826     0.12492  -60.715676  -45.034599   -3.833    1.254  1
RGI60-19.00833     0.12488  -68.128443   42.819407   -0.043    0.192  1
RGI60-19.02642     0.12484  -54.596889  -35.958841   -0.409    0.353  1
RGI60-19.01392     0.12478  -73.990660 -104.212275    0.171    0.223  1
RGI60-19.02321     0.12471  -54.492121  -36.107430    0.074    0.285  1
RGI60-19.01499     0.12454  -66.269673  162.326722   -0.097    0.377  1
RGI60-19.02641     0.12368  -54.877830  -36.055424   -0.255    0.633  1
RGI60-19.02602     0.12299  -54.809670  -35.926902   -0.300    0.367  1
RGI60-19.02081     0.12274  -62.907052  -60.660037    0.160    0.422  1
RGI60-19.00043     0.12263  -67.666259  -68.533834   -0.263    0.270  1
RGI60-19.01548     0.12213  -49.366001   69.284225   -0.051    0.400  1
RGI60-19.01358     0.12177  -73.836596 -103.107570   -0.151    0.254  1
RGI60-19.00899     0.12164  -67.293742   48.937244   -0.205    0.183  1
RGI60-19.00508     0.12072  -73.619859  169.663950   -0.992    0.555  1
RGI60-19.01493     0.12054  -66.856960  163.326624    0.227    0.282  1
RGI60-19.00851     0.12040  -68.018261   43.415004    0.167    0.199  1
RGI60-19.00552     0.12035  -69.360367   76.300783    0.003    0.176  1
RGI60-19.02168     0.11980  -64.253330  -62.015058   -0.598    0.724  1
RGI60-19.01314     0.11951  -74.484174 -102.371785   -0.222    0.217  1
RGI60-19.00750     0.11941  -69.450563   75.762617    0.016    0.174  1
RGI60-19.00855     0.11865  -69.252017   39.663202   -0.099    0.188  1
RGI60-19.00803     0.11836  -69.035686   39.532659    0.018    0.198  1
RGI60-19.00399     0.11813  -77.531345  167.238672   -0.010    0.174  1
RGI60-19.01799     0.11796  -60.699743  -44.546548   -0.620    0.392  1
RGI60-19.01357     0.11753  -73.839731 -103.101344   -0.226    0.251  1
RGI60-19.00964     0.11748  -64.423784  -62.867259    0.542    0.423  1
RGI60-19.01192     0.11683  -68.178637  -67.272694   -0.094    0.202  1
RGI60-19.02469     0.11637  -54.190260  -36.744206   -0.151    0.251  1
RGI60-19.00631     0.11635  -64.006232  -57.958926    0.086    0.292  1
RGI60-19.00582     0.11633  -63.892149  -57.564187    0.107    0.178  1
RGI60-19.02379     0.11623  -54.074381  -37.157273   -1.043    0.500  1
RGI60-19.00549     0.11595  -69.362992   76.136083   -0.023    0.196  1
RGI60-19.02624     0.11574  -54.685415  -36.311559   -0.902    0.618  1
RGI60-19.02426     0.11565  -54.027824  -37.848792   -0.302    0.446  1
RGI60-19.00488     0.11559  -78.235050  166.649052   -0.143    0.180  1
RGI60-19.02076     0.11521  -62.963966  -60.732260    0.221    0.369  1
RGI60-19.00958     0.11508  -64.326389  -62.872502   -0.610    0.346  1
RGI60-19.02503     0.11497  -54.159257  -36.836826   -0.123    0.315  1
RGI60-19.02205     0.11397  -65.088577  -63.982694    0.641    0.587  1
RGI60-19.01647     0.11393  -49.361149   69.279806   -0.071    0.405  1
RGI60-19.00517     0.11360  -63.690818  -57.451616    0.050    0.185  1
RGI60-19.02440     0.11349  -54.019175  -37.727853    1.508    0.929  1
RGI60-19.02629     0.11334  -54.850544  -35.954802   -0.110    0.440  1
RGI60-19.01587     0.11331  -49.550393   68.987371   -0.304    0.440  1
RGI60-19.00834     0.11293  -68.128775   42.831171    0.206    0.207  1
RGI60-19.02714     0.11285  -54.344542  -36.598599   -0.160    0.319  1
RGI60-19.01158     0.11283  -68.136287  -67.117547    0.125    0.188  1
RGI60-19.00460     0.11240  -78.146941  166.360014   -0.023    0.161  1
RGI60-19.02180     0.11238  -64.098624  -62.060758   -1.102    0.580  1
RGI60-19.02473     0.11233  -54.127171  -36.717474   -0.519    0.345  1
RGI60-19.02712     0.11222  -54.304954  -36.689898    0.863    0.483  1
RGI60-19.01231     0.11171  -68.338098  -68.993893   -0.270    0.210  1
RGI60-19.02362     0.11161  -54.087526  -37.164081    0.210    0.506  1
RGI60-19.01608     0.11159  -49.592680   69.464697   -0.073    0.368  1
RGI60-19.02422     0.11125  -54.025565  -37.632518   -1.759    1.077  1
RGI60-19.00662     0.11085  -64.270799  -57.375102    0.004    0.368  1
RGI60-19.02444     0.11051  -54.002073  -37.701583   -0.269    0.386  1
RGI60-19.00373     0.11047  -77.536818  169.231996    0.042    0.204  1
RGI60-19.00457     0.11035  -78.118871  166.080427   -0.014    0.155  1
RGI60-19.01025     0.11000  -64.939143  -63.916826    1.296    0.506  1
RGI60-19.02574     0.10995  -54.782436  -35.994164   -1.137    0.676  1
RGI60-19.01142     0.10974  -67.676995  -67.052094    0.154    0.244  1
RGI60-19.02267     0.10944  -54.507962  -36.130597   -0.204    0.310  1
RGI60-19.00044     0.10937  -67.662773  -68.513867   -0.205    0.311  1
RGI60-19.02708     0.10916  -54.262455  -36.827478   -0.090    0.451  1
RGI60-19.00805     0.10902  -69.020895   39.563495   -0.092    0.202  1
RGI60-19.00763     0.10873  -69.190445   77.000100   -0.103    0.192  1
RGI60-19.00637     0.10784  -63.909834  -58.016094    0.084    0.184  1
RGI60-19.00649     0.10766  -64.344307  -57.344683   -0.106    0.214  1
RGI60-19.02383     0.10742  -54.037444  -37.499169   -0.350    0.464  1
RGI60-19.01226     0.10727  -68.580183  -68.090993   -0.103    0.181  1
RGI60-19.02566     0.10605  -54.762143  -36.104128   -0.686    0.591  1
RGI60-19.02628     0.10561  -54.852204  -35.952113   -1.292    0.765  1
RGI60-19.00448     0.10548  -78.050300  167.408981    0.055    0.173  1
RGI60-19.02404     0.10544  -54.125845  -37.441041    1.248    0.900  1
RGI60-19.01116     0.10486  -65.927032  -65.783383   -0.255    0.202  1
RGI60-19.00773     0.10484  -73.992317 -114.953753   -0.632    0.534  1
RGI60-19.02181     0.10456  -64.089804  -62.057482   -0.315    0.301  1
RGI60-19.00864     0.10455  -69.643063   38.809728    0.260    0.217  1
RGI60-19.02684     0.10454  -54.450607  -36.799977   -0.624    0.500  1
RGI60-19.00632     0.10444  -64.314491  -57.487659    0.081    0.492  1
RGI60-19.02654     0.10415  -54.584524  -36.054252    0.100    0.347  1
RGI60-19.00994     0.10383  -64.310959  -63.660145   -0.759    0.588  1
RGI60-19.02638     0.10374  -54.874516  -36.059619    0.595    0.670  1
RGI60-19.01023     0.10361  -64.911334  -63.917494    0.170    0.236  1
RGI60-19.01649     0.10294  -49.344824   69.228982    0.149    0.520  1
RGI60-19.00410     0.10281  -77.546278  166.175784   -0.002    0.166  1
RGI60-19.02315     0.10241  -54.281300  -36.312642   -0.194    0.375  1
RGI60-19.02467     0.10189  -54.069904  -36.992851   -0.960    0.832  1
RGI60-19.01509     0.10183  -57.075413  -26.657634   -1.176    0.468  1
RGI60-19.02595     0.10181  -54.800918  -36.079909    0.042    0.736  1
RGI60-19.00985     0.10180  -64.241021  -63.472765    0.304    0.300  1
RGI60-19.01654     0.10149  -49.254268   69.201899    0.466    0.355  1
RGI60-19.01120     0.10139  -66.099437  -65.730300    0.297    0.262  1
RGI60-19.02394     0.10136  -54.082891  -37.275863   -0.499    0.504  1
RGI60-19.02590     0.10087  -54.747558  -35.881268    0.253    0.392  1
RGI60-19.00674     0.10084  -63.910868  -57.872389    0.146    0.188  1
RGI60-19.02652     0.09966  -54.581000  -36.058622   -0.193    0.450  1
RGI60-19.01621     0.09928  -49.439198   69.012102   -0.933    0.989  1
RGI60-19.00008     0.09926  -67.859663  -67.234496   -0.158    0.332  1
RGI60-19.00712     0.09897  -65.082402  -60.220111    0.040    0.270  1
RGI60-19.00483     0.09847  -78.232347  166.687369   -0.154    0.170  1
RGI60-19.00911     0.09784  -64.201862  -58.395595    0.011    0.277  1
RGI60-19.02571     0.09771  -54.780247  -35.864466   -0.332    0.384  1
RGI60-19.00487     0.09725  -78.233343  166.620664   -0.094    0.184  1
RGI60-19.00475     0.09699  -78.216993  166.634069   -0.104    0.187  1
RGI60-19.00381     0.09639  -77.502276  167.108564    0.009    0.228  1
RGI60-19.00361     0.09605  -77.486134  169.244439    0.019    0.163  1
RGI60-19.02637     0.09603  -54.802374  -36.003627   -0.112    0.541  1
RGI60-19.02520     0.09562  -54.225851  -37.277653    0.200    1.101  1
RGI60-19.01648     0.09532  -49.344266   69.237532   -0.444    0.531  1
RGI60-19.02695     0.09486  -54.354064  -36.980662    0.521    0.579  1
RGI60-19.02253     0.09468  -54.516498  -36.490700   -0.103    0.359  1
RGI60-19.01867     0.09412  -60.687630  -45.154442   -2.353    0.813  1
RGI60-19.01166     0.09354  -67.452204  -67.926067   -0.174    0.296  1
RGI60-19.00641     0.09348  -63.903108  -58.007254    0.165    0.192  1
RGI60-19.02251     0.09345  -54.377640  -36.438968   -0.031    0.229  1
RGI60-19.01680     0.09322  -49.073933   69.107201   -1.112    0.775  1
RGI60-19.02353     0.09298  -54.072085  -37.210827    0.019    0.479  1
RGI60-19.01256     0.09261  -70.129417  -74.503772   -1.702    0.656  1
RGI60-19.01870     0.09235  -60.733085  -45.175906   -2.224    0.722  1
RGI60-19.01186     0.09185  -68.177223  -67.260501    0.192    0.215  1
RGI60-19.01674     0.09148  -49.099429   68.920443   -3.154    1.176  1
RGI60-19.01215     0.09141  -68.410036  -68.081852   -0.025    0.200  1
RGI60-19.00480     0.09140  -78.207298  166.296521   -0.034    0.174  1
RGI60-19.01272     0.09084  -69.394574   76.280158   -0.095    0.235  1
RGI60-19.01157     0.09060  -68.112580  -67.135146    0.041    0.250  1
RGI60-19.01145     0.09059  -67.808497  -66.928813    0.231    0.311  1
RGI60-19.02742     0.09048  -54.012092  -37.930920   -0.866    0.595  1
RGI60-19.00642     0.09033  -63.876856  -58.040137    0.035    0.222  1
RGI60-19.00403     0.09002  -77.539434  167.067184    0.097    0.238  1
RGI60-19.01222     0.08967  -68.585452  -68.062168   -0.005    0.174  1
RGI60-19.01210     0.08956  -68.694075  -67.527040    0.101    0.186  1
RGI60-19.00379     0.08949  -77.497155  167.091318    0.019    0.218  1
RGI60-19.02550     0.08909  -54.856256  -36.101936   -6.060    2.022  1
RGI60-19.01178     0.08879  -68.389882  -66.981352    0.077    0.187  1
RGI60-19.01135     0.08878  -67.247994  -66.825268    0.078    0.220  1
RGI60-19.00846     0.08831  -68.004645   43.440171   -0.038    0.201  1
RGI60-19.01881     0.08792  -60.665537  -45.474821   -0.149    0.214  1
RGI60-19.00538     0.08774  -68.109353  -67.362136   -0.014    0.220  1
RGI60-19.02285     0.08767  -54.501899  -36.131559   -0.162    0.438  1
RGI60-19.01140     0.08748  -67.699683  -67.095462    0.304    0.338  1
RGI60-19.02632     0.08722  -54.838168  -35.997934    0.116    0.469  1
RGI60-19.02729     0.08659  -54.489760  -37.081558    0.134    0.862  1
RGI60-19.02319     0.08645  -54.499612  -36.153602   -0.019    0.290  1
RGI60-19.02239     0.08618  -68.142586  -67.231480   -0.219    0.308  1
RGI60-19.00599     0.08602  -64.215470  -56.631807    0.242    0.208  1
RGI60-19.02541     0.08591  -54.772924  -35.837891   -0.180    0.349  1
RGI60-19.01296     0.08581  -66.545899   92.548549   -0.172    0.197  1
RGI60-19.00439     0.08576  -67.456684   60.947716   -0.186    0.241  1
RGI60-19.01438     0.08572  -71.953397  171.099503    1.492    0.628  1
RGI60-19.02257     0.08553  -54.423481  -36.281457   -0.769    0.510  1
RGI60-19.00580     0.08549  -63.611927  -57.337797   -0.040    0.180  1
RGI60-19.02371     0.08481  -54.125474  -37.651019    0.277    0.550  1
RGI60-19.02400     0.08445  -54.101568  -37.190561   -0.659    0.574  1
RGI60-19.00438     0.08436  -64.920449  -63.962579   -0.170    0.257  1
RGI60-19.00502     0.08402  -73.331143  169.727186    0.864    0.591  1
RGI60-19.00572     0.08396  -63.155672  -55.486302   -0.649    0.328  1
RGI60-19.00948     0.08386  -67.135889   58.405180    0.138    0.189  1
RGI60-19.01008     0.08369  -64.434094  -63.897783   -2.051    0.893  1
RGI60-19.02532     0.08328  -54.258596  -37.391582   -0.611    0.631  1
RGI60-19.00357     0.08315  -77.481607  169.297171   -0.115    0.171  1
RGI60-19.00108     0.08260  -71.583693  -68.280301    0.457    0.295  1
RGI60-19.00490     0.08141  -78.236349  166.561699    0.003    0.173  1
RGI60-19.02435     0.08134  -54.010650  -37.894229    0.370    0.524  1
RGI60-19.00583     0.08110  -63.809188  -57.621007    0.075    0.260  1
RGI60-19.01444     0.08073  -66.674245  140.009886    0.147    0.196  1
RGI60-19.02323     0.08047  -54.493262  -36.149577   -0.318    0.341  1
RGI60-19.00584     0.08044  -63.895220  -57.375109    0.030    0.218  1
RGI60-19.00394     0.08019  -77.500208  168.479807    0.079    0.198  1
RGI60-19.00957     0.08015  -64.322985  -62.875023   -0.432    0.288  1
RGI60-19.01209     0.08012  -68.685813  -67.533997    0.261    0.200  1
RGI60-19.00474     0.08008  -78.200208  166.331073   -0.011    0.178  1
RGI60-19.01114     0.07955  -65.888592  -65.778443    0.458    0.367  1
RGI60-19.02091     0.07900  -62.936988  -60.712164   -0.339    0.766  1
RGI60-19.02229     0.07888  -67.859541  -66.955169   -0.344    0.384  1
RGI60-19.00406     0.07876  -77.533234  166.171973    0.013    0.171  1
RGI60-19.01234     0.07874  -68.990252  -68.475597    0.174    0.198  1
RGI60-19.00359     0.07820  -77.475093  169.033167   -0.070    0.176  1
RGI60-19.00895     0.07805  -67.553196   47.742391   -0.114    0.262  1
RGI60-19.02337     0.07803  -54.053526  -37.157456   -0.164    0.342  1
RGI60-19.00380     0.07800  -77.493873  166.970635    0.003    0.191  1
RGI60-19.02716     0.07798  -54.290172  -36.638873   -0.149    0.317  1
RGI60-19.00835     0.07784  -68.132910   42.820636    0.002    0.204  1
RGI60-19.02737     0.07740  -54.843045  -35.984652   -0.051    0.542  1
RGI60-19.01097     0.07696  -65.818775  -65.681246   -0.312    0.265  1
RGI60-19.00903     0.07688  -67.517807   48.513743   -0.330    0.226  1
RGI60-19.00388     0.07684  -77.480578  168.743911   -0.057    0.168  1
RGI60-19.02313     0.07662  -54.339185  -36.307536   -0.196    0.353  1
RGI60-19.01564     0.07592  -49.542112   69.503169   -0.125    0.254  1
RGI60-19.02250     0.07569  -54.378217  -36.429443   -0.041    0.291  1
RGI60-19.00804     0.07553  -69.020219   39.573897   -0.070    0.208  1
RGI60-19.02372     0.07550  -54.162960  -37.652989   -0.064    0.696  1
RGI60-19.01688     0.07531  -49.087399   69.130624    0.068    0.436  1
RGI60-19.00235     0.07506  -64.119055  -62.158868   -0.398    0.665  1
RGI60-19.02636     0.07500  -54.812839  -36.043828    0.510    0.510  1
RGI60-19.01862     0.07464  -60.669632  -45.181997   -2.387    0.963  1
RGI60-19.00548     0.07433  -69.368731   76.134626    0.046    0.188  1
RGI60-19.00666     0.07432  -64.030703  -57.714425   -0.009    0.177  1
RGI60-19.02335     0.07409  -54.074496  -37.144672    0.302    0.465  1
RGI60-19.02431     0.07394  -54.031812  -37.876393    0.611    0.771  1
RGI60-19.02658     0.07334  -54.646385  -35.963811    0.897    0.572  1
RGI60-19.01177     0.07300  -68.354095  -67.022394    0.151    0.315  1
RGI60-19.02462     0.07300  -54.077617  -37.036128   -0.289    0.547  1
RGI60-19.02591     0.07289  -54.744294  -35.876445    0.179    0.519  1
RGI60-19.00684     0.07268  -63.913416  -57.825195   -0.111    0.198  1
RGI60-19.01602     0.07262  -49.402225   69.150791   -0.551    0.698  1
RGI60-19.01240     0.07262  -69.104240  -68.671498    0.005    0.188  1
RGI60-19.01911     0.07216  -60.724334  -45.647505   -0.074    0.318  1
RGI60-19.02537     0.07192  -54.797081  -36.000559    0.240    0.594  1
RGI60-19.00382     0.07185  -77.506729  167.075972    0.005    0.239  1
RGI60-19.02249     0.07181  -54.384169  -36.325197   -0.411    0.386  1
RGI60-19.02320     0.07138  -54.495675  -36.065508   -0.199    0.453  1
RGI60-19.00655     0.07126  -64.032726  -57.735768    0.043    0.184  1
RGI60-19.00541     0.07118  -67.732639  -68.395000    0.310    0.352  1
RGI60-19.00901     0.07108  -67.296460   48.960560   -0.190    0.195  1
RGI60-19.00935     0.07017  -64.345156  -61.560978    0.091    0.225  1
RGI60-19.01092     0.06970  -65.527975  -65.845784    0.194    0.269  1
RGI60-19.01171     0.06955  -68.203876  -67.099410   -0.246    0.236  1
RGI60-19.00825     0.06947  -69.084453   39.521399   -0.092    0.220  1
RGI60-19.01910     0.06931  -60.727375  -45.645878    0.184    0.254  1
RGI60-19.02237     0.06909  -68.143623  -67.240955   -0.028    0.277  1
RGI60-19.00718     0.06906  -64.515320  -61.501768   -0.131    0.381  1
RGI60-19.00888     0.06899  -69.972246   38.745226   -0.064    0.202  1
RGI60-19.02563     0.06898  -54.745915  -36.093786    0.082    0.615  1
RGI60-19.00839     0.06867  -68.031524   43.251684   -0.063    0.200  1
RGI60-19.02220     0.06866  -65.608737  -64.561792    0.291    0.400  1
RGI60-19.00854     0.06848  -68.016978   43.455440   -0.122    0.236  1
RGI60-19.00702     0.06837  -63.974382  -57.559201   -0.061    0.214  1
RGI60-19.01159     0.06820  -68.130618  -67.124663    0.062    0.199  1
RGI60-19.02263     0.06806  -54.535080  -36.142261    0.549    0.500  1
RGI60-19.00983     0.06796  -64.230371  -63.475502    0.185    0.293  1
RGI60-19.02540     0.06789  -54.866405  -35.974165   -0.222    0.615  1
RGI60-19.01153     0.06788  -68.198792  -66.973604    0.188    0.209  1
RGI60-19.00613     0.06768  -64.002923  -58.353481   -0.075    0.461  1
RGI60-19.02262     0.06730  -54.544897  -36.113891   -1.756    0.878  1
RGI60-19.01522     0.06726  -59.435149  -27.097171    1.498    0.950  1
RGI60-19.00547     0.06702  -69.372099   76.144335   -0.166    0.222  1
RGI60-19.01909     0.06693  -60.731091  -45.650262    0.151    0.269  1
RGI60-19.01000     0.06676  -64.420234  -63.688523   -1.762    1.064  1
RGI60-19.00628     0.06665  -64.024880  -58.063579   -0.764    0.579  1
RGI60-19.02082     0.06655  -62.904689  -60.655543    0.530    0.647  1
RGI60-19.01286     0.06636  -69.200635   76.724542   -0.182    0.221  1
RGI60-19.02341     0.06596  -54.043097  -37.475358   -0.090    0.540  1
RGI60-19.01672     0.06496  -49.130199   68.983382   -1.893    1.539  1
RGI60-19.01460     0.06483  -66.762408  141.549096   -0.374    0.251  1
RGI60-19.00366     0.06477  -77.506684  169.274825   -0.074    0.174  1
RGI60-19.01246     0.06398  -69.652988  -71.767860   -0.274    0.258  1
RGI60-19.01897     0.06396  -60.634661  -46.012143    1.019    0.482  1
RGI60-19.01908     0.06388  -60.734146  -45.647942    0.151    0.416  1
RGI60-19.02330     0.06325  -54.421941  -36.230531   -0.481    0.452  1
RGI60-19.02141     0.06314  -68.837141  -90.560445    7.807    4.191  1
RGI60-19.00875     0.06302  -69.868659   39.004038   -0.230    0.247  1
RGI60-19.02398     0.06298  -54.111254  -37.172362    0.272    0.496  1
RGI60-19.00586     0.06239  -63.820487  -57.328016   -0.097    0.201  1
RGI60-19.00569     0.06238  -69.847621   39.094148    0.119    0.206  1
RGI60-19.00965     0.06180  -64.313316  -62.996597   -0.226    0.269  1
RGI60-19.02322     0.06125  -54.495217  -36.150556   -0.050    0.286  1
RGI60-19.01152     0.06099  -68.056909  -67.133437   -0.239    0.267  1
RGI60-19.00557     0.06025  -68.823646   77.700397   -0.073    0.215  1
RGI60-19.01182     0.06000  -68.357394  -67.030363   -0.865    0.491  1
RGI60-19.00733     0.05991  -65.855521  -65.072985    0.154    0.214  1
RGI60-19.01005     0.05978  -64.945222  -63.236451   -0.481    0.401  1
RGI60-19.00046     0.05966  -67.658906  -68.480842   -1.091    0.719  1
RGI60-19.02421     0.05937  -54.027818  -37.625644    0.865    0.896  1
RGI60-19.00974     0.05933  -64.493545  -62.955895    0.269    0.451  1
RGI60-19.00883     0.05914  -69.862545   39.088955    0.039    0.210  1
RGI60-19.01185     0.05891  -68.100740  -67.338184    0.060    0.233  1
RGI60-19.00018     0.05880  -67.657159  -67.697318   -0.004    0.299  1
RGI60-19.01225     0.05878  -68.577255  -68.080395   -0.165    0.198  1
RGI60-19.02575     0.05871  -54.777643  -36.012336    0.220    0.629  1
RGI60-19.00961     0.05861  -64.350820  -62.935125   -0.366    0.292  1
RGI60-19.01219     0.05858  -68.586152  -68.028768   -0.097    0.186  1
RGI60-19.00636     0.05854  -63.954119  -57.950833    0.020    0.197  1
RGI60-19.00850     0.05816  -68.025187   43.387957   -0.307    0.229  1
RGI60-19.02102     0.05808  -63.005277  -60.592748    0.199    0.572  1
RGI60-19.02535     0.05793  -54.804304  -35.994367   -1.028    0.951  1
RGI60-19.00687     0.05786  -63.909181  -57.813749   -0.069    0.222  1
RGI60-19.02317     0.05772  -54.508085  -36.122734    0.628    0.606  1
RGI60-19.00841     0.05726  -68.029128   43.262824   -0.192    0.232  1
RGI60-19.00859     0.05724  -68.036621   43.456943    0.217    0.240  1
RGI60-19.00898     0.05669  -67.627378   48.018762   -0.120    0.221  1
RGI60-19.00564     0.05662  -75.700419  162.831423    0.120    0.213  1
RGI60-19.00524     0.05622  -64.650017  -62.072871   -0.156    0.282  1
RGI60-19.01478     0.05617  -66.872147  143.255215   -0.251    0.234  1
RGI60-19.01443     0.05601  -66.672357  139.943500   -0.024    0.196  1
RGI60-19.02655     0.05601  -54.577900  -36.057149   -0.345    0.537  1
RGI60-19.01151     0.05578  -68.061830  -67.122801   -0.010    0.204  1
RGI60-19.02304     0.05571  -54.359877  -36.296553   -0.098    0.284  1
RGI60-19.01244     0.05549  -68.747295  -70.470734   -1.097    0.533  1
RGI60-19.00995     0.05535  -64.310122  -63.674300    0.904    0.645  1
RGI60-19.02439     0.05534  -53.986252  -37.728706    1.014    0.612  1
RGI60-19.02560     0.05533  -54.760687  -35.853081   -0.492    0.677  1
RGI60-19.00672     0.05526  -63.937385  -57.839863    0.008    0.236  1
RGI60-19.00962     0.05523  -64.420822  -62.855517    3.640    1.571  1
RGI60-19.02482     0.05507  -54.228610  -36.832940    0.341    0.407  1
RGI60-19.01887     0.05499  -60.655863  -45.687080    0.458    0.439  1
RGI60-19.00981     0.05477  -64.239892  -63.357491    0.524    0.428  1
RGI60-19.01496     0.05476  -66.545218  162.755949    1.146    0.691  1
RGI60-19.02277     0.05466  -54.425037  -36.250810   -0.135    0.467  1
RGI60-19.02246     0.05465  -54.413884  -36.252224   -0.096    0.347  1
RGI60-19.00291     0.05461  -64.626031  -63.112223    1.075    1.083  1
RGI60-19.01287     0.05448  -68.804111   77.866876   -0.024    0.240  1
RGI60-19.00938     0.05444  -67.020022   57.812374   -0.056    0.208  1
RGI60-19.00536     0.05444  -68.204619  -66.720613   -0.280    0.260  1
RGI60-19.00979     0.05441  -64.242017  -63.339702    0.205    0.336  1
RGI60-19.01188     0.05433  -68.379783  -67.030741    0.218    0.312  1
RGI60-19.01227     0.05388  -68.575233  -68.103292   -0.175    0.210  1
RGI60-19.00703     0.05384  -63.795325  -57.804310    0.066    0.197  1
RGI60-19.00699     0.05380  -63.983780  -57.592974    0.132    0.204  1
RGI60-19.00818     0.05378  -69.048802   39.580464    0.090    0.236  1
RGI60-19.02673     0.05356  -54.638136  -35.961265    0.177    0.367  1
RGI60-19.00568     0.05340  -68.045296   43.572275    0.008    0.197  1
RGI60-19.01181     0.05327  -68.373832  -67.010969    0.044    0.390  1
RGI60-19.01583     0.05317  -49.554228   68.941491    1.009    0.716  1
RGI60-19.00105     0.05307  -71.496839  -68.233201    0.185    0.427  1
RGI60-19.00900     0.05303  -67.293849   48.951560   -0.094    0.205  1
RGI60-19.02069     0.05297  -63.003230  -60.567299    0.042    0.486  1
RGI60-19.00539     0.05285  -67.733002  -68.410846    0.367    0.576  1
RGI60-19.02238     0.05272  -68.138991  -67.239073    0.090    0.421  1
RGI60-19.01212     0.05211  -68.718802  -67.544749   -0.200    0.204  1
RGI60-19.00645     0.05208  -63.920388  -57.969401    0.115    0.205  1
RGI60-19.02316     0.05174  -54.507705  -36.118768   -0.057    0.289  1
RGI60-19.01277     0.05161  -69.389153   76.243320    0.003    0.245  1
RGI60-19.02509     0.05160  -54.165059  -36.841019    0.387    0.393  1
RGI60-19.02456     0.05150  -54.093626  -37.073364    0.146    0.625  1
RGI60-19.01831     0.05147  -60.653274  -45.035549   -3.388    1.438  1
RGI60-19.02549     0.05130  -54.797117  -35.942894    0.135    0.508  1
RGI60-19.02536     0.05104  -54.800553  -35.995896    1.242    0.839  1
RGI60-19.01174     0.05080  -68.218997  -67.117210   -0.052    0.239  1
RGI60-19.02399     0.05056  -54.109542  -37.169369    0.338    0.475  1
RGI60-19.02393     0.05048  -54.086524  -37.277334   -0.955    0.683  1
RGI60-19.01457     0.05041  -66.775362  141.450121   -0.236    0.217  1
RGI60-19.01489     0.05034  -66.908751  163.312362    2.491    1.055  1
RGI60-19.00960     0.05028  -64.411189  -62.818767   -0.983    0.530  1
RGI60-19.00955     0.05003  -64.498480  -62.555523   -3.575    1.967  1
RGI60-19.01409     0.04987  -66.676707  108.402564   -0.007    0.317  1
RGI60-19.01015     0.04978  -64.584552  -64.213543    0.117    0.255  1
RGI60-19.01265     0.04977  -69.374202   76.165583   -0.006    0.190  1
RGI60-19.00987     0.04933  -64.530988  -63.210672   -0.345    0.297  1
RGI60-19.02336     0.04933  -54.071587  -37.614293    0.025    0.566  1
RGI60-19.01163     0.04917  -68.218030  -67.057329    0.100    0.277  1
RGI60-19.00600     0.04917  -64.225908  -56.598663    0.269    0.268  1
RGI60-19.02203     0.04886  -65.081432  -63.974641   -0.895    1.090  1
RGI60-19.00629     0.04855  -64.013888  -58.057459    0.114    0.290  1
RGI60-19.01160     0.04822  -68.097309  -67.177622   -0.111    0.224  1
RGI60-19.00045     0.04805  -67.661807  -68.501096   -0.215    0.387  1
RGI60-19.01563     0.04782  -49.541216   69.497738    0.239    0.294  1
RGI60-19.01470     0.04778  -66.964486  142.644874   -0.057    0.192  1
RGI60-19.00601     0.04771  -64.229000  -56.590329    0.343    0.244  1
RGI60-19.02412     0.04746  -54.036444  -37.488887    0.106    0.464  1
RGI60-19.00620     0.04739  -64.009587  -58.241117    0.138    0.226  1
RGI60-19.00665     0.04721  -64.022755  -57.727469    0.004    0.190  1
RGI60-19.02240     0.04716  -68.136070  -67.177190    0.225    0.372  1
RGI60-19.01018     0.04704  -64.602009  -64.214790    0.133    0.261  1
RGI60-19.00391     0.04701  -77.498987  168.590415    0.027    0.243  1
RGI60-19.00826     0.04669  -69.073157   39.613671   -0.219    0.233  1
RGI60-19.00527     0.04660  -64.648370  -64.250946    1.013    0.604  1
RGI60-19.00856     0.04638  -69.278705   39.599689   -0.057    0.212  1
RGI60-19.00446     0.04596  -78.043316  167.445217    0.003    0.187  1
RGI60-19.02689     0.04589  -54.354913  -36.986001    0.476    0.892  1
RGI60-19.00758     0.04588  -69.386913   76.116891    0.034    0.226  1
RGI60-19.02445     0.04570  -53.999654  -37.699471    0.102    0.439  1
RGI60-19.02331     0.04545  -54.419849  -36.249302   -0.246    0.535  1
RGI60-19.01169     0.04531  -68.192691  -67.101514   -0.175    0.250  1
RGI60-19.00831     0.04525  -68.075389   42.906328   -0.293    0.259  1
RGI60-19.01021     0.04518  -64.581182  -64.263556   -0.895    0.630  1
RGI60-19.00930     0.04506  -66.932725   57.473599    0.032    0.198  1
RGI60-19.02534     0.04500  -54.257632  -37.374966    0.198    0.571  1
RGI60-19.01183     0.04475  -68.186061  -67.227734    0.203    0.246  1
RGI60-19.01108     0.04428  -65.831755  -65.704819    0.178    0.246  1
RGI60-19.01201     0.04427  -68.142593  -67.494009    0.025    0.229  1
RGI60-19.01213     0.04417  -68.713033  -67.566711    0.137    0.216  1
RGI60-19.00853     0.04409  -69.222793   39.701303   -0.048    0.210  1
RGI60-19.01291     0.04391  -68.545746   77.994957   -0.107    0.223  1
RGI60-19.00670     0.04357  -64.018016  -57.726307    0.076    0.206  1
RGI60-19.00940     0.04294  -67.032239   57.879812    0.023    0.206  1
RGI60-19.01606     0.04266  -49.578740   69.466769    0.384    0.501  1
RGI60-19.01449     0.04252  -66.801809  141.393201    0.053    0.198  1
RGI60-19.02683     0.04209  -54.680567  -35.977874    0.329    0.502  1
RGI60-19.02232     0.04200  -67.865437  -66.898123    0.052    0.553  1
RGI60-19.01180     0.04184  -68.353358  -67.033312    0.238    0.342  1
RGI60-19.00731     0.04133  -67.549470   61.434203   -0.051    0.228  1
RGI60-19.02572     0.04109  -54.778034  -35.868628    0.033    0.503  1
RGI60-19.02643     0.04104  -54.592679  -35.959930   -0.157    0.591  1
RGI60-19.01220     0.04102  -68.578104  -68.064019   -0.068    0.213  1
RGI60-19.01469     0.04100  -66.977282  142.661877   -0.391    0.276  1
RGI60-19.02605     0.04099  -54.755802  -36.045834    0.730    0.694  1
RGI60-19.01001     0.04097  -64.415343  -63.693991   -1.593    0.753  1
RGI60-19.01099     0.04085  -65.820286  -65.591383   -0.700    0.490  1
RGI60-19.00858     0.04082  -69.268729   39.644818   -0.069    0.223  1
RGI60-19.00884     0.04050  -69.861636   39.097931    0.100    0.212  1
RGI60-19.00178     0.04049  -64.693083  -64.285505   -0.485    0.364  1
RGI60-19.01248     0.04029  -69.650295  -72.018691    0.246    0.565  1
RGI60-19.02592     0.04019  -54.797648  -35.917021    0.166    0.675  1
RGI60-19.02344     0.04011  -54.144662  -37.580692    0.110    0.742  1
RGI60-19.02651     0.04010  -54.577901  -36.063808   -0.163    0.584  1
RGI60-19.02208     0.03956  -65.093871  -63.996565   -0.192    0.705  1
RGI60-19.00375     0.03951  -77.537059  169.126794   -0.091    0.217  1
RGI60-19.02475     0.03939  -54.105653  -37.034692   -0.279    0.569  1
RGI60-19.01069     0.03936  -65.500699  -65.471193   -0.138    0.258  1
RGI60-19.00861     0.03890  -68.029005   43.541580    0.040    0.218  1
RGI60-19.00585     0.03882  -63.819952  -57.336297   -0.029    0.201  1
RGI60-19.01033     0.03874  -67.447990   60.954027   -0.105    0.236  1
RGI60-19.00398     0.03852  -77.525581  167.120705    0.071    0.237  1
RGI60-19.02453     0.03825  -54.074021  -37.269101   -0.238    0.619  1
RGI60-19.02298     0.03822  -54.454689  -36.594055    0.737    0.802  1
RGI60-19.02506     0.03771  -54.144202  -36.846584   -0.136    0.519  1
RGI60-19.01198     0.03761  -68.352465  -67.166742    0.042    0.215  1
RGI60-19.01091     0.03751  -67.464904   63.541558    0.082    0.213  1
RGI60-19.02333     0.03741  -54.417654  -36.227134    0.148    0.324  1
RGI60-19.01004     0.03740  -64.942993  -63.215992    0.227    0.331  1
RGI60-19.01221     0.03739  -68.587227  -68.057363   -0.048    0.201  1
RGI60-19.00365     0.03730  -77.494276  168.976387   -0.047    0.190  1
RGI60-19.01262     0.03728  -69.469798   76.048209   -0.086    0.260  1
RGI60-19.00828     0.03722  -68.068629   42.896208   -0.730    0.434  1
RGI60-19.00977     0.03719  -64.506550  -62.993007   -0.611    0.451  1
RGI60-19.00867     0.03719  -69.732811   39.135785   -0.200    0.247  1
RGI60-19.01187     0.03705  -68.182818  -67.252464    0.018    0.273  1
RGI60-19.00863     0.03684  -67.971725   43.947259   -0.071    0.193  1
RGI60-19.01791     0.03646  -60.682535  -44.638033   -0.874    0.789  1
RGI60-19.00951     0.03643  -64.564643  -62.194713   -0.076    0.655  1
RGI60-19.00202     0.03642  -64.019208  -62.297970   -0.289    0.699  1
RGI60-19.02252     0.03627  -54.371367  -36.439057    0.065    0.321  1
RGI60-19.00540     0.03617  -67.729074  -68.399215    0.428    0.389  1
RGI60-19.01271     0.03581  -69.396628   76.270486   -0.081    0.269  1
RGI60-19.01456     0.03571  -66.785460  141.487509   -0.062    0.212  1
RGI60-19.02294     0.03521  -54.501643  -36.599919   -0.518    0.889  1
RGI60-19.00937     0.03517  -67.025440   57.822381   -0.057    0.212  1
RGI60-19.01002     0.03510  -64.442298  -63.768497   -4.330    3.461  1
RGI60-19.01474     0.03509  -66.936507  143.063747   -0.496    0.445  1
RGI60-19.01193     0.03503  -68.169956  -67.278989   -0.974    0.556  1
RGI60-19.01032     0.03491  -65.034366  -63.921549    0.355    0.334  1
RGI60-19.01260     0.03485  -69.439680   75.983774   -0.016    0.237  1
RGI60-19.00078     0.03470  -67.733630  -67.313737    0.501    0.691  1
RGI60-19.00862     0.03467  -68.033112   43.533796   -0.107    0.242  1
RGI60-19.01866     0.03461  -60.683681  -45.154080   -3.087    1.583  1
RGI60-19.00813     0.03440  -68.988458   39.631718   -0.025    0.271  1
RGI60-19.00741     0.03437  -68.195275  -66.718721   -0.018    0.301  1
RGI60-19.00657     0.03417  -64.029168  -57.738760    0.016    0.196  1
RGI60-19.02380     0.03404  -54.073347  -37.165781    0.263    0.610  1
RGI60-19.00840     0.03403  -68.358554   42.300740    0.761    0.455  1
RGI60-19.00838     0.03386  -68.352577   42.292851    0.367    0.299  1
RGI60-19.01284     0.03383  -69.360705   76.338180   -0.028    0.204  1
RGI60-19.02254     0.03379  -54.505826  -36.152550   -0.121    0.299  1
RGI60-19.02334     0.03376  -54.527182  -36.113863   -0.769    0.643  1
RGI60-19.00675     0.03373  -64.017243  -57.718726    0.114    0.210  1
RGI60-19.00689     0.03357  -63.890573  -57.812088    0.018    0.206  1
RGI60-19.01464     0.03342  -66.979257  142.632152   -0.315    0.252  1
RGI60-19.00390     0.03333  -77.500247  168.725134    0.025    0.187  1
RGI60-19.02306     0.03330  -54.315260  -36.315817   -0.079    0.365  1
RGI60-19.00920     0.03300  -66.843428   57.240063   -0.086    0.247  1
RGI60-19.02340     0.03291  -54.041561  -37.480681    0.297    0.569  1
RGI60-19.00945     0.03279  -64.347862  -62.199051   -0.053    0.453  1
RGI60-19.02305     0.03274  -54.357330  -36.295353   -0.082    0.352  1
RGI60-19.00949     0.03272  -67.135257   58.414560   -0.050    0.216  1
RGI60-19.00550     0.03265  -69.354465   76.329252    0.128    0.229  1
RGI60-19.01473     0.03248  -66.940164  143.061461   -0.316    0.293  1
RGI60-19.00594     0.03248  -63.882189  -57.197657   -0.122    0.310  1
RGI60-19.02245     0.03234  -54.414966  -36.317857   -0.292    0.491  1
RGI60-19.00847     0.03207  -69.244890   39.665344   -0.064    0.217  1
RGI60-19.01465     0.03207  -66.979850  142.646032   -0.222    0.230  1
RGI60-19.00765     0.03202  -68.887611   77.808579   -0.107    0.280  1
RGI60-19.02221     0.03194  -65.622538  -64.535356    0.505    0.816  1
RGI60-19.01233     0.03194  -68.337489  -69.010844   -0.092    0.268  1
RGI60-19.01491     0.03192  -66.892358  163.309365    0.729    1.597  1
RGI60-19.02544     0.03186  -54.771105  -36.006101    1.758    1.313  1
RGI60-19.01200     0.03183  -68.143916  -67.483917   -0.170    0.260  1
RGI60-19.01482     0.03183  -66.838773  143.459534   -0.186    0.282  1
RGI60-19.02441     0.03178  -54.003888  -37.709185   -0.020    0.801  1
RGI60-19.01175     0.03176  -68.198497  -67.159682    0.201    0.301  1
RGI60-19.02476     0.03160  -54.098977  -36.878727    0.339    0.793  1
RGI60-19.00451     0.03160  -78.074507  167.443316    0.134    0.223  1
RGI60-19.00083     0.03146  -67.834888  -67.107389    0.040    0.367  1
RGI60-19.00022     0.03129  -67.772721  -67.559797   -0.120    0.442  1
RGI60-19.00325     0.03128  -64.557070  -62.913420   -0.019    0.750  1
RGI60-19.02649     0.03112  -54.583265  -35.961436   -0.338    0.693  1
RGI60-19.00925     0.03090  -64.282222  -61.072145   -0.007    0.245  1
RGI60-19.00658     0.03087  -64.033853  -57.723676   -0.072    0.229  1
RGI60-19.01161     0.03087  -68.099079  -67.183436   -0.200    0.330  1
RGI60-19.01202     0.03079  -68.145654  -67.494462   -0.200    0.271  1
RGI60-19.02418     0.03052  -54.083531  -37.643533    3.262    2.230  1
RGI60-19.00673     0.03024  -64.028111  -57.702586    0.126    0.238  1
RGI60-19.01112     0.03016  -67.502562   63.801503   -0.331    0.271  1
RGI60-19.00208     0.03009  -64.280859  -63.582228   -1.102    0.809  1
RGI60-19.02098     0.03008  -62.991815  -60.677488    0.169    0.812  1
RGI60-19.02438     0.03003  -53.999729  -37.391429   -0.719    0.778  1
RGI60-19.00800     0.02989  -69.037767   39.253369   -0.084    0.261  1
RGI60-19.02199     0.02986  -65.073643  -64.005230    0.019    0.520  1
RGI60-19.01081     0.02958  -67.452950   63.414181    0.140    0.237  1
RGI60-19.01917     0.02940  -60.681701  -45.614298   -0.101    0.406  1
RGI60-19.02598     0.02940  -54.786255  -35.840485   -0.214    0.678  1
RGI60-19.01560     0.02936  -49.545448   69.486856   -0.009    0.290  1
RGI60-19.01191     0.02936  -68.184178  -67.260762   -0.116    0.283  1
RGI60-19.01282     0.02923  -69.376085   76.278846   -0.093    0.265  1
RGI60-19.01416     0.02923  -74.377064 -132.567583    0.315    0.669  1
RGI60-19.00984     0.02921  -64.236276  -63.469688    0.469    0.415  1
RGI60-19.01087     0.02885  -67.448836   63.472706   -0.026    0.217  1
RGI60-19.00400     0.02870  -77.529600  167.008163    0.184    0.357  1
RGI60-19.01165     0.02869  -67.454246  -67.939472   -0.266    0.463  1
RGI60-19.00760     0.02862  -69.380030   76.191777   -0.089    0.309  1
RGI60-19.01276     0.02859  -69.393461   76.234652    0.066    0.216  1
RGI60-19.01216     0.02855  -68.407247  -68.090962    0.272    0.294  1
RGI60-19.00848     0.02852  -69.229561   39.682040   -0.028    0.219  1
RGI60-19.01150     0.02850  -68.202302  -66.956256   -0.056    0.304  1
RGI60-19.01098     0.02849  -65.819487  -65.609495   -0.094    0.279  1
RGI60-19.02639     0.02843  -54.875464  -36.066804    0.208    0.546  1
RGI60-19.01031     0.02825  -65.035171  -63.932937    0.381    0.401  1
RGI60-19.00677     0.02819  -64.020542  -57.701762    0.080    0.209  1
RGI60-19.00943     0.02811  -64.224750  -62.056879   -0.367    0.366  1
RGI60-19.01485     0.02807  -66.838928  143.552731    0.024    0.274  1
RGI60-19.01275     0.02806  -69.395197   76.246517    0.123    0.302  1
RGI60-19.01173     0.02789  -68.221975  -67.112038    0.265    0.292  1
RGI60-19.00989     0.02784  -64.311638  -63.596996   -0.338    0.364  1
RGI60-19.01281     0.02763  -69.378868   76.263627   -0.144    0.310  1
RGI60-19.01236     0.02740  -68.996173  -68.475901    0.205    0.244  1
RGI60-19.00683     0.02736  -64.264383  -57.315714    0.040    0.218  1
RGI60-19.02671     0.02713  -54.608001  -35.973590   -0.616    0.693  1
RGI60-19.01194     0.02701  -68.104404  -67.352768    0.046    0.253  1
RGI60-19.02307     0.02690  -54.521657  -36.107923    0.074    0.428  1
RGI60-19.01167     0.02687  -67.450168  -67.918778    0.109    0.383  1
RGI60-19.00237     0.02677  -64.797710  -63.323786    1.013    0.998  1
RGI60-19.00722     0.02672  -64.519675  -62.892364    0.067    0.557  1
RGI60-19.00545     0.02658  -69.368941   76.152038    0.131    0.289  1
RGI60-19.01041     0.02650  -65.611928  -64.159921    0.419    0.473  1
RGI60-19.02296     0.02648  -54.469244  -36.587844   -0.090    0.772  1
RGI60-19.02727     0.02636  -54.324281  -37.058514   -0.577    1.181  1
RGI60-19.00832     0.02633  -68.020710   43.104246   -0.686    0.481  1
RGI60-19.01267     0.02633  -69.350232   76.212215   -0.098    0.235  1
RGI60-19.01523     0.02631  -59.432142  -27.092263    2.497    1.356  1
RGI60-19.00597     0.02622  -64.289851  -56.686871   -0.157    0.273  1
RGI60-19.00711     0.02620  -65.084284  -60.216924    0.000    0.300  1
RGI60-19.01040     0.02620  -65.608005  -64.170553    0.130    0.272  1
RGI60-19.00177     0.02604  -64.697430  -64.288740   -0.074    0.340  1
RGI60-19.01084     0.02603  -67.453911   63.432844    0.089    0.214  1
RGI60-19.02647     0.02601  -54.587145  -35.963581    0.147    0.885  1
RGI60-19.01559     0.02591  -49.546614   69.465699   -0.308    0.597  1
RGI60-19.00815     0.02588  -69.055495   39.482759   -0.100    0.249  1
RGI60-19.02332     0.02577  -54.418159  -36.244408   -0.450    0.518  1
RGI60-19.00709     0.02569  -65.079741  -60.241877   -0.019    0.297  1
RGI60-19.01411     0.02559  -66.001809  111.108639    0.051    0.266  1
RGI60-19.00967     0.02534  -64.433179  -62.862873   -0.084    0.756  1
RGI60-19.02568     0.02528  -54.778086  -35.888847   -0.072    0.304  1
RGI60-19.00664     0.02526  -64.021417  -57.732006    0.072    0.219  1
RGI60-19.00837     0.02519  -68.036398   43.210744   -0.092    0.261  1
RGI60-19.00705     0.02517  -63.927598  -57.492750    0.145    0.221  1
RGI60-19.00514     0.02508  -69.232870   39.690363   -0.099    0.237  1
RGI60-19.00968     0.02504  -64.424012  -62.875070    0.609    0.831  1
RGI60-19.00617     0.02501  -64.021035  -58.249809   -0.000    0.265  1
RGI60-19.00660     0.02501  -64.025774  -57.730857    0.037    0.213  1
RGI60-19.01561     0.02456  -49.541114   69.489279   -0.273    0.359  1
RGI60-19.01468     0.02444  -66.980385  142.656146   -0.483    0.390  1
RGI60-19.01230     0.02443  -68.335391  -68.987034   -0.480    0.360  1
RGI60-19.01162     0.02436  -68.196343  -67.076945   -0.081    0.236  1
RGI60-19.00747     0.02422  -69.760852  -75.398582    0.381    0.681  1
RGI60-19.02699     0.02421  -54.293457  -36.722541   -0.606    0.575  1
RGI60-19.00759     0.02419  -69.380402   76.187302   -0.200    0.304  1
RGI60-19.00817     0.02415  -69.051938   39.580080   -0.139    0.261  1
RGI60-19.00086     0.02411  -67.836993  -67.092483   -0.048    0.437  1
RGI60-19.00819     0.02411  -69.051442   39.562280   -0.148    0.271  1
RGI60-19.00890     0.02406  -67.566707   47.835468   -0.057    0.251  1
RGI60-19.00445     0.02401  -68.524317   78.158411   -0.006    0.260  1
RGI60-19.01010     0.02382  -64.911309  -63.436317    0.897    0.770  1
RGI60-19.01919     0.02364  -60.738999  -45.679558    0.030    0.501  1
RGI60-19.01094     0.02338  -67.469359   63.562552    0.260    0.255  1
RGI60-19.00085     0.02335  -67.835345  -67.097885    0.021    0.569  1
RGI60-19.02720     0.02320  -54.328215  -36.838763   -1.149    0.991  1
RGI60-19.02248     0.02318  -54.386554  -36.325692   -0.183    0.798  1
RGI60-19.00996     0.02310  -64.292719  -63.754565   -0.653    0.566  1
RGI60-19.00571     0.02310  -63.302838  -55.804001    0.453    0.685  1
RGI60-19.00719     0.02304  -64.515234  -61.493307   -0.045    0.398  1
RGI60-19.00412     0.02304  -77.551965  166.193745    0.003    0.195  1
RGI60-19.00956     0.02303  -64.293101  -62.899465    0.042    0.305  1
RGI60-19.02272     0.02293  -54.415735  -36.309775   -0.538    0.509  1
RGI60-19.02244     0.02292  -54.418251  -36.285952   -0.289    0.597  1
RGI60-19.02275     0.02285  -54.460275  -36.256029   -0.530    0.780  1
RGI60-19.00680     0.02284  -63.936094  -57.817819    0.012    0.244  1
RGI60-19.00019     0.02262  -67.662766  -67.673333   -0.635    0.762  1
RGI60-19.01082     0.02252  -67.452232   63.420187   -0.009    0.210  1
RGI60-19.01224     0.02246  -68.588404  -68.064745   -0.072    0.225  1
RGI60-19.00715     0.02242  -65.072838  -60.215584    0.028    0.265  1
RGI60-19.01154     0.02241  -68.203491  -67.044815    0.259    0.384  1
RGI60-19.01149     0.02235  -67.235880  -67.851324    0.305    0.324  1
RGI60-19.02092     0.02229  -62.940310  -60.721151   -0.028    0.798  1
RGI60-19.00714     0.02224  -65.066993  -60.224796   -0.141    0.256  1
RGI60-19.00986     0.02207  -64.237682  -63.547973   -0.225    0.422  1
RGI60-19.01480     0.02203  -66.831838  143.332759   -0.641    0.487  1
RGI60-19.00757     0.02183  -69.383023   76.117064   -0.124    0.246  1
RGI60-19.01170     0.02179  -68.207645  -67.091597    0.168    0.278  1
RGI60-19.02286     0.02179  -54.499533  -36.128081   -0.227    0.645  1
RGI60-19.00782     0.02171  -66.060730  134.470880   -0.728    0.557  1
RGI60-19.01043     0.02167  -65.569213  -64.323150    0.437    0.442  1
RGI60-19.00581     0.02162  -63.874237  -57.605641    0.085    0.213  1
RGI60-19.01229     0.02146  -68.338133  -68.982845   -0.229    0.319  1
RGI60-19.00407     0.02131  -77.538135  166.200319   -0.068    0.206  1
RGI60-19.00678     0.02127  -64.033223  -57.681529    0.278    0.328  1
RGI60-19.01079     0.02118  -67.453743   63.350752   -0.046    0.223  1
RGI60-19.01471     0.02113  -66.994429  142.825743   -0.194    0.261  1
RGI60-19.00820     0.02110  -69.048380   39.531856   -0.131    0.252  1
RGI60-19.00990     0.02108  -64.267216  -63.686875   -0.788    0.735  1
RGI60-19.01483     0.02098  -66.845302  143.544729    0.141    0.278  1
RGI60-19.01916     0.02085  -60.683678  -45.625352   -0.205    0.371  1
RGI60-19.01179     0.02069  -68.395204  -66.983402    0.118    0.236  1
RGI60-19.00824     0.02063  -69.057675   39.602955   -0.177    0.278  1
RGI60-19.01235     0.02055  -68.988201  -68.482637    0.002    0.225  1
RGI60-19.00679     0.02054  -63.934143  -57.823972    0.021    0.228  1
RGI60-19.01184     0.02052  -68.186189  -67.239735    0.653    0.484  1
RGI60-19.00004     0.02042  -67.635726  -64.877219    0.078    0.664  1
RGI60-19.00615     0.02025  -64.070791  -58.248575    0.088    0.345  1
RGI60-19.01101     0.02013  -67.453982   63.691703    0.062    0.225  1
RGI60-19.00816     0.02012  -69.067194   39.462707   -0.122    0.254  1
RGI60-19.01107     0.02000  -65.826779  -65.727032   -0.055    0.314  1
RGI60-19.00591     0.01982  -63.788372  -57.360034    0.057    0.224  1
RGI60-19.01292     0.01965  -68.511768   78.175691   -0.119    0.263  1
RGI60-19.01197     0.01963  -68.358091  -67.150576   -0.057    0.231  1
RGI60-19.00934     0.01938  -63.986784  -61.914021   -0.231    0.432  1
RGI60-19.01199     0.01925  -68.357610  -67.160989    0.134    0.233  1
RGI60-19.00654     0.01896  -63.957970  -57.841869   -0.247    0.350  1
RGI60-19.01459     0.01888  -66.765626  141.509562   -0.406    0.364  1
RGI60-19.01006     0.01873  -64.939764  -63.250445   -0.509    0.702  1
RGI60-19.00619     0.01873  -64.007736  -58.253788   -0.053    0.244  1
RGI60-19.02718     0.01870  -54.389779  -36.557856   -0.617    1.028  1
RGI60-19.00623     0.01862  -63.937398  -58.245899    0.238    0.279  1
RGI60-19.02318     0.01861  -54.505297  -36.120403    0.251    0.505  1
RGI60-19.00209     0.01848  -64.283183  -63.575595   -1.158    0.977  1
RGI60-19.01447     0.01835  -66.814236  141.400256    0.013    0.221  1
RGI60-19.00656     0.01825  -64.035367  -57.729474   -0.043    0.419  1
RGI60-19.00385     0.01819  -77.493616  167.128060    0.008    0.254  1
RGI60-19.01481     0.01798  -66.828887  143.332334   -0.457    0.434  1
RGI60-19.01217     0.01790  -68.410093  -68.095934   -0.072    0.266  1
RGI60-19.00827     0.01787  -69.074928   39.606779   -0.139    0.266  1
RGI60-19.02310     0.01784  -54.330730  -36.295709    0.143    0.686  1
RGI60-19.00659     0.01755  -64.028033  -57.729049    0.110    0.232  1
RGI60-19.01155     0.01737  -68.202168  -67.014319    0.367    0.712  1
RGI60-19.00588     0.01729  -63.795208  -57.358831    0.060    0.217  1
RGI60-19.01278     0.01728  -69.392084   76.217717   -0.050    0.233  1
RGI60-19.02184     0.01719  -64.652385  -62.053399    0.043    0.325  1
RGI60-19.00593     0.01700  -63.790624  -57.347902    0.017    0.218  1
RGI60-19.00891     0.01699  -67.521178   47.608509   -0.204    0.455  1
RGI60-19.00566     0.01680  -66.770304  141.458286   -0.003    0.220  1
RGI60-19.01083     0.01674  -67.453758   63.417931    0.035    0.219  1
RGI60-19.00978     0.01666  -64.443875  -63.081632   -0.632    0.661  1
RGI60-19.01011     0.01661  -64.534697  -63.963238   -0.875    0.670  1
RGI60-19.00713     0.01633  -65.081671  -60.207019   -0.071    0.262  1
RGI60-19.01283     0.01624  -69.368870   76.326530    0.140    0.304  1
RGI60-19.00751     0.01601  -69.373671   76.017778   -0.067    0.241  1
RGI60-19.00668     0.01590  -64.031321  -57.707167    0.104    0.263  1
RGI60-19.00701     0.01589  -63.802366  -57.808079    0.061    0.211  1
RGI60-19.00643     0.01571  -63.890939  -58.011360    0.004    0.235  1
RGI60-19.01441     0.01536  -66.630758  139.731438    0.220    0.286  1
RGI60-19.00607     0.01535  -64.133342  -58.345547   -0.241    0.637  1
RGI60-19.00993     0.01530  -64.309254  -63.649036   -0.973    0.945  1
RGI60-19.01285     0.01499  -69.367402   76.335999   -0.049    0.240  1
RGI60-19.01046     0.01496  -65.686886  -64.455118    0.790    0.887  1
RGI60-19.00991     0.01474  -64.313318  -63.638923   -0.375    0.562  1
RGI60-19.01455     0.01469  -66.788285  141.485836   -0.070    0.226  1
RGI60-19.01454     0.01442  -66.788648  141.480807   -0.196    0.278  1
RGI60-19.00756     0.01432  -69.420056   76.022322   -0.028    0.233  1
RGI60-19.01467     0.01426  -66.983742  142.664714   -1.007    0.860  1
RGI60-19.01274     0.01416  -69.391099   76.249081   -0.111    0.264  1
RGI60-19.01450     0.01416  -66.788101  141.372077   -0.160    0.256  1
RGI60-19.01273     0.01415  -69.390529   76.257354    0.046    0.260  1
RGI60-19.01095     0.01412  -67.472834   63.563266    0.153    0.254  1
RGI60-19.01093     0.01398  -67.471686   63.557166    0.229    0.276  1
RGI60-19.00579     0.01392  -63.614945  -57.351220   -0.028    0.222  1
RGI60-19.02243     0.01384  -54.494255  -36.133595   -0.008    0.606  1
RGI60-19.00414     0.01384  -77.573317  166.240174    0.120    0.228  1
RGI60-19.00761     0.01380  -69.412568   76.232027   -0.261    0.484  1
RGI60-19.00992     0.01378  -64.318505  -63.629842   -1.490    1.524  1
RGI60-19.02207     0.01368  -65.091704  -63.994907    0.991    1.009  1
RGI60-19.00211     0.01342  -64.459891  -63.938894   -2.634    2.175  1
RGI60-19.01106     0.01301  -65.833031  -65.728496    0.626    0.737  1
RGI60-19.01918     0.01288  -60.735820  -45.673118    0.510    1.003  1
RGI60-19.00735     0.01288  -67.453728   63.483403   -0.067    0.232  1
RGI60-19.00176     0.01280  -64.703295  -64.290861    0.225    0.396  1
RGI60-19.00537     0.01277  -68.170576  -67.284250    0.069    0.307  1
RGI60-19.01279     0.01241  -69.386756   76.233086   -0.130    0.339  1
RGI60-19.00725     0.01239  -64.822324  -62.978437   -0.011    0.338  1
RGI60-19.00982     0.01237  -64.406496  -63.224597   -0.950    1.086  1
RGI60-19.00742     0.01220  -68.579360  -68.082423   -0.200    0.298  1
RGI60-19.00710     0.01189  -65.080190  -60.222723    0.099    0.355  1
RGI60-19.00676     0.01182  -64.020253  -57.711947    0.021    0.210  1
RGI60-19.00409     0.01168  -77.544286  166.152485   -0.003    0.202  1
RGI60-19.02751     0.01117  -68.865640  -90.426561   -1.837    2.289  1
RGI60-19.00587     0.01102  -63.798691  -57.353366    0.161    0.375  1
RGI60-19.00753     0.01080  -69.402282   76.015729    0.125    0.263  1
RGI60-19.01042     0.01061  -65.570993  -64.325039    0.267    0.362  1
RGI60-19.01261     0.01024  -69.398593   76.058247    0.039    0.253  1
RGI60-19.01753    60.75880  -61.137916  -55.328343   -0.157    0.098  2
RGI60-19.01730    25.03952  -61.266916  -54.178381   -0.157    0.098  2
RGI60-19.01752    24.26696  -61.192615  -55.333317   -0.157    0.098  2
RGI60-19.01751    22.51573  -61.226265  -55.298729   -0.157    0.098  2
RGI60-19.01728    21.04814  -61.280965  -54.097356   -0.157    0.098  2
RGI60-19.01754    20.64451  -61.092702  -55.392126   -0.157    0.098  2
RGI60-19.02001    20.31836  -62.429516  -59.452342   -0.157    0.098  2
RGI60-19.01741    17.88050  -61.120844  -54.727683   -0.157    0.098  2
RGI60-19.01731    17.52206  -61.194222  -54.107849   -0.157    0.098  2
RGI60-19.01726    16.83072  -61.206628  -54.079115   -0.157    0.098  2
RGI60-19.01727    16.63549  -61.245563  -54.092866   -0.157    0.098  2
RGI60-19.01747    16.11280  -61.237562  -55.209512   -0.157    0.098  2
RGI60-19.02124    13.19781  -62.974497  -62.537444   -0.157    0.098  2
RGI60-19.01503     9.86969  -56.702516  -27.121429   -0.157    0.098  2
RGI60-19.02126     9.62099  -62.935987  -62.477042   -0.157    0.098  2
RGI60-19.01744     9.30735  -61.141915  -54.824435   -0.157    0.098  2
RGI60-19.01725     8.41538  -61.169100  -54.049371   -0.157    0.098  2
RGI60-19.02112     7.44095  -62.961194  -62.440184   -0.157    0.098  2
RGI60-19.02000     7.16357  -62.419273  -59.382768   -0.157    0.098  2
RGI60-19.02128     6.75252  -62.921493  -62.431570   -0.157    0.098  2
RGI60-19.02114     5.96896  -62.995197  -62.498763   -0.157    0.098  2
RGI60-19.02125     5.88204  -62.951252  -62.498090   -0.157    0.098  2
RGI60-19.01504     5.65507  -56.716430  -27.130508   -0.157    0.098  2
RGI60-19.01742     5.54930  -61.141908  -54.743924   -0.157    0.098  2
RGI60-19.02113     5.54269  -62.981855  -62.462840   -0.157    0.098  2
RGI60-19.01750     5.36873  -61.250762  -55.278658   -0.157    0.098  2
RGI60-19.01508     4.59355  -56.702530  -27.180355   -0.157    0.098  2
RGI60-19.01743     4.56655  -61.147065  -54.782827   -0.157    0.098  2
RGI60-19.01729     4.35620  -61.300014  -54.156694   -0.157    0.098  2
RGI60-19.02109     3.95654  -62.921889  -62.376415   -0.157    0.098  2
RGI60-19.02129     3.77792  -62.907250  -62.410192   -0.157    0.098  2
RGI60-19.02108     3.67216  -62.904666  -62.348132   -0.157    0.098  2
RGI60-19.02110     3.44158  -62.937185  -62.391878   -0.157    0.098  2
RGI60-19.01748     3.42228  -61.268189  -55.226187   -0.157    0.098  2
RGI60-19.02117     3.15875  -63.028567  -62.548640   -0.157    0.098  2
RGI60-19.02116     3.14415  -63.016633  -62.528074   -0.157    0.098  2
RGI60-19.01733     3.13756  -61.064129  -55.345365   -0.157    0.098  2
RGI60-19.01724     2.97871  -61.148430  -54.022693   -0.157    0.098  2
RGI60-19.02130     2.83957  -62.898684  -62.394196   -0.157    0.098  2
RGI60-19.01749     2.81216  -61.261905  -55.254522   -0.157    0.098  2
RGI60-19.02127     2.55265  -62.918634  -62.464663   -0.157    0.098  2
RGI60-19.02131     2.53738  -62.892074  -62.365703   -0.157    0.098  2
RGI60-19.02111     2.42603  -62.947035  -62.408440   -0.157    0.098  2
RGI60-19.01738     2.41959  -61.108281  -54.776537   -0.157    0.098  2
RGI60-19.02107     2.39203  -62.886154  -62.327758   -0.157    0.098  2
RGI60-19.02039     2.10637  -62.653574  -59.951716   -0.157    0.098  2
RGI60-19.01776     2.04580  -61.474743  -55.636732   -0.157    0.098  2
RGI60-19.01773     1.99437  -61.475662  -55.551124   -0.157    0.098  2
RGI60-19.02132     1.94003  -62.879774  -62.346538   -0.157    0.098  2
RGI60-19.01723     1.79019  -61.134803  -54.014738   -0.157    0.098  2
RGI60-19.01777     1.72031  -61.477731  -55.667689   -0.157    0.098  2
RGI60-19.01766     1.69511  -61.468095  -55.632520   -0.157    0.098  2
RGI60-19.01740     1.68055  -61.106191  -54.678846   -0.157    0.098  2
RGI60-19.01505     1.60021  -56.718967  -27.153473   -0.157    0.098  2
RGI60-19.01962     1.38947  -62.181511  -58.269110   -0.157    0.098  2
RGI60-19.01772     1.27971  -61.480478  -55.527499   -0.157    0.098  2
RGI60-19.02115     1.26822  -63.001791  -62.523715   -0.157    0.098  2
RGI60-19.02119     1.17613  -63.080415  -62.671919   -0.157    0.098  2
RGI60-19.02038     1.17555  -62.645568  -59.927751   -0.157    0.098  2
RGI60-19.01963     1.09461  -62.185000  -58.251967   -0.157    0.098  2
RGI60-19.01775     1.07646  -61.473786  -55.608414   -0.157    0.098  2
RGI60-19.02155     1.06640  -68.822647  -90.692754   -0.157    0.098  2
RGI60-19.01763     1.05765  -61.467198  -55.905393   -0.157    0.098  2
RGI60-19.01765     0.99356  -61.471915  -55.676857   -0.157    0.098  2
RGI60-19.01502     0.93900  -56.690142  -27.151343   -0.157    0.098  2
RGI60-19.01764     0.90699  -61.473934  -55.909650   -0.157    0.098  2
RGI60-19.01692     0.80741  -52.989135   73.322869   -0.157    0.098  2
RGI60-19.00970     0.72989  -64.686780  -62.623430   -0.157    0.098  2
RGI60-19.01507     0.72543  -56.718048  -27.181200   -0.157    0.098  2
RGI60-19.01506     0.71785  -56.718983  -27.166125   -0.157    0.098  2
RGI60-19.01691     0.66955  -52.994314   73.301951   -0.157    0.098  2
RGI60-19.01694     0.49438  -53.011122   73.346979   -0.157    0.098  2
RGI60-19.01769     0.46134  -61.475089  -55.522269   -0.157    0.098  2
RGI60-19.01774     0.45017  -61.474860  -55.574955   -0.157    0.098  2
RGI60-19.01739     0.43282  -61.103999  -54.730336   -0.157    0.098  2
RGI60-19.01762     0.36907  -61.467251  -55.918586   -0.157    0.098  2
RGI60-19.01759     0.33617  -61.506524  -55.970413   -0.157    0.098  2
RGI60-19.02140     0.32057  -68.835766  -90.571674   -0.157    0.098  2
RGI60-19.01770     0.30841  -61.483136  -55.479111   -0.157    0.098  2
RGI60-19.01761     0.28093  -61.480478  -55.945700   -0.157    0.098  2
RGI60-19.00724     0.27885  -64.813087  -63.007990   -0.157    0.098  2
RGI60-19.01767     0.27714  -61.470371  -55.564916   -0.157    0.098  2
RGI60-19.02136     0.26334  -68.776339  -90.624927   -0.157    0.098  2
RGI60-19.01722     0.26277  -61.127303  -54.020974   -0.157    0.098  2
RGI60-19.02613     0.22647  -54.801646  -36.094601   -0.157    0.098  2
RGI60-19.02036     0.22149  -62.632294  -59.876632   -0.157    0.098  2
RGI60-19.01690     0.20288  -52.991865   73.292467   -0.157    0.098  2
RGI60-19.01778     0.19787  -61.478065  -55.692716   -0.157    0.098  2
RGI60-19.02145     0.19021  -68.847124  -90.467402   -0.157    0.098  2
RGI60-19.01757     0.18625  -61.074529  -54.475946   -0.157    0.098  2
RGI60-19.00726     0.18561  -64.816849  -62.984199   -0.157    0.098  2
RGI60-19.01768     0.18446  -61.470567  -55.538036   -0.157    0.098  2
RGI60-19.01732     0.16490  -61.128292  -54.038774   -0.157    0.098  2
RGI60-19.01771     0.16170  -61.491209  -55.462503   -0.157    0.098  2
RGI60-19.02416     0.14619  -54.091179  -37.681695   -0.157    0.098  2
RGI60-19.01948     0.14369  -62.070738  -58.403228   -0.157    0.098  2
RGI60-19.01756     0.13560  -61.076302  -54.470491   -0.157    0.098  2
RGI60-19.01760     0.13481  -61.510907  -55.961003   -0.157    0.098  2
RGI60-19.02608     0.12868  -54.742822  -36.056303   -0.157    0.098  2
RGI60-19.01758     0.11129  -61.505097  -55.975228   -0.157    0.098  2
RGI60-19.02156     0.10574  -68.823762  -90.712147   -0.157    0.098  2
RGI60-19.01755     0.10330  -61.072864  -54.467526   -0.157    0.098  2
RGI60-19.01864     0.09102  -60.676224  -45.160435   -0.157    0.098  2
RGI60-19.02594     0.08563  -54.874828  -36.114137   -0.157    0.098  2
RGI60-19.02450     0.08539  -54.010113  -37.752918   -0.157    0.098  2
RGI60-19.00219     0.08378  -64.593344  -63.071667   -0.157    0.098  2
RGI60-19.02557     0.08206  -54.837901  -36.134569   -0.157    0.098  2
RGI60-19.01445     0.07368  -66.662761  139.999611   -0.157    0.098  2
RGI60-19.00352     0.07312  -64.581016  -62.928820   -0.157    0.098  2
RGI60-19.01945     0.07147  -62.062165  -58.407454   -0.157    0.098  2
RGI60-19.02120     0.07113  -63.081785  -62.683258   -0.157    0.098  2
RGI60-19.01495     0.07034  -66.549666  162.747425   -0.157    0.098  2
RGI60-19.00021     0.07000  -67.749389  -67.625990   -0.157    0.098  2
RGI60-19.00973     0.06858  -64.506446  -62.915477   -0.157    0.098  2
RGI60-19.00228     0.06378  -64.041603  -62.288484   -0.157    0.098  2
RGI60-19.01949     0.06072  -62.066610  -58.401790   -0.157    0.098  2
RGI60-19.00294     0.05776  -64.606562  -63.110224   -0.157    0.098  2
RGI60-19.02735     0.05320  -54.022665  -37.775440   -0.157    0.098  2
RGI60-19.00229     0.05281  -64.040376  -62.284484   -0.157    0.098  2
RGI60-19.02527     0.04906  -54.165784  -37.247667   -0.157    0.098  2
RGI60-19.00204     0.04892  -64.904509  -63.572036   -0.157    0.098  2
RGI60-19.02564     0.04818  -54.734386  -36.112029   -0.157    0.098  2
RGI60-19.00939     0.04673  -63.992649  -62.045633   -0.157    0.098  2
RGI60-19.00266     0.04554  -64.277623  -62.425023   -0.157    0.098  2
RGI60-19.01518     0.04346  -57.103418  -26.774817   -0.157    0.098  2
RGI60-19.02748     0.04221  -53.985997  -37.732471   -0.157    0.098  2
RGI60-19.01494     0.04188  -66.554247  162.744276   -0.157    0.098  2
RGI60-19.02278     0.04110  -54.507315  -36.222218   -0.157    0.098  2
RGI60-19.00324     0.03991  -64.553708  -62.918252   -0.157    0.098  2
RGI60-19.02167     0.03933  -64.258737  -62.020107   -0.157    0.098  2
RGI60-19.01947     0.03769  -62.078219  -58.405933   -0.157    0.098  2
RGI60-19.01819     0.03755  -60.612319  -44.821285   -0.157    0.098  2
RGI60-19.02151     0.03725  -68.854249  -90.722576   -0.157    0.098  2
RGI60-19.00317     0.03551  -64.578909  -62.993447   -0.157    0.098  2
RGI60-19.01675     0.03494  -49.013809   68.925404   -0.157    0.098  2
RGI60-19.02194     0.03442  -65.059219  -63.958225   -0.157    0.098  2
RGI60-19.02290     0.03227  -54.493489  -36.358762   -0.157    0.098  2
RGI60-19.00274     0.02996  -64.846449  -63.405271   -0.157    0.098  2
RGI60-19.02715     0.02971  -54.337318  -36.639383   -0.157    0.098  2
RGI60-19.00331     0.02863  -64.659669  -63.498752   -0.157    0.098  2
RGI60-19.02200     0.02818  -65.089629  -63.995746   -0.157    0.098  2
RGI60-19.00242     0.02758  -64.739274  -62.708943   -0.157    0.098  2
RGI60-19.00309     0.02693  -64.537374  -62.893789   -0.157    0.098  2
RGI60-19.00279     0.02631  -64.479731  -62.648269   -0.157    0.098  2
RGI60-19.00192     0.02629  -64.849291  -63.414497   -0.157    0.098  2
RGI60-19.00264     0.02572  -64.267190  -62.461400   -0.157    0.098  2
RGI60-19.00402     0.02557  -77.529468  166.964495   -0.157    0.098  2
RGI60-19.00196     0.02518  -64.353060  -62.219274   -0.157    0.098  2
RGI60-19.02343     0.02515  -54.144503  -37.577841   -0.157    0.098  2
RGI60-19.00259     0.02490  -64.262693  -62.517773   -0.157    0.098  2
RGI60-19.02144     0.02458  -68.844528  -90.468409   -0.157    0.098  2
RGI60-19.02163     0.02419  -64.248947  -62.029006   -0.157    0.098  2
RGI60-19.00633     0.02369  -64.061662  -57.841766   -0.157    0.098  2
RGI60-19.02530     0.02362  -54.189475  -36.947540   -0.157    0.098  2
RGI60-19.02157     0.02311  -68.820542  -90.713872   -0.157    0.098  2
RGI60-19.00592     0.02309  -63.788767  -57.352927   -0.157    0.098  2
RGI60-19.00320     0.02272  -64.875600  -62.938415   -0.157    0.098  2
RGI60-19.01477     0.02244  -66.907962  143.119646   -0.157    0.098  2
RGI60-19.02607     0.02142  -54.752274  -36.048683   -0.157    0.098  2
RGI60-19.01899     0.02142  -60.682902  -45.612202   -0.157    0.098  2
RGI60-19.01905     0.02137  -60.717538  -45.602263   -0.157    0.098  2
RGI60-19.02279     0.02094  -54.504735  -36.223252   -0.157    0.098  2
RGI60-19.00822     0.02094  -69.046750   39.546415   -0.157    0.098  2
RGI60-19.01946     0.02059  -62.081872  -58.408612   -0.157    0.098  2
RGI60-19.00646     0.02051  -63.962260  -57.902870   -0.157    0.098  2
RGI60-19.02709     0.02047  -54.259133  -36.826715   -0.157    0.098  2
RGI60-19.00230     0.01982  -64.037387  -62.273203   -0.157    0.098  2
RGI60-19.01176     0.01975  -68.202523  -67.159134   -0.157    0.098  2
RGI60-19.00444     0.01961  -68.990754  -68.484527   -0.157    0.098  2
RGI60-19.02707     0.01924  -54.276568  -36.838947   -0.157    0.098  2
RGI60-19.00329     0.01914  -64.460750  -62.600923   -0.157    0.098  2
RGI60-19.01288     0.01873  -68.806726   77.854487   -0.157    0.098  2
RGI60-19.01076     0.01844  -67.438891   63.255025   -0.157    0.098  2
RGI60-19.01915     0.01832  -60.691437  -45.634117   -0.157    0.098  2
RGI60-19.00605     0.01796  -64.118047  -58.430783   -0.157    0.098  2
RGI60-19.01461     0.01793  -66.764779  141.556868   -0.157    0.098  2
RGI60-19.02284     0.01786  -54.503295  -36.125818   -0.157    0.098  2
RGI60-19.02204     0.01775  -65.081940  -63.978620   -0.157    0.098  2
RGI60-19.00404     0.01749  -77.529735  166.186581   -0.157    0.098  2
RGI60-19.01232     0.01746  -68.339992  -69.004858   -0.157    0.098  2
RGI60-19.01289     0.01724  -68.812049   77.838034   -0.157    0.098  2
RGI60-19.00998     0.01708  -64.348820  -63.690176   -0.157    0.098  2
RGI60-19.02648     0.01700  -54.585841  -35.960769   -0.157    0.098  2
RGI60-19.00966     0.01630  -64.430428  -62.858955   -0.157    0.098  2
RGI60-19.01466     0.01614  -66.980194  142.651995   -0.157    0.098  2
RGI60-19.00269     0.01593  -64.311246  -62.508360   -0.157    0.098  2
RGI60-19.00997     0.01582  -64.290410  -63.751255   -0.157    0.098  2
RGI60-19.00663     0.01577  -64.029416  -57.720626   -0.157    0.098  2
RGI60-19.00233     0.01572  -64.031521  -62.273205   -0.157    0.098  2
RGI60-19.01164     0.01559  -68.192996  -67.094241   -0.157    0.098  2
RGI60-19.00754     0.01557  -69.404739   76.012429   -0.157    0.098  2
RGI60-19.00752     0.01554  -69.375404   76.013697   -0.157    0.098  2
RGI60-19.00688     0.01545  -63.898669  -57.812841   -0.157    0.098  2
RGI60-19.00326     0.01532  -64.550241  -62.916532   -0.157    0.098  2
RGI60-19.01463     0.01531  -66.759167  141.539349   -0.157    0.098  2
RGI60-19.01205     0.01526  -68.709770  -67.531068   -0.157    0.098  2
RGI60-19.01475     0.01519  -66.923129  143.121454   -0.157    0.098  2
RGI60-19.01102     0.01516  -67.497547   63.637557   -0.157    0.098  2
RGI60-19.01266     0.01502  -69.352623   76.183869   -0.157    0.098  2
RGI60-19.01146     0.01499  -67.796844  -66.915638   -0.157    0.098  2
RGI60-19.02161     0.01480  -64.264610  -62.068178   -0.157    0.098  2
RGI60-19.00821     0.01473  -69.043882   39.555360   -0.157    0.098  2
RGI60-19.00058     0.01463  -67.598712  -67.201624   -0.157    0.098  2
RGI60-19.00546     0.01461  -69.366786   76.148569   -0.157    0.098  2
RGI60-19.00857     0.01442  -69.271638   39.639485   -0.157    0.098  2
RGI60-19.01263     0.01438  -69.377149   76.148116   -0.157    0.098  2
RGI60-19.00697     0.01426  -63.854831  -57.800545   -0.157    0.098  2
RGI60-19.00690     0.01418  -63.902992  -57.779099   -0.157    0.098  2
RGI60-19.01458     0.01417  -66.772341  141.469986   -0.157    0.098  2
RGI60-19.01779     0.01407  -60.736575  -45.685784   -0.157    0.098  2
RGI60-19.01476     0.01399  -66.910327  143.118361   -0.157    0.098  2
RGI60-19.01452     0.01397  -66.785922  141.465774   -0.157    0.098  2
RGI60-19.00764     0.01392  -68.887647   77.837394   -0.157    0.098  2
RGI60-19.01086     0.01391  -67.453124   63.462629   -0.157    0.098  2
RGI60-19.00265     0.01382  -64.265572  -62.459256   -0.157    0.098  2
RGI60-19.01264     0.01377  -69.378545   76.154058   -0.157    0.098  2
RGI60-19.01290     0.01372  -68.814445   77.827122   -0.157    0.098  2
RGI60-19.00234     0.01365  -64.135717  -62.175904   -0.157    0.098  2
RGI60-19.00814     0.01357  -69.042864   39.523425   -0.157    0.098  2
RGI60-19.01027     0.01351  -64.657576  -64.242786   -0.157    0.098  2
RGI60-19.00511     0.01342  -66.978779  142.639712   -0.157    0.098  2
RGI60-19.00551     0.01337  -69.359002   76.324351   -0.157    0.098  2
RGI60-19.00232     0.01328  -64.035965  -62.272564   -0.157    0.098  2
RGI60-19.00262     0.01320  -64.290887  -62.450257   -0.157    0.098  2
RGI60-19.00555     0.01313  -68.835393   77.710409   -0.157    0.098  2
RGI60-19.00408     0.01300  -77.542418  166.157257   -0.157    0.098  2
RGI60-19.00952     0.01298  -64.560757  -62.189652   -0.157    0.098  2
RGI60-19.01048     0.01271  -66.523670  -63.664244   -0.157    0.098  2
RGI60-19.01280     0.01248  -69.374181   76.246769   -0.157    0.098  2
RGI60-19.01117     0.01237  -67.512298   63.916611   -0.157    0.098  2
RGI60-19.00295     0.01233  -64.606088  -63.105579   -0.157    0.098  2
RGI60-19.00896     0.01225  -67.551661   47.702674   -0.157    0.098  2
RGI60-19.00647     0.01224  -63.884713  -58.009771   -0.157    0.098  2
RGI60-19.02621     0.01214  -54.768406  -36.212341   -0.157    0.098  2
RGI60-19.00411     0.01209  -77.546190  166.142381   -0.157    0.098  2
RGI60-19.00728     0.01205  -64.344120  -63.701730   -0.157    0.098  2
RGI60-19.00272     0.01191  -64.354924  -62.532862   -0.157    0.098  2
RGI60-19.00255     0.01187  -64.230241  -62.432621   -0.157    0.098  2
RGI60-19.01270     0.01183  -69.396899   76.283378   -0.157    0.098  2
RGI60-19.01109     0.01168  -65.828360  -65.701340   -0.157    0.098  2
RGI60-19.02096     0.01152  -62.974911  -60.721235   -0.157    0.098  2
RGI60-19.01104     0.01150  -67.472331   63.696096   -0.157    0.098  2
RGI60-19.00253     0.01141  -64.257543  -62.411611   -0.157    0.098  2
RGI60-19.01442     0.01140  -66.681132  139.923636   -0.157    0.098  2
RGI60-19.00743     0.01137  -68.996964  -68.480972   -0.157    0.098  2
RGI60-19.00755     0.01137  -69.404599   76.008863   -0.157    0.098  2
RGI60-19.00198     0.01131  -64.038543  -62.551573   -0.157    0.098  2
RGI60-19.00565     0.01129  -66.829637  141.328643   -0.157    0.098  2
RGI60-19.01105     0.01124  -67.461287   63.710919   -0.157    0.098  2
RGI60-19.01446     0.01123  -66.813065  141.368559   -0.157    0.098  2
RGI60-19.02211     0.01120  -64.377146  -61.551836   -0.157    0.098  2
RGI60-19.01472     0.01113  -66.943510  143.064463   -0.157    0.098  2
RGI60-19.01085     0.01101  -67.455796   63.448035   -0.157    0.098  2
RGI60-19.01479     0.01099  -66.863178  143.308461   -0.157    0.098  2
RGI60-19.00263     0.01096  -64.293119  -62.447522   -0.157    0.098  2
RGI60-19.00661     0.01095  -64.022806  -57.734624   -0.157    0.098  2
RGI60-19.01089     0.01094  -67.455973   63.465000   -0.157    0.098  2
RGI60-19.00618     0.01084  -64.022829  -58.242857   -0.157    0.098  2
RGI60-19.01453     0.01079  -66.788812  141.476611   -0.157    0.098  2
RGI60-19.01268     0.01074  -69.376292   76.245499   -0.157    0.098  2
RGI60-19.00532     0.01073  -67.485173   63.803668   -0.157    0.098  2
RGI60-19.01448     0.01069  -66.814615  141.408548   -0.157    0.098  2
RGI60-19.01451     0.01066  -66.788347  141.378125   -0.157    0.098  2
RGI60-19.00240     0.01054  -64.138529  -62.164531   -0.157    0.098  2
RGI60-19.01484     0.01051  -66.836078  143.521197   -0.157    0.098  2
RGI60-19.01269     0.01044  -69.401387   76.289051   -0.157    0.098  2
RGI60-19.00590     0.01042  -63.794005  -57.354512   -0.157    0.098  2
RGI60-19.01190     0.01040  -68.168519  -67.277846   -0.157    0.098  2
RGI60-19.00292     0.01025  -64.623393  -63.112109   -0.157    0.098  2
RGI60-19.00378     0.01021  -77.494974  167.075660   -0.157    0.098  2
RGI60-19.00523     0.01018  -64.651230  -62.071322   -0.157    0.098  2
RGI60-19.00200     0.01014  -64.009506  -62.392734   -0.157    0.098  2
RGI60-19.00556     0.01005  -68.826207   77.702026   -0.157    0.098  2
RGI60-19.02210     0.01004  -64.357817  -61.612373   -0.157    0.098  2
RGI60-19.00254     0.00999  -64.236406  -62.427759   -0.157    0.098  2
